{"type":"FeatureCollection","features":[{"type":"Feature","geometry":{"type":"Point","coordinates":[18.476222,50.104719]},"properties":{"name":"Jejkowice Centrum","band":0,"modes":"bus","arr":["1","26"],"off":[0,-0.8]}},{"type":"Feature","geometry":{"type":"Point","coordinates":[18.476222,50.104719]},"properties":{"line":"1","mode":"bus","color":"#0059a9","colorDark":"#00294f","band":0,"off":[-1.7,1.1]}},{"type":"Feature","geometry":{"type":"Point","coordinates":[18.476222,50.104719]},"properties":{"line":"26","mode":"bus","color":"#0059a9","colorDark":"#00294f","band":0,"off":[1.7,1.1]}},{"type":"Feature","geometry":{"type":"Point","coordinates":[18.544519,50.093581]},"properties":{"name":"Rybnik Śródmieście Sąd","band":0,"modes":"bus","arr":["46A","8","34","PR"],"off":[0,-0.8]}},{"type":"Feature","geometry":{"type":"Point","coordinates":[18.544519,50.093581]},"properties":{"name":"Rybnik Śródmieście Plac Wolności 2","band":0,"modes":"bus","arr":["46A","8","34","PR"],"off":[0,-3]}},{"type":"Feature","geometry":{"type":"Point","coordinates":[18.544519,50.093581]},"properties":{"name":"Rybnik Śródmieście Plac Wolności 1","band":0,"modes":"bus","arr":["46A","8","34","PR"],"off":[0,-5.2]}},{"type":"Feature","geometry":{"type":"Point","coordinates":[18.544519,50.093581]},"properties":{"line":"46A","mode":"bus","color":"#0059a9","colorDark":"#00294f","band":0,"off":[-5.1,1.1]}},{"type":"Feature","geometry":{"type":"Point","coordinates":[18.544519,50.093581]},"properties":{"line":"8","mode":"bus","color":"#0059a9","colorDark":"#00294f","band":0,"off":[-1.7,1.1]}},{"type":"Feature","geometry":{"type":"Point","coordinates":[18.544519,50.093581]},"properties":{"line":"34","mode":"bus","color":"#0059a9","colorDark":"#00294f","band":0,"off":[1.7,1.1]}},{"type":"Feature","geometry":{"type":"Point","coordinates":[18.544519,50.093581]},"properties":{"line":"PR","mode":"bus","color":"#0059a9","colorDark":"#00294f","band":0,"off":[5.1,1.1]}},{"type":"Feature","geometry":{"type":"Point","coordinates":[18.489113,50.041007]},"properties":{"name":"Radlin Ujejskiego","band":0,"modes":"bus","arr":["1","3","6","210"],"off":[0,-0.8]}},{"type":"Feature","geometry":{"type":"Point","coordinates":[18.489113,50.041007]},"properties":{"name":"Radlin Korfantego KWK Marcel","band":0,"modes":"bus","arr":["1","3","6","210"],"off":[0,-1.9]}},{"type":"Feature","geometry":{"type":"Point","coordinates":[18.489113,50.041007]},"properties":{"line":"1","mode":"bus","color":"#0059a9","colorDark":"#00294f","band":0,"off":[-5.1,1.1]}},{"type":"Feature","geometry":{"type":"Point","coordinates":[18.489113,50.041007]},"properties":{"line":"3","mode":"bus","color":"#0059a9","colorDark":"#00294f","band":0,"off":[-1.7,1.1]}},{"type":"Feature","geometry":{"type":"Point","coordinates":[18.489113,50.041007]},"properties":{"line":"6","mode":"bus","color":"#0059a9","colorDark":"#00294f","band":0,"off":[1.7,1.1]}},{"type":"Feature","geometry":{"type":"Point","coordinates":[18.489113,50.041007]},"properties":{"line":"210","mode":"bus","color":"#0059a9","colorDark":"#00294f","band":0,"off":[5.1,1.1]}},{"type":"Feature","geometry":{"type":"Point","coordinates":[18.531781,50.099083]},"properties":{"name":"Rybnik Maroko Nowiny Dworzec Aut. A","band":0,"modes":"bus","arr":["2","4","5","6","9","10","14","16","17","18","19","22","51","52"],"off":[0,-0.8],"sc":0.95}},{"type":"Feature","geometry":{"type":"Point","coordinates":[18.531781,50.099083]},"properties":{"name":"Rybnik Maroko Nowiny Dworzec Aut. 3","band":0,"modes":"bus","arr":["2","4","5","6","9","10","14","16","17","18","19","22","51","52"],"off":[0,-3],"sc":0.95}},{"type":"Feature","geometry":{"type":"Point","coordinates":[18.531781,50.099083]},"properties":{"name":"Rybnik Maroko Nowiny Dworzec Aut. 2","band":0,"modes":"bus","arr":["2","4","5","6","9","10","14","16","17","18","19","22","51","52"],"off":[0,-5.2],"sc":0.95}},{"type":"Feature","geometry":{"type":"Point","coordinates":[18.531781,50.099083]},"properties":{"line":"2","mode":"bus","color":"#0059a9","colorDark":"#00294f","band":0,"sc":0.95,"off":[-6.8,1.1]}},{"type":"Feature","geometry":{"type":"Point","coordinates":[18.531781,50.099083]},"properties":{"line":"4","mode":"bus","color":"#0059a9","colorDark":"#00294f","band":0,"sc":0.95,"off":[-3.4,1.1]}},{"type":"Feature","geometry":{"type":"Point","coordinates":[18.531781,50.099083]},"properties":{"line":"5","mode":"bus","color":"#0059a9","colorDark":"#00294f","band":0,"sc":0.95,"off":[0,1.1]}},{"type":"Feature","geometry":{"type":"Point","coordinates":[18.531781,50.099083]},"properties":{"line":"6","mode":"bus","color":"#0059a9","colorDark":"#00294f","band":0,"sc":0.95,"off":[3.4,1.1]}},{"type":"Feature","geometry":{"type":"Point","coordinates":[18.531781,50.099083]},"properties":{"line":"9","mode":"bus","color":"#0059a9","colorDark":"#00294f","band":0,"sc":0.95,"off":[6.8,1.1]}},{"type":"Feature","geometry":{"type":"Point","coordinates":[18.531781,50.099083]},"properties":{"line":"10","mode":"bus","color":"#0059a9","colorDark":"#00294f","band":0,"sc":0.95,"off":[-6.8,3.1]}},{"type":"Feature","geometry":{"type":"Point","coordinates":[18.531781,50.099083]},"properties":{"line":"14","mode":"bus","color":"#0059a9","colorDark":"#00294f","band":0,"sc":0.95,"off":[-3.4,3.1]}},{"type":"Feature","geometry":{"type":"Point","coordinates":[18.531781,50.099083]},"properties":{"line":"16","mode":"bus","color":"#0059a9","colorDark":"#00294f","band":0,"sc":0.95,"off":[0,3.1]}},{"type":"Feature","geometry":{"type":"Point","coordinates":[18.531781,50.099083]},"properties":{"line":"17","mode":"bus","color":"#0059a9","colorDark":"#00294f","band":0,"sc":0.95,"off":[3.4,3.1]}},{"type":"Feature","geometry":{"type":"Point","coordinates":[18.531781,50.099083]},"properties":{"line":"18","mode":"bus","color":"#0059a9","colorDark":"#00294f","band":0,"sc":0.95,"off":[6.8,3.1]}},{"type":"Feature","geometry":{"type":"Point","coordinates":[18.531781,50.099083]},"properties":{"line":"19","mode":"bus","color":"#0059a9","colorDark":"#00294f","band":0,"sc":0.95,"off":[-5.1,5.1]}},{"type":"Feature","geometry":{"type":"Point","coordinates":[18.531781,50.099083]},"properties":{"line":"22","mode":"bus","color":"#0059a9","colorDark":"#00294f","band":0,"sc":0.95,"off":[-1.7,5.1]}},{"type":"Feature","geometry":{"type":"Point","coordinates":[18.531781,50.099083]},"properties":{"line":"51","mode":"bus","color":"#0059a9","colorDark":"#00294f","band":0,"sc":0.95,"off":[1.7,5.1]}},{"type":"Feature","geometry":{"type":"Point","coordinates":[18.531781,50.099083]},"properties":{"line":"52","mode":"bus","color":"#0059a9","colorDark":"#00294f","band":0,"sc":0.95,"off":[5.1,5.1]}},{"type":"Feature","geometry":{"type":"Point","coordinates":[18.515521,50.017509]},"properties":{"name":"Marklowice, Dolne","band":0,"modes":"bus","arr":["2","W52"],"off":[0,-0.8]}},{"type":"Feature","geometry":{"type":"Point","coordinates":[18.515521,50.017509]},"properties":{"name":"Marklowice Słoneczna Wyspa","band":0,"modes":"bus","arr":["2","W52"],"off":[0,-1.9]}},{"type":"Feature","geometry":{"type":"Point","coordinates":[18.515521,50.017509]},"properties":{"line":"2","mode":"bus","color":"#0059a9","colorDark":"#00294f","band":0,"off":[-1.7,1.1]}},{"type":"Feature","geometry":{"type":"Point","coordinates":[18.515521,50.017509]},"properties":{"line":"W52","mode":"bus","color":"#0059a9","colorDark":"#00294f","band":0,"off":[1.7,1.1]}},{"type":"Feature","geometry":{"type":"Point","coordinates":[18.520585,50.114923]},"properties":{"name":"Rybnik Orzepowice Storczyków","band":0,"modes":"bus","arr":["3","33","46"],"off":[0,-0.8]}},{"type":"Feature","geometry":{"type":"Point","coordinates":[18.520585,50.114923]},"properties":{"line":"3","mode":"bus","color":"#0059a9","colorDark":"#00294f","band":0,"off":[-3.4,1.1]}},{"type":"Feature","geometry":{"type":"Point","coordinates":[18.520585,50.114923]},"properties":{"line":"33","mode":"bus","color":"#0059a9","colorDark":"#00294f","band":0,"off":[0,1.1]}},{"type":"Feature","geometry":{"type":"Point","coordinates":[18.520585,50.114923]},"properties":{"line":"46","mode":"bus","color":"#0059a9","colorDark":"#00294f","band":0,"off":[3.4,1.1]}},{"type":"Feature","geometry":{"type":"Point","coordinates":[18.544626,50.098956]},"properties":{"name":"Rybnik Śródmieście Plac Wolności 3","band":0,"modes":"bus","arr":["8","34","PR"],"off":[0,-0.8]}},{"type":"Feature","geometry":{"type":"Point","coordinates":[18.544626,50.098956]},"properties":{"name":"Plac Wolności","band":0,"modes":"bus","arr":["8","34","PR"],"off":[0,-3]}},{"type":"Feature","geometry":{"type":"Point","coordinates":[18.544626,50.098956]},"properties":{"line":"8","mode":"bus","color":"#0059a9","colorDark":"#00294f","band":0,"off":[-3.4,1.1]}},{"type":"Feature","geometry":{"type":"Point","coordinates":[18.544626,50.098956]},"properties":{"line":"34","mode":"bus","color":"#0059a9","colorDark":"#00294f","band":0,"off":[0,1.1]}},{"type":"Feature","geometry":{"type":"Point","coordinates":[18.544626,50.098956]},"properties":{"line":"PR","mode":"bus","color":"#0059a9","colorDark":"#00294f","band":0,"off":[3.4,1.1]}},{"type":"Feature","geometry":{"type":"Point","coordinates":[18.548902,50.071783]},"properties":{"name":"Rybnik Chwałowice Kopalnia","band":0,"modes":"bus","arr":["42"],"off":[0,-0.8]}},{"type":"Feature","geometry":{"type":"Point","coordinates":[18.548902,50.071783]},"properties":{"line":"42","mode":"bus","color":"#0059a9","colorDark":"#00294f","band":0,"off":[0,1.1]}},{"type":"Feature","geometry":{"type":"Point","coordinates":[18.535006,50.110001]},"properties":{"name":"Rybnik Północ Wawok","band":0,"modes":"bus","arr":["A"],"off":[0,-0.8]}},{"type":"Feature","geometry":{"type":"Point","coordinates":[18.535006,50.110001]},"properties":{"line":"A","mode":"bus","color":"#0059a9","colorDark":"#00294f","band":0,"off":[0,1.1]}},{"type":"Feature","geometry":{"type":"Point","coordinates":[18.533448,50.104273]},"properties":{"name":"Rybnik Maroko Nowiny Dworzec Aut. 5","band":0,"modes":"bus","arr":["6","52","300","301"],"off":[0,-0.8]}},{"type":"Feature","geometry":{"type":"Point","coordinates":[18.533448,50.104273]},"properties":{"name":"R-k Maroko Nowiny Dworzec Autobusowy","band":0,"modes":"bus","arr":["6","52","300","301"],"off":[0,-3]}},{"type":"Feature","geometry":{"type":"Point","coordinates":[18.533448,50.104273]},"properties":{"line":"6","mode":"bus","color":"#0059a9","colorDark":"#00294f","band":0,"off":[-5.1,1.1]}},{"type":"Feature","geometry":{"type":"Point","coordinates":[18.533448,50.104273]},"properties":{"line":"52","mode":"bus","color":"#0059a9","colorDark":"#00294f","band":0,"off":[-1.7,1.1]}},{"type":"Feature","geometry":{"type":"Point","coordinates":[18.533448,50.104273]},"properties":{"line":"300","mode":"bus","color":"#0059a9","colorDark":"#00294f","band":0,"off":[1.7,1.1]}},{"type":"Feature","geometry":{"type":"Point","coordinates":[18.533448,50.104273]},"properties":{"line":"301","mode":"bus","color":"#0059a9","colorDark":"#00294f","band":0,"off":[5.1,1.1]}},{"type":"Feature","geometry":{"type":"Point","coordinates":[18.546324,50.111927]},"properties":{"name":"Rybnik Północ Kąpielisko Ruda","band":0,"modes":"bus","arr":["7","23","30"],"off":[0,-0.8]}},{"type":"Feature","geometry":{"type":"Point","coordinates":[18.546324,50.111927]},"properties":{"line":"7","mode":"bus","color":"#0059a9","colorDark":"#00294f","band":0,"off":[-3.4,1.1]}},{"type":"Feature","geometry":{"type":"Point","coordinates":[18.546324,50.111927]},"properties":{"line":"23","mode":"bus","color":"#0059a9","colorDark":"#00294f","band":0,"off":[0,1.1]}},{"type":"Feature","geometry":{"type":"Point","coordinates":[18.546324,50.111927]},"properties":{"line":"30","mode":"bus","color":"#0059a9","colorDark":"#00294f","band":0,"off":[3.4,1.1]}},{"type":"Feature","geometry":{"type":"Point","coordinates":[18.450087,50.102488]},"properties":{"name":"Szczerbice Straż","band":0,"modes":"bus","arr":["7"],"off":[0,-0.8]}},{"type":"Feature","geometry":{"type":"Point","coordinates":[18.450087,50.102488]},"properties":{"line":"7","mode":"bus","color":"#0059a9","colorDark":"#00294f","band":0,"off":[0,1.1]}},{"type":"Feature","geometry":{"type":"Point","coordinates":[18.415636,50.056725]},"properties":{"name":"Rydułtowy Rynek","band":0,"modes":"bus","arr":["8","28","29","207"],"off":[0,-0.8]}},{"type":"Feature","geometry":{"type":"Point","coordinates":[18.415636,50.056725]},"properties":{"line":"8","mode":"bus","color":"#0059a9","colorDark":"#00294f","band":0,"off":[-5.1,1.1]}},{"type":"Feature","geometry":{"type":"Point","coordinates":[18.415636,50.056725]},"properties":{"line":"28","mode":"bus","color":"#0059a9","colorDark":"#00294f","band":0,"off":[-1.7,1.1]}},{"type":"Feature","geometry":{"type":"Point","coordinates":[18.415636,50.056725]},"properties":{"line":"29","mode":"bus","color":"#0059a9","colorDark":"#00294f","band":0,"off":[1.7,1.1]}},{"type":"Feature","geometry":{"type":"Point","coordinates":[18.415636,50.056725]},"properties":{"line":"207","mode":"bus","color":"#0059a9","colorDark":"#00294f","band":0,"off":[5.1,1.1]}},{"type":"Feature","geometry":{"type":"Point","coordinates":[18.397329,50.040486]},"properties":{"name":"Pszów, Dworzec Autobusowy","band":0,"modes":"bus","arr":["10","W51"],"off":[0,-0.8]}},{"type":"Feature","geometry":{"type":"Point","coordinates":[18.397329,50.040486]},"properties":{"name":"Pszów DA","band":0,"modes":"bus","arr":["10","W51"],"off":[0,-3]}},{"type":"Feature","geometry":{"type":"Point","coordinates":[18.397329,50.040486]},"properties":{"line":"10","mode":"bus","color":"#0059a9","colorDark":"#00294f","band":0,"off":[-1.7,1.1]}},{"type":"Feature","geometry":{"type":"Point","coordinates":[18.397329,50.040486]},"properties":{"line":"W51","mode":"bus","color":"#0059a9","colorDark":"#00294f","band":0,"off":[1.7,1.1]}},{"type":"Feature","geometry":{"type":"Point","coordinates":[18.554997,50.060198]},"properties":{"name":"Rybnik Chwałowice Pętla","band":0,"modes":"bus","arr":["12","15","27","29","36","41","43"],"off":[0,-0.8]}},{"type":"Feature","geometry":{"type":"Point","coordinates":[18.554997,50.060198]},"properties":{"line":"12","mode":"bus","color":"#0059a9","colorDark":"#00294f","band":0,"off":[-6.8,1.1]}},{"type":"Feature","geometry":{"type":"Point","coordinates":[18.554997,50.060198]},"properties":{"line":"15","mode":"bus","color":"#0059a9","colorDark":"#00294f","band":0,"off":[-3.4,1.1]}},{"type":"Feature","geometry":{"type":"Point","coordinates":[18.554997,50.060198]},"properties":{"line":"27","mode":"bus","color":"#0059a9","colorDark":"#00294f","band":0,"off":[0,1.1]}},{"type":"Feature","geometry":{"type":"Point","coordinates":[18.554997,50.060198]},"properties":{"line":"29","mode":"bus","color":"#0059a9","colorDark":"#00294f","band":0,"off":[3.4,1.1]}},{"type":"Feature","geometry":{"type":"Point","coordinates":[18.554997,50.060198]},"properties":{"line":"36","mode":"bus","color":"#0059a9","colorDark":"#00294f","band":0,"off":[6.8,1.1]}},{"type":"Feature","geometry":{"type":"Point","coordinates":[18.554997,50.060198]},"properties":{"line":"41","mode":"bus","color":"#0059a9","colorDark":"#00294f","band":0,"off":[-1.7,3.1]}},{"type":"Feature","geometry":{"type":"Point","coordinates":[18.554997,50.060198]},"properties":{"line":"43","mode":"bus","color":"#0059a9","colorDark":"#00294f","band":0,"off":[1.7,3.1]}},{"type":"Feature","geometry":{"type":"Point","coordinates":[18.542061,50.133478]},"properties":{"name":"Rybnik Rybnicka Kuźnia WORD","band":0,"modes":"bus","arr":["48"],"off":[0,-0.8]}},{"type":"Feature","geometry":{"type":"Point","coordinates":[18.542061,50.133478]},"properties":{"line":"48","mode":"bus","color":"#0059a9","colorDark":"#00294f","band":0,"off":[0,1.1]}},{"type":"Feature","geometry":{"type":"Point","coordinates":[18.608644,50.046717]},"properties":{"name":"Rybnik Boguszowice Osiedle Pętla","band":0,"modes":"bus","arr":["13","15","32","46","46A","48","49","N8"],"off":[0,-0.8]}},{"type":"Feature","geometry":{"type":"Point","coordinates":[18.608644,50.046717]},"properties":{"line":"13","mode":"bus","color":"#0059a9","colorDark":"#00294f","band":0,"off":[-6.8,1.1]}},{"type":"Feature","geometry":{"type":"Point","coordinates":[18.608644,50.046717]},"properties":{"line":"15","mode":"bus","color":"#0059a9","colorDark":"#00294f","band":0,"off":[-3.4,1.1]}},{"type":"Feature","geometry":{"type":"Point","coordinates":[18.608644,50.046717]},"properties":{"line":"32","mode":"bus","color":"#0059a9","colorDark":"#00294f","band":0,"off":[0,1.1]}},{"type":"Feature","geometry":{"type":"Point","coordinates":[18.608644,50.046717]},"properties":{"line":"46","mode":"bus","color":"#0059a9","colorDark":"#00294f","band":0,"off":[3.4,1.1]}},{"type":"Feature","geometry":{"type":"Point","coordinates":[18.608644,50.046717]},"properties":{"line":"46A","mode":"bus","color":"#0059a9","colorDark":"#00294f","band":0,"off":[6.8,1.1]}},{"type":"Feature","geometry":{"type":"Point","coordinates":[18.608644,50.046717]},"properties":{"line":"48","mode":"bus","color":"#0059a9","colorDark":"#00294f","band":0,"off":[-3.4,3.1]}},{"type":"Feature","geometry":{"type":"Point","coordinates":[18.608644,50.046717]},"properties":{"line":"49","mode":"bus","color":"#0059a9","colorDark":"#00294f","band":0,"off":[0,3.1]}},{"type":"Feature","geometry":{"type":"Point","coordinates":[18.608644,50.046717]},"properties":{"line":"N8","mode":"bus","color":"#0059a9","colorDark":"#00294f","band":0,"off":[3.4,3.1]}},{"type":"Feature","geometry":{"type":"Point","coordinates":[18.51638,50.141372]},"properties":{"name":"Rybnik Grabownia Olszowiec","band":0,"modes":"bus","arr":["13","32"],"off":[0,-0.8]}},{"type":"Feature","geometry":{"type":"Point","coordinates":[18.51638,50.141372]},"properties":{"line":"13","mode":"bus","color":"#0059a9","colorDark":"#00294f","band":0,"off":[-1.7,1.1]}},{"type":"Feature","geometry":{"type":"Point","coordinates":[18.51638,50.141372]},"properties":{"line":"32","mode":"bus","color":"#0059a9","colorDark":"#00294f","band":0,"off":[1.7,1.1]}},{"type":"Feature","geometry":{"type":"Point","coordinates":[18.575894,50.098241]},"properties":{"name":"Rybnik Paruszowiec Piaski Przemysłowa","band":0,"modes":"bus","arr":["28"],"off":[0,-0.8]}},{"type":"Feature","geometry":{"type":"Point","coordinates":[18.575894,50.098241]},"properties":{"line":"28","mode":"bus","color":"#0059a9","colorDark":"#00294f","band":0,"off":[0,1.1]}},{"type":"Feature","geometry":{"type":"Point","coordinates":[18.428394,50.067958]},"properties":{"name":"Rydułtowy, PKP","band":0,"modes":"bus","arr":["23","W59"],"off":[0,-0.8]}},{"type":"Feature","geometry":{"type":"Point","coordinates":[18.428394,50.067958]},"properties":{"name":"Rydułtowy Kopalnia","band":0,"modes":"bus","arr":["23","W59"],"off":[0,-1.9]}},{"type":"Feature","geometry":{"type":"Point","coordinates":[18.428394,50.067958]},"properties":{"line":"23","mode":"bus","color":"#0059a9","colorDark":"#00294f","band":0,"off":[-1.7,1.1]}},{"type":"Feature","geometry":{"type":"Point","coordinates":[18.428394,50.067958]},"properties":{"line":"W59","mode":"bus","color":"#0059a9","colorDark":"#00294f","band":0,"off":[1.7,1.1]}},{"type":"Feature","geometry":{"type":"Point","coordinates":[18.547331,50.088414]},"properties":{"name":"Rybnik Meksyk Kolejowa","band":0,"modes":"bus","arr":["24","300","302","306","S12","S12A","W10"],"off":[0,-0.8]}},{"type":"Feature","geometry":{"type":"Point","coordinates":[18.547331,50.088414]},"properties":{"name":"R-k Śródmieście Dw. Kolejowy","band":0,"modes":"bus","arr":["24","300","302","306","S12","S12A","W10"],"off":[0,-3]}},{"type":"Feature","geometry":{"type":"Point","coordinates":[18.547331,50.088414]},"properties":{"name":"R-k Śródmieście 3 Maja","band":0,"modes":"bus","arr":["24","300","302","306","S12","S12A","W10"],"off":[0,-5.2]}},{"type":"Feature","geometry":{"type":"Point","coordinates":[18.547331,50.088414]},"properties":{"line":"24","mode":"bus","color":"#0059a9","colorDark":"#00294f","band":0,"off":[-6.8,1.1]}},{"type":"Feature","geometry":{"type":"Point","coordinates":[18.547331,50.088414]},"properties":{"line":"300","mode":"bus","color":"#0059a9","colorDark":"#00294f","band":0,"off":[-3.4,1.1]}},{"type":"Feature","geometry":{"type":"Point","coordinates":[18.547331,50.088414]},"properties":{"line":"302","mode":"bus","color":"#0059a9","colorDark":"#00294f","band":0,"off":[0,1.1]}},{"type":"Feature","geometry":{"type":"Point","coordinates":[18.547331,50.088414]},"properties":{"line":"306","mode":"bus","color":"#0059a9","colorDark":"#00294f","band":0,"off":[3.4,1.1]}},{"type":"Feature","geometry":{"type":"Point","coordinates":[18.547331,50.088414]},"properties":{"line":"S12","mode":"bus","color":"#0059a9","colorDark":"#00294f","band":0,"off":[6.8,1.1]}},{"type":"Feature","geometry":{"type":"Point","coordinates":[18.547331,50.088414]},"properties":{"line":"S12A","mode":"bus","color":"#0059a9","colorDark":"#00294f","band":0,"off":[-1.7,3.1]}},{"type":"Feature","geometry":{"type":"Point","coordinates":[18.547331,50.088414]},"properties":{"line":"W10","mode":"bus","color":"#0059a9","colorDark":"#00294f","band":0,"off":[1.7,3.1]}},{"type":"Feature","geometry":{"type":"Point","coordinates":[18.461974,50.06073]},"properties":{"name":"Rybnik Niewiadom Morcinka","band":0,"modes":"bus","arr":["24"],"off":[0,-0.8]}},{"type":"Feature","geometry":{"type":"Point","coordinates":[18.461974,50.06073]},"properties":{"line":"24","mode":"bus","color":"#0059a9","colorDark":"#00294f","band":0,"off":[0,1.1]}},{"type":"Feature","geometry":{"type":"Point","coordinates":[18.529023,50.134263]},"properties":{"name":"Rybnik Rybnicka Kuźnia Chłodnie Pętla","band":0,"modes":"bus","arr":["26","49","N6"],"off":[0,-0.8]}},{"type":"Feature","geometry":{"type":"Point","coordinates":[18.529023,50.134263]},"properties":{"name":"Rybnik Rybnicka Kuźnia Chłodnie","band":0,"modes":"bus","arr":["26","49","N6"],"off":[0,-4.1]}},{"type":"Feature","geometry":{"type":"Point","coordinates":[18.529023,50.134263]},"properties":{"line":"26","mode":"bus","color":"#0059a9","colorDark":"#00294f","band":0,"off":[-3.4,1.1]}},{"type":"Feature","geometry":{"type":"Point","coordinates":[18.529023,50.134263]},"properties":{"line":"49","mode":"bus","color":"#0059a9","colorDark":"#00294f","band":0,"off":[0,1.1]}},{"type":"Feature","geometry":{"type":"Point","coordinates":[18.529023,50.134263]},"properties":{"line":"N6","mode":"bus","color":"#0059a9","colorDark":"#00294f","band":0,"off":[3.4,1.1]}},{"type":"Feature","geometry":{"type":"Point","coordinates":[18.38991,50.11932]},"properties":{"name":"Lyski Rondo","band":0,"modes":"bus","arr":["27","36"],"off":[0,-0.8]}},{"type":"Feature","geometry":{"type":"Point","coordinates":[18.38991,50.11932]},"properties":{"line":"27","mode":"bus","color":"#0059a9","colorDark":"#00294f","band":0,"off":[-1.7,1.1]}},{"type":"Feature","geometry":{"type":"Point","coordinates":[18.38991,50.11932]},"properties":{"line":"36","mode":"bus","color":"#0059a9","colorDark":"#00294f","band":0,"off":[1.7,1.1]}},{"type":"Feature","geometry":{"type":"Point","coordinates":[18.570761,50.043081]},"properties":{"name":"Jankowice G.S.","band":0,"modes":"bus","arr":["30"],"off":[0,-0.8]}},{"type":"Feature","geometry":{"type":"Point","coordinates":[18.570761,50.043081]},"properties":{"line":"30","mode":"bus","color":"#0059a9","colorDark":"#00294f","band":0,"off":[0,1.1]}},{"type":"Feature","geometry":{"type":"Point","coordinates":[18.584744,50.002376]},"properties":{"name":"Świerklany Szyb","band":0,"modes":"bus","arr":["33"],"off":[0,-0.8]}},{"type":"Feature","geometry":{"type":"Point","coordinates":[18.584744,50.002376]},"properties":{"line":"33","mode":"bus","color":"#0059a9","colorDark":"#00294f","band":0,"off":[0,1.1]}},{"type":"Feature","geometry":{"type":"Point","coordinates":[18.579527,50.198255]},"properties":{"name":"Wilcza Skrzyżowanie","band":0,"modes":"bus","arr":["34"],"off":[0,-0.8]}},{"type":"Feature","geometry":{"type":"Point","coordinates":[18.579527,50.198255]},"properties":{"line":"34","mode":"bus","color":"#0059a9","colorDark":"#00294f","band":0,"off":[0,1.1]}},{"type":"Feature","geometry":{"type":"Point","coordinates":[18.63066,50.052636]},"properties":{"name":"Rybnik Kłokocin Pętla","band":0,"modes":"bus","arr":["42","45"],"off":[0,-0.8]}},{"type":"Feature","geometry":{"type":"Point","coordinates":[18.63066,50.052636]},"properties":{"line":"42","mode":"bus","color":"#0059a9","colorDark":"#00294f","band":0,"off":[-1.7,1.1]}},{"type":"Feature","geometry":{"type":"Point","coordinates":[18.63066,50.052636]},"properties":{"line":"45","mode":"bus","color":"#0059a9","colorDark":"#00294f","band":0,"off":[1.7,1.1]}},{"type":"Feature","geometry":{"type":"Point","coordinates":[18.447179,50.192537]},"properties":{"name":"Rudy Kościół","band":0,"modes":"bus","arr":["43"],"off":[0,-0.8]}},{"type":"Feature","geometry":{"type":"Point","coordinates":[18.447179,50.192537]},"properties":{"line":"43","mode":"bus","color":"#0059a9","colorDark":"#00294f","band":0,"off":[0,1.1]}},{"type":"Feature","geometry":{"type":"Point","coordinates":[18.478906,50.153632]},"properties":{"name":"Rybnik Stodoły Kaplica","band":0,"modes":"bus","arr":["PR"],"off":[0,-0.8]}},{"type":"Feature","geometry":{"type":"Point","coordinates":[18.478906,50.153632]},"properties":{"line":"PR","mode":"bus","color":"#0059a9","colorDark":"#00294f","band":0,"off":[0,1.1]}},{"type":"Feature","geometry":{"type":"Point","coordinates":[18.441692,50.144205]},"properties":{"name":"Zwonowice Szkoła","band":0,"modes":"bus","arr":["45"],"off":[0,-0.8]}},{"type":"Feature","geometry":{"type":"Point","coordinates":[18.441692,50.144205]},"properties":{"line":"45","mode":"bus","color":"#0059a9","colorDark":"#00294f","band":0,"off":[0,1.1]}},{"type":"Feature","geometry":{"type":"Point","coordinates":[18.69362,50.047829]},"properties":{"name":"Żory Centrum Przesiadkowe","band":0,"modes":"bus","arr":["01","02","03","52","305","306","307","308","S10","S11"],"off":[0,-0.8]}},{"type":"Feature","geometry":{"type":"Point","coordinates":[18.69362,50.047829]},"properties":{"name":"Centrum Przesiadkowe","band":0,"modes":"bus","arr":["01","02","03","52","305","306","307","308","S10","S11"],"off":[0,-3]}},{"type":"Feature","geometry":{"type":"Point","coordinates":[18.69362,50.047829]},"properties":{"line":"01","mode":"bus","color":"#0059a9","colorDark":"#00294f","band":0,"off":[-6.8,1.1]}},{"type":"Feature","geometry":{"type":"Point","coordinates":[18.69362,50.047829]},"properties":{"line":"02","mode":"bus","color":"#0059a9","colorDark":"#00294f","band":0,"off":[-3.4,1.1]}},{"type":"Feature","geometry":{"type":"Point","coordinates":[18.69362,50.047829]},"properties":{"line":"03","mode":"bus","color":"#0059a9","colorDark":"#00294f","band":0,"off":[0,1.1]}},{"type":"Feature","geometry":{"type":"Point","coordinates":[18.69362,50.047829]},"properties":{"line":"52","mode":"bus","color":"#0059a9","colorDark":"#00294f","band":0,"off":[3.4,1.1]}},{"type":"Feature","geometry":{"type":"Point","coordinates":[18.69362,50.047829]},"properties":{"line":"305","mode":"bus","color":"#0059a9","colorDark":"#00294f","band":0,"off":[6.8,1.1]}},{"type":"Feature","geometry":{"type":"Point","coordinates":[18.69362,50.047829]},"properties":{"line":"306","mode":"bus","color":"#0059a9","colorDark":"#00294f","band":0,"off":[-6.8,3.1]}},{"type":"Feature","geometry":{"type":"Point","coordinates":[18.69362,50.047829]},"properties":{"line":"307","mode":"bus","color":"#0059a9","colorDark":"#00294f","band":0,"off":[-3.4,3.1]}},{"type":"Feature","geometry":{"type":"Point","coordinates":[18.69362,50.047829]},"properties":{"line":"308","mode":"bus","color":"#0059a9","colorDark":"#00294f","band":0,"off":[0,3.1]}},{"type":"Feature","geometry":{"type":"Point","coordinates":[18.69362,50.047829]},"properties":{"line":"S10","mode":"bus","color":"#0059a9","colorDark":"#00294f","band":0,"off":[3.4,3.1]}},{"type":"Feature","geometry":{"type":"Point","coordinates":[18.69362,50.047829]},"properties":{"line":"S11","mode":"bus","color":"#0059a9","colorDark":"#00294f","band":0,"off":[6.8,3.1]}},{"type":"Feature","geometry":{"type":"Point","coordinates":[18.532148,50.073504]},"properties":{"name":"Rybnik Zamysłów Dolna Mostek","band":0,"modes":"bus","arr":["A"],"off":[0,-0.8]}},{"type":"Feature","geometry":{"type":"Point","coordinates":[18.532148,50.073504]},"properties":{"line":"A","mode":"bus","color":"#0059a9","colorDark":"#00294f","band":0,"off":[0,1.1]}},{"type":"Feature","geometry":{"type":"Point","coordinates":[18.672496,50.022594]},"properties":{"name":"Al. Jana Pawła II - Industrialna","band":0,"modes":"bus","arr":["09"],"off":[0,-0.8]}},{"type":"Feature","geometry":{"type":"Point","coordinates":[18.672496,50.022594]},"properties":{"line":"09","mode":"bus","color":"#0059a9","colorDark":"#00294f","band":0,"off":[0,1.1]}},{"type":"Feature","geometry":{"type":"Point","coordinates":[18.679427,50.034854]},"properties":{"name":"Al. Zjednoczonej Europy - Archiwum","band":0,"modes":"bus","arr":["08"],"off":[0,-0.8]}},{"type":"Feature","geometry":{"type":"Point","coordinates":[18.679427,50.034854]},"properties":{"line":"08","mode":"bus","color":"#0059a9","colorDark":"#00294f","band":0,"off":[0,1.1]}},{"type":"Feature","geometry":{"type":"Point","coordinates":[18.682127,50.005349]},"properties":{"name":"Główna Pętla","band":0,"modes":"bus","arr":["03"],"off":[0,-0.8]}},{"type":"Feature","geometry":{"type":"Point","coordinates":[18.682127,50.005349]},"properties":{"line":"03","mode":"bus","color":"#0059a9","colorDark":"#00294f","band":0,"off":[0,1.1]}},{"type":"Feature","geometry":{"type":"Point","coordinates":[18.686571,50.029772]},"properties":{"name":"Al. Jana Pawła II Bajerówka","band":0,"modes":"bus","arr":["04","05","ZL"],"off":[0,-0.8]}},{"type":"Feature","geometry":{"type":"Point","coordinates":[18.686571,50.029772]},"properties":{"line":"04","mode":"bus","color":"#0059a9","colorDark":"#00294f","band":0,"off":[-3.4,1.1]}},{"type":"Feature","geometry":{"type":"Point","coordinates":[18.686571,50.029772]},"properties":{"line":"05","mode":"bus","color":"#0059a9","colorDark":"#00294f","band":0,"off":[0,1.1]}},{"type":"Feature","geometry":{"type":"Point","coordinates":[18.686571,50.029772]},"properties":{"line":"ZL","mode":"bus","color":"#0059a9","colorDark":"#00294f","band":0,"off":[3.4,1.1]}},{"type":"Feature","geometry":{"type":"Point","coordinates":[18.643194,50.070108]},"properties":{"name":"Rybnicka - Granica","band":0,"modes":"bus","arr":["04","08"],"off":[0,-0.8]}},{"type":"Feature","geometry":{"type":"Point","coordinates":[18.643194,50.070108]},"properties":{"line":"04","mode":"bus","color":"#0059a9","colorDark":"#00294f","band":0,"off":[-1.7,1.1]}},{"type":"Feature","geometry":{"type":"Point","coordinates":[18.643194,50.070108]},"properties":{"line":"08","mode":"bus","color":"#0059a9","colorDark":"#00294f","band":0,"off":[1.7,1.1]}},{"type":"Feature","geometry":{"type":"Point","coordinates":[18.588982,50.049147]},"properties":{"name":"Boguszowice Osiedle Kopalnia","band":0,"modes":"bus","arr":["05"],"off":[0,-0.8]}},{"type":"Feature","geometry":{"type":"Point","coordinates":[18.588982,50.049147]},"properties":{"line":"05","mode":"bus","color":"#0059a9","colorDark":"#00294f","band":0,"off":[0,1.1]}},{"type":"Feature","geometry":{"type":"Point","coordinates":[18.713602,50.049184]},"properties":{"name":"Leśna Miasteczko Westernowe","band":0,"modes":"bus","arr":["06"],"off":[0,-0.8]}},{"type":"Feature","geometry":{"type":"Point","coordinates":[18.713602,50.049184]},"properties":{"line":"06","mode":"bus","color":"#0059a9","colorDark":"#00294f","band":0,"off":[0,1.1]}},{"type":"Feature","geometry":{"type":"Point","coordinates":[18.732622,50.003473]},"properties":{"name":"Szoszowy - Stalmacha","band":0,"modes":"bus","arr":["06"],"off":[0,-0.8]}},{"type":"Feature","geometry":{"type":"Point","coordinates":[18.732622,50.003473]},"properties":{"line":"06","mode":"bus","color":"#0059a9","colorDark":"#00294f","band":0,"off":[0,1.1]}},{"type":"Feature","geometry":{"type":"Point","coordinates":[18.704402,50.039695]},"properties":{"name":"Francuska","band":0,"modes":"bus","arr":["07"],"off":[0,-0.8]}},{"type":"Feature","geometry":{"type":"Point","coordinates":[18.704402,50.039695]},"properties":{"line":"07","mode":"bus","color":"#0059a9","colorDark":"#00294f","band":0,"off":[0,1.1]}},{"type":"Feature","geometry":{"type":"Point","coordinates":[18.751524,50.049083]},"properties":{"name":"Jasna","band":0,"modes":"bus","arr":["07"],"off":[0,-0.8]}},{"type":"Feature","geometry":{"type":"Point","coordinates":[18.751524,50.049083]},"properties":{"line":"07","mode":"bus","color":"#0059a9","colorDark":"#00294f","band":0,"off":[0,1.1]}},{"type":"Feature","geometry":{"type":"Point","coordinates":[18.711717,50.056137]},"properties":{"name":"Boczna - Klonowa","band":0,"modes":"bus","arr":["09"],"off":[0,-0.8]}},{"type":"Feature","geometry":{"type":"Point","coordinates":[18.711717,50.056137]},"properties":{"line":"09","mode":"bus","color":"#0059a9","colorDark":"#00294f","band":0,"off":[0,1.1]}},{"type":"Feature","geometry":{"type":"Point","coordinates":[18.62529,50.042004]},"properties":{"name":"Górnicza - Basen","band":0,"modes":"bus","arr":["ZL"],"off":[0,-0.8]}},{"type":"Feature","geometry":{"type":"Point","coordinates":[18.62529,50.042004]},"properties":{"line":"ZL","mode":"bus","color":"#0059a9","colorDark":"#00294f","band":0,"off":[0,1.1]}},{"type":"Feature","geometry":{"type":"Point","coordinates":[18.382506,49.945062]},"properties":{"name":"Uchylsko, Wiejska","band":0,"modes":"bus","arr":["W32"],"off":[0,-0.8]}},{"type":"Feature","geometry":{"type":"Point","coordinates":[18.382506,49.945062]},"properties":{"line":"W32","mode":"bus","color":"#0059a9","colorDark":"#00294f","band":0,"off":[0,1.1]}},{"type":"Feature","geometry":{"type":"Point","coordinates":[18.464539,50.000863]},"properties":{"name":"Wodzisław Śląski, Targowa Dworzec Autobusowy","band":0,"modes":"bus","arr":["201","202","203","204","205","206","207","208","209","210","W09","W11","W32","W33","W34","W38","W41","W42","W53"],"off":[0,-0.8],"sc":0.87}},{"type":"Feature","geometry":{"type":"Point","coordinates":[18.464539,50.000863]},"properties":{"name":"Wodzisław Dworzec Autobusowy","band":0,"modes":"bus","arr":["201","202","203","204","205","206","207","208","209","210","W09","W11","W32","W33","W34","W38","W41","W42","W53"],"off":[0,-4.1],"sc":0.87}},{"type":"Feature","geometry":{"type":"Point","coordinates":[18.464539,50.000863]},"properties":{"line":"201","mode":"bus","color":"#0059a9","colorDark":"#00294f","band":0,"sc":0.87,"off":[-6.8,1.1]}},{"type":"Feature","geometry":{"type":"Point","coordinates":[18.464539,50.000863]},"properties":{"line":"202","mode":"bus","color":"#0059a9","colorDark":"#00294f","band":0,"sc":0.87,"off":[-3.4,1.1]}},{"type":"Feature","geometry":{"type":"Point","coordinates":[18.464539,50.000863]},"properties":{"line":"203","mode":"bus","color":"#0059a9","colorDark":"#00294f","band":0,"sc":0.87,"off":[0,1.1]}},{"type":"Feature","geometry":{"type":"Point","coordinates":[18.464539,50.000863]},"properties":{"line":"204","mode":"bus","color":"#0059a9","colorDark":"#00294f","band":0,"sc":0.87,"off":[3.4,1.1]}},{"type":"Feature","geometry":{"type":"Point","coordinates":[18.464539,50.000863]},"properties":{"line":"205","mode":"bus","color":"#0059a9","colorDark":"#00294f","band":0,"sc":0.87,"off":[6.8,1.1]}},{"type":"Feature","geometry":{"type":"Point","coordinates":[18.464539,50.000863]},"properties":{"line":"206","mode":"bus","color":"#0059a9","colorDark":"#00294f","band":0,"sc":0.87,"off":[-6.8,3.1]}},{"type":"Feature","geometry":{"type":"Point","coordinates":[18.464539,50.000863]},"properties":{"line":"207","mode":"bus","color":"#0059a9","colorDark":"#00294f","band":0,"sc":0.87,"off":[-3.4,3.1]}},{"type":"Feature","geometry":{"type":"Point","coordinates":[18.464539,50.000863]},"properties":{"line":"208","mode":"bus","color":"#0059a9","colorDark":"#00294f","band":0,"sc":0.87,"off":[0,3.1]}},{"type":"Feature","geometry":{"type":"Point","coordinates":[18.464539,50.000863]},"properties":{"line":"209","mode":"bus","color":"#0059a9","colorDark":"#00294f","band":0,"sc":0.87,"off":[3.4,3.1]}},{"type":"Feature","geometry":{"type":"Point","coordinates":[18.464539,50.000863]},"properties":{"line":"210","mode":"bus","color":"#0059a9","colorDark":"#00294f","band":0,"sc":0.87,"off":[6.8,3.1]}},{"type":"Feature","geometry":{"type":"Point","coordinates":[18.464539,50.000863]},"properties":{"line":"W09","mode":"bus","color":"#0059a9","colorDark":"#00294f","band":0,"sc":0.87,"off":[-6.8,5.1]}},{"type":"Feature","geometry":{"type":"Point","coordinates":[18.464539,50.000863]},"properties":{"line":"W11","mode":"bus","color":"#0059a9","colorDark":"#00294f","band":0,"sc":0.87,"off":[-3.4,5.1]}},{"type":"Feature","geometry":{"type":"Point","coordinates":[18.464539,50.000863]},"properties":{"line":"W32","mode":"bus","color":"#0059a9","colorDark":"#00294f","band":0,"sc":0.87,"off":[0,5.1]}},{"type":"Feature","geometry":{"type":"Point","coordinates":[18.464539,50.000863]},"properties":{"line":"W33","mode":"bus","color":"#0059a9","colorDark":"#00294f","band":0,"sc":0.87,"off":[3.4,5.1]}},{"type":"Feature","geometry":{"type":"Point","coordinates":[18.464539,50.000863]},"properties":{"line":"W34","mode":"bus","color":"#0059a9","colorDark":"#00294f","band":0,"sc":0.87,"off":[6.8,5.1]}},{"type":"Feature","geometry":{"type":"Point","coordinates":[18.464539,50.000863]},"properties":{"line":"W38","mode":"bus","color":"#0059a9","colorDark":"#00294f","band":0,"sc":0.87,"off":[-5.1,7.1]}},{"type":"Feature","geometry":{"type":"Point","coordinates":[18.464539,50.000863]},"properties":{"line":"W41","mode":"bus","color":"#0059a9","colorDark":"#00294f","band":0,"sc":0.87,"off":[-1.7,7.1]}},{"type":"Feature","geometry":{"type":"Point","coordinates":[18.464539,50.000863]},"properties":{"line":"W42","mode":"bus","color":"#0059a9","colorDark":"#00294f","band":0,"sc":0.87,"off":[1.7,7.1]}},{"type":"Feature","geometry":{"type":"Point","coordinates":[18.464539,50.000863]},"properties":{"line":"W53","mode":"bus","color":"#0059a9","colorDark":"#00294f","band":0,"sc":0.87,"off":[5.1,7.1]}},{"type":"Feature","geometry":{"type":"Point","coordinates":[18.318565,49.970741]},"properties":{"name":"Odra, Główna Pętla","band":0,"modes":"bus","arr":["W33"],"off":[0,-0.8]}},{"type":"Feature","geometry":{"type":"Point","coordinates":[18.318565,49.970741]},"properties":{"line":"W33","mode":"bus","color":"#0059a9","colorDark":"#00294f","band":0,"off":[0,1.1]}},{"type":"Feature","geometry":{"type":"Point","coordinates":[18.33076,49.991175]},"properties":{"name":"Bluszczów, Powstańców Środkowa","band":0,"modes":"bus","arr":["W34"],"off":[0,-0.8]}},{"type":"Feature","geometry":{"type":"Point","coordinates":[18.33076,49.991175]},"properties":{"line":"W34","mode":"bus","color":"#0059a9","colorDark":"#00294f","band":0,"off":[0,1.1]}},{"type":"Feature","geometry":{"type":"Point","coordinates":[18.610017,49.945513]},"properties":{"name":"Jastrzębie-Zdrój, Dworzec Arki Bożka","band":0,"modes":"bus","arr":["B12","B15","C10","C12","C13","C14","C17","C18","C19","M10","S10","W09","W10","W36"],"off":[0,-0.8],"sc":0.95}},{"type":"Feature","geometry":{"type":"Point","coordinates":[18.610017,49.945513]},"properties":{"name":"Dworzec Arki Bożka","band":0,"modes":"bus","arr":["B12","B15","C10","C12","C13","C14","C17","C18","C19","M10","S10","W09","W10","W36"],"off":[0,-3],"sc":0.95}},{"type":"Feature","geometry":{"type":"Point","coordinates":[18.610017,49.945513]},"properties":{"line":"B12","mode":"bus","color":"#0059a9","colorDark":"#00294f","band":0,"sc":0.95,"off":[-6.8,1.1]}},{"type":"Feature","geometry":{"type":"Point","coordinates":[18.610017,49.945513]},"properties":{"line":"B15","mode":"bus","color":"#0059a9","colorDark":"#00294f","band":0,"sc":0.95,"off":[-3.4,1.1]}},{"type":"Feature","geometry":{"type":"Point","coordinates":[18.610017,49.945513]},"properties":{"line":"C10","mode":"bus","color":"#0059a9","colorDark":"#00294f","band":0,"sc":0.95,"off":[0,1.1]}},{"type":"Feature","geometry":{"type":"Point","coordinates":[18.610017,49.945513]},"properties":{"line":"C12","mode":"bus","color":"#0059a9","colorDark":"#00294f","band":0,"sc":0.95,"off":[3.4,1.1]}},{"type":"Feature","geometry":{"type":"Point","coordinates":[18.610017,49.945513]},"properties":{"line":"C13","mode":"bus","color":"#0059a9","colorDark":"#00294f","band":0,"sc":0.95,"off":[6.8,1.1]}},{"type":"Feature","geometry":{"type":"Point","coordinates":[18.610017,49.945513]},"properties":{"line":"C14","mode":"bus","color":"#0059a9","colorDark":"#00294f","band":0,"sc":0.95,"off":[-6.8,3.1]}},{"type":"Feature","geometry":{"type":"Point","coordinates":[18.610017,49.945513]},"properties":{"line":"C17","mode":"bus","color":"#0059a9","colorDark":"#00294f","band":0,"sc":0.95,"off":[-3.4,3.1]}},{"type":"Feature","geometry":{"type":"Point","coordinates":[18.610017,49.945513]},"properties":{"line":"C18","mode":"bus","color":"#0059a9","colorDark":"#00294f","band":0,"sc":0.95,"off":[0,3.1]}},{"type":"Feature","geometry":{"type":"Point","coordinates":[18.610017,49.945513]},"properties":{"line":"C19","mode":"bus","color":"#0059a9","colorDark":"#00294f","band":0,"sc":0.95,"off":[3.4,3.1]}},{"type":"Feature","geometry":{"type":"Point","coordinates":[18.610017,49.945513]},"properties":{"line":"M10","mode":"bus","color":"#0059a9","colorDark":"#00294f","band":0,"sc":0.95,"off":[6.8,3.1]}},{"type":"Feature","geometry":{"type":"Point","coordinates":[18.610017,49.945513]},"properties":{"line":"S10","mode":"bus","color":"#0059a9","colorDark":"#00294f","band":0,"sc":0.95,"off":[-5.1,5.1]}},{"type":"Feature","geometry":{"type":"Point","coordinates":[18.610017,49.945513]},"properties":{"line":"W09","mode":"bus","color":"#0059a9","colorDark":"#00294f","band":0,"sc":0.95,"off":[-1.7,5.1]}},{"type":"Feature","geometry":{"type":"Point","coordinates":[18.610017,49.945513]},"properties":{"line":"W10","mode":"bus","color":"#0059a9","colorDark":"#00294f","band":0,"sc":0.95,"off":[1.7,5.1]}},{"type":"Feature","geometry":{"type":"Point","coordinates":[18.610017,49.945513]},"properties":{"line":"W36","mode":"bus","color":"#0059a9","colorDark":"#00294f","band":0,"sc":0.95,"off":[5.1,5.1]}},{"type":"Feature","geometry":{"type":"Point","coordinates":[18.475112,50.008262]},"properties":{"name":"Wodzisław Śląski, Rybnicka Dworzec Kolejowy","band":0,"modes":"bus","arr":["W36"],"off":[0,-0.8]}},{"type":"Feature","geometry":{"type":"Point","coordinates":[18.475112,50.008262]},"properties":{"line":"W36","mode":"bus","color":"#0059a9","colorDark":"#00294f","band":0,"off":[0,1.1]}},{"type":"Feature","geometry":{"type":"Point","coordinates":[18.505453,49.904258]},"properties":{"name":"Gołkowice, Celna","band":0,"modes":"bus","arr":["W38"],"off":[0,-0.8]}},{"type":"Feature","geometry":{"type":"Point","coordinates":[18.505453,49.904258]},"properties":{"line":"W38","mode":"bus","color":"#0059a9","colorDark":"#00294f","band":0,"off":[0,1.1]}},{"type":"Feature","geometry":{"type":"Point","coordinates":[18.501195,49.977559]},"properties":{"name":"Wodzisław, Śląski, Wilchwy Pętla","band":0,"modes":"bus","arr":["W51"],"off":[0,-0.8]}},{"type":"Feature","geometry":{"type":"Point","coordinates":[18.501195,49.977559]},"properties":{"line":"W51","mode":"bus","color":"#0059a9","colorDark":"#00294f","band":0,"off":[0,1.1]}},{"type":"Feature","geometry":{"type":"Point","coordinates":[18.225483,50.09231]},"properties":{"name":"Racibórz, Dworzec Autobusowy","band":0,"modes":"bus","arr":["W41"],"off":[0,-0.8]}},{"type":"Feature","geometry":{"type":"Point","coordinates":[18.225483,50.09231]},"properties":{"line":"W41","mode":"bus","color":"#0059a9","colorDark":"#00294f","band":0,"off":[0,1.1]}},{"type":"Feature","geometry":{"type":"Point","coordinates":[18.290413,50.007826]},"properties":{"name":"Buków, Główna Ośrodek Wypoczynkowy","band":0,"modes":"bus","arr":["W42"],"off":[0,-0.8]}},{"type":"Feature","geometry":{"type":"Point","coordinates":[18.290413,50.007826]},"properties":{"line":"W42","mode":"bus","color":"#0059a9","colorDark":"#00294f","band":0,"off":[0,1.1]}},{"type":"Feature","geometry":{"type":"Point","coordinates":[18.409566,50.005775]},"properties":{"name":"Wodzisław Śląski, Rozwojowa","band":0,"modes":"bus","arr":["W50"],"off":[0,-0.8]}},{"type":"Feature","geometry":{"type":"Point","coordinates":[18.409566,50.005775]},"properties":{"line":"W50","mode":"bus","color":"#0059a9","colorDark":"#00294f","band":0,"off":[0,1.1]}},{"type":"Feature","geometry":{"type":"Point","coordinates":[18.502705,49.970473]},"properties":{"name":"Mszana, Skrzyszowska Tartak","band":0,"modes":"bus","arr":["W50"],"off":[0,-0.8]}},{"type":"Feature","geometry":{"type":"Point","coordinates":[18.502705,49.970473]},"properties":{"line":"W50","mode":"bus","color":"#0059a9","colorDark":"#00294f","band":0,"off":[0,1.1]}},{"type":"Feature","geometry":{"type":"Point","coordinates":[18.366061,50.015413]},"properties":{"name":"Wodzisław Śląski, Młodzieżowa Boisko","band":0,"modes":"bus","arr":["W52"],"off":[0,-0.8]}},{"type":"Feature","geometry":{"type":"Point","coordinates":[18.366061,50.015413]},"properties":{"line":"W52","mode":"bus","color":"#0059a9","colorDark":"#00294f","band":0,"off":[0,1.1]}},{"type":"Feature","geometry":{"type":"Point","coordinates":[18.545402,49.95732]},"properties":{"name":"Mszana, Moszczeńska Mszańskie Granice","band":0,"modes":"bus","arr":["W59"],"off":[0,-0.8]}},{"type":"Feature","geometry":{"type":"Point","coordinates":[18.545402,49.95732]},"properties":{"line":"W59","mode":"bus","color":"#0059a9","colorDark":"#00294f","band":0,"off":[0,1.1]}},{"type":"Feature","geometry":{"type":"Point","coordinates":[18.475671,50.049553]},"properties":{"name":"Radlin Korfantego Centrum","band":0,"modes":"bus","arr":["209"],"off":[0,-0.8]}},{"type":"Feature","geometry":{"type":"Point","coordinates":[18.475671,50.049553]},"properties":{"line":"209","mode":"bus","color":"#0059a9","colorDark":"#00294f","band":0,"off":[0,1.1]}},{"type":"Feature","geometry":{"type":"Point","coordinates":[18.364326,50.058786]},"properties":{"name":"Krzyżkowice Działki","band":0,"modes":"bus","arr":["203"],"off":[0,-0.8]}},{"type":"Feature","geometry":{"type":"Point","coordinates":[18.364326,50.058786]},"properties":{"line":"203","mode":"bus","color":"#0059a9","colorDark":"#00294f","band":0,"off":[0,1.1]}},{"type":"Feature","geometry":{"type":"Point","coordinates":[18.423913,50.074354]},"properties":{"name":"Rydułtowy Obywatelska","band":0,"modes":"bus","arr":["204","205","206"],"off":[0,-0.8]}},{"type":"Feature","geometry":{"type":"Point","coordinates":[18.423913,50.074354]},"properties":{"name":"Raciborska Orłowiec","band":0,"modes":"bus","arr":["204","205","206"],"off":[0,-3]}},{"type":"Feature","geometry":{"type":"Point","coordinates":[18.423913,50.074354]},"properties":{"line":"204","mode":"bus","color":"#0059a9","colorDark":"#00294f","band":0,"off":[-3.4,1.1]}},{"type":"Feature","geometry":{"type":"Point","coordinates":[18.423913,50.074354]},"properties":{"line":"205","mode":"bus","color":"#0059a9","colorDark":"#00294f","band":0,"off":[0,1.1]}},{"type":"Feature","geometry":{"type":"Point","coordinates":[18.423913,50.074354]},"properties":{"line":"206","mode":"bus","color":"#0059a9","colorDark":"#00294f","band":0,"off":[3.4,1.1]}},{"type":"Feature","geometry":{"type":"Point","coordinates":[18.451634,50.053733]},"properties":{"name":"Radlin Rydułtowska Reden Górka","band":0,"modes":"bus","arr":["209"],"off":[0,-0.8]}},{"type":"Feature","geometry":{"type":"Point","coordinates":[18.451634,50.053733]},"properties":{"line":"209","mode":"bus","color":"#0059a9","colorDark":"#00294f","band":0,"off":[0,1.1]}},{"type":"Feature","geometry":{"type":"Point","coordinates":[18.580331,50.019429]},"properties":{"name":"Świerklany Dolne Kościół","band":0,"modes":"bus","arr":["208"],"off":[0,-0.8]}},{"type":"Feature","geometry":{"type":"Point","coordinates":[18.580331,50.019429]},"properties":{"line":"208","mode":"bus","color":"#0059a9","colorDark":"#00294f","band":0,"off":[0,1.1]}},{"type":"Feature","geometry":{"type":"Point","coordinates":[18.73879,50.165684]},"properties":{"name":"Dębieńsko Las","band":0,"modes":"bus","arr":["300","301","304"],"off":[0,-0.8]}},{"type":"Feature","geometry":{"type":"Point","coordinates":[18.73879,50.165684]},"properties":{"line":"300","mode":"bus","color":"#0059a9","colorDark":"#00294f","band":0,"off":[-3.4,1.1]}},{"type":"Feature","geometry":{"type":"Point","coordinates":[18.73879,50.165684]},"properties":{"line":"301","mode":"bus","color":"#0059a9","colorDark":"#00294f","band":0,"off":[0,1.1]}},{"type":"Feature","geometry":{"type":"Point","coordinates":[18.73879,50.165684]},"properties":{"line":"304","mode":"bus","color":"#0059a9","colorDark":"#00294f","band":0,"off":[3.4,1.1]}},{"type":"Feature","geometry":{"type":"Point","coordinates":[18.66579,50.159885]},"properties":{"name":"KWK Dębieńsko","band":0,"modes":"bus","arr":["302","303","305","309"],"off":[0,-0.8]}},{"type":"Feature","geometry":{"type":"Point","coordinates":[18.66579,50.159885]},"properties":{"name":"Koksownia Dębieńsko Pętla","band":0,"modes":"bus","arr":["302","303","305","309"],"off":[0,-1.9]}},{"type":"Feature","geometry":{"type":"Point","coordinates":[18.66579,50.159885]},"properties":{"line":"302","mode":"bus","color":"#0059a9","colorDark":"#00294f","band":0,"off":[-5.1,1.1]}},{"type":"Feature","geometry":{"type":"Point","coordinates":[18.66579,50.159885]},"properties":{"line":"303","mode":"bus","color":"#0059a9","colorDark":"#00294f","band":0,"off":[-1.7,1.1]}},{"type":"Feature","geometry":{"type":"Point","coordinates":[18.66579,50.159885]},"properties":{"line":"305","mode":"bus","color":"#0059a9","colorDark":"#00294f","band":0,"off":[1.7,1.1]}},{"type":"Feature","geometry":{"type":"Point","coordinates":[18.66579,50.159885]},"properties":{"line":"309","mode":"bus","color":"#0059a9","colorDark":"#00294f","band":0,"off":[5.1,1.1]}},{"type":"Feature","geometry":{"type":"Point","coordinates":[18.616885,50.141993]},"properties":{"name":"Kamień Rzędówka","band":0,"modes":"bus","arr":["303"],"off":[0,-0.8]}},{"type":"Feature","geometry":{"type":"Point","coordinates":[18.616885,50.141993]},"properties":{"line":"303","mode":"bus","color":"#0059a9","colorDark":"#00294f","band":0,"off":[0,1.1]}},{"type":"Feature","geometry":{"type":"Point","coordinates":[18.634689,50.136335]},"properties":{"name":"Leszczyny Czereśniowa","band":0,"modes":"bus","arr":["304","309"],"off":[0,-0.8]}},{"type":"Feature","geometry":{"type":"Point","coordinates":[18.634689,50.136335]},"properties":{"line":"304","mode":"bus","color":"#0059a9","colorDark":"#00294f","band":0,"off":[-1.7,1.1]}},{"type":"Feature","geometry":{"type":"Point","coordinates":[18.634689,50.136335]},"properties":{"line":"309","mode":"bus","color":"#0059a9","colorDark":"#00294f","band":0,"off":[1.7,1.1]}},{"type":"Feature","geometry":{"type":"Point","coordinates":[18.689291,49.96528]},"properties":{"name":"KWK Pniówek","band":0,"modes":"bus","arr":["307","L-1"],"off":[0,-0.8]}},{"type":"Feature","geometry":{"type":"Point","coordinates":[18.689291,49.96528]},"properties":{"line":"307","mode":"bus","color":"#0059a9","colorDark":"#00294f","band":0,"off":[-1.7,1.1]}},{"type":"Feature","geometry":{"type":"Point","coordinates":[18.689291,49.96528]},"properties":{"line":"L-1","mode":"bus","color":"#0059a9","colorDark":"#00294f","band":0,"off":[1.7,1.1]}},{"type":"Feature","geometry":{"type":"Point","coordinates":[18.717797,49.964109]},"properties":{"name":"Pawłowice Centrum - TARG","band":0,"modes":"bus","arr":["B10","B11","B12","L-2","L-3","L-5","L-7"],"off":[0,-0.8]}},{"type":"Feature","geometry":{"type":"Point","coordinates":[18.717797,49.964109]},"properties":{"line":"B10","mode":"bus","color":"#0059a9","colorDark":"#00294f","band":0,"off":[-6.8,1.1]}},{"type":"Feature","geometry":{"type":"Point","coordinates":[18.717797,49.964109]},"properties":{"line":"B11","mode":"bus","color":"#0059a9","colorDark":"#00294f","band":0,"off":[-3.4,1.1]}},{"type":"Feature","geometry":{"type":"Point","coordinates":[18.717797,49.964109]},"properties":{"line":"B12","mode":"bus","color":"#0059a9","colorDark":"#00294f","band":0,"off":[0,1.1]}},{"type":"Feature","geometry":{"type":"Point","coordinates":[18.717797,49.964109]},"properties":{"line":"L-2","mode":"bus","color":"#0059a9","colorDark":"#00294f","band":0,"off":[3.4,1.1]}},{"type":"Feature","geometry":{"type":"Point","coordinates":[18.717797,49.964109]},"properties":{"line":"L-3","mode":"bus","color":"#0059a9","colorDark":"#00294f","band":0,"off":[6.8,1.1]}},{"type":"Feature","geometry":{"type":"Point","coordinates":[18.717797,49.964109]},"properties":{"line":"L-5","mode":"bus","color":"#0059a9","colorDark":"#00294f","band":0,"off":[-1.7,3.1]}},{"type":"Feature","geometry":{"type":"Point","coordinates":[18.717797,49.964109]},"properties":{"line":"L-7","mode":"bus","color":"#0059a9","colorDark":"#00294f","band":0,"off":[1.7,3.1]}},{"type":"Feature","geometry":{"type":"Point","coordinates":[18.776156,50.04094]},"properties":{"name":"Suszec Piaskowa Osiedle.","band":0,"modes":"bus","arr":["308"],"off":[0,-0.8]}},{"type":"Feature","geometry":{"type":"Point","coordinates":[18.776156,50.04094]},"properties":{"line":"308","mode":"bus","color":"#0059a9","colorDark":"#00294f","band":0,"off":[0,1.1]}},{"type":"Feature","geometry":{"type":"Point","coordinates":[18.569092,49.944318]},"properties":{"name":"Dworzec Zdrój","band":0,"modes":"bus","arr":["B10","B11","B13","B14","C18","S12","S12A","S13","S14","S15","W11"],"off":[0,-0.8]}},{"type":"Feature","geometry":{"type":"Point","coordinates":[18.569092,49.944318]},"properties":{"name":"Carbonarium WORD","band":0,"modes":"bus","arr":["B10","B11","B13","B14","C18","S12","S12A","S13","S14","S15","W11"],"off":[0,-1.9]}},{"type":"Feature","geometry":{"type":"Point","coordinates":[18.569092,49.944318]},"properties":{"line":"B10","mode":"bus","color":"#0059a9","colorDark":"#00294f","band":0,"off":[-6.8,1.1]}},{"type":"Feature","geometry":{"type":"Point","coordinates":[18.569092,49.944318]},"properties":{"line":"B11","mode":"bus","color":"#0059a9","colorDark":"#00294f","band":0,"off":[-3.4,1.1]}},{"type":"Feature","geometry":{"type":"Point","coordinates":[18.569092,49.944318]},"properties":{"line":"B13","mode":"bus","color":"#0059a9","colorDark":"#00294f","band":0,"off":[0,1.1]}},{"type":"Feature","geometry":{"type":"Point","coordinates":[18.569092,49.944318]},"properties":{"line":"B14","mode":"bus","color":"#0059a9","colorDark":"#00294f","band":0,"off":[3.4,1.1]}},{"type":"Feature","geometry":{"type":"Point","coordinates":[18.569092,49.944318]},"properties":{"line":"C18","mode":"bus","color":"#0059a9","colorDark":"#00294f","band":0,"off":[6.8,1.1]}},{"type":"Feature","geometry":{"type":"Point","coordinates":[18.569092,49.944318]},"properties":{"line":"S12","mode":"bus","color":"#0059a9","colorDark":"#00294f","band":0,"off":[-6.8,3.1]}},{"type":"Feature","geometry":{"type":"Point","coordinates":[18.569092,49.944318]},"properties":{"line":"S12A","mode":"bus","color":"#0059a9","colorDark":"#00294f","band":0,"off":[-3.4,3.1]}},{"type":"Feature","geometry":{"type":"Point","coordinates":[18.569092,49.944318]},"properties":{"line":"S13","mode":"bus","color":"#0059a9","colorDark":"#00294f","band":0,"off":[0,3.1]}},{"type":"Feature","geometry":{"type":"Point","coordinates":[18.569092,49.944318]},"properties":{"line":"S14","mode":"bus","color":"#0059a9","colorDark":"#00294f","band":0,"off":[3.4,3.1]}},{"type":"Feature","geometry":{"type":"Point","coordinates":[18.569092,49.944318]},"properties":{"line":"S15","mode":"bus","color":"#0059a9","colorDark":"#00294f","band":0,"off":[6.8,3.1]}},{"type":"Feature","geometry":{"type":"Point","coordinates":[18.569092,49.944318]},"properties":{"line":"W11","mode":"bus","color":"#0059a9","colorDark":"#00294f","band":0,"off":[0,5.1]}},{"type":"Feature","geometry":{"type":"Point","coordinates":[18.673475,49.964503]},"properties":{"name":"Pniówek Wieś","band":0,"modes":"bus","arr":["L-4"],"off":[0,-0.8]}},{"type":"Feature","geometry":{"type":"Point","coordinates":[18.673475,49.964503]},"properties":{"line":"L-4","mode":"bus","color":"#0059a9","colorDark":"#00294f","band":0,"off":[0,1.1]}},{"type":"Feature","geometry":{"type":"Point","coordinates":[18.663766,49.949705]},"properties":{"name":"Bzie Szkoła","band":0,"modes":"bus","arr":["B15"],"off":[0,-0.8]}},{"type":"Feature","geometry":{"type":"Point","coordinates":[18.663766,49.949705]},"properties":{"line":"B15","mode":"bus","color":"#0059a9","colorDark":"#00294f","band":0,"off":[0,1.1]}},{"type":"Feature","geometry":{"type":"Point","coordinates":[18.657752,49.921449]},"properties":{"name":"Bzie Dolne","band":0,"modes":"bus","arr":["B13","B14"],"off":[0,-0.8]}},{"type":"Feature","geometry":{"type":"Point","coordinates":[18.657752,49.921449]},"properties":{"line":"B13","mode":"bus","color":"#0059a9","colorDark":"#00294f","band":0,"off":[-1.7,1.1]}},{"type":"Feature","geometry":{"type":"Point","coordinates":[18.657752,49.921449]},"properties":{"line":"B14","mode":"bus","color":"#0059a9","colorDark":"#00294f","band":0,"off":[1.7,1.1]}},{"type":"Feature","geometry":{"type":"Point","coordinates":[18.566893,49.963357]},"properties":{"name":"KWK Jas-Mos","band":0,"modes":"bus","arr":["C10","C13","C15","C17"],"off":[0,-0.8]}},{"type":"Feature","geometry":{"type":"Point","coordinates":[18.566893,49.963357]},"properties":{"line":"C10","mode":"bus","color":"#0059a9","colorDark":"#00294f","band":0,"off":[-5.1,1.1]}},{"type":"Feature","geometry":{"type":"Point","coordinates":[18.566893,49.963357]},"properties":{"line":"C13","mode":"bus","color":"#0059a9","colorDark":"#00294f","band":0,"off":[-1.7,1.1]}},{"type":"Feature","geometry":{"type":"Point","coordinates":[18.566893,49.963357]},"properties":{"line":"C15","mode":"bus","color":"#0059a9","colorDark":"#00294f","band":0,"off":[1.7,1.1]}},{"type":"Feature","geometry":{"type":"Point","coordinates":[18.566893,49.963357]},"properties":{"line":"C17","mode":"bus","color":"#0059a9","colorDark":"#00294f","band":0,"off":[5.1,1.1]}},{"type":"Feature","geometry":{"type":"Point","coordinates":[18.584662,49.936747]},"properties":{"name":"Chlebowa Pętla","band":0,"modes":"bus","arr":["C11","C15","C16","R10","R11","S11","S16"],"off":[0,-0.8]}},{"type":"Feature","geometry":{"type":"Point","coordinates":[18.584662,49.936747]},"properties":{"line":"C11","mode":"bus","color":"#0059a9","colorDark":"#00294f","band":0,"off":[-6.8,1.1]}},{"type":"Feature","geometry":{"type":"Point","coordinates":[18.584662,49.936747]},"properties":{"line":"C15","mode":"bus","color":"#0059a9","colorDark":"#00294f","band":0,"off":[-3.4,1.1]}},{"type":"Feature","geometry":{"type":"Point","coordinates":[18.584662,49.936747]},"properties":{"line":"C16","mode":"bus","color":"#0059a9","colorDark":"#00294f","band":0,"off":[0,1.1]}},{"type":"Feature","geometry":{"type":"Point","coordinates":[18.584662,49.936747]},"properties":{"line":"R10","mode":"bus","color":"#0059a9","colorDark":"#00294f","band":0,"off":[3.4,1.1]}},{"type":"Feature","geometry":{"type":"Point","coordinates":[18.584662,49.936747]},"properties":{"line":"R11","mode":"bus","color":"#0059a9","colorDark":"#00294f","band":0,"off":[6.8,1.1]}},{"type":"Feature","geometry":{"type":"Point","coordinates":[18.584662,49.936747]},"properties":{"line":"S11","mode":"bus","color":"#0059a9","colorDark":"#00294f","band":0,"off":[-1.7,3.1]}},{"type":"Feature","geometry":{"type":"Point","coordinates":[18.584662,49.936747]},"properties":{"line":"S16","mode":"bus","color":"#0059a9","colorDark":"#00294f","band":0,"off":[1.7,3.1]}},{"type":"Feature","geometry":{"type":"Point","coordinates":[18.56888,49.959284]},"properties":{"name":"Os. Bogoczowiec","band":0,"modes":"bus","arr":["C19"],"off":[0,-0.8]}},{"type":"Feature","geometry":{"type":"Point","coordinates":[18.56888,49.959284]},"properties":{"line":"C19","mode":"bus","color":"#0059a9","colorDark":"#00294f","band":0,"off":[0,1.1]}},{"type":"Feature","geometry":{"type":"Point","coordinates":[18.68136,49.9125]},"properties":{"name":"Golasowice Pętla","band":0,"modes":"bus","arr":["L-2"],"off":[0,-0.8]}},{"type":"Feature","geometry":{"type":"Point","coordinates":[18.68136,49.9125]},"properties":{"line":"L-2","mode":"bus","color":"#0059a9","colorDark":"#00294f","band":0,"off":[0,1.1]}},{"type":"Feature","geometry":{"type":"Point","coordinates":[18.712591,49.99239]},"properties":{"name":"Warszowice Wiadukt","band":0,"modes":"bus","arr":["L-3"],"off":[0,-0.8]}},{"type":"Feature","geometry":{"type":"Point","coordinates":[18.712591,49.99239]},"properties":{"line":"L-3","mode":"bus","color":"#0059a9","colorDark":"#00294f","band":0,"off":[0,1.1]}},{"type":"Feature","geometry":{"type":"Point","coordinates":[18.703848,49.961883]},"properties":{"name":"Pawłowice Osiedle Liceum","band":0,"modes":"bus","arr":["L-6"],"off":[0,-0.8]}},{"type":"Feature","geometry":{"type":"Point","coordinates":[18.703848,49.961883]},"properties":{"line":"L-6","mode":"bus","color":"#0059a9","colorDark":"#00294f","band":0,"off":[0,1.1]}},{"type":"Feature","geometry":{"type":"Point","coordinates":[18.664388,49.987524]},"properties":{"name":"Krzyżowice Kościół","band":0,"modes":"bus","arr":["L-4","S15"],"off":[0,-0.8]}},{"type":"Feature","geometry":{"type":"Point","coordinates":[18.664388,49.987524]},"properties":{"line":"L-4","mode":"bus","color":"#0059a9","colorDark":"#00294f","band":0,"off":[-1.7,1.1]}},{"type":"Feature","geometry":{"type":"Point","coordinates":[18.664388,49.987524]},"properties":{"line":"S15","mode":"bus","color":"#0059a9","colorDark":"#00294f","band":0,"off":[1.7,1.1]}},{"type":"Feature","geometry":{"type":"Point","coordinates":[18.76386,49.917067]},"properties":{"name":"Strumień RYNEK","band":0,"modes":"bus","arr":["L-5"],"off":[0,-0.8]}},{"type":"Feature","geometry":{"type":"Point","coordinates":[18.76386,49.917067]},"properties":{"line":"L-5","mode":"bus","color":"#0059a9","colorDark":"#00294f","band":0,"off":[0,1.1]}},{"type":"Feature","geometry":{"type":"Point","coordinates":[18.73619,49.90239]},"properties":{"name":"Bąków Skrzyżowanie","band":0,"modes":"bus","arr":["L-6"],"off":[0,-0.8]}},{"type":"Feature","geometry":{"type":"Point","coordinates":[18.73619,49.90239]},"properties":{"line":"L-6","mode":"bus","color":"#0059a9","colorDark":"#00294f","band":0,"off":[0,1.1]}},{"type":"Feature","geometry":{"type":"Point","coordinates":[18.771699,49.959142]},"properties":{"name":"Studzionka Cmentarz","band":0,"modes":"bus","arr":["L-7"],"off":[0,-0.8]}},{"type":"Feature","geometry":{"type":"Point","coordinates":[18.771699,49.959142]},"properties":{"line":"L-7","mode":"bus","color":"#0059a9","colorDark":"#00294f","band":0,"off":[0,1.1]}},{"type":"Feature","geometry":{"type":"Point","coordinates":[18.522949,49.938052]},"properties":{"name":"Szotkowice Pętla","band":0,"modes":"bus","arr":["M10"],"off":[0,-0.8]}},{"type":"Feature","geometry":{"type":"Point","coordinates":[18.522949,49.938052]},"properties":{"line":"M10","mode":"bus","color":"#0059a9","colorDark":"#00294f","band":0,"off":[0,1.1]}},{"type":"Feature","geometry":{"type":"Point","coordinates":[18.625091,49.871177]},"properties":{"name":"Zebrzydowice Ośrodek Zdrowia","band":0,"modes":"bus","arr":["R10"],"off":[0,-0.8]}},{"type":"Feature","geometry":{"type":"Point","coordinates":[18.625091,49.871177]},"properties":{"line":"R10","mode":"bus","color":"#0059a9","colorDark":"#00294f","band":0,"off":[0,1.1]}},{"type":"Feature","geometry":{"type":"Point","coordinates":[18.602087,49.879132]},"properties":{"name":"Zebrzydowice Skrzyżowanie","band":0,"modes":"bus","arr":["R11"],"off":[0,-0.8]}},{"type":"Feature","geometry":{"type":"Point","coordinates":[18.602087,49.879132]},"properties":{"line":"R11","mode":"bus","color":"#0059a9","colorDark":"#00294f","band":0,"off":[0,1.1]}},{"type":"Feature","geometry":{"type":"Point","coordinates":[18.609957,49.998534]},"properties":{"name":"KWK Borynia","band":0,"modes":"bus","arr":["S13","S14","S16"],"off":[0,-0.8]}},{"type":"Feature","geometry":{"type":"Point","coordinates":[18.609957,49.998534]},"properties":{"line":"S13","mode":"bus","color":"#0059a9","colorDark":"#00294f","band":0,"off":[-3.4,1.1]}},{"type":"Feature","geometry":{"type":"Point","coordinates":[18.609957,49.998534]},"properties":{"line":"S14","mode":"bus","color":"#0059a9","colorDark":"#00294f","band":0,"off":[0,1.1]}},{"type":"Feature","geometry":{"type":"Point","coordinates":[18.609957,49.998534]},"properties":{"line":"S16","mode":"bus","color":"#0059a9","colorDark":"#00294f","band":0,"off":[3.4,1.1]}},{"type":"Feature","geometry":{"type":"Point","coordinates":[18.476222,50.104719]},"properties":{"name":"Jejkowice Centrum","band":1,"modes":"bus","arr":["1","26"],"off":[0,-0.8]}},{"type":"Feature","geometry":{"type":"Point","coordinates":[18.476222,50.104719]},"properties":{"line":"1","mode":"bus","color":"#0059a9","colorDark":"#00294f","band":1,"off":[-1.7,1.1]}},{"type":"Feature","geometry":{"type":"Point","coordinates":[18.476222,50.104719]},"properties":{"line":"26","mode":"bus","color":"#0059a9","colorDark":"#00294f","band":1,"off":[1.7,1.1]}},{"type":"Feature","geometry":{"type":"Point","coordinates":[18.54428,50.096773]},"properties":{"name":"Rybnik Śródmieście Plac Wolności 3","band":1,"modes":"bus","arr":["8","34","PR"],"off":[0,-0.8]}},{"type":"Feature","geometry":{"type":"Point","coordinates":[18.54428,50.096773]},"properties":{"name":"Rybnik Śródmieście Plac Wolności 2","band":1,"modes":"bus","arr":["8","34","PR"],"off":[0,-3]}},{"type":"Feature","geometry":{"type":"Point","coordinates":[18.54428,50.096773]},"properties":{"name":"Rybnik Śródmieście Plac Wolności 1","band":1,"modes":"bus","arr":["8","34","PR"],"off":[0,-5.2]}},{"type":"Feature","geometry":{"type":"Point","coordinates":[18.54428,50.096773]},"properties":{"line":"8","mode":"bus","color":"#0059a9","colorDark":"#00294f","band":1,"off":[-3.4,1.1]}},{"type":"Feature","geometry":{"type":"Point","coordinates":[18.54428,50.096773]},"properties":{"line":"34","mode":"bus","color":"#0059a9","colorDark":"#00294f","band":1,"off":[0,1.1]}},{"type":"Feature","geometry":{"type":"Point","coordinates":[18.54428,50.096773]},"properties":{"line":"PR","mode":"bus","color":"#0059a9","colorDark":"#00294f","band":1,"off":[3.4,1.1]}},{"type":"Feature","geometry":{"type":"Point","coordinates":[18.542662,50.092608]},"properties":{"name":"Rybnik Śródmieście Sąd","band":1,"modes":"bus","arr":["46A","S12","S12A","W10"],"off":[0,-0.8]}},{"type":"Feature","geometry":{"type":"Point","coordinates":[18.542662,50.092608]},"properties":{"name":"R-k Śródmieście 3 Maja","band":1,"modes":"bus","arr":["46A","S12","S12A","W10"],"off":[0,-3]}},{"type":"Feature","geometry":{"type":"Point","coordinates":[18.542662,50.092608]},"properties":{"line":"46A","mode":"bus","color":"#0059a9","colorDark":"#00294f","band":1,"off":[-5.1,1.1]}},{"type":"Feature","geometry":{"type":"Point","coordinates":[18.542662,50.092608]},"properties":{"line":"S12","mode":"bus","color":"#0059a9","colorDark":"#00294f","band":1,"off":[-1.7,1.1]}},{"type":"Feature","geometry":{"type":"Point","coordinates":[18.542662,50.092608]},"properties":{"line":"S12A","mode":"bus","color":"#0059a9","colorDark":"#00294f","band":1,"off":[1.7,1.1]}},{"type":"Feature","geometry":{"type":"Point","coordinates":[18.542662,50.092608]},"properties":{"line":"W10","mode":"bus","color":"#0059a9","colorDark":"#00294f","band":1,"off":[5.1,1.1]}},{"type":"Feature","geometry":{"type":"Point","coordinates":[18.49032,50.040219]},"properties":{"name":"Radlin Ujejskiego","band":1,"modes":"bus","arr":["1","3","6"],"off":[0,-0.8]}},{"type":"Feature","geometry":{"type":"Point","coordinates":[18.49032,50.040219]},"properties":{"line":"1","mode":"bus","color":"#0059a9","colorDark":"#00294f","band":1,"off":[-3.4,1.1]}},{"type":"Feature","geometry":{"type":"Point","coordinates":[18.49032,50.040219]},"properties":{"line":"3","mode":"bus","color":"#0059a9","colorDark":"#00294f","band":1,"off":[0,1.1]}},{"type":"Feature","geometry":{"type":"Point","coordinates":[18.49032,50.040219]},"properties":{"line":"6","mode":"bus","color":"#0059a9","colorDark":"#00294f","band":1,"off":[3.4,1.1]}},{"type":"Feature","geometry":{"type":"Point","coordinates":[18.533587,50.099725]},"properties":{"name":"Rybnik Maroko Nowiny Dworzec Aut. A","band":1,"modes":"bus","arr":["2","4","5","6","9","10","14","16","17","18","19","22","51","52"],"off":[0,-0.8],"sc":0.95}},{"type":"Feature","geometry":{"type":"Point","coordinates":[18.533587,50.099725]},"properties":{"name":"Rybnik Maroko Nowiny Dworzec Aut. 3","band":1,"modes":"bus","arr":["2","4","5","6","9","10","14","16","17","18","19","22","51","52"],"off":[0,-3],"sc":0.95}},{"type":"Feature","geometry":{"type":"Point","coordinates":[18.533587,50.099725]},"properties":{"name":"Rybnik Maroko Nowiny Dworzec Aut. 2","band":1,"modes":"bus","arr":["2","4","5","6","9","10","14","16","17","18","19","22","51","52"],"off":[0,-5.2],"sc":0.95}},{"type":"Feature","geometry":{"type":"Point","coordinates":[18.533587,50.099725]},"properties":{"line":"2","mode":"bus","color":"#0059a9","colorDark":"#00294f","band":1,"sc":0.95,"off":[-6.8,1.1]}},{"type":"Feature","geometry":{"type":"Point","coordinates":[18.533587,50.099725]},"properties":{"line":"4","mode":"bus","color":"#0059a9","colorDark":"#00294f","band":1,"sc":0.95,"off":[-3.4,1.1]}},{"type":"Feature","geometry":{"type":"Point","coordinates":[18.533587,50.099725]},"properties":{"line":"5","mode":"bus","color":"#0059a9","colorDark":"#00294f","band":1,"sc":0.95,"off":[0,1.1]}},{"type":"Feature","geometry":{"type":"Point","coordinates":[18.533587,50.099725]},"properties":{"line":"6","mode":"bus","color":"#0059a9","colorDark":"#00294f","band":1,"sc":0.95,"off":[3.4,1.1]}},{"type":"Feature","geometry":{"type":"Point","coordinates":[18.533587,50.099725]},"properties":{"line":"9","mode":"bus","color":"#0059a9","colorDark":"#00294f","band":1,"sc":0.95,"off":[6.8,1.1]}},{"type":"Feature","geometry":{"type":"Point","coordinates":[18.533587,50.099725]},"properties":{"line":"10","mode":"bus","color":"#0059a9","colorDark":"#00294f","band":1,"sc":0.95,"off":[-6.8,3.1]}},{"type":"Feature","geometry":{"type":"Point","coordinates":[18.533587,50.099725]},"properties":{"line":"14","mode":"bus","color":"#0059a9","colorDark":"#00294f","band":1,"sc":0.95,"off":[-3.4,3.1]}},{"type":"Feature","geometry":{"type":"Point","coordinates":[18.533587,50.099725]},"properties":{"line":"16","mode":"bus","color":"#0059a9","colorDark":"#00294f","band":1,"sc":0.95,"off":[0,3.1]}},{"type":"Feature","geometry":{"type":"Point","coordinates":[18.533587,50.099725]},"properties":{"line":"17","mode":"bus","color":"#0059a9","colorDark":"#00294f","band":1,"sc":0.95,"off":[3.4,3.1]}},{"type":"Feature","geometry":{"type":"Point","coordinates":[18.533587,50.099725]},"properties":{"line":"18","mode":"bus","color":"#0059a9","colorDark":"#00294f","band":1,"sc":0.95,"off":[6.8,3.1]}},{"type":"Feature","geometry":{"type":"Point","coordinates":[18.533587,50.099725]},"properties":{"line":"19","mode":"bus","color":"#0059a9","colorDark":"#00294f","band":1,"sc":0.95,"off":[-5.1,5.1]}},{"type":"Feature","geometry":{"type":"Point","coordinates":[18.533587,50.099725]},"properties":{"line":"22","mode":"bus","color":"#0059a9","colorDark":"#00294f","band":1,"sc":0.95,"off":[-1.7,5.1]}},{"type":"Feature","geometry":{"type":"Point","coordinates":[18.533587,50.099725]},"properties":{"line":"51","mode":"bus","color":"#0059a9","colorDark":"#00294f","band":1,"sc":0.95,"off":[1.7,5.1]}},{"type":"Feature","geometry":{"type":"Point","coordinates":[18.533587,50.099725]},"properties":{"line":"52","mode":"bus","color":"#0059a9","colorDark":"#00294f","band":1,"sc":0.95,"off":[5.1,5.1]}},{"type":"Feature","geometry":{"type":"Point","coordinates":[18.515521,50.017509]},"properties":{"name":"Marklowice, Dolne","band":1,"modes":"bus","arr":["2","W52"],"off":[0,-0.8]}},{"type":"Feature","geometry":{"type":"Point","coordinates":[18.515521,50.017509]},"properties":{"name":"Marklowice Słoneczna Wyspa","band":1,"modes":"bus","arr":["2","W52"],"off":[0,-1.9]}},{"type":"Feature","geometry":{"type":"Point","coordinates":[18.515521,50.017509]},"properties":{"line":"2","mode":"bus","color":"#0059a9","colorDark":"#00294f","band":1,"off":[-1.7,1.1]}},{"type":"Feature","geometry":{"type":"Point","coordinates":[18.515521,50.017509]},"properties":{"line":"W52","mode":"bus","color":"#0059a9","colorDark":"#00294f","band":1,"off":[1.7,1.1]}},{"type":"Feature","geometry":{"type":"Point","coordinates":[18.520585,50.114923]},"properties":{"name":"Rybnik Orzepowice Storczyków","band":1,"modes":"bus","arr":["3","33","46"],"off":[0,-0.8]}},{"type":"Feature","geometry":{"type":"Point","coordinates":[18.520585,50.114923]},"properties":{"line":"3","mode":"bus","color":"#0059a9","colorDark":"#00294f","band":1,"off":[-3.4,1.1]}},{"type":"Feature","geometry":{"type":"Point","coordinates":[18.520585,50.114923]},"properties":{"line":"33","mode":"bus","color":"#0059a9","colorDark":"#00294f","band":1,"off":[0,1.1]}},{"type":"Feature","geometry":{"type":"Point","coordinates":[18.520585,50.114923]},"properties":{"line":"46","mode":"bus","color":"#0059a9","colorDark":"#00294f","band":1,"off":[3.4,1.1]}},{"type":"Feature","geometry":{"type":"Point","coordinates":[18.548902,50.071783]},"properties":{"name":"Rybnik Chwałowice Kopalnia","band":1,"modes":"bus","arr":["42"],"off":[0,-0.8]}},{"type":"Feature","geometry":{"type":"Point","coordinates":[18.548902,50.071783]},"properties":{"line":"42","mode":"bus","color":"#0059a9","colorDark":"#00294f","band":1,"off":[0,1.1]}},{"type":"Feature","geometry":{"type":"Point","coordinates":[18.535006,50.110001]},"properties":{"name":"Rybnik Północ Wawok","band":1,"modes":"bus","arr":["A"],"off":[0,-0.8]}},{"type":"Feature","geometry":{"type":"Point","coordinates":[18.535006,50.110001]},"properties":{"line":"A","mode":"bus","color":"#0059a9","colorDark":"#00294f","band":1,"off":[0,1.1]}},{"type":"Feature","geometry":{"type":"Point","coordinates":[18.533448,50.10315]},"properties":{"name":"Rybnik Maroko Nowiny Dworzec Aut. 5","band":1,"modes":"bus","arr":["6","52","300","301"],"off":[0,-0.8]}},{"type":"Feature","geometry":{"type":"Point","coordinates":[18.533448,50.10315]},"properties":{"name":"R-k Maroko Nowiny Dworzec Autobusowy","band":1,"modes":"bus","arr":["6","52","300","301"],"off":[0,-3]}},{"type":"Feature","geometry":{"type":"Point","coordinates":[18.533448,50.10315]},"properties":{"line":"6","mode":"bus","color":"#0059a9","colorDark":"#00294f","band":1,"off":[-5.1,1.1]}},{"type":"Feature","geometry":{"type":"Point","coordinates":[18.533448,50.10315]},"properties":{"line":"52","mode":"bus","color":"#0059a9","colorDark":"#00294f","band":1,"off":[-1.7,1.1]}},{"type":"Feature","geometry":{"type":"Point","coordinates":[18.533448,50.10315]},"properties":{"line":"300","mode":"bus","color":"#0059a9","colorDark":"#00294f","band":1,"off":[1.7,1.1]}},{"type":"Feature","geometry":{"type":"Point","coordinates":[18.533448,50.10315]},"properties":{"line":"301","mode":"bus","color":"#0059a9","colorDark":"#00294f","band":1,"off":[5.1,1.1]}},{"type":"Feature","geometry":{"type":"Point","coordinates":[18.546324,50.111927]},"properties":{"name":"Rybnik Północ Kąpielisko Ruda","band":1,"modes":"bus","arr":["7","23","30"],"off":[0,-0.8]}},{"type":"Feature","geometry":{"type":"Point","coordinates":[18.546324,50.111927]},"properties":{"line":"7","mode":"bus","color":"#0059a9","colorDark":"#00294f","band":1,"off":[-3.4,1.1]}},{"type":"Feature","geometry":{"type":"Point","coordinates":[18.546324,50.111927]},"properties":{"line":"23","mode":"bus","color":"#0059a9","colorDark":"#00294f","band":1,"off":[0,1.1]}},{"type":"Feature","geometry":{"type":"Point","coordinates":[18.546324,50.111927]},"properties":{"line":"30","mode":"bus","color":"#0059a9","colorDark":"#00294f","band":1,"off":[3.4,1.1]}},{"type":"Feature","geometry":{"type":"Point","coordinates":[18.450087,50.102488]},"properties":{"name":"Szczerbice Straż","band":1,"modes":"bus","arr":["7"],"off":[0,-0.8]}},{"type":"Feature","geometry":{"type":"Point","coordinates":[18.450087,50.102488]},"properties":{"line":"7","mode":"bus","color":"#0059a9","colorDark":"#00294f","band":1,"off":[0,1.1]}},{"type":"Feature","geometry":{"type":"Point","coordinates":[18.415636,50.056725]},"properties":{"name":"Rydułtowy Rynek","band":1,"modes":"bus","arr":["8","28","29","207"],"off":[0,-0.8]}},{"type":"Feature","geometry":{"type":"Point","coordinates":[18.415636,50.056725]},"properties":{"line":"8","mode":"bus","color":"#0059a9","colorDark":"#00294f","band":1,"off":[-5.1,1.1]}},{"type":"Feature","geometry":{"type":"Point","coordinates":[18.415636,50.056725]},"properties":{"line":"28","mode":"bus","color":"#0059a9","colorDark":"#00294f","band":1,"off":[-1.7,1.1]}},{"type":"Feature","geometry":{"type":"Point","coordinates":[18.415636,50.056725]},"properties":{"line":"29","mode":"bus","color":"#0059a9","colorDark":"#00294f","band":1,"off":[1.7,1.1]}},{"type":"Feature","geometry":{"type":"Point","coordinates":[18.415636,50.056725]},"properties":{"line":"207","mode":"bus","color":"#0059a9","colorDark":"#00294f","band":1,"off":[5.1,1.1]}},{"type":"Feature","geometry":{"type":"Point","coordinates":[18.397329,50.040486]},"properties":{"name":"Pszów, Dworzec Autobusowy","band":1,"modes":"bus","arr":["10","W51"],"off":[0,-0.8]}},{"type":"Feature","geometry":{"type":"Point","coordinates":[18.397329,50.040486]},"properties":{"name":"Pszów DA","band":1,"modes":"bus","arr":["10","W51"],"off":[0,-3]}},{"type":"Feature","geometry":{"type":"Point","coordinates":[18.397329,50.040486]},"properties":{"line":"10","mode":"bus","color":"#0059a9","colorDark":"#00294f","band":1,"off":[-1.7,1.1]}},{"type":"Feature","geometry":{"type":"Point","coordinates":[18.397329,50.040486]},"properties":{"line":"W51","mode":"bus","color":"#0059a9","colorDark":"#00294f","band":1,"off":[1.7,1.1]}},{"type":"Feature","geometry":{"type":"Point","coordinates":[18.554997,50.060198]},"properties":{"name":"Rybnik Chwałowice Pętla","band":1,"modes":"bus","arr":["12","15","27","29","36","41","43"],"off":[0,-0.8]}},{"type":"Feature","geometry":{"type":"Point","coordinates":[18.554997,50.060198]},"properties":{"line":"12","mode":"bus","color":"#0059a9","colorDark":"#00294f","band":1,"off":[-6.8,1.1]}},{"type":"Feature","geometry":{"type":"Point","coordinates":[18.554997,50.060198]},"properties":{"line":"15","mode":"bus","color":"#0059a9","colorDark":"#00294f","band":1,"off":[-3.4,1.1]}},{"type":"Feature","geometry":{"type":"Point","coordinates":[18.554997,50.060198]},"properties":{"line":"27","mode":"bus","color":"#0059a9","colorDark":"#00294f","band":1,"off":[0,1.1]}},{"type":"Feature","geometry":{"type":"Point","coordinates":[18.554997,50.060198]},"properties":{"line":"29","mode":"bus","color":"#0059a9","colorDark":"#00294f","band":1,"off":[3.4,1.1]}},{"type":"Feature","geometry":{"type":"Point","coordinates":[18.554997,50.060198]},"properties":{"line":"36","mode":"bus","color":"#0059a9","colorDark":"#00294f","band":1,"off":[6.8,1.1]}},{"type":"Feature","geometry":{"type":"Point","coordinates":[18.554997,50.060198]},"properties":{"line":"41","mode":"bus","color":"#0059a9","colorDark":"#00294f","band":1,"off":[-1.7,3.1]}},{"type":"Feature","geometry":{"type":"Point","coordinates":[18.554997,50.060198]},"properties":{"line":"43","mode":"bus","color":"#0059a9","colorDark":"#00294f","band":1,"off":[1.7,3.1]}},{"type":"Feature","geometry":{"type":"Point","coordinates":[18.542061,50.133478]},"properties":{"name":"Rybnik Rybnicka Kuźnia WORD","band":1,"modes":"bus","arr":["48"],"off":[0,-0.8]}},{"type":"Feature","geometry":{"type":"Point","coordinates":[18.542061,50.133478]},"properties":{"line":"48","mode":"bus","color":"#0059a9","colorDark":"#00294f","band":1,"off":[0,1.1]}},{"type":"Feature","geometry":{"type":"Point","coordinates":[18.608644,50.046717]},"properties":{"name":"Rybnik Boguszowice Osiedle Pętla","band":1,"modes":"bus","arr":["13","15","32","46","46A","48","49","N8"],"off":[0,-0.8]}},{"type":"Feature","geometry":{"type":"Point","coordinates":[18.608644,50.046717]},"properties":{"line":"13","mode":"bus","color":"#0059a9","colorDark":"#00294f","band":1,"off":[-6.8,1.1]}},{"type":"Feature","geometry":{"type":"Point","coordinates":[18.608644,50.046717]},"properties":{"line":"15","mode":"bus","color":"#0059a9","colorDark":"#00294f","band":1,"off":[-3.4,1.1]}},{"type":"Feature","geometry":{"type":"Point","coordinates":[18.608644,50.046717]},"properties":{"line":"32","mode":"bus","color":"#0059a9","colorDark":"#00294f","band":1,"off":[0,1.1]}},{"type":"Feature","geometry":{"type":"Point","coordinates":[18.608644,50.046717]},"properties":{"line":"46","mode":"bus","color":"#0059a9","colorDark":"#00294f","band":1,"off":[3.4,1.1]}},{"type":"Feature","geometry":{"type":"Point","coordinates":[18.608644,50.046717]},"properties":{"line":"46A","mode":"bus","color":"#0059a9","colorDark":"#00294f","band":1,"off":[6.8,1.1]}},{"type":"Feature","geometry":{"type":"Point","coordinates":[18.608644,50.046717]},"properties":{"line":"48","mode":"bus","color":"#0059a9","colorDark":"#00294f","band":1,"off":[-3.4,3.1]}},{"type":"Feature","geometry":{"type":"Point","coordinates":[18.608644,50.046717]},"properties":{"line":"49","mode":"bus","color":"#0059a9","colorDark":"#00294f","band":1,"off":[0,3.1]}},{"type":"Feature","geometry":{"type":"Point","coordinates":[18.608644,50.046717]},"properties":{"line":"N8","mode":"bus","color":"#0059a9","colorDark":"#00294f","band":1,"off":[3.4,3.1]}},{"type":"Feature","geometry":{"type":"Point","coordinates":[18.51638,50.141372]},"properties":{"name":"Rybnik Grabownia Olszowiec","band":1,"modes":"bus","arr":["13","32"],"off":[0,-0.8]}},{"type":"Feature","geometry":{"type":"Point","coordinates":[18.51638,50.141372]},"properties":{"line":"13","mode":"bus","color":"#0059a9","colorDark":"#00294f","band":1,"off":[-1.7,1.1]}},{"type":"Feature","geometry":{"type":"Point","coordinates":[18.51638,50.141372]},"properties":{"line":"32","mode":"bus","color":"#0059a9","colorDark":"#00294f","band":1,"off":[1.7,1.1]}},{"type":"Feature","geometry":{"type":"Point","coordinates":[18.575894,50.098241]},"properties":{"name":"Rybnik Paruszowiec Piaski Przemysłowa","band":1,"modes":"bus","arr":["28"],"off":[0,-0.8]}},{"type":"Feature","geometry":{"type":"Point","coordinates":[18.575894,50.098241]},"properties":{"line":"28","mode":"bus","color":"#0059a9","colorDark":"#00294f","band":1,"off":[0,1.1]}},{"type":"Feature","geometry":{"type":"Point","coordinates":[18.428394,50.067958]},"properties":{"name":"Rydułtowy, PKP","band":1,"modes":"bus","arr":["23","W59"],"off":[0,-0.8]}},{"type":"Feature","geometry":{"type":"Point","coordinates":[18.428394,50.067958]},"properties":{"name":"Rydułtowy Kopalnia","band":1,"modes":"bus","arr":["23","W59"],"off":[0,-1.9]}},{"type":"Feature","geometry":{"type":"Point","coordinates":[18.428394,50.067958]},"properties":{"line":"23","mode":"bus","color":"#0059a9","colorDark":"#00294f","band":1,"off":[-1.7,1.1]}},{"type":"Feature","geometry":{"type":"Point","coordinates":[18.428394,50.067958]},"properties":{"line":"W59","mode":"bus","color":"#0059a9","colorDark":"#00294f","band":1,"off":[1.7,1.1]}},{"type":"Feature","geometry":{"type":"Point","coordinates":[18.551945,50.089882]},"properties":{"name":"Rybnik Meksyk Kolejowa","band":1,"modes":"bus","arr":["24"],"off":[0,-0.8]}},{"type":"Feature","geometry":{"type":"Point","coordinates":[18.551945,50.089882]},"properties":{"line":"24","mode":"bus","color":"#0059a9","colorDark":"#00294f","band":1,"off":[0,1.1]}},{"type":"Feature","geometry":{"type":"Point","coordinates":[18.461974,50.06073]},"properties":{"name":"Rybnik Niewiadom Morcinka","band":1,"modes":"bus","arr":["24"],"off":[0,-0.8]}},{"type":"Feature","geometry":{"type":"Point","coordinates":[18.461974,50.06073]},"properties":{"line":"24","mode":"bus","color":"#0059a9","colorDark":"#00294f","band":1,"off":[0,1.1]}},{"type":"Feature","geometry":{"type":"Point","coordinates":[18.529023,50.134263]},"properties":{"name":"Rybnik Rybnicka Kuźnia Chłodnie Pętla","band":1,"modes":"bus","arr":["26","49","N6"],"off":[0,-0.8]}},{"type":"Feature","geometry":{"type":"Point","coordinates":[18.529023,50.134263]},"properties":{"name":"Rybnik Rybnicka Kuźnia Chłodnie","band":1,"modes":"bus","arr":["26","49","N6"],"off":[0,-4.1]}},{"type":"Feature","geometry":{"type":"Point","coordinates":[18.529023,50.134263]},"properties":{"line":"26","mode":"bus","color":"#0059a9","colorDark":"#00294f","band":1,"off":[-3.4,1.1]}},{"type":"Feature","geometry":{"type":"Point","coordinates":[18.529023,50.134263]},"properties":{"line":"49","mode":"bus","color":"#0059a9","colorDark":"#00294f","band":1,"off":[0,1.1]}},{"type":"Feature","geometry":{"type":"Point","coordinates":[18.529023,50.134263]},"properties":{"line":"N6","mode":"bus","color":"#0059a9","colorDark":"#00294f","band":1,"off":[3.4,1.1]}},{"type":"Feature","geometry":{"type":"Point","coordinates":[18.38991,50.11932]},"properties":{"name":"Lyski Rondo","band":1,"modes":"bus","arr":["27","36"],"off":[0,-0.8]}},{"type":"Feature","geometry":{"type":"Point","coordinates":[18.38991,50.11932]},"properties":{"line":"27","mode":"bus","color":"#0059a9","colorDark":"#00294f","band":1,"off":[-1.7,1.1]}},{"type":"Feature","geometry":{"type":"Point","coordinates":[18.38991,50.11932]},"properties":{"line":"36","mode":"bus","color":"#0059a9","colorDark":"#00294f","band":1,"off":[1.7,1.1]}},{"type":"Feature","geometry":{"type":"Point","coordinates":[18.570761,50.043081]},"properties":{"name":"Jankowice G.S.","band":1,"modes":"bus","arr":["30"],"off":[0,-0.8]}},{"type":"Feature","geometry":{"type":"Point","coordinates":[18.570761,50.043081]},"properties":{"line":"30","mode":"bus","color":"#0059a9","colorDark":"#00294f","band":1,"off":[0,1.1]}},{"type":"Feature","geometry":{"type":"Point","coordinates":[18.584744,50.002376]},"properties":{"name":"Świerklany Szyb","band":1,"modes":"bus","arr":["33"],"off":[0,-0.8]}},{"type":"Feature","geometry":{"type":"Point","coordinates":[18.584744,50.002376]},"properties":{"line":"33","mode":"bus","color":"#0059a9","colorDark":"#00294f","band":1,"off":[0,1.1]}},{"type":"Feature","geometry":{"type":"Point","coordinates":[18.579527,50.198255]},"properties":{"name":"Wilcza Skrzyżowanie","band":1,"modes":"bus","arr":["34"],"off":[0,-0.8]}},{"type":"Feature","geometry":{"type":"Point","coordinates":[18.579527,50.198255]},"properties":{"line":"34","mode":"bus","color":"#0059a9","colorDark":"#00294f","band":1,"off":[0,1.1]}},{"type":"Feature","geometry":{"type":"Point","coordinates":[18.63066,50.052636]},"properties":{"name":"Rybnik Kłokocin Pętla","band":1,"modes":"bus","arr":["42","45"],"off":[0,-0.8]}},{"type":"Feature","geometry":{"type":"Point","coordinates":[18.63066,50.052636]},"properties":{"line":"42","mode":"bus","color":"#0059a9","colorDark":"#00294f","band":1,"off":[-1.7,1.1]}},{"type":"Feature","geometry":{"type":"Point","coordinates":[18.63066,50.052636]},"properties":{"line":"45","mode":"bus","color":"#0059a9","colorDark":"#00294f","band":1,"off":[1.7,1.1]}},{"type":"Feature","geometry":{"type":"Point","coordinates":[18.447179,50.192537]},"properties":{"name":"Rudy Kościół","band":1,"modes":"bus","arr":["43"],"off":[0,-0.8]}},{"type":"Feature","geometry":{"type":"Point","coordinates":[18.447179,50.192537]},"properties":{"line":"43","mode":"bus","color":"#0059a9","colorDark":"#00294f","band":1,"off":[0,1.1]}},{"type":"Feature","geometry":{"type":"Point","coordinates":[18.478906,50.153632]},"properties":{"name":"Rybnik Stodoły Kaplica","band":1,"modes":"bus","arr":["PR"],"off":[0,-0.8]}},{"type":"Feature","geometry":{"type":"Point","coordinates":[18.478906,50.153632]},"properties":{"line":"PR","mode":"bus","color":"#0059a9","colorDark":"#00294f","band":1,"off":[0,1.1]}},{"type":"Feature","geometry":{"type":"Point","coordinates":[18.441692,50.144205]},"properties":{"name":"Zwonowice Szkoła","band":1,"modes":"bus","arr":["45"],"off":[0,-0.8]}},{"type":"Feature","geometry":{"type":"Point","coordinates":[18.441692,50.144205]},"properties":{"line":"45","mode":"bus","color":"#0059a9","colorDark":"#00294f","band":1,"off":[0,1.1]}},{"type":"Feature","geometry":{"type":"Point","coordinates":[18.69362,50.047829]},"properties":{"name":"Żory Centrum Przesiadkowe","band":1,"modes":"bus","arr":["01","02","03","52","305","306","307","308","S10","S11"],"off":[0,-0.8]}},{"type":"Feature","geometry":{"type":"Point","coordinates":[18.69362,50.047829]},"properties":{"name":"Centrum Przesiadkowe","band":1,"modes":"bus","arr":["01","02","03","52","305","306","307","308","S10","S11"],"off":[0,-3]}},{"type":"Feature","geometry":{"type":"Point","coordinates":[18.69362,50.047829]},"properties":{"line":"01","mode":"bus","color":"#0059a9","colorDark":"#00294f","band":1,"off":[-6.8,1.1]}},{"type":"Feature","geometry":{"type":"Point","coordinates":[18.69362,50.047829]},"properties":{"line":"02","mode":"bus","color":"#0059a9","colorDark":"#00294f","band":1,"off":[-3.4,1.1]}},{"type":"Feature","geometry":{"type":"Point","coordinates":[18.69362,50.047829]},"properties":{"line":"03","mode":"bus","color":"#0059a9","colorDark":"#00294f","band":1,"off":[0,1.1]}},{"type":"Feature","geometry":{"type":"Point","coordinates":[18.69362,50.047829]},"properties":{"line":"52","mode":"bus","color":"#0059a9","colorDark":"#00294f","band":1,"off":[3.4,1.1]}},{"type":"Feature","geometry":{"type":"Point","coordinates":[18.69362,50.047829]},"properties":{"line":"305","mode":"bus","color":"#0059a9","colorDark":"#00294f","band":1,"off":[6.8,1.1]}},{"type":"Feature","geometry":{"type":"Point","coordinates":[18.69362,50.047829]},"properties":{"line":"306","mode":"bus","color":"#0059a9","colorDark":"#00294f","band":1,"off":[-6.8,3.1]}},{"type":"Feature","geometry":{"type":"Point","coordinates":[18.69362,50.047829]},"properties":{"line":"307","mode":"bus","color":"#0059a9","colorDark":"#00294f","band":1,"off":[-3.4,3.1]}},{"type":"Feature","geometry":{"type":"Point","coordinates":[18.69362,50.047829]},"properties":{"line":"308","mode":"bus","color":"#0059a9","colorDark":"#00294f","band":1,"off":[0,3.1]}},{"type":"Feature","geometry":{"type":"Point","coordinates":[18.69362,50.047829]},"properties":{"line":"S10","mode":"bus","color":"#0059a9","colorDark":"#00294f","band":1,"off":[3.4,3.1]}},{"type":"Feature","geometry":{"type":"Point","coordinates":[18.69362,50.047829]},"properties":{"line":"S11","mode":"bus","color":"#0059a9","colorDark":"#00294f","band":1,"off":[6.8,3.1]}},{"type":"Feature","geometry":{"type":"Point","coordinates":[18.532148,50.073504]},"properties":{"name":"Rybnik Zamysłów Dolna Mostek","band":1,"modes":"bus","arr":["A"],"off":[0,-0.8]}},{"type":"Feature","geometry":{"type":"Point","coordinates":[18.532148,50.073504]},"properties":{"line":"A","mode":"bus","color":"#0059a9","colorDark":"#00294f","band":1,"off":[0,1.1]}},{"type":"Feature","geometry":{"type":"Point","coordinates":[18.544121,50.095229]},"properties":{"name":"Plac Wolności","band":1,"modes":"bus","arr":["PR"],"off":[0,-0.8]}},{"type":"Feature","geometry":{"type":"Point","coordinates":[18.544121,50.095229]},"properties":{"line":"PR","mode":"bus","color":"#0059a9","colorDark":"#00294f","band":1,"off":[0,1.1]}},{"type":"Feature","geometry":{"type":"Point","coordinates":[18.672496,50.022594]},"properties":{"name":"Al. Jana Pawła II - Industrialna","band":1,"modes":"bus","arr":["09"],"off":[0,-0.8]}},{"type":"Feature","geometry":{"type":"Point","coordinates":[18.672496,50.022594]},"properties":{"line":"09","mode":"bus","color":"#0059a9","colorDark":"#00294f","band":1,"off":[0,1.1]}},{"type":"Feature","geometry":{"type":"Point","coordinates":[18.679427,50.034854]},"properties":{"name":"Al. Zjednoczonej Europy - Archiwum","band":1,"modes":"bus","arr":["08"],"off":[0,-0.8]}},{"type":"Feature","geometry":{"type":"Point","coordinates":[18.679427,50.034854]},"properties":{"line":"08","mode":"bus","color":"#0059a9","colorDark":"#00294f","band":1,"off":[0,1.1]}},{"type":"Feature","geometry":{"type":"Point","coordinates":[18.682127,50.005349]},"properties":{"name":"Główna Pętla","band":1,"modes":"bus","arr":["03"],"off":[0,-0.8]}},{"type":"Feature","geometry":{"type":"Point","coordinates":[18.682127,50.005349]},"properties":{"line":"03","mode":"bus","color":"#0059a9","colorDark":"#00294f","band":1,"off":[0,1.1]}},{"type":"Feature","geometry":{"type":"Point","coordinates":[18.686571,50.029772]},"properties":{"name":"Al. Jana Pawła II Bajerówka","band":1,"modes":"bus","arr":["04","05","ZL"],"off":[0,-0.8]}},{"type":"Feature","geometry":{"type":"Point","coordinates":[18.686571,50.029772]},"properties":{"line":"04","mode":"bus","color":"#0059a9","colorDark":"#00294f","band":1,"off":[-3.4,1.1]}},{"type":"Feature","geometry":{"type":"Point","coordinates":[18.686571,50.029772]},"properties":{"line":"05","mode":"bus","color":"#0059a9","colorDark":"#00294f","band":1,"off":[0,1.1]}},{"type":"Feature","geometry":{"type":"Point","coordinates":[18.686571,50.029772]},"properties":{"line":"ZL","mode":"bus","color":"#0059a9","colorDark":"#00294f","band":1,"off":[3.4,1.1]}},{"type":"Feature","geometry":{"type":"Point","coordinates":[18.643194,50.070108]},"properties":{"name":"Rybnicka - Granica","band":1,"modes":"bus","arr":["04","08"],"off":[0,-0.8]}},{"type":"Feature","geometry":{"type":"Point","coordinates":[18.643194,50.070108]},"properties":{"line":"04","mode":"bus","color":"#0059a9","colorDark":"#00294f","band":1,"off":[-1.7,1.1]}},{"type":"Feature","geometry":{"type":"Point","coordinates":[18.643194,50.070108]},"properties":{"line":"08","mode":"bus","color":"#0059a9","colorDark":"#00294f","band":1,"off":[1.7,1.1]}},{"type":"Feature","geometry":{"type":"Point","coordinates":[18.588982,50.049147]},"properties":{"name":"Boguszowice Osiedle Kopalnia","band":1,"modes":"bus","arr":["05"],"off":[0,-0.8]}},{"type":"Feature","geometry":{"type":"Point","coordinates":[18.588982,50.049147]},"properties":{"line":"05","mode":"bus","color":"#0059a9","colorDark":"#00294f","band":1,"off":[0,1.1]}},{"type":"Feature","geometry":{"type":"Point","coordinates":[18.713602,50.049184]},"properties":{"name":"Leśna Miasteczko Westernowe","band":1,"modes":"bus","arr":["06"],"off":[0,-0.8]}},{"type":"Feature","geometry":{"type":"Point","coordinates":[18.713602,50.049184]},"properties":{"line":"06","mode":"bus","color":"#0059a9","colorDark":"#00294f","band":1,"off":[0,1.1]}},{"type":"Feature","geometry":{"type":"Point","coordinates":[18.732622,50.003473]},"properties":{"name":"Szoszowy - Stalmacha","band":1,"modes":"bus","arr":["06"],"off":[0,-0.8]}},{"type":"Feature","geometry":{"type":"Point","coordinates":[18.732622,50.003473]},"properties":{"line":"06","mode":"bus","color":"#0059a9","colorDark":"#00294f","band":1,"off":[0,1.1]}},{"type":"Feature","geometry":{"type":"Point","coordinates":[18.704402,50.039695]},"properties":{"name":"Francuska","band":1,"modes":"bus","arr":["07"],"off":[0,-0.8]}},{"type":"Feature","geometry":{"type":"Point","coordinates":[18.704402,50.039695]},"properties":{"line":"07","mode":"bus","color":"#0059a9","colorDark":"#00294f","band":1,"off":[0,1.1]}},{"type":"Feature","geometry":{"type":"Point","coordinates":[18.751524,50.049083]},"properties":{"name":"Jasna","band":1,"modes":"bus","arr":["07"],"off":[0,-0.8]}},{"type":"Feature","geometry":{"type":"Point","coordinates":[18.751524,50.049083]},"properties":{"line":"07","mode":"bus","color":"#0059a9","colorDark":"#00294f","band":1,"off":[0,1.1]}},{"type":"Feature","geometry":{"type":"Point","coordinates":[18.711717,50.056137]},"properties":{"name":"Boczna - Klonowa","band":1,"modes":"bus","arr":["09"],"off":[0,-0.8]}},{"type":"Feature","geometry":{"type":"Point","coordinates":[18.711717,50.056137]},"properties":{"line":"09","mode":"bus","color":"#0059a9","colorDark":"#00294f","band":1,"off":[0,1.1]}},{"type":"Feature","geometry":{"type":"Point","coordinates":[18.62529,50.042004]},"properties":{"name":"Górnicza - Basen","band":1,"modes":"bus","arr":["ZL"],"off":[0,-0.8]}},{"type":"Feature","geometry":{"type":"Point","coordinates":[18.62529,50.042004]},"properties":{"line":"ZL","mode":"bus","color":"#0059a9","colorDark":"#00294f","band":1,"off":[0,1.1]}},{"type":"Feature","geometry":{"type":"Point","coordinates":[18.382506,49.945062]},"properties":{"name":"Uchylsko, Wiejska","band":1,"modes":"bus","arr":["W32"],"off":[0,-0.8]}},{"type":"Feature","geometry":{"type":"Point","coordinates":[18.382506,49.945062]},"properties":{"line":"W32","mode":"bus","color":"#0059a9","colorDark":"#00294f","band":1,"off":[0,1.1]}},{"type":"Feature","geometry":{"type":"Point","coordinates":[18.464539,50.000863]},"properties":{"name":"Wodzisław Śląski, Targowa Dworzec Autobusowy","band":1,"modes":"bus","arr":["201","202","203","204","205","206","207","208","209","210","W09","W11","W32","W33","W34","W38","W41","W42","W53"],"off":[0,-0.8],"sc":0.87}},{"type":"Feature","geometry":{"type":"Point","coordinates":[18.464539,50.000863]},"properties":{"name":"Wodzisław Dworzec Autobusowy","band":1,"modes":"bus","arr":["201","202","203","204","205","206","207","208","209","210","W09","W11","W32","W33","W34","W38","W41","W42","W53"],"off":[0,-4.1],"sc":0.87}},{"type":"Feature","geometry":{"type":"Point","coordinates":[18.464539,50.000863]},"properties":{"line":"201","mode":"bus","color":"#0059a9","colorDark":"#00294f","band":1,"sc":0.87,"off":[-6.8,1.1]}},{"type":"Feature","geometry":{"type":"Point","coordinates":[18.464539,50.000863]},"properties":{"line":"202","mode":"bus","color":"#0059a9","colorDark":"#00294f","band":1,"sc":0.87,"off":[-3.4,1.1]}},{"type":"Feature","geometry":{"type":"Point","coordinates":[18.464539,50.000863]},"properties":{"line":"203","mode":"bus","color":"#0059a9","colorDark":"#00294f","band":1,"sc":0.87,"off":[0,1.1]}},{"type":"Feature","geometry":{"type":"Point","coordinates":[18.464539,50.000863]},"properties":{"line":"204","mode":"bus","color":"#0059a9","colorDark":"#00294f","band":1,"sc":0.87,"off":[3.4,1.1]}},{"type":"Feature","geometry":{"type":"Point","coordinates":[18.464539,50.000863]},"properties":{"line":"205","mode":"bus","color":"#0059a9","colorDark":"#00294f","band":1,"sc":0.87,"off":[6.8,1.1]}},{"type":"Feature","geometry":{"type":"Point","coordinates":[18.464539,50.000863]},"properties":{"line":"206","mode":"bus","color":"#0059a9","colorDark":"#00294f","band":1,"sc":0.87,"off":[-6.8,3.1]}},{"type":"Feature","geometry":{"type":"Point","coordinates":[18.464539,50.000863]},"properties":{"line":"207","mode":"bus","color":"#0059a9","colorDark":"#00294f","band":1,"sc":0.87,"off":[-3.4,3.1]}},{"type":"Feature","geometry":{"type":"Point","coordinates":[18.464539,50.000863]},"properties":{"line":"208","mode":"bus","color":"#0059a9","colorDark":"#00294f","band":1,"sc":0.87,"off":[0,3.1]}},{"type":"Feature","geometry":{"type":"Point","coordinates":[18.464539,50.000863]},"properties":{"line":"209","mode":"bus","color":"#0059a9","colorDark":"#00294f","band":1,"sc":0.87,"off":[3.4,3.1]}},{"type":"Feature","geometry":{"type":"Point","coordinates":[18.464539,50.000863]},"properties":{"line":"210","mode":"bus","color":"#0059a9","colorDark":"#00294f","band":1,"sc":0.87,"off":[6.8,3.1]}},{"type":"Feature","geometry":{"type":"Point","coordinates":[18.464539,50.000863]},"properties":{"line":"W09","mode":"bus","color":"#0059a9","colorDark":"#00294f","band":1,"sc":0.87,"off":[-6.8,5.1]}},{"type":"Feature","geometry":{"type":"Point","coordinates":[18.464539,50.000863]},"properties":{"line":"W11","mode":"bus","color":"#0059a9","colorDark":"#00294f","band":1,"sc":0.87,"off":[-3.4,5.1]}},{"type":"Feature","geometry":{"type":"Point","coordinates":[18.464539,50.000863]},"properties":{"line":"W32","mode":"bus","color":"#0059a9","colorDark":"#00294f","band":1,"sc":0.87,"off":[0,5.1]}},{"type":"Feature","geometry":{"type":"Point","coordinates":[18.464539,50.000863]},"properties":{"line":"W33","mode":"bus","color":"#0059a9","colorDark":"#00294f","band":1,"sc":0.87,"off":[3.4,5.1]}},{"type":"Feature","geometry":{"type":"Point","coordinates":[18.464539,50.000863]},"properties":{"line":"W34","mode":"bus","color":"#0059a9","colorDark":"#00294f","band":1,"sc":0.87,"off":[6.8,5.1]}},{"type":"Feature","geometry":{"type":"Point","coordinates":[18.464539,50.000863]},"properties":{"line":"W38","mode":"bus","color":"#0059a9","colorDark":"#00294f","band":1,"sc":0.87,"off":[-5.1,7.1]}},{"type":"Feature","geometry":{"type":"Point","coordinates":[18.464539,50.000863]},"properties":{"line":"W41","mode":"bus","color":"#0059a9","colorDark":"#00294f","band":1,"sc":0.87,"off":[-1.7,7.1]}},{"type":"Feature","geometry":{"type":"Point","coordinates":[18.464539,50.000863]},"properties":{"line":"W42","mode":"bus","color":"#0059a9","colorDark":"#00294f","band":1,"sc":0.87,"off":[1.7,7.1]}},{"type":"Feature","geometry":{"type":"Point","coordinates":[18.464539,50.000863]},"properties":{"line":"W53","mode":"bus","color":"#0059a9","colorDark":"#00294f","band":1,"sc":0.87,"off":[5.1,7.1]}},{"type":"Feature","geometry":{"type":"Point","coordinates":[18.318565,49.970741]},"properties":{"name":"Odra, Główna Pętla","band":1,"modes":"bus","arr":["W33"],"off":[0,-0.8]}},{"type":"Feature","geometry":{"type":"Point","coordinates":[18.318565,49.970741]},"properties":{"line":"W33","mode":"bus","color":"#0059a9","colorDark":"#00294f","band":1,"off":[0,1.1]}},{"type":"Feature","geometry":{"type":"Point","coordinates":[18.33076,49.991175]},"properties":{"name":"Bluszczów, Powstańców Środkowa","band":1,"modes":"bus","arr":["W34"],"off":[0,-0.8]}},{"type":"Feature","geometry":{"type":"Point","coordinates":[18.33076,49.991175]},"properties":{"line":"W34","mode":"bus","color":"#0059a9","colorDark":"#00294f","band":1,"off":[0,1.1]}},{"type":"Feature","geometry":{"type":"Point","coordinates":[18.610017,49.945513]},"properties":{"name":"Jastrzębie-Zdrój, Dworzec Arki Bożka","band":1,"modes":"bus","arr":["B12","B15","C10","C12","C13","C14","C17","C18","C19","M10","S10","W09","W10","W36"],"off":[0,-0.8],"sc":0.95}},{"type":"Feature","geometry":{"type":"Point","coordinates":[18.610017,49.945513]},"properties":{"name":"Dworzec Arki Bożka","band":1,"modes":"bus","arr":["B12","B15","C10","C12","C13","C14","C17","C18","C19","M10","S10","W09","W10","W36"],"off":[0,-3],"sc":0.95}},{"type":"Feature","geometry":{"type":"Point","coordinates":[18.610017,49.945513]},"properties":{"line":"B12","mode":"bus","color":"#0059a9","colorDark":"#00294f","band":1,"sc":0.95,"off":[-6.8,1.1]}},{"type":"Feature","geometry":{"type":"Point","coordinates":[18.610017,49.945513]},"properties":{"line":"B15","mode":"bus","color":"#0059a9","colorDark":"#00294f","band":1,"sc":0.95,"off":[-3.4,1.1]}},{"type":"Feature","geometry":{"type":"Point","coordinates":[18.610017,49.945513]},"properties":{"line":"C10","mode":"bus","color":"#0059a9","colorDark":"#00294f","band":1,"sc":0.95,"off":[0,1.1]}},{"type":"Feature","geometry":{"type":"Point","coordinates":[18.610017,49.945513]},"properties":{"line":"C12","mode":"bus","color":"#0059a9","colorDark":"#00294f","band":1,"sc":0.95,"off":[3.4,1.1]}},{"type":"Feature","geometry":{"type":"Point","coordinates":[18.610017,49.945513]},"properties":{"line":"C13","mode":"bus","color":"#0059a9","colorDark":"#00294f","band":1,"sc":0.95,"off":[6.8,1.1]}},{"type":"Feature","geometry":{"type":"Point","coordinates":[18.610017,49.945513]},"properties":{"line":"C14","mode":"bus","color":"#0059a9","colorDark":"#00294f","band":1,"sc":0.95,"off":[-6.8,3.1]}},{"type":"Feature","geometry":{"type":"Point","coordinates":[18.610017,49.945513]},"properties":{"line":"C17","mode":"bus","color":"#0059a9","colorDark":"#00294f","band":1,"sc":0.95,"off":[-3.4,3.1]}},{"type":"Feature","geometry":{"type":"Point","coordinates":[18.610017,49.945513]},"properties":{"line":"C18","mode":"bus","color":"#0059a9","colorDark":"#00294f","band":1,"sc":0.95,"off":[0,3.1]}},{"type":"Feature","geometry":{"type":"Point","coordinates":[18.610017,49.945513]},"properties":{"line":"C19","mode":"bus","color":"#0059a9","colorDark":"#00294f","band":1,"sc":0.95,"off":[3.4,3.1]}},{"type":"Feature","geometry":{"type":"Point","coordinates":[18.610017,49.945513]},"properties":{"line":"M10","mode":"bus","color":"#0059a9","colorDark":"#00294f","band":1,"sc":0.95,"off":[6.8,3.1]}},{"type":"Feature","geometry":{"type":"Point","coordinates":[18.610017,49.945513]},"properties":{"line":"S10","mode":"bus","color":"#0059a9","colorDark":"#00294f","band":1,"sc":0.95,"off":[-5.1,5.1]}},{"type":"Feature","geometry":{"type":"Point","coordinates":[18.610017,49.945513]},"properties":{"line":"W09","mode":"bus","color":"#0059a9","colorDark":"#00294f","band":1,"sc":0.95,"off":[-1.7,5.1]}},{"type":"Feature","geometry":{"type":"Point","coordinates":[18.610017,49.945513]},"properties":{"line":"W10","mode":"bus","color":"#0059a9","colorDark":"#00294f","band":1,"sc":0.95,"off":[1.7,5.1]}},{"type":"Feature","geometry":{"type":"Point","coordinates":[18.610017,49.945513]},"properties":{"line":"W36","mode":"bus","color":"#0059a9","colorDark":"#00294f","band":1,"sc":0.95,"off":[5.1,5.1]}},{"type":"Feature","geometry":{"type":"Point","coordinates":[18.475112,50.008262]},"properties":{"name":"Wodzisław Śląski, Rybnicka Dworzec Kolejowy","band":1,"modes":"bus","arr":["W36"],"off":[0,-0.8]}},{"type":"Feature","geometry":{"type":"Point","coordinates":[18.475112,50.008262]},"properties":{"line":"W36","mode":"bus","color":"#0059a9","colorDark":"#00294f","band":1,"off":[0,1.1]}},{"type":"Feature","geometry":{"type":"Point","coordinates":[18.505453,49.904258]},"properties":{"name":"Gołkowice, Celna","band":1,"modes":"bus","arr":["W38"],"off":[0,-0.8]}},{"type":"Feature","geometry":{"type":"Point","coordinates":[18.505453,49.904258]},"properties":{"line":"W38","mode":"bus","color":"#0059a9","colorDark":"#00294f","band":1,"off":[0,1.1]}},{"type":"Feature","geometry":{"type":"Point","coordinates":[18.501195,49.977559]},"properties":{"name":"Wodzisław, Śląski, Wilchwy Pętla","band":1,"modes":"bus","arr":["W51"],"off":[0,-0.8]}},{"type":"Feature","geometry":{"type":"Point","coordinates":[18.501195,49.977559]},"properties":{"line":"W51","mode":"bus","color":"#0059a9","colorDark":"#00294f","band":1,"off":[0,1.1]}},{"type":"Feature","geometry":{"type":"Point","coordinates":[18.225483,50.09231]},"properties":{"name":"Racibórz, Dworzec Autobusowy","band":1,"modes":"bus","arr":["W41"],"off":[0,-0.8]}},{"type":"Feature","geometry":{"type":"Point","coordinates":[18.225483,50.09231]},"properties":{"line":"W41","mode":"bus","color":"#0059a9","colorDark":"#00294f","band":1,"off":[0,1.1]}},{"type":"Feature","geometry":{"type":"Point","coordinates":[18.290413,50.007826]},"properties":{"name":"Buków, Główna Ośrodek Wypoczynkowy","band":1,"modes":"bus","arr":["W42"],"off":[0,-0.8]}},{"type":"Feature","geometry":{"type":"Point","coordinates":[18.290413,50.007826]},"properties":{"line":"W42","mode":"bus","color":"#0059a9","colorDark":"#00294f","band":1,"off":[0,1.1]}},{"type":"Feature","geometry":{"type":"Point","coordinates":[18.409566,50.005775]},"properties":{"name":"Wodzisław Śląski, Rozwojowa","band":1,"modes":"bus","arr":["W50"],"off":[0,-0.8]}},{"type":"Feature","geometry":{"type":"Point","coordinates":[18.409566,50.005775]},"properties":{"line":"W50","mode":"bus","color":"#0059a9","colorDark":"#00294f","band":1,"off":[0,1.1]}},{"type":"Feature","geometry":{"type":"Point","coordinates":[18.502705,49.970473]},"properties":{"name":"Mszana, Skrzyszowska Tartak","band":1,"modes":"bus","arr":["W50"],"off":[0,-0.8]}},{"type":"Feature","geometry":{"type":"Point","coordinates":[18.502705,49.970473]},"properties":{"line":"W50","mode":"bus","color":"#0059a9","colorDark":"#00294f","band":1,"off":[0,1.1]}},{"type":"Feature","geometry":{"type":"Point","coordinates":[18.366061,50.015413]},"properties":{"name":"Wodzisław Śląski, Młodzieżowa Boisko","band":1,"modes":"bus","arr":["W52"],"off":[0,-0.8]}},{"type":"Feature","geometry":{"type":"Point","coordinates":[18.366061,50.015413]},"properties":{"line":"W52","mode":"bus","color":"#0059a9","colorDark":"#00294f","band":1,"off":[0,1.1]}},{"type":"Feature","geometry":{"type":"Point","coordinates":[18.545402,49.95732]},"properties":{"name":"Mszana, Moszczeńska Mszańskie Granice","band":1,"modes":"bus","arr":["W59"],"off":[0,-0.8]}},{"type":"Feature","geometry":{"type":"Point","coordinates":[18.545402,49.95732]},"properties":{"line":"W59","mode":"bus","color":"#0059a9","colorDark":"#00294f","band":1,"off":[0,1.1]}},{"type":"Feature","geometry":{"type":"Point","coordinates":[18.487905,50.041794]},"properties":{"name":"Radlin Korfantego KWK Marcel","band":1,"modes":"bus","arr":["210"],"off":[0,-0.8]}},{"type":"Feature","geometry":{"type":"Point","coordinates":[18.487905,50.041794]},"properties":{"line":"210","mode":"bus","color":"#0059a9","colorDark":"#00294f","band":1,"off":[0,1.1]}},{"type":"Feature","geometry":{"type":"Point","coordinates":[18.475671,50.049553]},"properties":{"name":"Radlin Korfantego Centrum","band":1,"modes":"bus","arr":["209"],"off":[0,-0.8]}},{"type":"Feature","geometry":{"type":"Point","coordinates":[18.475671,50.049553]},"properties":{"line":"209","mode":"bus","color":"#0059a9","colorDark":"#00294f","band":1,"off":[0,1.1]}},{"type":"Feature","geometry":{"type":"Point","coordinates":[18.364326,50.058786]},"properties":{"name":"Krzyżkowice Działki","band":1,"modes":"bus","arr":["203"],"off":[0,-0.8]}},{"type":"Feature","geometry":{"type":"Point","coordinates":[18.364326,50.058786]},"properties":{"line":"203","mode":"bus","color":"#0059a9","colorDark":"#00294f","band":1,"off":[0,1.1]}},{"type":"Feature","geometry":{"type":"Point","coordinates":[18.423913,50.074354]},"properties":{"name":"Rydułtowy Obywatelska","band":1,"modes":"bus","arr":["204","205","206"],"off":[0,-0.8]}},{"type":"Feature","geometry":{"type":"Point","coordinates":[18.423913,50.074354]},"properties":{"name":"Raciborska Orłowiec","band":1,"modes":"bus","arr":["204","205","206"],"off":[0,-3]}},{"type":"Feature","geometry":{"type":"Point","coordinates":[18.423913,50.074354]},"properties":{"line":"204","mode":"bus","color":"#0059a9","colorDark":"#00294f","band":1,"off":[-3.4,1.1]}},{"type":"Feature","geometry":{"type":"Point","coordinates":[18.423913,50.074354]},"properties":{"line":"205","mode":"bus","color":"#0059a9","colorDark":"#00294f","band":1,"off":[0,1.1]}},{"type":"Feature","geometry":{"type":"Point","coordinates":[18.423913,50.074354]},"properties":{"line":"206","mode":"bus","color":"#0059a9","colorDark":"#00294f","band":1,"off":[3.4,1.1]}},{"type":"Feature","geometry":{"type":"Point","coordinates":[18.451634,50.053733]},"properties":{"name":"Radlin Rydułtowska Reden Górka","band":1,"modes":"bus","arr":["209"],"off":[0,-0.8]}},{"type":"Feature","geometry":{"type":"Point","coordinates":[18.451634,50.053733]},"properties":{"line":"209","mode":"bus","color":"#0059a9","colorDark":"#00294f","band":1,"off":[0,1.1]}},{"type":"Feature","geometry":{"type":"Point","coordinates":[18.580331,50.019429]},"properties":{"name":"Świerklany Dolne Kościół","band":1,"modes":"bus","arr":["208"],"off":[0,-0.8]}},{"type":"Feature","geometry":{"type":"Point","coordinates":[18.580331,50.019429]},"properties":{"line":"208","mode":"bus","color":"#0059a9","colorDark":"#00294f","band":1,"off":[0,1.1]}},{"type":"Feature","geometry":{"type":"Point","coordinates":[18.73879,50.165684]},"properties":{"name":"Dębieńsko Las","band":1,"modes":"bus","arr":["300","301","304"],"off":[0,-0.8]}},{"type":"Feature","geometry":{"type":"Point","coordinates":[18.73879,50.165684]},"properties":{"line":"300","mode":"bus","color":"#0059a9","colorDark":"#00294f","band":1,"off":[-3.4,1.1]}},{"type":"Feature","geometry":{"type":"Point","coordinates":[18.73879,50.165684]},"properties":{"line":"301","mode":"bus","color":"#0059a9","colorDark":"#00294f","band":1,"off":[0,1.1]}},{"type":"Feature","geometry":{"type":"Point","coordinates":[18.73879,50.165684]},"properties":{"line":"304","mode":"bus","color":"#0059a9","colorDark":"#00294f","band":1,"off":[3.4,1.1]}},{"type":"Feature","geometry":{"type":"Point","coordinates":[18.545657,50.089222]},"properties":{"name":"R-k Śródmieście Dw. Kolejowy","band":1,"modes":"bus","arr":["300","302","306"],"off":[0,-0.8]}},{"type":"Feature","geometry":{"type":"Point","coordinates":[18.545657,50.089222]},"properties":{"line":"300","mode":"bus","color":"#0059a9","colorDark":"#00294f","band":1,"off":[-3.4,1.1]}},{"type":"Feature","geometry":{"type":"Point","coordinates":[18.545657,50.089222]},"properties":{"line":"302","mode":"bus","color":"#0059a9","colorDark":"#00294f","band":1,"off":[0,1.1]}},{"type":"Feature","geometry":{"type":"Point","coordinates":[18.545657,50.089222]},"properties":{"line":"306","mode":"bus","color":"#0059a9","colorDark":"#00294f","band":1,"off":[3.4,1.1]}},{"type":"Feature","geometry":{"type":"Point","coordinates":[18.66579,50.159885]},"properties":{"name":"KWK Dębieńsko","band":1,"modes":"bus","arr":["302","303","305","309"],"off":[0,-0.8]}},{"type":"Feature","geometry":{"type":"Point","coordinates":[18.66579,50.159885]},"properties":{"name":"Koksownia Dębieńsko Pętla","band":1,"modes":"bus","arr":["302","303","305","309"],"off":[0,-1.9]}},{"type":"Feature","geometry":{"type":"Point","coordinates":[18.66579,50.159885]},"properties":{"line":"302","mode":"bus","color":"#0059a9","colorDark":"#00294f","band":1,"off":[-5.1,1.1]}},{"type":"Feature","geometry":{"type":"Point","coordinates":[18.66579,50.159885]},"properties":{"line":"303","mode":"bus","color":"#0059a9","colorDark":"#00294f","band":1,"off":[-1.7,1.1]}},{"type":"Feature","geometry":{"type":"Point","coordinates":[18.66579,50.159885]},"properties":{"line":"305","mode":"bus","color":"#0059a9","colorDark":"#00294f","band":1,"off":[1.7,1.1]}},{"type":"Feature","geometry":{"type":"Point","coordinates":[18.66579,50.159885]},"properties":{"line":"309","mode":"bus","color":"#0059a9","colorDark":"#00294f","band":1,"off":[5.1,1.1]}},{"type":"Feature","geometry":{"type":"Point","coordinates":[18.616885,50.141993]},"properties":{"name":"Kamień Rzędówka","band":1,"modes":"bus","arr":["303"],"off":[0,-0.8]}},{"type":"Feature","geometry":{"type":"Point","coordinates":[18.616885,50.141993]},"properties":{"line":"303","mode":"bus","color":"#0059a9","colorDark":"#00294f","band":1,"off":[0,1.1]}},{"type":"Feature","geometry":{"type":"Point","coordinates":[18.634689,50.136335]},"properties":{"name":"Leszczyny Czereśniowa","band":1,"modes":"bus","arr":["304","309"],"off":[0,-0.8]}},{"type":"Feature","geometry":{"type":"Point","coordinates":[18.634689,50.136335]},"properties":{"line":"304","mode":"bus","color":"#0059a9","colorDark":"#00294f","band":1,"off":[-1.7,1.1]}},{"type":"Feature","geometry":{"type":"Point","coordinates":[18.634689,50.136335]},"properties":{"line":"309","mode":"bus","color":"#0059a9","colorDark":"#00294f","band":1,"off":[1.7,1.1]}},{"type":"Feature","geometry":{"type":"Point","coordinates":[18.689291,49.96528]},"properties":{"name":"KWK Pniówek","band":1,"modes":"bus","arr":["307","L-1"],"off":[0,-0.8]}},{"type":"Feature","geometry":{"type":"Point","coordinates":[18.689291,49.96528]},"properties":{"line":"307","mode":"bus","color":"#0059a9","colorDark":"#00294f","band":1,"off":[-1.7,1.1]}},{"type":"Feature","geometry":{"type":"Point","coordinates":[18.689291,49.96528]},"properties":{"line":"L-1","mode":"bus","color":"#0059a9","colorDark":"#00294f","band":1,"off":[1.7,1.1]}},{"type":"Feature","geometry":{"type":"Point","coordinates":[18.717797,49.964109]},"properties":{"name":"Pawłowice Centrum - TARG","band":1,"modes":"bus","arr":["B10","B11","B12","L-2","L-3","L-5","L-7"],"off":[0,-0.8]}},{"type":"Feature","geometry":{"type":"Point","coordinates":[18.717797,49.964109]},"properties":{"line":"B10","mode":"bus","color":"#0059a9","colorDark":"#00294f","band":1,"off":[-6.8,1.1]}},{"type":"Feature","geometry":{"type":"Point","coordinates":[18.717797,49.964109]},"properties":{"line":"B11","mode":"bus","color":"#0059a9","colorDark":"#00294f","band":1,"off":[-3.4,1.1]}},{"type":"Feature","geometry":{"type":"Point","coordinates":[18.717797,49.964109]},"properties":{"line":"B12","mode":"bus","color":"#0059a9","colorDark":"#00294f","band":1,"off":[0,1.1]}},{"type":"Feature","geometry":{"type":"Point","coordinates":[18.717797,49.964109]},"properties":{"line":"L-2","mode":"bus","color":"#0059a9","colorDark":"#00294f","band":1,"off":[3.4,1.1]}},{"type":"Feature","geometry":{"type":"Point","coordinates":[18.717797,49.964109]},"properties":{"line":"L-3","mode":"bus","color":"#0059a9","colorDark":"#00294f","band":1,"off":[6.8,1.1]}},{"type":"Feature","geometry":{"type":"Point","coordinates":[18.717797,49.964109]},"properties":{"line":"L-5","mode":"bus","color":"#0059a9","colorDark":"#00294f","band":1,"off":[-1.7,3.1]}},{"type":"Feature","geometry":{"type":"Point","coordinates":[18.717797,49.964109]},"properties":{"line":"L-7","mode":"bus","color":"#0059a9","colorDark":"#00294f","band":1,"off":[1.7,3.1]}},{"type":"Feature","geometry":{"type":"Point","coordinates":[18.776156,50.04094]},"properties":{"name":"Suszec Piaskowa Osiedle.","band":1,"modes":"bus","arr":["308"],"off":[0,-0.8]}},{"type":"Feature","geometry":{"type":"Point","coordinates":[18.776156,50.04094]},"properties":{"line":"308","mode":"bus","color":"#0059a9","colorDark":"#00294f","band":1,"off":[0,1.1]}},{"type":"Feature","geometry":{"type":"Point","coordinates":[18.564549,49.943395]},"properties":{"name":"Carbonarium WORD","band":1,"modes":"bus","arr":["B10","B11","C18","S13"],"off":[0,-0.8]}},{"type":"Feature","geometry":{"type":"Point","coordinates":[18.564549,49.943395]},"properties":{"line":"B10","mode":"bus","color":"#0059a9","colorDark":"#00294f","band":1,"off":[-5.1,1.1]}},{"type":"Feature","geometry":{"type":"Point","coordinates":[18.564549,49.943395]},"properties":{"line":"B11","mode":"bus","color":"#0059a9","colorDark":"#00294f","band":1,"off":[-1.7,1.1]}},{"type":"Feature","geometry":{"type":"Point","coordinates":[18.564549,49.943395]},"properties":{"line":"C18","mode":"bus","color":"#0059a9","colorDark":"#00294f","band":1,"off":[1.7,1.1]}},{"type":"Feature","geometry":{"type":"Point","coordinates":[18.564549,49.943395]},"properties":{"line":"S13","mode":"bus","color":"#0059a9","colorDark":"#00294f","band":1,"off":[5.1,1.1]}},{"type":"Feature","geometry":{"type":"Point","coordinates":[18.573634,49.94524]},"properties":{"name":"Dworzec Zdrój","band":1,"modes":"bus","arr":["B13","B14","S12","S12A","S14","S15","W11"],"off":[0,-0.8]}},{"type":"Feature","geometry":{"type":"Point","coordinates":[18.573634,49.94524]},"properties":{"line":"B13","mode":"bus","color":"#0059a9","colorDark":"#00294f","band":1,"off":[-6.8,1.1]}},{"type":"Feature","geometry":{"type":"Point","coordinates":[18.573634,49.94524]},"properties":{"line":"B14","mode":"bus","color":"#0059a9","colorDark":"#00294f","band":1,"off":[-3.4,1.1]}},{"type":"Feature","geometry":{"type":"Point","coordinates":[18.573634,49.94524]},"properties":{"line":"S12","mode":"bus","color":"#0059a9","colorDark":"#00294f","band":1,"off":[0,1.1]}},{"type":"Feature","geometry":{"type":"Point","coordinates":[18.573634,49.94524]},"properties":{"line":"S12A","mode":"bus","color":"#0059a9","colorDark":"#00294f","band":1,"off":[3.4,1.1]}},{"type":"Feature","geometry":{"type":"Point","coordinates":[18.573634,49.94524]},"properties":{"line":"S14","mode":"bus","color":"#0059a9","colorDark":"#00294f","band":1,"off":[6.8,1.1]}},{"type":"Feature","geometry":{"type":"Point","coordinates":[18.573634,49.94524]},"properties":{"line":"S15","mode":"bus","color":"#0059a9","colorDark":"#00294f","band":1,"off":[-1.7,3.1]}},{"type":"Feature","geometry":{"type":"Point","coordinates":[18.573634,49.94524]},"properties":{"line":"W11","mode":"bus","color":"#0059a9","colorDark":"#00294f","band":1,"off":[1.7,3.1]}},{"type":"Feature","geometry":{"type":"Point","coordinates":[18.673475,49.964503]},"properties":{"name":"Pniówek Wieś","band":1,"modes":"bus","arr":["L-4"],"off":[0,-0.8]}},{"type":"Feature","geometry":{"type":"Point","coordinates":[18.673475,49.964503]},"properties":{"line":"L-4","mode":"bus","color":"#0059a9","colorDark":"#00294f","band":1,"off":[0,1.1]}},{"type":"Feature","geometry":{"type":"Point","coordinates":[18.663766,49.949705]},"properties":{"name":"Bzie Szkoła","band":1,"modes":"bus","arr":["B15"],"off":[0,-0.8]}},{"type":"Feature","geometry":{"type":"Point","coordinates":[18.663766,49.949705]},"properties":{"line":"B15","mode":"bus","color":"#0059a9","colorDark":"#00294f","band":1,"off":[0,1.1]}},{"type":"Feature","geometry":{"type":"Point","coordinates":[18.657752,49.921449]},"properties":{"name":"Bzie Dolne","band":1,"modes":"bus","arr":["B13","B14"],"off":[0,-0.8]}},{"type":"Feature","geometry":{"type":"Point","coordinates":[18.657752,49.921449]},"properties":{"line":"B13","mode":"bus","color":"#0059a9","colorDark":"#00294f","band":1,"off":[-1.7,1.1]}},{"type":"Feature","geometry":{"type":"Point","coordinates":[18.657752,49.921449]},"properties":{"line":"B14","mode":"bus","color":"#0059a9","colorDark":"#00294f","band":1,"off":[1.7,1.1]}},{"type":"Feature","geometry":{"type":"Point","coordinates":[18.566893,49.963357]},"properties":{"name":"KWK Jas-Mos","band":1,"modes":"bus","arr":["C10","C13","C15","C17"],"off":[0,-0.8]}},{"type":"Feature","geometry":{"type":"Point","coordinates":[18.566893,49.963357]},"properties":{"line":"C10","mode":"bus","color":"#0059a9","colorDark":"#00294f","band":1,"off":[-5.1,1.1]}},{"type":"Feature","geometry":{"type":"Point","coordinates":[18.566893,49.963357]},"properties":{"line":"C13","mode":"bus","color":"#0059a9","colorDark":"#00294f","band":1,"off":[-1.7,1.1]}},{"type":"Feature","geometry":{"type":"Point","coordinates":[18.566893,49.963357]},"properties":{"line":"C15","mode":"bus","color":"#0059a9","colorDark":"#00294f","band":1,"off":[1.7,1.1]}},{"type":"Feature","geometry":{"type":"Point","coordinates":[18.566893,49.963357]},"properties":{"line":"C17","mode":"bus","color":"#0059a9","colorDark":"#00294f","band":1,"off":[5.1,1.1]}},{"type":"Feature","geometry":{"type":"Point","coordinates":[18.584662,49.936747]},"properties":{"name":"Chlebowa Pętla","band":1,"modes":"bus","arr":["C11","C15","C16","R10","R11","S11","S16"],"off":[0,-0.8]}},{"type":"Feature","geometry":{"type":"Point","coordinates":[18.584662,49.936747]},"properties":{"line":"C11","mode":"bus","color":"#0059a9","colorDark":"#00294f","band":1,"off":[-6.8,1.1]}},{"type":"Feature","geometry":{"type":"Point","coordinates":[18.584662,49.936747]},"properties":{"line":"C15","mode":"bus","color":"#0059a9","colorDark":"#00294f","band":1,"off":[-3.4,1.1]}},{"type":"Feature","geometry":{"type":"Point","coordinates":[18.584662,49.936747]},"properties":{"line":"C16","mode":"bus","color":"#0059a9","colorDark":"#00294f","band":1,"off":[0,1.1]}},{"type":"Feature","geometry":{"type":"Point","coordinates":[18.584662,49.936747]},"properties":{"line":"R10","mode":"bus","color":"#0059a9","colorDark":"#00294f","band":1,"off":[3.4,1.1]}},{"type":"Feature","geometry":{"type":"Point","coordinates":[18.584662,49.936747]},"properties":{"line":"R11","mode":"bus","color":"#0059a9","colorDark":"#00294f","band":1,"off":[6.8,1.1]}},{"type":"Feature","geometry":{"type":"Point","coordinates":[18.584662,49.936747]},"properties":{"line":"S11","mode":"bus","color":"#0059a9","colorDark":"#00294f","band":1,"off":[-1.7,3.1]}},{"type":"Feature","geometry":{"type":"Point","coordinates":[18.584662,49.936747]},"properties":{"line":"S16","mode":"bus","color":"#0059a9","colorDark":"#00294f","band":1,"off":[1.7,3.1]}},{"type":"Feature","geometry":{"type":"Point","coordinates":[18.56888,49.959284]},"properties":{"name":"Os. Bogoczowiec","band":1,"modes":"bus","arr":["C19"],"off":[0,-0.8]}},{"type":"Feature","geometry":{"type":"Point","coordinates":[18.56888,49.959284]},"properties":{"line":"C19","mode":"bus","color":"#0059a9","colorDark":"#00294f","band":1,"off":[0,1.1]}},{"type":"Feature","geometry":{"type":"Point","coordinates":[18.68136,49.9125]},"properties":{"name":"Golasowice Pętla","band":1,"modes":"bus","arr":["L-2"],"off":[0,-0.8]}},{"type":"Feature","geometry":{"type":"Point","coordinates":[18.68136,49.9125]},"properties":{"line":"L-2","mode":"bus","color":"#0059a9","colorDark":"#00294f","band":1,"off":[0,1.1]}},{"type":"Feature","geometry":{"type":"Point","coordinates":[18.712591,49.99239]},"properties":{"name":"Warszowice Wiadukt","band":1,"modes":"bus","arr":["L-3"],"off":[0,-0.8]}},{"type":"Feature","geometry":{"type":"Point","coordinates":[18.712591,49.99239]},"properties":{"line":"L-3","mode":"bus","color":"#0059a9","colorDark":"#00294f","band":1,"off":[0,1.1]}},{"type":"Feature","geometry":{"type":"Point","coordinates":[18.703848,49.961883]},"properties":{"name":"Pawłowice Osiedle Liceum","band":1,"modes":"bus","arr":["L-6"],"off":[0,-0.8]}},{"type":"Feature","geometry":{"type":"Point","coordinates":[18.703848,49.961883]},"properties":{"line":"L-6","mode":"bus","color":"#0059a9","colorDark":"#00294f","band":1,"off":[0,1.1]}},{"type":"Feature","geometry":{"type":"Point","coordinates":[18.664388,49.987524]},"properties":{"name":"Krzyżowice Kościół","band":1,"modes":"bus","arr":["L-4","S15"],"off":[0,-0.8]}},{"type":"Feature","geometry":{"type":"Point","coordinates":[18.664388,49.987524]},"properties":{"line":"L-4","mode":"bus","color":"#0059a9","colorDark":"#00294f","band":1,"off":[-1.7,1.1]}},{"type":"Feature","geometry":{"type":"Point","coordinates":[18.664388,49.987524]},"properties":{"line":"S15","mode":"bus","color":"#0059a9","colorDark":"#00294f","band":1,"off":[1.7,1.1]}},{"type":"Feature","geometry":{"type":"Point","coordinates":[18.76386,49.917067]},"properties":{"name":"Strumień RYNEK","band":1,"modes":"bus","arr":["L-5"],"off":[0,-0.8]}},{"type":"Feature","geometry":{"type":"Point","coordinates":[18.76386,49.917067]},"properties":{"line":"L-5","mode":"bus","color":"#0059a9","colorDark":"#00294f","band":1,"off":[0,1.1]}},{"type":"Feature","geometry":{"type":"Point","coordinates":[18.73619,49.90239]},"properties":{"name":"Bąków Skrzyżowanie","band":1,"modes":"bus","arr":["L-6"],"off":[0,-0.8]}},{"type":"Feature","geometry":{"type":"Point","coordinates":[18.73619,49.90239]},"properties":{"line":"L-6","mode":"bus","color":"#0059a9","colorDark":"#00294f","band":1,"off":[0,1.1]}},{"type":"Feature","geometry":{"type":"Point","coordinates":[18.771699,49.959142]},"properties":{"name":"Studzionka Cmentarz","band":1,"modes":"bus","arr":["L-7"],"off":[0,-0.8]}},{"type":"Feature","geometry":{"type":"Point","coordinates":[18.771699,49.959142]},"properties":{"line":"L-7","mode":"bus","color":"#0059a9","colorDark":"#00294f","band":1,"off":[0,1.1]}},{"type":"Feature","geometry":{"type":"Point","coordinates":[18.522949,49.938052]},"properties":{"name":"Szotkowice Pętla","band":1,"modes":"bus","arr":["M10"],"off":[0,-0.8]}},{"type":"Feature","geometry":{"type":"Point","coordinates":[18.522949,49.938052]},"properties":{"line":"M10","mode":"bus","color":"#0059a9","colorDark":"#00294f","band":1,"off":[0,1.1]}},{"type":"Feature","geometry":{"type":"Point","coordinates":[18.625091,49.871177]},"properties":{"name":"Zebrzydowice Ośrodek Zdrowia","band":1,"modes":"bus","arr":["R10"],"off":[0,-0.8]}},{"type":"Feature","geometry":{"type":"Point","coordinates":[18.625091,49.871177]},"properties":{"line":"R10","mode":"bus","color":"#0059a9","colorDark":"#00294f","band":1,"off":[0,1.1]}},{"type":"Feature","geometry":{"type":"Point","coordinates":[18.602087,49.879132]},"properties":{"name":"Zebrzydowice Skrzyżowanie","band":1,"modes":"bus","arr":["R11"],"off":[0,-0.8]}},{"type":"Feature","geometry":{"type":"Point","coordinates":[18.602087,49.879132]},"properties":{"line":"R11","mode":"bus","color":"#0059a9","colorDark":"#00294f","band":1,"off":[0,1.1]}},{"type":"Feature","geometry":{"type":"Point","coordinates":[18.609957,49.998534]},"properties":{"name":"KWK Borynia","band":1,"modes":"bus","arr":["S13","S14","S16"],"off":[0,-0.8]}},{"type":"Feature","geometry":{"type":"Point","coordinates":[18.609957,49.998534]},"properties":{"line":"S13","mode":"bus","color":"#0059a9","colorDark":"#00294f","band":1,"off":[-3.4,1.1]}},{"type":"Feature","geometry":{"type":"Point","coordinates":[18.609957,49.998534]},"properties":{"line":"S14","mode":"bus","color":"#0059a9","colorDark":"#00294f","band":1,"off":[0,1.1]}},{"type":"Feature","geometry":{"type":"Point","coordinates":[18.609957,49.998534]},"properties":{"line":"S16","mode":"bus","color":"#0059a9","colorDark":"#00294f","band":1,"off":[3.4,1.1]}},{"type":"Feature","geometry":{"type":"Point","coordinates":[18.476222,50.104719]},"properties":{"name":"Jejkowice Centrum","band":2,"modes":"bus","arr":["1","26"],"off":[0,-0.8]}},{"type":"Feature","geometry":{"type":"Point","coordinates":[18.476222,50.104719]},"properties":{"line":"1","mode":"bus","color":"#0059a9","colorDark":"#00294f","band":2,"off":[-1.7,1.1]}},{"type":"Feature","geometry":{"type":"Point","coordinates":[18.476222,50.104719]},"properties":{"line":"26","mode":"bus","color":"#0059a9","colorDark":"#00294f","band":2,"off":[1.7,1.1]}},{"type":"Feature","geometry":{"type":"Point","coordinates":[18.54428,50.09632]},"properties":{"name":"Rybnik Śródmieście Plac Wolności 3","band":2,"modes":"bus","arr":["8","34","PR"],"off":[0,-0.8]}},{"type":"Feature","geometry":{"type":"Point","coordinates":[18.54428,50.09632]},"properties":{"name":"Rybnik Śródmieście Plac Wolności 2","band":2,"modes":"bus","arr":["8","34","PR"],"off":[0,-3]}},{"type":"Feature","geometry":{"type":"Point","coordinates":[18.54428,50.09632]},"properties":{"name":"Rybnik Śródmieście Plac Wolności 1","band":2,"modes":"bus","arr":["8","34","PR"],"off":[0,-5.2]}},{"type":"Feature","geometry":{"type":"Point","coordinates":[18.54428,50.09632]},"properties":{"line":"8","mode":"bus","color":"#0059a9","colorDark":"#00294f","band":2,"off":[-3.4,1.1]}},{"type":"Feature","geometry":{"type":"Point","coordinates":[18.54428,50.09632]},"properties":{"line":"34","mode":"bus","color":"#0059a9","colorDark":"#00294f","band":2,"off":[0,1.1]}},{"type":"Feature","geometry":{"type":"Point","coordinates":[18.54428,50.09632]},"properties":{"line":"PR","mode":"bus","color":"#0059a9","colorDark":"#00294f","band":2,"off":[3.4,1.1]}},{"type":"Feature","geometry":{"type":"Point","coordinates":[18.540934,50.093319]},"properties":{"name":"Rybnik Śródmieście Sąd","band":2,"modes":"bus","arr":["46A"],"off":[0,-0.8]}},{"type":"Feature","geometry":{"type":"Point","coordinates":[18.540934,50.093319]},"properties":{"line":"46A","mode":"bus","color":"#0059a9","colorDark":"#00294f","band":2,"off":[0,1.1]}},{"type":"Feature","geometry":{"type":"Point","coordinates":[18.49032,50.040219]},"properties":{"name":"Radlin Ujejskiego","band":2,"modes":"bus","arr":["1","3","6"],"off":[0,-0.8]}},{"type":"Feature","geometry":{"type":"Point","coordinates":[18.49032,50.040219]},"properties":{"line":"1","mode":"bus","color":"#0059a9","colorDark":"#00294f","band":2,"off":[-3.4,1.1]}},{"type":"Feature","geometry":{"type":"Point","coordinates":[18.49032,50.040219]},"properties":{"line":"3","mode":"bus","color":"#0059a9","colorDark":"#00294f","band":2,"off":[0,1.1]}},{"type":"Feature","geometry":{"type":"Point","coordinates":[18.49032,50.040219]},"properties":{"line":"6","mode":"bus","color":"#0059a9","colorDark":"#00294f","band":2,"off":[3.4,1.1]}},{"type":"Feature","geometry":{"type":"Point","coordinates":[18.533587,50.100454]},"properties":{"name":"Rybnik Maroko Nowiny Dworzec Aut. A","band":2,"modes":"bus","arr":["2","4","5","6","9","10","14","16","17","18","19","22","51","52"],"off":[0,-0.8],"sc":0.95}},{"type":"Feature","geometry":{"type":"Point","coordinates":[18.533587,50.100454]},"properties":{"name":"Rybnik Maroko Nowiny Dworzec Aut. 3","band":2,"modes":"bus","arr":["2","4","5","6","9","10","14","16","17","18","19","22","51","52"],"off":[0,-3],"sc":0.95}},{"type":"Feature","geometry":{"type":"Point","coordinates":[18.533587,50.100454]},"properties":{"name":"Rybnik Maroko Nowiny Dworzec Aut. 2","band":2,"modes":"bus","arr":["2","4","5","6","9","10","14","16","17","18","19","22","51","52"],"off":[0,-5.2],"sc":0.95}},{"type":"Feature","geometry":{"type":"Point","coordinates":[18.533587,50.100454]},"properties":{"line":"2","mode":"bus","color":"#0059a9","colorDark":"#00294f","band":2,"sc":0.95,"off":[-6.8,1.1]}},{"type":"Feature","geometry":{"type":"Point","coordinates":[18.533587,50.100454]},"properties":{"line":"4","mode":"bus","color":"#0059a9","colorDark":"#00294f","band":2,"sc":0.95,"off":[-3.4,1.1]}},{"type":"Feature","geometry":{"type":"Point","coordinates":[18.533587,50.100454]},"properties":{"line":"5","mode":"bus","color":"#0059a9","colorDark":"#00294f","band":2,"sc":0.95,"off":[0,1.1]}},{"type":"Feature","geometry":{"type":"Point","coordinates":[18.533587,50.100454]},"properties":{"line":"6","mode":"bus","color":"#0059a9","colorDark":"#00294f","band":2,"sc":0.95,"off":[3.4,1.1]}},{"type":"Feature","geometry":{"type":"Point","coordinates":[18.533587,50.100454]},"properties":{"line":"9","mode":"bus","color":"#0059a9","colorDark":"#00294f","band":2,"sc":0.95,"off":[6.8,1.1]}},{"type":"Feature","geometry":{"type":"Point","coordinates":[18.533587,50.100454]},"properties":{"line":"10","mode":"bus","color":"#0059a9","colorDark":"#00294f","band":2,"sc":0.95,"off":[-6.8,3.1]}},{"type":"Feature","geometry":{"type":"Point","coordinates":[18.533587,50.100454]},"properties":{"line":"14","mode":"bus","color":"#0059a9","colorDark":"#00294f","band":2,"sc":0.95,"off":[-3.4,3.1]}},{"type":"Feature","geometry":{"type":"Point","coordinates":[18.533587,50.100454]},"properties":{"line":"16","mode":"bus","color":"#0059a9","colorDark":"#00294f","band":2,"sc":0.95,"off":[0,3.1]}},{"type":"Feature","geometry":{"type":"Point","coordinates":[18.533587,50.100454]},"properties":{"line":"17","mode":"bus","color":"#0059a9","colorDark":"#00294f","band":2,"sc":0.95,"off":[3.4,3.1]}},{"type":"Feature","geometry":{"type":"Point","coordinates":[18.533587,50.100454]},"properties":{"line":"18","mode":"bus","color":"#0059a9","colorDark":"#00294f","band":2,"sc":0.95,"off":[6.8,3.1]}},{"type":"Feature","geometry":{"type":"Point","coordinates":[18.533587,50.100454]},"properties":{"line":"19","mode":"bus","color":"#0059a9","colorDark":"#00294f","band":2,"sc":0.95,"off":[-5.1,5.1]}},{"type":"Feature","geometry":{"type":"Point","coordinates":[18.533587,50.100454]},"properties":{"line":"22","mode":"bus","color":"#0059a9","colorDark":"#00294f","band":2,"sc":0.95,"off":[-1.7,5.1]}},{"type":"Feature","geometry":{"type":"Point","coordinates":[18.533587,50.100454]},"properties":{"line":"51","mode":"bus","color":"#0059a9","colorDark":"#00294f","band":2,"sc":0.95,"off":[1.7,5.1]}},{"type":"Feature","geometry":{"type":"Point","coordinates":[18.533587,50.100454]},"properties":{"line":"52","mode":"bus","color":"#0059a9","colorDark":"#00294f","band":2,"sc":0.95,"off":[5.1,5.1]}},{"type":"Feature","geometry":{"type":"Point","coordinates":[18.517077,50.016732]},"properties":{"name":"Marklowice Słoneczna Wyspa","band":2,"modes":"bus","arr":["2"],"off":[0,-0.8]}},{"type":"Feature","geometry":{"type":"Point","coordinates":[18.517077,50.016732]},"properties":{"line":"2","mode":"bus","color":"#0059a9","colorDark":"#00294f","band":2,"off":[0,1.1]}},{"type":"Feature","geometry":{"type":"Point","coordinates":[18.520585,50.114923]},"properties":{"name":"Rybnik Orzepowice Storczyków","band":2,"modes":"bus","arr":["3","33","46"],"off":[0,-0.8]}},{"type":"Feature","geometry":{"type":"Point","coordinates":[18.520585,50.114923]},"properties":{"line":"3","mode":"bus","color":"#0059a9","colorDark":"#00294f","band":2,"off":[-3.4,1.1]}},{"type":"Feature","geometry":{"type":"Point","coordinates":[18.520585,50.114923]},"properties":{"line":"33","mode":"bus","color":"#0059a9","colorDark":"#00294f","band":2,"off":[0,1.1]}},{"type":"Feature","geometry":{"type":"Point","coordinates":[18.520585,50.114923]},"properties":{"line":"46","mode":"bus","color":"#0059a9","colorDark":"#00294f","band":2,"off":[3.4,1.1]}},{"type":"Feature","geometry":{"type":"Point","coordinates":[18.548902,50.071783]},"properties":{"name":"Rybnik Chwałowice Kopalnia","band":2,"modes":"bus","arr":["42"],"off":[0,-0.8]}},{"type":"Feature","geometry":{"type":"Point","coordinates":[18.548902,50.071783]},"properties":{"line":"42","mode":"bus","color":"#0059a9","colorDark":"#00294f","band":2,"off":[0,1.1]}},{"type":"Feature","geometry":{"type":"Point","coordinates":[18.535006,50.110001]},"properties":{"name":"Rybnik Północ Wawok","band":2,"modes":"bus","arr":["A"],"off":[0,-0.8]}},{"type":"Feature","geometry":{"type":"Point","coordinates":[18.535006,50.110001]},"properties":{"line":"A","mode":"bus","color":"#0059a9","colorDark":"#00294f","band":2,"off":[0,1.1]}},{"type":"Feature","geometry":{"type":"Point","coordinates":[18.533448,50.102421]},"properties":{"name":"Rybnik Maroko Nowiny Dworzec Aut. 5","band":2,"modes":"bus","arr":["6","52","300","301"],"off":[0,-0.8]}},{"type":"Feature","geometry":{"type":"Point","coordinates":[18.533448,50.102421]},"properties":{"name":"R-k Maroko Nowiny Dworzec Autobusowy","band":2,"modes":"bus","arr":["6","52","300","301"],"off":[0,-3]}},{"type":"Feature","geometry":{"type":"Point","coordinates":[18.533448,50.102421]},"properties":{"line":"6","mode":"bus","color":"#0059a9","colorDark":"#00294f","band":2,"off":[-5.1,1.1]}},{"type":"Feature","geometry":{"type":"Point","coordinates":[18.533448,50.102421]},"properties":{"line":"52","mode":"bus","color":"#0059a9","colorDark":"#00294f","band":2,"off":[-1.7,1.1]}},{"type":"Feature","geometry":{"type":"Point","coordinates":[18.533448,50.102421]},"properties":{"line":"300","mode":"bus","color":"#0059a9","colorDark":"#00294f","band":2,"off":[1.7,1.1]}},{"type":"Feature","geometry":{"type":"Point","coordinates":[18.533448,50.102421]},"properties":{"line":"301","mode":"bus","color":"#0059a9","colorDark":"#00294f","band":2,"off":[5.1,1.1]}},{"type":"Feature","geometry":{"type":"Point","coordinates":[18.546324,50.111927]},"properties":{"name":"Rybnik Północ Kąpielisko Ruda","band":2,"modes":"bus","arr":["7","23","30"],"off":[0,-0.8]}},{"type":"Feature","geometry":{"type":"Point","coordinates":[18.546324,50.111927]},"properties":{"line":"7","mode":"bus","color":"#0059a9","colorDark":"#00294f","band":2,"off":[-3.4,1.1]}},{"type":"Feature","geometry":{"type":"Point","coordinates":[18.546324,50.111927]},"properties":{"line":"23","mode":"bus","color":"#0059a9","colorDark":"#00294f","band":2,"off":[0,1.1]}},{"type":"Feature","geometry":{"type":"Point","coordinates":[18.546324,50.111927]},"properties":{"line":"30","mode":"bus","color":"#0059a9","colorDark":"#00294f","band":2,"off":[3.4,1.1]}},{"type":"Feature","geometry":{"type":"Point","coordinates":[18.450087,50.102488]},"properties":{"name":"Szczerbice Straż","band":2,"modes":"bus","arr":["7"],"off":[0,-0.8]}},{"type":"Feature","geometry":{"type":"Point","coordinates":[18.450087,50.102488]},"properties":{"line":"7","mode":"bus","color":"#0059a9","colorDark":"#00294f","band":2,"off":[0,1.1]}},{"type":"Feature","geometry":{"type":"Point","coordinates":[18.415636,50.056725]},"properties":{"name":"Rydułtowy Rynek","band":2,"modes":"bus","arr":["8","28","29","207"],"off":[0,-0.8]}},{"type":"Feature","geometry":{"type":"Point","coordinates":[18.415636,50.056725]},"properties":{"line":"8","mode":"bus","color":"#0059a9","colorDark":"#00294f","band":2,"off":[-5.1,1.1]}},{"type":"Feature","geometry":{"type":"Point","coordinates":[18.415636,50.056725]},"properties":{"line":"28","mode":"bus","color":"#0059a9","colorDark":"#00294f","band":2,"off":[-1.7,1.1]}},{"type":"Feature","geometry":{"type":"Point","coordinates":[18.415636,50.056725]},"properties":{"line":"29","mode":"bus","color":"#0059a9","colorDark":"#00294f","band":2,"off":[1.7,1.1]}},{"type":"Feature","geometry":{"type":"Point","coordinates":[18.415636,50.056725]},"properties":{"line":"207","mode":"bus","color":"#0059a9","colorDark":"#00294f","band":2,"off":[5.1,1.1]}},{"type":"Feature","geometry":{"type":"Point","coordinates":[18.397329,50.040486]},"properties":{"name":"Pszów, Dworzec Autobusowy","band":2,"modes":"bus","arr":["10","W51"],"off":[0,-0.8]}},{"type":"Feature","geometry":{"type":"Point","coordinates":[18.397329,50.040486]},"properties":{"name":"Pszów DA","band":2,"modes":"bus","arr":["10","W51"],"off":[0,-3]}},{"type":"Feature","geometry":{"type":"Point","coordinates":[18.397329,50.040486]},"properties":{"line":"10","mode":"bus","color":"#0059a9","colorDark":"#00294f","band":2,"off":[-1.7,1.1]}},{"type":"Feature","geometry":{"type":"Point","coordinates":[18.397329,50.040486]},"properties":{"line":"W51","mode":"bus","color":"#0059a9","colorDark":"#00294f","band":2,"off":[1.7,1.1]}},{"type":"Feature","geometry":{"type":"Point","coordinates":[18.554997,50.060198]},"properties":{"name":"Rybnik Chwałowice Pętla","band":2,"modes":"bus","arr":["12","15","27","29","36","41","43"],"off":[0,-0.8]}},{"type":"Feature","geometry":{"type":"Point","coordinates":[18.554997,50.060198]},"properties":{"line":"12","mode":"bus","color":"#0059a9","colorDark":"#00294f","band":2,"off":[-6.8,1.1]}},{"type":"Feature","geometry":{"type":"Point","coordinates":[18.554997,50.060198]},"properties":{"line":"15","mode":"bus","color":"#0059a9","colorDark":"#00294f","band":2,"off":[-3.4,1.1]}},{"type":"Feature","geometry":{"type":"Point","coordinates":[18.554997,50.060198]},"properties":{"line":"27","mode":"bus","color":"#0059a9","colorDark":"#00294f","band":2,"off":[0,1.1]}},{"type":"Feature","geometry":{"type":"Point","coordinates":[18.554997,50.060198]},"properties":{"line":"29","mode":"bus","color":"#0059a9","colorDark":"#00294f","band":2,"off":[3.4,1.1]}},{"type":"Feature","geometry":{"type":"Point","coordinates":[18.554997,50.060198]},"properties":{"line":"36","mode":"bus","color":"#0059a9","colorDark":"#00294f","band":2,"off":[6.8,1.1]}},{"type":"Feature","geometry":{"type":"Point","coordinates":[18.554997,50.060198]},"properties":{"line":"41","mode":"bus","color":"#0059a9","colorDark":"#00294f","band":2,"off":[-1.7,3.1]}},{"type":"Feature","geometry":{"type":"Point","coordinates":[18.554997,50.060198]},"properties":{"line":"43","mode":"bus","color":"#0059a9","colorDark":"#00294f","band":2,"off":[1.7,3.1]}},{"type":"Feature","geometry":{"type":"Point","coordinates":[18.542061,50.133478]},"properties":{"name":"Rybnik Rybnicka Kuźnia WORD","band":2,"modes":"bus","arr":["48"],"off":[0,-0.8]}},{"type":"Feature","geometry":{"type":"Point","coordinates":[18.542061,50.133478]},"properties":{"line":"48","mode":"bus","color":"#0059a9","colorDark":"#00294f","band":2,"off":[0,1.1]}},{"type":"Feature","geometry":{"type":"Point","coordinates":[18.608644,50.046717]},"properties":{"name":"Rybnik Boguszowice Osiedle Pętla","band":2,"modes":"bus","arr":["13","15","32","46","46A","48","49","N8"],"off":[0,-0.8]}},{"type":"Feature","geometry":{"type":"Point","coordinates":[18.608644,50.046717]},"properties":{"line":"13","mode":"bus","color":"#0059a9","colorDark":"#00294f","band":2,"off":[-6.8,1.1]}},{"type":"Feature","geometry":{"type":"Point","coordinates":[18.608644,50.046717]},"properties":{"line":"15","mode":"bus","color":"#0059a9","colorDark":"#00294f","band":2,"off":[-3.4,1.1]}},{"type":"Feature","geometry":{"type":"Point","coordinates":[18.608644,50.046717]},"properties":{"line":"32","mode":"bus","color":"#0059a9","colorDark":"#00294f","band":2,"off":[0,1.1]}},{"type":"Feature","geometry":{"type":"Point","coordinates":[18.608644,50.046717]},"properties":{"line":"46","mode":"bus","color":"#0059a9","colorDark":"#00294f","band":2,"off":[3.4,1.1]}},{"type":"Feature","geometry":{"type":"Point","coordinates":[18.608644,50.046717]},"properties":{"line":"46A","mode":"bus","color":"#0059a9","colorDark":"#00294f","band":2,"off":[6.8,1.1]}},{"type":"Feature","geometry":{"type":"Point","coordinates":[18.608644,50.046717]},"properties":{"line":"48","mode":"bus","color":"#0059a9","colorDark":"#00294f","band":2,"off":[-3.4,3.1]}},{"type":"Feature","geometry":{"type":"Point","coordinates":[18.608644,50.046717]},"properties":{"line":"49","mode":"bus","color":"#0059a9","colorDark":"#00294f","band":2,"off":[0,3.1]}},{"type":"Feature","geometry":{"type":"Point","coordinates":[18.608644,50.046717]},"properties":{"line":"N8","mode":"bus","color":"#0059a9","colorDark":"#00294f","band":2,"off":[3.4,3.1]}},{"type":"Feature","geometry":{"type":"Point","coordinates":[18.51638,50.141372]},"properties":{"name":"Rybnik Grabownia Olszowiec","band":2,"modes":"bus","arr":["13","32"],"off":[0,-0.8]}},{"type":"Feature","geometry":{"type":"Point","coordinates":[18.51638,50.141372]},"properties":{"line":"13","mode":"bus","color":"#0059a9","colorDark":"#00294f","band":2,"off":[-1.7,1.1]}},{"type":"Feature","geometry":{"type":"Point","coordinates":[18.51638,50.141372]},"properties":{"line":"32","mode":"bus","color":"#0059a9","colorDark":"#00294f","band":2,"off":[1.7,1.1]}},{"type":"Feature","geometry":{"type":"Point","coordinates":[18.575894,50.098241]},"properties":{"name":"Rybnik Paruszowiec Piaski Przemysłowa","band":2,"modes":"bus","arr":["28"],"off":[0,-0.8]}},{"type":"Feature","geometry":{"type":"Point","coordinates":[18.575894,50.098241]},"properties":{"line":"28","mode":"bus","color":"#0059a9","colorDark":"#00294f","band":2,"off":[0,1.1]}},{"type":"Feature","geometry":{"type":"Point","coordinates":[18.429998,50.068114]},"properties":{"name":"Rydułtowy Kopalnia","band":2,"modes":"bus","arr":["23"],"off":[0,-0.8]}},{"type":"Feature","geometry":{"type":"Point","coordinates":[18.429998,50.068114]},"properties":{"line":"23","mode":"bus","color":"#0059a9","colorDark":"#00294f","band":2,"off":[0,1.1]}},{"type":"Feature","geometry":{"type":"Point","coordinates":[18.551945,50.089882]},"properties":{"name":"Rybnik Meksyk Kolejowa","band":2,"modes":"bus","arr":["24"],"off":[0,-0.8]}},{"type":"Feature","geometry":{"type":"Point","coordinates":[18.551945,50.089882]},"properties":{"line":"24","mode":"bus","color":"#0059a9","colorDark":"#00294f","band":2,"off":[0,1.1]}},{"type":"Feature","geometry":{"type":"Point","coordinates":[18.461974,50.06073]},"properties":{"name":"Rybnik Niewiadom Morcinka","band":2,"modes":"bus","arr":["24"],"off":[0,-0.8]}},{"type":"Feature","geometry":{"type":"Point","coordinates":[18.461974,50.06073]},"properties":{"line":"24","mode":"bus","color":"#0059a9","colorDark":"#00294f","band":2,"off":[0,1.1]}},{"type":"Feature","geometry":{"type":"Point","coordinates":[18.529023,50.134263]},"properties":{"name":"Rybnik Rybnicka Kuźnia Chłodnie Pętla","band":2,"modes":"bus","arr":["26","49","N6"],"off":[0,-0.8]}},{"type":"Feature","geometry":{"type":"Point","coordinates":[18.529023,50.134263]},"properties":{"name":"Rybnik Rybnicka Kuźnia Chłodnie","band":2,"modes":"bus","arr":["26","49","N6"],"off":[0,-4.1]}},{"type":"Feature","geometry":{"type":"Point","coordinates":[18.529023,50.134263]},"properties":{"line":"26","mode":"bus","color":"#0059a9","colorDark":"#00294f","band":2,"off":[-3.4,1.1]}},{"type":"Feature","geometry":{"type":"Point","coordinates":[18.529023,50.134263]},"properties":{"line":"49","mode":"bus","color":"#0059a9","colorDark":"#00294f","band":2,"off":[0,1.1]}},{"type":"Feature","geometry":{"type":"Point","coordinates":[18.529023,50.134263]},"properties":{"line":"N6","mode":"bus","color":"#0059a9","colorDark":"#00294f","band":2,"off":[3.4,1.1]}},{"type":"Feature","geometry":{"type":"Point","coordinates":[18.38991,50.11932]},"properties":{"name":"Lyski Rondo","band":2,"modes":"bus","arr":["27","36"],"off":[0,-0.8]}},{"type":"Feature","geometry":{"type":"Point","coordinates":[18.38991,50.11932]},"properties":{"line":"27","mode":"bus","color":"#0059a9","colorDark":"#00294f","band":2,"off":[-1.7,1.1]}},{"type":"Feature","geometry":{"type":"Point","coordinates":[18.38991,50.11932]},"properties":{"line":"36","mode":"bus","color":"#0059a9","colorDark":"#00294f","band":2,"off":[1.7,1.1]}},{"type":"Feature","geometry":{"type":"Point","coordinates":[18.570761,50.043081]},"properties":{"name":"Jankowice G.S.","band":2,"modes":"bus","arr":["30"],"off":[0,-0.8]}},{"type":"Feature","geometry":{"type":"Point","coordinates":[18.570761,50.043081]},"properties":{"line":"30","mode":"bus","color":"#0059a9","colorDark":"#00294f","band":2,"off":[0,1.1]}},{"type":"Feature","geometry":{"type":"Point","coordinates":[18.584744,50.002376]},"properties":{"name":"Świerklany Szyb","band":2,"modes":"bus","arr":["33"],"off":[0,-0.8]}},{"type":"Feature","geometry":{"type":"Point","coordinates":[18.584744,50.002376]},"properties":{"line":"33","mode":"bus","color":"#0059a9","colorDark":"#00294f","band":2,"off":[0,1.1]}},{"type":"Feature","geometry":{"type":"Point","coordinates":[18.579527,50.198255]},"properties":{"name":"Wilcza Skrzyżowanie","band":2,"modes":"bus","arr":["34"],"off":[0,-0.8]}},{"type":"Feature","geometry":{"type":"Point","coordinates":[18.579527,50.198255]},"properties":{"line":"34","mode":"bus","color":"#0059a9","colorDark":"#00294f","band":2,"off":[0,1.1]}},{"type":"Feature","geometry":{"type":"Point","coordinates":[18.63066,50.052636]},"properties":{"name":"Rybnik Kłokocin Pętla","band":2,"modes":"bus","arr":["42","45"],"off":[0,-0.8]}},{"type":"Feature","geometry":{"type":"Point","coordinates":[18.63066,50.052636]},"properties":{"line":"42","mode":"bus","color":"#0059a9","colorDark":"#00294f","band":2,"off":[-1.7,1.1]}},{"type":"Feature","geometry":{"type":"Point","coordinates":[18.63066,50.052636]},"properties":{"line":"45","mode":"bus","color":"#0059a9","colorDark":"#00294f","band":2,"off":[1.7,1.1]}},{"type":"Feature","geometry":{"type":"Point","coordinates":[18.447179,50.192537]},"properties":{"name":"Rudy Kościół","band":2,"modes":"bus","arr":["43"],"off":[0,-0.8]}},{"type":"Feature","geometry":{"type":"Point","coordinates":[18.447179,50.192537]},"properties":{"line":"43","mode":"bus","color":"#0059a9","colorDark":"#00294f","band":2,"off":[0,1.1]}},{"type":"Feature","geometry":{"type":"Point","coordinates":[18.478906,50.153632]},"properties":{"name":"Rybnik Stodoły Kaplica","band":2,"modes":"bus","arr":["PR"],"off":[0,-0.8]}},{"type":"Feature","geometry":{"type":"Point","coordinates":[18.478906,50.153632]},"properties":{"line":"PR","mode":"bus","color":"#0059a9","colorDark":"#00294f","band":2,"off":[0,1.1]}},{"type":"Feature","geometry":{"type":"Point","coordinates":[18.441692,50.144205]},"properties":{"name":"Zwonowice Szkoła","band":2,"modes":"bus","arr":["45"],"off":[0,-0.8]}},{"type":"Feature","geometry":{"type":"Point","coordinates":[18.441692,50.144205]},"properties":{"line":"45","mode":"bus","color":"#0059a9","colorDark":"#00294f","band":2,"off":[0,1.1]}},{"type":"Feature","geometry":{"type":"Point","coordinates":[18.69362,50.047829]},"properties":{"name":"Żory Centrum Przesiadkowe","band":2,"modes":"bus","arr":["01","02","03","52","305","306","307","308","S10","S11"],"off":[0,-0.8]}},{"type":"Feature","geometry":{"type":"Point","coordinates":[18.69362,50.047829]},"properties":{"name":"Centrum Przesiadkowe","band":2,"modes":"bus","arr":["01","02","03","52","305","306","307","308","S10","S11"],"off":[0,-3]}},{"type":"Feature","geometry":{"type":"Point","coordinates":[18.69362,50.047829]},"properties":{"line":"01","mode":"bus","color":"#0059a9","colorDark":"#00294f","band":2,"off":[-6.8,1.1]}},{"type":"Feature","geometry":{"type":"Point","coordinates":[18.69362,50.047829]},"properties":{"line":"02","mode":"bus","color":"#0059a9","colorDark":"#00294f","band":2,"off":[-3.4,1.1]}},{"type":"Feature","geometry":{"type":"Point","coordinates":[18.69362,50.047829]},"properties":{"line":"03","mode":"bus","color":"#0059a9","colorDark":"#00294f","band":2,"off":[0,1.1]}},{"type":"Feature","geometry":{"type":"Point","coordinates":[18.69362,50.047829]},"properties":{"line":"52","mode":"bus","color":"#0059a9","colorDark":"#00294f","band":2,"off":[3.4,1.1]}},{"type":"Feature","geometry":{"type":"Point","coordinates":[18.69362,50.047829]},"properties":{"line":"305","mode":"bus","color":"#0059a9","colorDark":"#00294f","band":2,"off":[6.8,1.1]}},{"type":"Feature","geometry":{"type":"Point","coordinates":[18.69362,50.047829]},"properties":{"line":"306","mode":"bus","color":"#0059a9","colorDark":"#00294f","band":2,"off":[-6.8,3.1]}},{"type":"Feature","geometry":{"type":"Point","coordinates":[18.69362,50.047829]},"properties":{"line":"307","mode":"bus","color":"#0059a9","colorDark":"#00294f","band":2,"off":[-3.4,3.1]}},{"type":"Feature","geometry":{"type":"Point","coordinates":[18.69362,50.047829]},"properties":{"line":"308","mode":"bus","color":"#0059a9","colorDark":"#00294f","band":2,"off":[0,3.1]}},{"type":"Feature","geometry":{"type":"Point","coordinates":[18.69362,50.047829]},"properties":{"line":"S10","mode":"bus","color":"#0059a9","colorDark":"#00294f","band":2,"off":[3.4,3.1]}},{"type":"Feature","geometry":{"type":"Point","coordinates":[18.69362,50.047829]},"properties":{"line":"S11","mode":"bus","color":"#0059a9","colorDark":"#00294f","band":2,"off":[6.8,3.1]}},{"type":"Feature","geometry":{"type":"Point","coordinates":[18.532148,50.073504]},"properties":{"name":"Rybnik Zamysłów Dolna Mostek","band":2,"modes":"bus","arr":["A"],"off":[0,-0.8]}},{"type":"Feature","geometry":{"type":"Point","coordinates":[18.532148,50.073504]},"properties":{"line":"A","mode":"bus","color":"#0059a9","colorDark":"#00294f","band":2,"off":[0,1.1]}},{"type":"Feature","geometry":{"type":"Point","coordinates":[18.544121,50.095433]},"properties":{"name":"Plac Wolności","band":2,"modes":"bus","arr":["PR"],"off":[0,-0.8]}},{"type":"Feature","geometry":{"type":"Point","coordinates":[18.544121,50.095433]},"properties":{"line":"PR","mode":"bus","color":"#0059a9","colorDark":"#00294f","band":2,"off":[0,1.1]}},{"type":"Feature","geometry":{"type":"Point","coordinates":[18.672496,50.022594]},"properties":{"name":"Al. Jana Pawła II - Industrialna","band":2,"modes":"bus","arr":["09"],"off":[0,-0.8]}},{"type":"Feature","geometry":{"type":"Point","coordinates":[18.672496,50.022594]},"properties":{"line":"09","mode":"bus","color":"#0059a9","colorDark":"#00294f","band":2,"off":[0,1.1]}},{"type":"Feature","geometry":{"type":"Point","coordinates":[18.679427,50.034854]},"properties":{"name":"Al. Zjednoczonej Europy - Archiwum","band":2,"modes":"bus","arr":["08"],"off":[0,-0.8]}},{"type":"Feature","geometry":{"type":"Point","coordinates":[18.679427,50.034854]},"properties":{"line":"08","mode":"bus","color":"#0059a9","colorDark":"#00294f","band":2,"off":[0,1.1]}},{"type":"Feature","geometry":{"type":"Point","coordinates":[18.682127,50.005349]},"properties":{"name":"Główna Pętla","band":2,"modes":"bus","arr":["03"],"off":[0,-0.8]}},{"type":"Feature","geometry":{"type":"Point","coordinates":[18.682127,50.005349]},"properties":{"line":"03","mode":"bus","color":"#0059a9","colorDark":"#00294f","band":2,"off":[0,1.1]}},{"type":"Feature","geometry":{"type":"Point","coordinates":[18.686571,50.029772]},"properties":{"name":"Al. Jana Pawła II Bajerówka","band":2,"modes":"bus","arr":["04","05","ZL"],"off":[0,-0.8]}},{"type":"Feature","geometry":{"type":"Point","coordinates":[18.686571,50.029772]},"properties":{"line":"04","mode":"bus","color":"#0059a9","colorDark":"#00294f","band":2,"off":[-3.4,1.1]}},{"type":"Feature","geometry":{"type":"Point","coordinates":[18.686571,50.029772]},"properties":{"line":"05","mode":"bus","color":"#0059a9","colorDark":"#00294f","band":2,"off":[0,1.1]}},{"type":"Feature","geometry":{"type":"Point","coordinates":[18.686571,50.029772]},"properties":{"line":"ZL","mode":"bus","color":"#0059a9","colorDark":"#00294f","band":2,"off":[3.4,1.1]}},{"type":"Feature","geometry":{"type":"Point","coordinates":[18.643194,50.070108]},"properties":{"name":"Rybnicka - Granica","band":2,"modes":"bus","arr":["04","08"],"off":[0,-0.8]}},{"type":"Feature","geometry":{"type":"Point","coordinates":[18.643194,50.070108]},"properties":{"line":"04","mode":"bus","color":"#0059a9","colorDark":"#00294f","band":2,"off":[-1.7,1.1]}},{"type":"Feature","geometry":{"type":"Point","coordinates":[18.643194,50.070108]},"properties":{"line":"08","mode":"bus","color":"#0059a9","colorDark":"#00294f","band":2,"off":[1.7,1.1]}},{"type":"Feature","geometry":{"type":"Point","coordinates":[18.588982,50.049147]},"properties":{"name":"Boguszowice Osiedle Kopalnia","band":2,"modes":"bus","arr":["05"],"off":[0,-0.8]}},{"type":"Feature","geometry":{"type":"Point","coordinates":[18.588982,50.049147]},"properties":{"line":"05","mode":"bus","color":"#0059a9","colorDark":"#00294f","band":2,"off":[0,1.1]}},{"type":"Feature","geometry":{"type":"Point","coordinates":[18.713602,50.049184]},"properties":{"name":"Leśna Miasteczko Westernowe","band":2,"modes":"bus","arr":["06"],"off":[0,-0.8]}},{"type":"Feature","geometry":{"type":"Point","coordinates":[18.713602,50.049184]},"properties":{"line":"06","mode":"bus","color":"#0059a9","colorDark":"#00294f","band":2,"off":[0,1.1]}},{"type":"Feature","geometry":{"type":"Point","coordinates":[18.732622,50.003473]},"properties":{"name":"Szoszowy - Stalmacha","band":2,"modes":"bus","arr":["06"],"off":[0,-0.8]}},{"type":"Feature","geometry":{"type":"Point","coordinates":[18.732622,50.003473]},"properties":{"line":"06","mode":"bus","color":"#0059a9","colorDark":"#00294f","band":2,"off":[0,1.1]}},{"type":"Feature","geometry":{"type":"Point","coordinates":[18.704402,50.039695]},"properties":{"name":"Francuska","band":2,"modes":"bus","arr":["07"],"off":[0,-0.8]}},{"type":"Feature","geometry":{"type":"Point","coordinates":[18.704402,50.039695]},"properties":{"line":"07","mode":"bus","color":"#0059a9","colorDark":"#00294f","band":2,"off":[0,1.1]}},{"type":"Feature","geometry":{"type":"Point","coordinates":[18.751524,50.049083]},"properties":{"name":"Jasna","band":2,"modes":"bus","arr":["07"],"off":[0,-0.8]}},{"type":"Feature","geometry":{"type":"Point","coordinates":[18.751524,50.049083]},"properties":{"line":"07","mode":"bus","color":"#0059a9","colorDark":"#00294f","band":2,"off":[0,1.1]}},{"type":"Feature","geometry":{"type":"Point","coordinates":[18.711717,50.056137]},"properties":{"name":"Boczna - Klonowa","band":2,"modes":"bus","arr":["09"],"off":[0,-0.8]}},{"type":"Feature","geometry":{"type":"Point","coordinates":[18.711717,50.056137]},"properties":{"line":"09","mode":"bus","color":"#0059a9","colorDark":"#00294f","band":2,"off":[0,1.1]}},{"type":"Feature","geometry":{"type":"Point","coordinates":[18.62529,50.042004]},"properties":{"name":"Górnicza - Basen","band":2,"modes":"bus","arr":["ZL"],"off":[0,-0.8]}},{"type":"Feature","geometry":{"type":"Point","coordinates":[18.62529,50.042004]},"properties":{"line":"ZL","mode":"bus","color":"#0059a9","colorDark":"#00294f","band":2,"off":[0,1.1]}},{"type":"Feature","geometry":{"type":"Point","coordinates":[18.382506,49.945062]},"properties":{"name":"Uchylsko, Wiejska","band":2,"modes":"bus","arr":["W32"],"off":[0,-0.8]}},{"type":"Feature","geometry":{"type":"Point","coordinates":[18.382506,49.945062]},"properties":{"line":"W32","mode":"bus","color":"#0059a9","colorDark":"#00294f","band":2,"off":[0,1.1]}},{"type":"Feature","geometry":{"type":"Point","coordinates":[18.464539,50.000863]},"properties":{"name":"Wodzisław Śląski, Targowa Dworzec Autobusowy","band":2,"modes":"bus","arr":["201","202","203","204","205","206","207","208","209","210","W09","W11","W32","W33","W34","W38","W41","W42","W53"],"off":[0,-0.8],"sc":0.87}},{"type":"Feature","geometry":{"type":"Point","coordinates":[18.464539,50.000863]},"properties":{"name":"Wodzisław Dworzec Autobusowy","band":2,"modes":"bus","arr":["201","202","203","204","205","206","207","208","209","210","W09","W11","W32","W33","W34","W38","W41","W42","W53"],"off":[0,-4.1],"sc":0.87}},{"type":"Feature","geometry":{"type":"Point","coordinates":[18.464539,50.000863]},"properties":{"line":"201","mode":"bus","color":"#0059a9","colorDark":"#00294f","band":2,"sc":0.87,"off":[-6.8,1.1]}},{"type":"Feature","geometry":{"type":"Point","coordinates":[18.464539,50.000863]},"properties":{"line":"202","mode":"bus","color":"#0059a9","colorDark":"#00294f","band":2,"sc":0.87,"off":[-3.4,1.1]}},{"type":"Feature","geometry":{"type":"Point","coordinates":[18.464539,50.000863]},"properties":{"line":"203","mode":"bus","color":"#0059a9","colorDark":"#00294f","band":2,"sc":0.87,"off":[0,1.1]}},{"type":"Feature","geometry":{"type":"Point","coordinates":[18.464539,50.000863]},"properties":{"line":"204","mode":"bus","color":"#0059a9","colorDark":"#00294f","band":2,"sc":0.87,"off":[3.4,1.1]}},{"type":"Feature","geometry":{"type":"Point","coordinates":[18.464539,50.000863]},"properties":{"line":"205","mode":"bus","color":"#0059a9","colorDark":"#00294f","band":2,"sc":0.87,"off":[6.8,1.1]}},{"type":"Feature","geometry":{"type":"Point","coordinates":[18.464539,50.000863]},"properties":{"line":"206","mode":"bus","color":"#0059a9","colorDark":"#00294f","band":2,"sc":0.87,"off":[-6.8,3.1]}},{"type":"Feature","geometry":{"type":"Point","coordinates":[18.464539,50.000863]},"properties":{"line":"207","mode":"bus","color":"#0059a9","colorDark":"#00294f","band":2,"sc":0.87,"off":[-3.4,3.1]}},{"type":"Feature","geometry":{"type":"Point","coordinates":[18.464539,50.000863]},"properties":{"line":"208","mode":"bus","color":"#0059a9","colorDark":"#00294f","band":2,"sc":0.87,"off":[0,3.1]}},{"type":"Feature","geometry":{"type":"Point","coordinates":[18.464539,50.000863]},"properties":{"line":"209","mode":"bus","color":"#0059a9","colorDark":"#00294f","band":2,"sc":0.87,"off":[3.4,3.1]}},{"type":"Feature","geometry":{"type":"Point","coordinates":[18.464539,50.000863]},"properties":{"line":"210","mode":"bus","color":"#0059a9","colorDark":"#00294f","band":2,"sc":0.87,"off":[6.8,3.1]}},{"type":"Feature","geometry":{"type":"Point","coordinates":[18.464539,50.000863]},"properties":{"line":"W09","mode":"bus","color":"#0059a9","colorDark":"#00294f","band":2,"sc":0.87,"off":[-6.8,5.1]}},{"type":"Feature","geometry":{"type":"Point","coordinates":[18.464539,50.000863]},"properties":{"line":"W11","mode":"bus","color":"#0059a9","colorDark":"#00294f","band":2,"sc":0.87,"off":[-3.4,5.1]}},{"type":"Feature","geometry":{"type":"Point","coordinates":[18.464539,50.000863]},"properties":{"line":"W32","mode":"bus","color":"#0059a9","colorDark":"#00294f","band":2,"sc":0.87,"off":[0,5.1]}},{"type":"Feature","geometry":{"type":"Point","coordinates":[18.464539,50.000863]},"properties":{"line":"W33","mode":"bus","color":"#0059a9","colorDark":"#00294f","band":2,"sc":0.87,"off":[3.4,5.1]}},{"type":"Feature","geometry":{"type":"Point","coordinates":[18.464539,50.000863]},"properties":{"line":"W34","mode":"bus","color":"#0059a9","colorDark":"#00294f","band":2,"sc":0.87,"off":[6.8,5.1]}},{"type":"Feature","geometry":{"type":"Point","coordinates":[18.464539,50.000863]},"properties":{"line":"W38","mode":"bus","color":"#0059a9","colorDark":"#00294f","band":2,"sc":0.87,"off":[-5.1,7.1]}},{"type":"Feature","geometry":{"type":"Point","coordinates":[18.464539,50.000863]},"properties":{"line":"W41","mode":"bus","color":"#0059a9","colorDark":"#00294f","band":2,"sc":0.87,"off":[-1.7,7.1]}},{"type":"Feature","geometry":{"type":"Point","coordinates":[18.464539,50.000863]},"properties":{"line":"W42","mode":"bus","color":"#0059a9","colorDark":"#00294f","band":2,"sc":0.87,"off":[1.7,7.1]}},{"type":"Feature","geometry":{"type":"Point","coordinates":[18.464539,50.000863]},"properties":{"line":"W53","mode":"bus","color":"#0059a9","colorDark":"#00294f","band":2,"sc":0.87,"off":[5.1,7.1]}},{"type":"Feature","geometry":{"type":"Point","coordinates":[18.318565,49.970741]},"properties":{"name":"Odra, Główna Pętla","band":2,"modes":"bus","arr":["W33"],"off":[0,-0.8]}},{"type":"Feature","geometry":{"type":"Point","coordinates":[18.318565,49.970741]},"properties":{"line":"W33","mode":"bus","color":"#0059a9","colorDark":"#00294f","band":2,"off":[0,1.1]}},{"type":"Feature","geometry":{"type":"Point","coordinates":[18.33076,49.991175]},"properties":{"name":"Bluszczów, Powstańców Środkowa","band":2,"modes":"bus","arr":["W34"],"off":[0,-0.8]}},{"type":"Feature","geometry":{"type":"Point","coordinates":[18.33076,49.991175]},"properties":{"line":"W34","mode":"bus","color":"#0059a9","colorDark":"#00294f","band":2,"off":[0,1.1]}},{"type":"Feature","geometry":{"type":"Point","coordinates":[18.610017,49.945513]},"properties":{"name":"Jastrzębie-Zdrój, Dworzec Arki Bożka","band":2,"modes":"bus","arr":["B12","B15","C10","C12","C13","C14","C17","C18","C19","M10","S10","W09","W10","W36"],"off":[0,-0.8],"sc":0.95}},{"type":"Feature","geometry":{"type":"Point","coordinates":[18.610017,49.945513]},"properties":{"name":"Dworzec Arki Bożka","band":2,"modes":"bus","arr":["B12","B15","C10","C12","C13","C14","C17","C18","C19","M10","S10","W09","W10","W36"],"off":[0,-3],"sc":0.95}},{"type":"Feature","geometry":{"type":"Point","coordinates":[18.610017,49.945513]},"properties":{"line":"B12","mode":"bus","color":"#0059a9","colorDark":"#00294f","band":2,"sc":0.95,"off":[-6.8,1.1]}},{"type":"Feature","geometry":{"type":"Point","coordinates":[18.610017,49.945513]},"properties":{"line":"B15","mode":"bus","color":"#0059a9","colorDark":"#00294f","band":2,"sc":0.95,"off":[-3.4,1.1]}},{"type":"Feature","geometry":{"type":"Point","coordinates":[18.610017,49.945513]},"properties":{"line":"C10","mode":"bus","color":"#0059a9","colorDark":"#00294f","band":2,"sc":0.95,"off":[0,1.1]}},{"type":"Feature","geometry":{"type":"Point","coordinates":[18.610017,49.945513]},"properties":{"line":"C12","mode":"bus","color":"#0059a9","colorDark":"#00294f","band":2,"sc":0.95,"off":[3.4,1.1]}},{"type":"Feature","geometry":{"type":"Point","coordinates":[18.610017,49.945513]},"properties":{"line":"C13","mode":"bus","color":"#0059a9","colorDark":"#00294f","band":2,"sc":0.95,"off":[6.8,1.1]}},{"type":"Feature","geometry":{"type":"Point","coordinates":[18.610017,49.945513]},"properties":{"line":"C14","mode":"bus","color":"#0059a9","colorDark":"#00294f","band":2,"sc":0.95,"off":[-6.8,3.1]}},{"type":"Feature","geometry":{"type":"Point","coordinates":[18.610017,49.945513]},"properties":{"line":"C17","mode":"bus","color":"#0059a9","colorDark":"#00294f","band":2,"sc":0.95,"off":[-3.4,3.1]}},{"type":"Feature","geometry":{"type":"Point","coordinates":[18.610017,49.945513]},"properties":{"line":"C18","mode":"bus","color":"#0059a9","colorDark":"#00294f","band":2,"sc":0.95,"off":[0,3.1]}},{"type":"Feature","geometry":{"type":"Point","coordinates":[18.610017,49.945513]},"properties":{"line":"C19","mode":"bus","color":"#0059a9","colorDark":"#00294f","band":2,"sc":0.95,"off":[3.4,3.1]}},{"type":"Feature","geometry":{"type":"Point","coordinates":[18.610017,49.945513]},"properties":{"line":"M10","mode":"bus","color":"#0059a9","colorDark":"#00294f","band":2,"sc":0.95,"off":[6.8,3.1]}},{"type":"Feature","geometry":{"type":"Point","coordinates":[18.610017,49.945513]},"properties":{"line":"S10","mode":"bus","color":"#0059a9","colorDark":"#00294f","band":2,"sc":0.95,"off":[-5.1,5.1]}},{"type":"Feature","geometry":{"type":"Point","coordinates":[18.610017,49.945513]},"properties":{"line":"W09","mode":"bus","color":"#0059a9","colorDark":"#00294f","band":2,"sc":0.95,"off":[-1.7,5.1]}},{"type":"Feature","geometry":{"type":"Point","coordinates":[18.610017,49.945513]},"properties":{"line":"W10","mode":"bus","color":"#0059a9","colorDark":"#00294f","band":2,"sc":0.95,"off":[1.7,5.1]}},{"type":"Feature","geometry":{"type":"Point","coordinates":[18.610017,49.945513]},"properties":{"line":"W36","mode":"bus","color":"#0059a9","colorDark":"#00294f","band":2,"sc":0.95,"off":[5.1,5.1]}},{"type":"Feature","geometry":{"type":"Point","coordinates":[18.475112,50.008262]},"properties":{"name":"Wodzisław Śląski, Rybnicka Dworzec Kolejowy","band":2,"modes":"bus","arr":["W36"],"off":[0,-0.8]}},{"type":"Feature","geometry":{"type":"Point","coordinates":[18.475112,50.008262]},"properties":{"line":"W36","mode":"bus","color":"#0059a9","colorDark":"#00294f","band":2,"off":[0,1.1]}},{"type":"Feature","geometry":{"type":"Point","coordinates":[18.505453,49.904258]},"properties":{"name":"Gołkowice, Celna","band":2,"modes":"bus","arr":["W38"],"off":[0,-0.8]}},{"type":"Feature","geometry":{"type":"Point","coordinates":[18.505453,49.904258]},"properties":{"line":"W38","mode":"bus","color":"#0059a9","colorDark":"#00294f","band":2,"off":[0,1.1]}},{"type":"Feature","geometry":{"type":"Point","coordinates":[18.501195,49.977559]},"properties":{"name":"Wodzisław, Śląski, Wilchwy Pętla","band":2,"modes":"bus","arr":["W51"],"off":[0,-0.8]}},{"type":"Feature","geometry":{"type":"Point","coordinates":[18.501195,49.977559]},"properties":{"line":"W51","mode":"bus","color":"#0059a9","colorDark":"#00294f","band":2,"off":[0,1.1]}},{"type":"Feature","geometry":{"type":"Point","coordinates":[18.225483,50.09231]},"properties":{"name":"Racibórz, Dworzec Autobusowy","band":2,"modes":"bus","arr":["W41"],"off":[0,-0.8]}},{"type":"Feature","geometry":{"type":"Point","coordinates":[18.225483,50.09231]},"properties":{"line":"W41","mode":"bus","color":"#0059a9","colorDark":"#00294f","band":2,"off":[0,1.1]}},{"type":"Feature","geometry":{"type":"Point","coordinates":[18.290413,50.007826]},"properties":{"name":"Buków, Główna Ośrodek Wypoczynkowy","band":2,"modes":"bus","arr":["W42"],"off":[0,-0.8]}},{"type":"Feature","geometry":{"type":"Point","coordinates":[18.290413,50.007826]},"properties":{"line":"W42","mode":"bus","color":"#0059a9","colorDark":"#00294f","band":2,"off":[0,1.1]}},{"type":"Feature","geometry":{"type":"Point","coordinates":[18.409566,50.005775]},"properties":{"name":"Wodzisław Śląski, Rozwojowa","band":2,"modes":"bus","arr":["W50"],"off":[0,-0.8]}},{"type":"Feature","geometry":{"type":"Point","coordinates":[18.409566,50.005775]},"properties":{"line":"W50","mode":"bus","color":"#0059a9","colorDark":"#00294f","band":2,"off":[0,1.1]}},{"type":"Feature","geometry":{"type":"Point","coordinates":[18.502705,49.970473]},"properties":{"name":"Mszana, Skrzyszowska Tartak","band":2,"modes":"bus","arr":["W50"],"off":[0,-0.8]}},{"type":"Feature","geometry":{"type":"Point","coordinates":[18.502705,49.970473]},"properties":{"line":"W50","mode":"bus","color":"#0059a9","colorDark":"#00294f","band":2,"off":[0,1.1]}},{"type":"Feature","geometry":{"type":"Point","coordinates":[18.513965,50.018286]},"properties":{"name":"Marklowice, Dolne","band":2,"modes":"bus","arr":["W52"],"off":[0,-0.8]}},{"type":"Feature","geometry":{"type":"Point","coordinates":[18.513965,50.018286]},"properties":{"line":"W52","mode":"bus","color":"#0059a9","colorDark":"#00294f","band":2,"off":[0,1.1]}},{"type":"Feature","geometry":{"type":"Point","coordinates":[18.366061,50.015413]},"properties":{"name":"Wodzisław Śląski, Młodzieżowa Boisko","band":2,"modes":"bus","arr":["W52"],"off":[0,-0.8]}},{"type":"Feature","geometry":{"type":"Point","coordinates":[18.366061,50.015413]},"properties":{"line":"W52","mode":"bus","color":"#0059a9","colorDark":"#00294f","band":2,"off":[0,1.1]}},{"type":"Feature","geometry":{"type":"Point","coordinates":[18.545402,49.95732]},"properties":{"name":"Mszana, Moszczeńska Mszańskie Granice","band":2,"modes":"bus","arr":["W59"],"off":[0,-0.8]}},{"type":"Feature","geometry":{"type":"Point","coordinates":[18.545402,49.95732]},"properties":{"line":"W59","mode":"bus","color":"#0059a9","colorDark":"#00294f","band":2,"off":[0,1.1]}},{"type":"Feature","geometry":{"type":"Point","coordinates":[18.42679,50.067802]},"properties":{"name":"Rydułtowy, PKP","band":2,"modes":"bus","arr":["W59"],"off":[0,-0.8]}},{"type":"Feature","geometry":{"type":"Point","coordinates":[18.42679,50.067802]},"properties":{"line":"W59","mode":"bus","color":"#0059a9","colorDark":"#00294f","band":2,"off":[0,1.1]}},{"type":"Feature","geometry":{"type":"Point","coordinates":[18.487905,50.041794]},"properties":{"name":"Radlin Korfantego KWK Marcel","band":2,"modes":"bus","arr":["210"],"off":[0,-0.8]}},{"type":"Feature","geometry":{"type":"Point","coordinates":[18.487905,50.041794]},"properties":{"line":"210","mode":"bus","color":"#0059a9","colorDark":"#00294f","band":2,"off":[0,1.1]}},{"type":"Feature","geometry":{"type":"Point","coordinates":[18.475671,50.049553]},"properties":{"name":"Radlin Korfantego Centrum","band":2,"modes":"bus","arr":["209"],"off":[0,-0.8]}},{"type":"Feature","geometry":{"type":"Point","coordinates":[18.475671,50.049553]},"properties":{"line":"209","mode":"bus","color":"#0059a9","colorDark":"#00294f","band":2,"off":[0,1.1]}},{"type":"Feature","geometry":{"type":"Point","coordinates":[18.364326,50.058786]},"properties":{"name":"Krzyżkowice Działki","band":2,"modes":"bus","arr":["203"],"off":[0,-0.8]}},{"type":"Feature","geometry":{"type":"Point","coordinates":[18.364326,50.058786]},"properties":{"line":"203","mode":"bus","color":"#0059a9","colorDark":"#00294f","band":2,"off":[0,1.1]}},{"type":"Feature","geometry":{"type":"Point","coordinates":[18.421711,50.075156]},"properties":{"name":"Raciborska Orłowiec","band":2,"modes":"bus","arr":["204","205","206"],"off":[0,-0.8]}},{"type":"Feature","geometry":{"type":"Point","coordinates":[18.421711,50.075156]},"properties":{"line":"204","mode":"bus","color":"#0059a9","colorDark":"#00294f","band":2,"off":[-3.4,1.1]}},{"type":"Feature","geometry":{"type":"Point","coordinates":[18.421711,50.075156]},"properties":{"line":"205","mode":"bus","color":"#0059a9","colorDark":"#00294f","band":2,"off":[0,1.1]}},{"type":"Feature","geometry":{"type":"Point","coordinates":[18.421711,50.075156]},"properties":{"line":"206","mode":"bus","color":"#0059a9","colorDark":"#00294f","band":2,"off":[3.4,1.1]}},{"type":"Feature","geometry":{"type":"Point","coordinates":[18.426115,50.073552]},"properties":{"name":"Rydułtowy Obywatelska","band":2,"modes":"bus","arr":["205"],"off":[0,-0.8]}},{"type":"Feature","geometry":{"type":"Point","coordinates":[18.426115,50.073552]},"properties":{"line":"205","mode":"bus","color":"#0059a9","colorDark":"#00294f","band":2,"off":[0,1.1]}},{"type":"Feature","geometry":{"type":"Point","coordinates":[18.451634,50.053733]},"properties":{"name":"Radlin Rydułtowska Reden Górka","band":2,"modes":"bus","arr":["209"],"off":[0,-0.8]}},{"type":"Feature","geometry":{"type":"Point","coordinates":[18.451634,50.053733]},"properties":{"line":"209","mode":"bus","color":"#0059a9","colorDark":"#00294f","band":2,"off":[0,1.1]}},{"type":"Feature","geometry":{"type":"Point","coordinates":[18.580331,50.019429]},"properties":{"name":"Świerklany Dolne Kościół","band":2,"modes":"bus","arr":["208"],"off":[0,-0.8]}},{"type":"Feature","geometry":{"type":"Point","coordinates":[18.580331,50.019429]},"properties":{"line":"208","mode":"bus","color":"#0059a9","colorDark":"#00294f","band":2,"off":[0,1.1]}},{"type":"Feature","geometry":{"type":"Point","coordinates":[18.73879,50.165684]},"properties":{"name":"Dębieńsko Las","band":2,"modes":"bus","arr":["300","301","304"],"off":[0,-0.8]}},{"type":"Feature","geometry":{"type":"Point","coordinates":[18.73879,50.165684]},"properties":{"line":"300","mode":"bus","color":"#0059a9","colorDark":"#00294f","band":2,"off":[-3.4,1.1]}},{"type":"Feature","geometry":{"type":"Point","coordinates":[18.73879,50.165684]},"properties":{"line":"301","mode":"bus","color":"#0059a9","colorDark":"#00294f","band":2,"off":[0,1.1]}},{"type":"Feature","geometry":{"type":"Point","coordinates":[18.73879,50.165684]},"properties":{"line":"304","mode":"bus","color":"#0059a9","colorDark":"#00294f","band":2,"off":[3.4,1.1]}},{"type":"Feature","geometry":{"type":"Point","coordinates":[18.54439,50.092396]},"properties":{"name":"R-k Śródmieście 3 Maja","band":2,"modes":"bus","arr":["S12","S12A","W10"],"off":[0,-0.8]}},{"type":"Feature","geometry":{"type":"Point","coordinates":[18.54439,50.092396]},"properties":{"line":"S12","mode":"bus","color":"#0059a9","colorDark":"#00294f","band":2,"off":[-3.4,1.1]}},{"type":"Feature","geometry":{"type":"Point","coordinates":[18.54439,50.092396]},"properties":{"line":"S12A","mode":"bus","color":"#0059a9","colorDark":"#00294f","band":2,"off":[0,1.1]}},{"type":"Feature","geometry":{"type":"Point","coordinates":[18.54439,50.092396]},"properties":{"line":"W10","mode":"bus","color":"#0059a9","colorDark":"#00294f","band":2,"off":[3.4,1.1]}},{"type":"Feature","geometry":{"type":"Point","coordinates":[18.545657,50.089222]},"properties":{"name":"R-k Śródmieście Dw. Kolejowy","band":2,"modes":"bus","arr":["300","302","306"],"off":[0,-0.8]}},{"type":"Feature","geometry":{"type":"Point","coordinates":[18.545657,50.089222]},"properties":{"line":"300","mode":"bus","color":"#0059a9","colorDark":"#00294f","band":2,"off":[-3.4,1.1]}},{"type":"Feature","geometry":{"type":"Point","coordinates":[18.545657,50.089222]},"properties":{"line":"302","mode":"bus","color":"#0059a9","colorDark":"#00294f","band":2,"off":[0,1.1]}},{"type":"Feature","geometry":{"type":"Point","coordinates":[18.545657,50.089222]},"properties":{"line":"306","mode":"bus","color":"#0059a9","colorDark":"#00294f","band":2,"off":[3.4,1.1]}},{"type":"Feature","geometry":{"type":"Point","coordinates":[18.663753,50.15981]},"properties":{"name":"KWK Dębieńsko","band":2,"modes":"bus","arr":["302"],"off":[0,-0.8]}},{"type":"Feature","geometry":{"type":"Point","coordinates":[18.663753,50.15981]},"properties":{"line":"302","mode":"bus","color":"#0059a9","colorDark":"#00294f","band":2,"off":[0,1.1]}},{"type":"Feature","geometry":{"type":"Point","coordinates":[18.667826,50.15996]},"properties":{"name":"Koksownia Dębieńsko Pętla","band":2,"modes":"bus","arr":["302","303","305","309"],"off":[0,-0.8]}},{"type":"Feature","geometry":{"type":"Point","coordinates":[18.667826,50.15996]},"properties":{"line":"302","mode":"bus","color":"#0059a9","colorDark":"#00294f","band":2,"off":[-5.1,1.1]}},{"type":"Feature","geometry":{"type":"Point","coordinates":[18.667826,50.15996]},"properties":{"line":"303","mode":"bus","color":"#0059a9","colorDark":"#00294f","band":2,"off":[-1.7,1.1]}},{"type":"Feature","geometry":{"type":"Point","coordinates":[18.667826,50.15996]},"properties":{"line":"305","mode":"bus","color":"#0059a9","colorDark":"#00294f","band":2,"off":[1.7,1.1]}},{"type":"Feature","geometry":{"type":"Point","coordinates":[18.667826,50.15996]},"properties":{"line":"309","mode":"bus","color":"#0059a9","colorDark":"#00294f","band":2,"off":[5.1,1.1]}},{"type":"Feature","geometry":{"type":"Point","coordinates":[18.616885,50.141993]},"properties":{"name":"Kamień Rzędówka","band":2,"modes":"bus","arr":["303"],"off":[0,-0.8]}},{"type":"Feature","geometry":{"type":"Point","coordinates":[18.616885,50.141993]},"properties":{"line":"303","mode":"bus","color":"#0059a9","colorDark":"#00294f","band":2,"off":[0,1.1]}},{"type":"Feature","geometry":{"type":"Point","coordinates":[18.634689,50.136335]},"properties":{"name":"Leszczyny Czereśniowa","band":2,"modes":"bus","arr":["304","309"],"off":[0,-0.8]}},{"type":"Feature","geometry":{"type":"Point","coordinates":[18.634689,50.136335]},"properties":{"line":"304","mode":"bus","color":"#0059a9","colorDark":"#00294f","band":2,"off":[-1.7,1.1]}},{"type":"Feature","geometry":{"type":"Point","coordinates":[18.634689,50.136335]},"properties":{"line":"309","mode":"bus","color":"#0059a9","colorDark":"#00294f","band":2,"off":[1.7,1.1]}},{"type":"Feature","geometry":{"type":"Point","coordinates":[18.689291,49.96528]},"properties":{"name":"KWK Pniówek","band":2,"modes":"bus","arr":["307","L-1"],"off":[0,-0.8]}},{"type":"Feature","geometry":{"type":"Point","coordinates":[18.689291,49.96528]},"properties":{"line":"307","mode":"bus","color":"#0059a9","colorDark":"#00294f","band":2,"off":[-1.7,1.1]}},{"type":"Feature","geometry":{"type":"Point","coordinates":[18.689291,49.96528]},"properties":{"line":"L-1","mode":"bus","color":"#0059a9","colorDark":"#00294f","band":2,"off":[1.7,1.1]}},{"type":"Feature","geometry":{"type":"Point","coordinates":[18.717797,49.964109]},"properties":{"name":"Pawłowice Centrum - TARG","band":2,"modes":"bus","arr":["B10","B11","B12","L-2","L-3","L-5","L-7"],"off":[0,-0.8]}},{"type":"Feature","geometry":{"type":"Point","coordinates":[18.717797,49.964109]},"properties":{"line":"B10","mode":"bus","color":"#0059a9","colorDark":"#00294f","band":2,"off":[-6.8,1.1]}},{"type":"Feature","geometry":{"type":"Point","coordinates":[18.717797,49.964109]},"properties":{"line":"B11","mode":"bus","color":"#0059a9","colorDark":"#00294f","band":2,"off":[-3.4,1.1]}},{"type":"Feature","geometry":{"type":"Point","coordinates":[18.717797,49.964109]},"properties":{"line":"B12","mode":"bus","color":"#0059a9","colorDark":"#00294f","band":2,"off":[0,1.1]}},{"type":"Feature","geometry":{"type":"Point","coordinates":[18.717797,49.964109]},"properties":{"line":"L-2","mode":"bus","color":"#0059a9","colorDark":"#00294f","band":2,"off":[3.4,1.1]}},{"type":"Feature","geometry":{"type":"Point","coordinates":[18.717797,49.964109]},"properties":{"line":"L-3","mode":"bus","color":"#0059a9","colorDark":"#00294f","band":2,"off":[6.8,1.1]}},{"type":"Feature","geometry":{"type":"Point","coordinates":[18.717797,49.964109]},"properties":{"line":"L-5","mode":"bus","color":"#0059a9","colorDark":"#00294f","band":2,"off":[-1.7,3.1]}},{"type":"Feature","geometry":{"type":"Point","coordinates":[18.717797,49.964109]},"properties":{"line":"L-7","mode":"bus","color":"#0059a9","colorDark":"#00294f","band":2,"off":[1.7,3.1]}},{"type":"Feature","geometry":{"type":"Point","coordinates":[18.776156,50.04094]},"properties":{"name":"Suszec Piaskowa Osiedle.","band":2,"modes":"bus","arr":["308"],"off":[0,-0.8]}},{"type":"Feature","geometry":{"type":"Point","coordinates":[18.776156,50.04094]},"properties":{"line":"308","mode":"bus","color":"#0059a9","colorDark":"#00294f","band":2,"off":[0,1.1]}},{"type":"Feature","geometry":{"type":"Point","coordinates":[18.564549,49.943395]},"properties":{"name":"Carbonarium WORD","band":2,"modes":"bus","arr":["B10","B11","C18","S13"],"off":[0,-0.8]}},{"type":"Feature","geometry":{"type":"Point","coordinates":[18.564549,49.943395]},"properties":{"line":"B10","mode":"bus","color":"#0059a9","colorDark":"#00294f","band":2,"off":[-5.1,1.1]}},{"type":"Feature","geometry":{"type":"Point","coordinates":[18.564549,49.943395]},"properties":{"line":"B11","mode":"bus","color":"#0059a9","colorDark":"#00294f","band":2,"off":[-1.7,1.1]}},{"type":"Feature","geometry":{"type":"Point","coordinates":[18.564549,49.943395]},"properties":{"line":"C18","mode":"bus","color":"#0059a9","colorDark":"#00294f","band":2,"off":[1.7,1.1]}},{"type":"Feature","geometry":{"type":"Point","coordinates":[18.564549,49.943395]},"properties":{"line":"S13","mode":"bus","color":"#0059a9","colorDark":"#00294f","band":2,"off":[5.1,1.1]}},{"type":"Feature","geometry":{"type":"Point","coordinates":[18.573634,49.94524]},"properties":{"name":"Dworzec Zdrój","band":2,"modes":"bus","arr":["B13","B14","S12","S12A","S14","S15","W11"],"off":[0,-0.8]}},{"type":"Feature","geometry":{"type":"Point","coordinates":[18.573634,49.94524]},"properties":{"line":"B13","mode":"bus","color":"#0059a9","colorDark":"#00294f","band":2,"off":[-6.8,1.1]}},{"type":"Feature","geometry":{"type":"Point","coordinates":[18.573634,49.94524]},"properties":{"line":"B14","mode":"bus","color":"#0059a9","colorDark":"#00294f","band":2,"off":[-3.4,1.1]}},{"type":"Feature","geometry":{"type":"Point","coordinates":[18.573634,49.94524]},"properties":{"line":"S12","mode":"bus","color":"#0059a9","colorDark":"#00294f","band":2,"off":[0,1.1]}},{"type":"Feature","geometry":{"type":"Point","coordinates":[18.573634,49.94524]},"properties":{"line":"S12A","mode":"bus","color":"#0059a9","colorDark":"#00294f","band":2,"off":[3.4,1.1]}},{"type":"Feature","geometry":{"type":"Point","coordinates":[18.573634,49.94524]},"properties":{"line":"S14","mode":"bus","color":"#0059a9","colorDark":"#00294f","band":2,"off":[6.8,1.1]}},{"type":"Feature","geometry":{"type":"Point","coordinates":[18.573634,49.94524]},"properties":{"line":"S15","mode":"bus","color":"#0059a9","colorDark":"#00294f","band":2,"off":[-1.7,3.1]}},{"type":"Feature","geometry":{"type":"Point","coordinates":[18.573634,49.94524]},"properties":{"line":"W11","mode":"bus","color":"#0059a9","colorDark":"#00294f","band":2,"off":[1.7,3.1]}},{"type":"Feature","geometry":{"type":"Point","coordinates":[18.673475,49.964503]},"properties":{"name":"Pniówek Wieś","band":2,"modes":"bus","arr":["L-4"],"off":[0,-0.8]}},{"type":"Feature","geometry":{"type":"Point","coordinates":[18.673475,49.964503]},"properties":{"line":"L-4","mode":"bus","color":"#0059a9","colorDark":"#00294f","band":2,"off":[0,1.1]}},{"type":"Feature","geometry":{"type":"Point","coordinates":[18.663766,49.949705]},"properties":{"name":"Bzie Szkoła","band":2,"modes":"bus","arr":["B15"],"off":[0,-0.8]}},{"type":"Feature","geometry":{"type":"Point","coordinates":[18.663766,49.949705]},"properties":{"line":"B15","mode":"bus","color":"#0059a9","colorDark":"#00294f","band":2,"off":[0,1.1]}},{"type":"Feature","geometry":{"type":"Point","coordinates":[18.657752,49.921449]},"properties":{"name":"Bzie Dolne","band":2,"modes":"bus","arr":["B13","B14"],"off":[0,-0.8]}},{"type":"Feature","geometry":{"type":"Point","coordinates":[18.657752,49.921449]},"properties":{"line":"B13","mode":"bus","color":"#0059a9","colorDark":"#00294f","band":2,"off":[-1.7,1.1]}},{"type":"Feature","geometry":{"type":"Point","coordinates":[18.657752,49.921449]},"properties":{"line":"B14","mode":"bus","color":"#0059a9","colorDark":"#00294f","band":2,"off":[1.7,1.1]}},{"type":"Feature","geometry":{"type":"Point","coordinates":[18.566893,49.963357]},"properties":{"name":"KWK Jas-Mos","band":2,"modes":"bus","arr":["C10","C13","C15","C17"],"off":[0,-0.8]}},{"type":"Feature","geometry":{"type":"Point","coordinates":[18.566893,49.963357]},"properties":{"line":"C10","mode":"bus","color":"#0059a9","colorDark":"#00294f","band":2,"off":[-5.1,1.1]}},{"type":"Feature","geometry":{"type":"Point","coordinates":[18.566893,49.963357]},"properties":{"line":"C13","mode":"bus","color":"#0059a9","colorDark":"#00294f","band":2,"off":[-1.7,1.1]}},{"type":"Feature","geometry":{"type":"Point","coordinates":[18.566893,49.963357]},"properties":{"line":"C15","mode":"bus","color":"#0059a9","colorDark":"#00294f","band":2,"off":[1.7,1.1]}},{"type":"Feature","geometry":{"type":"Point","coordinates":[18.566893,49.963357]},"properties":{"line":"C17","mode":"bus","color":"#0059a9","colorDark":"#00294f","band":2,"off":[5.1,1.1]}},{"type":"Feature","geometry":{"type":"Point","coordinates":[18.584662,49.936747]},"properties":{"name":"Chlebowa Pętla","band":2,"modes":"bus","arr":["C11","C15","C16","R10","R11","S11","S16"],"off":[0,-0.8]}},{"type":"Feature","geometry":{"type":"Point","coordinates":[18.584662,49.936747]},"properties":{"line":"C11","mode":"bus","color":"#0059a9","colorDark":"#00294f","band":2,"off":[-6.8,1.1]}},{"type":"Feature","geometry":{"type":"Point","coordinates":[18.584662,49.936747]},"properties":{"line":"C15","mode":"bus","color":"#0059a9","colorDark":"#00294f","band":2,"off":[-3.4,1.1]}},{"type":"Feature","geometry":{"type":"Point","coordinates":[18.584662,49.936747]},"properties":{"line":"C16","mode":"bus","color":"#0059a9","colorDark":"#00294f","band":2,"off":[0,1.1]}},{"type":"Feature","geometry":{"type":"Point","coordinates":[18.584662,49.936747]},"properties":{"line":"R10","mode":"bus","color":"#0059a9","colorDark":"#00294f","band":2,"off":[3.4,1.1]}},{"type":"Feature","geometry":{"type":"Point","coordinates":[18.584662,49.936747]},"properties":{"line":"R11","mode":"bus","color":"#0059a9","colorDark":"#00294f","band":2,"off":[6.8,1.1]}},{"type":"Feature","geometry":{"type":"Point","coordinates":[18.584662,49.936747]},"properties":{"line":"S11","mode":"bus","color":"#0059a9","colorDark":"#00294f","band":2,"off":[-1.7,3.1]}},{"type":"Feature","geometry":{"type":"Point","coordinates":[18.584662,49.936747]},"properties":{"line":"S16","mode":"bus","color":"#0059a9","colorDark":"#00294f","band":2,"off":[1.7,3.1]}},{"type":"Feature","geometry":{"type":"Point","coordinates":[18.56888,49.959284]},"properties":{"name":"Os. Bogoczowiec","band":2,"modes":"bus","arr":["C19"],"off":[0,-0.8]}},{"type":"Feature","geometry":{"type":"Point","coordinates":[18.56888,49.959284]},"properties":{"line":"C19","mode":"bus","color":"#0059a9","colorDark":"#00294f","band":2,"off":[0,1.1]}},{"type":"Feature","geometry":{"type":"Point","coordinates":[18.68136,49.9125]},"properties":{"name":"Golasowice Pętla","band":2,"modes":"bus","arr":["L-2"],"off":[0,-0.8]}},{"type":"Feature","geometry":{"type":"Point","coordinates":[18.68136,49.9125]},"properties":{"line":"L-2","mode":"bus","color":"#0059a9","colorDark":"#00294f","band":2,"off":[0,1.1]}},{"type":"Feature","geometry":{"type":"Point","coordinates":[18.712591,49.99239]},"properties":{"name":"Warszowice Wiadukt","band":2,"modes":"bus","arr":["L-3"],"off":[0,-0.8]}},{"type":"Feature","geometry":{"type":"Point","coordinates":[18.712591,49.99239]},"properties":{"line":"L-3","mode":"bus","color":"#0059a9","colorDark":"#00294f","band":2,"off":[0,1.1]}},{"type":"Feature","geometry":{"type":"Point","coordinates":[18.703848,49.961883]},"properties":{"name":"Pawłowice Osiedle Liceum","band":2,"modes":"bus","arr":["L-6"],"off":[0,-0.8]}},{"type":"Feature","geometry":{"type":"Point","coordinates":[18.703848,49.961883]},"properties":{"line":"L-6","mode":"bus","color":"#0059a9","colorDark":"#00294f","band":2,"off":[0,1.1]}},{"type":"Feature","geometry":{"type":"Point","coordinates":[18.664388,49.987524]},"properties":{"name":"Krzyżowice Kościół","band":2,"modes":"bus","arr":["L-4","S15"],"off":[0,-0.8]}},{"type":"Feature","geometry":{"type":"Point","coordinates":[18.664388,49.987524]},"properties":{"line":"L-4","mode":"bus","color":"#0059a9","colorDark":"#00294f","band":2,"off":[-1.7,1.1]}},{"type":"Feature","geometry":{"type":"Point","coordinates":[18.664388,49.987524]},"properties":{"line":"S15","mode":"bus","color":"#0059a9","colorDark":"#00294f","band":2,"off":[1.7,1.1]}},{"type":"Feature","geometry":{"type":"Point","coordinates":[18.76386,49.917067]},"properties":{"name":"Strumień RYNEK","band":2,"modes":"bus","arr":["L-5"],"off":[0,-0.8]}},{"type":"Feature","geometry":{"type":"Point","coordinates":[18.76386,49.917067]},"properties":{"line":"L-5","mode":"bus","color":"#0059a9","colorDark":"#00294f","band":2,"off":[0,1.1]}},{"type":"Feature","geometry":{"type":"Point","coordinates":[18.73619,49.90239]},"properties":{"name":"Bąków Skrzyżowanie","band":2,"modes":"bus","arr":["L-6"],"off":[0,-0.8]}},{"type":"Feature","geometry":{"type":"Point","coordinates":[18.73619,49.90239]},"properties":{"line":"L-6","mode":"bus","color":"#0059a9","colorDark":"#00294f","band":2,"off":[0,1.1]}},{"type":"Feature","geometry":{"type":"Point","coordinates":[18.771699,49.959142]},"properties":{"name":"Studzionka Cmentarz","band":2,"modes":"bus","arr":["L-7"],"off":[0,-0.8]}},{"type":"Feature","geometry":{"type":"Point","coordinates":[18.771699,49.959142]},"properties":{"line":"L-7","mode":"bus","color":"#0059a9","colorDark":"#00294f","band":2,"off":[0,1.1]}},{"type":"Feature","geometry":{"type":"Point","coordinates":[18.522949,49.938052]},"properties":{"name":"Szotkowice Pętla","band":2,"modes":"bus","arr":["M10"],"off":[0,-0.8]}},{"type":"Feature","geometry":{"type":"Point","coordinates":[18.522949,49.938052]},"properties":{"line":"M10","mode":"bus","color":"#0059a9","colorDark":"#00294f","band":2,"off":[0,1.1]}},{"type":"Feature","geometry":{"type":"Point","coordinates":[18.625091,49.871177]},"properties":{"name":"Zebrzydowice Ośrodek Zdrowia","band":2,"modes":"bus","arr":["R10"],"off":[0,-0.8]}},{"type":"Feature","geometry":{"type":"Point","coordinates":[18.625091,49.871177]},"properties":{"line":"R10","mode":"bus","color":"#0059a9","colorDark":"#00294f","band":2,"off":[0,1.1]}},{"type":"Feature","geometry":{"type":"Point","coordinates":[18.602087,49.879132]},"properties":{"name":"Zebrzydowice Skrzyżowanie","band":2,"modes":"bus","arr":["R11"],"off":[0,-0.8]}},{"type":"Feature","geometry":{"type":"Point","coordinates":[18.602087,49.879132]},"properties":{"line":"R11","mode":"bus","color":"#0059a9","colorDark":"#00294f","band":2,"off":[0,1.1]}},{"type":"Feature","geometry":{"type":"Point","coordinates":[18.609957,49.998534]},"properties":{"name":"KWK Borynia","band":2,"modes":"bus","arr":["S13","S14","S16"],"off":[0,-0.8]}},{"type":"Feature","geometry":{"type":"Point","coordinates":[18.609957,49.998534]},"properties":{"line":"S13","mode":"bus","color":"#0059a9","colorDark":"#00294f","band":2,"off":[-3.4,1.1]}},{"type":"Feature","geometry":{"type":"Point","coordinates":[18.609957,49.998534]},"properties":{"line":"S14","mode":"bus","color":"#0059a9","colorDark":"#00294f","band":2,"off":[0,1.1]}},{"type":"Feature","geometry":{"type":"Point","coordinates":[18.609957,49.998534]},"properties":{"line":"S16","mode":"bus","color":"#0059a9","colorDark":"#00294f","band":2,"off":[3.4,1.1]}},{"type":"Feature","geometry":{"type":"Point","coordinates":[18.476222,50.104719]},"properties":{"name":"Jejkowice Centrum","band":3,"modes":"bus","arr":["1","26"],"off":[0,-0.8]}},{"type":"Feature","geometry":{"type":"Point","coordinates":[18.476222,50.104719]},"properties":{"line":"1","mode":"bus","color":"#0059a9","colorDark":"#00294f","band":3,"off":[-1.7,1.1]}},{"type":"Feature","geometry":{"type":"Point","coordinates":[18.476222,50.104719]},"properties":{"line":"26","mode":"bus","color":"#0059a9","colorDark":"#00294f","band":3,"off":[1.7,1.1]}},{"type":"Feature","geometry":{"type":"Point","coordinates":[18.54428,50.096083]},"properties":{"name":"Rybnik Śródmieście Plac Wolności 3","band":3,"modes":"bus","arr":["8","34","PR"],"off":[0,-0.8]}},{"type":"Feature","geometry":{"type":"Point","coordinates":[18.54428,50.096083]},"properties":{"name":"Rybnik Śródmieście Plac Wolności 2","band":3,"modes":"bus","arr":["8","34","PR"],"off":[0,-3]}},{"type":"Feature","geometry":{"type":"Point","coordinates":[18.54428,50.096083]},"properties":{"name":"Rybnik Śródmieście Plac Wolności 1","band":3,"modes":"bus","arr":["8","34","PR"],"off":[0,-5.2]}},{"type":"Feature","geometry":{"type":"Point","coordinates":[18.54428,50.096083]},"properties":{"line":"8","mode":"bus","color":"#0059a9","colorDark":"#00294f","band":3,"off":[-3.4,1.1]}},{"type":"Feature","geometry":{"type":"Point","coordinates":[18.54428,50.096083]},"properties":{"line":"34","mode":"bus","color":"#0059a9","colorDark":"#00294f","band":3,"off":[0,1.1]}},{"type":"Feature","geometry":{"type":"Point","coordinates":[18.54428,50.096083]},"properties":{"line":"PR","mode":"bus","color":"#0059a9","colorDark":"#00294f","band":3,"off":[3.4,1.1]}},{"type":"Feature","geometry":{"type":"Point","coordinates":[18.540934,50.093319]},"properties":{"name":"Rybnik Śródmieście Sąd","band":3,"modes":"bus","arr":["46A"],"off":[0,-0.8]}},{"type":"Feature","geometry":{"type":"Point","coordinates":[18.540934,50.093319]},"properties":{"line":"46A","mode":"bus","color":"#0059a9","colorDark":"#00294f","band":3,"off":[0,1.1]}},{"type":"Feature","geometry":{"type":"Point","coordinates":[18.49032,50.040219]},"properties":{"name":"Radlin Ujejskiego","band":3,"modes":"bus","arr":["1","3","6"],"off":[0,-0.8]}},{"type":"Feature","geometry":{"type":"Point","coordinates":[18.49032,50.040219]},"properties":{"line":"1","mode":"bus","color":"#0059a9","colorDark":"#00294f","band":3,"off":[-3.4,1.1]}},{"type":"Feature","geometry":{"type":"Point","coordinates":[18.49032,50.040219]},"properties":{"line":"3","mode":"bus","color":"#0059a9","colorDark":"#00294f","band":3,"off":[0,1.1]}},{"type":"Feature","geometry":{"type":"Point","coordinates":[18.49032,50.040219]},"properties":{"line":"6","mode":"bus","color":"#0059a9","colorDark":"#00294f","band":3,"off":[3.4,1.1]}},{"type":"Feature","geometry":{"type":"Point","coordinates":[18.533587,50.100962]},"properties":{"name":"Rybnik Maroko Nowiny Dworzec Aut. A","band":3,"modes":"bus","arr":["2","4","5","6","9","10","14","16","17","18","19","22","51","52"],"off":[0,-0.8]}},{"type":"Feature","geometry":{"type":"Point","coordinates":[18.533587,50.100962]},"properties":{"name":"Rybnik Maroko Nowiny Dworzec Aut. 3","band":3,"modes":"bus","arr":["2","4","5","6","9","10","14","16","17","18","19","22","51","52"],"off":[0,-3]}},{"type":"Feature","geometry":{"type":"Point","coordinates":[18.533587,50.100962]},"properties":{"name":"Rybnik Maroko Nowiny Dworzec Aut. 2","band":3,"modes":"bus","arr":["2","4","5","6","9","10","14","16","17","18","19","22","51","52"],"off":[0,-5.2]}},{"type":"Feature","geometry":{"type":"Point","coordinates":[18.533587,50.100962]},"properties":{"line":"2","mode":"bus","color":"#0059a9","colorDark":"#00294f","band":3,"off":[-6.8,1.1]}},{"type":"Feature","geometry":{"type":"Point","coordinates":[18.533587,50.100962]},"properties":{"line":"4","mode":"bus","color":"#0059a9","colorDark":"#00294f","band":3,"off":[-3.4,1.1]}},{"type":"Feature","geometry":{"type":"Point","coordinates":[18.533587,50.100962]},"properties":{"line":"5","mode":"bus","color":"#0059a9","colorDark":"#00294f","band":3,"off":[0,1.1]}},{"type":"Feature","geometry":{"type":"Point","coordinates":[18.533587,50.100962]},"properties":{"line":"6","mode":"bus","color":"#0059a9","colorDark":"#00294f","band":3,"off":[3.4,1.1]}},{"type":"Feature","geometry":{"type":"Point","coordinates":[18.533587,50.100962]},"properties":{"line":"9","mode":"bus","color":"#0059a9","colorDark":"#00294f","band":3,"off":[6.8,1.1]}},{"type":"Feature","geometry":{"type":"Point","coordinates":[18.533587,50.100962]},"properties":{"line":"10","mode":"bus","color":"#0059a9","colorDark":"#00294f","band":3,"off":[-6.8,3.1]}},{"type":"Feature","geometry":{"type":"Point","coordinates":[18.533587,50.100962]},"properties":{"line":"14","mode":"bus","color":"#0059a9","colorDark":"#00294f","band":3,"off":[-3.4,3.1]}},{"type":"Feature","geometry":{"type":"Point","coordinates":[18.533587,50.100962]},"properties":{"line":"16","mode":"bus","color":"#0059a9","colorDark":"#00294f","band":3,"off":[0,3.1]}},{"type":"Feature","geometry":{"type":"Point","coordinates":[18.533587,50.100962]},"properties":{"line":"17","mode":"bus","color":"#0059a9","colorDark":"#00294f","band":3,"off":[3.4,3.1]}},{"type":"Feature","geometry":{"type":"Point","coordinates":[18.533587,50.100962]},"properties":{"line":"18","mode":"bus","color":"#0059a9","colorDark":"#00294f","band":3,"off":[6.8,3.1]}},{"type":"Feature","geometry":{"type":"Point","coordinates":[18.533587,50.100962]},"properties":{"line":"19","mode":"bus","color":"#0059a9","colorDark":"#00294f","band":3,"off":[-5.1,5.1]}},{"type":"Feature","geometry":{"type":"Point","coordinates":[18.533587,50.100962]},"properties":{"line":"22","mode":"bus","color":"#0059a9","colorDark":"#00294f","band":3,"off":[-1.7,5.1]}},{"type":"Feature","geometry":{"type":"Point","coordinates":[18.533587,50.100962]},"properties":{"line":"51","mode":"bus","color":"#0059a9","colorDark":"#00294f","band":3,"off":[1.7,5.1]}},{"type":"Feature","geometry":{"type":"Point","coordinates":[18.533587,50.100962]},"properties":{"line":"52","mode":"bus","color":"#0059a9","colorDark":"#00294f","band":3,"off":[5.1,5.1]}},{"type":"Feature","geometry":{"type":"Point","coordinates":[18.517077,50.016732]},"properties":{"name":"Marklowice Słoneczna Wyspa","band":3,"modes":"bus","arr":["2"],"off":[0,-0.8]}},{"type":"Feature","geometry":{"type":"Point","coordinates":[18.517077,50.016732]},"properties":{"line":"2","mode":"bus","color":"#0059a9","colorDark":"#00294f","band":3,"off":[0,1.1]}},{"type":"Feature","geometry":{"type":"Point","coordinates":[18.520585,50.114923]},"properties":{"name":"Rybnik Orzepowice Storczyków","band":3,"modes":"bus","arr":["3","33","46"],"off":[0,-0.8]}},{"type":"Feature","geometry":{"type":"Point","coordinates":[18.520585,50.114923]},"properties":{"line":"3","mode":"bus","color":"#0059a9","colorDark":"#00294f","band":3,"off":[-3.4,1.1]}},{"type":"Feature","geometry":{"type":"Point","coordinates":[18.520585,50.114923]},"properties":{"line":"33","mode":"bus","color":"#0059a9","colorDark":"#00294f","band":3,"off":[0,1.1]}},{"type":"Feature","geometry":{"type":"Point","coordinates":[18.520585,50.114923]},"properties":{"line":"46","mode":"bus","color":"#0059a9","colorDark":"#00294f","band":3,"off":[3.4,1.1]}},{"type":"Feature","geometry":{"type":"Point","coordinates":[18.548902,50.071783]},"properties":{"name":"Rybnik Chwałowice Kopalnia","band":3,"modes":"bus","arr":["42"],"off":[0,-0.8]}},{"type":"Feature","geometry":{"type":"Point","coordinates":[18.548902,50.071783]},"properties":{"line":"42","mode":"bus","color":"#0059a9","colorDark":"#00294f","band":3,"off":[0,1.1]}},{"type":"Feature","geometry":{"type":"Point","coordinates":[18.535006,50.110001]},"properties":{"name":"Rybnik Północ Wawok","band":3,"modes":"bus","arr":["A"],"off":[0,-0.8]}},{"type":"Feature","geometry":{"type":"Point","coordinates":[18.535006,50.110001]},"properties":{"line":"A","mode":"bus","color":"#0059a9","colorDark":"#00294f","band":3,"off":[0,1.1]}},{"type":"Feature","geometry":{"type":"Point","coordinates":[18.533448,50.101913]},"properties":{"name":"Rybnik Maroko Nowiny Dworzec Aut. 5","band":3,"modes":"bus","arr":["6","52","300","301"],"off":[0,-0.8]}},{"type":"Feature","geometry":{"type":"Point","coordinates":[18.533448,50.101913]},"properties":{"name":"R-k Maroko Nowiny Dworzec Autobusowy","band":3,"modes":"bus","arr":["6","52","300","301"],"off":[0,-3]}},{"type":"Feature","geometry":{"type":"Point","coordinates":[18.533448,50.101913]},"properties":{"line":"6","mode":"bus","color":"#0059a9","colorDark":"#00294f","band":3,"off":[-5.1,1.1]}},{"type":"Feature","geometry":{"type":"Point","coordinates":[18.533448,50.101913]},"properties":{"line":"52","mode":"bus","color":"#0059a9","colorDark":"#00294f","band":3,"off":[-1.7,1.1]}},{"type":"Feature","geometry":{"type":"Point","coordinates":[18.533448,50.101913]},"properties":{"line":"300","mode":"bus","color":"#0059a9","colorDark":"#00294f","band":3,"off":[1.7,1.1]}},{"type":"Feature","geometry":{"type":"Point","coordinates":[18.533448,50.101913]},"properties":{"line":"301","mode":"bus","color":"#0059a9","colorDark":"#00294f","band":3,"off":[5.1,1.1]}},{"type":"Feature","geometry":{"type":"Point","coordinates":[18.546324,50.111927]},"properties":{"name":"Rybnik Północ Kąpielisko Ruda","band":3,"modes":"bus","arr":["7","23","30"],"off":[0,-0.8]}},{"type":"Feature","geometry":{"type":"Point","coordinates":[18.546324,50.111927]},"properties":{"line":"7","mode":"bus","color":"#0059a9","colorDark":"#00294f","band":3,"off":[-3.4,1.1]}},{"type":"Feature","geometry":{"type":"Point","coordinates":[18.546324,50.111927]},"properties":{"line":"23","mode":"bus","color":"#0059a9","colorDark":"#00294f","band":3,"off":[0,1.1]}},{"type":"Feature","geometry":{"type":"Point","coordinates":[18.546324,50.111927]},"properties":{"line":"30","mode":"bus","color":"#0059a9","colorDark":"#00294f","band":3,"off":[3.4,1.1]}},{"type":"Feature","geometry":{"type":"Point","coordinates":[18.450087,50.102488]},"properties":{"name":"Szczerbice Straż","band":3,"modes":"bus","arr":["7"],"off":[0,-0.8]}},{"type":"Feature","geometry":{"type":"Point","coordinates":[18.450087,50.102488]},"properties":{"line":"7","mode":"bus","color":"#0059a9","colorDark":"#00294f","band":3,"off":[0,1.1]}},{"type":"Feature","geometry":{"type":"Point","coordinates":[18.415636,50.056725]},"properties":{"name":"Rydułtowy Rynek","band":3,"modes":"bus","arr":["8","28","29","207"],"off":[0,-0.8]}},{"type":"Feature","geometry":{"type":"Point","coordinates":[18.415636,50.056725]},"properties":{"line":"8","mode":"bus","color":"#0059a9","colorDark":"#00294f","band":3,"off":[-5.1,1.1]}},{"type":"Feature","geometry":{"type":"Point","coordinates":[18.415636,50.056725]},"properties":{"line":"28","mode":"bus","color":"#0059a9","colorDark":"#00294f","band":3,"off":[-1.7,1.1]}},{"type":"Feature","geometry":{"type":"Point","coordinates":[18.415636,50.056725]},"properties":{"line":"29","mode":"bus","color":"#0059a9","colorDark":"#00294f","band":3,"off":[1.7,1.1]}},{"type":"Feature","geometry":{"type":"Point","coordinates":[18.415636,50.056725]},"properties":{"line":"207","mode":"bus","color":"#0059a9","colorDark":"#00294f","band":3,"off":[5.1,1.1]}},{"type":"Feature","geometry":{"type":"Point","coordinates":[18.397329,50.040486]},"properties":{"name":"Pszów, Dworzec Autobusowy","band":3,"modes":"bus","arr":["10","W51"],"off":[0,-0.8]}},{"type":"Feature","geometry":{"type":"Point","coordinates":[18.397329,50.040486]},"properties":{"name":"Pszów DA","band":3,"modes":"bus","arr":["10","W51"],"off":[0,-3]}},{"type":"Feature","geometry":{"type":"Point","coordinates":[18.397329,50.040486]},"properties":{"line":"10","mode":"bus","color":"#0059a9","colorDark":"#00294f","band":3,"off":[-1.7,1.1]}},{"type":"Feature","geometry":{"type":"Point","coordinates":[18.397329,50.040486]},"properties":{"line":"W51","mode":"bus","color":"#0059a9","colorDark":"#00294f","band":3,"off":[1.7,1.1]}},{"type":"Feature","geometry":{"type":"Point","coordinates":[18.554997,50.060198]},"properties":{"name":"Rybnik Chwałowice Pętla","band":3,"modes":"bus","arr":["12","15","27","29","36","41","43"],"off":[0,-0.8]}},{"type":"Feature","geometry":{"type":"Point","coordinates":[18.554997,50.060198]},"properties":{"line":"12","mode":"bus","color":"#0059a9","colorDark":"#00294f","band":3,"off":[-6.8,1.1]}},{"type":"Feature","geometry":{"type":"Point","coordinates":[18.554997,50.060198]},"properties":{"line":"15","mode":"bus","color":"#0059a9","colorDark":"#00294f","band":3,"off":[-3.4,1.1]}},{"type":"Feature","geometry":{"type":"Point","coordinates":[18.554997,50.060198]},"properties":{"line":"27","mode":"bus","color":"#0059a9","colorDark":"#00294f","band":3,"off":[0,1.1]}},{"type":"Feature","geometry":{"type":"Point","coordinates":[18.554997,50.060198]},"properties":{"line":"29","mode":"bus","color":"#0059a9","colorDark":"#00294f","band":3,"off":[3.4,1.1]}},{"type":"Feature","geometry":{"type":"Point","coordinates":[18.554997,50.060198]},"properties":{"line":"36","mode":"bus","color":"#0059a9","colorDark":"#00294f","band":3,"off":[6.8,1.1]}},{"type":"Feature","geometry":{"type":"Point","coordinates":[18.554997,50.060198]},"properties":{"line":"41","mode":"bus","color":"#0059a9","colorDark":"#00294f","band":3,"off":[-1.7,3.1]}},{"type":"Feature","geometry":{"type":"Point","coordinates":[18.554997,50.060198]},"properties":{"line":"43","mode":"bus","color":"#0059a9","colorDark":"#00294f","band":3,"off":[1.7,3.1]}},{"type":"Feature","geometry":{"type":"Point","coordinates":[18.542061,50.133478]},"properties":{"name":"Rybnik Rybnicka Kuźnia WORD","band":3,"modes":"bus","arr":["48"],"off":[0,-0.8]}},{"type":"Feature","geometry":{"type":"Point","coordinates":[18.542061,50.133478]},"properties":{"line":"48","mode":"bus","color":"#0059a9","colorDark":"#00294f","band":3,"off":[0,1.1]}},{"type":"Feature","geometry":{"type":"Point","coordinates":[18.608644,50.046717]},"properties":{"name":"Rybnik Boguszowice Osiedle Pętla","band":3,"modes":"bus","arr":["13","15","32","46","46A","48","49","N8"],"off":[0,-0.8]}},{"type":"Feature","geometry":{"type":"Point","coordinates":[18.608644,50.046717]},"properties":{"line":"13","mode":"bus","color":"#0059a9","colorDark":"#00294f","band":3,"off":[-6.8,1.1]}},{"type":"Feature","geometry":{"type":"Point","coordinates":[18.608644,50.046717]},"properties":{"line":"15","mode":"bus","color":"#0059a9","colorDark":"#00294f","band":3,"off":[-3.4,1.1]}},{"type":"Feature","geometry":{"type":"Point","coordinates":[18.608644,50.046717]},"properties":{"line":"32","mode":"bus","color":"#0059a9","colorDark":"#00294f","band":3,"off":[0,1.1]}},{"type":"Feature","geometry":{"type":"Point","coordinates":[18.608644,50.046717]},"properties":{"line":"46","mode":"bus","color":"#0059a9","colorDark":"#00294f","band":3,"off":[3.4,1.1]}},{"type":"Feature","geometry":{"type":"Point","coordinates":[18.608644,50.046717]},"properties":{"line":"46A","mode":"bus","color":"#0059a9","colorDark":"#00294f","band":3,"off":[6.8,1.1]}},{"type":"Feature","geometry":{"type":"Point","coordinates":[18.608644,50.046717]},"properties":{"line":"48","mode":"bus","color":"#0059a9","colorDark":"#00294f","band":3,"off":[-3.4,3.1]}},{"type":"Feature","geometry":{"type":"Point","coordinates":[18.608644,50.046717]},"properties":{"line":"49","mode":"bus","color":"#0059a9","colorDark":"#00294f","band":3,"off":[0,3.1]}},{"type":"Feature","geometry":{"type":"Point","coordinates":[18.608644,50.046717]},"properties":{"line":"N8","mode":"bus","color":"#0059a9","colorDark":"#00294f","band":3,"off":[3.4,3.1]}},{"type":"Feature","geometry":{"type":"Point","coordinates":[18.51638,50.141372]},"properties":{"name":"Rybnik Grabownia Olszowiec","band":3,"modes":"bus","arr":["13","32"],"off":[0,-0.8]}},{"type":"Feature","geometry":{"type":"Point","coordinates":[18.51638,50.141372]},"properties":{"line":"13","mode":"bus","color":"#0059a9","colorDark":"#00294f","band":3,"off":[-1.7,1.1]}},{"type":"Feature","geometry":{"type":"Point","coordinates":[18.51638,50.141372]},"properties":{"line":"32","mode":"bus","color":"#0059a9","colorDark":"#00294f","band":3,"off":[1.7,1.1]}},{"type":"Feature","geometry":{"type":"Point","coordinates":[18.575894,50.098241]},"properties":{"name":"Rybnik Paruszowiec Piaski Przemysłowa","band":3,"modes":"bus","arr":["28"],"off":[0,-0.8]}},{"type":"Feature","geometry":{"type":"Point","coordinates":[18.575894,50.098241]},"properties":{"line":"28","mode":"bus","color":"#0059a9","colorDark":"#00294f","band":3,"off":[0,1.1]}},{"type":"Feature","geometry":{"type":"Point","coordinates":[18.429998,50.068114]},"properties":{"name":"Rydułtowy Kopalnia","band":3,"modes":"bus","arr":["23"],"off":[0,-0.8]}},{"type":"Feature","geometry":{"type":"Point","coordinates":[18.429998,50.068114]},"properties":{"line":"23","mode":"bus","color":"#0059a9","colorDark":"#00294f","band":3,"off":[0,1.1]}},{"type":"Feature","geometry":{"type":"Point","coordinates":[18.551945,50.089882]},"properties":{"name":"Rybnik Meksyk Kolejowa","band":3,"modes":"bus","arr":["24"],"off":[0,-0.8]}},{"type":"Feature","geometry":{"type":"Point","coordinates":[18.551945,50.089882]},"properties":{"line":"24","mode":"bus","color":"#0059a9","colorDark":"#00294f","band":3,"off":[0,1.1]}},{"type":"Feature","geometry":{"type":"Point","coordinates":[18.461974,50.06073]},"properties":{"name":"Rybnik Niewiadom Morcinka","band":3,"modes":"bus","arr":["24"],"off":[0,-0.8]}},{"type":"Feature","geometry":{"type":"Point","coordinates":[18.461974,50.06073]},"properties":{"line":"24","mode":"bus","color":"#0059a9","colorDark":"#00294f","band":3,"off":[0,1.1]}},{"type":"Feature","geometry":{"type":"Point","coordinates":[18.529023,50.134263]},"properties":{"name":"Rybnik Rybnicka Kuźnia Chłodnie Pętla","band":3,"modes":"bus","arr":["26","49","N6"],"off":[0,-0.8]}},{"type":"Feature","geometry":{"type":"Point","coordinates":[18.529023,50.134263]},"properties":{"name":"Rybnik Rybnicka Kuźnia Chłodnie","band":3,"modes":"bus","arr":["26","49","N6"],"off":[0,-4.1]}},{"type":"Feature","geometry":{"type":"Point","coordinates":[18.529023,50.134263]},"properties":{"line":"26","mode":"bus","color":"#0059a9","colorDark":"#00294f","band":3,"off":[-3.4,1.1]}},{"type":"Feature","geometry":{"type":"Point","coordinates":[18.529023,50.134263]},"properties":{"line":"49","mode":"bus","color":"#0059a9","colorDark":"#00294f","band":3,"off":[0,1.1]}},{"type":"Feature","geometry":{"type":"Point","coordinates":[18.529023,50.134263]},"properties":{"line":"N6","mode":"bus","color":"#0059a9","colorDark":"#00294f","band":3,"off":[3.4,1.1]}},{"type":"Feature","geometry":{"type":"Point","coordinates":[18.38991,50.11932]},"properties":{"name":"Lyski Rondo","band":3,"modes":"bus","arr":["27","36"],"off":[0,-0.8]}},{"type":"Feature","geometry":{"type":"Point","coordinates":[18.38991,50.11932]},"properties":{"line":"27","mode":"bus","color":"#0059a9","colorDark":"#00294f","band":3,"off":[-1.7,1.1]}},{"type":"Feature","geometry":{"type":"Point","coordinates":[18.38991,50.11932]},"properties":{"line":"36","mode":"bus","color":"#0059a9","colorDark":"#00294f","band":3,"off":[1.7,1.1]}},{"type":"Feature","geometry":{"type":"Point","coordinates":[18.570761,50.043081]},"properties":{"name":"Jankowice G.S.","band":3,"modes":"bus","arr":["30"],"off":[0,-0.8]}},{"type":"Feature","geometry":{"type":"Point","coordinates":[18.570761,50.043081]},"properties":{"line":"30","mode":"bus","color":"#0059a9","colorDark":"#00294f","band":3,"off":[0,1.1]}},{"type":"Feature","geometry":{"type":"Point","coordinates":[18.584744,50.002376]},"properties":{"name":"Świerklany Szyb","band":3,"modes":"bus","arr":["33"],"off":[0,-0.8]}},{"type":"Feature","geometry":{"type":"Point","coordinates":[18.584744,50.002376]},"properties":{"line":"33","mode":"bus","color":"#0059a9","colorDark":"#00294f","band":3,"off":[0,1.1]}},{"type":"Feature","geometry":{"type":"Point","coordinates":[18.579527,50.198255]},"properties":{"name":"Wilcza Skrzyżowanie","band":3,"modes":"bus","arr":["34"],"off":[0,-0.8]}},{"type":"Feature","geometry":{"type":"Point","coordinates":[18.579527,50.198255]},"properties":{"line":"34","mode":"bus","color":"#0059a9","colorDark":"#00294f","band":3,"off":[0,1.1]}},{"type":"Feature","geometry":{"type":"Point","coordinates":[18.63066,50.052636]},"properties":{"name":"Rybnik Kłokocin Pętla","band":3,"modes":"bus","arr":["42","45"],"off":[0,-0.8]}},{"type":"Feature","geometry":{"type":"Point","coordinates":[18.63066,50.052636]},"properties":{"line":"42","mode":"bus","color":"#0059a9","colorDark":"#00294f","band":3,"off":[-1.7,1.1]}},{"type":"Feature","geometry":{"type":"Point","coordinates":[18.63066,50.052636]},"properties":{"line":"45","mode":"bus","color":"#0059a9","colorDark":"#00294f","band":3,"off":[1.7,1.1]}},{"type":"Feature","geometry":{"type":"Point","coordinates":[18.447179,50.192537]},"properties":{"name":"Rudy Kościół","band":3,"modes":"bus","arr":["43"],"off":[0,-0.8]}},{"type":"Feature","geometry":{"type":"Point","coordinates":[18.447179,50.192537]},"properties":{"line":"43","mode":"bus","color":"#0059a9","colorDark":"#00294f","band":3,"off":[0,1.1]}},{"type":"Feature","geometry":{"type":"Point","coordinates":[18.478906,50.153632]},"properties":{"name":"Rybnik Stodoły Kaplica","band":3,"modes":"bus","arr":["PR"],"off":[0,-0.8]}},{"type":"Feature","geometry":{"type":"Point","coordinates":[18.478906,50.153632]},"properties":{"line":"PR","mode":"bus","color":"#0059a9","colorDark":"#00294f","band":3,"off":[0,1.1]}},{"type":"Feature","geometry":{"type":"Point","coordinates":[18.441692,50.144205]},"properties":{"name":"Zwonowice Szkoła","band":3,"modes":"bus","arr":["45"],"off":[0,-0.8]}},{"type":"Feature","geometry":{"type":"Point","coordinates":[18.441692,50.144205]},"properties":{"line":"45","mode":"bus","color":"#0059a9","colorDark":"#00294f","band":3,"off":[0,1.1]}},{"type":"Feature","geometry":{"type":"Point","coordinates":[18.69362,50.047829]},"properties":{"name":"Żory Centrum Przesiadkowe","band":3,"modes":"bus","arr":["01","02","03","52","305","306","307","308","S10","S11"],"off":[0,-0.8]}},{"type":"Feature","geometry":{"type":"Point","coordinates":[18.69362,50.047829]},"properties":{"name":"Centrum Przesiadkowe","band":3,"modes":"bus","arr":["01","02","03","52","305","306","307","308","S10","S11"],"off":[0,-3]}},{"type":"Feature","geometry":{"type":"Point","coordinates":[18.69362,50.047829]},"properties":{"line":"01","mode":"bus","color":"#0059a9","colorDark":"#00294f","band":3,"off":[-6.8,1.1]}},{"type":"Feature","geometry":{"type":"Point","coordinates":[18.69362,50.047829]},"properties":{"line":"02","mode":"bus","color":"#0059a9","colorDark":"#00294f","band":3,"off":[-3.4,1.1]}},{"type":"Feature","geometry":{"type":"Point","coordinates":[18.69362,50.047829]},"properties":{"line":"03","mode":"bus","color":"#0059a9","colorDark":"#00294f","band":3,"off":[0,1.1]}},{"type":"Feature","geometry":{"type":"Point","coordinates":[18.69362,50.047829]},"properties":{"line":"52","mode":"bus","color":"#0059a9","colorDark":"#00294f","band":3,"off":[3.4,1.1]}},{"type":"Feature","geometry":{"type":"Point","coordinates":[18.69362,50.047829]},"properties":{"line":"305","mode":"bus","color":"#0059a9","colorDark":"#00294f","band":3,"off":[6.8,1.1]}},{"type":"Feature","geometry":{"type":"Point","coordinates":[18.69362,50.047829]},"properties":{"line":"306","mode":"bus","color":"#0059a9","colorDark":"#00294f","band":3,"off":[-6.8,3.1]}},{"type":"Feature","geometry":{"type":"Point","coordinates":[18.69362,50.047829]},"properties":{"line":"307","mode":"bus","color":"#0059a9","colorDark":"#00294f","band":3,"off":[-3.4,3.1]}},{"type":"Feature","geometry":{"type":"Point","coordinates":[18.69362,50.047829]},"properties":{"line":"308","mode":"bus","color":"#0059a9","colorDark":"#00294f","band":3,"off":[0,3.1]}},{"type":"Feature","geometry":{"type":"Point","coordinates":[18.69362,50.047829]},"properties":{"line":"S10","mode":"bus","color":"#0059a9","colorDark":"#00294f","band":3,"off":[3.4,3.1]}},{"type":"Feature","geometry":{"type":"Point","coordinates":[18.69362,50.047829]},"properties":{"line":"S11","mode":"bus","color":"#0059a9","colorDark":"#00294f","band":3,"off":[6.8,3.1]}},{"type":"Feature","geometry":{"type":"Point","coordinates":[18.532148,50.073504]},"properties":{"name":"Rybnik Zamysłów Dolna Mostek","band":3,"modes":"bus","arr":["A"],"off":[0,-0.8]}},{"type":"Feature","geometry":{"type":"Point","coordinates":[18.532148,50.073504]},"properties":{"line":"A","mode":"bus","color":"#0059a9","colorDark":"#00294f","band":3,"off":[0,1.1]}},{"type":"Feature","geometry":{"type":"Point","coordinates":[18.544121,50.09567]},"properties":{"name":"Plac Wolności","band":3,"modes":"bus","arr":["PR"],"off":[0,-0.8]}},{"type":"Feature","geometry":{"type":"Point","coordinates":[18.544121,50.09567]},"properties":{"line":"PR","mode":"bus","color":"#0059a9","colorDark":"#00294f","band":3,"off":[0,1.1]}},{"type":"Feature","geometry":{"type":"Point","coordinates":[18.672496,50.022594]},"properties":{"name":"Al. Jana Pawła II - Industrialna","band":3,"modes":"bus","arr":["09"],"off":[0,-0.8]}},{"type":"Feature","geometry":{"type":"Point","coordinates":[18.672496,50.022594]},"properties":{"line":"09","mode":"bus","color":"#0059a9","colorDark":"#00294f","band":3,"off":[0,1.1]}},{"type":"Feature","geometry":{"type":"Point","coordinates":[18.679427,50.034854]},"properties":{"name":"Al. Zjednoczonej Europy - Archiwum","band":3,"modes":"bus","arr":["08"],"off":[0,-0.8]}},{"type":"Feature","geometry":{"type":"Point","coordinates":[18.679427,50.034854]},"properties":{"line":"08","mode":"bus","color":"#0059a9","colorDark":"#00294f","band":3,"off":[0,1.1]}},{"type":"Feature","geometry":{"type":"Point","coordinates":[18.682127,50.005349]},"properties":{"name":"Główna Pętla","band":3,"modes":"bus","arr":["03"],"off":[0,-0.8]}},{"type":"Feature","geometry":{"type":"Point","coordinates":[18.682127,50.005349]},"properties":{"line":"03","mode":"bus","color":"#0059a9","colorDark":"#00294f","band":3,"off":[0,1.1]}},{"type":"Feature","geometry":{"type":"Point","coordinates":[18.686571,50.029772]},"properties":{"name":"Al. Jana Pawła II Bajerówka","band":3,"modes":"bus","arr":["04","05","ZL"],"off":[0,-0.8]}},{"type":"Feature","geometry":{"type":"Point","coordinates":[18.686571,50.029772]},"properties":{"line":"04","mode":"bus","color":"#0059a9","colorDark":"#00294f","band":3,"off":[-3.4,1.1]}},{"type":"Feature","geometry":{"type":"Point","coordinates":[18.686571,50.029772]},"properties":{"line":"05","mode":"bus","color":"#0059a9","colorDark":"#00294f","band":3,"off":[0,1.1]}},{"type":"Feature","geometry":{"type":"Point","coordinates":[18.686571,50.029772]},"properties":{"line":"ZL","mode":"bus","color":"#0059a9","colorDark":"#00294f","band":3,"off":[3.4,1.1]}},{"type":"Feature","geometry":{"type":"Point","coordinates":[18.643194,50.070108]},"properties":{"name":"Rybnicka - Granica","band":3,"modes":"bus","arr":["04","08"],"off":[0,-0.8]}},{"type":"Feature","geometry":{"type":"Point","coordinates":[18.643194,50.070108]},"properties":{"line":"04","mode":"bus","color":"#0059a9","colorDark":"#00294f","band":3,"off":[-1.7,1.1]}},{"type":"Feature","geometry":{"type":"Point","coordinates":[18.643194,50.070108]},"properties":{"line":"08","mode":"bus","color":"#0059a9","colorDark":"#00294f","band":3,"off":[1.7,1.1]}},{"type":"Feature","geometry":{"type":"Point","coordinates":[18.588982,50.049147]},"properties":{"name":"Boguszowice Osiedle Kopalnia","band":3,"modes":"bus","arr":["05"],"off":[0,-0.8]}},{"type":"Feature","geometry":{"type":"Point","coordinates":[18.588982,50.049147]},"properties":{"line":"05","mode":"bus","color":"#0059a9","colorDark":"#00294f","band":3,"off":[0,1.1]}},{"type":"Feature","geometry":{"type":"Point","coordinates":[18.713602,50.049184]},"properties":{"name":"Leśna Miasteczko Westernowe","band":3,"modes":"bus","arr":["06"],"off":[0,-0.8]}},{"type":"Feature","geometry":{"type":"Point","coordinates":[18.713602,50.049184]},"properties":{"line":"06","mode":"bus","color":"#0059a9","colorDark":"#00294f","band":3,"off":[0,1.1]}},{"type":"Feature","geometry":{"type":"Point","coordinates":[18.732622,50.003473]},"properties":{"name":"Szoszowy - Stalmacha","band":3,"modes":"bus","arr":["06"],"off":[0,-0.8]}},{"type":"Feature","geometry":{"type":"Point","coordinates":[18.732622,50.003473]},"properties":{"line":"06","mode":"bus","color":"#0059a9","colorDark":"#00294f","band":3,"off":[0,1.1]}},{"type":"Feature","geometry":{"type":"Point","coordinates":[18.704402,50.039695]},"properties":{"name":"Francuska","band":3,"modes":"bus","arr":["07"],"off":[0,-0.8]}},{"type":"Feature","geometry":{"type":"Point","coordinates":[18.704402,50.039695]},"properties":{"line":"07","mode":"bus","color":"#0059a9","colorDark":"#00294f","band":3,"off":[0,1.1]}},{"type":"Feature","geometry":{"type":"Point","coordinates":[18.751524,50.049083]},"properties":{"name":"Jasna","band":3,"modes":"bus","arr":["07"],"off":[0,-0.8]}},{"type":"Feature","geometry":{"type":"Point","coordinates":[18.751524,50.049083]},"properties":{"line":"07","mode":"bus","color":"#0059a9","colorDark":"#00294f","band":3,"off":[0,1.1]}},{"type":"Feature","geometry":{"type":"Point","coordinates":[18.711717,50.056137]},"properties":{"name":"Boczna - Klonowa","band":3,"modes":"bus","arr":["09"],"off":[0,-0.8]}},{"type":"Feature","geometry":{"type":"Point","coordinates":[18.711717,50.056137]},"properties":{"line":"09","mode":"bus","color":"#0059a9","colorDark":"#00294f","band":3,"off":[0,1.1]}},{"type":"Feature","geometry":{"type":"Point","coordinates":[18.62529,50.042004]},"properties":{"name":"Górnicza - Basen","band":3,"modes":"bus","arr":["ZL"],"off":[0,-0.8]}},{"type":"Feature","geometry":{"type":"Point","coordinates":[18.62529,50.042004]},"properties":{"line":"ZL","mode":"bus","color":"#0059a9","colorDark":"#00294f","band":3,"off":[0,1.1]}},{"type":"Feature","geometry":{"type":"Point","coordinates":[18.382506,49.945062]},"properties":{"name":"Uchylsko, Wiejska","band":3,"modes":"bus","arr":["W32"],"off":[0,-0.8]}},{"type":"Feature","geometry":{"type":"Point","coordinates":[18.382506,49.945062]},"properties":{"line":"W32","mode":"bus","color":"#0059a9","colorDark":"#00294f","band":3,"off":[0,1.1]}},{"type":"Feature","geometry":{"type":"Point","coordinates":[18.464539,50.000863]},"properties":{"name":"Wodzisław Śląski, Targowa Dworzec Autobusowy","band":3,"modes":"bus","arr":["201","202","203","204","205","206","207","208","209","210","W09","W11","W32","W33","W34","W38","W41","W42","W53"],"off":[0,-0.8]}},{"type":"Feature","geometry":{"type":"Point","coordinates":[18.464539,50.000863]},"properties":{"name":"Wodzisław Dworzec Autobusowy","band":3,"modes":"bus","arr":["201","202","203","204","205","206","207","208","209","210","W09","W11","W32","W33","W34","W38","W41","W42","W53"],"off":[0,-4.1]}},{"type":"Feature","geometry":{"type":"Point","coordinates":[18.464539,50.000863]},"properties":{"line":"201","mode":"bus","color":"#0059a9","colorDark":"#00294f","band":3,"off":[-6.8,1.1]}},{"type":"Feature","geometry":{"type":"Point","coordinates":[18.464539,50.000863]},"properties":{"line":"202","mode":"bus","color":"#0059a9","colorDark":"#00294f","band":3,"off":[-3.4,1.1]}},{"type":"Feature","geometry":{"type":"Point","coordinates":[18.464539,50.000863]},"properties":{"line":"203","mode":"bus","color":"#0059a9","colorDark":"#00294f","band":3,"off":[0,1.1]}},{"type":"Feature","geometry":{"type":"Point","coordinates":[18.464539,50.000863]},"properties":{"line":"204","mode":"bus","color":"#0059a9","colorDark":"#00294f","band":3,"off":[3.4,1.1]}},{"type":"Feature","geometry":{"type":"Point","coordinates":[18.464539,50.000863]},"properties":{"line":"205","mode":"bus","color":"#0059a9","colorDark":"#00294f","band":3,"off":[6.8,1.1]}},{"type":"Feature","geometry":{"type":"Point","coordinates":[18.464539,50.000863]},"properties":{"line":"206","mode":"bus","color":"#0059a9","colorDark":"#00294f","band":3,"off":[-6.8,3.1]}},{"type":"Feature","geometry":{"type":"Point","coordinates":[18.464539,50.000863]},"properties":{"line":"207","mode":"bus","color":"#0059a9","colorDark":"#00294f","band":3,"off":[-3.4,3.1]}},{"type":"Feature","geometry":{"type":"Point","coordinates":[18.464539,50.000863]},"properties":{"line":"208","mode":"bus","color":"#0059a9","colorDark":"#00294f","band":3,"off":[0,3.1]}},{"type":"Feature","geometry":{"type":"Point","coordinates":[18.464539,50.000863]},"properties":{"line":"209","mode":"bus","color":"#0059a9","colorDark":"#00294f","band":3,"off":[3.4,3.1]}},{"type":"Feature","geometry":{"type":"Point","coordinates":[18.464539,50.000863]},"properties":{"line":"210","mode":"bus","color":"#0059a9","colorDark":"#00294f","band":3,"off":[6.8,3.1]}},{"type":"Feature","geometry":{"type":"Point","coordinates":[18.464539,50.000863]},"properties":{"line":"W09","mode":"bus","color":"#0059a9","colorDark":"#00294f","band":3,"off":[-6.8,5.1]}},{"type":"Feature","geometry":{"type":"Point","coordinates":[18.464539,50.000863]},"properties":{"line":"W11","mode":"bus","color":"#0059a9","colorDark":"#00294f","band":3,"off":[-3.4,5.1]}},{"type":"Feature","geometry":{"type":"Point","coordinates":[18.464539,50.000863]},"properties":{"line":"W32","mode":"bus","color":"#0059a9","colorDark":"#00294f","band":3,"off":[0,5.1]}},{"type":"Feature","geometry":{"type":"Point","coordinates":[18.464539,50.000863]},"properties":{"line":"W33","mode":"bus","color":"#0059a9","colorDark":"#00294f","band":3,"off":[3.4,5.1]}},{"type":"Feature","geometry":{"type":"Point","coordinates":[18.464539,50.000863]},"properties":{"line":"W34","mode":"bus","color":"#0059a9","colorDark":"#00294f","band":3,"off":[6.8,5.1]}},{"type":"Feature","geometry":{"type":"Point","coordinates":[18.464539,50.000863]},"properties":{"line":"W38","mode":"bus","color":"#0059a9","colorDark":"#00294f","band":3,"off":[-5.1,7.1]}},{"type":"Feature","geometry":{"type":"Point","coordinates":[18.464539,50.000863]},"properties":{"line":"W41","mode":"bus","color":"#0059a9","colorDark":"#00294f","band":3,"off":[-1.7,7.1]}},{"type":"Feature","geometry":{"type":"Point","coordinates":[18.464539,50.000863]},"properties":{"line":"W42","mode":"bus","color":"#0059a9","colorDark":"#00294f","band":3,"off":[1.7,7.1]}},{"type":"Feature","geometry":{"type":"Point","coordinates":[18.464539,50.000863]},"properties":{"line":"W53","mode":"bus","color":"#0059a9","colorDark":"#00294f","band":3,"off":[5.1,7.1]}},{"type":"Feature","geometry":{"type":"Point","coordinates":[18.318565,49.970741]},"properties":{"name":"Odra, Główna Pętla","band":3,"modes":"bus","arr":["W33"],"off":[0,-0.8]}},{"type":"Feature","geometry":{"type":"Point","coordinates":[18.318565,49.970741]},"properties":{"line":"W33","mode":"bus","color":"#0059a9","colorDark":"#00294f","band":3,"off":[0,1.1]}},{"type":"Feature","geometry":{"type":"Point","coordinates":[18.33076,49.991175]},"properties":{"name":"Bluszczów, Powstańców Środkowa","band":3,"modes":"bus","arr":["W34"],"off":[0,-0.8]}},{"type":"Feature","geometry":{"type":"Point","coordinates":[18.33076,49.991175]},"properties":{"line":"W34","mode":"bus","color":"#0059a9","colorDark":"#00294f","band":3,"off":[0,1.1]}},{"type":"Feature","geometry":{"type":"Point","coordinates":[18.610017,49.945513]},"properties":{"name":"Jastrzębie-Zdrój, Dworzec Arki Bożka","band":3,"modes":"bus","arr":["B12","B15","C10","C12","C13","C14","C17","C18","C19","M10","S10","W09","W10","W36"],"off":[0,-0.8]}},{"type":"Feature","geometry":{"type":"Point","coordinates":[18.610017,49.945513]},"properties":{"name":"Dworzec Arki Bożka","band":3,"modes":"bus","arr":["B12","B15","C10","C12","C13","C14","C17","C18","C19","M10","S10","W09","W10","W36"],"off":[0,-3]}},{"type":"Feature","geometry":{"type":"Point","coordinates":[18.610017,49.945513]},"properties":{"line":"B12","mode":"bus","color":"#0059a9","colorDark":"#00294f","band":3,"off":[-6.8,1.1]}},{"type":"Feature","geometry":{"type":"Point","coordinates":[18.610017,49.945513]},"properties":{"line":"B15","mode":"bus","color":"#0059a9","colorDark":"#00294f","band":3,"off":[-3.4,1.1]}},{"type":"Feature","geometry":{"type":"Point","coordinates":[18.610017,49.945513]},"properties":{"line":"C10","mode":"bus","color":"#0059a9","colorDark":"#00294f","band":3,"off":[0,1.1]}},{"type":"Feature","geometry":{"type":"Point","coordinates":[18.610017,49.945513]},"properties":{"line":"C12","mode":"bus","color":"#0059a9","colorDark":"#00294f","band":3,"off":[3.4,1.1]}},{"type":"Feature","geometry":{"type":"Point","coordinates":[18.610017,49.945513]},"properties":{"line":"C13","mode":"bus","color":"#0059a9","colorDark":"#00294f","band":3,"off":[6.8,1.1]}},{"type":"Feature","geometry":{"type":"Point","coordinates":[18.610017,49.945513]},"properties":{"line":"C14","mode":"bus","color":"#0059a9","colorDark":"#00294f","band":3,"off":[-6.8,3.1]}},{"type":"Feature","geometry":{"type":"Point","coordinates":[18.610017,49.945513]},"properties":{"line":"C17","mode":"bus","color":"#0059a9","colorDark":"#00294f","band":3,"off":[-3.4,3.1]}},{"type":"Feature","geometry":{"type":"Point","coordinates":[18.610017,49.945513]},"properties":{"line":"C18","mode":"bus","color":"#0059a9","colorDark":"#00294f","band":3,"off":[0,3.1]}},{"type":"Feature","geometry":{"type":"Point","coordinates":[18.610017,49.945513]},"properties":{"line":"C19","mode":"bus","color":"#0059a9","colorDark":"#00294f","band":3,"off":[3.4,3.1]}},{"type":"Feature","geometry":{"type":"Point","coordinates":[18.610017,49.945513]},"properties":{"line":"M10","mode":"bus","color":"#0059a9","colorDark":"#00294f","band":3,"off":[6.8,3.1]}},{"type":"Feature","geometry":{"type":"Point","coordinates":[18.610017,49.945513]},"properties":{"line":"S10","mode":"bus","color":"#0059a9","colorDark":"#00294f","band":3,"off":[-5.1,5.1]}},{"type":"Feature","geometry":{"type":"Point","coordinates":[18.610017,49.945513]},"properties":{"line":"W09","mode":"bus","color":"#0059a9","colorDark":"#00294f","band":3,"off":[-1.7,5.1]}},{"type":"Feature","geometry":{"type":"Point","coordinates":[18.610017,49.945513]},"properties":{"line":"W10","mode":"bus","color":"#0059a9","colorDark":"#00294f","band":3,"off":[1.7,5.1]}},{"type":"Feature","geometry":{"type":"Point","coordinates":[18.610017,49.945513]},"properties":{"line":"W36","mode":"bus","color":"#0059a9","colorDark":"#00294f","band":3,"off":[5.1,5.1]}},{"type":"Feature","geometry":{"type":"Point","coordinates":[18.475112,50.008262]},"properties":{"name":"Wodzisław Śląski, Rybnicka Dworzec Kolejowy","band":3,"modes":"bus","arr":["W36"],"off":[0,-0.8]}},{"type":"Feature","geometry":{"type":"Point","coordinates":[18.475112,50.008262]},"properties":{"line":"W36","mode":"bus","color":"#0059a9","colorDark":"#00294f","band":3,"off":[0,1.1]}},{"type":"Feature","geometry":{"type":"Point","coordinates":[18.505453,49.904258]},"properties":{"name":"Gołkowice, Celna","band":3,"modes":"bus","arr":["W38"],"off":[0,-0.8]}},{"type":"Feature","geometry":{"type":"Point","coordinates":[18.505453,49.904258]},"properties":{"line":"W38","mode":"bus","color":"#0059a9","colorDark":"#00294f","band":3,"off":[0,1.1]}},{"type":"Feature","geometry":{"type":"Point","coordinates":[18.501195,49.977559]},"properties":{"name":"Wodzisław, Śląski, Wilchwy Pętla","band":3,"modes":"bus","arr":["W51"],"off":[0,-0.8]}},{"type":"Feature","geometry":{"type":"Point","coordinates":[18.501195,49.977559]},"properties":{"line":"W51","mode":"bus","color":"#0059a9","colorDark":"#00294f","band":3,"off":[0,1.1]}},{"type":"Feature","geometry":{"type":"Point","coordinates":[18.225483,50.09231]},"properties":{"name":"Racibórz, Dworzec Autobusowy","band":3,"modes":"bus","arr":["W41"],"off":[0,-0.8]}},{"type":"Feature","geometry":{"type":"Point","coordinates":[18.225483,50.09231]},"properties":{"line":"W41","mode":"bus","color":"#0059a9","colorDark":"#00294f","band":3,"off":[0,1.1]}},{"type":"Feature","geometry":{"type":"Point","coordinates":[18.290413,50.007826]},"properties":{"name":"Buków, Główna Ośrodek Wypoczynkowy","band":3,"modes":"bus","arr":["W42"],"off":[0,-0.8]}},{"type":"Feature","geometry":{"type":"Point","coordinates":[18.290413,50.007826]},"properties":{"line":"W42","mode":"bus","color":"#0059a9","colorDark":"#00294f","band":3,"off":[0,1.1]}},{"type":"Feature","geometry":{"type":"Point","coordinates":[18.409566,50.005775]},"properties":{"name":"Wodzisław Śląski, Rozwojowa","band":3,"modes":"bus","arr":["W50"],"off":[0,-0.8]}},{"type":"Feature","geometry":{"type":"Point","coordinates":[18.409566,50.005775]},"properties":{"line":"W50","mode":"bus","color":"#0059a9","colorDark":"#00294f","band":3,"off":[0,1.1]}},{"type":"Feature","geometry":{"type":"Point","coordinates":[18.502705,49.970473]},"properties":{"name":"Mszana, Skrzyszowska Tartak","band":3,"modes":"bus","arr":["W50"],"off":[0,-0.8]}},{"type":"Feature","geometry":{"type":"Point","coordinates":[18.502705,49.970473]},"properties":{"line":"W50","mode":"bus","color":"#0059a9","colorDark":"#00294f","band":3,"off":[0,1.1]}},{"type":"Feature","geometry":{"type":"Point","coordinates":[18.513965,50.018286]},"properties":{"name":"Marklowice, Dolne","band":3,"modes":"bus","arr":["W52"],"off":[0,-0.8]}},{"type":"Feature","geometry":{"type":"Point","coordinates":[18.513965,50.018286]},"properties":{"line":"W52","mode":"bus","color":"#0059a9","colorDark":"#00294f","band":3,"off":[0,1.1]}},{"type":"Feature","geometry":{"type":"Point","coordinates":[18.366061,50.015413]},"properties":{"name":"Wodzisław Śląski, Młodzieżowa Boisko","band":3,"modes":"bus","arr":["W52"],"off":[0,-0.8]}},{"type":"Feature","geometry":{"type":"Point","coordinates":[18.366061,50.015413]},"properties":{"line":"W52","mode":"bus","color":"#0059a9","colorDark":"#00294f","band":3,"off":[0,1.1]}},{"type":"Feature","geometry":{"type":"Point","coordinates":[18.545402,49.95732]},"properties":{"name":"Mszana, Moszczeńska Mszańskie Granice","band":3,"modes":"bus","arr":["W59"],"off":[0,-0.8]}},{"type":"Feature","geometry":{"type":"Point","coordinates":[18.545402,49.95732]},"properties":{"line":"W59","mode":"bus","color":"#0059a9","colorDark":"#00294f","band":3,"off":[0,1.1]}},{"type":"Feature","geometry":{"type":"Point","coordinates":[18.42679,50.067802]},"properties":{"name":"Rydułtowy, PKP","band":3,"modes":"bus","arr":["W59"],"off":[0,-0.8]}},{"type":"Feature","geometry":{"type":"Point","coordinates":[18.42679,50.067802]},"properties":{"line":"W59","mode":"bus","color":"#0059a9","colorDark":"#00294f","band":3,"off":[0,1.1]}},{"type":"Feature","geometry":{"type":"Point","coordinates":[18.487905,50.041794]},"properties":{"name":"Radlin Korfantego KWK Marcel","band":3,"modes":"bus","arr":["210"],"off":[0,-0.8]}},{"type":"Feature","geometry":{"type":"Point","coordinates":[18.487905,50.041794]},"properties":{"line":"210","mode":"bus","color":"#0059a9","colorDark":"#00294f","band":3,"off":[0,1.1]}},{"type":"Feature","geometry":{"type":"Point","coordinates":[18.475671,50.049553]},"properties":{"name":"Radlin Korfantego Centrum","band":3,"modes":"bus","arr":["209"],"off":[0,-0.8]}},{"type":"Feature","geometry":{"type":"Point","coordinates":[18.475671,50.049553]},"properties":{"line":"209","mode":"bus","color":"#0059a9","colorDark":"#00294f","band":3,"off":[0,1.1]}},{"type":"Feature","geometry":{"type":"Point","coordinates":[18.364326,50.058786]},"properties":{"name":"Krzyżkowice Działki","band":3,"modes":"bus","arr":["203"],"off":[0,-0.8]}},{"type":"Feature","geometry":{"type":"Point","coordinates":[18.364326,50.058786]},"properties":{"line":"203","mode":"bus","color":"#0059a9","colorDark":"#00294f","band":3,"off":[0,1.1]}},{"type":"Feature","geometry":{"type":"Point","coordinates":[18.421711,50.075156]},"properties":{"name":"Raciborska Orłowiec","band":3,"modes":"bus","arr":["204","205","206"],"off":[0,-0.8]}},{"type":"Feature","geometry":{"type":"Point","coordinates":[18.421711,50.075156]},"properties":{"line":"204","mode":"bus","color":"#0059a9","colorDark":"#00294f","band":3,"off":[-3.4,1.1]}},{"type":"Feature","geometry":{"type":"Point","coordinates":[18.421711,50.075156]},"properties":{"line":"205","mode":"bus","color":"#0059a9","colorDark":"#00294f","band":3,"off":[0,1.1]}},{"type":"Feature","geometry":{"type":"Point","coordinates":[18.421711,50.075156]},"properties":{"line":"206","mode":"bus","color":"#0059a9","colorDark":"#00294f","band":3,"off":[3.4,1.1]}},{"type":"Feature","geometry":{"type":"Point","coordinates":[18.426115,50.073552]},"properties":{"name":"Rydułtowy Obywatelska","band":3,"modes":"bus","arr":["205"],"off":[0,-0.8]}},{"type":"Feature","geometry":{"type":"Point","coordinates":[18.426115,50.073552]},"properties":{"line":"205","mode":"bus","color":"#0059a9","colorDark":"#00294f","band":3,"off":[0,1.1]}},{"type":"Feature","geometry":{"type":"Point","coordinates":[18.451634,50.053733]},"properties":{"name":"Radlin Rydułtowska Reden Górka","band":3,"modes":"bus","arr":["209"],"off":[0,-0.8]}},{"type":"Feature","geometry":{"type":"Point","coordinates":[18.451634,50.053733]},"properties":{"line":"209","mode":"bus","color":"#0059a9","colorDark":"#00294f","band":3,"off":[0,1.1]}},{"type":"Feature","geometry":{"type":"Point","coordinates":[18.580331,50.019429]},"properties":{"name":"Świerklany Dolne Kościół","band":3,"modes":"bus","arr":["208"],"off":[0,-0.8]}},{"type":"Feature","geometry":{"type":"Point","coordinates":[18.580331,50.019429]},"properties":{"line":"208","mode":"bus","color":"#0059a9","colorDark":"#00294f","band":3,"off":[0,1.1]}},{"type":"Feature","geometry":{"type":"Point","coordinates":[18.73879,50.165684]},"properties":{"name":"Dębieńsko Las","band":3,"modes":"bus","arr":["300","301","304"],"off":[0,-0.8]}},{"type":"Feature","geometry":{"type":"Point","coordinates":[18.73879,50.165684]},"properties":{"line":"300","mode":"bus","color":"#0059a9","colorDark":"#00294f","band":3,"off":[-3.4,1.1]}},{"type":"Feature","geometry":{"type":"Point","coordinates":[18.73879,50.165684]},"properties":{"line":"301","mode":"bus","color":"#0059a9","colorDark":"#00294f","band":3,"off":[0,1.1]}},{"type":"Feature","geometry":{"type":"Point","coordinates":[18.73879,50.165684]},"properties":{"line":"304","mode":"bus","color":"#0059a9","colorDark":"#00294f","band":3,"off":[3.4,1.1]}},{"type":"Feature","geometry":{"type":"Point","coordinates":[18.54439,50.092396]},"properties":{"name":"R-k Śródmieście 3 Maja","band":3,"modes":"bus","arr":["S12","S12A","W10"],"off":[0,-0.8]}},{"type":"Feature","geometry":{"type":"Point","coordinates":[18.54439,50.092396]},"properties":{"line":"S12","mode":"bus","color":"#0059a9","colorDark":"#00294f","band":3,"off":[-3.4,1.1]}},{"type":"Feature","geometry":{"type":"Point","coordinates":[18.54439,50.092396]},"properties":{"line":"S12A","mode":"bus","color":"#0059a9","colorDark":"#00294f","band":3,"off":[0,1.1]}},{"type":"Feature","geometry":{"type":"Point","coordinates":[18.54439,50.092396]},"properties":{"line":"W10","mode":"bus","color":"#0059a9","colorDark":"#00294f","band":3,"off":[3.4,1.1]}},{"type":"Feature","geometry":{"type":"Point","coordinates":[18.545657,50.089222]},"properties":{"name":"R-k Śródmieście Dw. Kolejowy","band":3,"modes":"bus","arr":["300","302","306"],"off":[0,-0.8]}},{"type":"Feature","geometry":{"type":"Point","coordinates":[18.545657,50.089222]},"properties":{"line":"300","mode":"bus","color":"#0059a9","colorDark":"#00294f","band":3,"off":[-3.4,1.1]}},{"type":"Feature","geometry":{"type":"Point","coordinates":[18.545657,50.089222]},"properties":{"line":"302","mode":"bus","color":"#0059a9","colorDark":"#00294f","band":3,"off":[0,1.1]}},{"type":"Feature","geometry":{"type":"Point","coordinates":[18.545657,50.089222]},"properties":{"line":"306","mode":"bus","color":"#0059a9","colorDark":"#00294f","band":3,"off":[3.4,1.1]}},{"type":"Feature","geometry":{"type":"Point","coordinates":[18.663753,50.15981]},"properties":{"name":"KWK Dębieńsko","band":3,"modes":"bus","arr":["302"],"off":[0,-0.8]}},{"type":"Feature","geometry":{"type":"Point","coordinates":[18.663753,50.15981]},"properties":{"line":"302","mode":"bus","color":"#0059a9","colorDark":"#00294f","band":3,"off":[0,1.1]}},{"type":"Feature","geometry":{"type":"Point","coordinates":[18.667826,50.15996]},"properties":{"name":"Koksownia Dębieńsko Pętla","band":3,"modes":"bus","arr":["302","303","305","309"],"off":[0,-0.8]}},{"type":"Feature","geometry":{"type":"Point","coordinates":[18.667826,50.15996]},"properties":{"line":"302","mode":"bus","color":"#0059a9","colorDark":"#00294f","band":3,"off":[-5.1,1.1]}},{"type":"Feature","geometry":{"type":"Point","coordinates":[18.667826,50.15996]},"properties":{"line":"303","mode":"bus","color":"#0059a9","colorDark":"#00294f","band":3,"off":[-1.7,1.1]}},{"type":"Feature","geometry":{"type":"Point","coordinates":[18.667826,50.15996]},"properties":{"line":"305","mode":"bus","color":"#0059a9","colorDark":"#00294f","band":3,"off":[1.7,1.1]}},{"type":"Feature","geometry":{"type":"Point","coordinates":[18.667826,50.15996]},"properties":{"line":"309","mode":"bus","color":"#0059a9","colorDark":"#00294f","band":3,"off":[5.1,1.1]}},{"type":"Feature","geometry":{"type":"Point","coordinates":[18.616885,50.141993]},"properties":{"name":"Kamień Rzędówka","band":3,"modes":"bus","arr":["303"],"off":[0,-0.8]}},{"type":"Feature","geometry":{"type":"Point","coordinates":[18.616885,50.141993]},"properties":{"line":"303","mode":"bus","color":"#0059a9","colorDark":"#00294f","band":3,"off":[0,1.1]}},{"type":"Feature","geometry":{"type":"Point","coordinates":[18.634689,50.136335]},"properties":{"name":"Leszczyny Czereśniowa","band":3,"modes":"bus","arr":["304","309"],"off":[0,-0.8]}},{"type":"Feature","geometry":{"type":"Point","coordinates":[18.634689,50.136335]},"properties":{"line":"304","mode":"bus","color":"#0059a9","colorDark":"#00294f","band":3,"off":[-1.7,1.1]}},{"type":"Feature","geometry":{"type":"Point","coordinates":[18.634689,50.136335]},"properties":{"line":"309","mode":"bus","color":"#0059a9","colorDark":"#00294f","band":3,"off":[1.7,1.1]}},{"type":"Feature","geometry":{"type":"Point","coordinates":[18.689291,49.96528]},"properties":{"name":"KWK Pniówek","band":3,"modes":"bus","arr":["307","L-1"],"off":[0,-0.8]}},{"type":"Feature","geometry":{"type":"Point","coordinates":[18.689291,49.96528]},"properties":{"line":"307","mode":"bus","color":"#0059a9","colorDark":"#00294f","band":3,"off":[-1.7,1.1]}},{"type":"Feature","geometry":{"type":"Point","coordinates":[18.689291,49.96528]},"properties":{"line":"L-1","mode":"bus","color":"#0059a9","colorDark":"#00294f","band":3,"off":[1.7,1.1]}},{"type":"Feature","geometry":{"type":"Point","coordinates":[18.717797,49.964109]},"properties":{"name":"Pawłowice Centrum - TARG","band":3,"modes":"bus","arr":["B10","B11","B12","L-2","L-3","L-5","L-7"],"off":[0,-0.8]}},{"type":"Feature","geometry":{"type":"Point","coordinates":[18.717797,49.964109]},"properties":{"line":"B10","mode":"bus","color":"#0059a9","colorDark":"#00294f","band":3,"off":[-6.8,1.1]}},{"type":"Feature","geometry":{"type":"Point","coordinates":[18.717797,49.964109]},"properties":{"line":"B11","mode":"bus","color":"#0059a9","colorDark":"#00294f","band":3,"off":[-3.4,1.1]}},{"type":"Feature","geometry":{"type":"Point","coordinates":[18.717797,49.964109]},"properties":{"line":"B12","mode":"bus","color":"#0059a9","colorDark":"#00294f","band":3,"off":[0,1.1]}},{"type":"Feature","geometry":{"type":"Point","coordinates":[18.717797,49.964109]},"properties":{"line":"L-2","mode":"bus","color":"#0059a9","colorDark":"#00294f","band":3,"off":[3.4,1.1]}},{"type":"Feature","geometry":{"type":"Point","coordinates":[18.717797,49.964109]},"properties":{"line":"L-3","mode":"bus","color":"#0059a9","colorDark":"#00294f","band":3,"off":[6.8,1.1]}},{"type":"Feature","geometry":{"type":"Point","coordinates":[18.717797,49.964109]},"properties":{"line":"L-5","mode":"bus","color":"#0059a9","colorDark":"#00294f","band":3,"off":[-1.7,3.1]}},{"type":"Feature","geometry":{"type":"Point","coordinates":[18.717797,49.964109]},"properties":{"line":"L-7","mode":"bus","color":"#0059a9","colorDark":"#00294f","band":3,"off":[1.7,3.1]}},{"type":"Feature","geometry":{"type":"Point","coordinates":[18.776156,50.04094]},"properties":{"name":"Suszec Piaskowa Osiedle.","band":3,"modes":"bus","arr":["308"],"off":[0,-0.8]}},{"type":"Feature","geometry":{"type":"Point","coordinates":[18.776156,50.04094]},"properties":{"line":"308","mode":"bus","color":"#0059a9","colorDark":"#00294f","band":3,"off":[0,1.1]}},{"type":"Feature","geometry":{"type":"Point","coordinates":[18.564549,49.943395]},"properties":{"name":"Carbonarium WORD","band":3,"modes":"bus","arr":["B10","B11","C18","S13"],"off":[0,-0.8]}},{"type":"Feature","geometry":{"type":"Point","coordinates":[18.564549,49.943395]},"properties":{"line":"B10","mode":"bus","color":"#0059a9","colorDark":"#00294f","band":3,"off":[-5.1,1.1]}},{"type":"Feature","geometry":{"type":"Point","coordinates":[18.564549,49.943395]},"properties":{"line":"B11","mode":"bus","color":"#0059a9","colorDark":"#00294f","band":3,"off":[-1.7,1.1]}},{"type":"Feature","geometry":{"type":"Point","coordinates":[18.564549,49.943395]},"properties":{"line":"C18","mode":"bus","color":"#0059a9","colorDark":"#00294f","band":3,"off":[1.7,1.1]}},{"type":"Feature","geometry":{"type":"Point","coordinates":[18.564549,49.943395]},"properties":{"line":"S13","mode":"bus","color":"#0059a9","colorDark":"#00294f","band":3,"off":[5.1,1.1]}},{"type":"Feature","geometry":{"type":"Point","coordinates":[18.573634,49.94524]},"properties":{"name":"Dworzec Zdrój","band":3,"modes":"bus","arr":["B13","B14","S12","S12A","S14","S15","W11"],"off":[0,-0.8]}},{"type":"Feature","geometry":{"type":"Point","coordinates":[18.573634,49.94524]},"properties":{"line":"B13","mode":"bus","color":"#0059a9","colorDark":"#00294f","band":3,"off":[-6.8,1.1]}},{"type":"Feature","geometry":{"type":"Point","coordinates":[18.573634,49.94524]},"properties":{"line":"B14","mode":"bus","color":"#0059a9","colorDark":"#00294f","band":3,"off":[-3.4,1.1]}},{"type":"Feature","geometry":{"type":"Point","coordinates":[18.573634,49.94524]},"properties":{"line":"S12","mode":"bus","color":"#0059a9","colorDark":"#00294f","band":3,"off":[0,1.1]}},{"type":"Feature","geometry":{"type":"Point","coordinates":[18.573634,49.94524]},"properties":{"line":"S12A","mode":"bus","color":"#0059a9","colorDark":"#00294f","band":3,"off":[3.4,1.1]}},{"type":"Feature","geometry":{"type":"Point","coordinates":[18.573634,49.94524]},"properties":{"line":"S14","mode":"bus","color":"#0059a9","colorDark":"#00294f","band":3,"off":[6.8,1.1]}},{"type":"Feature","geometry":{"type":"Point","coordinates":[18.573634,49.94524]},"properties":{"line":"S15","mode":"bus","color":"#0059a9","colorDark":"#00294f","band":3,"off":[-1.7,3.1]}},{"type":"Feature","geometry":{"type":"Point","coordinates":[18.573634,49.94524]},"properties":{"line":"W11","mode":"bus","color":"#0059a9","colorDark":"#00294f","band":3,"off":[1.7,3.1]}},{"type":"Feature","geometry":{"type":"Point","coordinates":[18.673475,49.964503]},"properties":{"name":"Pniówek Wieś","band":3,"modes":"bus","arr":["L-4"],"off":[0,-0.8]}},{"type":"Feature","geometry":{"type":"Point","coordinates":[18.673475,49.964503]},"properties":{"line":"L-4","mode":"bus","color":"#0059a9","colorDark":"#00294f","band":3,"off":[0,1.1]}},{"type":"Feature","geometry":{"type":"Point","coordinates":[18.663766,49.949705]},"properties":{"name":"Bzie Szkoła","band":3,"modes":"bus","arr":["B15"],"off":[0,-0.8]}},{"type":"Feature","geometry":{"type":"Point","coordinates":[18.663766,49.949705]},"properties":{"line":"B15","mode":"bus","color":"#0059a9","colorDark":"#00294f","band":3,"off":[0,1.1]}},{"type":"Feature","geometry":{"type":"Point","coordinates":[18.657752,49.921449]},"properties":{"name":"Bzie Dolne","band":3,"modes":"bus","arr":["B13","B14"],"off":[0,-0.8]}},{"type":"Feature","geometry":{"type":"Point","coordinates":[18.657752,49.921449]},"properties":{"line":"B13","mode":"bus","color":"#0059a9","colorDark":"#00294f","band":3,"off":[-1.7,1.1]}},{"type":"Feature","geometry":{"type":"Point","coordinates":[18.657752,49.921449]},"properties":{"line":"B14","mode":"bus","color":"#0059a9","colorDark":"#00294f","band":3,"off":[1.7,1.1]}},{"type":"Feature","geometry":{"type":"Point","coordinates":[18.566893,49.963357]},"properties":{"name":"KWK Jas-Mos","band":3,"modes":"bus","arr":["C10","C13","C15","C17"],"off":[0,-0.8]}},{"type":"Feature","geometry":{"type":"Point","coordinates":[18.566893,49.963357]},"properties":{"line":"C10","mode":"bus","color":"#0059a9","colorDark":"#00294f","band":3,"off":[-5.1,1.1]}},{"type":"Feature","geometry":{"type":"Point","coordinates":[18.566893,49.963357]},"properties":{"line":"C13","mode":"bus","color":"#0059a9","colorDark":"#00294f","band":3,"off":[-1.7,1.1]}},{"type":"Feature","geometry":{"type":"Point","coordinates":[18.566893,49.963357]},"properties":{"line":"C15","mode":"bus","color":"#0059a9","colorDark":"#00294f","band":3,"off":[1.7,1.1]}},{"type":"Feature","geometry":{"type":"Point","coordinates":[18.566893,49.963357]},"properties":{"line":"C17","mode":"bus","color":"#0059a9","colorDark":"#00294f","band":3,"off":[5.1,1.1]}},{"type":"Feature","geometry":{"type":"Point","coordinates":[18.584662,49.936747]},"properties":{"name":"Chlebowa Pętla","band":3,"modes":"bus","arr":["C11","C15","C16","R10","R11","S11","S16"],"off":[0,-0.8]}},{"type":"Feature","geometry":{"type":"Point","coordinates":[18.584662,49.936747]},"properties":{"line":"C11","mode":"bus","color":"#0059a9","colorDark":"#00294f","band":3,"off":[-6.8,1.1]}},{"type":"Feature","geometry":{"type":"Point","coordinates":[18.584662,49.936747]},"properties":{"line":"C15","mode":"bus","color":"#0059a9","colorDark":"#00294f","band":3,"off":[-3.4,1.1]}},{"type":"Feature","geometry":{"type":"Point","coordinates":[18.584662,49.936747]},"properties":{"line":"C16","mode":"bus","color":"#0059a9","colorDark":"#00294f","band":3,"off":[0,1.1]}},{"type":"Feature","geometry":{"type":"Point","coordinates":[18.584662,49.936747]},"properties":{"line":"R10","mode":"bus","color":"#0059a9","colorDark":"#00294f","band":3,"off":[3.4,1.1]}},{"type":"Feature","geometry":{"type":"Point","coordinates":[18.584662,49.936747]},"properties":{"line":"R11","mode":"bus","color":"#0059a9","colorDark":"#00294f","band":3,"off":[6.8,1.1]}},{"type":"Feature","geometry":{"type":"Point","coordinates":[18.584662,49.936747]},"properties":{"line":"S11","mode":"bus","color":"#0059a9","colorDark":"#00294f","band":3,"off":[-1.7,3.1]}},{"type":"Feature","geometry":{"type":"Point","coordinates":[18.584662,49.936747]},"properties":{"line":"S16","mode":"bus","color":"#0059a9","colorDark":"#00294f","band":3,"off":[1.7,3.1]}},{"type":"Feature","geometry":{"type":"Point","coordinates":[18.56888,49.959284]},"properties":{"name":"Os. Bogoczowiec","band":3,"modes":"bus","arr":["C19"],"off":[0,-0.8]}},{"type":"Feature","geometry":{"type":"Point","coordinates":[18.56888,49.959284]},"properties":{"line":"C19","mode":"bus","color":"#0059a9","colorDark":"#00294f","band":3,"off":[0,1.1]}},{"type":"Feature","geometry":{"type":"Point","coordinates":[18.68136,49.9125]},"properties":{"name":"Golasowice Pętla","band":3,"modes":"bus","arr":["L-2"],"off":[0,-0.8]}},{"type":"Feature","geometry":{"type":"Point","coordinates":[18.68136,49.9125]},"properties":{"line":"L-2","mode":"bus","color":"#0059a9","colorDark":"#00294f","band":3,"off":[0,1.1]}},{"type":"Feature","geometry":{"type":"Point","coordinates":[18.712591,49.99239]},"properties":{"name":"Warszowice Wiadukt","band":3,"modes":"bus","arr":["L-3"],"off":[0,-0.8]}},{"type":"Feature","geometry":{"type":"Point","coordinates":[18.712591,49.99239]},"properties":{"line":"L-3","mode":"bus","color":"#0059a9","colorDark":"#00294f","band":3,"off":[0,1.1]}},{"type":"Feature","geometry":{"type":"Point","coordinates":[18.703848,49.961883]},"properties":{"name":"Pawłowice Osiedle Liceum","band":3,"modes":"bus","arr":["L-6"],"off":[0,-0.8]}},{"type":"Feature","geometry":{"type":"Point","coordinates":[18.703848,49.961883]},"properties":{"line":"L-6","mode":"bus","color":"#0059a9","colorDark":"#00294f","band":3,"off":[0,1.1]}},{"type":"Feature","geometry":{"type":"Point","coordinates":[18.664388,49.987524]},"properties":{"name":"Krzyżowice Kościół","band":3,"modes":"bus","arr":["L-4","S15"],"off":[0,-0.8]}},{"type":"Feature","geometry":{"type":"Point","coordinates":[18.664388,49.987524]},"properties":{"line":"L-4","mode":"bus","color":"#0059a9","colorDark":"#00294f","band":3,"off":[-1.7,1.1]}},{"type":"Feature","geometry":{"type":"Point","coordinates":[18.664388,49.987524]},"properties":{"line":"S15","mode":"bus","color":"#0059a9","colorDark":"#00294f","band":3,"off":[1.7,1.1]}},{"type":"Feature","geometry":{"type":"Point","coordinates":[18.76386,49.917067]},"properties":{"name":"Strumień RYNEK","band":3,"modes":"bus","arr":["L-5"],"off":[0,-0.8]}},{"type":"Feature","geometry":{"type":"Point","coordinates":[18.76386,49.917067]},"properties":{"line":"L-5","mode":"bus","color":"#0059a9","colorDark":"#00294f","band":3,"off":[0,1.1]}},{"type":"Feature","geometry":{"type":"Point","coordinates":[18.73619,49.90239]},"properties":{"name":"Bąków Skrzyżowanie","band":3,"modes":"bus","arr":["L-6"],"off":[0,-0.8]}},{"type":"Feature","geometry":{"type":"Point","coordinates":[18.73619,49.90239]},"properties":{"line":"L-6","mode":"bus","color":"#0059a9","colorDark":"#00294f","band":3,"off":[0,1.1]}},{"type":"Feature","geometry":{"type":"Point","coordinates":[18.771699,49.959142]},"properties":{"name":"Studzionka Cmentarz","band":3,"modes":"bus","arr":["L-7"],"off":[0,-0.8]}},{"type":"Feature","geometry":{"type":"Point","coordinates":[18.771699,49.959142]},"properties":{"line":"L-7","mode":"bus","color":"#0059a9","colorDark":"#00294f","band":3,"off":[0,1.1]}},{"type":"Feature","geometry":{"type":"Point","coordinates":[18.522949,49.938052]},"properties":{"name":"Szotkowice Pętla","band":3,"modes":"bus","arr":["M10"],"off":[0,-0.8]}},{"type":"Feature","geometry":{"type":"Point","coordinates":[18.522949,49.938052]},"properties":{"line":"M10","mode":"bus","color":"#0059a9","colorDark":"#00294f","band":3,"off":[0,1.1]}},{"type":"Feature","geometry":{"type":"Point","coordinates":[18.625091,49.871177]},"properties":{"name":"Zebrzydowice Ośrodek Zdrowia","band":3,"modes":"bus","arr":["R10"],"off":[0,-0.8]}},{"type":"Feature","geometry":{"type":"Point","coordinates":[18.625091,49.871177]},"properties":{"line":"R10","mode":"bus","color":"#0059a9","colorDark":"#00294f","band":3,"off":[0,1.1]}},{"type":"Feature","geometry":{"type":"Point","coordinates":[18.602087,49.879132]},"properties":{"name":"Zebrzydowice Skrzyżowanie","band":3,"modes":"bus","arr":["R11"],"off":[0,-0.8]}},{"type":"Feature","geometry":{"type":"Point","coordinates":[18.602087,49.879132]},"properties":{"line":"R11","mode":"bus","color":"#0059a9","colorDark":"#00294f","band":3,"off":[0,1.1]}},{"type":"Feature","geometry":{"type":"Point","coordinates":[18.609957,49.998534]},"properties":{"name":"KWK Borynia","band":3,"modes":"bus","arr":["S13","S14","S16"],"off":[0,-0.8]}},{"type":"Feature","geometry":{"type":"Point","coordinates":[18.609957,49.998534]},"properties":{"line":"S13","mode":"bus","color":"#0059a9","colorDark":"#00294f","band":3,"off":[-3.4,1.1]}},{"type":"Feature","geometry":{"type":"Point","coordinates":[18.609957,49.998534]},"properties":{"line":"S14","mode":"bus","color":"#0059a9","colorDark":"#00294f","band":3,"off":[0,1.1]}},{"type":"Feature","geometry":{"type":"Point","coordinates":[18.609957,49.998534]},"properties":{"line":"S16","mode":"bus","color":"#0059a9","colorDark":"#00294f","band":3,"off":[3.4,1.1]}},{"type":"Feature","geometry":{"type":"Point","coordinates":[18.476222,50.104719]},"properties":{"name":"Jejkowice Centrum","band":4,"modes":"bus","arr":["1","26"],"off":[0,-0.8]}},{"type":"Feature","geometry":{"type":"Point","coordinates":[18.476222,50.104719]},"properties":{"line":"1","mode":"bus","color":"#0059a9","colorDark":"#00294f","band":4,"off":[-1.7,1.1]}},{"type":"Feature","geometry":{"type":"Point","coordinates":[18.476222,50.104719]},"properties":{"line":"26","mode":"bus","color":"#0059a9","colorDark":"#00294f","band":4,"off":[1.7,1.1]}},{"type":"Feature","geometry":{"type":"Point","coordinates":[18.54428,50.09596]},"properties":{"name":"Rybnik Śródmieście Plac Wolności 3","band":4,"modes":"bus","arr":["8","34","PR"],"off":[0,-0.8]}},{"type":"Feature","geometry":{"type":"Point","coordinates":[18.54428,50.09596]},"properties":{"name":"Rybnik Śródmieście Plac Wolności 2","band":4,"modes":"bus","arr":["8","34","PR"],"off":[0,-3]}},{"type":"Feature","geometry":{"type":"Point","coordinates":[18.54428,50.09596]},"properties":{"name":"Rybnik Śródmieście Plac Wolności 1","band":4,"modes":"bus","arr":["8","34","PR"],"off":[0,-5.2]}},{"type":"Feature","geometry":{"type":"Point","coordinates":[18.54428,50.09596]},"properties":{"line":"8","mode":"bus","color":"#0059a9","colorDark":"#00294f","band":4,"off":[-3.4,1.1]}},{"type":"Feature","geometry":{"type":"Point","coordinates":[18.54428,50.09596]},"properties":{"line":"34","mode":"bus","color":"#0059a9","colorDark":"#00294f","band":4,"off":[0,1.1]}},{"type":"Feature","geometry":{"type":"Point","coordinates":[18.54428,50.09596]},"properties":{"line":"PR","mode":"bus","color":"#0059a9","colorDark":"#00294f","band":4,"off":[3.4,1.1]}},{"type":"Feature","geometry":{"type":"Point","coordinates":[18.540934,50.093319]},"properties":{"name":"Rybnik Śródmieście Sąd","band":4,"modes":"bus","arr":["46A"],"off":[0,-0.8]}},{"type":"Feature","geometry":{"type":"Point","coordinates":[18.540934,50.093319]},"properties":{"line":"46A","mode":"bus","color":"#0059a9","colorDark":"#00294f","band":4,"off":[0,1.1]}},{"type":"Feature","geometry":{"type":"Point","coordinates":[18.49032,50.040219]},"properties":{"name":"Radlin Ujejskiego","band":4,"modes":"bus","arr":["1","3","6"],"off":[0,-0.8]}},{"type":"Feature","geometry":{"type":"Point","coordinates":[18.49032,50.040219]},"properties":{"line":"1","mode":"bus","color":"#0059a9","colorDark":"#00294f","band":4,"off":[-3.4,1.1]}},{"type":"Feature","geometry":{"type":"Point","coordinates":[18.49032,50.040219]},"properties":{"line":"3","mode":"bus","color":"#0059a9","colorDark":"#00294f","band":4,"off":[0,1.1]}},{"type":"Feature","geometry":{"type":"Point","coordinates":[18.49032,50.040219]},"properties":{"line":"6","mode":"bus","color":"#0059a9","colorDark":"#00294f","band":4,"off":[3.4,1.1]}},{"type":"Feature","geometry":{"type":"Point","coordinates":[18.533587,50.101244]},"properties":{"name":"Rybnik Maroko Nowiny Dworzec Aut. A","band":4,"modes":"bus","arr":["2","4","5","6","9","10","14","16","17","18","19","22","51","52"],"off":[0,-0.8]}},{"type":"Feature","geometry":{"type":"Point","coordinates":[18.533587,50.101244]},"properties":{"name":"Rybnik Maroko Nowiny Dworzec Aut. 3","band":4,"modes":"bus","arr":["2","4","5","6","9","10","14","16","17","18","19","22","51","52"],"off":[0,-3]}},{"type":"Feature","geometry":{"type":"Point","coordinates":[18.533587,50.101244]},"properties":{"name":"Rybnik Maroko Nowiny Dworzec Aut. 2","band":4,"modes":"bus","arr":["2","4","5","6","9","10","14","16","17","18","19","22","51","52"],"off":[0,-5.2]}},{"type":"Feature","geometry":{"type":"Point","coordinates":[18.533587,50.101244]},"properties":{"line":"2","mode":"bus","color":"#0059a9","colorDark":"#00294f","band":4,"off":[-6.8,1.1]}},{"type":"Feature","geometry":{"type":"Point","coordinates":[18.533587,50.101244]},"properties":{"line":"4","mode":"bus","color":"#0059a9","colorDark":"#00294f","band":4,"off":[-3.4,1.1]}},{"type":"Feature","geometry":{"type":"Point","coordinates":[18.533587,50.101244]},"properties":{"line":"5","mode":"bus","color":"#0059a9","colorDark":"#00294f","band":4,"off":[0,1.1]}},{"type":"Feature","geometry":{"type":"Point","coordinates":[18.533587,50.101244]},"properties":{"line":"6","mode":"bus","color":"#0059a9","colorDark":"#00294f","band":4,"off":[3.4,1.1]}},{"type":"Feature","geometry":{"type":"Point","coordinates":[18.533587,50.101244]},"properties":{"line":"9","mode":"bus","color":"#0059a9","colorDark":"#00294f","band":4,"off":[6.8,1.1]}},{"type":"Feature","geometry":{"type":"Point","coordinates":[18.533587,50.101244]},"properties":{"line":"10","mode":"bus","color":"#0059a9","colorDark":"#00294f","band":4,"off":[-6.8,3.1]}},{"type":"Feature","geometry":{"type":"Point","coordinates":[18.533587,50.101244]},"properties":{"line":"14","mode":"bus","color":"#0059a9","colorDark":"#00294f","band":4,"off":[-3.4,3.1]}},{"type":"Feature","geometry":{"type":"Point","coordinates":[18.533587,50.101244]},"properties":{"line":"16","mode":"bus","color":"#0059a9","colorDark":"#00294f","band":4,"off":[0,3.1]}},{"type":"Feature","geometry":{"type":"Point","coordinates":[18.533587,50.101244]},"properties":{"line":"17","mode":"bus","color":"#0059a9","colorDark":"#00294f","band":4,"off":[3.4,3.1]}},{"type":"Feature","geometry":{"type":"Point","coordinates":[18.533587,50.101244]},"properties":{"line":"18","mode":"bus","color":"#0059a9","colorDark":"#00294f","band":4,"off":[6.8,3.1]}},{"type":"Feature","geometry":{"type":"Point","coordinates":[18.533587,50.101244]},"properties":{"line":"19","mode":"bus","color":"#0059a9","colorDark":"#00294f","band":4,"off":[-5.1,5.1]}},{"type":"Feature","geometry":{"type":"Point","coordinates":[18.533587,50.101244]},"properties":{"line":"22","mode":"bus","color":"#0059a9","colorDark":"#00294f","band":4,"off":[-1.7,5.1]}},{"type":"Feature","geometry":{"type":"Point","coordinates":[18.533587,50.101244]},"properties":{"line":"51","mode":"bus","color":"#0059a9","colorDark":"#00294f","band":4,"off":[1.7,5.1]}},{"type":"Feature","geometry":{"type":"Point","coordinates":[18.533587,50.101244]},"properties":{"line":"52","mode":"bus","color":"#0059a9","colorDark":"#00294f","band":4,"off":[5.1,5.1]}},{"type":"Feature","geometry":{"type":"Point","coordinates":[18.517077,50.016732]},"properties":{"name":"Marklowice Słoneczna Wyspa","band":4,"modes":"bus","arr":["2"],"off":[0,-0.8]}},{"type":"Feature","geometry":{"type":"Point","coordinates":[18.517077,50.016732]},"properties":{"line":"2","mode":"bus","color":"#0059a9","colorDark":"#00294f","band":4,"off":[0,1.1]}},{"type":"Feature","geometry":{"type":"Point","coordinates":[18.520585,50.114923]},"properties":{"name":"Rybnik Orzepowice Storczyków","band":4,"modes":"bus","arr":["3","33","46"],"off":[0,-0.8]}},{"type":"Feature","geometry":{"type":"Point","coordinates":[18.520585,50.114923]},"properties":{"line":"3","mode":"bus","color":"#0059a9","colorDark":"#00294f","band":4,"off":[-3.4,1.1]}},{"type":"Feature","geometry":{"type":"Point","coordinates":[18.520585,50.114923]},"properties":{"line":"33","mode":"bus","color":"#0059a9","colorDark":"#00294f","band":4,"off":[0,1.1]}},{"type":"Feature","geometry":{"type":"Point","coordinates":[18.520585,50.114923]},"properties":{"line":"46","mode":"bus","color":"#0059a9","colorDark":"#00294f","band":4,"off":[3.4,1.1]}},{"type":"Feature","geometry":{"type":"Point","coordinates":[18.548902,50.071783]},"properties":{"name":"Rybnik Chwałowice Kopalnia","band":4,"modes":"bus","arr":["42"],"off":[0,-0.8]}},{"type":"Feature","geometry":{"type":"Point","coordinates":[18.548902,50.071783]},"properties":{"line":"42","mode":"bus","color":"#0059a9","colorDark":"#00294f","band":4,"off":[0,1.1]}},{"type":"Feature","geometry":{"type":"Point","coordinates":[18.535006,50.110001]},"properties":{"name":"Rybnik Północ Wawok","band":4,"modes":"bus","arr":["A"],"off":[0,-0.8]}},{"type":"Feature","geometry":{"type":"Point","coordinates":[18.535006,50.110001]},"properties":{"line":"A","mode":"bus","color":"#0059a9","colorDark":"#00294f","band":4,"off":[0,1.1]}},{"type":"Feature","geometry":{"type":"Point","coordinates":[18.533448,50.10163]},"properties":{"name":"Rybnik Maroko Nowiny Dworzec Aut. 5","band":4,"modes":"bus","arr":["6","52","300","301"],"off":[0,-0.8]}},{"type":"Feature","geometry":{"type":"Point","coordinates":[18.533448,50.10163]},"properties":{"name":"R-k Maroko Nowiny Dworzec Autobusowy","band":4,"modes":"bus","arr":["6","52","300","301"],"off":[0,-3]}},{"type":"Feature","geometry":{"type":"Point","coordinates":[18.533448,50.10163]},"properties":{"line":"6","mode":"bus","color":"#0059a9","colorDark":"#00294f","band":4,"off":[-5.1,1.1]}},{"type":"Feature","geometry":{"type":"Point","coordinates":[18.533448,50.10163]},"properties":{"line":"52","mode":"bus","color":"#0059a9","colorDark":"#00294f","band":4,"off":[-1.7,1.1]}},{"type":"Feature","geometry":{"type":"Point","coordinates":[18.533448,50.10163]},"properties":{"line":"300","mode":"bus","color":"#0059a9","colorDark":"#00294f","band":4,"off":[1.7,1.1]}},{"type":"Feature","geometry":{"type":"Point","coordinates":[18.533448,50.10163]},"properties":{"line":"301","mode":"bus","color":"#0059a9","colorDark":"#00294f","band":4,"off":[5.1,1.1]}},{"type":"Feature","geometry":{"type":"Point","coordinates":[18.546324,50.111927]},"properties":{"name":"Rybnik Północ Kąpielisko Ruda","band":4,"modes":"bus","arr":["7","23","30"],"off":[0,-0.8]}},{"type":"Feature","geometry":{"type":"Point","coordinates":[18.546324,50.111927]},"properties":{"line":"7","mode":"bus","color":"#0059a9","colorDark":"#00294f","band":4,"off":[-3.4,1.1]}},{"type":"Feature","geometry":{"type":"Point","coordinates":[18.546324,50.111927]},"properties":{"line":"23","mode":"bus","color":"#0059a9","colorDark":"#00294f","band":4,"off":[0,1.1]}},{"type":"Feature","geometry":{"type":"Point","coordinates":[18.546324,50.111927]},"properties":{"line":"30","mode":"bus","color":"#0059a9","colorDark":"#00294f","band":4,"off":[3.4,1.1]}},{"type":"Feature","geometry":{"type":"Point","coordinates":[18.450087,50.102488]},"properties":{"name":"Szczerbice Straż","band":4,"modes":"bus","arr":["7"],"off":[0,-0.8]}},{"type":"Feature","geometry":{"type":"Point","coordinates":[18.450087,50.102488]},"properties":{"line":"7","mode":"bus","color":"#0059a9","colorDark":"#00294f","band":4,"off":[0,1.1]}},{"type":"Feature","geometry":{"type":"Point","coordinates":[18.415636,50.056725]},"properties":{"name":"Rydułtowy Rynek","band":4,"modes":"bus","arr":["8","28","29","207"],"off":[0,-0.8]}},{"type":"Feature","geometry":{"type":"Point","coordinates":[18.415636,50.056725]},"properties":{"line":"8","mode":"bus","color":"#0059a9","colorDark":"#00294f","band":4,"off":[-5.1,1.1]}},{"type":"Feature","geometry":{"type":"Point","coordinates":[18.415636,50.056725]},"properties":{"line":"28","mode":"bus","color":"#0059a9","colorDark":"#00294f","band":4,"off":[-1.7,1.1]}},{"type":"Feature","geometry":{"type":"Point","coordinates":[18.415636,50.056725]},"properties":{"line":"29","mode":"bus","color":"#0059a9","colorDark":"#00294f","band":4,"off":[1.7,1.1]}},{"type":"Feature","geometry":{"type":"Point","coordinates":[18.415636,50.056725]},"properties":{"line":"207","mode":"bus","color":"#0059a9","colorDark":"#00294f","band":4,"off":[5.1,1.1]}},{"type":"Feature","geometry":{"type":"Point","coordinates":[18.397016,50.040549]},"properties":{"name":"Pszów DA","band":4,"modes":"bus","arr":["10"],"off":[0,-0.8]}},{"type":"Feature","geometry":{"type":"Point","coordinates":[18.397016,50.040549]},"properties":{"line":"10","mode":"bus","color":"#0059a9","colorDark":"#00294f","band":4,"off":[0,1.1]}},{"type":"Feature","geometry":{"type":"Point","coordinates":[18.554997,50.060198]},"properties":{"name":"Rybnik Chwałowice Pętla","band":4,"modes":"bus","arr":["12","15","27","29","36","41","43"],"off":[0,-0.8]}},{"type":"Feature","geometry":{"type":"Point","coordinates":[18.554997,50.060198]},"properties":{"line":"12","mode":"bus","color":"#0059a9","colorDark":"#00294f","band":4,"off":[-6.8,1.1]}},{"type":"Feature","geometry":{"type":"Point","coordinates":[18.554997,50.060198]},"properties":{"line":"15","mode":"bus","color":"#0059a9","colorDark":"#00294f","band":4,"off":[-3.4,1.1]}},{"type":"Feature","geometry":{"type":"Point","coordinates":[18.554997,50.060198]},"properties":{"line":"27","mode":"bus","color":"#0059a9","colorDark":"#00294f","band":4,"off":[0,1.1]}},{"type":"Feature","geometry":{"type":"Point","coordinates":[18.554997,50.060198]},"properties":{"line":"29","mode":"bus","color":"#0059a9","colorDark":"#00294f","band":4,"off":[3.4,1.1]}},{"type":"Feature","geometry":{"type":"Point","coordinates":[18.554997,50.060198]},"properties":{"line":"36","mode":"bus","color":"#0059a9","colorDark":"#00294f","band":4,"off":[6.8,1.1]}},{"type":"Feature","geometry":{"type":"Point","coordinates":[18.554997,50.060198]},"properties":{"line":"41","mode":"bus","color":"#0059a9","colorDark":"#00294f","band":4,"off":[-1.7,3.1]}},{"type":"Feature","geometry":{"type":"Point","coordinates":[18.554997,50.060198]},"properties":{"line":"43","mode":"bus","color":"#0059a9","colorDark":"#00294f","band":4,"off":[1.7,3.1]}},{"type":"Feature","geometry":{"type":"Point","coordinates":[18.542061,50.133478]},"properties":{"name":"Rybnik Rybnicka Kuźnia WORD","band":4,"modes":"bus","arr":["48"],"off":[0,-0.8]}},{"type":"Feature","geometry":{"type":"Point","coordinates":[18.542061,50.133478]},"properties":{"line":"48","mode":"bus","color":"#0059a9","colorDark":"#00294f","band":4,"off":[0,1.1]}},{"type":"Feature","geometry":{"type":"Point","coordinates":[18.608644,50.046717]},"properties":{"name":"Rybnik Boguszowice Osiedle Pętla","band":4,"modes":"bus","arr":["13","15","32","46","46A","48","49","N8"],"off":[0,-0.8]}},{"type":"Feature","geometry":{"type":"Point","coordinates":[18.608644,50.046717]},"properties":{"line":"13","mode":"bus","color":"#0059a9","colorDark":"#00294f","band":4,"off":[-6.8,1.1]}},{"type":"Feature","geometry":{"type":"Point","coordinates":[18.608644,50.046717]},"properties":{"line":"15","mode":"bus","color":"#0059a9","colorDark":"#00294f","band":4,"off":[-3.4,1.1]}},{"type":"Feature","geometry":{"type":"Point","coordinates":[18.608644,50.046717]},"properties":{"line":"32","mode":"bus","color":"#0059a9","colorDark":"#00294f","band":4,"off":[0,1.1]}},{"type":"Feature","geometry":{"type":"Point","coordinates":[18.608644,50.046717]},"properties":{"line":"46","mode":"bus","color":"#0059a9","colorDark":"#00294f","band":4,"off":[3.4,1.1]}},{"type":"Feature","geometry":{"type":"Point","coordinates":[18.608644,50.046717]},"properties":{"line":"46A","mode":"bus","color":"#0059a9","colorDark":"#00294f","band":4,"off":[6.8,1.1]}},{"type":"Feature","geometry":{"type":"Point","coordinates":[18.608644,50.046717]},"properties":{"line":"48","mode":"bus","color":"#0059a9","colorDark":"#00294f","band":4,"off":[-3.4,3.1]}},{"type":"Feature","geometry":{"type":"Point","coordinates":[18.608644,50.046717]},"properties":{"line":"49","mode":"bus","color":"#0059a9","colorDark":"#00294f","band":4,"off":[0,3.1]}},{"type":"Feature","geometry":{"type":"Point","coordinates":[18.608644,50.046717]},"properties":{"line":"N8","mode":"bus","color":"#0059a9","colorDark":"#00294f","band":4,"off":[3.4,3.1]}},{"type":"Feature","geometry":{"type":"Point","coordinates":[18.51638,50.141372]},"properties":{"name":"Rybnik Grabownia Olszowiec","band":4,"modes":"bus","arr":["13","32"],"off":[0,-0.8]}},{"type":"Feature","geometry":{"type":"Point","coordinates":[18.51638,50.141372]},"properties":{"line":"13","mode":"bus","color":"#0059a9","colorDark":"#00294f","band":4,"off":[-1.7,1.1]}},{"type":"Feature","geometry":{"type":"Point","coordinates":[18.51638,50.141372]},"properties":{"line":"32","mode":"bus","color":"#0059a9","colorDark":"#00294f","band":4,"off":[1.7,1.1]}},{"type":"Feature","geometry":{"type":"Point","coordinates":[18.575894,50.098241]},"properties":{"name":"Rybnik Paruszowiec Piaski Przemysłowa","band":4,"modes":"bus","arr":["28"],"off":[0,-0.8]}},{"type":"Feature","geometry":{"type":"Point","coordinates":[18.575894,50.098241]},"properties":{"line":"28","mode":"bus","color":"#0059a9","colorDark":"#00294f","band":4,"off":[0,1.1]}},{"type":"Feature","geometry":{"type":"Point","coordinates":[18.429998,50.068114]},"properties":{"name":"Rydułtowy Kopalnia","band":4,"modes":"bus","arr":["23"],"off":[0,-0.8]}},{"type":"Feature","geometry":{"type":"Point","coordinates":[18.429998,50.068114]},"properties":{"line":"23","mode":"bus","color":"#0059a9","colorDark":"#00294f","band":4,"off":[0,1.1]}},{"type":"Feature","geometry":{"type":"Point","coordinates":[18.551945,50.089882]},"properties":{"name":"Rybnik Meksyk Kolejowa","band":4,"modes":"bus","arr":["24"],"off":[0,-0.8]}},{"type":"Feature","geometry":{"type":"Point","coordinates":[18.551945,50.089882]},"properties":{"line":"24","mode":"bus","color":"#0059a9","colorDark":"#00294f","band":4,"off":[0,1.1]}},{"type":"Feature","geometry":{"type":"Point","coordinates":[18.461974,50.06073]},"properties":{"name":"Rybnik Niewiadom Morcinka","band":4,"modes":"bus","arr":["24"],"off":[0,-0.8]}},{"type":"Feature","geometry":{"type":"Point","coordinates":[18.461974,50.06073]},"properties":{"line":"24","mode":"bus","color":"#0059a9","colorDark":"#00294f","band":4,"off":[0,1.1]}},{"type":"Feature","geometry":{"type":"Point","coordinates":[18.529023,50.134263]},"properties":{"name":"Rybnik Rybnicka Kuźnia Chłodnie Pętla","band":4,"modes":"bus","arr":["26","49","N6"],"off":[0,-0.8]}},{"type":"Feature","geometry":{"type":"Point","coordinates":[18.529023,50.134263]},"properties":{"name":"Rybnik Rybnicka Kuźnia Chłodnie","band":4,"modes":"bus","arr":["26","49","N6"],"off":[0,-4.1]}},{"type":"Feature","geometry":{"type":"Point","coordinates":[18.529023,50.134263]},"properties":{"line":"26","mode":"bus","color":"#0059a9","colorDark":"#00294f","band":4,"off":[-3.4,1.1]}},{"type":"Feature","geometry":{"type":"Point","coordinates":[18.529023,50.134263]},"properties":{"line":"49","mode":"bus","color":"#0059a9","colorDark":"#00294f","band":4,"off":[0,1.1]}},{"type":"Feature","geometry":{"type":"Point","coordinates":[18.529023,50.134263]},"properties":{"line":"N6","mode":"bus","color":"#0059a9","colorDark":"#00294f","band":4,"off":[3.4,1.1]}},{"type":"Feature","geometry":{"type":"Point","coordinates":[18.38991,50.11932]},"properties":{"name":"Lyski Rondo","band":4,"modes":"bus","arr":["27","36"],"off":[0,-0.8]}},{"type":"Feature","geometry":{"type":"Point","coordinates":[18.38991,50.11932]},"properties":{"line":"27","mode":"bus","color":"#0059a9","colorDark":"#00294f","band":4,"off":[-1.7,1.1]}},{"type":"Feature","geometry":{"type":"Point","coordinates":[18.38991,50.11932]},"properties":{"line":"36","mode":"bus","color":"#0059a9","colorDark":"#00294f","band":4,"off":[1.7,1.1]}},{"type":"Feature","geometry":{"type":"Point","coordinates":[18.570761,50.043081]},"properties":{"name":"Jankowice G.S.","band":4,"modes":"bus","arr":["30"],"off":[0,-0.8]}},{"type":"Feature","geometry":{"type":"Point","coordinates":[18.570761,50.043081]},"properties":{"line":"30","mode":"bus","color":"#0059a9","colorDark":"#00294f","band":4,"off":[0,1.1]}},{"type":"Feature","geometry":{"type":"Point","coordinates":[18.584744,50.002376]},"properties":{"name":"Świerklany Szyb","band":4,"modes":"bus","arr":["33"],"off":[0,-0.8]}},{"type":"Feature","geometry":{"type":"Point","coordinates":[18.584744,50.002376]},"properties":{"line":"33","mode":"bus","color":"#0059a9","colorDark":"#00294f","band":4,"off":[0,1.1]}},{"type":"Feature","geometry":{"type":"Point","coordinates":[18.579527,50.198255]},"properties":{"name":"Wilcza Skrzyżowanie","band":4,"modes":"bus","arr":["34"],"off":[0,-0.8]}},{"type":"Feature","geometry":{"type":"Point","coordinates":[18.579527,50.198255]},"properties":{"line":"34","mode":"bus","color":"#0059a9","colorDark":"#00294f","band":4,"off":[0,1.1]}},{"type":"Feature","geometry":{"type":"Point","coordinates":[18.63066,50.052636]},"properties":{"name":"Rybnik Kłokocin Pętla","band":4,"modes":"bus","arr":["42","45"],"off":[0,-0.8]}},{"type":"Feature","geometry":{"type":"Point","coordinates":[18.63066,50.052636]},"properties":{"line":"42","mode":"bus","color":"#0059a9","colorDark":"#00294f","band":4,"off":[-1.7,1.1]}},{"type":"Feature","geometry":{"type":"Point","coordinates":[18.63066,50.052636]},"properties":{"line":"45","mode":"bus","color":"#0059a9","colorDark":"#00294f","band":4,"off":[1.7,1.1]}},{"type":"Feature","geometry":{"type":"Point","coordinates":[18.447179,50.192537]},"properties":{"name":"Rudy Kościół","band":4,"modes":"bus","arr":["43"],"off":[0,-0.8]}},{"type":"Feature","geometry":{"type":"Point","coordinates":[18.447179,50.192537]},"properties":{"line":"43","mode":"bus","color":"#0059a9","colorDark":"#00294f","band":4,"off":[0,1.1]}},{"type":"Feature","geometry":{"type":"Point","coordinates":[18.478906,50.153632]},"properties":{"name":"Rybnik Stodoły Kaplica","band":4,"modes":"bus","arr":["PR"],"off":[0,-0.8]}},{"type":"Feature","geometry":{"type":"Point","coordinates":[18.478906,50.153632]},"properties":{"line":"PR","mode":"bus","color":"#0059a9","colorDark":"#00294f","band":4,"off":[0,1.1]}},{"type":"Feature","geometry":{"type":"Point","coordinates":[18.441692,50.144205]},"properties":{"name":"Zwonowice Szkoła","band":4,"modes":"bus","arr":["45"],"off":[0,-0.8]}},{"type":"Feature","geometry":{"type":"Point","coordinates":[18.441692,50.144205]},"properties":{"line":"45","mode":"bus","color":"#0059a9","colorDark":"#00294f","band":4,"off":[0,1.1]}},{"type":"Feature","geometry":{"type":"Point","coordinates":[18.69362,50.047829]},"properties":{"name":"Żory Centrum Przesiadkowe","band":4,"modes":"bus","arr":["01","02","03","52","305","306","307","308","S10","S11"],"off":[0,-0.8]}},{"type":"Feature","geometry":{"type":"Point","coordinates":[18.69362,50.047829]},"properties":{"name":"Centrum Przesiadkowe","band":4,"modes":"bus","arr":["01","02","03","52","305","306","307","308","S10","S11"],"off":[0,-3]}},{"type":"Feature","geometry":{"type":"Point","coordinates":[18.69362,50.047829]},"properties":{"line":"01","mode":"bus","color":"#0059a9","colorDark":"#00294f","band":4,"off":[-6.8,1.1]}},{"type":"Feature","geometry":{"type":"Point","coordinates":[18.69362,50.047829]},"properties":{"line":"02","mode":"bus","color":"#0059a9","colorDark":"#00294f","band":4,"off":[-3.4,1.1]}},{"type":"Feature","geometry":{"type":"Point","coordinates":[18.69362,50.047829]},"properties":{"line":"03","mode":"bus","color":"#0059a9","colorDark":"#00294f","band":4,"off":[0,1.1]}},{"type":"Feature","geometry":{"type":"Point","coordinates":[18.69362,50.047829]},"properties":{"line":"52","mode":"bus","color":"#0059a9","colorDark":"#00294f","band":4,"off":[3.4,1.1]}},{"type":"Feature","geometry":{"type":"Point","coordinates":[18.69362,50.047829]},"properties":{"line":"305","mode":"bus","color":"#0059a9","colorDark":"#00294f","band":4,"off":[6.8,1.1]}},{"type":"Feature","geometry":{"type":"Point","coordinates":[18.69362,50.047829]},"properties":{"line":"306","mode":"bus","color":"#0059a9","colorDark":"#00294f","band":4,"off":[-6.8,3.1]}},{"type":"Feature","geometry":{"type":"Point","coordinates":[18.69362,50.047829]},"properties":{"line":"307","mode":"bus","color":"#0059a9","colorDark":"#00294f","band":4,"off":[-3.4,3.1]}},{"type":"Feature","geometry":{"type":"Point","coordinates":[18.69362,50.047829]},"properties":{"line":"308","mode":"bus","color":"#0059a9","colorDark":"#00294f","band":4,"off":[0,3.1]}},{"type":"Feature","geometry":{"type":"Point","coordinates":[18.69362,50.047829]},"properties":{"line":"S10","mode":"bus","color":"#0059a9","colorDark":"#00294f","band":4,"off":[3.4,3.1]}},{"type":"Feature","geometry":{"type":"Point","coordinates":[18.69362,50.047829]},"properties":{"line":"S11","mode":"bus","color":"#0059a9","colorDark":"#00294f","band":4,"off":[6.8,3.1]}},{"type":"Feature","geometry":{"type":"Point","coordinates":[18.532148,50.073504]},"properties":{"name":"Rybnik Zamysłów Dolna Mostek","band":4,"modes":"bus","arr":["A"],"off":[0,-0.8]}},{"type":"Feature","geometry":{"type":"Point","coordinates":[18.532148,50.073504]},"properties":{"line":"A","mode":"bus","color":"#0059a9","colorDark":"#00294f","band":4,"off":[0,1.1]}},{"type":"Feature","geometry":{"type":"Point","coordinates":[18.544121,50.095793]},"properties":{"name":"Plac Wolności","band":4,"modes":"bus","arr":["PR"],"off":[0,-0.8]}},{"type":"Feature","geometry":{"type":"Point","coordinates":[18.544121,50.095793]},"properties":{"line":"PR","mode":"bus","color":"#0059a9","colorDark":"#00294f","band":4,"off":[0,1.1]}},{"type":"Feature","geometry":{"type":"Point","coordinates":[18.672496,50.022594]},"properties":{"name":"Al. Jana Pawła II - Industrialna","band":4,"modes":"bus","arr":["09"],"off":[0,-0.8]}},{"type":"Feature","geometry":{"type":"Point","coordinates":[18.672496,50.022594]},"properties":{"line":"09","mode":"bus","color":"#0059a9","colorDark":"#00294f","band":4,"off":[0,1.1]}},{"type":"Feature","geometry":{"type":"Point","coordinates":[18.679427,50.034854]},"properties":{"name":"Al. Zjednoczonej Europy - Archiwum","band":4,"modes":"bus","arr":["08"],"off":[0,-0.8]}},{"type":"Feature","geometry":{"type":"Point","coordinates":[18.679427,50.034854]},"properties":{"line":"08","mode":"bus","color":"#0059a9","colorDark":"#00294f","band":4,"off":[0,1.1]}},{"type":"Feature","geometry":{"type":"Point","coordinates":[18.682127,50.005349]},"properties":{"name":"Główna Pętla","band":4,"modes":"bus","arr":["03"],"off":[0,-0.8]}},{"type":"Feature","geometry":{"type":"Point","coordinates":[18.682127,50.005349]},"properties":{"line":"03","mode":"bus","color":"#0059a9","colorDark":"#00294f","band":4,"off":[0,1.1]}},{"type":"Feature","geometry":{"type":"Point","coordinates":[18.686571,50.029772]},"properties":{"name":"Al. Jana Pawła II Bajerówka","band":4,"modes":"bus","arr":["04","05","ZL"],"off":[0,-0.8]}},{"type":"Feature","geometry":{"type":"Point","coordinates":[18.686571,50.029772]},"properties":{"line":"04","mode":"bus","color":"#0059a9","colorDark":"#00294f","band":4,"off":[-3.4,1.1]}},{"type":"Feature","geometry":{"type":"Point","coordinates":[18.686571,50.029772]},"properties":{"line":"05","mode":"bus","color":"#0059a9","colorDark":"#00294f","band":4,"off":[0,1.1]}},{"type":"Feature","geometry":{"type":"Point","coordinates":[18.686571,50.029772]},"properties":{"line":"ZL","mode":"bus","color":"#0059a9","colorDark":"#00294f","band":4,"off":[3.4,1.1]}},{"type":"Feature","geometry":{"type":"Point","coordinates":[18.643194,50.070108]},"properties":{"name":"Rybnicka - Granica","band":4,"modes":"bus","arr":["04","08"],"off":[0,-0.8]}},{"type":"Feature","geometry":{"type":"Point","coordinates":[18.643194,50.070108]},"properties":{"line":"04","mode":"bus","color":"#0059a9","colorDark":"#00294f","band":4,"off":[-1.7,1.1]}},{"type":"Feature","geometry":{"type":"Point","coordinates":[18.643194,50.070108]},"properties":{"line":"08","mode":"bus","color":"#0059a9","colorDark":"#00294f","band":4,"off":[1.7,1.1]}},{"type":"Feature","geometry":{"type":"Point","coordinates":[18.588982,50.049147]},"properties":{"name":"Boguszowice Osiedle Kopalnia","band":4,"modes":"bus","arr":["05"],"off":[0,-0.8]}},{"type":"Feature","geometry":{"type":"Point","coordinates":[18.588982,50.049147]},"properties":{"line":"05","mode":"bus","color":"#0059a9","colorDark":"#00294f","band":4,"off":[0,1.1]}},{"type":"Feature","geometry":{"type":"Point","coordinates":[18.713602,50.049184]},"properties":{"name":"Leśna Miasteczko Westernowe","band":4,"modes":"bus","arr":["06"],"off":[0,-0.8]}},{"type":"Feature","geometry":{"type":"Point","coordinates":[18.713602,50.049184]},"properties":{"line":"06","mode":"bus","color":"#0059a9","colorDark":"#00294f","band":4,"off":[0,1.1]}},{"type":"Feature","geometry":{"type":"Point","coordinates":[18.732622,50.003473]},"properties":{"name":"Szoszowy - Stalmacha","band":4,"modes":"bus","arr":["06"],"off":[0,-0.8]}},{"type":"Feature","geometry":{"type":"Point","coordinates":[18.732622,50.003473]},"properties":{"line":"06","mode":"bus","color":"#0059a9","colorDark":"#00294f","band":4,"off":[0,1.1]}},{"type":"Feature","geometry":{"type":"Point","coordinates":[18.704402,50.039695]},"properties":{"name":"Francuska","band":4,"modes":"bus","arr":["07"],"off":[0,-0.8]}},{"type":"Feature","geometry":{"type":"Point","coordinates":[18.704402,50.039695]},"properties":{"line":"07","mode":"bus","color":"#0059a9","colorDark":"#00294f","band":4,"off":[0,1.1]}},{"type":"Feature","geometry":{"type":"Point","coordinates":[18.751524,50.049083]},"properties":{"name":"Jasna","band":4,"modes":"bus","arr":["07"],"off":[0,-0.8]}},{"type":"Feature","geometry":{"type":"Point","coordinates":[18.751524,50.049083]},"properties":{"line":"07","mode":"bus","color":"#0059a9","colorDark":"#00294f","band":4,"off":[0,1.1]}},{"type":"Feature","geometry":{"type":"Point","coordinates":[18.711717,50.056137]},"properties":{"name":"Boczna - Klonowa","band":4,"modes":"bus","arr":["09"],"off":[0,-0.8]}},{"type":"Feature","geometry":{"type":"Point","coordinates":[18.711717,50.056137]},"properties":{"line":"09","mode":"bus","color":"#0059a9","colorDark":"#00294f","band":4,"off":[0,1.1]}},{"type":"Feature","geometry":{"type":"Point","coordinates":[18.62529,50.042004]},"properties":{"name":"Górnicza - Basen","band":4,"modes":"bus","arr":["ZL"],"off":[0,-0.8]}},{"type":"Feature","geometry":{"type":"Point","coordinates":[18.62529,50.042004]},"properties":{"line":"ZL","mode":"bus","color":"#0059a9","colorDark":"#00294f","band":4,"off":[0,1.1]}},{"type":"Feature","geometry":{"type":"Point","coordinates":[18.382506,49.945062]},"properties":{"name":"Uchylsko, Wiejska","band":4,"modes":"bus","arr":["W32"],"off":[0,-0.8]}},{"type":"Feature","geometry":{"type":"Point","coordinates":[18.382506,49.945062]},"properties":{"line":"W32","mode":"bus","color":"#0059a9","colorDark":"#00294f","band":4,"off":[0,1.1]}},{"type":"Feature","geometry":{"type":"Point","coordinates":[18.464539,50.000863]},"properties":{"name":"Wodzisław Śląski, Targowa Dworzec Autobusowy","band":4,"modes":"bus","arr":["201","202","203","204","205","206","207","208","209","210","W09","W11","W32","W33","W34","W38","W41","W42","W53"],"off":[0,-0.8]}},{"type":"Feature","geometry":{"type":"Point","coordinates":[18.464539,50.000863]},"properties":{"name":"Wodzisław Dworzec Autobusowy","band":4,"modes":"bus","arr":["201","202","203","204","205","206","207","208","209","210","W09","W11","W32","W33","W34","W38","W41","W42","W53"],"off":[0,-4.1]}},{"type":"Feature","geometry":{"type":"Point","coordinates":[18.464539,50.000863]},"properties":{"line":"201","mode":"bus","color":"#0059a9","colorDark":"#00294f","band":4,"off":[-6.8,1.1]}},{"type":"Feature","geometry":{"type":"Point","coordinates":[18.464539,50.000863]},"properties":{"line":"202","mode":"bus","color":"#0059a9","colorDark":"#00294f","band":4,"off":[-3.4,1.1]}},{"type":"Feature","geometry":{"type":"Point","coordinates":[18.464539,50.000863]},"properties":{"line":"203","mode":"bus","color":"#0059a9","colorDark":"#00294f","band":4,"off":[0,1.1]}},{"type":"Feature","geometry":{"type":"Point","coordinates":[18.464539,50.000863]},"properties":{"line":"204","mode":"bus","color":"#0059a9","colorDark":"#00294f","band":4,"off":[3.4,1.1]}},{"type":"Feature","geometry":{"type":"Point","coordinates":[18.464539,50.000863]},"properties":{"line":"205","mode":"bus","color":"#0059a9","colorDark":"#00294f","band":4,"off":[6.8,1.1]}},{"type":"Feature","geometry":{"type":"Point","coordinates":[18.464539,50.000863]},"properties":{"line":"206","mode":"bus","color":"#0059a9","colorDark":"#00294f","band":4,"off":[-6.8,3.1]}},{"type":"Feature","geometry":{"type":"Point","coordinates":[18.464539,50.000863]},"properties":{"line":"207","mode":"bus","color":"#0059a9","colorDark":"#00294f","band":4,"off":[-3.4,3.1]}},{"type":"Feature","geometry":{"type":"Point","coordinates":[18.464539,50.000863]},"properties":{"line":"208","mode":"bus","color":"#0059a9","colorDark":"#00294f","band":4,"off":[0,3.1]}},{"type":"Feature","geometry":{"type":"Point","coordinates":[18.464539,50.000863]},"properties":{"line":"209","mode":"bus","color":"#0059a9","colorDark":"#00294f","band":4,"off":[3.4,3.1]}},{"type":"Feature","geometry":{"type":"Point","coordinates":[18.464539,50.000863]},"properties":{"line":"210","mode":"bus","color":"#0059a9","colorDark":"#00294f","band":4,"off":[6.8,3.1]}},{"type":"Feature","geometry":{"type":"Point","coordinates":[18.464539,50.000863]},"properties":{"line":"W09","mode":"bus","color":"#0059a9","colorDark":"#00294f","band":4,"off":[-6.8,5.1]}},{"type":"Feature","geometry":{"type":"Point","coordinates":[18.464539,50.000863]},"properties":{"line":"W11","mode":"bus","color":"#0059a9","colorDark":"#00294f","band":4,"off":[-3.4,5.1]}},{"type":"Feature","geometry":{"type":"Point","coordinates":[18.464539,50.000863]},"properties":{"line":"W32","mode":"bus","color":"#0059a9","colorDark":"#00294f","band":4,"off":[0,5.1]}},{"type":"Feature","geometry":{"type":"Point","coordinates":[18.464539,50.000863]},"properties":{"line":"W33","mode":"bus","color":"#0059a9","colorDark":"#00294f","band":4,"off":[3.4,5.1]}},{"type":"Feature","geometry":{"type":"Point","coordinates":[18.464539,50.000863]},"properties":{"line":"W34","mode":"bus","color":"#0059a9","colorDark":"#00294f","band":4,"off":[6.8,5.1]}},{"type":"Feature","geometry":{"type":"Point","coordinates":[18.464539,50.000863]},"properties":{"line":"W38","mode":"bus","color":"#0059a9","colorDark":"#00294f","band":4,"off":[-5.1,7.1]}},{"type":"Feature","geometry":{"type":"Point","coordinates":[18.464539,50.000863]},"properties":{"line":"W41","mode":"bus","color":"#0059a9","colorDark":"#00294f","band":4,"off":[-1.7,7.1]}},{"type":"Feature","geometry":{"type":"Point","coordinates":[18.464539,50.000863]},"properties":{"line":"W42","mode":"bus","color":"#0059a9","colorDark":"#00294f","band":4,"off":[1.7,7.1]}},{"type":"Feature","geometry":{"type":"Point","coordinates":[18.464539,50.000863]},"properties":{"line":"W53","mode":"bus","color":"#0059a9","colorDark":"#00294f","band":4,"off":[5.1,7.1]}},{"type":"Feature","geometry":{"type":"Point","coordinates":[18.318565,49.970741]},"properties":{"name":"Odra, Główna Pętla","band":4,"modes":"bus","arr":["W33"],"off":[0,-0.8]}},{"type":"Feature","geometry":{"type":"Point","coordinates":[18.318565,49.970741]},"properties":{"line":"W33","mode":"bus","color":"#0059a9","colorDark":"#00294f","band":4,"off":[0,1.1]}},{"type":"Feature","geometry":{"type":"Point","coordinates":[18.33076,49.991175]},"properties":{"name":"Bluszczów, Powstańców Środkowa","band":4,"modes":"bus","arr":["W34"],"off":[0,-0.8]}},{"type":"Feature","geometry":{"type":"Point","coordinates":[18.33076,49.991175]},"properties":{"line":"W34","mode":"bus","color":"#0059a9","colorDark":"#00294f","band":4,"off":[0,1.1]}},{"type":"Feature","geometry":{"type":"Point","coordinates":[18.609989,49.945589]},"properties":{"name":"Jastrzębie-Zdrój, Dworzec Arki Bożka","band":4,"modes":"bus","arr":["W36"],"off":[0,-0.8]}},{"type":"Feature","geometry":{"type":"Point","coordinates":[18.609989,49.945589]},"properties":{"line":"W36","mode":"bus","color":"#0059a9","colorDark":"#00294f","band":4,"off":[0,1.1]}},{"type":"Feature","geometry":{"type":"Point","coordinates":[18.475112,50.008262]},"properties":{"name":"Wodzisław Śląski, Rybnicka Dworzec Kolejowy","band":4,"modes":"bus","arr":["W36"],"off":[0,-0.8]}},{"type":"Feature","geometry":{"type":"Point","coordinates":[18.475112,50.008262]},"properties":{"line":"W36","mode":"bus","color":"#0059a9","colorDark":"#00294f","band":4,"off":[0,1.1]}},{"type":"Feature","geometry":{"type":"Point","coordinates":[18.505453,49.904258]},"properties":{"name":"Gołkowice, Celna","band":4,"modes":"bus","arr":["W38"],"off":[0,-0.8]}},{"type":"Feature","geometry":{"type":"Point","coordinates":[18.505453,49.904258]},"properties":{"line":"W38","mode":"bus","color":"#0059a9","colorDark":"#00294f","band":4,"off":[0,1.1]}},{"type":"Feature","geometry":{"type":"Point","coordinates":[18.501195,49.977559]},"properties":{"name":"Wodzisław, Śląski, Wilchwy Pętla","band":4,"modes":"bus","arr":["W51"],"off":[0,-0.8]}},{"type":"Feature","geometry":{"type":"Point","coordinates":[18.501195,49.977559]},"properties":{"line":"W51","mode":"bus","color":"#0059a9","colorDark":"#00294f","band":4,"off":[0,1.1]}},{"type":"Feature","geometry":{"type":"Point","coordinates":[18.225483,50.09231]},"properties":{"name":"Racibórz, Dworzec Autobusowy","band":4,"modes":"bus","arr":["W41"],"off":[0,-0.8]}},{"type":"Feature","geometry":{"type":"Point","coordinates":[18.225483,50.09231]},"properties":{"line":"W41","mode":"bus","color":"#0059a9","colorDark":"#00294f","band":4,"off":[0,1.1]}},{"type":"Feature","geometry":{"type":"Point","coordinates":[18.290413,50.007826]},"properties":{"name":"Buków, Główna Ośrodek Wypoczynkowy","band":4,"modes":"bus","arr":["W42"],"off":[0,-0.8]}},{"type":"Feature","geometry":{"type":"Point","coordinates":[18.290413,50.007826]},"properties":{"line":"W42","mode":"bus","color":"#0059a9","colorDark":"#00294f","band":4,"off":[0,1.1]}},{"type":"Feature","geometry":{"type":"Point","coordinates":[18.409566,50.005775]},"properties":{"name":"Wodzisław Śląski, Rozwojowa","band":4,"modes":"bus","arr":["W50"],"off":[0,-0.8]}},{"type":"Feature","geometry":{"type":"Point","coordinates":[18.409566,50.005775]},"properties":{"line":"W50","mode":"bus","color":"#0059a9","colorDark":"#00294f","band":4,"off":[0,1.1]}},{"type":"Feature","geometry":{"type":"Point","coordinates":[18.502705,49.970473]},"properties":{"name":"Mszana, Skrzyszowska Tartak","band":4,"modes":"bus","arr":["W50"],"off":[0,-0.8]}},{"type":"Feature","geometry":{"type":"Point","coordinates":[18.502705,49.970473]},"properties":{"line":"W50","mode":"bus","color":"#0059a9","colorDark":"#00294f","band":4,"off":[0,1.1]}},{"type":"Feature","geometry":{"type":"Point","coordinates":[18.397642,50.040423]},"properties":{"name":"Pszów, Dworzec Autobusowy","band":4,"modes":"bus","arr":["W51"],"off":[0,-0.8]}},{"type":"Feature","geometry":{"type":"Point","coordinates":[18.397642,50.040423]},"properties":{"line":"W51","mode":"bus","color":"#0059a9","colorDark":"#00294f","band":4,"off":[0,1.1]}},{"type":"Feature","geometry":{"type":"Point","coordinates":[18.513965,50.018286]},"properties":{"name":"Marklowice, Dolne","band":4,"modes":"bus","arr":["W52"],"off":[0,-0.8]}},{"type":"Feature","geometry":{"type":"Point","coordinates":[18.513965,50.018286]},"properties":{"line":"W52","mode":"bus","color":"#0059a9","colorDark":"#00294f","band":4,"off":[0,1.1]}},{"type":"Feature","geometry":{"type":"Point","coordinates":[18.366061,50.015413]},"properties":{"name":"Wodzisław Śląski, Młodzieżowa Boisko","band":4,"modes":"bus","arr":["W52"],"off":[0,-0.8]}},{"type":"Feature","geometry":{"type":"Point","coordinates":[18.366061,50.015413]},"properties":{"line":"W52","mode":"bus","color":"#0059a9","colorDark":"#00294f","band":4,"off":[0,1.1]}},{"type":"Feature","geometry":{"type":"Point","coordinates":[18.545402,49.95732]},"properties":{"name":"Mszana, Moszczeńska Mszańskie Granice","band":4,"modes":"bus","arr":["W59"],"off":[0,-0.8]}},{"type":"Feature","geometry":{"type":"Point","coordinates":[18.545402,49.95732]},"properties":{"line":"W59","mode":"bus","color":"#0059a9","colorDark":"#00294f","band":4,"off":[0,1.1]}},{"type":"Feature","geometry":{"type":"Point","coordinates":[18.42679,50.067802]},"properties":{"name":"Rydułtowy, PKP","band":4,"modes":"bus","arr":["W59"],"off":[0,-0.8]}},{"type":"Feature","geometry":{"type":"Point","coordinates":[18.42679,50.067802]},"properties":{"line":"W59","mode":"bus","color":"#0059a9","colorDark":"#00294f","band":4,"off":[0,1.1]}},{"type":"Feature","geometry":{"type":"Point","coordinates":[18.487905,50.041794]},"properties":{"name":"Radlin Korfantego KWK Marcel","band":4,"modes":"bus","arr":["210"],"off":[0,-0.8]}},{"type":"Feature","geometry":{"type":"Point","coordinates":[18.487905,50.041794]},"properties":{"line":"210","mode":"bus","color":"#0059a9","colorDark":"#00294f","band":4,"off":[0,1.1]}},{"type":"Feature","geometry":{"type":"Point","coordinates":[18.475671,50.049553]},"properties":{"name":"Radlin Korfantego Centrum","band":4,"modes":"bus","arr":["209"],"off":[0,-0.8]}},{"type":"Feature","geometry":{"type":"Point","coordinates":[18.475671,50.049553]},"properties":{"line":"209","mode":"bus","color":"#0059a9","colorDark":"#00294f","band":4,"off":[0,1.1]}},{"type":"Feature","geometry":{"type":"Point","coordinates":[18.364326,50.058786]},"properties":{"name":"Krzyżkowice Działki","band":4,"modes":"bus","arr":["203"],"off":[0,-0.8]}},{"type":"Feature","geometry":{"type":"Point","coordinates":[18.364326,50.058786]},"properties":{"line":"203","mode":"bus","color":"#0059a9","colorDark":"#00294f","band":4,"off":[0,1.1]}},{"type":"Feature","geometry":{"type":"Point","coordinates":[18.421711,50.075156]},"properties":{"name":"Raciborska Orłowiec","band":4,"modes":"bus","arr":["204","205","206"],"off":[0,-0.8]}},{"type":"Feature","geometry":{"type":"Point","coordinates":[18.421711,50.075156]},"properties":{"line":"204","mode":"bus","color":"#0059a9","colorDark":"#00294f","band":4,"off":[-3.4,1.1]}},{"type":"Feature","geometry":{"type":"Point","coordinates":[18.421711,50.075156]},"properties":{"line":"205","mode":"bus","color":"#0059a9","colorDark":"#00294f","band":4,"off":[0,1.1]}},{"type":"Feature","geometry":{"type":"Point","coordinates":[18.421711,50.075156]},"properties":{"line":"206","mode":"bus","color":"#0059a9","colorDark":"#00294f","band":4,"off":[3.4,1.1]}},{"type":"Feature","geometry":{"type":"Point","coordinates":[18.426115,50.073552]},"properties":{"name":"Rydułtowy Obywatelska","band":4,"modes":"bus","arr":["205"],"off":[0,-0.8]}},{"type":"Feature","geometry":{"type":"Point","coordinates":[18.426115,50.073552]},"properties":{"line":"205","mode":"bus","color":"#0059a9","colorDark":"#00294f","band":4,"off":[0,1.1]}},{"type":"Feature","geometry":{"type":"Point","coordinates":[18.451634,50.053733]},"properties":{"name":"Radlin Rydułtowska Reden Górka","band":4,"modes":"bus","arr":["209"],"off":[0,-0.8]}},{"type":"Feature","geometry":{"type":"Point","coordinates":[18.451634,50.053733]},"properties":{"line":"209","mode":"bus","color":"#0059a9","colorDark":"#00294f","band":4,"off":[0,1.1]}},{"type":"Feature","geometry":{"type":"Point","coordinates":[18.580331,50.019429]},"properties":{"name":"Świerklany Dolne Kościół","band":4,"modes":"bus","arr":["208"],"off":[0,-0.8]}},{"type":"Feature","geometry":{"type":"Point","coordinates":[18.580331,50.019429]},"properties":{"line":"208","mode":"bus","color":"#0059a9","colorDark":"#00294f","band":4,"off":[0,1.1]}},{"type":"Feature","geometry":{"type":"Point","coordinates":[18.73879,50.165684]},"properties":{"name":"Dębieńsko Las","band":4,"modes":"bus","arr":["300","301","304"],"off":[0,-0.8]}},{"type":"Feature","geometry":{"type":"Point","coordinates":[18.73879,50.165684]},"properties":{"line":"300","mode":"bus","color":"#0059a9","colorDark":"#00294f","band":4,"off":[-3.4,1.1]}},{"type":"Feature","geometry":{"type":"Point","coordinates":[18.73879,50.165684]},"properties":{"line":"301","mode":"bus","color":"#0059a9","colorDark":"#00294f","band":4,"off":[0,1.1]}},{"type":"Feature","geometry":{"type":"Point","coordinates":[18.73879,50.165684]},"properties":{"line":"304","mode":"bus","color":"#0059a9","colorDark":"#00294f","band":4,"off":[3.4,1.1]}},{"type":"Feature","geometry":{"type":"Point","coordinates":[18.54439,50.092396]},"properties":{"name":"R-k Śródmieście 3 Maja","band":4,"modes":"bus","arr":["S12","S12A","W10"],"off":[0,-0.8]}},{"type":"Feature","geometry":{"type":"Point","coordinates":[18.54439,50.092396]},"properties":{"line":"S12","mode":"bus","color":"#0059a9","colorDark":"#00294f","band":4,"off":[-3.4,1.1]}},{"type":"Feature","geometry":{"type":"Point","coordinates":[18.54439,50.092396]},"properties":{"line":"S12A","mode":"bus","color":"#0059a9","colorDark":"#00294f","band":4,"off":[0,1.1]}},{"type":"Feature","geometry":{"type":"Point","coordinates":[18.54439,50.092396]},"properties":{"line":"W10","mode":"bus","color":"#0059a9","colorDark":"#00294f","band":4,"off":[3.4,1.1]}},{"type":"Feature","geometry":{"type":"Point","coordinates":[18.545657,50.089222]},"properties":{"name":"R-k Śródmieście Dw. Kolejowy","band":4,"modes":"bus","arr":["300","302","306"],"off":[0,-0.8]}},{"type":"Feature","geometry":{"type":"Point","coordinates":[18.545657,50.089222]},"properties":{"line":"300","mode":"bus","color":"#0059a9","colorDark":"#00294f","band":4,"off":[-3.4,1.1]}},{"type":"Feature","geometry":{"type":"Point","coordinates":[18.545657,50.089222]},"properties":{"line":"302","mode":"bus","color":"#0059a9","colorDark":"#00294f","band":4,"off":[0,1.1]}},{"type":"Feature","geometry":{"type":"Point","coordinates":[18.545657,50.089222]},"properties":{"line":"306","mode":"bus","color":"#0059a9","colorDark":"#00294f","band":4,"off":[3.4,1.1]}},{"type":"Feature","geometry":{"type":"Point","coordinates":[18.663753,50.15981]},"properties":{"name":"KWK Dębieńsko","band":4,"modes":"bus","arr":["302"],"off":[0,-0.8]}},{"type":"Feature","geometry":{"type":"Point","coordinates":[18.663753,50.15981]},"properties":{"line":"302","mode":"bus","color":"#0059a9","colorDark":"#00294f","band":4,"off":[0,1.1]}},{"type":"Feature","geometry":{"type":"Point","coordinates":[18.667826,50.15996]},"properties":{"name":"Koksownia Dębieńsko Pętla","band":4,"modes":"bus","arr":["302","303","305","309"],"off":[0,-0.8]}},{"type":"Feature","geometry":{"type":"Point","coordinates":[18.667826,50.15996]},"properties":{"line":"302","mode":"bus","color":"#0059a9","colorDark":"#00294f","band":4,"off":[-5.1,1.1]}},{"type":"Feature","geometry":{"type":"Point","coordinates":[18.667826,50.15996]},"properties":{"line":"303","mode":"bus","color":"#0059a9","colorDark":"#00294f","band":4,"off":[-1.7,1.1]}},{"type":"Feature","geometry":{"type":"Point","coordinates":[18.667826,50.15996]},"properties":{"line":"305","mode":"bus","color":"#0059a9","colorDark":"#00294f","band":4,"off":[1.7,1.1]}},{"type":"Feature","geometry":{"type":"Point","coordinates":[18.667826,50.15996]},"properties":{"line":"309","mode":"bus","color":"#0059a9","colorDark":"#00294f","band":4,"off":[5.1,1.1]}},{"type":"Feature","geometry":{"type":"Point","coordinates":[18.616885,50.141993]},"properties":{"name":"Kamień Rzędówka","band":4,"modes":"bus","arr":["303"],"off":[0,-0.8]}},{"type":"Feature","geometry":{"type":"Point","coordinates":[18.616885,50.141993]},"properties":{"line":"303","mode":"bus","color":"#0059a9","colorDark":"#00294f","band":4,"off":[0,1.1]}},{"type":"Feature","geometry":{"type":"Point","coordinates":[18.634689,50.136335]},"properties":{"name":"Leszczyny Czereśniowa","band":4,"modes":"bus","arr":["304","309"],"off":[0,-0.8]}},{"type":"Feature","geometry":{"type":"Point","coordinates":[18.634689,50.136335]},"properties":{"line":"304","mode":"bus","color":"#0059a9","colorDark":"#00294f","band":4,"off":[-1.7,1.1]}},{"type":"Feature","geometry":{"type":"Point","coordinates":[18.634689,50.136335]},"properties":{"line":"309","mode":"bus","color":"#0059a9","colorDark":"#00294f","band":4,"off":[1.7,1.1]}},{"type":"Feature","geometry":{"type":"Point","coordinates":[18.689291,49.96528]},"properties":{"name":"KWK Pniówek","band":4,"modes":"bus","arr":["307","L-1"],"off":[0,-0.8]}},{"type":"Feature","geometry":{"type":"Point","coordinates":[18.689291,49.96528]},"properties":{"line":"307","mode":"bus","color":"#0059a9","colorDark":"#00294f","band":4,"off":[-1.7,1.1]}},{"type":"Feature","geometry":{"type":"Point","coordinates":[18.689291,49.96528]},"properties":{"line":"L-1","mode":"bus","color":"#0059a9","colorDark":"#00294f","band":4,"off":[1.7,1.1]}},{"type":"Feature","geometry":{"type":"Point","coordinates":[18.717797,49.964109]},"properties":{"name":"Pawłowice Centrum - TARG","band":4,"modes":"bus","arr":["B10","B11","B12","L-2","L-3","L-5","L-7"],"off":[0,-0.8]}},{"type":"Feature","geometry":{"type":"Point","coordinates":[18.717797,49.964109]},"properties":{"line":"B10","mode":"bus","color":"#0059a9","colorDark":"#00294f","band":4,"off":[-6.8,1.1]}},{"type":"Feature","geometry":{"type":"Point","coordinates":[18.717797,49.964109]},"properties":{"line":"B11","mode":"bus","color":"#0059a9","colorDark":"#00294f","band":4,"off":[-3.4,1.1]}},{"type":"Feature","geometry":{"type":"Point","coordinates":[18.717797,49.964109]},"properties":{"line":"B12","mode":"bus","color":"#0059a9","colorDark":"#00294f","band":4,"off":[0,1.1]}},{"type":"Feature","geometry":{"type":"Point","coordinates":[18.717797,49.964109]},"properties":{"line":"L-2","mode":"bus","color":"#0059a9","colorDark":"#00294f","band":4,"off":[3.4,1.1]}},{"type":"Feature","geometry":{"type":"Point","coordinates":[18.717797,49.964109]},"properties":{"line":"L-3","mode":"bus","color":"#0059a9","colorDark":"#00294f","band":4,"off":[6.8,1.1]}},{"type":"Feature","geometry":{"type":"Point","coordinates":[18.717797,49.964109]},"properties":{"line":"L-5","mode":"bus","color":"#0059a9","colorDark":"#00294f","band":4,"off":[-1.7,3.1]}},{"type":"Feature","geometry":{"type":"Point","coordinates":[18.717797,49.964109]},"properties":{"line":"L-7","mode":"bus","color":"#0059a9","colorDark":"#00294f","band":4,"off":[1.7,3.1]}},{"type":"Feature","geometry":{"type":"Point","coordinates":[18.776156,50.04094]},"properties":{"name":"Suszec Piaskowa Osiedle.","band":4,"modes":"bus","arr":["308"],"off":[0,-0.8]}},{"type":"Feature","geometry":{"type":"Point","coordinates":[18.776156,50.04094]},"properties":{"line":"308","mode":"bus","color":"#0059a9","colorDark":"#00294f","band":4,"off":[0,1.1]}},{"type":"Feature","geometry":{"type":"Point","coordinates":[18.564549,49.943395]},"properties":{"name":"Carbonarium WORD","band":4,"modes":"bus","arr":["B10","B11","C18","S13"],"off":[0,-0.8]}},{"type":"Feature","geometry":{"type":"Point","coordinates":[18.564549,49.943395]},"properties":{"line":"B10","mode":"bus","color":"#0059a9","colorDark":"#00294f","band":4,"off":[-5.1,1.1]}},{"type":"Feature","geometry":{"type":"Point","coordinates":[18.564549,49.943395]},"properties":{"line":"B11","mode":"bus","color":"#0059a9","colorDark":"#00294f","band":4,"off":[-1.7,1.1]}},{"type":"Feature","geometry":{"type":"Point","coordinates":[18.564549,49.943395]},"properties":{"line":"C18","mode":"bus","color":"#0059a9","colorDark":"#00294f","band":4,"off":[1.7,1.1]}},{"type":"Feature","geometry":{"type":"Point","coordinates":[18.564549,49.943395]},"properties":{"line":"S13","mode":"bus","color":"#0059a9","colorDark":"#00294f","band":4,"off":[5.1,1.1]}},{"type":"Feature","geometry":{"type":"Point","coordinates":[18.573634,49.94524]},"properties":{"name":"Dworzec Zdrój","band":4,"modes":"bus","arr":["B13","B14","S12","S12A","S14","S15","W11"],"off":[0,-0.8]}},{"type":"Feature","geometry":{"type":"Point","coordinates":[18.573634,49.94524]},"properties":{"line":"B13","mode":"bus","color":"#0059a9","colorDark":"#00294f","band":4,"off":[-6.8,1.1]}},{"type":"Feature","geometry":{"type":"Point","coordinates":[18.573634,49.94524]},"properties":{"line":"B14","mode":"bus","color":"#0059a9","colorDark":"#00294f","band":4,"off":[-3.4,1.1]}},{"type":"Feature","geometry":{"type":"Point","coordinates":[18.573634,49.94524]},"properties":{"line":"S12","mode":"bus","color":"#0059a9","colorDark":"#00294f","band":4,"off":[0,1.1]}},{"type":"Feature","geometry":{"type":"Point","coordinates":[18.573634,49.94524]},"properties":{"line":"S12A","mode":"bus","color":"#0059a9","colorDark":"#00294f","band":4,"off":[3.4,1.1]}},{"type":"Feature","geometry":{"type":"Point","coordinates":[18.573634,49.94524]},"properties":{"line":"S14","mode":"bus","color":"#0059a9","colorDark":"#00294f","band":4,"off":[6.8,1.1]}},{"type":"Feature","geometry":{"type":"Point","coordinates":[18.573634,49.94524]},"properties":{"line":"S15","mode":"bus","color":"#0059a9","colorDark":"#00294f","band":4,"off":[-1.7,3.1]}},{"type":"Feature","geometry":{"type":"Point","coordinates":[18.573634,49.94524]},"properties":{"line":"W11","mode":"bus","color":"#0059a9","colorDark":"#00294f","band":4,"off":[1.7,3.1]}},{"type":"Feature","geometry":{"type":"Point","coordinates":[18.673475,49.964503]},"properties":{"name":"Pniówek Wieś","band":4,"modes":"bus","arr":["L-4"],"off":[0,-0.8]}},{"type":"Feature","geometry":{"type":"Point","coordinates":[18.673475,49.964503]},"properties":{"line":"L-4","mode":"bus","color":"#0059a9","colorDark":"#00294f","band":4,"off":[0,1.1]}},{"type":"Feature","geometry":{"type":"Point","coordinates":[18.610045,49.945436]},"properties":{"name":"Dworzec Arki Bożka","band":4,"modes":"bus","arr":["B12","B15","C10","C12","C13","C14","C17","C18","C19","M10","S10","W09","W10"],"off":[0,-0.8]}},{"type":"Feature","geometry":{"type":"Point","coordinates":[18.610045,49.945436]},"properties":{"line":"B12","mode":"bus","color":"#0059a9","colorDark":"#00294f","band":4,"off":[-6.8,1.1]}},{"type":"Feature","geometry":{"type":"Point","coordinates":[18.610045,49.945436]},"properties":{"line":"B15","mode":"bus","color":"#0059a9","colorDark":"#00294f","band":4,"off":[-3.4,1.1]}},{"type":"Feature","geometry":{"type":"Point","coordinates":[18.610045,49.945436]},"properties":{"line":"C10","mode":"bus","color":"#0059a9","colorDark":"#00294f","band":4,"off":[0,1.1]}},{"type":"Feature","geometry":{"type":"Point","coordinates":[18.610045,49.945436]},"properties":{"line":"C12","mode":"bus","color":"#0059a9","colorDark":"#00294f","band":4,"off":[3.4,1.1]}},{"type":"Feature","geometry":{"type":"Point","coordinates":[18.610045,49.945436]},"properties":{"line":"C13","mode":"bus","color":"#0059a9","colorDark":"#00294f","band":4,"off":[6.8,1.1]}},{"type":"Feature","geometry":{"type":"Point","coordinates":[18.610045,49.945436]},"properties":{"line":"C14","mode":"bus","color":"#0059a9","colorDark":"#00294f","band":4,"off":[-6.8,3.1]}},{"type":"Feature","geometry":{"type":"Point","coordinates":[18.610045,49.945436]},"properties":{"line":"C17","mode":"bus","color":"#0059a9","colorDark":"#00294f","band":4,"off":[-3.4,3.1]}},{"type":"Feature","geometry":{"type":"Point","coordinates":[18.610045,49.945436]},"properties":{"line":"C18","mode":"bus","color":"#0059a9","colorDark":"#00294f","band":4,"off":[0,3.1]}},{"type":"Feature","geometry":{"type":"Point","coordinates":[18.610045,49.945436]},"properties":{"line":"C19","mode":"bus","color":"#0059a9","colorDark":"#00294f","band":4,"off":[3.4,3.1]}},{"type":"Feature","geometry":{"type":"Point","coordinates":[18.610045,49.945436]},"properties":{"line":"M10","mode":"bus","color":"#0059a9","colorDark":"#00294f","band":4,"off":[6.8,3.1]}},{"type":"Feature","geometry":{"type":"Point","coordinates":[18.610045,49.945436]},"properties":{"line":"S10","mode":"bus","color":"#0059a9","colorDark":"#00294f","band":4,"off":[-3.4,5.1]}},{"type":"Feature","geometry":{"type":"Point","coordinates":[18.610045,49.945436]},"properties":{"line":"W09","mode":"bus","color":"#0059a9","colorDark":"#00294f","band":4,"off":[0,5.1]}},{"type":"Feature","geometry":{"type":"Point","coordinates":[18.610045,49.945436]},"properties":{"line":"W10","mode":"bus","color":"#0059a9","colorDark":"#00294f","band":4,"off":[3.4,5.1]}},{"type":"Feature","geometry":{"type":"Point","coordinates":[18.663766,49.949705]},"properties":{"name":"Bzie Szkoła","band":4,"modes":"bus","arr":["B15"],"off":[0,-0.8]}},{"type":"Feature","geometry":{"type":"Point","coordinates":[18.663766,49.949705]},"properties":{"line":"B15","mode":"bus","color":"#0059a9","colorDark":"#00294f","band":4,"off":[0,1.1]}},{"type":"Feature","geometry":{"type":"Point","coordinates":[18.657752,49.921449]},"properties":{"name":"Bzie Dolne","band":4,"modes":"bus","arr":["B13","B14"],"off":[0,-0.8]}},{"type":"Feature","geometry":{"type":"Point","coordinates":[18.657752,49.921449]},"properties":{"line":"B13","mode":"bus","color":"#0059a9","colorDark":"#00294f","band":4,"off":[-1.7,1.1]}},{"type":"Feature","geometry":{"type":"Point","coordinates":[18.657752,49.921449]},"properties":{"line":"B14","mode":"bus","color":"#0059a9","colorDark":"#00294f","band":4,"off":[1.7,1.1]}},{"type":"Feature","geometry":{"type":"Point","coordinates":[18.566893,49.963357]},"properties":{"name":"KWK Jas-Mos","band":4,"modes":"bus","arr":["C10","C13","C15","C17"],"off":[0,-0.8]}},{"type":"Feature","geometry":{"type":"Point","coordinates":[18.566893,49.963357]},"properties":{"line":"C10","mode":"bus","color":"#0059a9","colorDark":"#00294f","band":4,"off":[-5.1,1.1]}},{"type":"Feature","geometry":{"type":"Point","coordinates":[18.566893,49.963357]},"properties":{"line":"C13","mode":"bus","color":"#0059a9","colorDark":"#00294f","band":4,"off":[-1.7,1.1]}},{"type":"Feature","geometry":{"type":"Point","coordinates":[18.566893,49.963357]},"properties":{"line":"C15","mode":"bus","color":"#0059a9","colorDark":"#00294f","band":4,"off":[1.7,1.1]}},{"type":"Feature","geometry":{"type":"Point","coordinates":[18.566893,49.963357]},"properties":{"line":"C17","mode":"bus","color":"#0059a9","colorDark":"#00294f","band":4,"off":[5.1,1.1]}},{"type":"Feature","geometry":{"type":"Point","coordinates":[18.584662,49.936747]},"properties":{"name":"Chlebowa Pętla","band":4,"modes":"bus","arr":["C11","C15","C16","R10","R11","S11","S16"],"off":[0,-0.8]}},{"type":"Feature","geometry":{"type":"Point","coordinates":[18.584662,49.936747]},"properties":{"line":"C11","mode":"bus","color":"#0059a9","colorDark":"#00294f","band":4,"off":[-6.8,1.1]}},{"type":"Feature","geometry":{"type":"Point","coordinates":[18.584662,49.936747]},"properties":{"line":"C15","mode":"bus","color":"#0059a9","colorDark":"#00294f","band":4,"off":[-3.4,1.1]}},{"type":"Feature","geometry":{"type":"Point","coordinates":[18.584662,49.936747]},"properties":{"line":"C16","mode":"bus","color":"#0059a9","colorDark":"#00294f","band":4,"off":[0,1.1]}},{"type":"Feature","geometry":{"type":"Point","coordinates":[18.584662,49.936747]},"properties":{"line":"R10","mode":"bus","color":"#0059a9","colorDark":"#00294f","band":4,"off":[3.4,1.1]}},{"type":"Feature","geometry":{"type":"Point","coordinates":[18.584662,49.936747]},"properties":{"line":"R11","mode":"bus","color":"#0059a9","colorDark":"#00294f","band":4,"off":[6.8,1.1]}},{"type":"Feature","geometry":{"type":"Point","coordinates":[18.584662,49.936747]},"properties":{"line":"S11","mode":"bus","color":"#0059a9","colorDark":"#00294f","band":4,"off":[-1.7,3.1]}},{"type":"Feature","geometry":{"type":"Point","coordinates":[18.584662,49.936747]},"properties":{"line":"S16","mode":"bus","color":"#0059a9","colorDark":"#00294f","band":4,"off":[1.7,3.1]}},{"type":"Feature","geometry":{"type":"Point","coordinates":[18.56888,49.959284]},"properties":{"name":"Os. Bogoczowiec","band":4,"modes":"bus","arr":["C19"],"off":[0,-0.8]}},{"type":"Feature","geometry":{"type":"Point","coordinates":[18.56888,49.959284]},"properties":{"line":"C19","mode":"bus","color":"#0059a9","colorDark":"#00294f","band":4,"off":[0,1.1]}},{"type":"Feature","geometry":{"type":"Point","coordinates":[18.68136,49.9125]},"properties":{"name":"Golasowice Pętla","band":4,"modes":"bus","arr":["L-2"],"off":[0,-0.8]}},{"type":"Feature","geometry":{"type":"Point","coordinates":[18.68136,49.9125]},"properties":{"line":"L-2","mode":"bus","color":"#0059a9","colorDark":"#00294f","band":4,"off":[0,1.1]}},{"type":"Feature","geometry":{"type":"Point","coordinates":[18.712591,49.99239]},"properties":{"name":"Warszowice Wiadukt","band":4,"modes":"bus","arr":["L-3"],"off":[0,-0.8]}},{"type":"Feature","geometry":{"type":"Point","coordinates":[18.712591,49.99239]},"properties":{"line":"L-3","mode":"bus","color":"#0059a9","colorDark":"#00294f","band":4,"off":[0,1.1]}},{"type":"Feature","geometry":{"type":"Point","coordinates":[18.703848,49.961883]},"properties":{"name":"Pawłowice Osiedle Liceum","band":4,"modes":"bus","arr":["L-6"],"off":[0,-0.8]}},{"type":"Feature","geometry":{"type":"Point","coordinates":[18.703848,49.961883]},"properties":{"line":"L-6","mode":"bus","color":"#0059a9","colorDark":"#00294f","band":4,"off":[0,1.1]}},{"type":"Feature","geometry":{"type":"Point","coordinates":[18.664388,49.987524]},"properties":{"name":"Krzyżowice Kościół","band":4,"modes":"bus","arr":["L-4","S15"],"off":[0,-0.8]}},{"type":"Feature","geometry":{"type":"Point","coordinates":[18.664388,49.987524]},"properties":{"line":"L-4","mode":"bus","color":"#0059a9","colorDark":"#00294f","band":4,"off":[-1.7,1.1]}},{"type":"Feature","geometry":{"type":"Point","coordinates":[18.664388,49.987524]},"properties":{"line":"S15","mode":"bus","color":"#0059a9","colorDark":"#00294f","band":4,"off":[1.7,1.1]}},{"type":"Feature","geometry":{"type":"Point","coordinates":[18.76386,49.917067]},"properties":{"name":"Strumień RYNEK","band":4,"modes":"bus","arr":["L-5"],"off":[0,-0.8]}},{"type":"Feature","geometry":{"type":"Point","coordinates":[18.76386,49.917067]},"properties":{"line":"L-5","mode":"bus","color":"#0059a9","colorDark":"#00294f","band":4,"off":[0,1.1]}},{"type":"Feature","geometry":{"type":"Point","coordinates":[18.73619,49.90239]},"properties":{"name":"Bąków Skrzyżowanie","band":4,"modes":"bus","arr":["L-6"],"off":[0,-0.8]}},{"type":"Feature","geometry":{"type":"Point","coordinates":[18.73619,49.90239]},"properties":{"line":"L-6","mode":"bus","color":"#0059a9","colorDark":"#00294f","band":4,"off":[0,1.1]}},{"type":"Feature","geometry":{"type":"Point","coordinates":[18.771699,49.959142]},"properties":{"name":"Studzionka Cmentarz","band":4,"modes":"bus","arr":["L-7"],"off":[0,-0.8]}},{"type":"Feature","geometry":{"type":"Point","coordinates":[18.771699,49.959142]},"properties":{"line":"L-7","mode":"bus","color":"#0059a9","colorDark":"#00294f","band":4,"off":[0,1.1]}},{"type":"Feature","geometry":{"type":"Point","coordinates":[18.522949,49.938052]},"properties":{"name":"Szotkowice Pętla","band":4,"modes":"bus","arr":["M10"],"off":[0,-0.8]}},{"type":"Feature","geometry":{"type":"Point","coordinates":[18.522949,49.938052]},"properties":{"line":"M10","mode":"bus","color":"#0059a9","colorDark":"#00294f","band":4,"off":[0,1.1]}},{"type":"Feature","geometry":{"type":"Point","coordinates":[18.625091,49.871177]},"properties":{"name":"Zebrzydowice Ośrodek Zdrowia","band":4,"modes":"bus","arr":["R10"],"off":[0,-0.8]}},{"type":"Feature","geometry":{"type":"Point","coordinates":[18.625091,49.871177]},"properties":{"line":"R10","mode":"bus","color":"#0059a9","colorDark":"#00294f","band":4,"off":[0,1.1]}},{"type":"Feature","geometry":{"type":"Point","coordinates":[18.602087,49.879132]},"properties":{"name":"Zebrzydowice Skrzyżowanie","band":4,"modes":"bus","arr":["R11"],"off":[0,-0.8]}},{"type":"Feature","geometry":{"type":"Point","coordinates":[18.602087,49.879132]},"properties":{"line":"R11","mode":"bus","color":"#0059a9","colorDark":"#00294f","band":4,"off":[0,1.1]}},{"type":"Feature","geometry":{"type":"Point","coordinates":[18.609957,49.998534]},"properties":{"name":"KWK Borynia","band":4,"modes":"bus","arr":["S13","S14","S16"],"off":[0,-0.8]}},{"type":"Feature","geometry":{"type":"Point","coordinates":[18.609957,49.998534]},"properties":{"line":"S13","mode":"bus","color":"#0059a9","colorDark":"#00294f","band":4,"off":[-3.4,1.1]}},{"type":"Feature","geometry":{"type":"Point","coordinates":[18.609957,49.998534]},"properties":{"line":"S14","mode":"bus","color":"#0059a9","colorDark":"#00294f","band":4,"off":[0,1.1]}},{"type":"Feature","geometry":{"type":"Point","coordinates":[18.609957,49.998534]},"properties":{"line":"S16","mode":"bus","color":"#0059a9","colorDark":"#00294f","band":4,"off":[3.4,1.1]}}]}