{"type":"FeatureCollection","features":[{"type":"Feature","geometry":{"type":"Point","coordinates":[18.488333,50.102008]},"properties":{"lines":"1, 24, 26, 27, 28, 29, 36","color":"#0059a9","mode":"bus","arr":["1","24","26","27","28","29","36"],"angle":10}},{"type":"Feature","geometry":{"type":"Point","coordinates":[18.479581,50.103718]},"properties":{"lines":"1, 24, 26, 27, 28, 29, 36","color":"#0059a9","mode":"bus","arr":["1","24","26","27","28","29","36"],"angle":36.5,"extra":1}},{"type":"Feature","geometry":{"type":"Point","coordinates":[18.494305,50.101041]},"properties":{"lines":"1, 24, 26, 27, 28, 29, 36","color":"#0059a9","mode":"bus","arr":["1","24","26","27","28","29","36"],"angle":16.8,"extra":1}},{"type":"Feature","geometry":{"type":"Point","coordinates":[18.471874,50.106358]},"properties":{"lines":"27, 28, 29, 36","color":"#0059a9","mode":"bus","arr":["27","28","29","36"],"angle":38.3}},{"type":"Feature","geometry":{"type":"Point","coordinates":[18.507608,50.098836]},"properties":{"lines":"1, 26, 27, 28, 29, 36","color":"#0059a9","mode":"bus","arr":["1","26","27","28","29","36"],"angle":10.3}},{"type":"Feature","geometry":{"type":"Point","coordinates":[18.512288,50.0983]},"properties":{"lines":"1, 26, 27, 28, 29, 36","color":"#0059a9","mode":"bus","arr":["1","26","27","28","29","36"],"angle":10.2,"extra":1}},{"type":"Feature","geometry":{"type":"Point","coordinates":[18.515612,50.100278]},"properties":{"lines":"1, 27, 33, 43, 46, 48, 52, A, N8","color":"#0059a9","mode":"bus","arr":["1","27","33","43","46","48","52","A","N8"],"angle":-80.2}},{"type":"Feature","geometry":{"type":"Point","coordinates":[18.523341,50.101651]},"properties":{"lines":"1, 27, 33, 34, 43, 46, 48, 52, A, N8","color":"#0059a9","mode":"bus","arr":["1","27","33","34","43","46","48","52","A","N8"],"angle":13.4}},{"type":"Feature","geometry":{"type":"Point","coordinates":[18.528633,50.101705]},"properties":{"lines":"1, 27, 33, 34, 43, 46, 48, 52, A, N8","color":"#0059a9","mode":"bus","arr":["1","27","33","34","43","46","48","52","A","N8"],"angle":-10.8,"extra":1}},{"type":"Feature","geometry":{"type":"Point","coordinates":[18.530647,50.101952]},"properties":{"lines":"1, 27, 34, 43, 52, A, N8","color":"#0059a9","mode":"bus","arr":["1","27","34","43","52","A","N8"],"angle":-3.4}},{"type":"Feature","geometry":{"type":"Point","coordinates":[18.532241,50.101707]},"properties":{"lines":"1, 3, 6, 24, 27, 34, 43, 45, 52, A, N8","color":"#0059a9","mode":"bus","arr":["1","3","6","24","27","34","43","45","52","A","N8"],"angle":33.1}},{"type":"Feature","geometry":{"type":"Point","coordinates":[18.533285,50.10102]},"properties":{"lines":"1, 2, 3, 4, 5, 9, 10, 14, 16, 17, 18, 19 +11","color":"#0059a9","mode":"bus","arr":["1","2","3","4","5","9","10","14","16","17","18","19","22","24","27","34","43","45","51","300","301","A","N8"],"angle":51.9}},{"type":"Feature","geometry":{"type":"Point","coordinates":[18.534623,50.100524]},"properties":{"lines":"1, 2, 3, 4, 5, 9, 10, 17, 18, 19, 22, 24 +4","color":"#0059a9","mode":"bus","arr":["1","2","3","4","5","9","10","17","18","19","22","24","34","43","A","N8"],"angle":13.5}},{"type":"Feature","geometry":{"type":"Point","coordinates":[18.537004,50.101105]},"properties":{"lines":"1, 2, 3, 4, 5, 7, 9, 10, 17, 18, 19, 22 +7","color":"#0059a9","mode":"bus","arr":["1","2","3","4","5","7","9","10","17","18","19","22","24","34","43","300","301","A","N8"],"angle":-28.9}},{"type":"Feature","geometry":{"type":"Point","coordinates":[18.541601,50.102212]},"properties":{"lines":"1, 2, 3, 4, 5, 6, 9, 10, 17, 18, 19, 22 +3","color":"#0059a9","mode":"bus","arr":["1","2","3","4","5","6","9","10","17","18","19","22","43","300","301"],"angle":3.4}},{"type":"Feature","geometry":{"type":"Point","coordinates":[18.545436,50.10202]},"properties":{"lines":"2, 10, 300, 301","color":"#0059a9","mode":"bus","arr":["2","10","300","301"],"angle":6.7}},{"type":"Feature","geometry":{"type":"Point","coordinates":[18.54519,50.101705]},"properties":{"lines":"1, 2, 3, 4, 5, 6, 9, 10, 17, 18, 19, 22, 43","color":"#0059a9","mode":"bus","arr":["1","2","3","4","5","6","9","10","17","18","19","22","43"],"angle":17.4}},{"type":"Feature","geometry":{"type":"Point","coordinates":[18.545816,50.100869]},"properties":{"lines":"1, 2, 3, 4, 5, 6, 9, 10, 12, 13, 14, 15 +14","color":"#0059a9","mode":"bus","arr":["1","2","3","4","5","6","9","10","12","13","14","15","17","18","19","22","26","30","32","41","43","49","300","301","N6","PR"],"angle":-76}},{"type":"Feature","geometry":{"type":"Point","coordinates":[18.545151,50.09924]},"properties":{"lines":"1, 3, 4, 5, 6, 9, 12, 13, 14, 15, 17, 18 +13","color":"#0059a9","mode":"bus","arr":["1","3","4","5","6","9","12","13","14","15","17","18","19","22","26","30","32","41","43","46","49","300","301","N6","PR"],"angle":-64.6}},{"type":"Feature","geometry":{"type":"Point","coordinates":[18.544636,50.097204]},"properties":{"lines":"1, 3, 4, 5, 6, 9, 12, 13, 14, 15, 17, 18 +16","color":"#0059a9","mode":"bus","arr":["1","3","4","5","6","9","12","13","14","15","17","18","19","22","24","26","30","32","34","41","43","46","49","300","301","N6","N8","PR"],"angle":-88.7}},{"type":"Feature","geometry":{"type":"Point","coordinates":[18.544273,50.094813]},"properties":{"lines":"1, 3, 4, 5, 6, 8, 9, 12, 13, 14, 15, 17 +14","color":"#0059a9","mode":"bus","arr":["1","3","4","5","6","8","9","12","13","14","15","17","18","19","22","24","26","30","32","41","46","49","300","301","N6","N8"],"angle":89.9}},{"type":"Feature","geometry":{"type":"Point","coordinates":[18.542125,50.093935]},"properties":{"lines":"1, 9, 16, 46A, 51, N6, N8","color":"#0059a9","mode":"bus","arr":["1","9","16","46A","51","N6","N8"],"angle":-21.4}},{"type":"Feature","geometry":{"type":"Point","coordinates":[18.541245,50.09317]},"properties":{"lines":"1, 2, 3, 4, 6, 9, 16, 26, 27, 28, 29, 33 +10","color":"#0059a9","mode":"bus","arr":["1","2","3","4","6","9","16","26","27","28","29","33","36","43","45","46","46A","48","51","A","N6","N8"],"angle":41.3}},{"type":"Feature","geometry":{"type":"Point","coordinates":[18.539195,50.093621]},"properties":{"lines":"1, 2, 3, 4, 6, 7, 9, 16, 26, 27, 28, 29 +10","color":"#0059a9","mode":"bus","arr":["1","2","3","4","6","7","9","16","26","27","28","29","33","36","43","45","46","48","51","A","N6","N8"],"angle":6}},{"type":"Feature","geometry":{"type":"Point","coordinates":[18.537451,50.094203]},"properties":{"lines":"1, 2, 3, 4, 6, 7, 16, 26, 27, 28, 29, 33 +8","color":"#0059a9","mode":"bus","arr":["1","2","3","4","6","7","16","26","27","28","29","33","36","43","45","46","48","51","A","N6"],"angle":51.6}},{"type":"Feature","geometry":{"type":"Point","coordinates":[18.536981,50.094854]},"properties":{"lines":"4, 7, 16, 26, 27, 28, 29, 36, 45, 46, 51, A","color":"#0059a9","mode":"bus","arr":["4","7","16","26","27","28","29","36","45","46","51","A"],"angle":88.4}},{"type":"Feature","geometry":{"type":"Point","coordinates":[18.535153,50.093157]},"properties":{"lines":"1, 2, 3, 6, 33, 43, 48, N6","color":"#0059a9","mode":"bus","arr":["1","2","3","6","33","43","48","N6"],"angle":-64.9}},{"type":"Feature","geometry":{"type":"Point","coordinates":[18.533182,50.090475]},"properties":{"lines":"1, 2, 3, 6, 7, 33, 43, 48, N6","color":"#0059a9","mode":"bus","arr":["1","2","3","6","7","33","43","48","N6"],"angle":-64.7}},{"type":"Feature","geometry":{"type":"Point","coordinates":[18.532312,50.089228]},"properties":{"lines":"1, 2, 3, 4, 6, 7, 8, A, N6, W10","color":"#0059a9","mode":"bus","arr":["1","2","3","4","6","7","8","A","N6","W10"],"angle":-61.7}},{"type":"Feature","geometry":{"type":"Point","coordinates":[18.530827,50.087299]},"properties":{"lines":"1, 2, 3, 4, 6, 7, 8, 9, A, N6, W10","color":"#0059a9","mode":"bus","arr":["1","2","3","4","6","7","8","9","A","N6","W10"],"angle":-64.5}},{"type":"Feature","geometry":{"type":"Point","coordinates":[18.518294,50.083151]},"properties":{"lines":"1, 7, N6","color":"#0059a9","mode":"bus","arr":["1","7","N6"],"angle":-20.1}},{"type":"Feature","geometry":{"type":"Point","coordinates":[18.523627,50.083071]},"properties":{"lines":"1, 7, N6","color":"#0059a9","mode":"bus","arr":["1","7","N6"],"angle":3,"extra":1}},{"type":"Feature","geometry":{"type":"Point","coordinates":[18.504203,50.074872]},"properties":{"lines":"1, N6","color":"#0059a9","mode":"bus","arr":["1","N6"],"angle":-37.5}},{"type":"Feature","geometry":{"type":"Point","coordinates":[18.508677,50.077489]},"properties":{"lines":"1, N6","color":"#0059a9","mode":"bus","arr":["1","N6"],"angle":-43.8,"extra":1}},{"type":"Feature","geometry":{"type":"Point","coordinates":[18.49971,50.070059]},"properties":{"lines":"1, N6","color":"#0059a9","mode":"bus","arr":["1","N6"],"angle":-79,"extra":1}},{"type":"Feature","geometry":{"type":"Point","coordinates":[18.478638,50.072205]},"properties":{"lines":"1, N6","color":"#0059a9","mode":"bus","arr":["1","N6"],"angle":-30.6}},{"type":"Feature","geometry":{"type":"Point","coordinates":[18.471097,50.070911]},"properties":{"lines":"1, N6","color":"#0059a9","mode":"bus","arr":["1","N6"],"angle":-2,"extra":1}},{"type":"Feature","geometry":{"type":"Point","coordinates":[18.485733,50.07253]},"properties":{"lines":"1, N6","color":"#0059a9","mode":"bus","arr":["1","N6"],"angle":-18.2,"extra":1}},{"type":"Feature","geometry":{"type":"Point","coordinates":[18.498628,50.068542]},"properties":{"lines":"1, 2, 3, 4, 9, N6","color":"#0059a9","mode":"bus","arr":["1","2","3","4","9","N6"],"angle":-63.9}},{"type":"Feature","geometry":{"type":"Point","coordinates":[18.497644,50.068037]},"properties":{"lines":"1","color":"#0059a9","mode":"bus","arr":["1"],"angle":-14.4}},{"type":"Feature","geometry":{"type":"Point","coordinates":[18.494627,50.070565]},"properties":{"lines":"1, 24, N6","color":"#0059a9","mode":"bus","arr":["1","24","N6"],"angle":52.4}},{"type":"Feature","geometry":{"type":"Point","coordinates":[18.490666,50.07299]},"properties":{"lines":"1, 24, N6","color":"#0059a9","mode":"bus","arr":["1","24","N6"],"angle":11.2,"extra":1}},{"type":"Feature","geometry":{"type":"Point","coordinates":[18.466731,50.066121]},"properties":{"lines":"1, 4, 9, 23, N6","color":"#0059a9","mode":"bus","arr":["1","4","9","23","N6"],"angle":-76.3}},{"type":"Feature","geometry":{"type":"Point","coordinates":[18.466761,50.060992]},"properties":{"lines":"1, 4, 9, 23, 24, N6","color":"#0059a9","mode":"bus","arr":["1","4","9","23","24","N6"],"angle":37.9}},{"type":"Feature","geometry":{"type":"Point","coordinates":[18.467809,50.058085]},"properties":{"lines":"1, 23, N6","color":"#0059a9","mode":"bus","arr":["1","23","N6"],"angle":-84}},{"type":"Feature","geometry":{"type":"Point","coordinates":[18.470328,50.052998]},"properties":{"lines":"1, 8, 23, 207, 209, 210, N6, W59","color":"#0059a9","mode":"bus","arr":["1","8","23","207","209","210","N6","W59"],"angle":-82.4}},{"type":"Feature","geometry":{"type":"Point","coordinates":[18.474599,50.049948]},"properties":{"lines":"1, 2, 3, 6, 8, 201, 202, 203, 207, 209, 210, W59","color":"#0059a9","mode":"bus","arr":["1","2","3","6","8","201","202","203","207","209","210","W59"],"angle":29.9}},{"type":"Feature","geometry":{"type":"Point","coordinates":[18.477291,50.048961]},"properties":{"lines":"1, 2, 3, 6, 8, 201, 202, 207, 209, 210","color":"#0059a9","mode":"bus","arr":["1","2","3","6","8","201","202","207","209","210"],"angle":29.5}},{"type":"Feature","geometry":{"type":"Point","coordinates":[18.483696,50.04574]},"properties":{"lines":"1, 2, 3, 6, 201, 202, 207, 209, 210","color":"#0059a9","mode":"bus","arr":["1","2","3","6","201","202","207","209","210"],"angle":56.3}},{"type":"Feature","geometry":{"type":"Point","coordinates":[18.486149,50.043463]},"properties":{"lines":"1, 2, 3, 6, 201, 202, 207, 209, 210","color":"#0059a9","mode":"bus","arr":["1","2","3","6","201","202","207","209","210"],"angle":56.3,"extra":1}},{"type":"Feature","geometry":{"type":"Point","coordinates":[18.488861,50.040932]},"properties":{"lines":"1, 2, 3, 6, 201, 202, 207, 209","color":"#0059a9","mode":"bus","arr":["1","2","3","6","201","202","207","209"],"angle":50.1}},{"type":"Feature","geometry":{"type":"Point","coordinates":[18.532414,50.089193]},"properties":{"lines":"1, 2, 3, 6, 7, 8, 9, A, N6, W10","color":"#0059a9","mode":"bus","arr":["1","2","3","6","7","8","9","A","N6","W10"],"angle":-49.6}},{"type":"Feature","geometry":{"type":"Point","coordinates":[18.542138,50.092212]},"properties":{"lines":"1, 2, 3, 4, 6, 16, 26, 27, 28, 29, 33, 36 +6","color":"#0059a9","mode":"bus","arr":["1","2","3","4","6","16","26","27","28","29","33","36","43","45","46","46A","48","51"],"angle":84.4}},{"type":"Feature","geometry":{"type":"Point","coordinates":[18.543235,50.091048]},"properties":{"lines":"1, 2, 3, 4, 6, 16, 26, 28, 45, 46, 48, 51","color":"#0059a9","mode":"bus","arr":["1","2","3","4","6","16","26","28","45","46","48","51"],"angle":17.5}},{"type":"Feature","geometry":{"type":"Point","coordinates":[18.544149,50.090337]},"properties":{"lines":"1, 2, 3, 4, 5, 6, 8, 10, 12, 14, 15, 16 +25","color":"#0059a9","mode":"bus","arr":["1","2","3","4","5","6","8","10","12","14","15","16","17","18","19","22","23","24","26","28","30","32","41","45","46","48","49","51","52","300","301","302","306","N8","S12","S12A","W10"],"angle":-85.5}},{"type":"Feature","geometry":{"type":"Point","coordinates":[18.547316,50.090325]},"properties":{"lines":"1, 2, 3, 4, 5, 6, 8, 9, 10, 12, 13, 14 +28","color":"#0059a9","mode":"bus","arr":["1","2","3","4","5","6","8","9","10","12","13","14","15","16","17","18","19","22","23","24","26","28","30","41","45","46","301","306","46A","48","49","51","52","300","302","N6","N8","S12","S12A","W10"],"angle":-79.5}},{"type":"Feature","geometry":{"type":"Point","coordinates":[18.546574,50.093189]},"properties":{"lines":"1, 2, 3, 4, 5, 6, 8, 9, 10, 12, 13, 14 +24","color":"#0059a9","mode":"bus","arr":["1","2","3","4","5","6","8","9","10","12","13","14","15","16","22","23","24","26","28","30","41","45","300","301","306","46A","48","49","51","52","302","N6","N8","S12","S12A","W10"],"angle":12.5}},{"type":"Feature","geometry":{"type":"Point","coordinates":[18.530645,50.102031]},"properties":{"lines":"1, 3, 6, 24, 27, 34, 43, 45, 52, A","color":"#0059a9","mode":"bus","arr":["1","3","6","24","27","34","43","45","52","A"],"angle":-0.8}},{"type":"Feature","geometry":{"type":"Point","coordinates":[18.528817,50.101819]},"properties":{"lines":"1, 27, 34, 43, 52, A","color":"#0059a9","mode":"bus","arr":["1","27","34","43","52","A"],"angle":-16.2}},{"type":"Feature","geometry":{"type":"Point","coordinates":[18.521414,50.101979]},"properties":{"lines":"1, 27, 33, 34, 43, 46, 48, 52, A","color":"#0059a9","mode":"bus","arr":["1","27","33","34","43","46","48","52","A"],"angle":12}},{"type":"Feature","geometry":{"type":"Point","coordinates":[18.518204,50.10099]},"properties":{"lines":"1, 27, 33, 43, 46, 48, 52, A","color":"#0059a9","mode":"bus","arr":["1","27","33","43","46","48","52","A"],"angle":10.4}},{"type":"Feature","geometry":{"type":"Point","coordinates":[18.515139,50.098801]},"properties":{"lines":"1, 27, 33, 43, 46, 48, 52, A","color":"#0059a9","mode":"bus","arr":["1","27","33","43","46","48","52","A"],"angle":-78}},{"type":"Feature","geometry":{"type":"Point","coordinates":[18.5333,50.101553]},"properties":{"lines":"2, 3, 4, 5, 6, 9, 10, 14, 16, 17, 18, 19 +5","color":"#0059a9","mode":"bus","arr":["2","3","4","5","6","9","10","14","16","17","18","19","22","51","52","300","301"],"angle":-31.2}},{"type":"Feature","geometry":{"type":"Point","coordinates":[18.554934,50.099909]},"properties":{"lines":"2, 10, 23","color":"#0059a9","mode":"bus","arr":["2","10","23"],"angle":-62.8}},{"type":"Feature","geometry":{"type":"Point","coordinates":[18.55101,50.101307]},"properties":{"lines":"2, 10, 15, 23, 30","color":"#0059a9","mode":"bus","arr":["2","10","15","23","30"],"angle":12.8}},{"type":"Feature","geometry":{"type":"Point","coordinates":[18.553849,50.09912]},"properties":{"lines":"2, 10, 16, 17, 18, 19, 23, 28, 46, 51","color":"#0059a9","mode":"bus","arr":["2","10","16","17","18","19","23","28","46","51"],"angle":-10.6}},{"type":"Feature","geometry":{"type":"Point","coordinates":[18.556542,50.099442]},"properties":{"lines":"16, 17, 18, 19, 28, 46, 51","color":"#0059a9","mode":"bus","arr":["16","17","18","19","28","46","51"],"angle":-10.6}},{"type":"Feature","geometry":{"type":"Point","coordinates":[18.552822,50.098007]},"properties":{"lines":"2, 10, 16, 17, 18, 19, 23, 28, 51","color":"#0059a9","mode":"bus","arr":["2","10","16","17","18","19","23","28","51"],"angle":-86.3}},{"type":"Feature","geometry":{"type":"Point","coordinates":[18.549026,50.096216]},"properties":{"lines":"2, 10, 16, 17, 18, 19, 23, 28, 45, 46, 48, 51 +5","color":"#0059a9","mode":"bus","arr":["2","10","16","17","18","19","23","28","45","46","48","51","52","300","301","302","306"],"angle":-79.4}},{"type":"Feature","geometry":{"type":"Point","coordinates":[18.5443,50.091571]},"properties":{"lines":"2, 3, 4, 5, 6, 8, 10, 12, 14, 15, 17, 18 +22","color":"#0059a9","mode":"bus","arr":["2","3","4","5","6","8","10","12","14","15","17","18","19","22","23","24","26","28","30","32","41","45","46","48","49","52","300","301","302","306","N8","S12","S12A","W10"],"angle":-85.7}},{"type":"Feature","geometry":{"type":"Point","coordinates":[18.543255,50.09002]},"properties":{"lines":"2, 3, 4, 6, 8, 10, 14, 26, 27, 28, 29, 33 +6","color":"#0059a9","mode":"bus","arr":["2","3","4","6","8","10","14","26","27","28","29","33","36","43","45","46","48","W10"],"angle":47.8}},{"type":"Feature","geometry":{"type":"Point","coordinates":[18.524448,50.078683]},"properties":{"lines":"2, 3, 4, 5, 6, 8, 9, 22, N6, W10","color":"#0059a9","mode":"bus","arr":["2","3","4","5","6","8","9","22","N6","W10"],"angle":-64.7}},{"type":"Feature","geometry":{"type":"Point","coordinates":[18.522104,50.075509]},"properties":{"lines":"2, 3, 4, 5, 6, 8, 9, 22, N6, W10","color":"#0059a9","mode":"bus","arr":["2","3","4","5","6","8","9","22","N6","W10"],"angle":-64.4,"extra":1}},{"type":"Feature","geometry":{"type":"Point","coordinates":[18.52124,50.074373]},"properties":{"lines":"2, 3, 4, 5, 6, 8, N6, W10","color":"#0059a9","mode":"bus","arr":["2","3","4","5","6","8","N6","W10"],"angle":-64.8}},{"type":"Feature","geometry":{"type":"Point","coordinates":[18.508734,50.069587]},"properties":{"lines":"2, 3, 4, 9","color":"#0059a9","mode":"bus","arr":["2","3","4","9"],"angle":20.4}},{"type":"Feature","geometry":{"type":"Point","coordinates":[18.51392,50.069421]},"properties":{"lines":"2, 3, 4, 9","color":"#0059a9","mode":"bus","arr":["2","3","4","9"],"angle":-26.5,"extra":1}},{"type":"Feature","geometry":{"type":"Point","coordinates":[18.496542,50.066246]},"properties":{"lines":"2, 3, 4, 9, 24","color":"#0059a9","mode":"bus","arr":["2","3","4","9","24"],"angle":-58.6}},{"type":"Feature","geometry":{"type":"Point","coordinates":[18.493076,50.064053]},"properties":{"lines":"2, 3, 4, 6, 9, 23, 24, N6","color":"#0059a9","mode":"bus","arr":["2","3","4","6","9","23","24","N6"],"angle":-51.2}},{"type":"Feature","geometry":{"type":"Point","coordinates":[18.484162,50.054959]},"properties":{"lines":"2, 3, 6, 23, N6","color":"#0059a9","mode":"bus","arr":["2","3","6","23","N6"],"angle":-55.4}},{"type":"Feature","geometry":{"type":"Point","coordinates":[18.48906,50.061073]},"properties":{"lines":"2, 3, 6, 23, N6","color":"#0059a9","mode":"bus","arr":["2","3","6","23","N6"],"angle":-73.5,"extra":1}},{"type":"Feature","geometry":{"type":"Point","coordinates":[18.481482,50.052561]},"properties":{"lines":"2, 3, 6, 23, N6","color":"#0059a9","mode":"bus","arr":["2","3","6","23","N6"],"angle":-23.9,"extra":1}},{"type":"Feature","geometry":{"type":"Point","coordinates":[18.474892,50.05148]},"properties":{"lines":"2, 3, 6, 23, N6","color":"#0059a9","mode":"bus","arr":["2","3","6","23","N6"],"angle":-43.2,"extra":1}},{"type":"Feature","geometry":{"type":"Point","coordinates":[18.492318,50.039069]},"properties":{"lines":"2, 201, 202, 207, 209","color":"#0059a9","mode":"bus","arr":["2","201","202","207","209"],"angle":37.5}},{"type":"Feature","geometry":{"type":"Point","coordinates":[18.496807,50.041121]},"properties":{"lines":"2, 203, 207, 209, W10","color":"#0059a9","mode":"bus","arr":["2","203","207","209","W10"],"angle":-63.9}},{"type":"Feature","geometry":{"type":"Point","coordinates":[18.499536,50.04471]},"properties":{"lines":"207, 209, W10","color":"#0059a9","mode":"bus","arr":["207","209","W10"],"angle":-63.5}},{"type":"Feature","geometry":{"type":"Point","coordinates":[18.499752,50.044281]},"properties":{"lines":"2","color":"#0059a9","mode":"bus","arr":["2"],"angle":3}},{"type":"Feature","geometry":{"type":"Point","coordinates":[18.506585,50.031199]},"properties":{"lines":"2, 207, 209","color":"#0059a9","mode":"bus","arr":["2","207","209"],"angle":-87.7}},{"type":"Feature","geometry":{"type":"Point","coordinates":[18.50067,50.041828]},"properties":{"lines":"2, 207, 209","color":"#0059a9","mode":"bus","arr":["2","207","209"],"angle":67.2,"extra":1}},{"type":"Feature","geometry":{"type":"Point","coordinates":[18.504427,50.037547]},"properties":{"lines":"2, 207, 209","color":"#0059a9","mode":"bus","arr":["2","207","209"],"angle":54.7,"extra":1}},{"type":"Feature","geometry":{"type":"Point","coordinates":[18.506295,50.02799]},"properties":{"lines":"2, 207, 209","color":"#0059a9","mode":"bus","arr":["2","207","209"],"angle":-82.3,"extra":1}},{"type":"Feature","geometry":{"type":"Point","coordinates":[18.504248,50.023225]},"properties":{"lines":"2, 207, 209","color":"#0059a9","mode":"bus","arr":["2","207","209"],"angle":-79.4,"extra":1}},{"type":"Feature","geometry":{"type":"Point","coordinates":[18.508349,50.01925]},"properties":{"lines":"2, 207, 209","color":"#0059a9","mode":"bus","arr":["2","207","209"],"angle":42.9,"extra":1}},{"type":"Feature","geometry":{"type":"Point","coordinates":[18.500274,50.044631]},"properties":{"lines":"207, 209","color":"#0059a9","mode":"bus","arr":["207","209"],"angle":89.7}},{"type":"Feature","geometry":{"type":"Point","coordinates":[18.500208,50.044982]},"properties":{"lines":"207, 209","color":"#0059a9","mode":"bus","arr":["207","209"],"angle":-58.5}},{"type":"Feature","geometry":{"type":"Point","coordinates":[18.492199,50.01552]},"properties":{"lines":"208, 209, W52","color":"#0059a9","mode":"bus","arr":["208","209","W52"],"angle":-14.1}},{"type":"Feature","geometry":{"type":"Point","coordinates":[18.505004,50.017851]},"properties":{"lines":"208, 209, W52","color":"#0059a9","mode":"bus","arr":["208","209","W52"],"angle":-4.9,"extra":1}},{"type":"Feature","geometry":{"type":"Point","coordinates":[18.497818,50.016504]},"properties":{"lines":"208, 209, W52","color":"#0059a9","mode":"bus","arr":["208","209","W52"],"angle":-19.3,"extra":1}},{"type":"Feature","geometry":{"type":"Point","coordinates":[18.483138,50.013577]},"properties":{"lines":"208, 209, W52","color":"#0059a9","mode":"bus","arr":["208","209","W52"],"angle":-25.3,"extra":1}},{"type":"Feature","geometry":{"type":"Point","coordinates":[18.475951,50.012639]},"properties":{"lines":"208, 209, W52","color":"#0059a9","mode":"bus","arr":["208","209","W52"],"angle":14.1,"extra":1}},{"type":"Feature","geometry":{"type":"Point","coordinates":[18.511966,50.018577]},"properties":{"lines":"2, 207, 208, W52","color":"#0059a9","mode":"bus","arr":["2","207","208","W52"],"angle":-1.5}},{"type":"Feature","geometry":{"type":"Point","coordinates":[18.516116,50.017919]},"properties":{"lines":"2, 207, 208","color":"#0059a9","mode":"bus","arr":["2","207","208"],"angle":11.5}},{"type":"Feature","geometry":{"type":"Point","coordinates":[18.521301,50.074354]},"properties":{"lines":"2, 3, 6, 8, 9, 22, W10","color":"#0059a9","mode":"bus","arr":["2","3","6","8","9","22","W10"],"angle":-64.9}},{"type":"Feature","geometry":{"type":"Point","coordinates":[18.551181,50.099424]},"properties":{"lines":"2, 10, 17, 18, 19, 23, 46","color":"#0059a9","mode":"bus","arr":["2","10","17","18","19","23","46"],"angle":15}},{"type":"Feature","geometry":{"type":"Point","coordinates":[18.549404,50.099622]},"properties":{"lines":"2, 10, 17, 18, 19, 46","color":"#0059a9","mode":"bus","arr":["2","10","17","18","19","46"],"angle":8.9}},{"type":"Feature","geometry":{"type":"Point","coordinates":[18.547357,50.099831]},"properties":{"lines":"2, 10, 15, 17, 18, 19, 30, 46","color":"#0059a9","mode":"bus","arr":["2","10","15","17","18","19","30","46"],"angle":9}},{"type":"Feature","geometry":{"type":"Point","coordinates":[18.655074,50.143118]},"properties":{"lines":"301","color":"#0059a9","mode":"bus","arr":["301"],"angle":-20.5}},{"type":"Feature","geometry":{"type":"Point","coordinates":[18.642954,50.140591]},"properties":{"lines":"301","color":"#0059a9","mode":"bus","arr":["301"],"angle":-39.6,"extra":1}},{"type":"Feature","geometry":{"type":"Point","coordinates":[18.650291,50.141976]},"properties":{"lines":"301","color":"#0059a9","mode":"bus","arr":["301"],"angle":-13.5,"extra":1}},{"type":"Feature","geometry":{"type":"Point","coordinates":[18.664963,50.144938]},"properties":{"lines":"301","color":"#0059a9","mode":"bus","arr":["301"],"angle":-12,"extra":1}},{"type":"Feature","geometry":{"type":"Point","coordinates":[18.545466,50.10209]},"properties":{"lines":"301","color":"#0059a9","mode":"bus","arr":["301"],"angle":0.4}},{"type":"Feature","geometry":{"type":"Point","coordinates":[18.52118,50.114839]},"properties":{"lines":"3, 24, 33, 46","color":"#0059a9","mode":"bus","arr":["3","24","33","46"],"angle":12.6}},{"type":"Feature","geometry":{"type":"Point","coordinates":[18.524539,50.107835]},"properties":{"lines":"3, 6, 24, 33, 45, 46, 48","color":"#0059a9","mode":"bus","arr":["3","6","24","33","45","46","48"],"angle":44.7}},{"type":"Feature","geometry":{"type":"Point","coordinates":[18.523143,50.112144]},"properties":{"lines":"3, 6, 24, 33, 45, 46, 48","color":"#0059a9","mode":"bus","arr":["3","6","24","33","45","46","48"],"angle":83.2,"extra":1}},{"type":"Feature","geometry":{"type":"Point","coordinates":[18.529011,50.103566]},"properties":{"lines":"3, 6, 24, 33, 45, 46, 48","color":"#0059a9","mode":"bus","arr":["3","6","24","33","45","46","48"],"angle":79.7,"extra":1}},{"type":"Feature","geometry":{"type":"Point","coordinates":[18.530113,50.102199]},"properties":{"lines":"3, 6, 24, 45","color":"#0059a9","mode":"bus","arr":["3","6","24","45"],"angle":33}},{"type":"Feature","geometry":{"type":"Point","coordinates":[18.541901,50.089748]},"properties":{"lines":"4, 8, 10, 14, 27, 29, 33, 36, 43, 46A, W10","color":"#0059a9","mode":"bus","arr":["4","8","10","14","27","29","33","36","43","46A","W10"],"angle":-73.6}},{"type":"Feature","geometry":{"type":"Point","coordinates":[18.538665,50.089151]},"properties":{"lines":"4, 8, 9, 10, 14, A, N6, W10","color":"#0059a9","mode":"bus","arr":["4","8","9","10","14","A","N6","W10"],"angle":4.8}},{"type":"Feature","geometry":{"type":"Point","coordinates":[18.535,50.089365]},"properties":{"lines":"4, 7, 8, 9, 10, 14, A, N6, W10","color":"#0059a9","mode":"bus","arr":["4","7","8","9","10","14","A","N6","W10"],"angle":5.4}},{"type":"Feature","geometry":{"type":"Point","coordinates":[18.477404,50.064813]},"properties":{"lines":"4, 9, 24","color":"#0059a9","mode":"bus","arr":["4","9","24"],"angle":18.6}},{"type":"Feature","geometry":{"type":"Point","coordinates":[18.4876,50.064156]},"properties":{"lines":"4, 9, 24","color":"#0059a9","mode":"bus","arr":["4","9","24"],"angle":58,"extra":1}},{"type":"Feature","geometry":{"type":"Point","coordinates":[18.4728,50.064989]},"properties":{"lines":"4, 9, 24","color":"#0059a9","mode":"bus","arr":["4","9","24"],"angle":-3.7,"extra":1}},{"type":"Feature","geometry":{"type":"Point","coordinates":[18.4679,50.061862]},"properties":{"lines":"4, 9, 24","color":"#0059a9","mode":"bus","arr":["4","9","24"],"angle":-75.3,"extra":1}},{"type":"Feature","geometry":{"type":"Point","coordinates":[18.464248,50.076776]},"properties":{"lines":"4, 9, 23, 205","color":"#0059a9","mode":"bus","arr":["4","9","23","205"],"angle":79.8}},{"type":"Feature","geometry":{"type":"Point","coordinates":[18.459574,50.080666]},"properties":{"lines":"4, 7, 9, 10, 23, 205","color":"#0059a9","mode":"bus","arr":["4","7","9","10","23","205"],"angle":16.5}},{"type":"Feature","geometry":{"type":"Point","coordinates":[18.455719,50.080904]},"properties":{"lines":"4, 9, 10, 205","color":"#0059a9","mode":"bus","arr":["4","9","10","205"],"angle":-41.6}},{"type":"Feature","geometry":{"type":"Point","coordinates":[18.448721,50.079969]},"properties":{"lines":"10, 205","color":"#0059a9","mode":"bus","arr":["10","205"],"angle":9.4}},{"type":"Feature","geometry":{"type":"Point","coordinates":[18.463341,50.079966]},"properties":{"lines":"4, 7, 9, 10, 205","color":"#0059a9","mode":"bus","arr":["4","7","9","10","205"],"angle":16.5}},{"type":"Feature","geometry":{"type":"Point","coordinates":[18.474374,50.081355]},"properties":{"lines":"4, 7, 9, 10","color":"#0059a9","mode":"bus","arr":["4","7","9","10"],"angle":-12.7}},{"type":"Feature","geometry":{"type":"Point","coordinates":[18.467501,50.079428]},"properties":{"lines":"4, 7, 9, 10","color":"#0059a9","mode":"bus","arr":["4","7","9","10"],"angle":-4,"extra":1}},{"type":"Feature","geometry":{"type":"Point","coordinates":[18.481653,50.080477]},"properties":{"lines":"4, 7, 9, 10","color":"#0059a9","mode":"bus","arr":["4","7","9","10"],"angle":-21.4,"extra":1}},{"type":"Feature","geometry":{"type":"Point","coordinates":[18.493651,50.083603]},"properties":{"lines":"4, 7, 9, 10, 24","color":"#0059a9","mode":"bus","arr":["4","7","9","10","24"],"angle":-23.2}},{"type":"Feature","geometry":{"type":"Point","coordinates":[18.488846,50.082526]},"properties":{"lines":"4, 7, 9, 10, 24","color":"#0059a9","mode":"bus","arr":["4","7","9","10","24"],"angle":-19.3,"extra":1}},{"type":"Feature","geometry":{"type":"Point","coordinates":[18.508671,50.089713]},"properties":{"lines":"4, 9, 10","color":"#0059a9","mode":"bus","arr":["4","9","10"],"angle":-19.9}},{"type":"Feature","geometry":{"type":"Point","coordinates":[18.503549,50.088526]},"properties":{"lines":"4, 9, 10","color":"#0059a9","mode":"bus","arr":["4","9","10"],"angle":-19.9,"extra":1}},{"type":"Feature","geometry":{"type":"Point","coordinates":[18.518941,50.091791]},"properties":{"lines":"4, 10, 33, 43, 48, A","color":"#0059a9","mode":"bus","arr":["4","10","33","43","48","A"],"angle":-9.2}},{"type":"Feature","geometry":{"type":"Point","coordinates":[18.521344,50.091912]},"properties":{"lines":"4, 9, 10, 33, 43, 48, A, N8","color":"#0059a9","mode":"bus","arr":["4","9","10","33","43","48","A","N8"],"angle":-3.4}},{"type":"Feature","geometry":{"type":"Point","coordinates":[18.524574,50.092477]},"properties":{"lines":"4, 9, A, N8","color":"#0059a9","mode":"bus","arr":["4","9","A","N8"],"angle":-30.5}},{"type":"Feature","geometry":{"type":"Point","coordinates":[18.527775,50.094163]},"properties":{"lines":"4, 9, 14, A, N8","color":"#0059a9","mode":"bus","arr":["4","9","14","A","N8"],"angle":-58.1}},{"type":"Feature","geometry":{"type":"Point","coordinates":[18.531149,50.095837]},"properties":{"lines":"4, 9, 26, 28, 29, 36, 46, A, N8","color":"#0059a9","mode":"bus","arr":["4","9","26","28","29","36","46","A","N8"],"angle":10}},{"type":"Feature","geometry":{"type":"Point","coordinates":[18.534402,50.095511]},"properties":{"lines":"4, 9, 16, 26, 27, 28, 29, 36, 45, 46, 51, A, N8","color":"#0059a9","mode":"bus","arr":["4","9","16","26","27","28","29","36","45","46","51","A","N8"],"angle":9}},{"type":"Feature","geometry":{"type":"Point","coordinates":[18.538961,50.085738]},"properties":{"lines":"5, 22, 52","color":"#0059a9","mode":"bus","arr":["5","22","52"],"angle":-56.2}},{"type":"Feature","geometry":{"type":"Point","coordinates":[18.535507,50.083237]},"properties":{"lines":"5, 22, 52","color":"#0059a9","mode":"bus","arr":["5","22","52"],"angle":5.2,"extra":1}},{"type":"Feature","geometry":{"type":"Point","coordinates":[18.543576,50.0888]},"properties":{"lines":"5, 8, 9, 10, 14, 22, 52, N6, W10","color":"#0059a9","mode":"bus","arr":["5","8","9","10","14","22","52","N6","W10"],"angle":-18.3}},{"type":"Feature","geometry":{"type":"Point","coordinates":[18.542365,50.088817]},"properties":{"lines":"5, 8, 9, 10, 14, 22, 27, 29, 33, 36, 43, 46A +3","color":"#0059a9","mode":"bus","arr":["5","8","9","10","14","22","27","29","33","36","43","46A","52","N6","W10"],"angle":14.4}},{"type":"Feature","geometry":{"type":"Point","coordinates":[18.523243,50.088208]},"properties":{"lines":"52","color":"#0059a9","mode":"bus","arr":["52"],"angle":42.6}},{"type":"Feature","geometry":{"type":"Point","coordinates":[18.630611,50.073023]},"properties":{"lines":"52","color":"#0059a9","mode":"bus","arr":["52"],"angle":31.8}},{"type":"Feature","geometry":{"type":"Point","coordinates":[18.638338,50.071087]},"properties":{"lines":"52","color":"#0059a9","mode":"bus","arr":["52"],"angle":17.1,"extra":1}},{"type":"Feature","geometry":{"type":"Point","coordinates":[18.624375,50.075164]},"properties":{"lines":"52","color":"#0059a9","mode":"bus","arr":["52"],"angle":31.1,"extra":1}},{"type":"Feature","geometry":{"type":"Point","coordinates":[18.679356,50.055168]},"properties":{"lines":"52","color":"#0059a9","mode":"bus","arr":["52"],"angle":38.6}},{"type":"Feature","geometry":{"type":"Point","coordinates":[18.674825,50.057483]},"properties":{"lines":"52","color":"#0059a9","mode":"bus","arr":["52"],"angle":28.8,"extra":1}},{"type":"Feature","geometry":{"type":"Point","coordinates":[18.68673,50.051203]},"properties":{"lines":"52","color":"#0059a9","mode":"bus","arr":["52"],"angle":39.4,"extra":1}},{"type":"Feature","geometry":{"type":"Point","coordinates":[18.532614,50.081968]},"properties":{"lines":"5, 22","color":"#0059a9","mode":"bus","arr":["5","22"],"angle":-34.9}},{"type":"Feature","geometry":{"type":"Point","coordinates":[18.52874,50.082177]},"properties":{"lines":"5, 22, A","color":"#0059a9","mode":"bus","arr":["5","22","A"],"angle":15.6}},{"type":"Feature","geometry":{"type":"Point","coordinates":[18.513329,50.063501]},"properties":{"lines":"5, 6, 8, 22, N6, W10","color":"#0059a9","mode":"bus","arr":["5","6","8","22","N6","W10"],"angle":-65.3}},{"type":"Feature","geometry":{"type":"Point","coordinates":[18.516254,50.067531]},"properties":{"lines":"5, 6, 8, 22, N6, W10","color":"#0059a9","mode":"bus","arr":["5","6","8","22","N6","W10"],"angle":-65,"extra":1}},{"type":"Feature","geometry":{"type":"Point","coordinates":[18.509676,50.058584]},"properties":{"lines":"5, 6, 8, 22, N6, W10","color":"#0059a9","mode":"bus","arr":["5","6","8","22","N6","W10"],"angle":-64.5,"extra":1}},{"type":"Feature","geometry":{"type":"Point","coordinates":[18.512481,50.054499]},"properties":{"lines":"5, 23","color":"#0059a9","mode":"bus","arr":["5","23"],"angle":37.4}},{"type":"Feature","geometry":{"type":"Point","coordinates":[18.530891,50.065005]},"properties":{"lines":"5, 22, 23","color":"#0059a9","mode":"bus","arr":["5","22","23"],"angle":-59.5}},{"type":"Feature","geometry":{"type":"Point","coordinates":[18.519849,50.055361]},"properties":{"lines":"5, 22, 23","color":"#0059a9","mode":"bus","arr":["5","22","23"],"angle":-40.1,"extra":1}},{"type":"Feature","geometry":{"type":"Point","coordinates":[18.525828,50.058424]},"properties":{"lines":"5, 22, 23","color":"#0059a9","mode":"bus","arr":["5","22","23"],"angle":-60.6,"extra":1}},{"type":"Feature","geometry":{"type":"Point","coordinates":[18.537776,50.070336]},"properties":{"lines":"5, 22, 23","color":"#0059a9","mode":"bus","arr":["5","22","23"],"angle":0.4,"extra":1}},{"type":"Feature","geometry":{"type":"Point","coordinates":[18.545199,50.069651]},"properties":{"lines":"5, 22, 23","color":"#0059a9","mode":"bus","arr":["5","22","23"],"angle":-12.5,"extra":1}},{"type":"Feature","geometry":{"type":"Point","coordinates":[18.548816,50.070974]},"properties":{"lines":"5, 12, 13, 15, 22, 23, 27, 29, 32, 33, 36, 41 +5","color":"#0059a9","mode":"bus","arr":["5","12","13","15","22","23","27","29","32","33","36","41","42","43","N8","S12","S12A"],"angle":-85.7}},{"type":"Feature","geometry":{"type":"Point","coordinates":[18.549052,50.074275]},"properties":{"lines":"5, 12, 13, 15, 22, 23, 27, 29, 32, 33, 36, 41 +4","color":"#0059a9","mode":"bus","arr":["5","12","13","15","22","23","27","29","32","33","36","41","43","N8","S12","S12A"],"angle":84.8}},{"type":"Feature","geometry":{"type":"Point","coordinates":[18.547216,50.080443]},"properties":{"lines":"5, 12, 13, 15, 22, 23, 27, 29, 32, 33, 36, 41 +5","color":"#0059a9","mode":"bus","arr":["5","12","13","15","22","23","27","29","32","33","36","41","43","46A","N8","S12","S12A"],"angle":80.1}},{"type":"Feature","geometry":{"type":"Point","coordinates":[18.547819,50.084582]},"properties":{"lines":"5, 12, 13, 15, 23, 27, 29, 33, 36, 41, 43, 46A, N8","color":"#0059a9","mode":"bus","arr":["5","12","13","15","23","27","29","33","36","41","43","46A","N8"],"angle":-81.6}},{"type":"Feature","geometry":{"type":"Point","coordinates":[18.523437,50.11633]},"properties":{"lines":"6, 45, 48","color":"#0059a9","mode":"bus","arr":["6","45","48"],"angle":-78.3}},{"type":"Feature","geometry":{"type":"Point","coordinates":[18.528048,50.115822]},"properties":{"lines":"6, 12, 41, 43, PR","color":"#0059a9","mode":"bus","arr":["6","12","41","43","PR"],"angle":41.5}},{"type":"Feature","geometry":{"type":"Point","coordinates":[18.53446,50.110982]},"properties":{"lines":"6, 7, 12, 41, 43","color":"#0059a9","mode":"bus","arr":["6","7","12","41","43"],"angle":70.4}},{"type":"Feature","geometry":{"type":"Point","coordinates":[18.533552,50.112619]},"properties":{"lines":"6, 12, 41, 43","color":"#0059a9","mode":"bus","arr":["6","12","41","43"],"angle":70.5}},{"type":"Feature","geometry":{"type":"Point","coordinates":[18.53684,50.10582]},"properties":{"lines":"6, 7, 12, 41, 43, A","color":"#0059a9","mode":"bus","arr":["6","7","12","41","43","A"],"angle":81.5}},{"type":"Feature","geometry":{"type":"Point","coordinates":[18.538014,50.102808]},"properties":{"lines":"6, 7, 12, 41, 43, A","color":"#0059a9","mode":"bus","arr":["6","7","12","41","43","A"],"angle":70.6,"extra":1}},{"type":"Feature","geometry":{"type":"Point","coordinates":[18.507749,50.055893]},"properties":{"lines":"6, 8, 22, 23, N6, W10","color":"#0059a9","mode":"bus","arr":["6","8","22","23","N6","W10"],"angle":-65.5}},{"type":"Feature","geometry":{"type":"Point","coordinates":[18.500476,50.055942]},"properties":{"lines":"6, 23, N6","color":"#0059a9","mode":"bus","arr":["6","23","N6"],"angle":14.4}},{"type":"Feature","geometry":{"type":"Point","coordinates":[18.496382,50.062288]},"properties":{"lines":"6, 23, N6","color":"#0059a9","mode":"bus","arr":["6","23","N6"],"angle":78.1}},{"type":"Feature","geometry":{"type":"Point","coordinates":[18.494571,50.063515]},"properties":{"lines":"6, 23","color":"#0059a9","mode":"bus","arr":["6","23"],"angle":31.7}},{"type":"Feature","geometry":{"type":"Point","coordinates":[18.5255,50.116253]},"properties":{"lines":"6","color":"#0059a9","mode":"bus","arr":["6"],"angle":-2}},{"type":"Feature","geometry":{"type":"Point","coordinates":[18.54617,50.111519]},"properties":{"lines":"7, 12, 13, 14, 23, 26, 30, 32, 41, 49, N6","color":"#0059a9","mode":"bus","arr":["7","12","13","14","23","26","30","32","41","49","N6"],"angle":-78.6}},{"type":"Feature","geometry":{"type":"Point","coordinates":[18.548159,50.115543]},"properties":{"lines":"12, 13, 14, 26, 32, 41, 49, N6","color":"#0059a9","mode":"bus","arr":["12","13","14","26","32","41","49","N6"],"angle":-76.8}},{"type":"Feature","geometry":{"type":"Point","coordinates":[18.539862,50.111042]},"properties":{"lines":"7, PR","color":"#0059a9","mode":"bus","arr":["7","PR"],"angle":33.4}},{"type":"Feature","geometry":{"type":"Point","coordinates":[18.535904,50.11264]},"properties":{"lines":"7, PR","color":"#0059a9","mode":"bus","arr":["7","PR"],"angle":31.6,"extra":1}},{"type":"Feature","geometry":{"type":"Point","coordinates":[18.533956,50.112657]},"properties":{"lines":"7","color":"#0059a9","mode":"bus","arr":["7"],"angle":87.4}},{"type":"Feature","geometry":{"type":"Point","coordinates":[18.535143,50.091278]},"properties":{"lines":"7","color":"#0059a9","mode":"bus","arr":["7"],"angle":-3.7}},{"type":"Feature","geometry":{"type":"Point","coordinates":[18.505081,50.082244]},"properties":{"lines":"7","color":"#0059a9","mode":"bus","arr":["7"],"angle":36.8}},{"type":"Feature","geometry":{"type":"Point","coordinates":[18.498578,50.084856]},"properties":{"lines":"7","color":"#0059a9","mode":"bus","arr":["7"],"angle":-42.6}},{"type":"Feature","geometry":{"type":"Point","coordinates":[18.4488,50.093577]},"properties":{"lines":"7","color":"#0059a9","mode":"bus","arr":["7"],"angle":-77.4}},{"type":"Feature","geometry":{"type":"Point","coordinates":[18.443734,50.087508]},"properties":{"lines":"7","color":"#0059a9","mode":"bus","arr":["7"],"angle":-50.8,"extra":1}},{"type":"Feature","geometry":{"type":"Point","coordinates":[18.450712,50.096066]},"properties":{"lines":"7","color":"#0059a9","mode":"bus","arr":["7"],"angle":-89.1,"extra":1}},{"type":"Feature","geometry":{"type":"Point","coordinates":[18.449664,50.100955]},"properties":{"lines":"7","color":"#0059a9","mode":"bus","arr":["7"],"angle":-87.8,"extra":1}},{"type":"Feature","geometry":{"type":"Point","coordinates":[18.536409,50.110495]},"properties":{"lines":"7","color":"#0059a9","mode":"bus","arr":["7"],"angle":-46.1}},{"type":"Feature","geometry":{"type":"Point","coordinates":[18.535754,50.097579]},"properties":{"lines":"7, 16, 51","color":"#0059a9","mode":"bus","arr":["7","16","51"],"angle":75.3}},{"type":"Feature","geometry":{"type":"Point","coordinates":[18.536679,50.09163]},"properties":{"lines":"7, A","color":"#0059a9","mode":"bus","arr":["7","A"],"angle":-65.8}},{"type":"Feature","geometry":{"type":"Point","coordinates":[18.448374,50.082731]},"properties":{"lines":"7, 23","color":"#0059a9","mode":"bus","arr":["7","23"],"angle":5}},{"type":"Feature","geometry":{"type":"Point","coordinates":[18.538282,50.095038]},"properties":{"lines":"7, 9, 16, 26, 27, 28, 29, 36, 45, 46, 51, A, N8","color":"#0059a9","mode":"bus","arr":["7","9","16","26","27","28","29","36","45","46","51","A","N8"],"angle":-84.9}},{"type":"Feature","geometry":{"type":"Point","coordinates":[18.49796,50.046754]},"properties":{"lines":"8","color":"#0059a9","mode":"bus","arr":["8"],"angle":48.6}},{"type":"Feature","geometry":{"type":"Point","coordinates":[18.503231,50.049792]},"properties":{"lines":"8, W10","color":"#0059a9","mode":"bus","arr":["8","W10"],"angle":-64.8}},{"type":"Feature","geometry":{"type":"Point","coordinates":[18.501418,50.047245]},"properties":{"lines":"8, W10","color":"#0059a9","mode":"bus","arr":["8","W10"],"angle":-65,"extra":1}},{"type":"Feature","geometry":{"type":"Point","coordinates":[18.500021,50.045356]},"properties":{"lines":"W10","color":"#0059a9","mode":"bus","arr":["W10"],"angle":-64.6}},{"type":"Feature","geometry":{"type":"Point","coordinates":[18.558943,49.960449]},"properties":{"lines":"W10","color":"#0059a9","mode":"bus","arr":["W10"],"angle":40.7}},{"type":"Feature","geometry":{"type":"Point","coordinates":[18.497718,50.044982]},"properties":{"lines":"203","color":"#0059a9","mode":"bus","arr":["203"],"angle":39.7}},{"type":"Feature","geometry":{"type":"Point","coordinates":[18.370627,50.056242]},"properties":{"lines":"203","color":"#0059a9","mode":"bus","arr":["203"],"angle":32.1}},{"type":"Feature","geometry":{"type":"Point","coordinates":[18.364954,50.058527]},"properties":{"lines":"203","color":"#0059a9","mode":"bus","arr":["203"],"angle":32.3,"extra":1}},{"type":"Feature","geometry":{"type":"Point","coordinates":[18.37775,50.053052]},"properties":{"lines":"203","color":"#0059a9","mode":"bus","arr":["203"],"angle":16.2,"extra":1}},{"type":"Feature","geometry":{"type":"Point","coordinates":[18.376393,50.040911]},"properties":{"lines":"203","color":"#0059a9","mode":"bus","arr":["203"],"angle":-52.1}},{"type":"Feature","geometry":{"type":"Point","coordinates":[18.366599,50.037629]},"properties":{"lines":"203","color":"#0059a9","mode":"bus","arr":["203"],"angle":6.5,"extra":1}},{"type":"Feature","geometry":{"type":"Point","coordinates":[18.385362,50.044683]},"properties":{"lines":"203","color":"#0059a9","mode":"bus","arr":["203"],"angle":-32.4,"extra":1}},{"type":"Feature","geometry":{"type":"Point","coordinates":[18.483174,50.048254]},"properties":{"lines":"8, 203","color":"#0059a9","mode":"bus","arr":["8","203"],"angle":26.9}},{"type":"Feature","geometry":{"type":"Point","coordinates":[18.487377,50.047382]},"properties":{"lines":"8, 203","color":"#0059a9","mode":"bus","arr":["8","203"],"angle":20.8,"extra":1}},{"type":"Feature","geometry":{"type":"Point","coordinates":[18.459887,50.054065]},"properties":{"lines":"8, 207, 209, 210, W59","color":"#0059a9","mode":"bus","arr":["8","207","209","210","W59"],"angle":-9.7}},{"type":"Feature","geometry":{"type":"Point","coordinates":[18.464887,50.05497]},"properties":{"lines":"8, 207, 209, 210, W59","color":"#0059a9","mode":"bus","arr":["8","207","209","210","W59"],"angle":-16.2,"extra":1}},{"type":"Feature","geometry":{"type":"Point","coordinates":[18.448667,50.053265]},"properties":{"lines":"8, 207, 210, W59","color":"#0059a9","mode":"bus","arr":["8","207","210","W59"],"angle":-14.1}},{"type":"Feature","geometry":{"type":"Point","coordinates":[18.434668,50.055197]},"properties":{"lines":"8, 201, 202, 205, 206, 207, W59","color":"#0059a9","mode":"bus","arr":["8","201","202","205","206","207","W59"],"angle":36.3}},{"type":"Feature","geometry":{"type":"Point","coordinates":[18.442475,50.053327]},"properties":{"lines":"8, 201, 202, 205, 206, 207, W59","color":"#0059a9","mode":"bus","arr":["8","201","202","205","206","207","W59"],"angle":19.2,"extra":1}},{"type":"Feature","geometry":{"type":"Point","coordinates":[18.429164,50.058038]},"properties":{"lines":"8, 201, 202, 205, 206, 207, W59","color":"#0059a9","mode":"bus","arr":["8","201","202","205","206","207","W59"],"angle":39.1,"extra":1}},{"type":"Feature","geometry":{"type":"Point","coordinates":[18.421224,50.05826]},"properties":{"lines":"8, 201, 202, 204, 205, 206, 207, W59","color":"#0059a9","mode":"bus","arr":["8","201","202","204","205","206","207","W59"],"angle":-35.1}},{"type":"Feature","geometry":{"type":"Point","coordinates":[18.416369,50.057432]},"properties":{"lines":"8, 10, 28, 29, 201, 202, 204, 205, 206, 207, W59","color":"#0059a9","mode":"bus","arr":["8","10","28","29","201","202","204","205","206","207","W59"],"angle":-35}},{"type":"Feature","geometry":{"type":"Point","coordinates":[18.541468,50.088972]},"properties":{"lines":"8, 9, 10, 14, N6, W10","color":"#0059a9","mode":"bus","arr":["8","9","10","14","N6","W10"],"angle":11.4}},{"type":"Feature","geometry":{"type":"Point","coordinates":[18.4628,50.079875]},"properties":{"lines":"9, 23, 205","color":"#0059a9","mode":"bus","arr":["9","23","205"],"angle":59.3}},{"type":"Feature","geometry":{"type":"Point","coordinates":[18.528093,50.090056]},"properties":{"lines":"10, 14, 33, 43, 48","color":"#0059a9","mode":"bus","arr":["10","14","33","43","48"],"angle":10.9}},{"type":"Feature","geometry":{"type":"Point","coordinates":[18.52455,50.092038]},"properties":{"lines":"10, 33, 43, 48","color":"#0059a9","mode":"bus","arr":["10","33","43","48"],"angle":-3.7}},{"type":"Feature","geometry":{"type":"Point","coordinates":[18.433535,50.076235]},"properties":{"lines":"10, 23, 205","color":"#0059a9","mode":"bus","arr":["10","23","205"],"angle":0.7}},{"type":"Feature","geometry":{"type":"Point","coordinates":[18.438832,50.077176]},"properties":{"lines":"10, 23, 205","color":"#0059a9","mode":"bus","arr":["10","23","205"],"angle":-48.8,"extra":1}},{"type":"Feature","geometry":{"type":"Point","coordinates":[18.424067,50.075587]},"properties":{"lines":"10, 23, 205","color":"#0059a9","mode":"bus","arr":["10","23","205"],"angle":-17.8,"extra":1}},{"type":"Feature","geometry":{"type":"Point","coordinates":[18.4233,50.075442]},"properties":{"lines":"10, 23, 204, 205, 206","color":"#0059a9","mode":"bus","arr":["10","23","204","205","206"],"angle":-16.4}},{"type":"Feature","geometry":{"type":"Point","coordinates":[18.419241,50.074732]},"properties":{"lines":"10, 23, 28, 204, 205, 206","color":"#0059a9","mode":"bus","arr":["10","23","28","204","205","206"],"angle":-14.6}},{"type":"Feature","geometry":{"type":"Point","coordinates":[18.409895,50.073151]},"properties":{"lines":"206","color":"#0059a9","mode":"bus","arr":["206"],"angle":1.2}},{"type":"Feature","geometry":{"type":"Point","coordinates":[18.417539,50.06987]},"properties":{"lines":"10, 23, 28, 204, 205","color":"#0059a9","mode":"bus","arr":["10","23","28","204","205"],"angle":72.4}},{"type":"Feature","geometry":{"type":"Point","coordinates":[18.420109,50.067639]},"properties":{"lines":"10, 23, 28, 204, 205","color":"#0059a9","mode":"bus","arr":["10","23","28","204","205"],"angle":29.8,"extra":1}},{"type":"Feature","geometry":{"type":"Point","coordinates":[18.424879,50.066478]},"properties":{"lines":"10, 23, 28, 204","color":"#0059a9","mode":"bus","arr":["10","23","28","204"],"angle":10.9}},{"type":"Feature","geometry":{"type":"Point","coordinates":[18.420569,50.062663]},"properties":{"lines":"10, 28, W59","color":"#0059a9","mode":"bus","arr":["10","28","W59"],"angle":-84.2}},{"type":"Feature","geometry":{"type":"Point","coordinates":[18.423333,50.064812]},"properties":{"lines":"10, 28, W59","color":"#0059a9","mode":"bus","arr":["10","28","W59"],"angle":-25.8,"extra":1}},{"type":"Feature","geometry":{"type":"Point","coordinates":[18.405339,50.050944]},"properties":{"lines":"10, 204","color":"#0059a9","mode":"bus","arr":["10","204"],"angle":-52.6}},{"type":"Feature","geometry":{"type":"Point","coordinates":[18.412002,50.055753]},"properties":{"lines":"10, 204","color":"#0059a9","mode":"bus","arr":["10","204"],"angle":-41.9,"extra":1}},{"type":"Feature","geometry":{"type":"Point","coordinates":[18.404231,50.047781]},"properties":{"lines":"10, 204","color":"#0059a9","mode":"bus","arr":["10","204"],"angle":82.3,"extra":1}},{"type":"Feature","geometry":{"type":"Point","coordinates":[18.404503,50.042896]},"properties":{"lines":"10, 204","color":"#0059a9","mode":"bus","arr":["10","204"],"angle":-60.2,"extra":1}},{"type":"Feature","geometry":{"type":"Point","coordinates":[18.401442,50.041148]},"properties":{"lines":"10, 203, 204, 210, W51","color":"#0059a9","mode":"bus","arr":["10","203","204","210","W51"],"angle":-12.6}},{"type":"Feature","geometry":{"type":"Point","coordinates":[18.397679,50.040652]},"properties":{"lines":"10, 201, 202, 203, 204, 210","color":"#0059a9","mode":"bus","arr":["10","201","202","203","204","210"],"angle":-12.6}},{"type":"Feature","geometry":{"type":"Point","coordinates":[18.395668,50.040318]},"properties":{"lines":"201, 202, 203, 204, 210, W52","color":"#0059a9","mode":"bus","arr":["201","202","203","204","210","W52"],"angle":-22.5}},{"type":"Feature","geometry":{"type":"Point","coordinates":[18.559645,50.05381]},"properties":{"lines":"13, 32, 33, S12, S12A","color":"#0059a9","mode":"bus","arr":["13","32","33","S12","S12A"],"angle":61.3}},{"type":"Feature","geometry":{"type":"Point","coordinates":[18.557031,50.057993]},"properties":{"lines":"13, 32, 33, S12, S12A","color":"#0059a9","mode":"bus","arr":["13","32","33","S12","S12A"],"angle":60.1,"extra":1}},{"type":"Feature","geometry":{"type":"Point","coordinates":[18.565534,50.050267]},"properties":{"lines":"13, 32, 33, S12, S12A","color":"#0059a9","mode":"bus","arr":["13","32","33","S12","S12A"],"angle":56.9,"extra":1}},{"type":"Feature","geometry":{"type":"Point","coordinates":[18.580155,50.035445]},"properties":{"lines":"13, 32, 33, S12, S12A","color":"#0059a9","mode":"bus","arr":["13","32","33","S12","S12A"],"angle":64.3}},{"type":"Feature","geometry":{"type":"Point","coordinates":[18.585909,50.030555]},"properties":{"lines":"13, 32, 33, S12, S12A","color":"#0059a9","mode":"bus","arr":["13","32","33","S12","S12A"],"angle":45.2,"extra":1}},{"type":"Feature","geometry":{"type":"Point","coordinates":[18.577646,50.038768]},"properties":{"lines":"13, 32, 33, S12, S12A","color":"#0059a9","mode":"bus","arr":["13","32","33","S12","S12A"],"angle":58.7,"extra":1}},{"type":"Feature","geometry":{"type":"Point","coordinates":[18.573321,50.042862]},"properties":{"lines":"13, 32, 33, S12, S12A","color":"#0059a9","mode":"bus","arr":["13","32","33","S12","S12A"],"angle":54.7,"extra":1}},{"type":"Feature","geometry":{"type":"Point","coordinates":[18.570425,50.045596]},"properties":{"lines":"13, 32, 33, S12, S12A","color":"#0059a9","mode":"bus","arr":["13","32","33","S12","S12A"],"angle":55.7}},{"type":"Feature","geometry":{"type":"Point","coordinates":[18.553557,50.061612]},"properties":{"lines":"12, 13, 15, 27, 29, 32, 33, 36, 41, 43, S12, S12A","color":"#0059a9","mode":"bus","arr":["12","13","15","27","29","32","33","36","41","43","S12","S12A"],"angle":56.8}},{"type":"Feature","geometry":{"type":"Point","coordinates":[18.55166,50.063501]},"properties":{"lines":"12, 13, 15, 27, 29, 30, 32, 33, 36, 41, 43, S12, S12A","color":"#0059a9","mode":"bus","arr":["12","13","15","27","29","30","32","33","36","41","43","S12","S12A"],"angle":49.7}},{"type":"Feature","geometry":{"type":"Point","coordinates":[18.549189,50.068403]},"properties":{"lines":"12, 13, 15, 27, 29, 32, 33, 36, 41, 42, 43, N8, S12, S12A","color":"#0059a9","mode":"bus","arr":["12","13","15","27","29","32","33","36","41","42","43","N8","S12","S12A"],"angle":83.7}},{"type":"Feature","geometry":{"type":"Point","coordinates":[18.54703,50.104508]},"properties":{"lines":"12, 13, 14, 23, 26, 32, 41, 49, N6, PR","color":"#0059a9","mode":"bus","arr":["12","13","14","23","26","32","41","49","N6","PR"],"angle":-80}},{"type":"Feature","geometry":{"type":"Point","coordinates":[18.546751,50.108838]},"properties":{"lines":"12, 13, 14, 23, 26, 30, 32, 41, 49, N6, PR","color":"#0059a9","mode":"bus","arr":["12","13","14","23","26","30","32","41","49","N6","PR"],"angle":74.8}},{"type":"Feature","geometry":{"type":"Point","coordinates":[18.550405,50.124457]},"properties":{"lines":"12, 13, 14, 32, 41","color":"#0059a9","mode":"bus","arr":["12","13","14","32","41"],"angle":89.8}},{"type":"Feature","geometry":{"type":"Point","coordinates":[18.549518,50.119389]},"properties":{"lines":"12, 13, 14, 32, 41","color":"#0059a9","mode":"bus","arr":["12","13","14","32","41"],"angle":-77.1,"extra":1}},{"type":"Feature","geometry":{"type":"Point","coordinates":[18.550385,50.129221]},"properties":{"lines":"12, 13, 14, 32, 41","color":"#0059a9","mode":"bus","arr":["12","13","14","32","41"],"angle":89.8,"extra":1}},{"type":"Feature","geometry":{"type":"Point","coordinates":[18.546837,50.133324]},"properties":{"lines":"12, 34, 41","color":"#0059a9","mode":"bus","arr":["12","34","41"],"angle":21}},{"type":"Feature","geometry":{"type":"Point","coordinates":[18.534303,50.131363]},"properties":{"lines":"12, 41, 48","color":"#0059a9","mode":"bus","arr":["12","41","48"],"angle":-33.6}},{"type":"Feature","geometry":{"type":"Point","coordinates":[18.539372,50.133508]},"properties":{"lines":"12, 41, 48","color":"#0059a9","mode":"bus","arr":["12","41","48"],"angle":-29.4,"extra":1}},{"type":"Feature","geometry":{"type":"Point","coordinates":[18.526314,50.13292]},"properties":{"lines":"12, 41, 48","color":"#0059a9","mode":"bus","arr":["12","41","48"],"angle":56.7,"extra":1}},{"type":"Feature","geometry":{"type":"Point","coordinates":[18.521438,50.129567]},"properties":{"lines":"12, 26, 34, 41, 48, 49, N6","color":"#0059a9","mode":"bus","arr":["12","26","34","41","48","49","N6"],"angle":80.7}},{"type":"Feature","geometry":{"type":"Point","coordinates":[18.521866,50.122463]},"properties":{"lines":"12, 34, 41, 48","color":"#0059a9","mode":"bus","arr":["12","34","41","48"],"angle":-62.6}},{"type":"Feature","geometry":{"type":"Point","coordinates":[18.522493,50.119055]},"properties":{"lines":"12, 41, 43, 45, 48, PR","color":"#0059a9","mode":"bus","arr":["12","41","43","45","48","PR"],"angle":27.7}},{"type":"Feature","geometry":{"type":"Point","coordinates":[18.539329,50.100171]},"properties":{"lines":"12, 24, 34, 41, 43, N8","color":"#0059a9","mode":"bus","arr":["12","24","34","41","43","N8"],"angle":75.1}},{"type":"Feature","geometry":{"type":"Point","coordinates":[18.542072,50.097824]},"properties":{"lines":"24, 34, 41, 43","color":"#0059a9","mode":"bus","arr":["24","34","41","43"],"angle":-56.7}},{"type":"Feature","geometry":{"type":"Point","coordinates":[18.542126,50.098021]},"properties":{"lines":"12, 24, 34, 43, N8","color":"#0059a9","mode":"bus","arr":["12","24","34","43","N8"],"angle":-9.5}},{"type":"Feature","geometry":{"type":"Point","coordinates":[18.543754,50.088624]},"properties":{"lines":"12, 15, 22, 23, 24, 27, 29, 30, 32, 33, 36, 41 +4","color":"#0059a9","mode":"bus","arr":["12","15","22","23","24","27","29","30","32","33","36","41","43","46A","49","N8"],"angle":37.2}},{"type":"Feature","geometry":{"type":"Point","coordinates":[18.545879,50.085068]},"properties":{"lines":"12, 15, 22, 23, 27, 29, 32, 33, 36, 41, 43, 46A +3","color":"#0059a9","mode":"bus","arr":["12","15","22","23","27","29","32","33","36","41","43","46A","N8","S12","S12A"],"angle":58.1}},{"type":"Feature","geometry":{"type":"Point","coordinates":[18.60709,50.046446]},"properties":{"lines":"05, 13, 42, 46, 46A, 48, 49","color":"#0059a9","mode":"bus","arr":["05","13","42","46","46A","48","49"],"angle":-15.2}},{"type":"Feature","geometry":{"type":"Point","coordinates":[18.597608,50.048253]},"properties":{"lines":"05, 13, 32, 42, 46, 46A, 48, 49","color":"#0059a9","mode":"bus","arr":["05","13","32","42","46","46A","48","49"],"angle":35.1}},{"type":"Feature","geometry":{"type":"Point","coordinates":[18.601804,50.04721]},"properties":{"lines":"05, 13, 32, 42, 46, 46A, 48, 49","color":"#0059a9","mode":"bus","arr":["05","13","32","42","46","46A","48","49"],"angle":45.2,"extra":1}},{"type":"Feature","geometry":{"type":"Point","coordinates":[18.588425,50.049079]},"properties":{"lines":"13, 32, 42, 46, 46A, 48, 49","color":"#0059a9","mode":"bus","arr":["13","32","42","46","46A","48","49"],"angle":-10.7}},{"type":"Feature","geometry":{"type":"Point","coordinates":[18.586788,50.050993]},"properties":{"lines":"42, 46, 46A, 48, 49","color":"#0059a9","mode":"bus","arr":["42","46","46A","48","49"],"angle":79.5}},{"type":"Feature","geometry":{"type":"Point","coordinates":[18.587689,50.049297]},"properties":{"lines":"42, 46, 46A, 48, 49","color":"#0059a9","mode":"bus","arr":["42","46","46A","48","49"],"angle":21}},{"type":"Feature","geometry":{"type":"Point","coordinates":[18.590422,50.038104]},"properties":{"lines":"13, 32","color":"#0059a9","mode":"bus","arr":["13","32"],"angle":80}},{"type":"Feature","geometry":{"type":"Point","coordinates":[18.588407,50.04516]},"properties":{"lines":"13, 32","color":"#0059a9","mode":"bus","arr":["13","32"],"angle":80.4,"extra":1}},{"type":"Feature","geometry":{"type":"Point","coordinates":[18.58887,50.03066]},"properties":{"lines":"13, 32","color":"#0059a9","mode":"bus","arr":["13","32"],"angle":89.1,"extra":1}},{"type":"Feature","geometry":{"type":"Point","coordinates":[18.588102,50.048127]},"properties":{"lines":"32","color":"#0059a9","mode":"bus","arr":["32"],"angle":89.8}},{"type":"Feature","geometry":{"type":"Point","coordinates":[18.587896,50.048127]},"properties":{"lines":"13","color":"#0059a9","mode":"bus","arr":["13"],"angle":-74.7}},{"type":"Feature","geometry":{"type":"Point","coordinates":[18.549997,50.138731]},"properties":{"lines":"13, 14, 32, 34","color":"#0059a9","mode":"bus","arr":["13","14","32","34"],"angle":80.8}},{"type":"Feature","geometry":{"type":"Point","coordinates":[18.550383,50.135483]},"properties":{"lines":"13, 14, 32, 34","color":"#0059a9","mode":"bus","arr":["13","14","32","34"],"angle":89.7,"extra":1}},{"type":"Feature","geometry":{"type":"Point","coordinates":[18.532405,50.141218]},"properties":{"lines":"13, 14, 32","color":"#0059a9","mode":"bus","arr":["13","14","32"],"angle":-34.3}},{"type":"Feature","geometry":{"type":"Point","coordinates":[18.544561,50.144407]},"properties":{"lines":"13, 14, 32","color":"#0059a9","mode":"bus","arr":["13","14","32"],"angle":4.6,"extra":1}},{"type":"Feature","geometry":{"type":"Point","coordinates":[18.537192,50.143213]},"properties":{"lines":"13, 14, 32","color":"#0059a9","mode":"bus","arr":["13","14","32"],"angle":-30.5,"extra":1}},{"type":"Feature","geometry":{"type":"Point","coordinates":[18.523266,50.139713]},"properties":{"lines":"13, 14, 32","color":"#0059a9","mode":"bus","arr":["13","14","32"],"angle":1.5,"extra":1}},{"type":"Feature","geometry":{"type":"Point","coordinates":[18.533466,50.099319]},"properties":{"lines":"14, 16, 27, 45, 51","color":"#0059a9","mode":"bus","arr":["14","16","27","45","51"],"angle":-44}},{"type":"Feature","geometry":{"type":"Point","coordinates":[18.52563,50.092502]},"properties":{"lines":"14","color":"#0059a9","mode":"bus","arr":["14"],"angle":-80.1}},{"type":"Feature","geometry":{"type":"Point","coordinates":[18.552429,50.14263]},"properties":{"lines":"14","color":"#0059a9","mode":"bus","arr":["14"],"angle":-11.7}},{"type":"Feature","geometry":{"type":"Point","coordinates":[18.549797,50.14424]},"properties":{"lines":"14","color":"#0059a9","mode":"bus","arr":["14"],"angle":26.4}},{"type":"Feature","geometry":{"type":"Point","coordinates":[18.54787,50.147144]},"properties":{"lines":"14","color":"#0059a9","mode":"bus","arr":["14"],"angle":41.5,"extra":1}},{"type":"Feature","geometry":{"type":"Point","coordinates":[18.548356,50.165019]},"properties":{"lines":"14","color":"#0059a9","mode":"bus","arr":["14"],"angle":26}},{"type":"Feature","geometry":{"type":"Point","coordinates":[18.545643,50.162694]},"properties":{"lines":"14","color":"#0059a9","mode":"bus","arr":["14"],"angle":-15.1,"extra":1}},{"type":"Feature","geometry":{"type":"Point","coordinates":[18.530532,50.097134]},"properties":{"lines":"14","color":"#0059a9","mode":"bus","arr":["14"],"angle":-60.2}},{"type":"Feature","geometry":{"type":"Point","coordinates":[18.54414,50.155529]},"properties":{"lines":"14, 34","color":"#0059a9","mode":"bus","arr":["14","34"],"angle":76}},{"type":"Feature","geometry":{"type":"Point","coordinates":[18.541189,50.164338]},"properties":{"lines":"14, 34","color":"#0059a9","mode":"bus","arr":["14","34"],"angle":78.8,"extra":1}},{"type":"Feature","geometry":{"type":"Point","coordinates":[18.542717,50.15949]},"properties":{"lines":"14, 34","color":"#0059a9","mode":"bus","arr":["14","34"],"angle":78.5,"extra":1}},{"type":"Feature","geometry":{"type":"Point","coordinates":[18.546305,50.149871]},"properties":{"lines":"14, 34","color":"#0059a9","mode":"bus","arr":["14","34"],"angle":76.9,"extra":1}},{"type":"Feature","geometry":{"type":"Point","coordinates":[18.548151,50.145068]},"properties":{"lines":"14, 34","color":"#0059a9","mode":"bus","arr":["14","34"],"angle":76.4,"extra":1}},{"type":"Feature","geometry":{"type":"Point","coordinates":[18.549,50.100172]},"properties":{"lines":"15, 30","color":"#0059a9","mode":"bus","arr":["15","30"],"angle":-78.2}},{"type":"Feature","geometry":{"type":"Point","coordinates":[18.557736,50.100311]},"properties":{"lines":"15","color":"#0059a9","mode":"bus","arr":["15"],"angle":13.3}},{"type":"Feature","geometry":{"type":"Point","coordinates":[18.561055,50.100166]},"properties":{"lines":"15, 16, 17, 18, 19, 28, 300, 301, 302, 306","color":"#0059a9","mode":"bus","arr":["15","16","17","18","19","28","300","301","302","306"],"angle":-30.8}},{"type":"Feature","geometry":{"type":"Point","coordinates":[18.563865,50.101206]},"properties":{"lines":"15, 16, 17, 18, 19, 28, 51, 300, 301, 302, 306","color":"#0059a9","mode":"bus","arr":["15","16","17","18","19","28","51","300","301","302","306"],"angle":-29.8}},{"type":"Feature","geometry":{"type":"Point","coordinates":[18.570218,50.09962]},"properties":{"lines":"15, 28","color":"#0059a9","mode":"bus","arr":["15","28"],"angle":40.5}},{"type":"Feature","geometry":{"type":"Point","coordinates":[18.598231,50.089269]},"properties":{"lines":"15, 16, 51","color":"#0059a9","mode":"bus","arr":["15","16","51"],"angle":41.1}},{"type":"Feature","geometry":{"type":"Point","coordinates":[18.579506,50.097527]},"properties":{"lines":"15, 16, 51","color":"#0059a9","mode":"bus","arr":["15","16","51"],"angle":16.2,"extra":1}},{"type":"Feature","geometry":{"type":"Point","coordinates":[18.586342,50.095538]},"properties":{"lines":"15, 16, 51","color":"#0059a9","mode":"bus","arr":["15","16","51"],"angle":24,"extra":1}},{"type":"Feature","geometry":{"type":"Point","coordinates":[18.592436,50.092749]},"properties":{"lines":"15, 16, 51","color":"#0059a9","mode":"bus","arr":["15","16","51"],"angle":52.5,"extra":1}},{"type":"Feature","geometry":{"type":"Point","coordinates":[18.603877,50.086142]},"properties":{"lines":"15, 16, 51","color":"#0059a9","mode":"bus","arr":["15","16","51"],"angle":35.1,"extra":1}},{"type":"Feature","geometry":{"type":"Point","coordinates":[18.611303,50.084878]},"properties":{"lines":"15, 16, 51","color":"#0059a9","mode":"bus","arr":["15","16","51"],"angle":13.3,"extra":1}},{"type":"Feature","geometry":{"type":"Point","coordinates":[18.614223,50.082804]},"properties":{"lines":"15, 16, 51","color":"#0059a9","mode":"bus","arr":["15","16","51"],"angle":-59.7,"extra":1}},{"type":"Feature","geometry":{"type":"Point","coordinates":[18.615944,50.078527]},"properties":{"lines":"15, 45, 48, 52","color":"#0059a9","mode":"bus","arr":["15","45","48","52"],"angle":25}},{"type":"Feature","geometry":{"type":"Point","coordinates":[18.613372,50.074192]},"properties":{"lines":"15, 45, 48","color":"#0059a9","mode":"bus","arr":["15","45","48"],"angle":-30.8}},{"type":"Feature","geometry":{"type":"Point","coordinates":[18.60293,50.069179]},"properties":{"lines":"15, 45, 48","color":"#0059a9","mode":"bus","arr":["15","45","48"],"angle":-32.5,"extra":1}},{"type":"Feature","geometry":{"type":"Point","coordinates":[18.610051,50.072092]},"properties":{"lines":"15, 45, 48","color":"#0059a9","mode":"bus","arr":["15","45","48"],"angle":-40.2,"extra":1}},{"type":"Feature","geometry":{"type":"Point","coordinates":[18.600353,50.066119]},"properties":{"lines":"15, 42, 45, 46, 48","color":"#0059a9","mode":"bus","arr":["15","42","45","46","48"],"angle":-76.6}},{"type":"Feature","geometry":{"type":"Point","coordinates":[18.599731,50.064744]},"properties":{"lines":"15, 42, 45, 46, 46A, 48, N8","color":"#0059a9","mode":"bus","arr":["15","42","45","46","46A","48","N8"],"angle":-78.2}},{"type":"Feature","geometry":{"type":"Point","coordinates":[18.599644,50.06221]},"properties":{"lines":"15, 42, 46, 46A, 48, N8","color":"#0059a9","mode":"bus","arr":["15","42","46","46A","48","N8"],"angle":-83}},{"type":"Feature","geometry":{"type":"Point","coordinates":[18.597315,50.056356]},"properties":{"lines":"15, 42, 46, 46A, N8","color":"#0059a9","mode":"bus","arr":["15","42","46","46A","N8"],"angle":88.3}},{"type":"Feature","geometry":{"type":"Point","coordinates":[18.597442,50.052774]},"properties":{"lines":"15, 42, 46, 46A, N8","color":"#0059a9","mode":"bus","arr":["15","42","46","46A","N8"],"angle":88.1,"extra":1}},{"type":"Feature","geometry":{"type":"Point","coordinates":[18.600488,50.052888]},"properties":{"lines":"15, N8","color":"#0059a9","mode":"bus","arr":["15","N8"],"angle":-15.9}},{"type":"Feature","geometry":{"type":"Point","coordinates":[18.606411,50.050014]},"properties":{"lines":"15, 42, N8","color":"#0059a9","mode":"bus","arr":["15","42","N8"],"angle":64.1}},{"type":"Feature","geometry":{"type":"Point","coordinates":[18.608956,50.047075]},"properties":{"lines":"15, 42, N8","color":"#0059a9","mode":"bus","arr":["15","42","N8"],"angle":88.8,"extra":1}},{"type":"Feature","geometry":{"type":"Point","coordinates":[18.613311,50.035838]},"properties":{"lines":"05","color":"#0059a9","mode":"bus","arr":["05"],"angle":54}},{"type":"Feature","geometry":{"type":"Point","coordinates":[18.609067,50.044338]},"properties":{"lines":"05","color":"#0059a9","mode":"bus","arr":["05"],"angle":-73.6,"extra":1}},{"type":"Feature","geometry":{"type":"Point","coordinates":[18.611148,50.039826]},"properties":{"lines":"05","color":"#0059a9","mode":"bus","arr":["05"],"angle":62.9,"extra":1}},{"type":"Feature","geometry":{"type":"Point","coordinates":[18.618168,50.032239]},"properties":{"lines":"05","color":"#0059a9","mode":"bus","arr":["05"],"angle":6.9,"extra":1}},{"type":"Feature","geometry":{"type":"Point","coordinates":[18.625857,50.032021]},"properties":{"lines":"05","color":"#0059a9","mode":"bus","arr":["05"],"angle":5.9,"extra":1}},{"type":"Feature","geometry":{"type":"Point","coordinates":[18.560973,50.100221]},"properties":{"lines":"15, 17, 18, 19, 28, 51, 300, 301, 302, 306","color":"#0059a9","mode":"bus","arr":["15","17","18","19","28","51","300","301","302","306"],"angle":-29.5}},{"type":"Feature","geometry":{"type":"Point","coordinates":[18.549305,50.101101]},"properties":{"lines":"15, 23, 30","color":"#0059a9","mode":"bus","arr":["15","23","30"],"angle":-78.2}},{"type":"Feature","geometry":{"type":"Point","coordinates":[18.533711,50.097421]},"properties":{"lines":"16, 27, 45, 51","color":"#0059a9","mode":"bus","arr":["16","27","45","51"],"angle":63.8}},{"type":"Feature","geometry":{"type":"Point","coordinates":[18.559022,50.097661]},"properties":{"lines":"46","color":"#0059a9","mode":"bus","arr":["46"],"angle":-82.7}},{"type":"Feature","geometry":{"type":"Point","coordinates":[18.559377,50.099772]},"properties":{"lines":"16, 17, 18, 19, 28, 51","color":"#0059a9","mode":"bus","arr":["16","17","18","19","28","51"],"angle":-10.7}},{"type":"Feature","geometry":{"type":"Point","coordinates":[18.569476,50.103297]},"properties":{"lines":"16, 17, 18, 19, 51, 300, 301, 302, 306","color":"#0059a9","mode":"bus","arr":["16","17","18","19","51","300","301","302","306"],"angle":-30.9}},{"type":"Feature","geometry":{"type":"Point","coordinates":[18.580221,50.102323]},"properties":{"lines":"16, 51","color":"#0059a9","mode":"bus","arr":["16","51"],"angle":26.7}},{"type":"Feature","geometry":{"type":"Point","coordinates":[18.576092,50.103897]},"properties":{"lines":"16, 51","color":"#0059a9","mode":"bus","arr":["16","51"],"angle":28.2,"extra":1}},{"type":"Feature","geometry":{"type":"Point","coordinates":[18.59861,50.083753]},"properties":{"lines":"16, 45, 48, 52","color":"#0059a9","mode":"bus","arr":["16","45","48","52"],"angle":24.8}},{"type":"Feature","geometry":{"type":"Point","coordinates":[18.606564,50.08133]},"properties":{"lines":"16, 45, 48, 51, 52","color":"#0059a9","mode":"bus","arr":["16","45","48","51","52"],"angle":25.1}},{"type":"Feature","geometry":{"type":"Point","coordinates":[18.594041,50.08509]},"properties":{"lines":"16, 45, 48, 51, 52","color":"#0059a9","mode":"bus","arr":["16","45","48","51","52"],"angle":24.9,"extra":1}},{"type":"Feature","geometry":{"type":"Point","coordinates":[18.583333,50.09018]},"properties":{"lines":"16, 42, 45, 46, 48, 52","color":"#0059a9","mode":"bus","arr":["16","42","45","46","48","52"],"angle":26}},{"type":"Feature","geometry":{"type":"Point","coordinates":[18.5779,50.091214]},"properties":{"lines":"16, 42, 45, 46, 48, 52","color":"#0059a9","mode":"bus","arr":["16","42","45","46","48","52"],"angle":-11.3,"extra":1}},{"type":"Feature","geometry":{"type":"Point","coordinates":[18.576837,50.090873]},"properties":{"lines":"16, 45, 46, 48, 52","color":"#0059a9","mode":"bus","arr":["16","45","46","48","52"],"angle":-34.6}},{"type":"Feature","geometry":{"type":"Point","coordinates":[18.575304,50.090636]},"properties":{"lines":"16, 45, 46, 48, 52","color":"#0059a9","mode":"bus","arr":["16","45","46","48","52"],"angle":37.8}},{"type":"Feature","geometry":{"type":"Point","coordinates":[18.567753,50.093705]},"properties":{"lines":"16, 45, 46, 48, 51, 52","color":"#0059a9","mode":"bus","arr":["16","45","46","48","51","52"],"angle":17.2}},{"type":"Feature","geometry":{"type":"Point","coordinates":[18.57205,50.092453]},"properties":{"lines":"16, 45, 46, 48, 51, 52","color":"#0059a9","mode":"bus","arr":["16","45","46","48","51","52"],"angle":37.7,"extra":1}},{"type":"Feature","geometry":{"type":"Point","coordinates":[18.555467,50.096582]},"properties":{"lines":"16, 45, 46, 48, 51, 52, 300, 301, 302, 306","color":"#0059a9","mode":"bus","arr":["16","45","46","48","51","52","300","301","302","306"],"angle":14}},{"type":"Feature","geometry":{"type":"Point","coordinates":[18.584249,50.110531]},"properties":{"lines":"17, 18, 19, 300, 301, 302, 306","color":"#0059a9","mode":"bus","arr":["17","18","19","300","301","302","306"],"angle":-46.1}},{"type":"Feature","geometry":{"type":"Point","coordinates":[18.575716,50.106417]},"properties":{"lines":"17, 18, 19, 300, 301, 302, 306","color":"#0059a9","mode":"bus","arr":["17","18","19","300","301","302","306"],"angle":-36.9,"extra":1}},{"type":"Feature","geometry":{"type":"Point","coordinates":[18.587329,50.112745]},"properties":{"lines":"17, 18, 19, 300, 301, 302, 306","color":"#0059a9","mode":"bus","arr":["17","18","19","300","301","302","306"],"angle":-47.7,"extra":1}},{"type":"Feature","geometry":{"type":"Point","coordinates":[18.592597,50.116353]},"properties":{"lines":"17, 18, 19, 300, 301, 302, 306","color":"#0059a9","mode":"bus","arr":["17","18","19","300","301","302","306"],"angle":-31.1,"extra":1}},{"type":"Feature","geometry":{"type":"Point","coordinates":[18.592969,50.125442]},"properties":{"lines":"17, 18, 19","color":"#0059a9","mode":"bus","arr":["17","18","19"],"angle":-65.4}},{"type":"Feature","geometry":{"type":"Point","coordinates":[18.596135,50.132297]},"properties":{"lines":"17, 18, 19","color":"#0059a9","mode":"bus","arr":["17","18","19"],"angle":-73.6,"extra":1}},{"type":"Feature","geometry":{"type":"Point","coordinates":[18.592846,50.118281]},"properties":{"lines":"17, 18, 19","color":"#0059a9","mode":"bus","arr":["17","18","19"],"angle":52.5,"extra":1}},{"type":"Feature","geometry":{"type":"Point","coordinates":[18.603179,50.136827]},"properties":{"lines":"17","color":"#0059a9","mode":"bus","arr":["17"],"angle":-29.9}},{"type":"Feature","geometry":{"type":"Point","coordinates":[18.607029,50.138563]},"properties":{"lines":"17","color":"#0059a9","mode":"bus","arr":["17"],"angle":-38.5,"extra":1}},{"type":"Feature","geometry":{"type":"Point","coordinates":[18.618955,50.142587]},"properties":{"lines":"17","color":"#0059a9","mode":"bus","arr":["17"],"angle":-25.7}},{"type":"Feature","geometry":{"type":"Point","coordinates":[18.610464,50.137549]},"properties":{"lines":"17","color":"#0059a9","mode":"bus","arr":["17"],"angle":58.9}},{"type":"Feature","geometry":{"type":"Point","coordinates":[18.616574,50.140009]},"properties":{"lines":"17","color":"#0059a9","mode":"bus","arr":["17"],"angle":-45.6,"extra":1}},{"type":"Feature","geometry":{"type":"Point","coordinates":[18.611532,50.140911]},"properties":{"lines":"17","color":"#0059a9","mode":"bus","arr":["17"],"angle":-37.1,"extra":1}},{"type":"Feature","geometry":{"type":"Point","coordinates":[18.633273,50.142397]},"properties":{"lines":"17, 301, 304, 309","color":"#0059a9","mode":"bus","arr":["17","301","304","309"],"angle":40.1}},{"type":"Feature","geometry":{"type":"Point","coordinates":[18.624457,50.14268]},"properties":{"lines":"17, 301, 304, 309","color":"#0059a9","mode":"bus","arr":["17","301","304","309"],"angle":-22.5,"extra":1}},{"type":"Feature","geometry":{"type":"Point","coordinates":[18.628174,50.140892]},"properties":{"lines":"17, 301, 304, 309","color":"#0059a9","mode":"bus","arr":["17","301","304","309"],"angle":-20.8,"extra":1}},{"type":"Feature","geometry":{"type":"Point","coordinates":[18.642812,50.135804]},"properties":{"lines":"301, 304, 309","color":"#0059a9","mode":"bus","arr":["301","304","309"],"angle":66.3}},{"type":"Feature","geometry":{"type":"Point","coordinates":[18.619585,50.140159]},"properties":{"lines":"301, 304, 309","color":"#0059a9","mode":"bus","arr":["301","304","309"],"angle":-80}},{"type":"Feature","geometry":{"type":"Point","coordinates":[18.616139,50.142365]},"properties":{"lines":"17, 303","color":"#0059a9","mode":"bus","arr":["17","303"],"angle":40.7}},{"type":"Feature","geometry":{"type":"Point","coordinates":[18.614158,50.143693]},"properties":{"lines":"303","color":"#0059a9","mode":"bus","arr":["303"],"angle":47.1}},{"type":"Feature","geometry":{"type":"Point","coordinates":[18.649895,50.179183]},"properties":{"lines":"303","color":"#0059a9","mode":"bus","arr":["303"],"angle":-61}},{"type":"Feature","geometry":{"type":"Point","coordinates":[18.66062,50.165986]},"properties":{"lines":"303","color":"#0059a9","mode":"bus","arr":["303"],"angle":58.3,"extra":1}},{"type":"Feature","geometry":{"type":"Point","coordinates":[18.654283,50.168583]},"properties":{"lines":"303","color":"#0059a9","mode":"bus","arr":["303"],"angle":45.2,"extra":1}},{"type":"Feature","geometry":{"type":"Point","coordinates":[18.652368,50.172946]},"properties":{"lines":"303","color":"#0059a9","mode":"bus","arr":["303"],"angle":62.6,"extra":1}},{"type":"Feature","geometry":{"type":"Point","coordinates":[18.651141,50.182163]},"properties":{"lines":"303","color":"#0059a9","mode":"bus","arr":["303"],"angle":-89.9,"extra":1}},{"type":"Feature","geometry":{"type":"Point","coordinates":[18.650655,50.187084]},"properties":{"lines":"303","color":"#0059a9","mode":"bus","arr":["303"],"angle":-84.9,"extra":1}},{"type":"Feature","geometry":{"type":"Point","coordinates":[18.650805,50.191971]},"properties":{"lines":"303","color":"#0059a9","mode":"bus","arr":["303"],"angle":-74.4,"extra":1}},{"type":"Feature","geometry":{"type":"Point","coordinates":[18.648747,50.196543]},"properties":{"lines":"303","color":"#0059a9","mode":"bus","arr":["303"],"angle":62.5,"extra":1}},{"type":"Feature","geometry":{"type":"Point","coordinates":[18.647941,50.19752]},"properties":{"lines":"303","color":"#0059a9","mode":"bus","arr":["303"],"angle":-48.1}},{"type":"Feature","geometry":{"type":"Point","coordinates":[18.640075,50.195359]},"properties":{"lines":"303","color":"#0059a9","mode":"bus","arr":["303"],"angle":-33.2}},{"type":"Feature","geometry":{"type":"Point","coordinates":[18.643737,50.196885]},"properties":{"lines":"303","color":"#0059a9","mode":"bus","arr":["303"],"angle":-32.8,"extra":1}},{"type":"Feature","geometry":{"type":"Point","coordinates":[18.629724,50.191938]},"properties":{"lines":"303","color":"#0059a9","mode":"bus","arr":["303"],"angle":-24.8,"extra":1}},{"type":"Feature","geometry":{"type":"Point","coordinates":[18.622704,50.189892]},"properties":{"lines":"303","color":"#0059a9","mode":"bus","arr":["303"],"angle":-25.3,"extra":1}},{"type":"Feature","geometry":{"type":"Point","coordinates":[18.607379,50.171275]},"properties":{"lines":"303","color":"#0059a9","mode":"bus","arr":["303"],"angle":-61.8}},{"type":"Feature","geometry":{"type":"Point","coordinates":[18.598964,50.156239]},"properties":{"lines":"303","color":"#0059a9","mode":"bus","arr":["303"],"angle":-84,"extra":1}},{"type":"Feature","geometry":{"type":"Point","coordinates":[18.602033,50.160312]},"properties":{"lines":"303","color":"#0059a9","mode":"bus","arr":["303"],"angle":-60.1,"extra":1}},{"type":"Feature","geometry":{"type":"Point","coordinates":[18.604714,50.164782]},"properties":{"lines":"303","color":"#0059a9","mode":"bus","arr":["303"],"angle":-69.8,"extra":1}},{"type":"Feature","geometry":{"type":"Point","coordinates":[18.612604,50.178079]},"properties":{"lines":"303","color":"#0059a9","mode":"bus","arr":["303"],"angle":-54.2,"extra":1}},{"type":"Feature","geometry":{"type":"Point","coordinates":[18.617017,50.182122]},"properties":{"lines":"303","color":"#0059a9","mode":"bus","arr":["303"],"angle":-65.9,"extra":1}},{"type":"Feature","geometry":{"type":"Point","coordinates":[18.620029,50.186674]},"properties":{"lines":"303","color":"#0059a9","mode":"bus","arr":["303"],"angle":-67,"extra":1}},{"type":"Feature","geometry":{"type":"Point","coordinates":[18.621633,50.188547]},"properties":{"lines":"303","color":"#0059a9","mode":"bus","arr":["303"],"angle":-19.7}},{"type":"Feature","geometry":{"type":"Point","coordinates":[18.552816,50.099145]},"properties":{"lines":"17, 18, 19, 46","color":"#0059a9","mode":"bus","arr":["17","18","19","46"],"angle":15.5}},{"type":"Feature","geometry":{"type":"Point","coordinates":[18.599309,50.136809]},"properties":{"lines":"18, 19","color":"#0059a9","mode":"bus","arr":["18","19"],"angle":-46.7}},{"type":"Feature","geometry":{"type":"Point","coordinates":[18.607899,50.141732]},"properties":{"lines":"18, 19","color":"#0059a9","mode":"bus","arr":["18","19"],"angle":-30.5}},{"type":"Feature","geometry":{"type":"Point","coordinates":[18.603743,50.13999]},"properties":{"lines":"18, 19","color":"#0059a9","mode":"bus","arr":["18","19"],"angle":-36.9,"extra":1}},{"type":"Feature","geometry":{"type":"Point","coordinates":[18.598149,50.146572]},"properties":{"lines":"18, 19","color":"#0059a9","mode":"bus","arr":["18","19"],"angle":74.7}},{"type":"Feature","geometry":{"type":"Point","coordinates":[18.597456,50.151413]},"properties":{"lines":"18, 19","color":"#0059a9","mode":"bus","arr":["18","19"],"angle":-76,"extra":1}},{"type":"Feature","geometry":{"type":"Point","coordinates":[18.600175,50.141851]},"properties":{"lines":"18, 19","color":"#0059a9","mode":"bus","arr":["18","19"],"angle":74.5,"extra":1}},{"type":"Feature","geometry":{"type":"Point","coordinates":[18.605035,50.149029]},"properties":{"lines":"18, 19, 303","color":"#0059a9","mode":"bus","arr":["18","19","303"],"angle":46}},{"type":"Feature","geometry":{"type":"Point","coordinates":[18.609796,50.146265]},"properties":{"lines":"18, 19, 303","color":"#0059a9","mode":"bus","arr":["18","19","303"],"angle":33.6,"extra":1}},{"type":"Feature","geometry":{"type":"Point","coordinates":[18.600308,50.153101]},"properties":{"lines":"18, 19, 303","color":"#0059a9","mode":"bus","arr":["18","19","303"],"angle":29.4,"extra":1}},{"type":"Feature","geometry":{"type":"Point","coordinates":[18.511539,50.050782]},"properties":{"lines":"22","color":"#0059a9","mode":"bus","arr":["22"],"angle":8}},{"type":"Feature","geometry":{"type":"Point","coordinates":[18.50984,50.056632]},"properties":{"lines":"23","color":"#0059a9","mode":"bus","arr":["23"],"angle":48.7}},{"type":"Feature","geometry":{"type":"Point","coordinates":[18.44125,50.082221]},"properties":{"lines":"23","color":"#0059a9","mode":"bus","arr":["23"],"angle":81.5}},{"type":"Feature","geometry":{"type":"Point","coordinates":[18.550177,50.100406]},"properties":{"lines":"23","color":"#0059a9","mode":"bus","arr":["23"],"angle":85.2}},{"type":"Feature","geometry":{"type":"Point","coordinates":[18.546828,50.102001]},"properties":{"lines":"23","color":"#0059a9","mode":"bus","arr":["23"],"angle":23.4}},{"type":"Feature","geometry":{"type":"Point","coordinates":[18.427349,50.066464]},"properties":{"lines":"23, 204, W59","color":"#0059a9","mode":"bus","arr":["23","204","W59"],"angle":-49.1}},{"type":"Feature","geometry":{"type":"Point","coordinates":[18.429473,50.067194]},"properties":{"lines":"23, 204","color":"#0059a9","mode":"bus","arr":["23","204"],"angle":-24.2}},{"type":"Feature","geometry":{"type":"Point","coordinates":[18.549425,50.088864]},"properties":{"lines":"24","color":"#0059a9","mode":"bus","arr":["24"],"angle":-36.2}},{"type":"Feature","geometry":{"type":"Point","coordinates":[18.55018,50.088512]},"properties":{"lines":"24","color":"#0059a9","mode":"bus","arr":["24"],"angle":-34.7}},{"type":"Feature","geometry":{"type":"Point","coordinates":[18.518216,50.113404]},"properties":{"lines":"24","color":"#0059a9","mode":"bus","arr":["24"],"angle":-15.6}},{"type":"Feature","geometry":{"type":"Point","coordinates":[18.501483,50.107302]},"properties":{"lines":"24","color":"#0059a9","mode":"bus","arr":["24"],"angle":-38.8}},{"type":"Feature","geometry":{"type":"Point","coordinates":[18.493289,50.10375]},"properties":{"lines":"24","color":"#0059a9","mode":"bus","arr":["24"],"angle":-87.4,"extra":1}},{"type":"Feature","geometry":{"type":"Point","coordinates":[18.496836,50.106228]},"properties":{"lines":"24","color":"#0059a9","mode":"bus","arr":["24"],"angle":-19.6,"extra":1}},{"type":"Feature","geometry":{"type":"Point","coordinates":[18.509462,50.111405]},"properties":{"lines":"24","color":"#0059a9","mode":"bus","arr":["24"],"angle":-27.4,"extra":1}},{"type":"Feature","geometry":{"type":"Point","coordinates":[18.4995,50.093702]},"properties":{"lines":"24","color":"#0059a9","mode":"bus","arr":["24"],"angle":-89.1}},{"type":"Feature","geometry":{"type":"Point","coordinates":[18.500029,50.090064]},"properties":{"lines":"24","color":"#0059a9","mode":"bus","arr":["24"],"angle":-88.4,"extra":1}},{"type":"Feature","geometry":{"type":"Point","coordinates":[18.486668,50.078726]},"properties":{"lines":"24","color":"#0059a9","mode":"bus","arr":["24"],"angle":63}},{"type":"Feature","geometry":{"type":"Point","coordinates":[18.464046,50.060854]},"properties":{"lines":"24","color":"#0059a9","mode":"bus","arr":["24"],"angle":-6.8}},{"type":"Feature","geometry":{"type":"Point","coordinates":[18.527319,50.13384]},"properties":{"lines":"26, 34, 49, N6","color":"#0059a9","mode":"bus","arr":["26","34","49","N6"],"angle":-33.7}},{"type":"Feature","geometry":{"type":"Point","coordinates":[18.53325,50.120856]},"properties":{"lines":"26, 49, N6","color":"#0059a9","mode":"bus","arr":["26","49","N6"],"angle":55.9}},{"type":"Feature","geometry":{"type":"Point","coordinates":[18.527117,50.123663]},"properties":{"lines":"26, 49, N6","color":"#0059a9","mode":"bus","arr":["26","49","N6"],"angle":29.3,"extra":1}},{"type":"Feature","geometry":{"type":"Point","coordinates":[18.539785,50.118855]},"properties":{"lines":"26, 49, N6","color":"#0059a9","mode":"bus","arr":["26","49","N6"],"angle":18.3,"extra":1}},{"type":"Feature","geometry":{"type":"Point","coordinates":[18.546761,50.117366]},"properties":{"lines":"26, 49, N6","color":"#0059a9","mode":"bus","arr":["26","49","N6"],"angle":18.5}},{"type":"Feature","geometry":{"type":"Point","coordinates":[18.522312,50.097066]},"properties":{"lines":"26, 28, 29, 36, 46","color":"#0059a9","mode":"bus","arr":["26","28","29","36","46"],"angle":12.4}},{"type":"Feature","geometry":{"type":"Point","coordinates":[18.52657,50.09644]},"properties":{"lines":"26, 28, 29, 36, 46","color":"#0059a9","mode":"bus","arr":["26","28","29","36","46"],"angle":16.5,"extra":1}},{"type":"Feature","geometry":{"type":"Point","coordinates":[18.448998,50.104346]},"properties":{"lines":"27, 28, 29","color":"#0059a9","mode":"bus","arr":["27","28","29"],"angle":14.9}},{"type":"Feature","geometry":{"type":"Point","coordinates":[18.464399,50.107411]},"properties":{"lines":"27, 28, 29","color":"#0059a9","mode":"bus","arr":["27","28","29"],"angle":0,"extra":1}},{"type":"Feature","geometry":{"type":"Point","coordinates":[18.457123,50.106038]},"properties":{"lines":"27, 28, 29","color":"#0059a9","mode":"bus","arr":["27","28","29"],"angle":-26.5,"extra":1}},{"type":"Feature","geometry":{"type":"Point","coordinates":[18.442563,50.105291]},"properties":{"lines":"27, 28, 29","color":"#0059a9","mode":"bus","arr":["27","28","29"],"angle":1.8,"extra":1}},{"type":"Feature","geometry":{"type":"Point","coordinates":[18.435695,50.107439]},"properties":{"lines":"27, 28, 29","color":"#0059a9","mode":"bus","arr":["27","28","29"],"angle":29,"extra":1}},{"type":"Feature","geometry":{"type":"Point","coordinates":[18.420395,50.112626]},"properties":{"lines":"27, 29","color":"#0059a9","mode":"bus","arr":["27","29"],"angle":73}},{"type":"Feature","geometry":{"type":"Point","coordinates":[18.414811,50.118314]},"properties":{"lines":"27, 29","color":"#0059a9","mode":"bus","arr":["27","29"],"angle":82.1,"extra":1}},{"type":"Feature","geometry":{"type":"Point","coordinates":[18.422097,50.110025]},"properties":{"lines":"27, 29","color":"#0059a9","mode":"bus","arr":["27","29"],"angle":28.7,"extra":1}},{"type":"Feature","geometry":{"type":"Point","coordinates":[18.428164,50.108096]},"properties":{"lines":"27, 29","color":"#0059a9","mode":"bus","arr":["27","29"],"angle":4.9,"extra":1}},{"type":"Feature","geometry":{"type":"Point","coordinates":[18.402775,50.120673]},"properties":{"lines":"27, 29, 36","color":"#0059a9","mode":"bus","arr":["27","29","36"],"angle":-5.3}},{"type":"Feature","geometry":{"type":"Point","coordinates":[18.411241,50.121172]},"properties":{"lines":"27, 29, 36","color":"#0059a9","mode":"bus","arr":["27","29","36"],"angle":-5.1,"extra":1}},{"type":"Feature","geometry":{"type":"Point","coordinates":[18.395885,50.12026]},"properties":{"lines":"27, 29, 36","color":"#0059a9","mode":"bus","arr":["27","29","36"],"angle":-5.1,"extra":1}},{"type":"Feature","geometry":{"type":"Point","coordinates":[18.390142,50.119386]},"properties":{"lines":"27, 36","color":"#0059a9","mode":"bus","arr":["27","36"],"angle":-22.9}},{"type":"Feature","geometry":{"type":"Point","coordinates":[18.542184,50.090767]},"properties":{"lines":"27, 29, 33, 36, 43, 46A","color":"#0059a9","mode":"bus","arr":["27","29","33","36","43","46A"],"angle":-84}},{"type":"Feature","geometry":{"type":"Point","coordinates":[18.431233,50.10784]},"properties":{"lines":"28","color":"#0059a9","mode":"bus","arr":["28"],"angle":-79}},{"type":"Feature","geometry":{"type":"Point","coordinates":[18.431477,50.091301]},"properties":{"lines":"28","color":"#0059a9","mode":"bus","arr":["28"],"angle":-71.1}},{"type":"Feature","geometry":{"type":"Point","coordinates":[18.424051,50.077556]},"properties":{"lines":"28","color":"#0059a9","mode":"bus","arr":["28"],"angle":-74.8,"extra":1}},{"type":"Feature","geometry":{"type":"Point","coordinates":[18.424408,50.082475]},"properties":{"lines":"28","color":"#0059a9","mode":"bus","arr":["28"],"angle":-76.3,"extra":1}},{"type":"Feature","geometry":{"type":"Point","coordinates":[18.428248,50.086615]},"properties":{"lines":"28","color":"#0059a9","mode":"bus","arr":["28"],"angle":-53,"extra":1}},{"type":"Feature","geometry":{"type":"Point","coordinates":[18.430028,50.095867]},"properties":{"lines":"28","color":"#0059a9","mode":"bus","arr":["28"],"angle":74.6,"extra":1}},{"type":"Feature","geometry":{"type":"Point","coordinates":[18.429664,50.100765]},"properties":{"lines":"28","color":"#0059a9","mode":"bus","arr":["28"],"angle":-88,"extra":1}},{"type":"Feature","geometry":{"type":"Point","coordinates":[18.429965,50.105707]},"properties":{"lines":"28","color":"#0059a9","mode":"bus","arr":["28"],"angle":-87.5,"extra":1}},{"type":"Feature","geometry":{"type":"Point","coordinates":[18.415024,50.103187]},"properties":{"lines":"29","color":"#0059a9","mode":"bus","arr":["29"],"angle":-29.5}},{"type":"Feature","geometry":{"type":"Point","coordinates":[18.423133,50.106318]},"properties":{"lines":"29","color":"#0059a9","mode":"bus","arr":["29"],"angle":-21.6,"extra":1}},{"type":"Feature","geometry":{"type":"Point","coordinates":[18.410737,50.100758]},"properties":{"lines":"29","color":"#0059a9","mode":"bus","arr":["29"],"angle":-52.5,"extra":1}},{"type":"Feature","geometry":{"type":"Point","coordinates":[18.401584,50.095251]},"properties":{"lines":"29","color":"#0059a9","mode":"bus","arr":["29"],"angle":-61.5}},{"type":"Feature","geometry":{"type":"Point","coordinates":[18.403649,50.072976]},"properties":{"lines":"29","color":"#0059a9","mode":"bus","arr":["29"],"angle":17.8,"extra":1}},{"type":"Feature","geometry":{"type":"Point","coordinates":[18.398956,50.076474]},"properties":{"lines":"29","color":"#0059a9","mode":"bus","arr":["29"],"angle":-84.8,"extra":1}},{"type":"Feature","geometry":{"type":"Point","coordinates":[18.399699,50.08135]},"properties":{"lines":"29","color":"#0059a9","mode":"bus","arr":["29"],"angle":81.6,"extra":1}},{"type":"Feature","geometry":{"type":"Point","coordinates":[18.399867,50.086115]},"properties":{"lines":"29","color":"#0059a9","mode":"bus","arr":["29"],"angle":86.8,"extra":1}},{"type":"Feature","geometry":{"type":"Point","coordinates":[18.400057,50.090951]},"properties":{"lines":"29","color":"#0059a9","mode":"bus","arr":["29"],"angle":-73.7,"extra":1}},{"type":"Feature","geometry":{"type":"Point","coordinates":[18.404039,50.100253]},"properties":{"lines":"29","color":"#0059a9","mode":"bus","arr":["29"],"angle":76.9,"extra":1}},{"type":"Feature","geometry":{"type":"Point","coordinates":[18.400917,50.104708]},"properties":{"lines":"29","color":"#0059a9","mode":"bus","arr":["29"],"angle":54.1,"extra":1}},{"type":"Feature","geometry":{"type":"Point","coordinates":[18.397388,50.109057]},"properties":{"lines":"29","color":"#0059a9","mode":"bus","arr":["29"],"angle":70.4,"extra":1}},{"type":"Feature","geometry":{"type":"Point","coordinates":[18.393574,50.113323]},"properties":{"lines":"29","color":"#0059a9","mode":"bus","arr":["29"],"angle":71.1,"extra":1}},{"type":"Feature","geometry":{"type":"Point","coordinates":[18.391151,50.118019]},"properties":{"lines":"29","color":"#0059a9","mode":"bus","arr":["29"],"angle":71.7,"extra":1}},{"type":"Feature","geometry":{"type":"Point","coordinates":[18.409918,50.068597]},"properties":{"lines":"29, 206","color":"#0059a9","mode":"bus","arr":["29","206"],"angle":59.9}},{"type":"Feature","geometry":{"type":"Point","coordinates":[18.407465,50.071276]},"properties":{"lines":"29, 206","color":"#0059a9","mode":"bus","arr":["29","206"],"angle":62.1,"extra":1}},{"type":"Feature","geometry":{"type":"Point","coordinates":[18.414981,50.061957]},"properties":{"lines":"29, 205, 206","color":"#0059a9","mode":"bus","arr":["29","205","206"],"angle":76.3}},{"type":"Feature","geometry":{"type":"Point","coordinates":[18.416809,50.058375]},"properties":{"lines":"29, 201, 202, 205, 206","color":"#0059a9","mode":"bus","arr":["29","201","202","205","206"],"angle":62.2}},{"type":"Feature","geometry":{"type":"Point","coordinates":[18.552965,50.105487]},"properties":{"lines":"30","color":"#0059a9","mode":"bus","arr":["30"],"angle":-66.9}},{"type":"Feature","geometry":{"type":"Point","coordinates":[18.557025,50.101698]},"properties":{"lines":"30","color":"#0059a9","mode":"bus","arr":["30"],"angle":-51.5}},{"type":"Feature","geometry":{"type":"Point","coordinates":[18.551862,50.064867]},"properties":{"lines":"30","color":"#0059a9","mode":"bus","arr":["30"],"angle":74.4}},{"type":"Feature","geometry":{"type":"Point","coordinates":[18.551657,50.063657]},"properties":{"lines":"30","color":"#0059a9","mode":"bus","arr":["30"],"angle":46}},{"type":"Feature","geometry":{"type":"Point","coordinates":[18.552849,50.063352]},"properties":{"lines":"30","color":"#0059a9","mode":"bus","arr":["30"],"angle":-22.5}},{"type":"Feature","geometry":{"type":"Point","coordinates":[18.564224,50.058263]},"properties":{"lines":"30","color":"#0059a9","mode":"bus","arr":["30"],"angle":41.1}},{"type":"Feature","geometry":{"type":"Point","coordinates":[18.556324,50.062769]},"properties":{"lines":"30","color":"#0059a9","mode":"bus","arr":["30"],"angle":43.5,"extra":1}},{"type":"Feature","geometry":{"type":"Point","coordinates":[18.567802,50.056181]},"properties":{"lines":"30","color":"#0059a9","mode":"bus","arr":["30"],"angle":44.9,"extra":1}},{"type":"Feature","geometry":{"type":"Point","coordinates":[18.573364,50.052756]},"properties":{"lines":"30","color":"#0059a9","mode":"bus","arr":["30"],"angle":43.2,"extra":1}},{"type":"Feature","geometry":{"type":"Point","coordinates":[18.573019,50.04989]},"properties":{"lines":"30","color":"#0059a9","mode":"bus","arr":["30"],"angle":-66.6}},{"type":"Feature","geometry":{"type":"Point","coordinates":[18.566384,50.046931]},"properties":{"lines":"30","color":"#0059a9","mode":"bus","arr":["30"],"angle":-30.5,"extra":1}},{"type":"Feature","geometry":{"type":"Point","coordinates":[18.557808,50.046631]},"properties":{"lines":"30","color":"#0059a9","mode":"bus","arr":["30"],"angle":-2.8}},{"type":"Feature","geometry":{"type":"Point","coordinates":[18.563829,50.047443]},"properties":{"lines":"30","color":"#0059a9","mode":"bus","arr":["30"],"angle":-24.6,"extra":1}},{"type":"Feature","geometry":{"type":"Point","coordinates":[18.549011,50.048009]},"properties":{"lines":"30","color":"#0059a9","mode":"bus","arr":["30"],"angle":7.5,"extra":1}},{"type":"Feature","geometry":{"type":"Point","coordinates":[18.544672,50.044515]},"properties":{"lines":"30","color":"#0059a9","mode":"bus","arr":["30"],"angle":16.9}},{"type":"Feature","geometry":{"type":"Point","coordinates":[18.549141,50.043649]},"properties":{"lines":"30","color":"#0059a9","mode":"bus","arr":["30"],"angle":17,"extra":1}},{"type":"Feature","geometry":{"type":"Point","coordinates":[18.556541,50.042274]},"properties":{"lines":"30","color":"#0059a9","mode":"bus","arr":["30"],"angle":4.4,"extra":1}},{"type":"Feature","geometry":{"type":"Point","coordinates":[18.563985,50.042744]},"properties":{"lines":"30","color":"#0059a9","mode":"bus","arr":["30"],"angle":-5.5}},{"type":"Feature","geometry":{"type":"Point","coordinates":[18.568727,50.042986]},"properties":{"lines":"30","color":"#0059a9","mode":"bus","arr":["30"],"angle":-4.1,"extra":1}},{"type":"Feature","geometry":{"type":"Point","coordinates":[18.550293,50.08573]},"properties":{"lines":"30, 49","color":"#0059a9","mode":"bus","arr":["30","49"],"angle":9.5}},{"type":"Feature","geometry":{"type":"Point","coordinates":[18.560834,50.078416]},"properties":{"lines":"30, 49","color":"#0059a9","mode":"bus","arr":["30","49"],"angle":43.7}},{"type":"Feature","geometry":{"type":"Point","coordinates":[18.5584,50.08079]},"properties":{"lines":"30, 49","color":"#0059a9","mode":"bus","arr":["30","49"],"angle":70.4,"extra":1}},{"type":"Feature","geometry":{"type":"Point","coordinates":[18.554655,50.084441]},"properties":{"lines":"30, 49","color":"#0059a9","mode":"bus","arr":["30","49"],"angle":61.5,"extra":1}},{"type":"Feature","geometry":{"type":"Point","coordinates":[18.548625,50.087152]},"properties":{"lines":"30, 49","color":"#0059a9","mode":"bus","arr":["30","49"],"angle":14.8,"extra":1}},{"type":"Feature","geometry":{"type":"Point","coordinates":[18.564666,50.074286]},"properties":{"lines":"30, 46A, 49","color":"#0059a9","mode":"bus","arr":["30","46A","49"],"angle":64.7}},{"type":"Feature","geometry":{"type":"Point","coordinates":[18.565681,50.072925]},"properties":{"lines":"30, 42, 46A, 49","color":"#0059a9","mode":"bus","arr":["30","42","46A","49"],"angle":60.3}},{"type":"Feature","geometry":{"type":"Point","coordinates":[18.567709,50.070552]},"properties":{"lines":"30, 42, 49","color":"#0059a9","mode":"bus","arr":["30","42","49"],"angle":41.7}},{"type":"Feature","geometry":{"type":"Point","coordinates":[18.558658,50.06587]},"properties":{"lines":"30, 42, N8","color":"#0059a9","mode":"bus","arr":["30","42","N8"],"angle":-86.9}},{"type":"Feature","geometry":{"type":"Point","coordinates":[18.565232,50.068456]},"properties":{"lines":"30, 42, N8","color":"#0059a9","mode":"bus","arr":["30","42","N8"],"angle":-32.3,"extra":1}},{"type":"Feature","geometry":{"type":"Point","coordinates":[18.553793,50.06551]},"properties":{"lines":"30, 42, N8","color":"#0059a9","mode":"bus","arr":["30","42","N8"],"angle":-5.5,"extra":1}},{"type":"Feature","geometry":{"type":"Point","coordinates":[18.54998,50.066625]},"properties":{"lines":"42, N8","color":"#0059a9","mode":"bus","arr":["42","N8"],"angle":3.7}},{"type":"Feature","geometry":{"type":"Point","coordinates":[18.60519,50.049071]},"properties":{"lines":"42, N8","color":"#0059a9","mode":"bus","arr":["42","N8"],"angle":59.7}},{"type":"Feature","geometry":{"type":"Point","coordinates":[18.524456,50.104783]},"properties":{"lines":"33, 46, 48","color":"#0059a9","mode":"bus","arr":["33","46","48"],"angle":62.5}},{"type":"Feature","geometry":{"type":"Point","coordinates":[18.52797,50.102305]},"properties":{"lines":"33, 46, 48","color":"#0059a9","mode":"bus","arr":["33","46","48"],"angle":47,"extra":1}},{"type":"Feature","geometry":{"type":"Point","coordinates":[18.517803,50.093025]},"properties":{"lines":"33, 43, 48, 52, A","color":"#0059a9","mode":"bus","arr":["33","43","48","52","A"],"angle":67.6}},{"type":"Feature","geometry":{"type":"Point","coordinates":[18.515633,50.094701]},"properties":{"lines":"33, 43, 48, 52, A, N8","color":"#0059a9","mode":"bus","arr":["33","43","48","52","A","N8"],"angle":60.3}},{"type":"Feature","geometry":{"type":"Point","coordinates":[18.588914,50.027893]},"properties":{"lines":"33, S12, S12A","color":"#0059a9","mode":"bus","arr":["33","S12","S12A"],"angle":-86.5}},{"type":"Feature","geometry":{"type":"Point","coordinates":[18.584973,50.023571]},"properties":{"lines":"33","color":"#0059a9","mode":"bus","arr":["33"],"angle":-51.6}},{"type":"Feature","geometry":{"type":"Point","coordinates":[18.581813,50.02141]},"properties":{"lines":"33","color":"#0059a9","mode":"bus","arr":["33"],"angle":-43.8,"extra":1}},{"type":"Feature","geometry":{"type":"Point","coordinates":[18.579393,50.01933]},"properties":{"lines":"33","color":"#0059a9","mode":"bus","arr":["33"],"angle":25.6}},{"type":"Feature","geometry":{"type":"Point","coordinates":[18.577992,50.008403]},"properties":{"lines":"33","color":"#0059a9","mode":"bus","arr":["33"],"angle":-84.2}},{"type":"Feature","geometry":{"type":"Point","coordinates":[18.577904,50.016015]},"properties":{"lines":"33","color":"#0059a9","mode":"bus","arr":["33"],"angle":77.7,"extra":1}},{"type":"Feature","geometry":{"type":"Point","coordinates":[18.578941,50.011114]},"properties":{"lines":"33","color":"#0059a9","mode":"bus","arr":["33"],"angle":87.4,"extra":1}},{"type":"Feature","geometry":{"type":"Point","coordinates":[18.580594,50.002061]},"properties":{"lines":"33","color":"#0059a9","mode":"bus","arr":["33"],"angle":25.9,"extra":1}},{"type":"Feature","geometry":{"type":"Point","coordinates":[18.58047,50.01971]},"properties":{"lines":"33, 208","color":"#0059a9","mode":"bus","arr":["33","208"],"angle":87.3}},{"type":"Feature","geometry":{"type":"Point","coordinates":[18.577847,50.01896]},"properties":{"lines":"33, 208","color":"#0059a9","mode":"bus","arr":["33","208"],"angle":-44}},{"type":"Feature","geometry":{"type":"Point","coordinates":[18.516938,50.101855]},"properties":{"lines":"34","color":"#0059a9","mode":"bus","arr":["34"],"angle":80.5}},{"type":"Feature","geometry":{"type":"Point","coordinates":[18.516314,50.107477]},"properties":{"lines":"34","color":"#0059a9","mode":"bus","arr":["34"],"angle":74.7}},{"type":"Feature","geometry":{"type":"Point","coordinates":[18.517734,50.117862]},"properties":{"lines":"34","color":"#0059a9","mode":"bus","arr":["34"],"angle":-54,"extra":1}},{"type":"Feature","geometry":{"type":"Point","coordinates":[18.515154,50.110458]},"properties":{"lines":"34","color":"#0059a9","mode":"bus","arr":["34"],"angle":76,"extra":1}},{"type":"Feature","geometry":{"type":"Point","coordinates":[18.534691,50.135637]},"properties":{"lines":"34","color":"#0059a9","mode":"bus","arr":["34"],"angle":6.6}},{"type":"Feature","geometry":{"type":"Point","coordinates":[18.542463,50.134399]},"properties":{"lines":"34","color":"#0059a9","mode":"bus","arr":["34"],"angle":-73.6}},{"type":"Feature","geometry":{"type":"Point","coordinates":[18.557534,50.183421]},"properties":{"lines":"34","color":"#0059a9","mode":"bus","arr":["34"],"angle":-46.9}},{"type":"Feature","geometry":{"type":"Point","coordinates":[18.540995,50.169216]},"properties":{"lines":"34","color":"#0059a9","mode":"bus","arr":["34"],"angle":-74.2,"extra":1}},{"type":"Feature","geometry":{"type":"Point","coordinates":[18.543371,50.173922]},"properties":{"lines":"34","color":"#0059a9","mode":"bus","arr":["34"],"angle":-71.9,"extra":1}},{"type":"Feature","geometry":{"type":"Point","coordinates":[18.547741,50.17788]},"properties":{"lines":"34","color":"#0059a9","mode":"bus","arr":["34"],"angle":-40.2,"extra":1}},{"type":"Feature","geometry":{"type":"Point","coordinates":[18.553633,50.18107]},"properties":{"lines":"34","color":"#0059a9","mode":"bus","arr":["34"],"angle":-40.1,"extra":1}},{"type":"Feature","geometry":{"type":"Point","coordinates":[18.564448,50.18811]},"properties":{"lines":"34","color":"#0059a9","mode":"bus","arr":["34"],"angle":-45.8,"extra":1}},{"type":"Feature","geometry":{"type":"Point","coordinates":[18.569871,50.191626]},"properties":{"lines":"34","color":"#0059a9","mode":"bus","arr":["34"],"angle":-45.3,"extra":1}},{"type":"Feature","geometry":{"type":"Point","coordinates":[18.575298,50.195139]},"properties":{"lines":"34","color":"#0059a9","mode":"bus","arr":["34"],"angle":-45.4,"extra":1}},{"type":"Feature","geometry":{"type":"Point","coordinates":[18.550069,50.132678]},"properties":{"lines":"34","color":"#0059a9","mode":"bus","arr":["34"],"angle":-24.9}},{"type":"Feature","geometry":{"type":"Point","coordinates":[18.544151,50.096119]},"properties":{"lines":"34, PR","color":"#0059a9","mode":"bus","arr":["34","PR"],"angle":-67.7}},{"type":"Feature","geometry":{"type":"Point","coordinates":[18.441475,50.114535]},"properties":{"lines":"36","color":"#0059a9","mode":"bus","arr":["36"],"angle":20.6}},{"type":"Feature","geometry":{"type":"Point","coordinates":[18.464274,50.109087]},"properties":{"lines":"36","color":"#0059a9","mode":"bus","arr":["36"],"angle":21.2,"extra":1}},{"type":"Feature","geometry":{"type":"Point","coordinates":[18.457055,50.110825]},"properties":{"lines":"36","color":"#0059a9","mode":"bus","arr":["36"],"angle":21.1,"extra":1}},{"type":"Feature","geometry":{"type":"Point","coordinates":[18.449818,50.112531]},"properties":{"lines":"36","color":"#0059a9","mode":"bus","arr":["36"],"angle":20.1,"extra":1}},{"type":"Feature","geometry":{"type":"Point","coordinates":[18.435376,50.116]},"properties":{"lines":"36","color":"#0059a9","mode":"bus","arr":["36"],"angle":20.7,"extra":1}},{"type":"Feature","geometry":{"type":"Point","coordinates":[18.428149,50.117725]},"properties":{"lines":"36","color":"#0059a9","mode":"bus","arr":["36"],"angle":19.8,"extra":1}},{"type":"Feature","geometry":{"type":"Point","coordinates":[18.420913,50.119433]},"properties":{"lines":"36","color":"#0059a9","mode":"bus","arr":["36"],"angle":20.7,"extra":1}},{"type":"Feature","geometry":{"type":"Point","coordinates":[18.618517,50.05577]},"properties":{"lines":"42, 45","color":"#0059a9","mode":"bus","arr":["42","45"],"angle":18.3}},{"type":"Feature","geometry":{"type":"Point","coordinates":[18.627409,50.053894]},"properties":{"lines":"42, 45","color":"#0059a9","mode":"bus","arr":["42","45"],"angle":36.1,"extra":1}},{"type":"Feature","geometry":{"type":"Point","coordinates":[18.61284,50.057025]},"properties":{"lines":"42, 45","color":"#0059a9","mode":"bus","arr":["42","45"],"angle":19.5,"extra":1}},{"type":"Feature","geometry":{"type":"Point","coordinates":[18.61099,50.057392]},"properties":{"lines":"42, 45","color":"#0059a9","mode":"bus","arr":["42","45"],"angle":4.8}},{"type":"Feature","geometry":{"type":"Point","coordinates":[18.603405,50.062239]},"properties":{"lines":"45","color":"#0059a9","mode":"bus","arr":["45"],"angle":33.2}},{"type":"Feature","geometry":{"type":"Point","coordinates":[18.48327,50.136866]},"properties":{"lines":"45","color":"#0059a9","mode":"bus","arr":["45"],"angle":-43.3}},{"type":"Feature","geometry":{"type":"Point","coordinates":[18.469842,50.135658]},"properties":{"lines":"45","color":"#0059a9","mode":"bus","arr":["45"],"angle":5.3}},{"type":"Feature","geometry":{"type":"Point","coordinates":[18.480398,50.136223]},"properties":{"lines":"45","color":"#0059a9","mode":"bus","arr":["45"],"angle":23.7,"extra":1}},{"type":"Feature","geometry":{"type":"Point","coordinates":[18.460266,50.139518]},"properties":{"lines":"45","color":"#0059a9","mode":"bus","arr":["45"],"angle":14.8,"extra":1}},{"type":"Feature","geometry":{"type":"Point","coordinates":[18.449861,50.142673]},"properties":{"lines":"45","color":"#0059a9","mode":"bus","arr":["45"],"angle":32.9}},{"type":"Feature","geometry":{"type":"Point","coordinates":[18.454019,50.141047]},"properties":{"lines":"45","color":"#0059a9","mode":"bus","arr":["45"],"angle":16.2,"extra":1}},{"type":"Feature","geometry":{"type":"Point","coordinates":[18.605951,50.05612]},"properties":{"lines":"42","color":"#0059a9","mode":"bus","arr":["42"],"angle":12.4}},{"type":"Feature","geometry":{"type":"Point","coordinates":[18.579269,50.089912]},"properties":{"lines":"42","color":"#0059a9","mode":"bus","arr":["42"],"angle":89}},{"type":"Feature","geometry":{"type":"Point","coordinates":[18.571597,50.080973]},"properties":{"lines":"42","color":"#0059a9","mode":"bus","arr":["42"],"angle":-59.6}},{"type":"Feature","geometry":{"type":"Point","coordinates":[18.567864,50.07516]},"properties":{"lines":"42","color":"#0059a9","mode":"bus","arr":["42"],"angle":-54.6,"extra":1}},{"type":"Feature","geometry":{"type":"Point","coordinates":[18.574988,50.083586]},"properties":{"lines":"42","color":"#0059a9","mode":"bus","arr":["42"],"angle":-54.6,"extra":1}},{"type":"Feature","geometry":{"type":"Point","coordinates":[18.578235,50.088021]},"properties":{"lines":"42","color":"#0059a9","mode":"bus","arr":["42"],"angle":-72.7,"extra":1}},{"type":"Feature","geometry":{"type":"Point","coordinates":[18.586831,50.054608]},"properties":{"lines":"42, 46, 46A, 48","color":"#0059a9","mode":"bus","arr":["42","46","46A","48"],"angle":-52.3}},{"type":"Feature","geometry":{"type":"Point","coordinates":[18.592347,50.053174]},"properties":{"lines":"42, 46, 46A","color":"#0059a9","mode":"bus","arr":["42","46","46A"],"angle":24}},{"type":"Feature","geometry":{"type":"Point","coordinates":[18.592716,50.055041]},"properties":{"lines":"42, 46, 46A","color":"#0059a9","mode":"bus","arr":["42","46","46A"],"angle":29.6}},{"type":"Feature","geometry":{"type":"Point","coordinates":[18.590077,50.076194]},"properties":{"lines":"42, 46","color":"#0059a9","mode":"bus","arr":["42","46"],"angle":58.8}},{"type":"Feature","geometry":{"type":"Point","coordinates":[18.586479,50.084647]},"properties":{"lines":"42, 46","color":"#0059a9","mode":"bus","arr":["42","46"],"angle":85.8,"extra":1}},{"type":"Feature","geometry":{"type":"Point","coordinates":[18.586711,50.079869]},"properties":{"lines":"42, 46","color":"#0059a9","mode":"bus","arr":["42","46"],"angle":60.4,"extra":1}},{"type":"Feature","geometry":{"type":"Point","coordinates":[18.595818,50.071993]},"properties":{"lines":"42, 46","color":"#0059a9","mode":"bus","arr":["42","46"],"angle":44.5,"extra":1}},{"type":"Feature","geometry":{"type":"Point","coordinates":[18.599773,50.067901]},"properties":{"lines":"42, 46","color":"#0059a9","mode":"bus","arr":["42","46"],"angle":68.7,"extra":1}},{"type":"Feature","geometry":{"type":"Point","coordinates":[18.581744,50.087668]},"properties":{"lines":"42, 45, 46, 48, 51, 52","color":"#0059a9","mode":"bus","arr":["42","45","46","48","51","52"],"angle":15}},{"type":"Feature","geometry":{"type":"Point","coordinates":[18.576624,50.089662]},"properties":{"lines":"45, 46, 48, 51, 52","color":"#0059a9","mode":"bus","arr":["45","46","48","51","52"],"angle":50.7}},{"type":"Feature","geometry":{"type":"Point","coordinates":[18.500001,50.127213]},"properties":{"lines":"43, 45, PR","color":"#0059a9","mode":"bus","arr":["43","45","PR"],"angle":31.2}},{"type":"Feature","geometry":{"type":"Point","coordinates":[18.478002,50.151353]},"properties":{"lines":"43, 45, PR","color":"#0059a9","mode":"bus","arr":["43","45","PR"],"angle":-80.1,"extra":1}},{"type":"Feature","geometry":{"type":"Point","coordinates":[18.478912,50.146469]},"properties":{"lines":"43, 45, PR","color":"#0059a9","mode":"bus","arr":["43","45","PR"],"angle":72.5,"extra":1}},{"type":"Feature","geometry":{"type":"Point","coordinates":[18.480711,50.141664]},"properties":{"lines":"43, 45, PR","color":"#0059a9","mode":"bus","arr":["43","45","PR"],"angle":69.9,"extra":1}},{"type":"Feature","geometry":{"type":"Point","coordinates":[18.516402,50.121252]},"properties":{"lines":"43, 45, PR","color":"#0059a9","mode":"bus","arr":["43","45","PR"],"angle":26.2,"extra":1}},{"type":"Feature","geometry":{"type":"Point","coordinates":[18.509548,50.123512]},"properties":{"lines":"43, 45, PR","color":"#0059a9","mode":"bus","arr":["43","45","PR"],"angle":30.9,"extra":1}},{"type":"Feature","geometry":{"type":"Point","coordinates":[18.496348,50.128627]},"properties":{"lines":"43, 45, PR","color":"#0059a9","mode":"bus","arr":["43","45","PR"],"angle":30.9,"extra":1}},{"type":"Feature","geometry":{"type":"Point","coordinates":[18.490081,50.131407]},"properties":{"lines":"43, 45, PR","color":"#0059a9","mode":"bus","arr":["43","45","PR"],"angle":61.8,"extra":1}},{"type":"Feature","geometry":{"type":"Point","coordinates":[18.486572,50.135768]},"properties":{"lines":"43, 45, PR","color":"#0059a9","mode":"bus","arr":["43","45","PR"],"angle":53.2,"extra":1}},{"type":"Feature","geometry":{"type":"Point","coordinates":[18.471618,50.17596]},"properties":{"lines":"43","color":"#0059a9","mode":"bus","arr":["43"],"angle":27.5}},{"type":"Feature","geometry":{"type":"Point","coordinates":[18.478169,50.156157]},"properties":{"lines":"43","color":"#0059a9","mode":"bus","arr":["43"],"angle":83.3,"extra":1}},{"type":"Feature","geometry":{"type":"Point","coordinates":[18.477317,50.161072]},"properties":{"lines":"43","color":"#0059a9","mode":"bus","arr":["43"],"angle":-89.8,"extra":1}},{"type":"Feature","geometry":{"type":"Point","coordinates":[18.477903,50.166004]},"properties":{"lines":"43","color":"#0059a9","mode":"bus","arr":["43"],"angle":-85.6,"extra":1}},{"type":"Feature","geometry":{"type":"Point","coordinates":[18.476852,50.170885]},"properties":{"lines":"43","color":"#0059a9","mode":"bus","arr":["43"],"angle":79.3,"extra":1}},{"type":"Feature","geometry":{"type":"Point","coordinates":[18.466926,50.177345]},"properties":{"lines":"43","color":"#0059a9","mode":"bus","arr":["43"],"angle":41.4,"extra":1}},{"type":"Feature","geometry":{"type":"Point","coordinates":[18.461571,50.180893]},"properties":{"lines":"43","color":"#0059a9","mode":"bus","arr":["43"],"angle":49.4,"extra":1}},{"type":"Feature","geometry":{"type":"Point","coordinates":[18.456916,50.184819]},"properties":{"lines":"43","color":"#0059a9","mode":"bus","arr":["43"],"angle":58.9,"extra":1}},{"type":"Feature","geometry":{"type":"Point","coordinates":[18.454056,50.189082]},"properties":{"lines":"43","color":"#0059a9","mode":"bus","arr":["43"],"angle":-38.6,"extra":1}},{"type":"Feature","geometry":{"type":"Point","coordinates":[18.449725,50.192315]},"properties":{"lines":"43","color":"#0059a9","mode":"bus","arr":["43"],"angle":30.2,"extra":1}},{"type":"Feature","geometry":{"type":"Point","coordinates":[18.446606,50.19322]},"properties":{"lines":"43","color":"#0059a9","mode":"bus","arr":["43"],"angle":-40.4}},{"type":"Feature","geometry":{"type":"Point","coordinates":[18.539451,50.113467]},"properties":{"lines":"PR","color":"#0059a9","mode":"bus","arr":["PR"],"angle":9.2}},{"type":"Feature","geometry":{"type":"Point","coordinates":[18.545761,50.111378]},"properties":{"lines":"PR","color":"#0059a9","mode":"bus","arr":["PR"],"angle":-52.8}},{"type":"Feature","geometry":{"type":"Point","coordinates":[18.598571,50.083702]},"properties":{"lines":"45, 48, 51, 52","color":"#0059a9","mode":"bus","arr":["45","48","51","52"],"angle":22.4}},{"type":"Feature","geometry":{"type":"Point","coordinates":[18.555301,50.07707]},"properties":{"lines":"46A","color":"#0059a9","mode":"bus","arr":["46A"],"angle":-88.3}},{"type":"Feature","geometry":{"type":"Point","coordinates":[18.55131,50.079747]},"properties":{"lines":"46A","color":"#0059a9","mode":"bus","arr":["46A"],"angle":-2.2,"extra":1}},{"type":"Feature","geometry":{"type":"Point","coordinates":[18.559356,50.074706]},"properties":{"lines":"46A","color":"#0059a9","mode":"bus","arr":["46A"],"angle":1.6,"extra":1}},{"type":"Feature","geometry":{"type":"Point","coordinates":[18.582296,50.074317]},"properties":{"lines":"46A","color":"#0059a9","mode":"bus","arr":["46A"],"angle":36.3}},{"type":"Feature","geometry":{"type":"Point","coordinates":[18.569716,50.072895]},"properties":{"lines":"46A","color":"#0059a9","mode":"bus","arr":["46A"],"angle":-8.2,"extra":1}},{"type":"Feature","geometry":{"type":"Point","coordinates":[18.577082,50.074013]},"properties":{"lines":"46A","color":"#0059a9","mode":"bus","arr":["46A"],"angle":-17.3,"extra":1}},{"type":"Feature","geometry":{"type":"Point","coordinates":[18.588385,50.070431]},"properties":{"lines":"46A","color":"#0059a9","mode":"bus","arr":["46A"],"angle":40.2,"extra":1}},{"type":"Feature","geometry":{"type":"Point","coordinates":[18.593542,50.066936]},"properties":{"lines":"46A","color":"#0059a9","mode":"bus","arr":["46A"],"angle":64.1,"extra":1}},{"type":"Feature","geometry":{"type":"Point","coordinates":[18.55719,50.074314]},"properties":{"lines":"46A","color":"#0059a9","mode":"bus","arr":["46A"],"angle":34.3}},{"type":"Feature","geometry":{"type":"Point","coordinates":[18.56241,50.072444]},"properties":{"lines":"46A","color":"#0059a9","mode":"bus","arr":["46A"],"angle":21.4,"extra":1}},{"type":"Feature","geometry":{"type":"Point","coordinates":[18.549199,50.077386]},"properties":{"lines":"46A","color":"#0059a9","mode":"bus","arr":["46A"],"angle":11,"extra":1}},{"type":"Feature","geometry":{"type":"Point","coordinates":[18.597334,50.066149]},"properties":{"lines":"46A, N8","color":"#0059a9","mode":"bus","arr":["46A","N8"],"angle":17.2}},{"type":"Feature","geometry":{"type":"Point","coordinates":[18.593795,50.057614]},"properties":{"lines":"48","color":"#0059a9","mode":"bus","arr":["48"],"angle":-32.3}},{"type":"Feature","geometry":{"type":"Point","coordinates":[18.589364,50.055786]},"properties":{"lines":"48","color":"#0059a9","mode":"bus","arr":["48"],"angle":-32.5,"extra":1}},{"type":"Feature","geometry":{"type":"Point","coordinates":[18.571331,50.067065]},"properties":{"lines":"49, N8","color":"#0059a9","mode":"bus","arr":["49","N8"],"angle":54.1}},{"type":"Feature","geometry":{"type":"Point","coordinates":[18.572801,50.0579]},"properties":{"lines":"49","color":"#0059a9","mode":"bus","arr":["49"],"angle":32.5}},{"type":"Feature","geometry":{"type":"Point","coordinates":[18.57083,50.063243]},"properties":{"lines":"49","color":"#0059a9","mode":"bus","arr":["49"],"angle":3.5,"extra":1}},{"type":"Feature","geometry":{"type":"Point","coordinates":[18.582797,50.054731]},"properties":{"lines":"49","color":"#0059a9","mode":"bus","arr":["49"],"angle":19,"extra":1}},{"type":"Feature","geometry":{"type":"Point","coordinates":[18.651508,50.068178]},"properties":{"lines":"04, 08, 52","color":"#0059a9","mode":"bus","arr":["04","08","52"],"angle":36.2}},{"type":"Feature","geometry":{"type":"Point","coordinates":[18.646975,50.069714]},"properties":{"lines":"04, 08, 52","color":"#0059a9","mode":"bus","arr":["04","08","52"],"angle":7.9,"extra":1}},{"type":"Feature","geometry":{"type":"Point","coordinates":[18.666878,50.059542]},"properties":{"lines":"08, 52","color":"#0059a9","mode":"bus","arr":["08","52"],"angle":29}},{"type":"Feature","geometry":{"type":"Point","coordinates":[18.689818,50.049376]},"properties":{"lines":"52, 305, 306","color":"#0059a9","mode":"bus","arr":["52","305","306"],"angle":51.1}},{"type":"Feature","geometry":{"type":"Point","coordinates":[18.69292,50.047213]},"properties":{"lines":"01, 02, 03, 04, 05, 06, 07, 08, 09, 52, 305, 306 +4","color":"#0059a9","mode":"bus","arr":["01","02","03","04","05","06","07","08","09","52","305","306","307","S10","S11","ZL"],"angle":-18.1}},{"type":"Feature","geometry":{"type":"Point","coordinates":[18.694092,50.047442]},"properties":{"lines":"06, 07, 09, 52, 305, 306, 307, 308, S10, S11","color":"#0059a9","mode":"bus","arr":["06","07","09","52","305","306","307","308","S10","S11"],"angle":-19.9}},{"type":"Feature","geometry":{"type":"Point","coordinates":[18.529537,50.077278]},"properties":{"lines":"A","color":"#0059a9","mode":"bus","arr":["A"],"angle":84.6}},{"type":"Feature","geometry":{"type":"Point","coordinates":[18.540338,50.091119]},"properties":{"lines":"A","color":"#0059a9","mode":"bus","arr":["A"],"angle":-87.3}},{"type":"Feature","geometry":{"type":"Point","coordinates":[18.583248,50.065067]},"properties":{"lines":"N8","color":"#0059a9","mode":"bus","arr":["N8"],"angle":-88}},{"type":"Feature","geometry":{"type":"Point","coordinates":[18.592544,50.064463]},"properties":{"lines":"N8","color":"#0059a9","mode":"bus","arr":["N8"],"angle":10.4,"extra":1}},{"type":"Feature","geometry":{"type":"Point","coordinates":[18.57608,50.063986]},"properties":{"lines":"N8","color":"#0059a9","mode":"bus","arr":["N8"],"angle":-42.5,"extra":1}},{"type":"Feature","geometry":{"type":"Point","coordinates":[18.691091,50.045677]},"properties":{"lines":"01, 02, 03, 04, 05, 06, 07, 08, 09, 307, S10, S11, ZL","color":"#0059a9","mode":"bus","arr":["01","02","03","04","05","06","07","08","09","307","S10","S11","ZL"],"angle":-48.2}},{"type":"Feature","geometry":{"type":"Point","coordinates":[18.68893,50.04417]},"properties":{"lines":"01, 02, 03, 04, 05, 06, 07, 08, 09, 307, S10, S11, ZL","color":"#0059a9","mode":"bus","arr":["01","02","03","04","05","06","07","08","09","307","S10","S11","ZL"],"angle":72.8}},{"type":"Feature","geometry":{"type":"Point","coordinates":[18.697211,50.042843]},"properties":{"lines":"01, 08","color":"#0059a9","mode":"bus","arr":["01","08"],"angle":61.4}},{"type":"Feature","geometry":{"type":"Point","coordinates":[18.680784,50.034741]},"properties":{"lines":"01, 08","color":"#0059a9","mode":"bus","arr":["01","08"],"angle":7.6}},{"type":"Feature","geometry":{"type":"Point","coordinates":[18.693606,50.042677]},"properties":{"lines":"01, 02, 08, 307","color":"#0059a9","mode":"bus","arr":["01","02","08","307"],"angle":-16}},{"type":"Feature","geometry":{"type":"Point","coordinates":[18.695944,50.037748]},"properties":{"lines":"01, 02, 08","color":"#0059a9","mode":"bus","arr":["01","02","08"],"angle":-79.1}},{"type":"Feature","geometry":{"type":"Point","coordinates":[18.695136,50.035033]},"properties":{"lines":"01, 02, 08","color":"#0059a9","mode":"bus","arr":["01","02","08"],"angle":-79.2,"extra":1}},{"type":"Feature","geometry":{"type":"Point","coordinates":[18.696894,50.032546]},"properties":{"lines":"01, 06, 07, 307","color":"#0059a9","mode":"bus","arr":["01","06","07","307"],"angle":0.4}},{"type":"Feature","geometry":{"type":"Point","coordinates":[18.674392,50.035264]},"properties":{"lines":"01","color":"#0059a9","mode":"bus","arr":["01"],"angle":-5.8}},{"type":"Feature","geometry":{"type":"Point","coordinates":[18.680186,50.031207]},"properties":{"lines":"01, 02","color":"#0059a9","mode":"bus","arr":["01","02"],"angle":20.7}},{"type":"Feature","geometry":{"type":"Point","coordinates":[18.675695,50.031898]},"properties":{"lines":"01, 02","color":"#0059a9","mode":"bus","arr":["01","02"],"angle":9.1,"extra":1}},{"type":"Feature","geometry":{"type":"Point","coordinates":[18.69384,50.027226]},"properties":{"lines":"01, 02","color":"#0059a9","mode":"bus","arr":["01","02"],"angle":22.9}},{"type":"Feature","geometry":{"type":"Point","coordinates":[18.69829,50.028286]},"properties":{"lines":"01, 02","color":"#0059a9","mode":"bus","arr":["01","02"],"angle":-82.4,"extra":1}},{"type":"Feature","geometry":{"type":"Point","coordinates":[18.686608,50.027373]},"properties":{"lines":"01, 02","color":"#0059a9","mode":"bus","arr":["01","02"],"angle":28.6,"extra":1}},{"type":"Feature","geometry":{"type":"Point","coordinates":[18.678573,50.025283]},"properties":{"lines":"01, 02, 09, S10, S11","color":"#0059a9","mode":"bus","arr":["01","02","09","S10","S11"],"angle":-34.6}},{"type":"Feature","geometry":{"type":"Point","coordinates":[18.672015,50.022459]},"properties":{"lines":"S10, S11","color":"#0059a9","mode":"bus","arr":["S10","S11"],"angle":-11.3}},{"type":"Feature","geometry":{"type":"Point","coordinates":[18.666213,50.013905]},"properties":{"lines":"S10, S11","color":"#0059a9","mode":"bus","arr":["S10","S11"],"angle":-77}},{"type":"Feature","geometry":{"type":"Point","coordinates":[18.659646,50.010196]},"properties":{"lines":"S10, S11","color":"#0059a9","mode":"bus","arr":["S10","S11"],"angle":-38.7,"extra":1}},{"type":"Feature","geometry":{"type":"Point","coordinates":[18.668386,50.017511]},"properties":{"lines":"S10, S11","color":"#0059a9","mode":"bus","arr":["S10","S11"],"angle":-69.4,"extra":1}},{"type":"Feature","geometry":{"type":"Point","coordinates":[18.67084,50.021822]},"properties":{"lines":"S10, S11","color":"#0059a9","mode":"bus","arr":["S10","S11"],"angle":12.9}},{"type":"Feature","geometry":{"type":"Point","coordinates":[18.681798,50.037972]},"properties":{"lines":"01, 02, 07","color":"#0059a9","mode":"bus","arr":["01","02","07"],"angle":86}},{"type":"Feature","geometry":{"type":"Point","coordinates":[18.6858,50.042209]},"properties":{"lines":"01, 02, 05, 07, ZL","color":"#0059a9","mode":"bus","arr":["01","02","05","07","ZL"],"angle":-19.1}},{"type":"Feature","geometry":{"type":"Point","coordinates":[18.673969,50.035375]},"properties":{"lines":"02","color":"#0059a9","mode":"bus","arr":["02"],"angle":-2.2}},{"type":"Feature","geometry":{"type":"Point","coordinates":[18.66818,50.052668]},"properties":{"lines":"08","color":"#0059a9","mode":"bus","arr":["08"],"angle":-82.3}},{"type":"Feature","geometry":{"type":"Point","coordinates":[18.671593,50.050709]},"properties":{"lines":"08","color":"#0059a9","mode":"bus","arr":["08"],"angle":21.2,"extra":1}},{"type":"Feature","geometry":{"type":"Point","coordinates":[18.664392,50.061426]},"properties":{"lines":"08","color":"#0059a9","mode":"bus","arr":["08"],"angle":7.2}},{"type":"Feature","geometry":{"type":"Point","coordinates":[18.664261,50.061556]},"properties":{"lines":"08","color":"#0059a9","mode":"bus","arr":["08"],"angle":7.6}},{"type":"Feature","geometry":{"type":"Point","coordinates":[18.672935,50.061194]},"properties":{"lines":"08","color":"#0059a9","mode":"bus","arr":["08"],"angle":-59.9}},{"type":"Feature","geometry":{"type":"Point","coordinates":[18.668408,50.062575]},"properties":{"lines":"08","color":"#0059a9","mode":"bus","arr":["08"],"angle":-4,"extra":1}},{"type":"Feature","geometry":{"type":"Point","coordinates":[18.68065,50.034862]},"properties":{"lines":"02, 08","color":"#0059a9","mode":"bus","arr":["02","08"],"angle":7.5}},{"type":"Feature","geometry":{"type":"Point","coordinates":[18.696572,50.042588]},"properties":{"lines":"02, 08","color":"#0059a9","mode":"bus","arr":["02","08"],"angle":74.3}},{"type":"Feature","geometry":{"type":"Point","coordinates":[18.690366,50.042948]},"properties":{"lines":"02, 08","color":"#0059a9","mode":"bus","arr":["02","08"],"angle":16.2}},{"type":"Feature","geometry":{"type":"Point","coordinates":[18.697205,50.032659]},"properties":{"lines":"02, 06, 07, 307","color":"#0059a9","mode":"bus","arr":["02","06","07","307"],"angle":-3.3}},{"type":"Feature","geometry":{"type":"Point","coordinates":[18.689474,50.038382]},"properties":{"lines":"03, 04, 05, 06, 09, 307, S10, S11, ZL","color":"#0059a9","mode":"bus","arr":["03","04","05","06","09","307","S10","S11","ZL"],"angle":-88.8}},{"type":"Feature","geometry":{"type":"Point","coordinates":[18.689303,50.035413]},"properties":{"lines":"03, 04, 05, 06, 09, 307, S10, S11, ZL","color":"#0059a9","mode":"bus","arr":["03","04","05","06","09","307","S10","S11","ZL"],"angle":-80.1,"extra":1}},{"type":"Feature","geometry":{"type":"Point","coordinates":[18.689901,50.04166]},"properties":{"lines":"03, 04, 05, 06, 09, 307, S10, S11, ZL","color":"#0059a9","mode":"bus","arr":["03","04","05","06","09","307","S10","S11","ZL"],"angle":-80.3,"extra":1}},{"type":"Feature","geometry":{"type":"Point","coordinates":[18.691552,50.033538]},"properties":{"lines":"03, 06, 07, 08, 307","color":"#0059a9","mode":"bus","arr":["03","06","07","08","307"],"angle":19.2}},{"type":"Feature","geometry":{"type":"Point","coordinates":[18.694385,50.032488]},"properties":{"lines":"03, 08","color":"#0059a9","mode":"bus","arr":["03","08"],"angle":-79.8}},{"type":"Feature","geometry":{"type":"Point","coordinates":[18.693364,50.02898]},"properties":{"lines":"03","color":"#0059a9","mode":"bus","arr":["03"],"angle":-79.2}},{"type":"Feature","geometry":{"type":"Point","coordinates":[18.687125,50.015387]},"properties":{"lines":"03","color":"#0059a9","mode":"bus","arr":["03"],"angle":-80.8}},{"type":"Feature","geometry":{"type":"Point","coordinates":[18.690637,50.023484]},"properties":{"lines":"03","color":"#0059a9","mode":"bus","arr":["03"],"angle":-62.4,"extra":1}},{"type":"Feature","geometry":{"type":"Point","coordinates":[18.689039,50.018665]},"properties":{"lines":"03","color":"#0059a9","mode":"bus","arr":["03"],"angle":-74.9,"extra":1}},{"type":"Feature","geometry":{"type":"Point","coordinates":[18.68331,50.009638]},"properties":{"lines":"03","color":"#0059a9","mode":"bus","arr":["03"],"angle":-78,"extra":1}},{"type":"Feature","geometry":{"type":"Point","coordinates":[18.687977,50.031709]},"properties":{"lines":"04, 05, 09, S10, S11, ZL","color":"#0059a9","mode":"bus","arr":["04","05","09","S10","S11","ZL"],"angle":-75.3}},{"type":"Feature","geometry":{"type":"Point","coordinates":[18.686688,50.029657]},"properties":{"lines":"09, S10, S11","color":"#0059a9","mode":"bus","arr":["09","S10","S11"],"angle":-56.5}},{"type":"Feature","geometry":{"type":"Point","coordinates":[18.679619,50.046083]},"properties":{"lines":"04, 08","color":"#0059a9","mode":"bus","arr":["04","08"],"angle":6.9}},{"type":"Feature","geometry":{"type":"Point","coordinates":[18.675262,50.047492]},"properties":{"lines":"04, 08","color":"#0059a9","mode":"bus","arr":["04","08"],"angle":40.2,"extra":1}},{"type":"Feature","geometry":{"type":"Point","coordinates":[18.65575,50.054695]},"properties":{"lines":"04","color":"#0059a9","mode":"bus","arr":["04"],"angle":82.7}},{"type":"Feature","geometry":{"type":"Point","coordinates":[18.668584,50.049827]},"properties":{"lines":"04","color":"#0059a9","mode":"bus","arr":["04"],"angle":26.5,"extra":1}},{"type":"Feature","geometry":{"type":"Point","coordinates":[18.661834,50.052212]},"properties":{"lines":"04","color":"#0059a9","mode":"bus","arr":["04"],"angle":29.7,"extra":1}},{"type":"Feature","geometry":{"type":"Point","coordinates":[18.653908,50.059623]},"properties":{"lines":"04","color":"#0059a9","mode":"bus","arr":["04"],"angle":75.4,"extra":1}},{"type":"Feature","geometry":{"type":"Point","coordinates":[18.65735,50.063593]},"properties":{"lines":"04","color":"#0059a9","mode":"bus","arr":["04"],"angle":-51.9,"extra":1}},{"type":"Feature","geometry":{"type":"Point","coordinates":[18.627808,50.03509]},"properties":{"lines":"05, ZL","color":"#0059a9","mode":"bus","arr":["05","ZL"],"angle":-87.6}},{"type":"Feature","geometry":{"type":"Point","coordinates":[18.642086,50.032678]},"properties":{"lines":"05, ZL","color":"#0059a9","mode":"bus","arr":["05","ZL"],"angle":-37}},{"type":"Feature","geometry":{"type":"Point","coordinates":[18.651721,50.035389]},"properties":{"lines":"05, ZL","color":"#0059a9","mode":"bus","arr":["05","ZL"],"angle":4.7,"extra":1}},{"type":"Feature","geometry":{"type":"Point","coordinates":[18.637891,50.031581]},"properties":{"lines":"05, ZL","color":"#0059a9","mode":"bus","arr":["05","ZL"],"angle":-0.8,"extra":1}},{"type":"Feature","geometry":{"type":"Point","coordinates":[18.630195,50.031736]},"properties":{"lines":"05, ZL","color":"#0059a9","mode":"bus","arr":["05","ZL"],"angle":5.8,"extra":1}},{"type":"Feature","geometry":{"type":"Point","coordinates":[18.659518,50.035841]},"properties":{"lines":"05, ZL","color":"#0059a9","mode":"bus","arr":["05","ZL"],"angle":-20.1,"extra":1}},{"type":"Feature","geometry":{"type":"Point","coordinates":[18.666631,50.037749]},"properties":{"lines":"05, ZL","color":"#0059a9","mode":"bus","arr":["05","ZL"],"angle":-22.8,"extra":1}},{"type":"Feature","geometry":{"type":"Point","coordinates":[18.62622,50.039936]},"properties":{"lines":"ZL","color":"#0059a9","mode":"bus","arr":["ZL"],"angle":-89.6}},{"type":"Feature","geometry":{"type":"Point","coordinates":[18.708519,50.048908]},"properties":{"lines":"06","color":"#0059a9","mode":"bus","arr":["06"],"angle":18.7}},{"type":"Feature","geometry":{"type":"Point","coordinates":[18.713571,50.020197]},"properties":{"lines":"06","color":"#0059a9","mode":"bus","arr":["06"],"angle":17.3}},{"type":"Feature","geometry":{"type":"Point","coordinates":[18.717573,50.018865]},"properties":{"lines":"06","color":"#0059a9","mode":"bus","arr":["06"],"angle":30.6,"extra":1}},{"type":"Feature","geometry":{"type":"Point","coordinates":[18.713304,50.015503]},"properties":{"lines":"06","color":"#0059a9","mode":"bus","arr":["06"],"angle":2}},{"type":"Feature","geometry":{"type":"Point","coordinates":[18.712207,50.018407]},"properties":{"lines":"06","color":"#0059a9","mode":"bus","arr":["06"],"angle":88.7,"extra":1}},{"type":"Feature","geometry":{"type":"Point","coordinates":[18.719538,50.017263]},"properties":{"lines":"06","color":"#0059a9","mode":"bus","arr":["06"],"angle":-59.3,"extra":1}},{"type":"Feature","geometry":{"type":"Point","coordinates":[18.736182,50.013925]},"properties":{"lines":"06","color":"#0059a9","mode":"bus","arr":["06"],"angle":-21.2}},{"type":"Feature","geometry":{"type":"Point","coordinates":[18.73852,50.012579]},"properties":{"lines":"06","color":"#0059a9","mode":"bus","arr":["06"],"angle":68.3}},{"type":"Feature","geometry":{"type":"Point","coordinates":[18.73473,50.002302]},"properties":{"lines":"06","color":"#0059a9","mode":"bus","arr":["06"],"angle":-5.3,"extra":1}},{"type":"Feature","geometry":{"type":"Point","coordinates":[18.740108,50.004853]},"properties":{"lines":"06","color":"#0059a9","mode":"bus","arr":["06"],"angle":73.4,"extra":1}},{"type":"Feature","geometry":{"type":"Point","coordinates":[18.73884,50.008976]},"properties":{"lines":"06","color":"#0059a9","mode":"bus","arr":["06"],"angle":-80.9,"extra":1}},{"type":"Feature","geometry":{"type":"Point","coordinates":[18.73403,50.013817]},"properties":{"lines":"06","color":"#0059a9","mode":"bus","arr":["06"],"angle":-32.7,"extra":1}},{"type":"Feature","geometry":{"type":"Point","coordinates":[18.72757,50.015951]},"properties":{"lines":"06","color":"#0059a9","mode":"bus","arr":["06"],"angle":34.7,"extra":1}},{"type":"Feature","geometry":{"type":"Point","coordinates":[18.721021,50.017998]},"properties":{"lines":"06","color":"#0059a9","mode":"bus","arr":["06"],"angle":-15.4,"extra":1}},{"type":"Feature","geometry":{"type":"Point","coordinates":[18.703154,50.049653]},"properties":{"lines":"06, 09","color":"#0059a9","mode":"bus","arr":["06","09"],"angle":-54.6}},{"type":"Feature","geometry":{"type":"Point","coordinates":[18.706402,50.056296]},"properties":{"lines":"09","color":"#0059a9","mode":"bus","arr":["09"],"angle":81.3}},{"type":"Feature","geometry":{"type":"Point","coordinates":[18.705058,50.052788]},"properties":{"lines":"09","color":"#0059a9","mode":"bus","arr":["09"],"angle":-15.2,"extra":1}},{"type":"Feature","geometry":{"type":"Point","coordinates":[18.712368,50.055905]},"properties":{"lines":"09","color":"#0059a9","mode":"bus","arr":["09"],"angle":24.4,"extra":1}},{"type":"Feature","geometry":{"type":"Point","coordinates":[18.708715,50.053286]},"properties":{"lines":"09","color":"#0059a9","mode":"bus","arr":["09"],"angle":-42.9}},{"type":"Feature","geometry":{"type":"Point","coordinates":[18.700367,50.048087]},"properties":{"lines":"06, 09, 308","color":"#0059a9","mode":"bus","arr":["06","09","308"],"angle":-35.3}},{"type":"Feature","geometry":{"type":"Point","coordinates":[18.698709,50.047348]},"properties":{"lines":"06, 07, 09, 308","color":"#0059a9","mode":"bus","arr":["06","07","09","308"],"angle":-34.3}},{"type":"Feature","geometry":{"type":"Point","coordinates":[18.696252,50.047443]},"properties":{"lines":"06, 07, 09, 307, 308","color":"#0059a9","mode":"bus","arr":["06","07","09","307","308"],"angle":7.6}},{"type":"Feature","geometry":{"type":"Point","coordinates":[18.701099,50.033448]},"properties":{"lines":"06, 07, 307","color":"#0059a9","mode":"bus","arr":["06","07","307"],"angle":-21.2}},{"type":"Feature","geometry":{"type":"Point","coordinates":[18.705699,50.028217]},"properties":{"lines":"06, 307","color":"#0059a9","mode":"bus","arr":["06","307"],"angle":69.7}},{"type":"Feature","geometry":{"type":"Point","coordinates":[18.703737,50.031618]},"properties":{"lines":"06, 307","color":"#0059a9","mode":"bus","arr":["06","307"],"angle":69.7,"extra":1}},{"type":"Feature","geometry":{"type":"Point","coordinates":[18.707533,50.02476]},"properties":{"lines":"06, 307","color":"#0059a9","mode":"bus","arr":["06","307"],"angle":83.8,"extra":1}},{"type":"Feature","geometry":{"type":"Point","coordinates":[18.701999,50.037215]},"properties":{"lines":"07","color":"#0059a9","mode":"bus","arr":["07"],"angle":-88.6}},{"type":"Feature","geometry":{"type":"Point","coordinates":[18.703201,50.034072]},"properties":{"lines":"07","color":"#0059a9","mode":"bus","arr":["07"],"angle":-54.1}},{"type":"Feature","geometry":{"type":"Point","coordinates":[18.70081,50.044607]},"properties":{"lines":"07","color":"#0059a9","mode":"bus","arr":["07"],"angle":40.8}},{"type":"Feature","geometry":{"type":"Point","coordinates":[18.754933,50.043173]},"properties":{"lines":"07","color":"#0059a9","mode":"bus","arr":["07"],"angle":-77.1}},{"type":"Feature","geometry":{"type":"Point","coordinates":[18.751869,50.039552]},"properties":{"lines":"07","color":"#0059a9","mode":"bus","arr":["07"],"angle":-25,"extra":1}},{"type":"Feature","geometry":{"type":"Point","coordinates":[18.75369,50.047207]},"properties":{"lines":"07","color":"#0059a9","mode":"bus","arr":["07"],"angle":-80.4,"extra":1}},{"type":"Feature","geometry":{"type":"Point","coordinates":[18.704694,50.040295]},"properties":{"lines":"07","color":"#0059a9","mode":"bus","arr":["07"],"angle":-72.6}},{"type":"Feature","geometry":{"type":"Point","coordinates":[18.703022,50.035375]},"properties":{"lines":"07","color":"#0059a9","mode":"bus","arr":["07"],"angle":67.1,"extra":1}},{"type":"Feature","geometry":{"type":"Point","coordinates":[18.685896,50.034363]},"properties":{"lines":"07, 08","color":"#0059a9","mode":"bus","arr":["07","08"],"angle":8.8}},{"type":"Feature","geometry":{"type":"Point","coordinates":[18.727337,50.039918]},"properties":{"lines":"07, 308","color":"#0059a9","mode":"bus","arr":["07","308"],"angle":9.8}},{"type":"Feature","geometry":{"type":"Point","coordinates":[18.747389,50.037972]},"properties":{"lines":"07, 308","color":"#0059a9","mode":"bus","arr":["07","308"],"angle":16.9,"extra":1}},{"type":"Feature","geometry":{"type":"Point","coordinates":[18.739771,50.038699]},"properties":{"lines":"07, 308","color":"#0059a9","mode":"bus","arr":["07","308"],"angle":7.3,"extra":1}},{"type":"Feature","geometry":{"type":"Point","coordinates":[18.732144,50.039423]},"properties":{"lines":"07, 308","color":"#0059a9","mode":"bus","arr":["07","308"],"angle":8.9,"extra":1}},{"type":"Feature","geometry":{"type":"Point","coordinates":[18.716944,50.041091]},"properties":{"lines":"07, 308","color":"#0059a9","mode":"bus","arr":["07","308"],"angle":9.8,"extra":1}},{"type":"Feature","geometry":{"type":"Point","coordinates":[18.709359,50.041979]},"properties":{"lines":"07, 308","color":"#0059a9","mode":"bus","arr":["07","308"],"angle":14,"extra":1}},{"type":"Feature","geometry":{"type":"Point","coordinates":[18.700655,50.044877]},"properties":{"lines":"07, 308","color":"#0059a9","mode":"bus","arr":["07","308"],"angle":49.5,"extra":1}},{"type":"Feature","geometry":{"type":"Point","coordinates":[18.458345,49.962239]},"properties":{"lines":"W32","color":"#0059a9","mode":"bus","arr":["W32"],"angle":-76.9}},{"type":"Feature","geometry":{"type":"Point","coordinates":[18.385112,49.946839]},"properties":{"lines":"W32","color":"#0059a9","mode":"bus","arr":["W32"],"angle":-45.7,"extra":1}},{"type":"Feature","geometry":{"type":"Point","coordinates":[18.388629,49.951081]},"properties":{"lines":"W32","color":"#0059a9","mode":"bus","arr":["W32"],"angle":-80.6,"extra":1}},{"type":"Feature","geometry":{"type":"Point","coordinates":[18.392647,49.955021]},"properties":{"lines":"W32","color":"#0059a9","mode":"bus","arr":["W32"],"angle":-38.4,"extra":1}},{"type":"Feature","geometry":{"type":"Point","coordinates":[18.46043,49.951274]},"properties":{"lines":"W32","color":"#0059a9","mode":"bus","arr":["W32"],"angle":10.9,"extra":1}},{"type":"Feature","geometry":{"type":"Point","coordinates":[18.458117,49.954225]},"properties":{"lines":"W32","color":"#0059a9","mode":"bus","arr":["W32"],"angle":-71.6,"extra":1}},{"type":"Feature","geometry":{"type":"Point","coordinates":[18.458252,49.959146]},"properties":{"lines":"W32","color":"#0059a9","mode":"bus","arr":["W32"],"angle":88.7,"extra":1}},{"type":"Feature","geometry":{"type":"Point","coordinates":[18.459896,49.968944]},"properties":{"lines":"W32","color":"#0059a9","mode":"bus","arr":["W32"],"angle":-80.6,"extra":1}},{"type":"Feature","geometry":{"type":"Point","coordinates":[18.461603,49.973116]},"properties":{"lines":"W32","color":"#0059a9","mode":"bus","arr":["W32"],"angle":74.4,"extra":1}},{"type":"Feature","geometry":{"type":"Point","coordinates":[18.415848,49.959682]},"properties":{"lines":"W32","color":"#0059a9","mode":"bus","arr":["W32"],"angle":-69}},{"type":"Feature","geometry":{"type":"Point","coordinates":[18.404994,49.958836]},"properties":{"lines":"W32","color":"#0059a9","mode":"bus","arr":["W32"],"angle":-5.8,"extra":1}},{"type":"Feature","geometry":{"type":"Point","coordinates":[18.416443,49.96241]},"properties":{"lines":"W32","color":"#0059a9","mode":"bus","arr":["W32"],"angle":-81.4,"extra":1}},{"type":"Feature","geometry":{"type":"Point","coordinates":[18.420771,49.966336]},"properties":{"lines":"W32","color":"#0059a9","mode":"bus","arr":["W32"],"angle":-67.2,"extra":1}},{"type":"Feature","geometry":{"type":"Point","coordinates":[18.444858,49.962462]},"properties":{"lines":"W32","color":"#0059a9","mode":"bus","arr":["W32"],"angle":82.2}},{"type":"Feature","geometry":{"type":"Point","coordinates":[18.438616,49.969839]},"properties":{"lines":"W32","color":"#0059a9","mode":"bus","arr":["W32"],"angle":71.9,"extra":1}},{"type":"Feature","geometry":{"type":"Point","coordinates":[18.443189,49.966013]},"properties":{"lines":"W32","color":"#0059a9","mode":"bus","arr":["W32"],"angle":43.3,"extra":1}},{"type":"Feature","geometry":{"type":"Point","coordinates":[18.450127,49.958755]},"properties":{"lines":"W32","color":"#0059a9","mode":"bus","arr":["W32"],"angle":-3.7,"extra":1}},{"type":"Feature","geometry":{"type":"Point","coordinates":[18.457827,49.958987]},"properties":{"lines":"W32","color":"#0059a9","mode":"bus","arr":["W32"],"angle":-1,"extra":1}},{"type":"Feature","geometry":{"type":"Point","coordinates":[18.45138,49.980178]},"properties":{"lines":"W32","color":"#0059a9","mode":"bus","arr":["W32"],"angle":51.1}},{"type":"Feature","geometry":{"type":"Point","coordinates":[18.400502,49.957471]},"properties":{"lines":"W32, W36","color":"#0059a9","mode":"bus","arr":["W32","W36"],"angle":-74.8}},{"type":"Feature","geometry":{"type":"Point","coordinates":[18.430223,49.968553]},"properties":{"lines":"W32, W33, W34","color":"#0059a9","mode":"bus","arr":["W32","W33","W34"],"angle":-25}},{"type":"Feature","geometry":{"type":"Point","coordinates":[18.425192,49.969058]},"properties":{"lines":"W32, W33, W34","color":"#0059a9","mode":"bus","arr":["W32","W33","W34"],"angle":-4.9,"extra":1}},{"type":"Feature","geometry":{"type":"Point","coordinates":[18.456425,49.978561]},"properties":{"lines":"W32, W51","color":"#0059a9","mode":"bus","arr":["W32","W51"],"angle":37.3}},{"type":"Feature","geometry":{"type":"Point","coordinates":[18.45454,49.986302]},"properties":{"lines":"W32, W33, W34, W51, W53","color":"#0059a9","mode":"bus","arr":["W32","W33","W34","W51","W53"],"angle":-77.6}},{"type":"Feature","geometry":{"type":"Point","coordinates":[18.452737,49.982678]},"properties":{"lines":"W32, W33, W34, W51, W53","color":"#0059a9","mode":"bus","arr":["W32","W33","W34","W51","W53"],"angle":-72.4,"extra":1}},{"type":"Feature","geometry":{"type":"Point","coordinates":[18.455672,49.992329]},"properties":{"lines":"W32, W33, W34, W51, W53","color":"#0059a9","mode":"bus","arr":["W32","W33","W34","W51","W53"],"angle":-68.5,"extra":1}},{"type":"Feature","geometry":{"type":"Point","coordinates":[18.459854,49.998313]},"properties":{"lines":"W32, W34, W50, W53, W59","color":"#0059a9","mode":"bus","arr":["W32","W34","W50","W53","W59"],"angle":-38.4}},{"type":"Feature","geometry":{"type":"Point","coordinates":[18.463179,49.999323]},"properties":{"lines":"201, 202, 204, 207, 210, W32, W33, W34, W50, W51, W52, W53, W59","color":"#0059a9","mode":"bus","arr":["201","202","204","207","210","W32","W33","W34","W50","W51","W52","W53","W59"],"angle":-25.4}},{"type":"Feature","geometry":{"type":"Point","coordinates":[18.463897,50.000318]},"properties":{"lines":"201, 202, 203, 204, 205, 206, 207, 208, 209, 210, W09, W10 +10","color":"#0059a9","mode":"bus","arr":["201","202","203","204","205","206","207","208","209","210","W09","W10","W11","W32","W33","W34","W38","W50","W51","W52","W53","W59"],"angle":64}},{"type":"Feature","geometry":{"type":"Point","coordinates":[18.461598,49.9991]},"properties":{"lines":"201, 204, 207, 210, W33, W51, W52, W59","color":"#0059a9","mode":"bus","arr":["201","204","207","210","W33","W51","W52","W59"],"angle":41.1}},{"type":"Feature","geometry":{"type":"Point","coordinates":[18.46,49.999061]},"properties":{"lines":"W33, W38, W51, W59","color":"#0059a9","mode":"bus","arr":["W33","W38","W51","W59"],"angle":-17}},{"type":"Feature","geometry":{"type":"Point","coordinates":[18.459334,49.999751]},"properties":{"lines":"W59","color":"#0059a9","mode":"bus","arr":["W59"],"angle":-76.3}},{"type":"Feature","geometry":{"type":"Point","coordinates":[18.46053,50.044917]},"properties":{"lines":"W59","color":"#0059a9","mode":"bus","arr":["W59"],"angle":-78}},{"type":"Feature","geometry":{"type":"Point","coordinates":[18.4276,50.067511]},"properties":{"lines":"W59","color":"#0059a9","mode":"bus","arr":["W59"],"angle":56.5}},{"type":"Feature","geometry":{"type":"Point","coordinates":[18.458761,49.998221]},"properties":{"lines":"W33, W38, W51","color":"#0059a9","mode":"bus","arr":["W33","W38","W51"],"angle":-76.6}},{"type":"Feature","geometry":{"type":"Point","coordinates":[18.450641,49.979861]},"properties":{"lines":"W33, W34, W53","color":"#0059a9","mode":"bus","arr":["W33","W34","W53"],"angle":-56.2}},{"type":"Feature","geometry":{"type":"Point","coordinates":[18.445154,49.974632]},"properties":{"lines":"W33, W34","color":"#0059a9","mode":"bus","arr":["W33","W34"],"angle":-35.1}},{"type":"Feature","geometry":{"type":"Point","coordinates":[18.448259,49.977328]},"properties":{"lines":"W33, W34","color":"#0059a9","mode":"bus","arr":["W33","W34"],"angle":-64.3,"extra":1}},{"type":"Feature","geometry":{"type":"Point","coordinates":[18.41143,49.964104]},"properties":{"lines":"W33, W34","color":"#0059a9","mode":"bus","arr":["W33","W34"],"angle":-27.5}},{"type":"Feature","geometry":{"type":"Point","coordinates":[18.418119,49.967131]},"properties":{"lines":"W33, W34","color":"#0059a9","mode":"bus","arr":["W33","W34"],"angle":-40.3,"extra":1}},{"type":"Feature","geometry":{"type":"Point","coordinates":[18.405087,49.962]},"properties":{"lines":"W33, W34","color":"#0059a9","mode":"bus","arr":["W33","W34"],"angle":-29.3,"extra":1}},{"type":"Feature","geometry":{"type":"Point","coordinates":[18.397757,49.959254]},"properties":{"lines":"W33, W34","color":"#0059a9","mode":"bus","arr":["W33","W34"],"angle":-4.6,"extra":1}},{"type":"Feature","geometry":{"type":"Point","coordinates":[18.33789,49.958486]},"properties":{"lines":"W33","color":"#0059a9","mode":"bus","arr":["W33"],"angle":81.7}},{"type":"Feature","geometry":{"type":"Point","coordinates":[18.387573,49.959336]},"properties":{"lines":"W33","color":"#0059a9","mode":"bus","arr":["W33"],"angle":-37.5,"extra":1}},{"type":"Feature","geometry":{"type":"Point","coordinates":[18.380927,49.956945]},"properties":{"lines":"W33","color":"#0059a9","mode":"bus","arr":["W33"],"angle":-16.9,"extra":1}},{"type":"Feature","geometry":{"type":"Point","coordinates":[18.373498,49.955689]},"properties":{"lines":"W33","color":"#0059a9","mode":"bus","arr":["W33"],"angle":1.2,"extra":1}},{"type":"Feature","geometry":{"type":"Point","coordinates":[18.364472,49.956029]},"properties":{"lines":"W33","color":"#0059a9","mode":"bus","arr":["W33"],"angle":-18.4,"extra":1}},{"type":"Feature","geometry":{"type":"Point","coordinates":[18.356981,49.956348]},"properties":{"lines":"W33","color":"#0059a9","mode":"bus","arr":["W33"],"angle":-14.5,"extra":1}},{"type":"Feature","geometry":{"type":"Point","coordinates":[18.349953,49.954699]},"properties":{"lines":"W33","color":"#0059a9","mode":"bus","arr":["W33"],"angle":-5.4,"extra":1}},{"type":"Feature","geometry":{"type":"Point","coordinates":[18.342275,49.954247]},"properties":{"lines":"W33","color":"#0059a9","mode":"bus","arr":["W33"],"angle":-5.4,"extra":1}},{"type":"Feature","geometry":{"type":"Point","coordinates":[18.337191,49.96169]},"properties":{"lines":"W33","color":"#0059a9","mode":"bus","arr":["W33"],"angle":82.5,"extra":1}},{"type":"Feature","geometry":{"type":"Point","coordinates":[18.336136,49.96659]},"properties":{"lines":"W33","color":"#0059a9","mode":"bus","arr":["W33"],"angle":82.1,"extra":1}},{"type":"Feature","geometry":{"type":"Point","coordinates":[18.332877,49.968924]},"properties":{"lines":"W33","color":"#0059a9","mode":"bus","arr":["W33"],"angle":-28.8,"extra":1}},{"type":"Feature","geometry":{"type":"Point","coordinates":[18.326498,49.96996]},"properties":{"lines":"W33","color":"#0059a9","mode":"bus","arr":["W33"],"angle":-34,"extra":1}},{"type":"Feature","geometry":{"type":"Point","coordinates":[18.319682,49.970471]},"properties":{"lines":"W33","color":"#0059a9","mode":"bus","arr":["W33"],"angle":4.9,"extra":1}},{"type":"Feature","geometry":{"type":"Point","coordinates":[18.355684,49.983488]},"properties":{"lines":"W34","color":"#0059a9","mode":"bus","arr":["W34"],"angle":80.4}},{"type":"Feature","geometry":{"type":"Point","coordinates":[18.332281,49.993086]},"properties":{"lines":"W34","color":"#0059a9","mode":"bus","arr":["W34"],"angle":-34.2,"extra":1}},{"type":"Feature","geometry":{"type":"Point","coordinates":[18.337157,49.99638]},"properties":{"lines":"W34","color":"#0059a9","mode":"bus","arr":["W34"],"angle":-33.4,"extra":1}},{"type":"Feature","geometry":{"type":"Point","coordinates":[18.342649,49.998945]},"properties":{"lines":"W34","color":"#0059a9","mode":"bus","arr":["W34"],"angle":-74.4,"extra":1}},{"type":"Feature","geometry":{"type":"Point","coordinates":[18.344978,49.996389]},"properties":{"lines":"W34","color":"#0059a9","mode":"bus","arr":["W34"],"angle":75.8,"extra":1}},{"type":"Feature","geometry":{"type":"Point","coordinates":[18.346856,49.991592]},"properties":{"lines":"W34","color":"#0059a9","mode":"bus","arr":["W34"],"angle":72.9,"extra":1}},{"type":"Feature","geometry":{"type":"Point","coordinates":[18.352171,49.988956]},"properties":{"lines":"W34","color":"#0059a9","mode":"bus","arr":["W34"],"angle":52.2,"extra":1}},{"type":"Feature","geometry":{"type":"Point","coordinates":[18.358321,49.980244]},"properties":{"lines":"W34","color":"#0059a9","mode":"bus","arr":["W34"],"angle":52.3,"extra":1}},{"type":"Feature","geometry":{"type":"Point","coordinates":[18.364581,49.977827]},"properties":{"lines":"W34","color":"#0059a9","mode":"bus","arr":["W34"],"angle":56.9,"extra":1}},{"type":"Feature","geometry":{"type":"Point","coordinates":[18.36944,49.974044]},"properties":{"lines":"W34","color":"#0059a9","mode":"bus","arr":["W34"],"angle":44.1,"extra":1}},{"type":"Feature","geometry":{"type":"Point","coordinates":[18.375029,49.970637]},"properties":{"lines":"W34","color":"#0059a9","mode":"bus","arr":["W34"],"angle":43.3,"extra":1}},{"type":"Feature","geometry":{"type":"Point","coordinates":[18.379274,49.966607]},"properties":{"lines":"W34","color":"#0059a9","mode":"bus","arr":["W34"],"angle":66.8,"extra":1}},{"type":"Feature","geometry":{"type":"Point","coordinates":[18.385102,49.96377]},"properties":{"lines":"W34","color":"#0059a9","mode":"bus","arr":["W34"],"angle":23.4,"extra":1}},{"type":"Feature","geometry":{"type":"Point","coordinates":[18.609591,49.945561]},"properties":{"lines":"C13, W36","color":"#0059a9","mode":"bus","arr":["C13","W36"],"angle":-13.6}},{"type":"Feature","geometry":{"type":"Point","coordinates":[18.608551,49.945075]},"properties":{"lines":"B12, B14, B15, C11, C12, C13, C14, C16, C17, C18, R10, R11 +5","color":"#0059a9","mode":"bus","arr":["B12","B14","B15","C11","C12","C13","C14","C16","C17","C18","R10","R11","S10","S16","W09","W10","W36"],"angle":-21.3}},{"type":"Feature","geometry":{"type":"Point","coordinates":[18.607196,49.944793]},"properties":{"lines":"B14, C13, R10, R11, W09, W10, W36","color":"#0059a9","mode":"bus","arr":["B14","C13","R10","R11","W09","W10","W36"],"angle":40.8}},{"type":"Feature","geometry":{"type":"Point","coordinates":[18.606418,49.945835]},"properties":{"lines":"B14, C13, C14, R10, R11, W09, W10, W36","color":"#0059a9","mode":"bus","arr":["B14","C13","C14","R10","R11","W09","W10","W36"],"angle":71.9}},{"type":"Feature","geometry":{"type":"Point","coordinates":[18.606052,49.949607]},"properties":{"lines":"B14, R10, R11, W09, W10, W36","color":"#0059a9","mode":"bus","arr":["B14","R10","R11","W09","W10","W36"],"angle":67.6}},{"type":"Feature","geometry":{"type":"Point","coordinates":[18.599709,49.950809]},"properties":{"lines":"B10, B12, B13, B14, C10, C15, C19, M10, R10, R11, S10, S12 +8","color":"#0059a9","mode":"bus","arr":["B10","B12","B13","B14","C10","C15","C19","M10","R10","R11","S10","S12","S12A","S13","S14","S15","W09","W10","W11","W36"],"angle":-21.4}},{"type":"Feature","geometry":{"type":"Point","coordinates":[18.593705,49.949714]},"properties":{"lines":"B10, B11, B12, B13, B14, C10, C11, C12, C13, C15, C19, M10 +11","color":"#0059a9","mode":"bus","arr":["B10","B11","B12","B13","B14","C10","C11","C12","C13","C15","C19","M10","R10","R11","S10","S12","S12A","S14","S15","W09","W10","W11","W36"],"angle":-12.3}},{"type":"Feature","geometry":{"type":"Point","coordinates":[18.583874,49.947895]},"properties":{"lines":"B10, C12, C13, C18, M10, S12, S12A, S14, S16, W09, W11, W36","color":"#0059a9","mode":"bus","arr":["B10","C12","C13","C18","M10","S12","S12A","S14","S16","W09","W11","W36"],"angle":-42.3}},{"type":"Feature","geometry":{"type":"Point","coordinates":[18.580024,49.945653]},"properties":{"lines":"B10, C12, C13, C18, M10, S12, S12A, S14, S16, W09, W11, W36","color":"#0059a9","mode":"bus","arr":["B10","C12","C13","C18","M10","S12","S12A","S14","S16","W09","W11","W36"],"angle":-42.6,"extra":1}},{"type":"Feature","geometry":{"type":"Point","coordinates":[18.577946,49.944358]},"properties":{"lines":"B10, C12, C13, C16, C18, M10, S12, S12A, S14, S15, W09, W11, W36","color":"#0059a9","mode":"bus","arr":["B10","C12","C13","C16","C18","M10","S12","S12A","S14","S15","W09","W11","W36"],"angle":-42.5}},{"type":"Feature","geometry":{"type":"Point","coordinates":[18.574375,49.944051]},"properties":{"lines":"B10, C11, C12, C13, C14, C16, C18, M10, R10, R11, S11, S12 +6","color":"#0059a9","mode":"bus","arr":["B10","C11","C12","C13","C14","C16","C18","M10","R10","R11","S11","S12","S12A","S14","S15","W09","W11","W36"],"angle":5.3}},{"type":"Feature","geometry":{"type":"Point","coordinates":[18.572723,49.944095]},"properties":{"lines":"B10, C11, C12, C13, C16, C18, M10, R10, R11, S11, S12, S12A +5","color":"#0059a9","mode":"bus","arr":["B10","C11","C12","C13","C16","C18","M10","R10","R11","S11","S12","S12A","S14","S15","W09","W11","W36"],"angle":0.1}},{"type":"Feature","geometry":{"type":"Point","coordinates":[18.569686,49.943929]},"properties":{"lines":"B10, B11, C11, C12, C14, C16, C18, M10, S11, S13, W09, W36","color":"#0059a9","mode":"bus","arr":["B10","B11","C11","C12","C14","C16","C18","M10","S11","S13","W09","W36"],"angle":-3.8}},{"type":"Feature","geometry":{"type":"Point","coordinates":[18.566513,49.943782]},"properties":{"lines":"C11, C16, M10, S11, W09, W36","color":"#0059a9","mode":"bus","arr":["C11","C16","M10","S11","W09","W36"],"angle":-6.3}},{"type":"Feature","geometry":{"type":"Point","coordinates":[18.560711,49.942031]},"properties":{"lines":"B10, B11, C11, C16, C18, M10, S13, W09, W36","color":"#0059a9","mode":"bus","arr":["B10","B11","C11","C16","C18","M10","S13","W09","W36"],"angle":-5.2}},{"type":"Feature","geometry":{"type":"Point","coordinates":[18.552012,49.944402]},"properties":{"lines":"C12, C14, M10, W09, W36","color":"#0059a9","mode":"bus","arr":["C12","C14","M10","W09","W36"],"angle":-1.3}},{"type":"Feature","geometry":{"type":"Point","coordinates":[18.546376,49.943891]},"properties":{"lines":"C12, C14, M10, W09, W36","color":"#0059a9","mode":"bus","arr":["C12","C14","M10","W09","W36"],"angle":-15,"extra":1}},{"type":"Feature","geometry":{"type":"Point","coordinates":[18.547434,49.936886]},"properties":{"lines":"C12, C14, W36","color":"#0059a9","mode":"bus","arr":["C12","C14","W36"],"angle":75.9}},{"type":"Feature","geometry":{"type":"Point","coordinates":[18.546475,49.941237]},"properties":{"lines":"C12, C14, W36","color":"#0059a9","mode":"bus","arr":["C12","C14","W36"],"angle":85,"extra":1}},{"type":"Feature","geometry":{"type":"Point","coordinates":[18.547347,49.931759]},"properties":{"lines":"C12, C14, W36","color":"#0059a9","mode":"bus","arr":["C12","C14","W36"],"angle":-56.1,"extra":1}},{"type":"Feature","geometry":{"type":"Point","coordinates":[18.537243,49.90817]},"properties":{"lines":"W36","color":"#0059a9","mode":"bus","arr":["W36"],"angle":-87.2}},{"type":"Feature","geometry":{"type":"Point","coordinates":[18.54219,49.929572]},"properties":{"lines":"W36","color":"#0059a9","mode":"bus","arr":["W36"],"angle":-37.7,"extra":1}},{"type":"Feature","geometry":{"type":"Point","coordinates":[18.535233,49.927739]},"properties":{"lines":"W36","color":"#0059a9","mode":"bus","arr":["W36"],"angle":-33.8,"extra":1}},{"type":"Feature","geometry":{"type":"Point","coordinates":[18.531613,49.923937]},"properties":{"lines":"W36","color":"#0059a9","mode":"bus","arr":["W36"],"angle":71.3,"extra":1}},{"type":"Feature","geometry":{"type":"Point","coordinates":[18.533992,49.919232]},"properties":{"lines":"W36","color":"#0059a9","mode":"bus","arr":["W36"],"angle":80.8,"extra":1}},{"type":"Feature","geometry":{"type":"Point","coordinates":[18.536873,49.914752]},"properties":{"lines":"W36","color":"#0059a9","mode":"bus","arr":["W36"],"angle":67.3,"extra":1}},{"type":"Feature","geometry":{"type":"Point","coordinates":[18.52903,49.907218]},"properties":{"lines":"W36","color":"#0059a9","mode":"bus","arr":["W36"],"angle":-58,"extra":1}},{"type":"Feature","geometry":{"type":"Point","coordinates":[18.522603,49.908898]},"properties":{"lines":"W36","color":"#0059a9","mode":"bus","arr":["W36"],"angle":29.7,"extra":1}},{"type":"Feature","geometry":{"type":"Point","coordinates":[18.516381,49.911642]},"properties":{"lines":"W36","color":"#0059a9","mode":"bus","arr":["W36"],"angle":56.5,"extra":1}},{"type":"Feature","geometry":{"type":"Point","coordinates":[18.511047,49.913828]},"properties":{"lines":"W36","color":"#0059a9","mode":"bus","arr":["W36"],"angle":-24.9,"extra":1}},{"type":"Feature","geometry":{"type":"Point","coordinates":[18.503987,49.911905]},"properties":{"lines":"W36","color":"#0059a9","mode":"bus","arr":["W36"],"angle":-15.5,"extra":1}},{"type":"Feature","geometry":{"type":"Point","coordinates":[18.455444,49.935179]},"properties":{"lines":"W36","color":"#0059a9","mode":"bus","arr":["W36"],"angle":27.2}},{"type":"Feature","geometry":{"type":"Point","coordinates":[18.476148,49.92695]},"properties":{"lines":"W36","color":"#0059a9","mode":"bus","arr":["W36"],"angle":70.2,"extra":1}},{"type":"Feature","geometry":{"type":"Point","coordinates":[18.471233,49.929964]},"properties":{"lines":"W36","color":"#0059a9","mode":"bus","arr":["W36"],"angle":72.5,"extra":1}},{"type":"Feature","geometry":{"type":"Point","coordinates":[18.466119,49.933485]},"properties":{"lines":"W36","color":"#0059a9","mode":"bus","arr":["W36"],"angle":51.1,"extra":1}},{"type":"Feature","geometry":{"type":"Point","coordinates":[18.444132,49.935905]},"properties":{"lines":"W36","color":"#0059a9","mode":"bus","arr":["W36"],"angle":36.4,"extra":1}},{"type":"Feature","geometry":{"type":"Point","coordinates":[18.440894,49.940196]},"properties":{"lines":"W36","color":"#0059a9","mode":"bus","arr":["W36"],"angle":86.1,"extra":1}},{"type":"Feature","geometry":{"type":"Point","coordinates":[18.437144,49.943912]},"properties":{"lines":"W36","color":"#0059a9","mode":"bus","arr":["W36"],"angle":14.2,"extra":1}},{"type":"Feature","geometry":{"type":"Point","coordinates":[18.429836,49.944544]},"properties":{"lines":"W36","color":"#0059a9","mode":"bus","arr":["W36"],"angle":37.1,"extra":1}},{"type":"Feature","geometry":{"type":"Point","coordinates":[18.422811,49.946324]},"properties":{"lines":"W36","color":"#0059a9","mode":"bus","arr":["W36"],"angle":22.1,"extra":1}},{"type":"Feature","geometry":{"type":"Point","coordinates":[18.415587,49.947911]},"properties":{"lines":"W36","color":"#0059a9","mode":"bus","arr":["W36"],"angle":0.4,"extra":1}},{"type":"Feature","geometry":{"type":"Point","coordinates":[18.403561,49.950064]},"properties":{"lines":"W36","color":"#0059a9","mode":"bus","arr":["W36"],"angle":74.1}},{"type":"Feature","geometry":{"type":"Point","coordinates":[18.408369,49.947245]},"properties":{"lines":"W36","color":"#0059a9","mode":"bus","arr":["W36"],"angle":7,"extra":1}},{"type":"Feature","geometry":{"type":"Point","coordinates":[18.400538,49.955121]},"properties":{"lines":"W36","color":"#0059a9","mode":"bus","arr":["W36"],"angle":60.9,"extra":1}},{"type":"Feature","geometry":{"type":"Point","coordinates":[18.401173,49.959245]},"properties":{"lines":"W36","color":"#0059a9","mode":"bus","arr":["W36"],"angle":-86.8}},{"type":"Feature","geometry":{"type":"Point","coordinates":[18.397857,49.972524]},"properties":{"lines":"W36","color":"#0059a9","mode":"bus","arr":["W36"],"angle":-63.8}},{"type":"Feature","geometry":{"type":"Point","coordinates":[18.400125,49.96229]},"properties":{"lines":"W36","color":"#0059a9","mode":"bus","arr":["W36"],"angle":76.5,"extra":1}},{"type":"Feature","geometry":{"type":"Point","coordinates":[18.398322,49.967099]},"properties":{"lines":"W36","color":"#0059a9","mode":"bus","arr":["W36"],"angle":76.5,"extra":1}},{"type":"Feature","geometry":{"type":"Point","coordinates":[18.40095,49.976227]},"properties":{"lines":"W36","color":"#0059a9","mode":"bus","arr":["W36"],"angle":-53.4,"extra":1}},{"type":"Feature","geometry":{"type":"Point","coordinates":[18.404317,49.980565]},"properties":{"lines":"W36","color":"#0059a9","mode":"bus","arr":["W36"],"angle":-68.1,"extra":1}},{"type":"Feature","geometry":{"type":"Point","coordinates":[18.417433,49.985861]},"properties":{"lines":"W36","color":"#0059a9","mode":"bus","arr":["W36"],"angle":-11.6}},{"type":"Feature","geometry":{"type":"Point","coordinates":[18.408555,49.985125]},"properties":{"lines":"W36","color":"#0059a9","mode":"bus","arr":["W36"],"angle":-19.2,"extra":1}},{"type":"Feature","geometry":{"type":"Point","coordinates":[18.423752,49.986695]},"properties":{"lines":"W36","color":"#0059a9","mode":"bus","arr":["W36"],"angle":-2.6,"extra":1}},{"type":"Feature","geometry":{"type":"Point","coordinates":[18.446106,49.99647]},"properties":{"lines":"W36","color":"#0059a9","mode":"bus","arr":["W36"],"angle":-22.4}},{"type":"Feature","geometry":{"type":"Point","coordinates":[18.451377,49.996682]},"properties":{"lines":"W36","color":"#0059a9","mode":"bus","arr":["W36"],"angle":-37.4,"extra":1}},{"type":"Feature","geometry":{"type":"Point","coordinates":[18.486638,49.916023]},"properties":{"lines":"W36, W38","color":"#0059a9","mode":"bus","arr":["W36","W38"],"angle":42.3}},{"type":"Feature","geometry":{"type":"Point","coordinates":[18.497586,49.912191]},"properties":{"lines":"W36, W38","color":"#0059a9","mode":"bus","arr":["W36","W38"],"angle":15.7,"extra":1}},{"type":"Feature","geometry":{"type":"Point","coordinates":[18.490935,49.914578]},"properties":{"lines":"W36, W38","color":"#0059a9","mode":"bus","arr":["W36","W38"],"angle":30.7,"extra":1}},{"type":"Feature","geometry":{"type":"Point","coordinates":[18.479825,49.921142]},"properties":{"lines":"W36, W38","color":"#0059a9","mode":"bus","arr":["W36","W38"],"angle":63.1,"extra":1}},{"type":"Feature","geometry":{"type":"Point","coordinates":[18.433613,49.991149]},"properties":{"lines":"W36, W53","color":"#0059a9","mode":"bus","arr":["W36","W53"],"angle":-40.7}},{"type":"Feature","geometry":{"type":"Point","coordinates":[18.438685,49.992461]},"properties":{"lines":"W36, W53","color":"#0059a9","mode":"bus","arr":["W36","W53"],"angle":-27.5,"extra":1}},{"type":"Feature","geometry":{"type":"Point","coordinates":[18.461837,50.001113]},"properties":{"lines":"W36, W53","color":"#0059a9","mode":"bus","arr":["W36","W53"],"angle":-3.4}},{"type":"Feature","geometry":{"type":"Point","coordinates":[18.455876,49.999973]},"properties":{"lines":"W36, W52, W53","color":"#0059a9","mode":"bus","arr":["W36","W52","W53"],"angle":-37.5}},{"type":"Feature","geometry":{"type":"Point","coordinates":[18.45896,50.000716]},"properties":{"lines":"201, 202, 204, 207, 210, W36, W52, W53, W59","color":"#0059a9","mode":"bus","arr":["201","202","204","207","210","W36","W52","W53","W59"],"angle":16.6}},{"type":"Feature","geometry":{"type":"Point","coordinates":[18.466463,50.000951]},"properties":{"lines":"201, 202, 203, 204, 205, 206, 207, 208, 209, 210, W09, W10 +7","color":"#0059a9","mode":"bus","arr":["201","202","203","204","205","206","207","208","209","210","W09","W10","W11","W36","W41","W42","W50","W51","W52"],"angle":-20.1}},{"type":"Feature","geometry":{"type":"Point","coordinates":[18.468842,50.001325]},"properties":{"lines":"202, 203, 205, 206, 208, 209, W09, W10, W11, W36","color":"#0059a9","mode":"bus","arr":["202","203","205","206","208","209","W09","W10","W11","W36"],"angle":-32.6}},{"type":"Feature","geometry":{"type":"Point","coordinates":[18.470786,50.0023]},"properties":{"lines":"201, 202, 203, 205, 206, 208, 209, 210, W09, W10, W11, W36 +5","color":"#0059a9","mode":"bus","arr":["201","202","203","205","206","208","209","210","W09","W10","W11","W36","W41","W42","W50","W51","W52"],"angle":-45.9}},{"type":"Feature","geometry":{"type":"Point","coordinates":[18.472367,50.003814]},"properties":{"lines":"202, 203, 205, 206, 208, 209, 210, W10, W36","color":"#0059a9","mode":"bus","arr":["202","203","205","206","208","209","210","W10","W36"],"angle":-65.6}},{"type":"Feature","geometry":{"type":"Point","coordinates":[18.473636,50.005847]},"properties":{"lines":"202, 203, 205, 206, 207, 208, 209, 210, W10, W36","color":"#0059a9","mode":"bus","arr":["202","203","205","206","207","208","209","210","W10","W36"],"angle":-69.4}},{"type":"Feature","geometry":{"type":"Point","coordinates":[18.50322,49.907829]},"properties":{"lines":"W38","color":"#0059a9","mode":"bus","arr":["W38"],"angle":63.4}},{"type":"Feature","geometry":{"type":"Point","coordinates":[18.501366,49.911186]},"properties":{"lines":"W38","color":"#0059a9","mode":"bus","arr":["W38"],"angle":74.5,"extra":1}},{"type":"Feature","geometry":{"type":"Point","coordinates":[18.486808,49.936439]},"properties":{"lines":"W38","color":"#0059a9","mode":"bus","arr":["W38"],"angle":-82.3}},{"type":"Feature","geometry":{"type":"Point","coordinates":[18.481052,49.92634]},"properties":{"lines":"W38","color":"#0059a9","mode":"bus","arr":["W38"],"angle":-40.6,"extra":1}},{"type":"Feature","geometry":{"type":"Point","coordinates":[18.48622,49.929996]},"properties":{"lines":"W38","color":"#0059a9","mode":"bus","arr":["W38"],"angle":-52.1,"extra":1}},{"type":"Feature","geometry":{"type":"Point","coordinates":[18.487385,49.939712]},"properties":{"lines":"W38","color":"#0059a9","mode":"bus","arr":["W38"],"angle":-86.6,"extra":1}},{"type":"Feature","geometry":{"type":"Point","coordinates":[18.488554,49.944586]},"properties":{"lines":"W38","color":"#0059a9","mode":"bus","arr":["W38"],"angle":84.2,"extra":1}},{"type":"Feature","geometry":{"type":"Point","coordinates":[18.490122,49.949253]},"properties":{"lines":"W38","color":"#0059a9","mode":"bus","arr":["W38"],"angle":-59.4,"extra":1}},{"type":"Feature","geometry":{"type":"Point","coordinates":[18.495612,49.957247]},"properties":{"lines":"W38","color":"#0059a9","mode":"bus","arr":["W38"],"angle":-70.2,"extra":1}},{"type":"Feature","geometry":{"type":"Point","coordinates":[18.498263,49.961892]},"properties":{"lines":"W38","color":"#0059a9","mode":"bus","arr":["W38"],"angle":-69.5,"extra":1}},{"type":"Feature","geometry":{"type":"Point","coordinates":[18.502343,49.966004]},"properties":{"lines":"W38","color":"#0059a9","mode":"bus","arr":["W38"],"angle":-69.7,"extra":1}},{"type":"Feature","geometry":{"type":"Point","coordinates":[18.488224,49.951531]},"properties":{"lines":"W38","color":"#0059a9","mode":"bus","arr":["W38"],"angle":-79.7}},{"type":"Feature","geometry":{"type":"Point","coordinates":[18.484904,49.954973]},"properties":{"lines":"W38","color":"#0059a9","mode":"bus","arr":["W38"],"angle":26.4}},{"type":"Feature","geometry":{"type":"Point","coordinates":[18.479284,49.957503]},"properties":{"lines":"W38","color":"#0059a9","mode":"bus","arr":["W38"],"angle":34.4,"extra":1}},{"type":"Feature","geometry":{"type":"Point","coordinates":[18.491878,49.955193]},"properties":{"lines":"W38","color":"#0059a9","mode":"bus","arr":["W38"],"angle":-13,"extra":1}},{"type":"Feature","geometry":{"type":"Point","coordinates":[18.462786,49.99962]},"properties":{"lines":"W38","color":"#0059a9","mode":"bus","arr":["W38"],"angle":-17.7}},{"type":"Feature","geometry":{"type":"Point","coordinates":[18.502784,49.970105]},"properties":{"lines":"W38, W51","color":"#0059a9","mode":"bus","arr":["W38","W51"],"angle":82.2}},{"type":"Feature","geometry":{"type":"Point","coordinates":[18.500607,49.973947]},"properties":{"lines":"W38, W50, W51","color":"#0059a9","mode":"bus","arr":["W38","W50","W51"],"angle":66}},{"type":"Feature","geometry":{"type":"Point","coordinates":[18.501074,49.977818]},"properties":{"lines":"W09, W50","color":"#0059a9","mode":"bus","arr":["W09","W50"],"angle":-75.2}},{"type":"Feature","geometry":{"type":"Point","coordinates":[18.503991,49.981641]},"properties":{"lines":"W09, W38","color":"#0059a9","mode":"bus","arr":["W09","W38"],"angle":77.6}},{"type":"Feature","geometry":{"type":"Point","coordinates":[18.504379,49.984359]},"properties":{"lines":"W09, W38","color":"#0059a9","mode":"bus","arr":["W09","W38"],"angle":-73.1,"extra":1}},{"type":"Feature","geometry":{"type":"Point","coordinates":[18.49445,49.99048]},"properties":{"lines":"W09, W10, W38, W59","color":"#0059a9","mode":"bus","arr":["W09","W10","W38","W59"],"angle":31.6}},{"type":"Feature","geometry":{"type":"Point","coordinates":[18.502169,49.987452]},"properties":{"lines":"W09, W10, W38, W59","color":"#0059a9","mode":"bus","arr":["W09","W10","W38","W59"],"angle":31.3,"extra":1}},{"type":"Feature","geometry":{"type":"Point","coordinates":[18.489434,49.992983]},"properties":{"lines":"W09, W10, W38, W59","color":"#0059a9","mode":"bus","arr":["W09","W10","W38","W59"],"angle":40.8,"extra":1}},{"type":"Feature","geometry":{"type":"Point","coordinates":[18.472523,49.995038]},"properties":{"lines":"W38, W59","color":"#0059a9","mode":"bus","arr":["W38","W59"],"angle":-17.4}},{"type":"Feature","geometry":{"type":"Point","coordinates":[18.480662,49.995703]},"properties":{"lines":"W38, W59","color":"#0059a9","mode":"bus","arr":["W38","W59"],"angle":1.4,"extra":1}},{"type":"Feature","geometry":{"type":"Point","coordinates":[18.465655,49.995934]},"properties":{"lines":"W38, W59","color":"#0059a9","mode":"bus","arr":["W38","W59"],"angle":9.7,"extra":1}},{"type":"Feature","geometry":{"type":"Point","coordinates":[18.45981,49.996922]},"properties":{"lines":"W38, W50, W59","color":"#0059a9","mode":"bus","arr":["W38","W50","W59"],"angle":51}},{"type":"Feature","geometry":{"type":"Point","coordinates":[18.224549,50.09321]},"properties":{"lines":"W41","color":"#0059a9","mode":"bus","arr":["W41"],"angle":66.4}},{"type":"Feature","geometry":{"type":"Point","coordinates":[18.232554,50.09451]},"properties":{"lines":"W41","color":"#0059a9","mode":"bus","arr":["W41"],"angle":7.7}},{"type":"Feature","geometry":{"type":"Point","coordinates":[18.223782,50.095731]},"properties":{"lines":"W41","color":"#0059a9","mode":"bus","arr":["W41"],"angle":-8.8,"extra":1}},{"type":"Feature","geometry":{"type":"Point","coordinates":[18.238861,50.094272]},"properties":{"lines":"W41","color":"#0059a9","mode":"bus","arr":["W41"],"angle":13.3,"extra":1}},{"type":"Feature","geometry":{"type":"Point","coordinates":[18.281203,50.050616]},"properties":{"lines":"W41","color":"#0059a9","mode":"bus","arr":["W41"],"angle":55.8}},{"type":"Feature","geometry":{"type":"Point","coordinates":[18.24933,50.093046]},"properties":{"lines":"W41","color":"#0059a9","mode":"bus","arr":["W41"],"angle":8.9,"extra":1}},{"type":"Feature","geometry":{"type":"Point","coordinates":[18.256531,50.09177]},"properties":{"lines":"W41","color":"#0059a9","mode":"bus","arr":["W41"],"angle":54,"extra":1}},{"type":"Feature","geometry":{"type":"Point","coordinates":[18.258498,50.087182]},"properties":{"lines":"W41","color":"#0059a9","mode":"bus","arr":["W41"],"angle":82.3,"extra":1}},{"type":"Feature","geometry":{"type":"Point","coordinates":[18.257583,50.082289]},"properties":{"lines":"W41","color":"#0059a9","mode":"bus","arr":["W41"],"angle":-77.7,"extra":1}},{"type":"Feature","geometry":{"type":"Point","coordinates":[18.258027,50.077703]},"properties":{"lines":"W41","color":"#0059a9","mode":"bus","arr":["W41"],"angle":60.6,"extra":1}},{"type":"Feature","geometry":{"type":"Point","coordinates":[18.261678,50.073352]},"properties":{"lines":"W41","color":"#0059a9","mode":"bus","arr":["W41"],"angle":68,"extra":1}},{"type":"Feature","geometry":{"type":"Point","coordinates":[18.264529,50.068756]},"properties":{"lines":"W41","color":"#0059a9","mode":"bus","arr":["W41"],"angle":68.9,"extra":1}},{"type":"Feature","geometry":{"type":"Point","coordinates":[18.266788,50.06405]},"properties":{"lines":"W41","color":"#0059a9","mode":"bus","arr":["W41"],"angle":78.7,"extra":1}},{"type":"Feature","geometry":{"type":"Point","coordinates":[18.269251,50.059541]},"properties":{"lines":"W41","color":"#0059a9","mode":"bus","arr":["W41"],"angle":52.6,"extra":1}},{"type":"Feature","geometry":{"type":"Point","coordinates":[18.274853,50.056153]},"properties":{"lines":"W41","color":"#0059a9","mode":"bus","arr":["W41"],"angle":40.2,"extra":1}},{"type":"Feature","geometry":{"type":"Point","coordinates":[18.283839,50.048137]},"properties":{"lines":"W41","color":"#0059a9","mode":"bus","arr":["W41"],"angle":55.5,"extra":1}},{"type":"Feature","geometry":{"type":"Point","coordinates":[18.287292,50.043759]},"properties":{"lines":"W41","color":"#0059a9","mode":"bus","arr":["W41"],"angle":70.7,"extra":1}},{"type":"Feature","geometry":{"type":"Point","coordinates":[18.291485,50.039891]},"properties":{"lines":"W41","color":"#0059a9","mode":"bus","arr":["W41"],"angle":33.3,"extra":1}},{"type":"Feature","geometry":{"type":"Point","coordinates":[18.297724,50.036999]},"properties":{"lines":"W41","color":"#0059a9","mode":"bus","arr":["W41"],"angle":43.7,"extra":1}},{"type":"Feature","geometry":{"type":"Point","coordinates":[18.30286,50.036548]},"properties":{"lines":"W41","color":"#0059a9","mode":"bus","arr":["W41"],"angle":-53,"extra":1}},{"type":"Feature","geometry":{"type":"Point","coordinates":[18.308055,50.040119]},"properties":{"lines":"W41","color":"#0059a9","mode":"bus","arr":["W41"],"angle":-29.3,"extra":1}},{"type":"Feature","geometry":{"type":"Point","coordinates":[18.31273,50.036543]},"properties":{"lines":"W41","color":"#0059a9","mode":"bus","arr":["W41"],"angle":67.9,"extra":1}},{"type":"Feature","geometry":{"type":"Point","coordinates":[18.316197,50.032142]},"properties":{"lines":"W41","color":"#0059a9","mode":"bus","arr":["W41"],"angle":60.6,"extra":1}},{"type":"Feature","geometry":{"type":"Point","coordinates":[18.31994,50.027835]},"properties":{"lines":"W41","color":"#0059a9","mode":"bus","arr":["W41"],"angle":60.4,"extra":1}},{"type":"Feature","geometry":{"type":"Point","coordinates":[18.323748,50.023534]},"properties":{"lines":"W41","color":"#0059a9","mode":"bus","arr":["W41"],"angle":60.5,"extra":1}},{"type":"Feature","geometry":{"type":"Point","coordinates":[18.330421,50.02438]},"properties":{"lines":"W41","color":"#0059a9","mode":"bus","arr":["W41"],"angle":-21.4,"extra":1}},{"type":"Feature","geometry":{"type":"Point","coordinates":[18.352834,50.02013]},"properties":{"lines":"W41","color":"#0059a9","mode":"bus","arr":["W41"],"angle":9.3}},{"type":"Feature","geometry":{"type":"Point","coordinates":[18.337853,50.021957]},"properties":{"lines":"W41, W42","color":"#0059a9","mode":"bus","arr":["W41","W42"],"angle":40.8}},{"type":"Feature","geometry":{"type":"Point","coordinates":[18.341261,50.020096]},"properties":{"lines":"W41, W42","color":"#0059a9","mode":"bus","arr":["W41","W42"],"angle":40,"extra":1}},{"type":"Feature","geometry":{"type":"Point","coordinates":[18.361169,50.017218]},"properties":{"lines":"W41, W42","color":"#0059a9","mode":"bus","arr":["W41","W42"],"angle":29.5}},{"type":"Feature","geometry":{"type":"Point","coordinates":[18.391933,50.012502]},"properties":{"lines":"W41, W42","color":"#0059a9","mode":"bus","arr":["W41","W42"],"angle":5.6}},{"type":"Feature","geometry":{"type":"Point","coordinates":[18.380973,50.013195]},"properties":{"lines":"W41, W42","color":"#0059a9","mode":"bus","arr":["W41","W42"],"angle":5.8,"extra":1}},{"type":"Feature","geometry":{"type":"Point","coordinates":[18.396307,50.012151]},"properties":{"lines":"W41, W42","color":"#0059a9","mode":"bus","arr":["W41","W42"],"angle":8.1,"extra":1}},{"type":"Feature","geometry":{"type":"Point","coordinates":[18.403939,50.011447]},"properties":{"lines":"W41, W42","color":"#0059a9","mode":"bus","arr":["W41","W42"],"angle":7.8,"extra":1}},{"type":"Feature","geometry":{"type":"Point","coordinates":[18.371352,50.013886]},"properties":{"lines":"W41, W42, W52","color":"#0059a9","mode":"bus","arr":["W41","W42","W52"],"angle":12.8}},{"type":"Feature","geometry":{"type":"Point","coordinates":[18.37704,50.013445]},"properties":{"lines":"W41, W42, W52","color":"#0059a9","mode":"bus","arr":["W41","W42","W52"],"angle":4.8,"extra":1}},{"type":"Feature","geometry":{"type":"Point","coordinates":[18.411756,50.011794]},"properties":{"lines":"W41, W50","color":"#0059a9","mode":"bus","arr":["W41","W50"],"angle":-34.8}},{"type":"Feature","geometry":{"type":"Point","coordinates":[18.424965,50.012088]},"properties":{"lines":"201, 202, 204, 210, W41, W42, W50, W52","color":"#0059a9","mode":"bus","arr":["201","202","204","210","W41","W42","W50","W52"],"angle":-2.1}},{"type":"Feature","geometry":{"type":"Point","coordinates":[18.41654,50.013915]},"properties":{"lines":"201, 202, 204, 210, W41, W50, W52","color":"#0059a9","mode":"bus","arr":["201","202","204","210","W41","W50","W52"],"angle":29.3}},{"type":"Feature","geometry":{"type":"Point","coordinates":[18.434845,50.012299]},"properties":{"lines":"201, 202, 204, 210, W41, W42, W50","color":"#0059a9","mode":"bus","arr":["201","202","204","210","W41","W42","W50"],"angle":-0.8}},{"type":"Feature","geometry":{"type":"Point","coordinates":[18.442174,50.009309]},"properties":{"lines":"201, 202, 204, 210, W41, W42","color":"#0059a9","mode":"bus","arr":["201","202","204","210","W41","W42"],"angle":42}},{"type":"Feature","geometry":{"type":"Point","coordinates":[18.445507,50.007405]},"properties":{"lines":"201, 202, 204, 210, W41, W42","color":"#0059a9","mode":"bus","arr":["201","202","204","210","W41","W42"],"angle":41.7,"extra":1}},{"type":"Feature","geometry":{"type":"Point","coordinates":[18.453383,50.008031]},"properties":{"lines":"201, 202, 207, 210, W41, W42, W59","color":"#0059a9","mode":"bus","arr":["201","202","207","210","W41","W42","W59"],"angle":-22.3}},{"type":"Feature","geometry":{"type":"Point","coordinates":[18.458329,50.009309]},"properties":{"lines":"201, 202, 207, 210, W41, W42, W59","color":"#0059a9","mode":"bus","arr":["201","202","207","210","W41","W42","W59"],"angle":-21.6,"extra":1}},{"type":"Feature","geometry":{"type":"Point","coordinates":[18.461929,50.010194]},"properties":{"lines":"201, 205, 206, 207, 210, W41, W50, W51, W52","color":"#0059a9","mode":"bus","arr":["201","205","206","207","210","W41","W50","W51","W52"],"angle":-20.3}},{"type":"Feature","geometry":{"type":"Point","coordinates":[18.474637,50.012589]},"properties":{"lines":"W41, W52","color":"#0059a9","mode":"bus","arr":["W41","W52"],"angle":44.5}},{"type":"Feature","geometry":{"type":"Point","coordinates":[18.469487,50.012386]},"properties":{"lines":"202, W41, W52","color":"#0059a9","mode":"bus","arr":["202","W41","W52"],"angle":-8.3}},{"type":"Feature","geometry":{"type":"Point","coordinates":[18.47457,50.01196]},"properties":{"lines":"203, 208, 209, W10, W41, W52","color":"#0059a9","mode":"bus","arr":["203","208","209","W10","W41","W52"],"angle":-75.2}},{"type":"Feature","geometry":{"type":"Point","coordinates":[18.474921,50.009954]},"properties":{"lines":"201, 203, 208, 209, W10, W41, W52","color":"#0059a9","mode":"bus","arr":["201","203","208","209","W10","W41","W52"],"angle":69.1}},{"type":"Feature","geometry":{"type":"Point","coordinates":[18.473246,50.005354]},"properties":{"lines":"201, 207, W10, W41, W42, W50, W51, W52","color":"#0059a9","mode":"bus","arr":["201","207","W10","W41","W42","W50","W51","W52"],"angle":-68.5}},{"type":"Feature","geometry":{"type":"Point","coordinates":[18.468857,50.001405]},"properties":{"lines":"201, 203, 205, 206, 208, 209, 210, W09, W10, W11, W41, W42 +3","color":"#0059a9","mode":"bus","arr":["201","203","205","206","208","209","210","W09","W10","W11","W41","W42","W50","W51","W52"],"angle":-32.1}},{"type":"Feature","geometry":{"type":"Point","coordinates":[18.322447,50.009601]},"properties":{"lines":"W42","color":"#0059a9","mode":"bus","arr":["W42"],"angle":-54.5}},{"type":"Feature","geometry":{"type":"Point","coordinates":[18.28918,50.005494]},"properties":{"lines":"W42","color":"#0059a9","mode":"bus","arr":["W42"],"angle":-63.6,"extra":1}},{"type":"Feature","geometry":{"type":"Point","coordinates":[18.287618,50.000948]},"properties":{"lines":"W42","color":"#0059a9","mode":"bus","arr":["W42"],"angle":46.2,"extra":1}},{"type":"Feature","geometry":{"type":"Point","coordinates":[18.29238,49.99879]},"properties":{"lines":"W42","color":"#0059a9","mode":"bus","arr":["W42"],"angle":-36.7,"extra":1}},{"type":"Feature","geometry":{"type":"Point","coordinates":[18.297901,50.001227]},"properties":{"lines":"W42","color":"#0059a9","mode":"bus","arr":["W42"],"angle":-65.2,"extra":1}},{"type":"Feature","geometry":{"type":"Point","coordinates":[18.302893,50.003037]},"properties":{"lines":"W42","color":"#0059a9","mode":"bus","arr":["W42"],"angle":22.3,"extra":1}},{"type":"Feature","geometry":{"type":"Point","coordinates":[18.310116,50.00209]},"properties":{"lines":"W42","color":"#0059a9","mode":"bus","arr":["W42"],"angle":-21.7,"extra":1}},{"type":"Feature","geometry":{"type":"Point","coordinates":[18.316581,50.004323]},"properties":{"lines":"W42","color":"#0059a9","mode":"bus","arr":["W42"],"angle":-54,"extra":1}},{"type":"Feature","geometry":{"type":"Point","coordinates":[18.325563,50.012364]},"properties":{"lines":"W42","color":"#0059a9","mode":"bus","arr":["W42"],"angle":-53.4,"extra":1}},{"type":"Feature","geometry":{"type":"Point","coordinates":[18.32976,50.014221]},"properties":{"lines":"W42","color":"#0059a9","mode":"bus","arr":["W42"],"angle":72.8,"extra":1}},{"type":"Feature","geometry":{"type":"Point","coordinates":[18.332562,50.009651]},"properties":{"lines":"W42","color":"#0059a9","mode":"bus","arr":["W42"],"angle":57.7,"extra":1}},{"type":"Feature","geometry":{"type":"Point","coordinates":[18.338057,50.011743]},"properties":{"lines":"W42","color":"#0059a9","mode":"bus","arr":["W42"],"angle":60.2,"extra":1}},{"type":"Feature","geometry":{"type":"Point","coordinates":[18.341939,50.008195]},"properties":{"lines":"W42","color":"#0059a9","mode":"bus","arr":["W42"],"angle":40.2,"extra":1}},{"type":"Feature","geometry":{"type":"Point","coordinates":[18.346301,50.010196]},"properties":{"lines":"W42","color":"#0059a9","mode":"bus","arr":["W42"],"angle":-41.5,"extra":1}},{"type":"Feature","geometry":{"type":"Point","coordinates":[18.343899,50.014484]},"properties":{"lines":"W42","color":"#0059a9","mode":"bus","arr":["W42"],"angle":61.7,"extra":1}},{"type":"Feature","geometry":{"type":"Point","coordinates":[18.344431,50.01841]},"properties":{"lines":"W42","color":"#0059a9","mode":"bus","arr":["W42"],"angle":55.3,"extra":1}},{"type":"Feature","geometry":{"type":"Point","coordinates":[18.33888,50.02349]},"properties":{"lines":"W42","color":"#0059a9","mode":"bus","arr":["W42"],"angle":62.1}},{"type":"Feature","geometry":{"type":"Point","coordinates":[18.335805,50.026124]},"properties":{"lines":"W42","color":"#0059a9","mode":"bus","arr":["W42"],"angle":-7.6,"extra":1}},{"type":"Feature","geometry":{"type":"Point","coordinates":[18.352443,50.018832]},"properties":{"lines":"W42","color":"#0059a9","mode":"bus","arr":["W42"],"angle":10.2}},{"type":"Feature","geometry":{"type":"Point","coordinates":[18.412708,50.010002]},"properties":{"lines":"W42","color":"#0059a9","mode":"bus","arr":["W42"],"angle":-77.1}},{"type":"Feature","geometry":{"type":"Point","coordinates":[18.461365,50.005524]},"properties":{"lines":"W42","color":"#0059a9","mode":"bus","arr":["W42"],"angle":71.2}},{"type":"Feature","geometry":{"type":"Point","coordinates":[18.465067,50.004006]},"properties":{"lines":"W42","color":"#0059a9","mode":"bus","arr":["W42"],"angle":42.1,"extra":1}},{"type":"Feature","geometry":{"type":"Point","coordinates":[18.46938,50.005393]},"properties":{"lines":"W42","color":"#0059a9","mode":"bus","arr":["W42"],"angle":-44.2}},{"type":"Feature","geometry":{"type":"Point","coordinates":[18.409863,50.008441]},"properties":{"lines":"W42, W50","color":"#0059a9","mode":"bus","arr":["W42","W50"],"angle":81.1}},{"type":"Feature","geometry":{"type":"Point","coordinates":[18.472417,50.007636]},"properties":{"lines":"201, 202, 205, 206, 207, 210, W42, W50, W51","color":"#0059a9","mode":"bus","arr":["201","202","205","206","207","210","W42","W50","W51"],"angle":3.1}},{"type":"Feature","geometry":{"type":"Point","coordinates":[18.474278,50.007476]},"properties":{"lines":"201, 205, 206, 207, 210, W42, W50, W51","color":"#0059a9","mode":"bus","arr":["201","205","206","207","210","W42","W50","W51"],"angle":50.6}},{"type":"Feature","geometry":{"type":"Point","coordinates":[18.441049,50.015302]},"properties":{"lines":"W50","color":"#0059a9","mode":"bus","arr":["W50"],"angle":-14.2}},{"type":"Feature","geometry":{"type":"Point","coordinates":[18.477785,49.974714]},"properties":{"lines":"W50","color":"#0059a9","mode":"bus","arr":["W50"],"angle":63.2}},{"type":"Feature","geometry":{"type":"Point","coordinates":[18.463159,49.99442]},"properties":{"lines":"W50","color":"#0059a9","mode":"bus","arr":["W50"],"angle":52.8,"extra":1}},{"type":"Feature","geometry":{"type":"Point","coordinates":[18.466531,49.990189]},"properties":{"lines":"W50","color":"#0059a9","mode":"bus","arr":["W50"],"angle":43.5,"extra":1}},{"type":"Feature","geometry":{"type":"Point","coordinates":[18.470405,49.986004]},"properties":{"lines":"W50","color":"#0059a9","mode":"bus","arr":["W50"],"angle":50.2,"extra":1}},{"type":"Feature","geometry":{"type":"Point","coordinates":[18.473794,49.981627]},"properties":{"lines":"W50","color":"#0059a9","mode":"bus","arr":["W50"],"angle":72,"extra":1}},{"type":"Feature","geometry":{"type":"Point","coordinates":[18.484178,49.980387]},"properties":{"lines":"W50","color":"#0059a9","mode":"bus","arr":["W50"],"angle":-56.7,"extra":1}},{"type":"Feature","geometry":{"type":"Point","coordinates":[18.488387,49.984531]},"properties":{"lines":"W50","color":"#0059a9","mode":"bus","arr":["W50"],"angle":-56.8,"extra":1}},{"type":"Feature","geometry":{"type":"Point","coordinates":[18.493723,49.983516]},"properties":{"lines":"W50","color":"#0059a9","mode":"bus","arr":["W50"],"angle":51.9,"extra":1}},{"type":"Feature","geometry":{"type":"Point","coordinates":[18.498499,49.979634]},"properties":{"lines":"W50","color":"#0059a9","mode":"bus","arr":["W50"],"angle":47.5,"extra":1}},{"type":"Feature","geometry":{"type":"Point","coordinates":[18.452192,50.013364]},"properties":{"lines":"W50, W51, W59","color":"#0059a9","mode":"bus","arr":["W50","W51","W59"],"angle":-14.1}},{"type":"Feature","geometry":{"type":"Point","coordinates":[18.45958,50.012206]},"properties":{"lines":"205, 206, W50, W51, W52, W59","color":"#0059a9","mode":"bus","arr":["205","206","W50","W51","W52","W59"],"angle":80.9}},{"type":"Feature","geometry":{"type":"Point","coordinates":[18.459255,50.010007]},"properties":{"lines":"205, 206, W50, W51, W52","color":"#0059a9","mode":"bus","arr":["205","206","W50","W51","W52"],"angle":89.8}},{"type":"Feature","geometry":{"type":"Point","coordinates":[18.464944,50.010497]},"properties":{"lines":"201, 205, 206, 207, 210, W50, W51","color":"#0059a9","mode":"bus","arr":["201","205","206","207","210","W50","W51"],"angle":18}},{"type":"Feature","geometry":{"type":"Point","coordinates":[18.469111,50.010162]},"properties":{"lines":"201, 202, 205, 206, 207, 210, W50, W51","color":"#0059a9","mode":"bus","arr":["201","202","205","206","207","210","W50","W51"],"angle":20.7}},{"type":"Feature","geometry":{"type":"Point","coordinates":[18.39802,50.040493]},"properties":{"lines":"201, 202, 203, 204, 210, W51","color":"#0059a9","mode":"bus","arr":["201","202","203","204","210","W51"],"angle":-38}},{"type":"Feature","geometry":{"type":"Point","coordinates":[18.41643,50.04334]},"properties":{"lines":"203, 210, W51","color":"#0059a9","mode":"bus","arr":["203","210","W51"],"angle":3.2}},{"type":"Feature","geometry":{"type":"Point","coordinates":[18.407757,50.042738]},"properties":{"lines":"203, 210, W51","color":"#0059a9","mode":"bus","arr":["203","210","W51"],"angle":-11.2,"extra":1}},{"type":"Feature","geometry":{"type":"Point","coordinates":[18.422428,50.041882]},"properties":{"lines":"203, 210, W51","color":"#0059a9","mode":"bus","arr":["203","210","W51"],"angle":29.1,"extra":1}},{"type":"Feature","geometry":{"type":"Point","coordinates":[18.436263,50.028964]},"properties":{"lines":"W51","color":"#0059a9","mode":"bus","arr":["W51"],"angle":17.3}},{"type":"Feature","geometry":{"type":"Point","coordinates":[18.428069,50.038839]},"properties":{"lines":"W51","color":"#0059a9","mode":"bus","arr":["W51"],"angle":71,"extra":1}},{"type":"Feature","geometry":{"type":"Point","coordinates":[18.428122,50.034201]},"properties":{"lines":"W51","color":"#0059a9","mode":"bus","arr":["W51"],"angle":-83,"extra":1}},{"type":"Feature","geometry":{"type":"Point","coordinates":[18.430643,50.030156]},"properties":{"lines":"W51","color":"#0059a9","mode":"bus","arr":["W51"],"angle":57.4,"extra":1}},{"type":"Feature","geometry":{"type":"Point","coordinates":[18.444852,50.027178]},"properties":{"lines":"W51","color":"#0059a9","mode":"bus","arr":["W51"],"angle":24.8,"extra":1}},{"type":"Feature","geometry":{"type":"Point","coordinates":[18.451912,50.025225]},"properties":{"lines":"W51","color":"#0059a9","mode":"bus","arr":["W51"],"angle":20.6,"extra":1}},{"type":"Feature","geometry":{"type":"Point","coordinates":[18.458328,50.02289]},"properties":{"lines":"W51","color":"#0059a9","mode":"bus","arr":["W51"],"angle":20.7,"extra":1}},{"type":"Feature","geometry":{"type":"Point","coordinates":[18.482191,49.973205]},"properties":{"lines":"W51","color":"#0059a9","mode":"bus","arr":["W51"],"angle":22.7}},{"type":"Feature","geometry":{"type":"Point","coordinates":[18.464298,49.975682]},"properties":{"lines":"W51","color":"#0059a9","mode":"bus","arr":["W51"],"angle":15.4,"extra":1}},{"type":"Feature","geometry":{"type":"Point","coordinates":[18.471869,49.974775]},"properties":{"lines":"W51","color":"#0059a9","mode":"bus","arr":["W51"],"angle":5.4,"extra":1}},{"type":"Feature","geometry":{"type":"Point","coordinates":[18.486482,49.971999]},"properties":{"lines":"W51","color":"#0059a9","mode":"bus","arr":["W51"],"angle":23.6,"extra":1}},{"type":"Feature","geometry":{"type":"Point","coordinates":[18.493453,49.969942]},"properties":{"lines":"W51","color":"#0059a9","mode":"bus","arr":["W51"],"angle":36,"extra":1}},{"type":"Feature","geometry":{"type":"Point","coordinates":[18.500715,49.969418]},"properties":{"lines":"W51","color":"#0059a9","mode":"bus","arr":["W51"],"angle":-9.3,"extra":1}},{"type":"Feature","geometry":{"type":"Point","coordinates":[18.459216,50.022016]},"properties":{"lines":"205, 206, W51, W52, W59","color":"#0059a9","mode":"bus","arr":["205","206","W51","W52","W59"],"angle":-69.9}},{"type":"Feature","geometry":{"type":"Point","coordinates":[18.454096,50.018829]},"properties":{"lines":"W51, W59","color":"#0059a9","mode":"bus","arr":["W51","W59"],"angle":-40.7}},{"type":"Feature","geometry":{"type":"Point","coordinates":[18.450193,50.017162]},"properties":{"lines":"W51, W59","color":"#0059a9","mode":"bus","arr":["W51","W59"],"angle":-24.9,"extra":1}},{"type":"Feature","geometry":{"type":"Point","coordinates":[18.47561,50.012875]},"properties":{"lines":"W52","color":"#0059a9","mode":"bus","arr":["W52"],"angle":66.8}},{"type":"Feature","geometry":{"type":"Point","coordinates":[18.47043,50.022126]},"properties":{"lines":"W52","color":"#0059a9","mode":"bus","arr":["W52"],"angle":18.5}},{"type":"Feature","geometry":{"type":"Point","coordinates":[18.476924,50.020582]},"properties":{"lines":"W52","color":"#0059a9","mode":"bus","arr":["W52"],"angle":32.8,"extra":1}},{"type":"Feature","geometry":{"type":"Point","coordinates":[18.46214,50.022798]},"properties":{"lines":"W52","color":"#0059a9","mode":"bus","arr":["W52"],"angle":3.9,"extra":1}},{"type":"Feature","geometry":{"type":"Point","coordinates":[18.435885,50.007802]},"properties":{"lines":"W52","color":"#0059a9","mode":"bus","arr":["W52"],"angle":70.2}},{"type":"Feature","geometry":{"type":"Point","coordinates":[18.382985,50.027271]},"properties":{"lines":"W52","color":"#0059a9","mode":"bus","arr":["W52"],"angle":-86.8}},{"type":"Feature","geometry":{"type":"Point","coordinates":[18.391655,50.037449]},"properties":{"lines":"W52","color":"#0059a9","mode":"bus","arr":["W52"],"angle":-32.1,"extra":1}},{"type":"Feature","geometry":{"type":"Point","coordinates":[18.386213,50.034003]},"properties":{"lines":"W52","color":"#0059a9","mode":"bus","arr":["W52"],"angle":-44.5,"extra":1}},{"type":"Feature","geometry":{"type":"Point","coordinates":[18.383029,50.024573]},"properties":{"lines":"W52","color":"#0059a9","mode":"bus","arr":["W52"],"angle":89.7,"extra":1}},{"type":"Feature","geometry":{"type":"Point","coordinates":[18.381609,50.019734]},"properties":{"lines":"W52","color":"#0059a9","mode":"bus","arr":["W52"],"angle":-76,"extra":1}},{"type":"Feature","geometry":{"type":"Point","coordinates":[18.3784,50.015291]},"properties":{"lines":"W52","color":"#0059a9","mode":"bus","arr":["W52"],"angle":-61.2,"extra":1}},{"type":"Feature","geometry":{"type":"Point","coordinates":[18.477898,50.016318]},"properties":{"lines":"201, 202, 203, W10, W52","color":"#0059a9","mode":"bus","arr":["201","202","203","W10","W52"],"angle":-63.3}},{"type":"Feature","geometry":{"type":"Point","coordinates":[18.459165,50.017998]},"properties":{"lines":"205, 206, W52","color":"#0059a9","mode":"bus","arr":["205","206","W52"],"angle":-71.6}},{"type":"Feature","geometry":{"type":"Point","coordinates":[18.459458,50.014599]},"properties":{"lines":"205, 206, W52","color":"#0059a9","mode":"bus","arr":["205","206","W52"],"angle":-79.8,"extra":1}},{"type":"Feature","geometry":{"type":"Point","coordinates":[18.460629,50.000079]},"properties":{"lines":"201, 202, 204, 207, 210, W52","color":"#0059a9","mode":"bus","arr":["201","202","204","207","210","W52"],"angle":49.4}},{"type":"Feature","geometry":{"type":"Point","coordinates":[18.445152,50.000085]},"properties":{"lines":"W52, W53","color":"#0059a9","mode":"bus","arr":["W52","W53"],"angle":22}},{"type":"Feature","geometry":{"type":"Point","coordinates":[18.449685,49.999098]},"properties":{"lines":"W52, W53","color":"#0059a9","mode":"bus","arr":["W52","W53"],"angle":7,"extra":1}},{"type":"Feature","geometry":{"type":"Point","coordinates":[18.403151,50.026392]},"properties":{"lines":"201, 202, 204, 210, W52","color":"#0059a9","mode":"bus","arr":["201","202","204","210","W52"],"angle":61.9}},{"type":"Feature","geometry":{"type":"Point","coordinates":[18.412645,50.015781]},"properties":{"lines":"201, 202, 204, 210, W52","color":"#0059a9","mode":"bus","arr":["201","202","204","210","W52"],"angle":52.7,"extra":1}},{"type":"Feature","geometry":{"type":"Point","coordinates":[18.408778,50.020051]},"properties":{"lines":"201, 202, 204, 210, W52","color":"#0059a9","mode":"bus","arr":["201","202","204","210","W52"],"angle":61.1,"extra":1}},{"type":"Feature","geometry":{"type":"Point","coordinates":[18.398341,50.033261]},"properties":{"lines":"201, 202, 204, 210, W52","color":"#0059a9","mode":"bus","arr":["201","202","204","210","W52"],"angle":60,"extra":1}},{"type":"Feature","geometry":{"type":"Point","coordinates":[18.395669,50.037873]},"properties":{"lines":"201, 202, 204, 210, W52","color":"#0059a9","mode":"bus","arr":["201","202","204","210","W52"],"angle":68.6,"extra":1}},{"type":"Feature","geometry":{"type":"Point","coordinates":[18.443674,49.986041]},"properties":{"lines":"W53","color":"#0059a9","mode":"bus","arr":["W53"],"angle":56.4}},{"type":"Feature","geometry":{"type":"Point","coordinates":[18.448336,49.981605]},"properties":{"lines":"W53","color":"#0059a9","mode":"bus","arr":["W53"],"angle":60,"extra":1}},{"type":"Feature","geometry":{"type":"Point","coordinates":[18.440518,49.989621]},"properties":{"lines":"W53","color":"#0059a9","mode":"bus","arr":["W53"],"angle":-55.2,"extra":1}},{"type":"Feature","geometry":{"type":"Point","coordinates":[18.429156,49.996318]},"properties":{"lines":"W53","color":"#0059a9","mode":"bus","arr":["W53"],"angle":-24}},{"type":"Feature","geometry":{"type":"Point","coordinates":[18.425918,49.989701]},"properties":{"lines":"W53","color":"#0059a9","mode":"bus","arr":["W53"],"angle":72.7,"extra":1}},{"type":"Feature","geometry":{"type":"Point","coordinates":[18.424843,49.993972]},"properties":{"lines":"W53","color":"#0059a9","mode":"bus","arr":["W53"],"angle":-53.6,"extra":1}},{"type":"Feature","geometry":{"type":"Point","coordinates":[18.436972,49.998708]},"properties":{"lines":"W53","color":"#0059a9","mode":"bus","arr":["W53"],"angle":-49.9,"extra":1}},{"type":"Feature","geometry":{"type":"Point","coordinates":[18.437839,50.00283]},"properties":{"lines":"W53","color":"#0059a9","mode":"bus","arr":["W53"],"angle":-86.4,"extra":1}},{"type":"Feature","geometry":{"type":"Point","coordinates":[18.545874,49.96185]},"properties":{"lines":"W09, W59","color":"#0059a9","mode":"bus","arr":["W09","W59"],"angle":88.1}},{"type":"Feature","geometry":{"type":"Point","coordinates":[18.545964,49.964592]},"properties":{"lines":"W09, W59","color":"#0059a9","mode":"bus","arr":["W09","W59"],"angle":-86.3,"extra":1}},{"type":"Feature","geometry":{"type":"Point","coordinates":[18.543051,49.950672]},"properties":{"lines":"W09","color":"#0059a9","mode":"bus","arr":["W09"],"angle":86.7}},{"type":"Feature","geometry":{"type":"Point","coordinates":[18.545253,49.955029]},"properties":{"lines":"W09","color":"#0059a9","mode":"bus","arr":["W09"],"angle":-68.7,"extra":1}},{"type":"Feature","geometry":{"type":"Point","coordinates":[18.544587,49.945546]},"properties":{"lines":"W09","color":"#0059a9","mode":"bus","arr":["W09"],"angle":68.7,"extra":1}},{"type":"Feature","geometry":{"type":"Point","coordinates":[18.505601,49.985589]},"properties":{"lines":"W09","color":"#0059a9","mode":"bus","arr":["W09"],"angle":-5.9}},{"type":"Feature","geometry":{"type":"Point","coordinates":[18.526385,49.976471]},"properties":{"lines":"W09, W10, W59","color":"#0059a9","mode":"bus","arr":["W09","W10","W59"],"angle":13.4}},{"type":"Feature","geometry":{"type":"Point","coordinates":[18.542913,49.968119]},"properties":{"lines":"W09, W10, W59","color":"#0059a9","mode":"bus","arr":["W09","W10","W59"],"angle":37.3,"extra":1}},{"type":"Feature","geometry":{"type":"Point","coordinates":[18.536835,49.971148]},"properties":{"lines":"W09, W10, W59","color":"#0059a9","mode":"bus","arr":["W09","W10","W59"],"angle":38.6,"extra":1}},{"type":"Feature","geometry":{"type":"Point","coordinates":[18.531681,49.974703]},"properties":{"lines":"W09, W10, W59","color":"#0059a9","mode":"bus","arr":["W09","W10","W59"],"angle":37.8,"extra":1}},{"type":"Feature","geometry":{"type":"Point","coordinates":[18.517974,49.978933]},"properties":{"lines":"W09, W10, W59","color":"#0059a9","mode":"bus","arr":["W09","W10","W59"],"angle":26.8,"extra":1}},{"type":"Feature","geometry":{"type":"Point","coordinates":[18.512787,49.982521]},"properties":{"lines":"W09, W10, W59","color":"#0059a9","mode":"bus","arr":["W09","W10","W59"],"angle":47.3,"extra":1}},{"type":"Feature","geometry":{"type":"Point","coordinates":[18.506665,49.985502]},"properties":{"lines":"W09, W10, W59","color":"#0059a9","mode":"bus","arr":["W09","W10","W59"],"angle":34.1,"extra":1}},{"type":"Feature","geometry":{"type":"Point","coordinates":[18.505763,49.985903]},"properties":{"lines":"W10, W59","color":"#0059a9","mode":"bus","arr":["W10","W59"],"angle":35.3}},{"type":"Feature","geometry":{"type":"Point","coordinates":[18.453415,50.003779]},"properties":{"lines":"201, 202, 204, 207, 210, W59","color":"#0059a9","mode":"bus","arr":["201","202","204","207","210","W59"],"angle":39.6}},{"type":"Feature","geometry":{"type":"Point","coordinates":[18.449272,50.005474]},"properties":{"lines":"201, 202, 204, 207, 210, W59","color":"#0059a9","mode":"bus","arr":["201","202","204","207","210","W59"],"angle":31.7,"extra":1}},{"type":"Feature","geometry":{"type":"Point","coordinates":[18.461339,50.033719]},"properties":{"lines":"205, 206, W59","color":"#0059a9","mode":"bus","arr":["205","206","W59"],"angle":74.1}},{"type":"Feature","geometry":{"type":"Point","coordinates":[18.459633,50.02525]},"properties":{"lines":"205, 206, W59","color":"#0059a9","mode":"bus","arr":["205","206","W59"],"angle":62.9,"extra":1}},{"type":"Feature","geometry":{"type":"Point","coordinates":[18.461056,50.029971]},"properties":{"lines":"205, 206, W59","color":"#0059a9","mode":"bus","arr":["205","206","W59"],"angle":83.5,"extra":1}},{"type":"Feature","geometry":{"type":"Point","coordinates":[18.459718,50.039344]},"properties":{"lines":"205, 206, W59","color":"#0059a9","mode":"bus","arr":["205","206","W59"],"angle":64.3,"extra":1}},{"type":"Feature","geometry":{"type":"Point","coordinates":[18.456824,50.043735]},"properties":{"lines":"205, 206, W59","color":"#0059a9","mode":"bus","arr":["205","206","W59"],"angle":66.2,"extra":1}},{"type":"Feature","geometry":{"type":"Point","coordinates":[18.455737,50.045383]},"properties":{"lines":"205, 206","color":"#0059a9","mode":"bus","arr":["205","206"],"angle":67.8}},{"type":"Feature","geometry":{"type":"Point","coordinates":[18.458061,50.046717]},"properties":{"lines":"201, 202, 203","color":"#0059a9","mode":"bus","arr":["201","202","203"],"angle":-16.8}},{"type":"Feature","geometry":{"type":"Point","coordinates":[18.388184,50.046017]},"properties":{"lines":"201, 202, 203","color":"#0059a9","mode":"bus","arr":["201","202","203"],"angle":86.6}},{"type":"Feature","geometry":{"type":"Point","coordinates":[18.382118,50.051197]},"properties":{"lines":"201, 202, 203","color":"#0059a9","mode":"bus","arr":["201","202","203"],"angle":63.9,"extra":1}},{"type":"Feature","geometry":{"type":"Point","coordinates":[18.390031,50.043512]},"properties":{"lines":"201, 202, 203","color":"#0059a9","mode":"bus","arr":["201","202","203"],"angle":25.9,"extra":1}},{"type":"Feature","geometry":{"type":"Point","coordinates":[18.394362,50.041499]},"properties":{"lines":"201, 202, 203","color":"#0059a9","mode":"bus","arr":["201","202","203"],"angle":-73.9,"extra":1}},{"type":"Feature","geometry":{"type":"Point","coordinates":[18.468596,50.047889]},"properties":{"lines":"201, 202, 203, W59","color":"#0059a9","mode":"bus","arr":["201","202","203","W59"],"angle":-3.8}},{"type":"Feature","geometry":{"type":"Point","coordinates":[18.474714,50.011969]},"properties":{"lines":"201, 203, 208, 209, W10","color":"#0059a9","mode":"bus","arr":["201","203","208","209","W10"],"angle":-69.2}},{"type":"Feature","geometry":{"type":"Point","coordinates":[18.487218,50.028584]},"properties":{"lines":"201, 202, 203, W10","color":"#0059a9","mode":"bus","arr":["201","202","203","W10"],"angle":-63.9}},{"type":"Feature","geometry":{"type":"Point","coordinates":[18.481729,50.021361]},"properties":{"lines":"201, 202, 203, W10","color":"#0059a9","mode":"bus","arr":["201","202","203","W10"],"angle":-64,"extra":1}},{"type":"Feature","geometry":{"type":"Point","coordinates":[18.485112,50.025806]},"properties":{"lines":"201, 202, 203, W10","color":"#0059a9","mode":"bus","arr":["201","202","203","W10"],"angle":-63.9,"extra":1}},{"type":"Feature","geometry":{"type":"Point","coordinates":[18.491879,50.034695]},"properties":{"lines":"201, 202, 203, W10","color":"#0059a9","mode":"bus","arr":["201","202","203","W10"],"angle":-63.6,"extra":1}},{"type":"Feature","geometry":{"type":"Point","coordinates":[18.451308,50.050607]},"properties":{"lines":"201, 202, 205, 206, 210","color":"#0059a9","mode":"bus","arr":["201","202","205","206","210"],"angle":60.7}},{"type":"Feature","geometry":{"type":"Point","coordinates":[18.446898,50.0522]},"properties":{"lines":"201, 202, 205, 206, 210","color":"#0059a9","mode":"bus","arr":["201","202","205","206","210"],"angle":45.1,"extra":1}},{"type":"Feature","geometry":{"type":"Point","coordinates":[18.397135,50.059309]},"properties":{"lines":"201, 202","color":"#0059a9","mode":"bus","arr":["201","202"],"angle":-35.9}},{"type":"Feature","geometry":{"type":"Point","coordinates":[18.412506,50.057821]},"properties":{"lines":"201, 202","color":"#0059a9","mode":"bus","arr":["201","202"],"angle":-19.9,"extra":1}},{"type":"Feature","geometry":{"type":"Point","coordinates":[18.40485,50.058113]},"properties":{"lines":"201, 202","color":"#0059a9","mode":"bus","arr":["201","202"],"angle":7.2,"extra":1}},{"type":"Feature","geometry":{"type":"Point","coordinates":[18.391896,50.056471]},"properties":{"lines":"201, 202","color":"#0059a9","mode":"bus","arr":["201","202"],"angle":-27.6,"extra":1}},{"type":"Feature","geometry":{"type":"Point","coordinates":[18.384901,50.054394]},"properties":{"lines":"201, 202","color":"#0059a9","mode":"bus","arr":["201","202"],"angle":-24.3,"extra":1}},{"type":"Feature","geometry":{"type":"Point","coordinates":[18.465836,50.000181]},"properties":{"lines":"202, 203, 204, 205, 206, 207, 208, 209, W09, W10, W11","color":"#0059a9","mode":"bus","arr":["202","203","204","205","206","207","208","209","W09","W10","W11"],"angle":-29.3}},{"type":"Feature","geometry":{"type":"Point","coordinates":[18.462165,50.010333]},"properties":{"lines":"202, 205, 206, 207","color":"#0059a9","mode":"bus","arr":["202","205","206","207"],"angle":-20.6}},{"type":"Feature","geometry":{"type":"Point","coordinates":[18.474805,50.012875]},"properties":{"lines":"202","color":"#0059a9","mode":"bus","arr":["202"],"angle":-32.5}},{"type":"Feature","geometry":{"type":"Point","coordinates":[18.453566,50.008193]},"properties":{"lines":"202","color":"#0059a9","mode":"bus","arr":["202"],"angle":-22.1}},{"type":"Feature","geometry":{"type":"Point","coordinates":[18.447811,50.006564]},"properties":{"lines":"202, 207","color":"#0059a9","mode":"bus","arr":["202","207"],"angle":-44.3}},{"type":"Feature","geometry":{"type":"Point","coordinates":[18.441228,50.044409]},"properties":{"lines":"203, 210","color":"#0059a9","mode":"bus","arr":["203","210"],"angle":-20.5}},{"type":"Feature","geometry":{"type":"Point","coordinates":[18.431938,50.042155]},"properties":{"lines":"203, 210","color":"#0059a9","mode":"bus","arr":["203","210"],"angle":-20.5,"extra":1}},{"type":"Feature","geometry":{"type":"Point","coordinates":[18.446348,50.045674]},"properties":{"lines":"203, 210","color":"#0059a9","mode":"bus","arr":["203","210"],"angle":-27.4,"extra":1}},{"type":"Feature","geometry":{"type":"Point","coordinates":[18.453586,50.046889]},"properties":{"lines":"203, 210","color":"#0059a9","mode":"bus","arr":["203","210"],"angle":-13.3,"extra":1}},{"type":"Feature","geometry":{"type":"Point","coordinates":[18.430579,50.068604]},"properties":{"lines":"205","color":"#0059a9","mode":"bus","arr":["205"],"angle":14.1}},{"type":"Feature","geometry":{"type":"Point","coordinates":[18.426143,50.073438]},"properties":{"lines":"205","color":"#0059a9","mode":"bus","arr":["205"],"angle":81.6,"extra":1}},{"type":"Feature","geometry":{"type":"Point","coordinates":[18.436171,50.069253]},"properties":{"lines":"205","color":"#0059a9","mode":"bus","arr":["205"],"angle":-10.8,"extra":1}},{"type":"Feature","geometry":{"type":"Point","coordinates":[18.443332,50.070146]},"properties":{"lines":"205","color":"#0059a9","mode":"bus","arr":["205"],"angle":-66.1,"extra":1}},{"type":"Feature","geometry":{"type":"Point","coordinates":[18.455409,50.068917]},"properties":{"lines":"205","color":"#0059a9","mode":"bus","arr":["205"],"angle":-6.1}},{"type":"Feature","geometry":{"type":"Point","coordinates":[18.463865,50.069852]},"properties":{"lines":"205","color":"#0059a9","mode":"bus","arr":["205"],"angle":-18,"extra":1}},{"type":"Feature","geometry":{"type":"Point","coordinates":[18.448821,50.068946]},"properties":{"lines":"205","color":"#0059a9","mode":"bus","arr":["205"],"angle":26.4,"extra":1}},{"type":"Feature","geometry":{"type":"Point","coordinates":[18.463297,50.079797]},"properties":{"lines":"205","color":"#0059a9","mode":"bus","arr":["205"],"angle":-36.4}},{"type":"Feature","geometry":{"type":"Point","coordinates":[18.416555,50.065468]},"properties":{"lines":"205","color":"#0059a9","mode":"bus","arr":["205"],"angle":-15.2}},{"type":"Feature","geometry":{"type":"Point","coordinates":[18.431355,50.063921]},"properties":{"lines":"204","color":"#0059a9","mode":"bus","arr":["204"],"angle":-57.2}},{"type":"Feature","geometry":{"type":"Point","coordinates":[18.432032,50.066669]},"properties":{"lines":"204","color":"#0059a9","mode":"bus","arr":["204"],"angle":63.4,"extra":1}},{"type":"Feature","geometry":{"type":"Point","coordinates":[18.523394,50.017441]},"properties":{"lines":"207, 208","color":"#0059a9","mode":"bus","arr":["207","208"],"angle":-30.5}},{"type":"Feature","geometry":{"type":"Point","coordinates":[18.528352,50.017795]},"properties":{"lines":"207, 208","color":"#0059a9","mode":"bus","arr":["207","208"],"angle":-1.2,"extra":1}},{"type":"Feature","geometry":{"type":"Point","coordinates":[18.529517,50.008698]},"properties":{"lines":"207","color":"#0059a9","mode":"bus","arr":["207"],"angle":-62.1}},{"type":"Feature","geometry":{"type":"Point","coordinates":[18.529554,50.015514]},"properties":{"lines":"207","color":"#0059a9","mode":"bus","arr":["207"],"angle":73,"extra":1}},{"type":"Feature","geometry":{"type":"Point","coordinates":[18.523731,50.002764]},"properties":{"lines":"207","color":"#0059a9","mode":"bus","arr":["207"],"angle":-44.8,"extra":1}},{"type":"Feature","geometry":{"type":"Point","coordinates":[18.475662,50.003281]},"properties":{"lines":"207","color":"#0059a9","mode":"bus","arr":["207"],"angle":24.6}},{"type":"Feature","geometry":{"type":"Point","coordinates":[18.497331,50.005332]},"properties":{"lines":"207, W11","color":"#0059a9","mode":"bus","arr":["207","W11"],"angle":28.9}},{"type":"Feature","geometry":{"type":"Point","coordinates":[18.479629,50.003743]},"properties":{"lines":"207, W11","color":"#0059a9","mode":"bus","arr":["207","W11"],"angle":-51.8,"extra":1}},{"type":"Feature","geometry":{"type":"Point","coordinates":[18.48518,50.005135]},"properties":{"lines":"207, W11","color":"#0059a9","mode":"bus","arr":["207","W11"],"angle":-77,"extra":1}},{"type":"Feature","geometry":{"type":"Point","coordinates":[18.490662,50.007333]},"properties":{"lines":"207, W11","color":"#0059a9","mode":"bus","arr":["207","W11"],"angle":24.2,"extra":1}},{"type":"Feature","geometry":{"type":"Point","coordinates":[18.504645,50.003295]},"properties":{"lines":"207, W11","color":"#0059a9","mode":"bus","arr":["207","W11"],"angle":24.3,"extra":1}},{"type":"Feature","geometry":{"type":"Point","coordinates":[18.512129,50.002142]},"properties":{"lines":"207, W11","color":"#0059a9","mode":"bus","arr":["207","W11"],"angle":9.8,"extra":1}},{"type":"Feature","geometry":{"type":"Point","coordinates":[18.519591,50.001006]},"properties":{"lines":"207, W11","color":"#0059a9","mode":"bus","arr":["207","W11"],"angle":14.7,"extra":1}},{"type":"Feature","geometry":{"type":"Point","coordinates":[18.475281,50.002452]},"properties":{"lines":"207, W09, W10, W11","color":"#0059a9","mode":"bus","arr":["207","W09","W10","W11"],"angle":23.8}},{"type":"Feature","geometry":{"type":"Point","coordinates":[18.541544,49.996515]},"properties":{"lines":"W11","color":"#0059a9","mode":"bus","arr":["W11"],"angle":37.3}},{"type":"Feature","geometry":{"type":"Point","coordinates":[18.52588,49.999198]},"properties":{"lines":"W11","color":"#0059a9","mode":"bus","arr":["W11"],"angle":36,"extra":1}},{"type":"Feature","geometry":{"type":"Point","coordinates":[18.533267,49.998146]},"properties":{"lines":"W11","color":"#0059a9","mode":"bus","arr":["W11"],"angle":-8.5,"extra":1}},{"type":"Feature","geometry":{"type":"Point","coordinates":[18.5461,49.993995]},"properties":{"lines":"W11","color":"#0059a9","mode":"bus","arr":["W11"],"angle":43,"extra":1}},{"type":"Feature","geometry":{"type":"Point","coordinates":[18.552533,49.991283]},"properties":{"lines":"W11","color":"#0059a9","mode":"bus","arr":["W11"],"angle":34.5,"extra":1}},{"type":"Feature","geometry":{"type":"Point","coordinates":[18.580944,49.986015]},"properties":{"lines":"W11","color":"#0059a9","mode":"bus","arr":["W11"],"angle":4.4}},{"type":"Feature","geometry":{"type":"Point","coordinates":[18.601025,49.987824]},"properties":{"lines":"W11","color":"#0059a9","mode":"bus","arr":["W11"],"angle":19.8,"extra":1}},{"type":"Feature","geometry":{"type":"Point","coordinates":[18.593482,49.987392]},"properties":{"lines":"W11","color":"#0059a9","mode":"bus","arr":["W11"],"angle":-13.3,"extra":1}},{"type":"Feature","geometry":{"type":"Point","coordinates":[18.58685,49.985397]},"properties":{"lines":"W11","color":"#0059a9","mode":"bus","arr":["W11"],"angle":0.3,"extra":1}},{"type":"Feature","geometry":{"type":"Point","coordinates":[18.572983,49.987186]},"properties":{"lines":"W11","color":"#0059a9","mode":"bus","arr":["W11"],"angle":-73.3,"extra":1}},{"type":"Feature","geometry":{"type":"Point","coordinates":[18.569856,49.98273]},"properties":{"lines":"W11","color":"#0059a9","mode":"bus","arr":["W11"],"angle":-39.9,"extra":1}},{"type":"Feature","geometry":{"type":"Point","coordinates":[18.563724,49.97975]},"properties":{"lines":"W11","color":"#0059a9","mode":"bus","arr":["W11"],"angle":-32.9,"extra":1}},{"type":"Feature","geometry":{"type":"Point","coordinates":[18.559858,49.983915]},"properties":{"lines":"W11","color":"#0059a9","mode":"bus","arr":["W11"],"angle":70.4}},{"type":"Feature","geometry":{"type":"Point","coordinates":[18.5794,50.019919]},"properties":{"lines":"208","color":"#0059a9","mode":"bus","arr":["208"],"angle":-44}},{"type":"Feature","geometry":{"type":"Point","coordinates":[18.553641,50.014934]},"properties":{"lines":"208","color":"#0059a9","mode":"bus","arr":["208"],"angle":3}},{"type":"Feature","geometry":{"type":"Point","coordinates":[18.573305,50.017979]},"properties":{"lines":"208","color":"#0059a9","mode":"bus","arr":["208"],"angle":4.2,"extra":1}},{"type":"Feature","geometry":{"type":"Point","coordinates":[18.565808,50.016906]},"properties":{"lines":"208","color":"#0059a9","mode":"bus","arr":["208"],"angle":-10.9,"extra":1}},{"type":"Feature","geometry":{"type":"Point","coordinates":[18.55831,50.016233]},"properties":{"lines":"208","color":"#0059a9","mode":"bus","arr":["208"],"angle":-42.3,"extra":1}},{"type":"Feature","geometry":{"type":"Point","coordinates":[18.543907,50.015519]},"properties":{"lines":"208","color":"#0059a9","mode":"bus","arr":["208"],"angle":6.2,"extra":1}},{"type":"Feature","geometry":{"type":"Point","coordinates":[18.536569,50.016359]},"properties":{"lines":"208","color":"#0059a9","mode":"bus","arr":["208"],"angle":27.1,"extra":1}},{"type":"Feature","geometry":{"type":"Point","coordinates":[18.475501,50.012523]},"properties":{"lines":"208, 209","color":"#0059a9","mode":"bus","arr":["208","209"],"angle":-23}},{"type":"Feature","geometry":{"type":"Point","coordinates":[18.728657,50.166019]},"properties":{"lines":"300, 301, 304","color":"#0059a9","mode":"bus","arr":["300","301","304"],"angle":14.5}},{"type":"Feature","geometry":{"type":"Point","coordinates":[18.734942,50.165747]},"properties":{"lines":"300, 301, 304","color":"#0059a9","mode":"bus","arr":["300","301","304"],"angle":0.4,"extra":1}},{"type":"Feature","geometry":{"type":"Point","coordinates":[18.720336,50.167167]},"properties":{"lines":"300, 301, 304","color":"#0059a9","mode":"bus","arr":["300","301","304"],"angle":20.1,"extra":1}},{"type":"Feature","geometry":{"type":"Point","coordinates":[18.707349,50.169361]},"properties":{"lines":"300, 301, 304","color":"#0059a9","mode":"bus","arr":["300","301","304"],"angle":17.4}},{"type":"Feature","geometry":{"type":"Point","coordinates":[18.715319,50.168081]},"properties":{"lines":"300, 301, 304","color":"#0059a9","mode":"bus","arr":["300","301","304"],"angle":16.7}},{"type":"Feature","geometry":{"type":"Point","coordinates":[18.677005,50.174924]},"properties":{"lines":"301, 304","color":"#0059a9","mode":"bus","arr":["301","304"],"angle":1.7}},{"type":"Feature","geometry":{"type":"Point","coordinates":[18.700162,50.170784]},"properties":{"lines":"301, 304","color":"#0059a9","mode":"bus","arr":["301","304"],"angle":17,"extra":1}},{"type":"Feature","geometry":{"type":"Point","coordinates":[18.6928,50.172255]},"properties":{"lines":"301, 304","color":"#0059a9","mode":"bus","arr":["301","304"],"angle":16.9,"extra":1}},{"type":"Feature","geometry":{"type":"Point","coordinates":[18.685437,50.173721]},"properties":{"lines":"301, 304","color":"#0059a9","mode":"bus","arr":["301","304"],"angle":16.6,"extra":1}},{"type":"Feature","geometry":{"type":"Point","coordinates":[18.676151,50.170832]},"properties":{"lines":"301, 304","color":"#0059a9","mode":"bus","arr":["301","304"],"angle":-87.1,"extra":1}},{"type":"Feature","geometry":{"type":"Point","coordinates":[18.675684,50.165896]},"properties":{"lines":"301, 304","color":"#0059a9","mode":"bus","arr":["301","304"],"angle":-86.5,"extra":1}},{"type":"Feature","geometry":{"type":"Point","coordinates":[18.674312,50.161518]},"properties":{"lines":"301, 304","color":"#0059a9","mode":"bus","arr":["301","304"],"angle":-5,"extra":1}},{"type":"Feature","geometry":{"type":"Point","coordinates":[18.651371,50.128835]},"properties":{"lines":"301, 304","color":"#0059a9","mode":"bus","arr":["301","304"],"angle":48.1}},{"type":"Feature","geometry":{"type":"Point","coordinates":[18.647635,50.130936]},"properties":{"lines":"301, 304","color":"#0059a9","mode":"bus","arr":["301","304"],"angle":41,"extra":1}},{"type":"Feature","geometry":{"type":"Point","coordinates":[18.694492,50.15717]},"properties":{"lines":"300","color":"#0059a9","mode":"bus","arr":["300"],"angle":-46.6}},{"type":"Feature","geometry":{"type":"Point","coordinates":[18.703164,50.167632]},"properties":{"lines":"300","color":"#0059a9","mode":"bus","arr":["300"],"angle":-79.1,"extra":1}},{"type":"Feature","geometry":{"type":"Point","coordinates":[18.699837,50.163256]},"properties":{"lines":"300","color":"#0059a9","mode":"bus","arr":["300"],"angle":-56.8,"extra":1}},{"type":"Feature","geometry":{"type":"Point","coordinates":[18.684348,50.153737]},"properties":{"lines":"300","color":"#0059a9","mode":"bus","arr":["300"],"angle":-29.5,"extra":1}},{"type":"Feature","geometry":{"type":"Point","coordinates":[18.679263,50.150239]},"properties":{"lines":"300","color":"#0059a9","mode":"bus","arr":["300"],"angle":-72.5,"extra":1}},{"type":"Feature","geometry":{"type":"Point","coordinates":[18.674534,50.146945]},"properties":{"lines":"300, 301, 302, 304, 305","color":"#0059a9","mode":"bus","arr":["300","301","302","304","305"],"angle":-33.1}},{"type":"Feature","geometry":{"type":"Point","coordinates":[18.669186,50.137565]},"properties":{"lines":"300, 302, 304, 305","color":"#0059a9","mode":"bus","arr":["300","302","304","305"],"angle":88.8}},{"type":"Feature","geometry":{"type":"Point","coordinates":[18.6703,50.143198]},"properties":{"lines":"300, 302, 304, 305","color":"#0059a9","mode":"bus","arr":["300","302","304","305"],"angle":-79.2,"extra":1}},{"type":"Feature","geometry":{"type":"Point","coordinates":[18.670213,50.133465]},"properties":{"lines":"300, 302, 304, 305","color":"#0059a9","mode":"bus","arr":["300","302","304","305"],"angle":77.1,"extra":1}},{"type":"Feature","geometry":{"type":"Point","coordinates":[18.664154,50.127408]},"properties":{"lines":"300, 302, 304, 306","color":"#0059a9","mode":"bus","arr":["300","302","304","306"],"angle":-19.6}},{"type":"Feature","geometry":{"type":"Point","coordinates":[18.658536,50.126135]},"properties":{"lines":"300, 302, 304, 306","color":"#0059a9","mode":"bus","arr":["300","302","304","306"],"angle":-19.5,"extra":1}},{"type":"Feature","geometry":{"type":"Point","coordinates":[18.672995,50.129506]},"properties":{"lines":"300, 302, 304, 306","color":"#0059a9","mode":"bus","arr":["300","302","304","306"],"angle":-24.1,"extra":1}},{"type":"Feature","geometry":{"type":"Point","coordinates":[18.624865,50.121193]},"properties":{"lines":"300, 301, 302, 306","color":"#0059a9","mode":"bus","arr":["300","301","302","306"],"angle":24.3}},{"type":"Feature","geometry":{"type":"Point","coordinates":[18.651269,50.12448]},"properties":{"lines":"300, 301, 302, 306","color":"#0059a9","mode":"bus","arr":["300","301","302","306"],"angle":-19.5,"extra":1}},{"type":"Feature","geometry":{"type":"Point","coordinates":[18.643998,50.122833]},"properties":{"lines":"300, 301, 302, 306","color":"#0059a9","mode":"bus","arr":["300","301","302","306"],"angle":-19.5,"extra":1}},{"type":"Feature","geometry":{"type":"Point","coordinates":[18.636668,50.121371]},"properties":{"lines":"300, 301, 302, 306","color":"#0059a9","mode":"bus","arr":["300","301","302","306"],"angle":2.4,"extra":1}},{"type":"Feature","geometry":{"type":"Point","coordinates":[18.629228,50.120586]},"properties":{"lines":"300, 301, 302, 306","color":"#0059a9","mode":"bus","arr":["300","301","302","306"],"angle":1.9,"extra":1}},{"type":"Feature","geometry":{"type":"Point","coordinates":[18.614221,50.121045]},"properties":{"lines":"300, 301, 302, 306","color":"#0059a9","mode":"bus","arr":["300","301","302","306"],"angle":-22.9,"extra":1}},{"type":"Feature","geometry":{"type":"Point","coordinates":[18.607293,50.118887]},"properties":{"lines":"300, 301, 302, 306","color":"#0059a9","mode":"bus","arr":["300","301","302","306"],"angle":-16.5,"extra":1}},{"type":"Feature","geometry":{"type":"Point","coordinates":[18.599846,50.117605]},"properties":{"lines":"300, 301, 302, 306","color":"#0059a9","mode":"bus","arr":["300","301","302","306"],"angle":-14.7,"extra":1}},{"type":"Feature","geometry":{"type":"Point","coordinates":[18.56028,50.097938]},"properties":{"lines":"300, 301, 302, 306","color":"#0059a9","mode":"bus","arr":["300","301","302","306"],"angle":-78.4}},{"type":"Feature","geometry":{"type":"Point","coordinates":[18.683114,50.077977]},"properties":{"lines":"305, 306","color":"#0059a9","mode":"bus","arr":["305","306"],"angle":78.9}},{"type":"Feature","geometry":{"type":"Point","coordinates":[18.688069,50.05351]},"properties":{"lines":"305, 306","color":"#0059a9","mode":"bus","arr":["305","306"],"angle":-71.6,"extra":1}},{"type":"Feature","geometry":{"type":"Point","coordinates":[18.687906,50.060317]},"properties":{"lines":"305, 306","color":"#0059a9","mode":"bus","arr":["305","306"],"angle":-83.2,"extra":1}},{"type":"Feature","geometry":{"type":"Point","coordinates":[18.689605,50.065]},"properties":{"lines":"305, 306","color":"#0059a9","mode":"bus","arr":["305","306"],"angle":82.7,"extra":1}},{"type":"Feature","geometry":{"type":"Point","coordinates":[18.688666,50.069909]},"properties":{"lines":"305, 306","color":"#0059a9","mode":"bus","arr":["305","306"],"angle":84.7,"extra":1}},{"type":"Feature","geometry":{"type":"Point","coordinates":[18.685268,50.073993]},"properties":{"lines":"305, 306","color":"#0059a9","mode":"bus","arr":["305","306"],"angle":61.3,"extra":1}},{"type":"Feature","geometry":{"type":"Point","coordinates":[18.682187,50.083583]},"properties":{"lines":"305, 306","color":"#0059a9","mode":"bus","arr":["305","306"],"angle":88.3,"extra":1}},{"type":"Feature","geometry":{"type":"Point","coordinates":[18.682574,50.088514]},"properties":{"lines":"305, 306","color":"#0059a9","mode":"bus","arr":["305","306"],"angle":-85.8,"extra":1}},{"type":"Feature","geometry":{"type":"Point","coordinates":[18.683139,50.093421]},"properties":{"lines":"305, 306","color":"#0059a9","mode":"bus","arr":["305","306"],"angle":69.9,"extra":1}},{"type":"Feature","geometry":{"type":"Point","coordinates":[18.681256,50.098191]},"properties":{"lines":"305, 306","color":"#0059a9","mode":"bus","arr":["305","306"],"angle":84.5,"extra":1}},{"type":"Feature","geometry":{"type":"Point","coordinates":[18.702965,50.097494]},"properties":{"lines":"305, 306","color":"#0059a9","mode":"bus","arr":["305","306"],"angle":8.7}},{"type":"Feature","geometry":{"type":"Point","coordinates":[18.684638,50.097666]},"properties":{"lines":"305, 306","color":"#0059a9","mode":"bus","arr":["305","306"],"angle":13.2,"extra":1}},{"type":"Feature","geometry":{"type":"Point","coordinates":[18.692336,50.097703]},"properties":{"lines":"305, 306","color":"#0059a9","mode":"bus","arr":["305","306"],"angle":-7.1,"extra":1}},{"type":"Feature","geometry":{"type":"Point","coordinates":[18.707535,50.097888]},"properties":{"lines":"305, 306","color":"#0059a9","mode":"bus","arr":["305","306"],"angle":-9.8,"extra":1}},{"type":"Feature","geometry":{"type":"Point","coordinates":[18.715131,50.098738]},"properties":{"lines":"305, 306","color":"#0059a9","mode":"bus","arr":["305","306"],"angle":-10,"extra":1}},{"type":"Feature","geometry":{"type":"Point","coordinates":[18.72277,50.098731]},"properties":{"lines":"305, 306","color":"#0059a9","mode":"bus","arr":["305","306"],"angle":5.2,"extra":1}},{"type":"Feature","geometry":{"type":"Point","coordinates":[18.710909,50.120083]},"properties":{"lines":"305, 306","color":"#0059a9","mode":"bus","arr":["305","306"],"angle":73.4}},{"type":"Feature","geometry":{"type":"Point","coordinates":[18.677158,50.13052]},"properties":{"lines":"305, 306","color":"#0059a9","mode":"bus","arr":["305","306"],"angle":-1.7,"extra":1}},{"type":"Feature","geometry":{"type":"Point","coordinates":[18.687055,50.130532]},"properties":{"lines":"305, 306","color":"#0059a9","mode":"bus","arr":["305","306"],"angle":3.4,"extra":1}},{"type":"Feature","geometry":{"type":"Point","coordinates":[18.694236,50.131797]},"properties":{"lines":"305, 306","color":"#0059a9","mode":"bus","arr":["305","306"],"angle":-10,"extra":1}},{"type":"Feature","geometry":{"type":"Point","coordinates":[18.701916,50.131445]},"properties":{"lines":"305, 306","color":"#0059a9","mode":"bus","arr":["305","306"],"angle":4.4,"extra":1}},{"type":"Feature","geometry":{"type":"Point","coordinates":[18.709488,50.130663]},"properties":{"lines":"305, 306","color":"#0059a9","mode":"bus","arr":["305","306"],"angle":5.3,"extra":1}},{"type":"Feature","geometry":{"type":"Point","coordinates":[18.709515,50.126317]},"properties":{"lines":"305, 306","color":"#0059a9","mode":"bus","arr":["305","306"],"angle":-87.1,"extra":1}},{"type":"Feature","geometry":{"type":"Point","coordinates":[18.713958,50.11712]},"properties":{"lines":"305, 306","color":"#0059a9","mode":"bus","arr":["305","306"],"angle":54.5,"extra":1}},{"type":"Feature","geometry":{"type":"Point","coordinates":[18.71617,50.112418]},"properties":{"lines":"305, 306","color":"#0059a9","mode":"bus","arr":["305","306"],"angle":80.5,"extra":1}},{"type":"Feature","geometry":{"type":"Point","coordinates":[18.71681,50.107502]},"properties":{"lines":"305, 306","color":"#0059a9","mode":"bus","arr":["305","306"],"angle":79.7,"extra":1}},{"type":"Feature","geometry":{"type":"Point","coordinates":[18.720438,50.103235]},"properties":{"lines":"305, 306","color":"#0059a9","mode":"bus","arr":["305","306"],"angle":54.2,"extra":1}},{"type":"Feature","geometry":{"type":"Point","coordinates":[18.724796,50.099161]},"properties":{"lines":"305, 306","color":"#0059a9","mode":"bus","arr":["305","306"],"angle":41.2,"extra":1}},{"type":"Feature","geometry":{"type":"Point","coordinates":[18.731146,50.101399]},"properties":{"lines":"305, 306","color":"#0059a9","mode":"bus","arr":["305","306"],"angle":-21.1,"extra":1}},{"type":"Feature","geometry":{"type":"Point","coordinates":[18.680714,50.099691]},"properties":{"lines":"305, 306","color":"#0059a9","mode":"bus","arr":["305","306"],"angle":3.4}},{"type":"Feature","geometry":{"type":"Point","coordinates":[18.668835,50.153793]},"properties":{"lines":"301, 302, 304, 305","color":"#0059a9","mode":"bus","arr":["301","302","304","305"],"angle":-5.8}},{"type":"Feature","geometry":{"type":"Point","coordinates":[18.662484,50.156638]},"properties":{"lines":"301, 302, 304, 305","color":"#0059a9","mode":"bus","arr":["301","302","304","305"],"angle":-76.6,"extra":1}},{"type":"Feature","geometry":{"type":"Point","coordinates":[18.674359,50.152617]},"properties":{"lines":"301, 302, 304, 305","color":"#0059a9","mode":"bus","arr":["301","302","304","305"],"angle":58.2,"extra":1}},{"type":"Feature","geometry":{"type":"Point","coordinates":[18.663698,50.159321]},"properties":{"lines":"301, 302, 303, 304, 305, 309","color":"#0059a9","mode":"bus","arr":["301","302","303","304","305","309"],"angle":-80.9}},{"type":"Feature","geometry":{"type":"Point","coordinates":[18.663681,50.161796]},"properties":{"lines":"301, 303, 304, 305, 309","color":"#0059a9","mode":"bus","arr":["301","303","304","305","309"],"angle":88.6}},{"type":"Feature","geometry":{"type":"Point","coordinates":[18.667347,50.162402]},"properties":{"lines":"301, 303, 304, 305, 309","color":"#0059a9","mode":"bus","arr":["301","303","304","305","309"],"angle":55}},{"type":"Feature","geometry":{"type":"Point","coordinates":[18.665715,50.159454]},"properties":{"lines":"302, 303, 305, 309","color":"#0059a9","mode":"bus","arr":["302","303","305","309"],"angle":-20.5}},{"type":"Feature","geometry":{"type":"Point","coordinates":[18.631156,50.137954]},"properties":{"lines":"304, 309","color":"#0059a9","mode":"bus","arr":["304","309"],"angle":45.4}},{"type":"Feature","geometry":{"type":"Point","coordinates":[18.723238,50.129854]},"properties":{"lines":"305","color":"#0059a9","mode":"bus","arr":["305"],"angle":7}},{"type":"Feature","geometry":{"type":"Point","coordinates":[18.714261,50.130697]},"properties":{"lines":"305","color":"#0059a9","mode":"bus","arr":["305"],"angle":2,"extra":1}},{"type":"Feature","geometry":{"type":"Point","coordinates":[18.729472,50.12924]},"properties":{"lines":"305","color":"#0059a9","mode":"bus","arr":["305"],"angle":7.7,"extra":1}},{"type":"Feature","geometry":{"type":"Point","coordinates":[18.69117,49.964011]},"properties":{"lines":"307, B10, B12, L-1, L-4","color":"#0059a9","mode":"bus","arr":["307","B10","B12","L-1","L-4"],"angle":67.9}},{"type":"Feature","geometry":{"type":"Point","coordinates":[18.693003,49.960972]},"properties":{"lines":"307, B10, B12, L-1","color":"#0059a9","mode":"bus","arr":["307","B10","B12","L-1"],"angle":71.7}},{"type":"Feature","geometry":{"type":"Point","coordinates":[18.694295,49.958579]},"properties":{"lines":"307, B10, B11, B12, L-1","color":"#0059a9","mode":"bus","arr":["307","B10","B11","B12","L-1"],"angle":-1.9}},{"type":"Feature","geometry":{"type":"Point","coordinates":[18.699099,49.958932]},"properties":{"lines":"307, B10, B11, B12, L-1","color":"#0059a9","mode":"bus","arr":["307","B10","B11","B12","L-1"],"angle":-10}},{"type":"Feature","geometry":{"type":"Point","coordinates":[18.711031,49.960292]},"properties":{"lines":"307, B10, B11, B12, L-1, L-4, L-6","color":"#0059a9","mode":"bus","arr":["307","B10","B11","B12","L-1","L-4","L-6"],"angle":-10.5}},{"type":"Feature","geometry":{"type":"Point","coordinates":[18.715692,49.960911]},"properties":{"lines":"307, B10, B11, B12, L-1, L-4, L-6","color":"#0059a9","mode":"bus","arr":["307","B10","B11","B12","L-1","L-4","L-6"],"angle":-12.5,"extra":1}},{"type":"Feature","geometry":{"type":"Point","coordinates":[18.718173,49.962122]},"properties":{"lines":"307, B10, B11, B12, L-1, L-2, L-4, L-5, L-6","color":"#0059a9","mode":"bus","arr":["307","B10","B11","B12","L-1","L-2","L-4","L-5","L-6"],"angle":-83.8}},{"type":"Feature","geometry":{"type":"Point","coordinates":[18.718288,49.963897]},"properties":{"lines":"307, B10, B11, B12, L-1, L-2, L-3, L-4, L-5, L-6, L-7","color":"#0059a9","mode":"bus","arr":["307","B10","B11","B12","L-1","L-2","L-3","L-4","L-5","L-6","L-7"],"angle":59.7}},{"type":"Feature","geometry":{"type":"Point","coordinates":[18.718314,49.963191]},"properties":{"lines":"307, B10, B11, B12, L-1, L-2, L-4, L-5, L-6, L-7","color":"#0059a9","mode":"bus","arr":["307","B10","B11","B12","L-1","L-2","L-4","L-5","L-6","L-7"],"angle":89.2}},{"type":"Feature","geometry":{"type":"Point","coordinates":[18.717544,49.964225]},"properties":{"lines":"307, B10, B11, B12, L-6","color":"#0059a9","mode":"bus","arr":["307","B10","B11","B12","L-6"],"angle":-68.7}},{"type":"Feature","geometry":{"type":"Point","coordinates":[18.718148,49.965837]},"properties":{"lines":"307, L-3, L-4","color":"#0059a9","mode":"bus","arr":["307","L-3","L-4"],"angle":-89.6}},{"type":"Feature","geometry":{"type":"Point","coordinates":[18.759529,49.988356]},"properties":{"lines":"L-3","color":"#0059a9","mode":"bus","arr":["L-3"],"angle":-70.9}},{"type":"Feature","geometry":{"type":"Point","coordinates":[18.722718,49.968347]},"properties":{"lines":"L-3","color":"#0059a9","mode":"bus","arr":["L-3"],"angle":-25.5,"extra":1}},{"type":"Feature","geometry":{"type":"Point","coordinates":[18.72919,49.968448]},"properties":{"lines":"L-3","color":"#0059a9","mode":"bus","arr":["L-3"],"angle":-22.8,"extra":1}},{"type":"Feature","geometry":{"type":"Point","coordinates":[18.735994,49.970509]},"properties":{"lines":"L-3","color":"#0059a9","mode":"bus","arr":["L-3"],"angle":-43.2,"extra":1}},{"type":"Feature","geometry":{"type":"Point","coordinates":[18.741313,49.973969]},"properties":{"lines":"L-3","color":"#0059a9","mode":"bus","arr":["L-3"],"angle":-15.8,"extra":1}},{"type":"Feature","geometry":{"type":"Point","coordinates":[18.746552,49.976831]},"properties":{"lines":"L-3","color":"#0059a9","mode":"bus","arr":["L-3"],"angle":-69.5,"extra":1}},{"type":"Feature","geometry":{"type":"Point","coordinates":[18.751893,49.979283]},"properties":{"lines":"L-3","color":"#0059a9","mode":"bus","arr":["L-3"],"angle":-7.3,"extra":1}},{"type":"Feature","geometry":{"type":"Point","coordinates":[18.757539,49.982239]},"properties":{"lines":"L-3","color":"#0059a9","mode":"bus","arr":["L-3"],"angle":-46.3,"extra":1}},{"type":"Feature","geometry":{"type":"Point","coordinates":[18.760416,49.995038]},"properties":{"lines":"L-3","color":"#0059a9","mode":"bus","arr":["L-3"],"angle":89.7,"extra":1}},{"type":"Feature","geometry":{"type":"Point","coordinates":[18.753322,49.995624]},"properties":{"lines":"L-3","color":"#0059a9","mode":"bus","arr":["L-3"],"angle":-1.2,"extra":1}},{"type":"Feature","geometry":{"type":"Point","coordinates":[18.745685,49.996184]},"properties":{"lines":"L-3","color":"#0059a9","mode":"bus","arr":["L-3"],"angle":10.2,"extra":1}},{"type":"Feature","geometry":{"type":"Point","coordinates":[18.738135,49.995987]},"properties":{"lines":"L-3","color":"#0059a9","mode":"bus","arr":["L-3"],"angle":-16,"extra":1}},{"type":"Feature","geometry":{"type":"Point","coordinates":[18.730987,49.994175]},"properties":{"lines":"L-3","color":"#0059a9","mode":"bus","arr":["L-3"],"angle":-25.5,"extra":1}},{"type":"Feature","geometry":{"type":"Point","coordinates":[18.723937,49.992218]},"properties":{"lines":"L-3","color":"#0059a9","mode":"bus","arr":["L-3"],"angle":-17.7,"extra":1}},{"type":"Feature","geometry":{"type":"Point","coordinates":[18.716267,49.991949]},"properties":{"lines":"L-3","color":"#0059a9","mode":"bus","arr":["L-3"],"angle":0.7,"extra":1}},{"type":"Feature","geometry":{"type":"Point","coordinates":[18.716093,49.979785]},"properties":{"lines":"307, L-4","color":"#0059a9","mode":"bus","arr":["307","L-4"],"angle":75.6}},{"type":"Feature","geometry":{"type":"Point","coordinates":[18.717918,49.969327]},"properties":{"lines":"307, L-4","color":"#0059a9","mode":"bus","arr":["307","L-4"],"angle":74.9,"extra":1}},{"type":"Feature","geometry":{"type":"Point","coordinates":[18.717057,49.974238]},"properties":{"lines":"307, L-4","color":"#0059a9","mode":"bus","arr":["307","L-4"],"angle":84.9,"extra":1}},{"type":"Feature","geometry":{"type":"Point","coordinates":[18.714014,49.983869]},"properties":{"lines":"307, L-4","color":"#0059a9","mode":"bus","arr":["307","L-4"],"angle":79.3,"extra":1}},{"type":"Feature","geometry":{"type":"Point","coordinates":[18.712565,49.988727]},"properties":{"lines":"307, L-4","color":"#0059a9","mode":"bus","arr":["307","L-4"],"angle":79.1,"extra":1}},{"type":"Feature","geometry":{"type":"Point","coordinates":[18.715964,49.979748]},"properties":{"lines":"307, L-4","color":"#0059a9","mode":"bus","arr":["307","L-4"],"angle":76.1}},{"type":"Feature","geometry":{"type":"Point","coordinates":[18.712046,49.989966]},"properties":{"lines":"307, L-4","color":"#0059a9","mode":"bus","arr":["307","L-4"],"angle":78.9,"extra":1}},{"type":"Feature","geometry":{"type":"Point","coordinates":[18.713504,49.985109]},"properties":{"lines":"307, L-4","color":"#0059a9","mode":"bus","arr":["307","L-4"],"angle":79.3,"extra":1}},{"type":"Feature","geometry":{"type":"Point","coordinates":[18.716708,49.975492]},"properties":{"lines":"307, L-4","color":"#0059a9","mode":"bus","arr":["307","L-4"],"angle":84.9,"extra":1}},{"type":"Feature","geometry":{"type":"Point","coordinates":[18.717457,49.97057]},"properties":{"lines":"307, L-4","color":"#0059a9","mode":"bus","arr":["307","L-4"],"angle":84.2,"extra":1}},{"type":"Feature","geometry":{"type":"Point","coordinates":[18.70968,50.007354]},"properties":{"lines":"307","color":"#0059a9","mode":"bus","arr":["307"],"angle":81.9}},{"type":"Feature","geometry":{"type":"Point","coordinates":[18.711586,49.994881]},"properties":{"lines":"307","color":"#0059a9","mode":"bus","arr":["307"],"angle":-89.9,"extra":1}},{"type":"Feature","geometry":{"type":"Point","coordinates":[18.71137,49.99982]},"properties":{"lines":"307","color":"#0059a9","mode":"bus","arr":["307"],"angle":81.8,"extra":1}},{"type":"Feature","geometry":{"type":"Point","coordinates":[18.70808,50.014508]},"properties":{"lines":"307","color":"#0059a9","mode":"bus","arr":["307"],"angle":82.2,"extra":1}},{"type":"Feature","geometry":{"type":"Point","coordinates":[18.707614,50.019434]},"properties":{"lines":"307","color":"#0059a9","mode":"bus","arr":["307"],"angle":-89.1,"extra":1}},{"type":"Feature","geometry":{"type":"Point","coordinates":[18.709522,50.007405]},"properties":{"lines":"307","color":"#0059a9","mode":"bus","arr":["307"],"angle":81.3}},{"type":"Feature","geometry":{"type":"Point","coordinates":[18.707482,50.019822]},"properties":{"lines":"307","color":"#0059a9","mode":"bus","arr":["307"],"angle":-89.1,"extra":1}},{"type":"Feature","geometry":{"type":"Point","coordinates":[18.707853,50.014894]},"properties":{"lines":"307","color":"#0059a9","mode":"bus","arr":["307"],"angle":81.6,"extra":1}},{"type":"Feature","geometry":{"type":"Point","coordinates":[18.708891,50.010111]},"properties":{"lines":"307","color":"#0059a9","mode":"bus","arr":["307"],"angle":81.8,"extra":1}},{"type":"Feature","geometry":{"type":"Point","coordinates":[18.711115,50.000322]},"properties":{"lines":"307","color":"#0059a9","mode":"bus","arr":["307"],"angle":81.7,"extra":1}},{"type":"Feature","geometry":{"type":"Point","coordinates":[18.711413,49.995389]},"properties":{"lines":"307","color":"#0059a9","mode":"bus","arr":["307"],"angle":89.5,"extra":1}},{"type":"Feature","geometry":{"type":"Point","coordinates":[18.694165,49.963083]},"properties":{"lines":"L-4","color":"#0059a9","mode":"bus","arr":["L-4"],"angle":-8.2}},{"type":"Feature","geometry":{"type":"Point","coordinates":[18.699882,49.963615]},"properties":{"lines":"L-4","color":"#0059a9","mode":"bus","arr":["L-4"],"angle":-8}},{"type":"Feature","geometry":{"type":"Point","coordinates":[18.692756,49.988068]},"properties":{"lines":"L-4","color":"#0059a9","mode":"bus","arr":["L-4"],"angle":-50.4}},{"type":"Feature","geometry":{"type":"Point","coordinates":[18.707687,49.992291]},"properties":{"lines":"L-4","color":"#0059a9","mode":"bus","arr":["L-4"],"angle":2.3,"extra":1}},{"type":"Feature","geometry":{"type":"Point","coordinates":[18.700129,49.991517]},"properties":{"lines":"L-4","color":"#0059a9","mode":"bus","arr":["L-4"],"angle":-27.4,"extra":1}},{"type":"Feature","geometry":{"type":"Point","coordinates":[18.689,49.984963]},"properties":{"lines":"L-4","color":"#0059a9","mode":"bus","arr":["L-4"],"angle":-59.2,"extra":1}},{"type":"Feature","geometry":{"type":"Point","coordinates":[18.682193,49.983238]},"properties":{"lines":"L-4","color":"#0059a9","mode":"bus","arr":["L-4"],"angle":-13,"extra":1}},{"type":"Feature","geometry":{"type":"Point","coordinates":[18.675017,49.983923]},"properties":{"lines":"L-4","color":"#0059a9","mode":"bus","arr":["L-4"],"angle":72}},{"type":"Feature","geometry":{"type":"Point","coordinates":[18.669419,49.985686]},"properties":{"lines":"L-4","color":"#0059a9","mode":"bus","arr":["L-4"],"angle":23.6}},{"type":"Feature","geometry":{"type":"Point","coordinates":[18.782529,50.048188]},"properties":{"lines":"308","color":"#0059a9","mode":"bus","arr":["308"],"angle":-17.4}},{"type":"Feature","geometry":{"type":"Point","coordinates":[18.777543,50.043249]},"properties":{"lines":"308","color":"#0059a9","mode":"bus","arr":["308"],"angle":-69,"extra":1}},{"type":"Feature","geometry":{"type":"Point","coordinates":[18.783578,50.041858]},"properties":{"lines":"308","color":"#0059a9","mode":"bus","arr":["308"],"angle":84.8,"extra":1}},{"type":"Feature","geometry":{"type":"Point","coordinates":[18.786428,50.03852]},"properties":{"lines":"308","color":"#0059a9","mode":"bus","arr":["308"],"angle":25.5}},{"type":"Feature","geometry":{"type":"Point","coordinates":[18.77388,50.033859]},"properties":{"lines":"308","color":"#0059a9","mode":"bus","arr":["308"],"angle":16.8}},{"type":"Feature","geometry":{"type":"Point","coordinates":[18.788024,50.035597]},"properties":{"lines":"308","color":"#0059a9","mode":"bus","arr":["308"],"angle":-71.6,"extra":1}},{"type":"Feature","geometry":{"type":"Point","coordinates":[18.784865,50.031226]},"properties":{"lines":"308","color":"#0059a9","mode":"bus","arr":["308"],"angle":-48.9,"extra":1}},{"type":"Feature","geometry":{"type":"Point","coordinates":[18.777843,50.03287]},"properties":{"lines":"308","color":"#0059a9","mode":"bus","arr":["308"],"angle":22.2,"extra":1}},{"type":"Feature","geometry":{"type":"Point","coordinates":[18.763125,50.035715]},"properties":{"lines":"308","color":"#0059a9","mode":"bus","arr":["308"],"angle":4,"extra":1}},{"type":"Feature","geometry":{"type":"Point","coordinates":[18.75551,50.036347]},"properties":{"lines":"308","color":"#0059a9","mode":"bus","arr":["308"],"angle":17.3,"extra":1}},{"type":"Feature","geometry":{"type":"Point","coordinates":[18.704171,50.046734]},"properties":{"lines":"308","color":"#0059a9","mode":"bus","arr":["308"],"angle":57.5}},{"type":"Feature","geometry":{"type":"Point","coordinates":[18.639638,50.148134]},"properties":{"lines":"309","color":"#0059a9","mode":"bus","arr":["309"],"angle":73.3}},{"type":"Feature","geometry":{"type":"Point","coordinates":[18.645357,50.133828]},"properties":{"lines":"309","color":"#0059a9","mode":"bus","arr":["309"],"angle":84.1,"extra":1}},{"type":"Feature","geometry":{"type":"Point","coordinates":[18.645621,50.138311]},"properties":{"lines":"309","color":"#0059a9","mode":"bus","arr":["309"],"angle":-88.4,"extra":1}},{"type":"Feature","geometry":{"type":"Point","coordinates":[18.641474,50.142292]},"properties":{"lines":"309","color":"#0059a9","mode":"bus","arr":["309"],"angle":38,"extra":1}},{"type":"Feature","geometry":{"type":"Point","coordinates":[18.637163,50.151286]},"properties":{"lines":"309","color":"#0059a9","mode":"bus","arr":["309"],"angle":60.8,"extra":1}},{"type":"Feature","geometry":{"type":"Point","coordinates":[18.640167,50.15455]},"properties":{"lines":"309","color":"#0059a9","mode":"bus","arr":["309"],"angle":-23.3,"extra":1}},{"type":"Feature","geometry":{"type":"Point","coordinates":[18.647638,50.155725]},"properties":{"lines":"309","color":"#0059a9","mode":"bus","arr":["309"],"angle":-10.7,"extra":1}},{"type":"Feature","geometry":{"type":"Point","coordinates":[18.655215,50.156643]},"properties":{"lines":"309","color":"#0059a9","mode":"bus","arr":["309"],"angle":-1,"extra":1}},{"type":"Feature","geometry":{"type":"Point","coordinates":[18.658952,50.15868]},"properties":{"lines":"309","color":"#0059a9","mode":"bus","arr":["309"],"angle":-10.5}},{"type":"Feature","geometry":{"type":"Point","coordinates":[18.561802,49.946225]},"properties":{"lines":"B10, B11, C11, C12, C14, C16, C18, S13","color":"#0059a9","mode":"bus","arr":["B10","B11","C11","C12","C14","C16","C18","S13"],"angle":-22.3}},{"type":"Feature","geometry":{"type":"Point","coordinates":[18.557614,49.944777]},"properties":{"lines":"B10, B11, C11, C12, C14, C16, C18, S13","color":"#0059a9","mode":"bus","arr":["B10","B11","C11","C12","C14","C16","C18","S13"],"angle":-89,"extra":1}},{"type":"Feature","geometry":{"type":"Point","coordinates":[18.573081,49.945249]},"properties":{"lines":"B10, B11, B13, B14, C11, C12, C13, C14, C18, M10, R10, R11 +8","color":"#0059a9","mode":"bus","arr":["B10","B11","B13","B14","C11","C12","C13","C14","C18","M10","R10","R11","S11","S12","S12A","S13","S14","S15","W09","W11"],"angle":-54.5}},{"type":"Feature","geometry":{"type":"Point","coordinates":[18.572729,49.944018]},"properties":{"lines":"B10, C13, C14, C18, M10, R10, R11, S11, S12, S12A, S14, S15, W09, W11","color":"#0059a9","mode":"bus","arr":["B10","C13","C14","C18","M10","R10","R11","S11","S12","S12A","S14","S15","W09","W11"],"angle":-10}},{"type":"Feature","geometry":{"type":"Point","coordinates":[18.576132,49.943901]},"properties":{"lines":"B10, C11, C13, C14, C18, M10, R10, R11, S11, S12, S12A, S14 +3","color":"#0059a9","mode":"bus","arr":["B10","C11","C13","C14","C18","M10","R10","R11","S11","S12","S12A","S14","S15","W09","W11"],"angle":6.2}},{"type":"Feature","geometry":{"type":"Point","coordinates":[18.578134,49.94434]},"properties":{"lines":"B10, C11, C13, C14, C18, M10, R10, R11, S12, S12A, S14, S15, W09, W11","color":"#0059a9","mode":"bus","arr":["B10","C11","C13","C14","C18","M10","R10","R11","S12","S12A","S14","S15","W09","W11"],"angle":-44}},{"type":"Feature","geometry":{"type":"Point","coordinates":[18.583943,49.947797]},"properties":{"lines":"B10, C13, C14, C18, M10, R10, R11, S12, S12A, S14, S16, W09, W11","color":"#0059a9","mode":"bus","arr":["B10","C13","C14","C18","M10","R10","R11","S12","S12A","S14","S16","W09","W11"],"angle":-41.7}},{"type":"Feature","geometry":{"type":"Point","coordinates":[18.588501,49.94934]},"properties":{"lines":"B10, C13, C14, C18, M10, R10, R11, S12, S12A, S14, S16, W09, W11","color":"#0059a9","mode":"bus","arr":["B10","C13","C14","C18","M10","R10","R11","S12","S12A","S14","S16","W09","W11"],"angle":-12.6,"extra":1}},{"type":"Feature","geometry":{"type":"Point","coordinates":[18.593602,49.949588]},"properties":{"lines":"B10, B11, B12, B13, B14, C10, C13, C14, C15, C16, C19, M10 +10","color":"#0059a9","mode":"bus","arr":["B10","B11","B12","B13","B14","C10","C13","C14","C15","C16","C19","M10","R10","R11","S10","S12","S12A","S14","S15","W09","W10","W11"],"angle":-8.6}},{"type":"Feature","geometry":{"type":"Point","coordinates":[18.599754,49.950707]},"properties":{"lines":"B10, B12, B13, B14, C10, C12, C15, C19, M10, R10, R11, S10 +8","color":"#0059a9","mode":"bus","arr":["B10","B12","B13","B14","C10","C12","C15","C19","M10","R10","R11","S10","S12","S12A","S13","S14","S15","W09","W10","W11"],"angle":-22.5}},{"type":"Feature","geometry":{"type":"Point","coordinates":[18.608387,49.952668]},"properties":{"lines":"B10, B11, B12, B13, C10, C15, C16, C19, M10, S10, S11, S12 +5","color":"#0059a9","mode":"bus","arr":["B10","B11","B12","B13","C10","C15","C16","C19","M10","S10","S11","S12","S12A","S13","S14","S15","W11"],"angle":2.4}},{"type":"Feature","geometry":{"type":"Point","coordinates":[18.612919,49.954183]},"properties":{"lines":"B10, B11, B12, B13, C10, C15, C16, C19, M10, S10, S11, S12 +5","color":"#0059a9","mode":"bus","arr":["B10","B11","B12","B13","C10","C15","C16","C19","M10","S10","S11","S12","S12A","S13","S14","S15","W11"],"angle":-48.9,"extra":1}},{"type":"Feature","geometry":{"type":"Point","coordinates":[18.623261,49.94955]},"properties":{"lines":"B12, C10, C11, C12, C19, M10, S16","color":"#0059a9","mode":"bus","arr":["B12","C10","C11","C12","C19","M10","S16"],"angle":34.5}},{"type":"Feature","geometry":{"type":"Point","coordinates":[18.619409,49.95571]},"properties":{"lines":"B10, B11, B13, C15, S10, S11, S12, S12A, S13, S14, S15, S16, W11","color":"#0059a9","mode":"bus","arr":["B10","B11","B13","C15","S10","S11","S12","S12A","S13","S14","S15","S16","W11"],"angle":-37.5}},{"type":"Feature","geometry":{"type":"Point","coordinates":[18.621204,49.960012]},"properties":{"lines":"B10, B11, B13, S10, S11, S12, S12A, S13, S14, S15, S16, W11","color":"#0059a9","mode":"bus","arr":["B10","B11","B13","S10","S11","S12","S12A","S13","S14","S15","S16","W11"],"angle":-46.4}},{"type":"Feature","geometry":{"type":"Point","coordinates":[18.621143,49.960101]},"properties":{"lines":"B10, B11, B13, S10, S11, S12, S12A, S13, S14, S15, S16, W11","color":"#0059a9","mode":"bus","arr":["B10","B11","B13","S10","S11","S12","S12A","S13","S14","S15","S16","W11"],"angle":-46.3}},{"type":"Feature","geometry":{"type":"Point","coordinates":[18.643263,49.960455]},"properties":{"lines":"B10, B11, B13","color":"#0059a9","mode":"bus","arr":["B10","B11","B13"],"angle":28}},{"type":"Feature","geometry":{"type":"Point","coordinates":[18.660464,49.958431]},"properties":{"lines":"B10, B11, B13","color":"#0059a9","mode":"bus","arr":["B10","B11","B13"],"angle":-1.3,"extra":1}},{"type":"Feature","geometry":{"type":"Point","coordinates":[18.65276,49.958253]},"properties":{"lines":"B10, B11, B13","color":"#0059a9","mode":"bus","arr":["B10","B11","B13"],"angle":1.6,"extra":1}},{"type":"Feature","geometry":{"type":"Point","coordinates":[18.638726,49.961735]},"properties":{"lines":"B10, B11, B13","color":"#0059a9","mode":"bus","arr":["B10","B11","B13"],"angle":27.8,"extra":1}},{"type":"Feature","geometry":{"type":"Point","coordinates":[18.632334,49.96238]},"properties":{"lines":"B10, B11, B13","color":"#0059a9","mode":"bus","arr":["B10","B11","B13"],"angle":-26.3,"extra":1}},{"type":"Feature","geometry":{"type":"Point","coordinates":[18.624951,49.961541]},"properties":{"lines":"B10, B11, B13","color":"#0059a9","mode":"bus","arr":["B10","B11","B13"],"angle":7.4,"extra":1}},{"type":"Feature","geometry":{"type":"Point","coordinates":[18.664885,49.958711]},"properties":{"lines":"B10, B11","color":"#0059a9","mode":"bus","arr":["B10","B11"],"angle":-12.1}},{"type":"Feature","geometry":{"type":"Point","coordinates":[18.667392,49.958863]},"properties":{"lines":"B10, B11, B12","color":"#0059a9","mode":"bus","arr":["B10","B11","B12"],"angle":0.9}},{"type":"Feature","geometry":{"type":"Point","coordinates":[18.670445,49.961734]},"properties":{"lines":"B10, B12","color":"#0059a9","mode":"bus","arr":["B10","B12"],"angle":-71.8}},{"type":"Feature","geometry":{"type":"Point","coordinates":[18.681495,49.964406]},"properties":{"lines":"B10, B12, L-4","color":"#0059a9","mode":"bus","arr":["B10","B12","L-4"],"angle":-4.1}},{"type":"Feature","geometry":{"type":"Point","coordinates":[18.608435,49.952767]},"properties":{"lines":"B10, B11, B12, B13, C10, C11, C12, C15, C19, M10, S10, S11 +6","color":"#0059a9","mode":"bus","arr":["B10","B11","B12","B13","C10","C11","C12","C15","C19","M10","S10","S11","S12","S12A","S13","S14","S15","W11"],"angle":2.4}},{"type":"Feature","geometry":{"type":"Point","coordinates":[18.602918,49.952289]},"properties":{"lines":"B10, B11, B12, B13, C10, C11, C12, C15, C19, M10, S10, S11 +6","color":"#0059a9","mode":"bus","arr":["B10","B11","B12","B13","C10","C11","C12","C15","C19","M10","S10","S11","S12","S12A","S13","S14","S15","W11"],"angle":-39.3,"extra":1}},{"type":"Feature","geometry":{"type":"Point","coordinates":[18.567926,49.944112]},"properties":{"lines":"B10, B11, C12, C16, C18, S13","color":"#0059a9","mode":"bus","arr":["B10","B11","C12","C16","C18","S13"],"angle":52.7}},{"type":"Feature","geometry":{"type":"Point","coordinates":[18.686501,49.957694]},"properties":{"lines":"B11","color":"#0059a9","mode":"bus","arr":["B11"],"angle":0}},{"type":"Feature","geometry":{"type":"Point","coordinates":[18.67765,49.958257]},"properties":{"lines":"B11","color":"#0059a9","mode":"bus","arr":["B11"],"angle":6}},{"type":"Feature","geometry":{"type":"Point","coordinates":[18.602462,49.953766]},"properties":{"lines":"B11, C11, S11","color":"#0059a9","mode":"bus","arr":["B11","C11","S11"],"angle":-85.4}},{"type":"Feature","geometry":{"type":"Point","coordinates":[18.602612,49.95571]},"properties":{"lines":"B11, C11, C16, S11","color":"#0059a9","mode":"bus","arr":["B11","C11","C16","S11"],"angle":36.5}},{"type":"Feature","geometry":{"type":"Point","coordinates":[18.597435,49.956285]},"properties":{"lines":"B11, C16","color":"#0059a9","mode":"bus","arr":["B11","C16"],"angle":-47.4}},{"type":"Feature","geometry":{"type":"Point","coordinates":[18.602395,49.955102]},"properties":{"lines":"B11, C11","color":"#0059a9","mode":"bus","arr":["B11","C11"],"angle":4.2}},{"type":"Feature","geometry":{"type":"Point","coordinates":[18.602898,49.955537]},"properties":{"lines":"B11, C11, S11, S13","color":"#0059a9","mode":"bus","arr":["B11","C11","S11","S13"],"angle":-81.8}},{"type":"Feature","geometry":{"type":"Point","coordinates":[18.597146,49.956368]},"properties":{"lines":"B11, C11, S13","color":"#0059a9","mode":"bus","arr":["B11","C11","S13"],"angle":-60.4}},{"type":"Feature","geometry":{"type":"Point","coordinates":[18.599769,49.956257]},"properties":{"lines":"B11, C11, C16, S13","color":"#0059a9","mode":"bus","arr":["B11","C11","C16","S13"],"angle":7.6}},{"type":"Feature","geometry":{"type":"Point","coordinates":[18.596989,49.953932]},"properties":{"lines":"B11, C11, C16, S13","color":"#0059a9","mode":"bus","arr":["B11","C11","C16","S13"],"angle":-77.2}},{"type":"Feature","geometry":{"type":"Point","coordinates":[18.590161,49.949725]},"properties":{"lines":"B11, B13, B14, C10, C11, C19, R10, R11, W10","color":"#0059a9","mode":"bus","arr":["B11","B13","B14","C10","C11","C19","R10","R11","W10"],"angle":21.8}},{"type":"Feature","geometry":{"type":"Point","coordinates":[18.581603,49.949477]},"properties":{"lines":"B11, B13, B14, C10, C11, C16, C17, C19, R10, R11, W10","color":"#0059a9","mode":"bus","arr":["B11","B13","B14","C10","C11","C16","C17","C19","R10","R11","W10"],"angle":-28.7}},{"type":"Feature","geometry":{"type":"Point","coordinates":[18.575274,49.9489]},"properties":{"lines":"B11, B13, B14, C13, C16, R10, R11, S11, S13","color":"#0059a9","mode":"bus","arr":["B11","B13","B14","C13","C16","R10","R11","S11","S13"],"angle":-61.1}},{"type":"Feature","geometry":{"type":"Point","coordinates":[18.574098,49.946722]},"properties":{"lines":"B11, B13, B14, C11, C13, C16, R10, R11, S11, S13","color":"#0059a9","mode":"bus","arr":["B11","B13","B14","C11","C13","C16","R10","R11","S11","S13"],"angle":-87.3}},{"type":"Feature","geometry":{"type":"Point","coordinates":[18.589423,49.949868]},"properties":{"lines":"B11, B13, B14, C10, C16, C17, C19, W10","color":"#0059a9","mode":"bus","arr":["B11","B13","B14","C10","C16","C17","C19","W10"],"angle":25.8}},{"type":"Feature","geometry":{"type":"Point","coordinates":[18.602282,49.953892]},"properties":{"lines":"B11, C16, S11","color":"#0059a9","mode":"bus","arr":["B11","C16","S11"],"angle":85.4}},{"type":"Feature","geometry":{"type":"Point","coordinates":[18.607117,49.944315]},"properties":{"lines":"B12, B15, C14, C16, C17, C18, R10, R11, S10, S16","color":"#0059a9","mode":"bus","arr":["B12","B15","C14","C16","C17","C18","R10","R11","S10","S16"],"angle":-49.5}},{"type":"Feature","geometry":{"type":"Point","coordinates":[18.603839,49.942002]},"properties":{"lines":"B12, B15, C11, C12, C14, C16, C17, C18, R10, R11, S10, S16","color":"#0059a9","mode":"bus","arr":["B12","B15","C11","C12","C14","C16","C17","C18","R10","R11","S10","S16"],"angle":-30.8}},{"type":"Feature","geometry":{"type":"Point","coordinates":[18.598916,49.940931]},"properties":{"lines":"B12, C16, C17, C18, S16","color":"#0059a9","mode":"bus","arr":["B12","C16","C17","C18","S16"],"angle":80}},{"type":"Feature","geometry":{"type":"Point","coordinates":[18.596193,49.941838]},"properties":{"lines":"B12, C11, C16, C17, C18, S16","color":"#0059a9","mode":"bus","arr":["B12","C11","C16","C17","C18","S16"],"angle":-30.1}},{"type":"Feature","geometry":{"type":"Point","coordinates":[18.590786,49.944864]},"properties":{"lines":"B12, C15, C17, C18, S10, S15, S16","color":"#0059a9","mode":"bus","arr":["B12","C15","C17","C18","S10","S15","S16"],"angle":-88.8}},{"type":"Feature","geometry":{"type":"Point","coordinates":[18.590838,49.947844]},"properties":{"lines":"B12, C15, C17, C18, S10, S15, S16","color":"#0059a9","mode":"bus","arr":["B12","C15","C17","C18","S10","S15","S16"],"angle":-85.5,"extra":1}},{"type":"Feature","geometry":{"type":"Point","coordinates":[18.620445,49.951359]},"properties":{"lines":"B12, C10, C11, C12, C16, C19, M10, S16","color":"#0059a9","mode":"bus","arr":["B12","C10","C11","C12","C16","C19","M10","S16"],"angle":33.6}},{"type":"Feature","geometry":{"type":"Point","coordinates":[18.623205,49.949113]},"properties":{"lines":"C10, C16, C19, M10, S16","color":"#0059a9","mode":"bus","arr":["C10","C16","C19","M10","S16"],"angle":86.7}},{"type":"Feature","geometry":{"type":"Point","coordinates":[18.646361,49.93714]},"properties":{"lines":"B12","color":"#0059a9","mode":"bus","arr":["B12"],"angle":89.2}},{"type":"Feature","geometry":{"type":"Point","coordinates":[18.634738,49.945853]},"properties":{"lines":"B12, B14","color":"#0059a9","mode":"bus","arr":["B12","B14"],"angle":64.4}},{"type":"Feature","geometry":{"type":"Point","coordinates":[18.626465,49.950866]},"properties":{"lines":"B12, B14","color":"#0059a9","mode":"bus","arr":["B12","B14"],"angle":-26.5,"extra":1}},{"type":"Feature","geometry":{"type":"Point","coordinates":[18.632883,49.949146]},"properties":{"lines":"B12, B14","color":"#0059a9","mode":"bus","arr":["B12","B14"],"angle":54.1,"extra":1}},{"type":"Feature","geometry":{"type":"Point","coordinates":[18.641297,49.941189]},"properties":{"lines":"B12, B14","color":"#0059a9","mode":"bus","arr":["B12","B14"],"angle":43.1,"extra":1}},{"type":"Feature","geometry":{"type":"Point","coordinates":[18.647484,49.933239]},"properties":{"lines":"B13, B14, B15","color":"#0059a9","mode":"bus","arr":["B13","B14","B15"],"angle":-76.2}},{"type":"Feature","geometry":{"type":"Point","coordinates":[18.652954,49.943699]},"properties":{"lines":"B12, B13, B14, B15","color":"#0059a9","mode":"bus","arr":["B12","B13","B14","B15"],"angle":8.6}},{"type":"Feature","geometry":{"type":"Point","coordinates":[18.646874,49.937434]},"properties":{"lines":"B12, B13, B14, B15","color":"#0059a9","mode":"bus","arr":["B12","B13","B14","B15"],"angle":-86.8,"extra":1}},{"type":"Feature","geometry":{"type":"Point","coordinates":[18.648489,49.942229]},"properties":{"lines":"B12, B13, B14, B15","color":"#0059a9","mode":"bus","arr":["B12","B13","B14","B15"],"angle":-47,"extra":1}},{"type":"Feature","geometry":{"type":"Point","coordinates":[18.658926,49.947023]},"properties":{"lines":"B12, B13, B14, B15","color":"#0059a9","mode":"bus","arr":["B12","B13","B14","B15"],"angle":-49.1,"extra":1}},{"type":"Feature","geometry":{"type":"Point","coordinates":[18.664079,49.95409]},"properties":{"lines":"B12, B13","color":"#0059a9","mode":"bus","arr":["B12","B13"],"angle":-82.3}},{"type":"Feature","geometry":{"type":"Point","coordinates":[18.664874,49.957213]},"properties":{"lines":"B12, B13","color":"#0059a9","mode":"bus","arr":["B12","B13"],"angle":-83.6,"extra":1}},{"type":"Feature","geometry":{"type":"Point","coordinates":[18.598831,49.940937]},"properties":{"lines":"B12, C11, C17, C18, S16","color":"#0059a9","mode":"bus","arr":["B12","C11","C17","C18","S16"],"angle":-89.8}},{"type":"Feature","geometry":{"type":"Point","coordinates":[18.599679,49.940631]},"properties":{"lines":"B12, B15, C11, C12, C17, C18, R10, R11, S10, S16","color":"#0059a9","mode":"bus","arr":["B12","B15","C11","C12","C17","C18","R10","R11","S10","S16"],"angle":-14.3}},{"type":"Feature","geometry":{"type":"Point","coordinates":[18.606978,49.944104]},"properties":{"lines":"B12, B15, C11, C12, C17, C18, R10, R11, S10","color":"#0059a9","mode":"bus","arr":["B12","B15","C11","C12","C17","C18","R10","R11","S10"],"angle":-46.9}},{"type":"Feature","geometry":{"type":"Point","coordinates":[18.607727,49.944673]},"properties":{"lines":"B12, B14, B15, C11, C12, C13, C14, C17, C18, R10, R11, S10 +3","color":"#0059a9","mode":"bus","arr":["B12","B14","B15","C11","C12","C13","C14","C17","C18","R10","R11","S10","S16","W09","W10"],"angle":-48.3}},{"type":"Feature","geometry":{"type":"Point","coordinates":[18.609863,49.945224]},"properties":{"lines":"B12, B14, B15, C10, C11, C12, C13, C14, C17, C18, C19, M10 +6","color":"#0059a9","mode":"bus","arr":["B12","B14","B15","C10","C11","C12","C13","C14","C17","C18","C19","M10","R10","R11","S10","S16","W09","W10"],"angle":-2.6}},{"type":"Feature","geometry":{"type":"Point","coordinates":[18.6531,49.926601]},"properties":{"lines":"B13, B14","color":"#0059a9","mode":"bus","arr":["B13","B14"],"angle":37.6}},{"type":"Feature","geometry":{"type":"Point","coordinates":[18.656928,49.923818]},"properties":{"lines":"B13, B14","color":"#0059a9","mode":"bus","arr":["B13","B14"],"angle":67.7,"extra":1}},{"type":"Feature","geometry":{"type":"Point","coordinates":[18.647236,49.931332]},"properties":{"lines":"B13, B14","color":"#0059a9","mode":"bus","arr":["B13","B14"],"angle":72,"extra":1}},{"type":"Feature","geometry":{"type":"Point","coordinates":[18.664723,49.958627]},"properties":{"lines":"B13","color":"#0059a9","mode":"bus","arr":["B13"],"angle":18.5}},{"type":"Feature","geometry":{"type":"Point","coordinates":[18.573399,49.949609]},"properties":{"lines":"B13, C11, C13, C19","color":"#0059a9","mode":"bus","arr":["B13","C11","C13","C19"],"angle":-34.2}},{"type":"Feature","geometry":{"type":"Point","coordinates":[18.571184,49.947629]},"properties":{"lines":"B13, C11, C13","color":"#0059a9","mode":"bus","arr":["B13","C11","C13"],"angle":14.3}},{"type":"Feature","geometry":{"type":"Point","coordinates":[18.603469,49.951214]},"properties":{"lines":"B14, R10, R11, W09, W10","color":"#0059a9","mode":"bus","arr":["B14","R10","R11","W09","W10"],"angle":40.1}},{"type":"Feature","geometry":{"type":"Point","coordinates":[18.607099,49.944779]},"properties":{"lines":"B14, C13, C14, R10, R11, W09, W10","color":"#0059a9","mode":"bus","arr":["B14","C13","C14","R10","R11","W09","W10"],"angle":63.2}},{"type":"Feature","geometry":{"type":"Point","coordinates":[18.623327,49.948982]},"properties":{"lines":"B14, C10, C11, C12, C19, M10, S16","color":"#0059a9","mode":"bus","arr":["B14","C10","C11","C12","C19","M10","S16"],"angle":-61.7}},{"type":"Feature","geometry":{"type":"Point","coordinates":[18.61846,49.946265]},"properties":{"lines":"B14, C10, C11, C12, C16, C19, M10, S16","color":"#0059a9","mode":"bus","arr":["B14","C10","C11","C12","C16","C19","M10","S16"],"angle":-4.5}},{"type":"Feature","geometry":{"type":"Point","coordinates":[18.622576,49.947852]},"properties":{"lines":"B14, C10, C11, C12, C16, C19, M10, S16","color":"#0059a9","mode":"bus","arr":["B14","C10","C11","C12","C16","C19","M10","S16"],"angle":-67,"extra":1}},{"type":"Feature","geometry":{"type":"Point","coordinates":[18.624379,49.926172]},"properties":{"lines":"B15","color":"#0059a9","mode":"bus","arr":["B15"],"angle":13.9}},{"type":"Feature","geometry":{"type":"Point","coordinates":[18.643415,49.930909]},"properties":{"lines":"B15","color":"#0059a9","mode":"bus","arr":["B15"],"angle":-22,"extra":1}},{"type":"Feature","geometry":{"type":"Point","coordinates":[18.637226,49.928013]},"properties":{"lines":"B15","color":"#0059a9","mode":"bus","arr":["B15"],"angle":-47.2,"extra":1}},{"type":"Feature","geometry":{"type":"Point","coordinates":[18.631133,49.925482]},"properties":{"lines":"B15","color":"#0059a9","mode":"bus","arr":["B15"],"angle":7.4,"extra":1}},{"type":"Feature","geometry":{"type":"Point","coordinates":[18.616469,49.928181]},"properties":{"lines":"B15","color":"#0059a9","mode":"bus","arr":["B15"],"angle":30.1,"extra":1}},{"type":"Feature","geometry":{"type":"Point","coordinates":[18.610033,49.927381]},"properties":{"lines":"B15","color":"#0059a9","mode":"bus","arr":["B15"],"angle":-33.7,"extra":1}},{"type":"Feature","geometry":{"type":"Point","coordinates":[18.602565,49.927748]},"properties":{"lines":"B15","color":"#0059a9","mode":"bus","arr":["B15"],"angle":-15.8,"extra":1}},{"type":"Feature","geometry":{"type":"Point","coordinates":[18.598765,49.933444]},"properties":{"lines":"B15, C12, C14, R10, R11","color":"#0059a9","mode":"bus","arr":["B15","C12","C14","R10","R11"],"angle":72.3}},{"type":"Feature","geometry":{"type":"Point","coordinates":[18.599875,49.924702]},"properties":{"lines":"B15, C12, C14, R10, R11","color":"#0059a9","mode":"bus","arr":["B15","C12","C14","R10","R11"],"angle":-89.7,"extra":1}},{"type":"Feature","geometry":{"type":"Point","coordinates":[18.595133,49.936479]},"properties":{"lines":"B15, C12, C14, R10, R11","color":"#0059a9","mode":"bus","arr":["B15","C12","C14","R10","R11"],"angle":58.9,"extra":1}},{"type":"Feature","geometry":{"type":"Point","coordinates":[18.600134,49.927635]},"properties":{"lines":"B15, C12, C14, R10, R11","color":"#0059a9","mode":"bus","arr":["B15","C12","C14","R10","R11"],"angle":-79.5,"extra":1}},{"type":"Feature","geometry":{"type":"Point","coordinates":[18.602135,49.92312]},"properties":{"lines":"B15, C12, C14","color":"#0059a9","mode":"bus","arr":["B15","C12","C14"],"angle":52.7}},{"type":"Feature","geometry":{"type":"Point","coordinates":[18.595946,49.939792]},"properties":{"lines":"B15, C12, R10, R11, S10","color":"#0059a9","mode":"bus","arr":["B15","C12","R10","R11","S10"],"angle":-21.9}},{"type":"Feature","geometry":{"type":"Point","coordinates":[18.596073,49.939926]},"properties":{"lines":"B15, C14, R10, R11, S10","color":"#0059a9","mode":"bus","arr":["B15","C14","R10","R11","S10"],"angle":-24.1}},{"type":"Feature","geometry":{"type":"Point","coordinates":[18.57477,49.952407]},"properties":{"lines":"C10, C13, C17, C19, S11, S13, W10","color":"#0059a9","mode":"bus","arr":["C10","C13","C17","C19","S11","S13","W10"],"angle":-60.8}},{"type":"Feature","geometry":{"type":"Point","coordinates":[18.575664,49.954789]},"properties":{"lines":"C10, C13, C15, C17, S11, S13","color":"#0059a9","mode":"bus","arr":["C10","C13","C15","C17","S11","S13"],"angle":-21.1}},{"type":"Feature","geometry":{"type":"Point","coordinates":[18.575526,49.965012]},"properties":{"lines":"C10, C13, C15, C17, S13","color":"#0059a9","mode":"bus","arr":["C10","C13","C15","C17","S13"],"angle":84.7}},{"type":"Feature","geometry":{"type":"Point","coordinates":[18.575063,49.9573]},"properties":{"lines":"C10, C13, C15, C17, S13","color":"#0059a9","mode":"bus","arr":["C10","C13","C15","C17","S13"],"angle":70.3,"extra":1}},{"type":"Feature","geometry":{"type":"Point","coordinates":[18.575603,49.962098]},"properties":{"lines":"C10, C13, C15, C17, S13","color":"#0059a9","mode":"bus","arr":["C10","C13","C15","C17","S13"],"angle":-83,"extra":1}},{"type":"Feature","geometry":{"type":"Point","coordinates":[18.571138,49.962873]},"properties":{"lines":"C10, C13, C15, C17, S13","color":"#0059a9","mode":"bus","arr":["C10","C13","C15","C17","S13"],"angle":-80.1,"extra":1}},{"type":"Feature","geometry":{"type":"Point","coordinates":[18.565993,49.963728]},"properties":{"lines":"C10, C13, C15, C17, S13","color":"#0059a9","mode":"bus","arr":["C10","C13","C15","C17","S13"],"angle":-46}},{"type":"Feature","geometry":{"type":"Point","coordinates":[18.58535,49.936664]},"properties":{"lines":"C11, C15","color":"#0059a9","mode":"bus","arr":["C11","C15"],"angle":-70.2}},{"type":"Feature","geometry":{"type":"Point","coordinates":[18.584289,49.93729]},"properties":{"lines":"C11, C12, C14, C15, C16, R10, R11, S11, S16","color":"#0059a9","mode":"bus","arr":["C11","C12","C14","C15","C16","R10","R11","S11","S16"],"angle":-87.2}},{"type":"Feature","geometry":{"type":"Point","coordinates":[18.588169,49.93781]},"properties":{"lines":"C11, C12, C14, C15, C16, S15","color":"#0059a9","mode":"bus","arr":["C11","C12","C14","C15","C16","S15"],"angle":-10.6}},{"type":"Feature","geometry":{"type":"Point","coordinates":[18.592658,49.939898]},"properties":{"lines":"C11, C15, C16, S10, S15","color":"#0059a9","mode":"bus","arr":["C11","C15","C16","S10","S15"],"angle":81}},{"type":"Feature","geometry":{"type":"Point","coordinates":[18.564924,49.946482]},"properties":{"lines":"C11","color":"#0059a9","mode":"bus","arr":["C11"],"angle":-79.2}},{"type":"Feature","geometry":{"type":"Point","coordinates":[18.583315,49.941823]},"properties":{"lines":"C11, C16, S15, S16","color":"#0059a9","mode":"bus","arr":["C11","C16","S15","S16"],"angle":67.5}},{"type":"Feature","geometry":{"type":"Point","coordinates":[18.584421,49.938679]},"properties":{"lines":"C11, C16, S15, S16","color":"#0059a9","mode":"bus","arr":["C11","C16","S15","S16"],"angle":87.7,"extra":1}},{"type":"Feature","geometry":{"type":"Point","coordinates":[18.567759,49.931053]},"properties":{"lines":"C12, C14","color":"#0059a9","mode":"bus","arr":["C12","C14"],"angle":14.8}},{"type":"Feature","geometry":{"type":"Point","coordinates":[18.581309,49.935458]},"properties":{"lines":"C12, C14","color":"#0059a9","mode":"bus","arr":["C12","C14"],"angle":-0.8,"extra":1}},{"type":"Feature","geometry":{"type":"Point","coordinates":[18.575865,49.932778]},"properties":{"lines":"C12, C14","color":"#0059a9","mode":"bus","arr":["C12","C14"],"angle":-66,"extra":1}},{"type":"Feature","geometry":{"type":"Point","coordinates":[18.563451,49.932532]},"properties":{"lines":"C12, C14","color":"#0059a9","mode":"bus","arr":["C12","C14"],"angle":38.5,"extra":1}},{"type":"Feature","geometry":{"type":"Point","coordinates":[18.557067,49.935294]},"properties":{"lines":"C12, C14","color":"#0059a9","mode":"bus","arr":["C12","C14"],"angle":32,"extra":1}},{"type":"Feature","geometry":{"type":"Point","coordinates":[18.549787,49.936844]},"properties":{"lines":"C12, C14","color":"#0059a9","mode":"bus","arr":["C12","C14"],"angle":9.2,"extra":1}},{"type":"Feature","geometry":{"type":"Point","coordinates":[18.598692,49.948305]},"properties":{"lines":"C12, C13, C14","color":"#0059a9","mode":"bus","arr":["C12","C13","C14"],"angle":43.2}},{"type":"Feature","geometry":{"type":"Point","coordinates":[18.603486,49.947271]},"properties":{"lines":"C13, C14","color":"#0059a9","mode":"bus","arr":["C13","C14"],"angle":9.7}},{"type":"Feature","geometry":{"type":"Point","coordinates":[18.547777,49.937028]},"properties":{"lines":"C14","color":"#0059a9","mode":"bus","arr":["C14"],"angle":0.2}},{"type":"Feature","geometry":{"type":"Point","coordinates":[18.592162,49.938719]},"properties":{"lines":"C14, C15, C16, S15","color":"#0059a9","mode":"bus","arr":["C14","C15","C16","S15"],"angle":-36.2}},{"type":"Feature","geometry":{"type":"Point","coordinates":[18.591995,49.959804]},"properties":{"lines":"C15, S11, S13","color":"#0059a9","mode":"bus","arr":["C15","S11","S13"],"angle":-17.3}},{"type":"Feature","geometry":{"type":"Point","coordinates":[18.60507,49.957751]},"properties":{"lines":"C15, S11, S13","color":"#0059a9","mode":"bus","arr":["C15","S11","S13"],"angle":3.3,"extra":1}},{"type":"Feature","geometry":{"type":"Point","coordinates":[18.598114,49.959224]},"properties":{"lines":"C15, S11, S13","color":"#0059a9","mode":"bus","arr":["C15","S11","S13"],"angle":18.7,"extra":1}},{"type":"Feature","geometry":{"type":"Point","coordinates":[18.583413,49.95841]},"properties":{"lines":"C15, S11, S13","color":"#0059a9","mode":"bus","arr":["C15","S11","S13"],"angle":-26.8,"extra":1}},{"type":"Feature","geometry":{"type":"Point","coordinates":[18.577311,49.955476]},"properties":{"lines":"C15, S11, S13","color":"#0059a9","mode":"bus","arr":["C15","S11","S13"],"angle":-45.5,"extra":1}},{"type":"Feature","geometry":{"type":"Point","coordinates":[18.613989,49.95837]},"properties":{"lines":"C15","color":"#0059a9","mode":"bus","arr":["C15"],"angle":-11.1}},{"type":"Feature","geometry":{"type":"Point","coordinates":[18.619167,49.958854]},"properties":{"lines":"C15","color":"#0059a9","mode":"bus","arr":["C15"],"angle":-26.4}},{"type":"Feature","geometry":{"type":"Point","coordinates":[18.568566,49.960153]},"properties":{"lines":"C19","color":"#0059a9","mode":"bus","arr":["C19"],"angle":-71.6}},{"type":"Feature","geometry":{"type":"Point","coordinates":[18.570632,49.957998]},"properties":{"lines":"C19, S13","color":"#0059a9","mode":"bus","arr":["C19","S13"],"angle":79.8}},{"type":"Feature","geometry":{"type":"Point","coordinates":[18.566829,49.955065]},"properties":{"lines":"C19, W10","color":"#0059a9","mode":"bus","arr":["C19","W10"],"angle":-7.4}},{"type":"Feature","geometry":{"type":"Point","coordinates":[18.572646,49.954977]},"properties":{"lines":"C19, S13, W10","color":"#0059a9","mode":"bus","arr":["C19","S13","W10"],"angle":-63.6}},{"type":"Feature","geometry":{"type":"Point","coordinates":[18.716953,49.952979]},"properties":{"lines":"L-1, L-2, L-5, L-6","color":"#0059a9","mode":"bus","arr":["L-1","L-2","L-5","L-6"],"angle":-80.5}},{"type":"Feature","geometry":{"type":"Point","coordinates":[18.717818,49.958151]},"properties":{"lines":"L-1, L-2, L-5, L-6","color":"#0059a9","mode":"bus","arr":["L-1","L-2","L-5","L-6"],"angle":83.9,"extra":1}},{"type":"Feature","geometry":{"type":"Point","coordinates":[18.714807,49.948683]},"properties":{"lines":"L-1, L-2, L-5, L-6","color":"#0059a9","mode":"bus","arr":["L-1","L-2","L-5","L-6"],"angle":-67.2,"extra":1}},{"type":"Feature","geometry":{"type":"Point","coordinates":[18.704853,49.939967]},"properties":{"lines":"L-1, L-2, L-6","color":"#0059a9","mode":"bus","arr":["L-1","L-2","L-6"],"angle":-50.7}},{"type":"Feature","geometry":{"type":"Point","coordinates":[18.709711,49.943769]},"properties":{"lines":"L-1, L-2, L-6","color":"#0059a9","mode":"bus","arr":["L-1","L-2","L-6"],"angle":-50.7,"extra":1}},{"type":"Feature","geometry":{"type":"Point","coordinates":[18.699934,49.936119]},"properties":{"lines":"L-1, L-2, L-6","color":"#0059a9","mode":"bus","arr":["L-1","L-2","L-6"],"angle":-50.6,"extra":1}},{"type":"Feature","geometry":{"type":"Point","coordinates":[18.694936,49.928952]},"properties":{"lines":"L-1","color":"#0059a9","mode":"bus","arr":["L-1"],"angle":-78.7}},{"type":"Feature","geometry":{"type":"Point","coordinates":[18.695857,49.93192]},"properties":{"lines":"L-1","color":"#0059a9","mode":"bus","arr":["L-1"],"angle":-78.7,"extra":1}},{"type":"Feature","geometry":{"type":"Point","coordinates":[18.67043,49.908725]},"properties":{"lines":"L-1","color":"#0059a9","mode":"bus","arr":["L-1"],"angle":-24.3}},{"type":"Feature","geometry":{"type":"Point","coordinates":[18.675005,49.912348]},"properties":{"lines":"L-1","color":"#0059a9","mode":"bus","arr":["L-1"],"angle":-49,"extra":1}},{"type":"Feature","geometry":{"type":"Point","coordinates":[18.663662,49.906401]},"properties":{"lines":"L-1","color":"#0059a9","mode":"bus","arr":["L-1"],"angle":-20.2,"extra":1}},{"type":"Feature","geometry":{"type":"Point","coordinates":[18.639373,49.896869]},"properties":{"lines":"L-1","color":"#0059a9","mode":"bus","arr":["L-1"],"angle":-47.6}},{"type":"Feature","geometry":{"type":"Point","coordinates":[18.658539,49.907198]},"properties":{"lines":"L-1","color":"#0059a9","mode":"bus","arr":["L-1"],"angle":29.4,"extra":1}},{"type":"Feature","geometry":{"type":"Point","coordinates":[18.652767,49.909946]},"properties":{"lines":"L-1","color":"#0059a9","mode":"bus","arr":["L-1"],"angle":-43.2,"extra":1}},{"type":"Feature","geometry":{"type":"Point","coordinates":[18.648503,49.905959]},"properties":{"lines":"L-1","color":"#0059a9","mode":"bus","arr":["L-1"],"angle":-53.7,"extra":1}},{"type":"Feature","geometry":{"type":"Point","coordinates":[18.645166,49.90168]},"properties":{"lines":"L-1","color":"#0059a9","mode":"bus","arr":["L-1"],"angle":-68.4,"extra":1}},{"type":"Feature","geometry":{"type":"Point","coordinates":[18.641901,49.894021]},"properties":{"lines":"L-1","color":"#0059a9","mode":"bus","arr":["L-1"],"angle":44.3,"extra":1}},{"type":"Feature","geometry":{"type":"Point","coordinates":[18.646709,49.894387]},"properties":{"lines":"L-1","color":"#0059a9","mode":"bus","arr":["L-1"],"angle":-51.6,"extra":1}},{"type":"Feature","geometry":{"type":"Point","coordinates":[18.652662,49.897464]},"properties":{"lines":"L-1","color":"#0059a9","mode":"bus","arr":["L-1"],"angle":-30.7,"extra":1}},{"type":"Feature","geometry":{"type":"Point","coordinates":[18.656461,49.901713]},"properties":{"lines":"L-1","color":"#0059a9","mode":"bus","arr":["L-1"],"angle":-63.8,"extra":1}},{"type":"Feature","geometry":{"type":"Point","coordinates":[18.686094,49.917407]},"properties":{"lines":"L-1, L-6","color":"#0059a9","mode":"bus","arr":["L-1","L-6"],"angle":-53.6}},{"type":"Feature","geometry":{"type":"Point","coordinates":[18.681358,49.912883]},"properties":{"lines":"L-1, L-6","color":"#0059a9","mode":"bus","arr":["L-1","L-6"],"angle":-41,"extra":1}},{"type":"Feature","geometry":{"type":"Point","coordinates":[18.688957,49.921044]},"properties":{"lines":"L-1, L-6","color":"#0059a9","mode":"bus","arr":["L-1","L-6"],"angle":-35.3,"extra":1}},{"type":"Feature","geometry":{"type":"Point","coordinates":[18.69656,49.923506]},"properties":{"lines":"L-6","color":"#0059a9","mode":"bus","arr":["L-6"],"angle":-1.1}},{"type":"Feature","geometry":{"type":"Point","coordinates":[18.7094,49.897529]},"properties":{"lines":"L-6","color":"#0059a9","mode":"bus","arr":["L-6"],"angle":-70.8}},{"type":"Feature","geometry":{"type":"Point","coordinates":[18.710851,49.900516]},"properties":{"lines":"L-6","color":"#0059a9","mode":"bus","arr":["L-6"],"angle":-52.4,"extra":1}},{"type":"Feature","geometry":{"type":"Point","coordinates":[18.7107,49.948865]},"properties":{"lines":"L-6","color":"#0059a9","mode":"bus","arr":["L-6"],"angle":11.2}},{"type":"Feature","geometry":{"type":"Point","coordinates":[18.704241,49.949064]},"properties":{"lines":"L-6","color":"#0059a9","mode":"bus","arr":["L-6"],"angle":-78.6,"extra":1}},{"type":"Feature","geometry":{"type":"Point","coordinates":[18.681876,49.928009]},"properties":{"lines":"L-6","color":"#0059a9","mode":"bus","arr":["L-6"],"angle":9.4}},{"type":"Feature","geometry":{"type":"Point","coordinates":[18.69392,49.934959]},"properties":{"lines":"L-6","color":"#0059a9","mode":"bus","arr":["L-6"],"angle":31.2,"extra":1}},{"type":"Feature","geometry":{"type":"Point","coordinates":[18.686667,49.935628]},"properties":{"lines":"L-6","color":"#0059a9","mode":"bus","arr":["L-6"],"angle":-15.8,"extra":1}},{"type":"Feature","geometry":{"type":"Point","coordinates":[18.686008,49.931021]},"properties":{"lines":"L-6","color":"#0059a9","mode":"bus","arr":["L-6"],"angle":-82.3,"extra":1}},{"type":"Feature","geometry":{"type":"Point","coordinates":[18.675648,49.926534]},"properties":{"lines":"L-6","color":"#0059a9","mode":"bus","arr":["L-6"],"angle":-70.1,"extra":1}},{"type":"Feature","geometry":{"type":"Point","coordinates":[18.67549,49.921605]},"properties":{"lines":"L-6","color":"#0059a9","mode":"bus","arr":["L-6"],"angle":-72,"extra":1}},{"type":"Feature","geometry":{"type":"Point","coordinates":[18.675642,49.916832]},"properties":{"lines":"L-6","color":"#0059a9","mode":"bus","arr":["L-6"],"angle":-53.5,"extra":1}},{"type":"Feature","geometry":{"type":"Point","coordinates":[18.711402,49.892405]},"properties":{"lines":"L-6","color":"#0059a9","mode":"bus","arr":["L-6"],"angle":-20.5}},{"type":"Feature","geometry":{"type":"Point","coordinates":[18.735748,49.90031]},"properties":{"lines":"L-6","color":"#0059a9","mode":"bus","arr":["L-6"],"angle":-38.4,"extra":1}},{"type":"Feature","geometry":{"type":"Point","coordinates":[18.7291,49.897804]},"properties":{"lines":"L-6","color":"#0059a9","mode":"bus","arr":["L-6"],"angle":-30,"extra":1}},{"type":"Feature","geometry":{"type":"Point","coordinates":[18.722441,49.895311]},"properties":{"lines":"L-6","color":"#0059a9","mode":"bus","arr":["L-6"],"angle":-31.2,"extra":1}},{"type":"Feature","geometry":{"type":"Point","coordinates":[18.715377,49.893362]},"properties":{"lines":"L-6","color":"#0059a9","mode":"bus","arr":["L-6"],"angle":-20.6,"extra":1}},{"type":"Feature","geometry":{"type":"Point","coordinates":[18.701268,49.889454]},"properties":{"lines":"L-6","color":"#0059a9","mode":"bus","arr":["L-6"],"angle":-36.4,"extra":1}},{"type":"Feature","geometry":{"type":"Point","coordinates":[18.697367,49.892597]},"properties":{"lines":"L-6","color":"#0059a9","mode":"bus","arr":["L-6"],"angle":33.5,"extra":1}},{"type":"Feature","geometry":{"type":"Point","coordinates":[18.691171,49.895506]},"properties":{"lines":"L-6","color":"#0059a9","mode":"bus","arr":["L-6"],"angle":53.8,"extra":1}},{"type":"Feature","geometry":{"type":"Point","coordinates":[18.685663,49.906235]},"properties":{"lines":"L-2, L-6","color":"#0059a9","mode":"bus","arr":["L-2","L-6"],"angle":-63.3}},{"type":"Feature","geometry":{"type":"Point","coordinates":[18.683125,49.910843]},"properties":{"lines":"L-2, L-6","color":"#0059a9","mode":"bus","arr":["L-2","L-6"],"angle":13.3,"extra":1}},{"type":"Feature","geometry":{"type":"Point","coordinates":[18.685075,49.902781]},"properties":{"lines":"L-2, L-6","color":"#0059a9","mode":"bus","arr":["L-2","L-6"],"angle":76.8,"extra":1}},{"type":"Feature","geometry":{"type":"Point","coordinates":[18.688604,49.898395]},"properties":{"lines":"L-2, L-6","color":"#0059a9","mode":"bus","arr":["L-2","L-6"],"angle":61.2,"extra":1}},{"type":"Feature","geometry":{"type":"Point","coordinates":[18.707709,49.91506]},"properties":{"lines":"L-2, L-6","color":"#0059a9","mode":"bus","arr":["L-2","L-6"],"angle":74.6}},{"type":"Feature","geometry":{"type":"Point","coordinates":[18.703578,49.924027]},"properties":{"lines":"L-2, L-6","color":"#0059a9","mode":"bus","arr":["L-2","L-6"],"angle":-16.8,"extra":1}},{"type":"Feature","geometry":{"type":"Point","coordinates":[18.705867,49.920664]},"properties":{"lines":"L-2, L-6","color":"#0059a9","mode":"bus","arr":["L-2","L-6"],"angle":83.7,"extra":1}},{"type":"Feature","geometry":{"type":"Point","coordinates":[18.708835,49.910998]},"properties":{"lines":"L-2, L-6","color":"#0059a9","mode":"bus","arr":["L-2","L-6"],"angle":86.9,"extra":1}},{"type":"Feature","geometry":{"type":"Point","coordinates":[18.708864,49.906262]},"properties":{"lines":"L-2, L-6","color":"#0059a9","mode":"bus","arr":["L-2","L-6"],"angle":63.1,"extra":1}},{"type":"Feature","geometry":{"type":"Point","coordinates":[18.700871,49.930056]},"properties":{"lines":"L-2","color":"#0059a9","mode":"bus","arr":["L-2"],"angle":-88.8}},{"type":"Feature","geometry":{"type":"Point","coordinates":[18.701027,49.934178]},"properties":{"lines":"L-2","color":"#0059a9","mode":"bus","arr":["L-2"],"angle":85.5,"extra":1}},{"type":"Feature","geometry":{"type":"Point","coordinates":[18.699988,49.924471]},"properties":{"lines":"L-2","color":"#0059a9","mode":"bus","arr":["L-2"],"angle":-84.1,"extra":1}},{"type":"Feature","geometry":{"type":"Point","coordinates":[18.697944,49.899758]},"properties":{"lines":"L-2","color":"#0059a9","mode":"bus","arr":["L-2"],"angle":-26.1}},{"type":"Feature","geometry":{"type":"Point","coordinates":[18.691874,49.899637]},"properties":{"lines":"L-2","color":"#0059a9","mode":"bus","arr":["L-2"],"angle":-38.8,"extra":1}},{"type":"Feature","geometry":{"type":"Point","coordinates":[18.703574,49.9014]},"properties":{"lines":"L-2","color":"#0059a9","mode":"bus","arr":["L-2"],"angle":-33.8,"extra":1}},{"type":"Feature","geometry":{"type":"Point","coordinates":[18.703745,49.962369]},"properties":{"lines":"L-4, L-6","color":"#0059a9","mode":"bus","arr":["L-4","L-6"],"angle":81.7}},{"type":"Feature","geometry":{"type":"Point","coordinates":[18.65473,49.991302]},"properties":{"lines":"S15","color":"#0059a9","mode":"bus","arr":["S15"],"angle":82.6}},{"type":"Feature","geometry":{"type":"Point","coordinates":[18.661985,49.988172]},"properties":{"lines":"S15","color":"#0059a9","mode":"bus","arr":["S15"],"angle":21.8,"extra":1}},{"type":"Feature","geometry":{"type":"Point","coordinates":[18.652141,49.994743]},"properties":{"lines":"S15","color":"#0059a9","mode":"bus","arr":["S15"],"angle":69.5,"extra":1}},{"type":"Feature","geometry":{"type":"Point","coordinates":[18.732754,49.931947]},"properties":{"lines":"L-5","color":"#0059a9","mode":"bus","arr":["L-5"],"angle":52.1}},{"type":"Feature","geometry":{"type":"Point","coordinates":[18.714504,49.943946]},"properties":{"lines":"L-5","color":"#0059a9","mode":"bus","arr":["L-5"],"angle":62.3,"extra":1}},{"type":"Feature","geometry":{"type":"Point","coordinates":[18.720003,49.940527]},"properties":{"lines":"L-5","color":"#0059a9","mode":"bus","arr":["L-5"],"angle":45.3,"extra":1}},{"type":"Feature","geometry":{"type":"Point","coordinates":[18.725447,49.937024]},"properties":{"lines":"L-5","color":"#0059a9","mode":"bus","arr":["L-5"],"angle":44.8,"extra":1}},{"type":"Feature","geometry":{"type":"Point","coordinates":[18.734207,49.929196]},"properties":{"lines":"L-5","color":"#0059a9","mode":"bus","arr":["L-5"],"angle":84.9,"extra":1}},{"type":"Feature","geometry":{"type":"Point","coordinates":[18.730402,49.925743]},"properties":{"lines":"L-5","color":"#0059a9","mode":"bus","arr":["L-5"],"angle":-69,"extra":1}},{"type":"Feature","geometry":{"type":"Point","coordinates":[18.726839,49.922213]},"properties":{"lines":"L-5","color":"#0059a9","mode":"bus","arr":["L-5"],"angle":52.6,"extra":1}},{"type":"Feature","geometry":{"type":"Point","coordinates":[18.733083,49.919337]},"properties":{"lines":"L-5","color":"#0059a9","mode":"bus","arr":["L-5"],"angle":34.2,"extra":1}},{"type":"Feature","geometry":{"type":"Point","coordinates":[18.749453,49.914241]},"properties":{"lines":"L-5","color":"#0059a9","mode":"bus","arr":["L-5"],"angle":13.8}},{"type":"Feature","geometry":{"type":"Point","coordinates":[18.733642,49.931276]},"properties":{"lines":"L-5","color":"#0059a9","mode":"bus","arr":["L-5"],"angle":61.4}},{"type":"Feature","geometry":{"type":"Point","coordinates":[18.760422,49.916332]},"properties":{"lines":"L-5","color":"#0059a9","mode":"bus","arr":["L-5"],"angle":-12.1,"extra":1}},{"type":"Feature","geometry":{"type":"Point","coordinates":[18.753086,49.914822]},"properties":{"lines":"L-5","color":"#0059a9","mode":"bus","arr":["L-5"],"angle":-16.2,"extra":1}},{"type":"Feature","geometry":{"type":"Point","coordinates":[18.7457,49.915271]},"properties":{"lines":"L-5","color":"#0059a9","mode":"bus","arr":["L-5"],"angle":18.4,"extra":1}},{"type":"Feature","geometry":{"type":"Point","coordinates":[18.738491,49.916984]},"properties":{"lines":"L-5","color":"#0059a9","mode":"bus","arr":["L-5"],"angle":33.2,"extra":1}},{"type":"Feature","geometry":{"type":"Point","coordinates":[18.735337,49.920708]},"properties":{"lines":"L-5","color":"#0059a9","mode":"bus","arr":["L-5"],"angle":-81.4,"extra":1}},{"type":"Feature","geometry":{"type":"Point","coordinates":[18.734848,49.925635]},"properties":{"lines":"L-5","color":"#0059a9","mode":"bus","arr":["L-5"],"angle":84.9,"extra":1}},{"type":"Feature","geometry":{"type":"Point","coordinates":[18.729583,49.934516]},"properties":{"lines":"L-5","color":"#0059a9","mode":"bus","arr":["L-5"],"angle":44.8,"extra":1}},{"type":"Feature","geometry":{"type":"Point","coordinates":[18.724113,49.938002]},"properties":{"lines":"L-5","color":"#0059a9","mode":"bus","arr":["L-5"],"angle":44.9,"extra":1}},{"type":"Feature","geometry":{"type":"Point","coordinates":[18.718683,49.941514]},"properties":{"lines":"L-5","color":"#0059a9","mode":"bus","arr":["L-5"],"angle":45.3,"extra":1}},{"type":"Feature","geometry":{"type":"Point","coordinates":[18.714,49.945238]},"properties":{"lines":"L-5","color":"#0059a9","mode":"bus","arr":["L-5"],"angle":83.6,"extra":1}},{"type":"Feature","geometry":{"type":"Point","coordinates":[18.717577,49.949332]},"properties":{"lines":"L-5","color":"#0059a9","mode":"bus","arr":["L-5"],"angle":-44.6,"extra":1}},{"type":"Feature","geometry":{"type":"Point","coordinates":[18.721115,49.951526]},"properties":{"lines":"L-5","color":"#0059a9","mode":"bus","arr":["L-5"],"angle":-51.2,"extra":1}},{"type":"Feature","geometry":{"type":"Point","coordinates":[18.748137,49.956821]},"properties":{"lines":"L-7","color":"#0059a9","mode":"bus","arr":["L-7"],"angle":1.1}},{"type":"Feature","geometry":{"type":"Point","coordinates":[18.722068,49.962274]},"properties":{"lines":"L-7","color":"#0059a9","mode":"bus","arr":["L-7"],"angle":16.2,"extra":1}},{"type":"Feature","geometry":{"type":"Point","coordinates":[18.72948,49.960944]},"properties":{"lines":"L-7","color":"#0059a9","mode":"bus","arr":["L-7"],"angle":5.7,"extra":1}},{"type":"Feature","geometry":{"type":"Point","coordinates":[18.73642,49.960009]},"properties":{"lines":"L-7","color":"#0059a9","mode":"bus","arr":["L-7"],"angle":40.5,"extra":1}},{"type":"Feature","geometry":{"type":"Point","coordinates":[18.742105,49.95673]},"properties":{"lines":"L-7","color":"#0059a9","mode":"bus","arr":["L-7"],"angle":28.5,"extra":1}},{"type":"Feature","geometry":{"type":"Point","coordinates":[18.756302,49.959088]},"properties":{"lines":"L-7","color":"#0059a9","mode":"bus","arr":["L-7"],"angle":-2.9,"extra":1}},{"type":"Feature","geometry":{"type":"Point","coordinates":[18.763935,49.959733]},"properties":{"lines":"L-7","color":"#0059a9","mode":"bus","arr":["L-7"],"angle":-17.1,"extra":1}},{"type":"Feature","geometry":{"type":"Point","coordinates":[18.770835,49.961886]},"properties":{"lines":"L-7","color":"#0059a9","mode":"bus","arr":["L-7"],"angle":-46.9,"extra":1}},{"type":"Feature","geometry":{"type":"Point","coordinates":[18.538337,49.93711]},"properties":{"lines":"M10","color":"#0059a9","mode":"bus","arr":["M10"],"angle":-34.9}},{"type":"Feature","geometry":{"type":"Point","coordinates":[18.545342,49.942055]},"properties":{"lines":"M10","color":"#0059a9","mode":"bus","arr":["M10"],"angle":65.1,"extra":1}},{"type":"Feature","geometry":{"type":"Point","coordinates":[18.543235,49.93866]},"properties":{"lines":"M10","color":"#0059a9","mode":"bus","arr":["M10"],"angle":-9.3,"extra":1}},{"type":"Feature","geometry":{"type":"Point","coordinates":[18.528949,49.935502]},"properties":{"lines":"M10","color":"#0059a9","mode":"bus","arr":["M10"],"angle":5.7,"extra":1}},{"type":"Feature","geometry":{"type":"Point","coordinates":[18.578717,49.939209]},"properties":{"lines":"R10, R11, S11","color":"#0059a9","mode":"bus","arr":["R10","R11","S11"],"angle":51.8}},{"type":"Feature","geometry":{"type":"Point","coordinates":[18.576586,49.942188]},"properties":{"lines":"R10, R11, S11","color":"#0059a9","mode":"bus","arr":["R10","R11","S11"],"angle":-82.7,"extra":1}},{"type":"Feature","geometry":{"type":"Point","coordinates":[18.603382,49.901775]},"properties":{"lines":"R10, R11","color":"#0059a9","mode":"bus","arr":["R10","R11"],"angle":-53.2}},{"type":"Feature","geometry":{"type":"Point","coordinates":[18.603522,49.919151]},"properties":{"lines":"R10, R11","color":"#0059a9","mode":"bus","arr":["R10","R11"],"angle":56.9,"extra":1}},{"type":"Feature","geometry":{"type":"Point","coordinates":[18.607148,49.915044]},"properties":{"lines":"R10, R11","color":"#0059a9","mode":"bus","arr":["R10","R11"],"angle":49.6,"extra":1}},{"type":"Feature","geometry":{"type":"Point","coordinates":[18.610859,49.910743]},"properties":{"lines":"R10, R11","color":"#0059a9","mode":"bus","arr":["R10","R11"],"angle":52.4,"extra":1}},{"type":"Feature","geometry":{"type":"Point","coordinates":[18.609039,49.906276]},"properties":{"lines":"R10, R11","color":"#0059a9","mode":"bus","arr":["R10","R11"],"angle":-54.6,"extra":1}},{"type":"Feature","geometry":{"type":"Point","coordinates":[18.602575,49.897853]},"properties":{"lines":"R10, R11","color":"#0059a9","mode":"bus","arr":["R10","R11"],"angle":85.9,"extra":1}},{"type":"Feature","geometry":{"type":"Point","coordinates":[18.603158,49.892921]},"properties":{"lines":"R10, R11","color":"#0059a9","mode":"bus","arr":["R10","R11"],"angle":82.2,"extra":1}},{"type":"Feature","geometry":{"type":"Point","coordinates":[18.603794,49.888028]},"properties":{"lines":"R10, R11","color":"#0059a9","mode":"bus","arr":["R10","R11"],"angle":70.9,"extra":1}},{"type":"Feature","geometry":{"type":"Point","coordinates":[18.602867,49.883294]},"properties":{"lines":"R10, R11","color":"#0059a9","mode":"bus","arr":["R10","R11"],"angle":-83.1,"extra":1}},{"type":"Feature","geometry":{"type":"Point","coordinates":[18.602018,49.878754]},"properties":{"lines":"R10","color":"#0059a9","mode":"bus","arr":["R10"],"angle":-83.6}},{"type":"Feature","geometry":{"type":"Point","coordinates":[18.614697,49.876368]},"properties":{"lines":"R10","color":"#0059a9","mode":"bus","arr":["R10"],"angle":28}},{"type":"Feature","geometry":{"type":"Point","coordinates":[18.622102,49.872739]},"properties":{"lines":"R10","color":"#0059a9","mode":"bus","arr":["R10"],"angle":39.3,"extra":1}},{"type":"Feature","geometry":{"type":"Point","coordinates":[18.609106,49.87774]},"properties":{"lines":"R10","color":"#0059a9","mode":"bus","arr":["R10"],"angle":0.4,"extra":1}},{"type":"Feature","geometry":{"type":"Point","coordinates":[18.617331,49.967947]},"properties":{"lines":"S10, S11, S12, S12A, S13, S14, S15, S16, W11","color":"#0059a9","mode":"bus","arr":["S10","S11","S12","S12A","S13","S14","S15","S16","W11"],"angle":64}},{"type":"Feature","geometry":{"type":"Point","coordinates":[18.612798,49.973141]},"properties":{"lines":"S10, S11, S12, S12A, S13, S14, S15, S16, W11","color":"#0059a9","mode":"bus","arr":["S10","S11","S12","S12A","S13","S14","S15","S16","W11"],"angle":56.1,"extra":1}},{"type":"Feature","geometry":{"type":"Point","coordinates":[18.607121,49.980506]},"properties":{"lines":"S10, S13, W11","color":"#0059a9","mode":"bus","arr":["S10","S13","W11"],"angle":69.8}},{"type":"Feature","geometry":{"type":"Point","coordinates":[18.608584,49.977173]},"properties":{"lines":"S10, S13, W11","color":"#0059a9","mode":"bus","arr":["S10","S13","W11"],"angle":77.2,"extra":1}},{"type":"Feature","geometry":{"type":"Point","coordinates":[18.613143,49.98759]},"properties":{"lines":"S10, S13","color":"#0059a9","mode":"bus","arr":["S10","S13"],"angle":-21}},{"type":"Feature","geometry":{"type":"Point","coordinates":[18.606948,49.986123]},"properties":{"lines":"S10, S13","color":"#0059a9","mode":"bus","arr":["S10","S13"],"angle":-30.9,"extra":1}},{"type":"Feature","geometry":{"type":"Point","coordinates":[18.621666,49.988434]},"properties":{"lines":"S10, S13","color":"#0059a9","mode":"bus","arr":["S10","S13"],"angle":-10.3,"extra":1}},{"type":"Feature","geometry":{"type":"Point","coordinates":[18.625497,49.988598]},"properties":{"lines":"S10, S11, S12, S14, S15, S16","color":"#0059a9","mode":"bus","arr":["S10","S11","S12","S14","S15","S16"],"angle":-2.2}},{"type":"Feature","geometry":{"type":"Point","coordinates":[18.636388,49.994312]},"properties":{"lines":"S10, S12A","color":"#0059a9","mode":"bus","arr":["S10","S12A"],"angle":-42.4}},{"type":"Feature","geometry":{"type":"Point","coordinates":[18.630295,49.9905]},"properties":{"lines":"S10, S12A","color":"#0059a9","mode":"bus","arr":["S10","S12A"],"angle":-2.3,"extra":1}},{"type":"Feature","geometry":{"type":"Point","coordinates":[18.641541,49.996448]},"properties":{"lines":"S10, S12A","color":"#0059a9","mode":"bus","arr":["S10","S12A"],"angle":-31.6,"extra":1}},{"type":"Feature","geometry":{"type":"Point","coordinates":[18.653075,50.003119]},"properties":{"lines":"S10, S12A, S15","color":"#0059a9","mode":"bus","arr":["S10","S12A","S15"],"angle":-31}},{"type":"Feature","geometry":{"type":"Point","coordinates":[18.650198,50.000295]},"properties":{"lines":"S10, S12A, S15","color":"#0059a9","mode":"bus","arr":["S10","S12A","S15"],"angle":-60.3,"extra":1}},{"type":"Feature","geometry":{"type":"Point","coordinates":[18.630856,50.01147]},"properties":{"lines":"S11, S12A, S15","color":"#0059a9","mode":"bus","arr":["S11","S12A","S15"],"angle":15.1}},{"type":"Feature","geometry":{"type":"Point","coordinates":[18.653817,50.007944]},"properties":{"lines":"S11, S12A, S15","color":"#0059a9","mode":"bus","arr":["S11","S12A","S15"],"angle":-6.4,"extra":1}},{"type":"Feature","geometry":{"type":"Point","coordinates":[18.646235,50.007881]},"properties":{"lines":"S11, S12A, S15","color":"#0059a9","mode":"bus","arr":["S11","S12A","S15"],"angle":6.2,"extra":1}},{"type":"Feature","geometry":{"type":"Point","coordinates":[18.63897,50.009418]},"properties":{"lines":"S11, S12A, S15","color":"#0059a9","mode":"bus","arr":["S11","S12A","S15"],"angle":25.3,"extra":1}},{"type":"Feature","geometry":{"type":"Point","coordinates":[18.624717,50.013135]},"properties":{"lines":"S11, S12A, S15","color":"#0059a9","mode":"bus","arr":["S11","S12A","S15"],"angle":23.7,"extra":1}},{"type":"Feature","geometry":{"type":"Point","coordinates":[18.617278,50.014148]},"properties":{"lines":"S11, S12A, S15","color":"#0059a9","mode":"bus","arr":["S11","S12A","S15"],"angle":23.7,"extra":1}},{"type":"Feature","geometry":{"type":"Point","coordinates":[18.610216,50.016134]},"properties":{"lines":"S11, S12A, S15","color":"#0059a9","mode":"bus","arr":["S11","S12A","S15"],"angle":23.8,"extra":1}},{"type":"Feature","geometry":{"type":"Point","coordinates":[18.60489,50.017304]},"properties":{"lines":"S11","color":"#0059a9","mode":"bus","arr":["S11"],"angle":-39.5}},{"type":"Feature","geometry":{"type":"Point","coordinates":[18.604773,50.006972]},"properties":{"lines":"S11, S12, S15","color":"#0059a9","mode":"bus","arr":["S11","S12","S15"],"angle":85.1}},{"type":"Feature","geometry":{"type":"Point","coordinates":[18.603897,50.015114]},"properties":{"lines":"S11, S12, S15","color":"#0059a9","mode":"bus","arr":["S11","S12","S15"],"angle":85.2,"extra":1}},{"type":"Feature","geometry":{"type":"Point","coordinates":[18.604818,50.010218]},"properties":{"lines":"S11, S12, S15","color":"#0059a9","mode":"bus","arr":["S11","S12","S15"],"angle":-86.1,"extra":1}},{"type":"Feature","geometry":{"type":"Point","coordinates":[18.606147,50.000406]},"properties":{"lines":"S11, S12, S15","color":"#0059a9","mode":"bus","arr":["S11","S12","S15"],"angle":77.2,"extra":1}},{"type":"Feature","geometry":{"type":"Point","coordinates":[18.618051,49.994494]},"properties":{"lines":"S11, S12, S13, S14, S15, S16","color":"#0059a9","mode":"bus","arr":["S11","S12","S13","S14","S15","S16"],"angle":55.2}},{"type":"Feature","geometry":{"type":"Point","coordinates":[18.622577,49.990969]},"properties":{"lines":"S11, S12, S13, S14, S15, S16","color":"#0059a9","mode":"bus","arr":["S11","S12","S13","S14","S15","S16"],"angle":71.4,"extra":1}},{"type":"Feature","geometry":{"type":"Point","coordinates":[18.611753,49.997489]},"properties":{"lines":"S11, S12, S13, S14, S15, S16","color":"#0059a9","mode":"bus","arr":["S11","S12","S13","S14","S15","S16"],"angle":45.8,"extra":1}},{"type":"Feature","geometry":{"type":"Point","coordinates":[18.619752,49.981756]},"properties":{"lines":"S11, S12, S12A, S14, S15, S16","color":"#0059a9","mode":"bus","arr":["S11","S12","S12A","S14","S15","S16"],"angle":-45.6}},{"type":"Feature","geometry":{"type":"Point","coordinates":[18.626422,49.986828]},"properties":{"lines":"S11, S12, S12A, S14, S15, S16","color":"#0059a9","mode":"bus","arr":["S11","S12","S12A","S14","S15","S16"],"angle":-61.4,"extra":1}},{"type":"Feature","geometry":{"type":"Point","coordinates":[18.616648,49.979373]},"properties":{"lines":"S11, S12, S12A, S14, S15, S16","color":"#0059a9","mode":"bus","arr":["S11","S12","S12A","S14","S15","S16"],"angle":-52,"extra":1}},{"type":"Feature","geometry":{"type":"Point","coordinates":[18.611788,49.975565]},"properties":{"lines":"S11, S12, S12A, S14, S15, S16","color":"#0059a9","mode":"bus","arr":["S11","S12","S12A","S14","S15","S16"],"angle":-34,"extra":1}},{"type":"Feature","geometry":{"type":"Point","coordinates":[18.6068,49.956167]},"properties":{"lines":"S11, S13","color":"#0059a9","mode":"bus","arr":["S11","S13"],"angle":-6.1}},{"type":"Feature","geometry":{"type":"Point","coordinates":[18.624149,49.987189]},"properties":{"lines":"S11, S12, S14, S15, S16","color":"#0059a9","mode":"bus","arr":["S11","S12","S14","S15","S16"],"angle":37.4}},{"type":"Feature","geometry":{"type":"Point","coordinates":[18.595464,50.021485]},"properties":{"lines":"S12, S12A","color":"#0059a9","mode":"bus","arr":["S12","S12A"],"angle":66.4}},{"type":"Feature","geometry":{"type":"Point","coordinates":[18.592655,50.025902]},"properties":{"lines":"S12, S12A","color":"#0059a9","mode":"bus","arr":["S12","S12A"],"angle":39.5,"extra":1}},{"type":"Feature","geometry":{"type":"Point","coordinates":[18.601429,50.018552]},"properties":{"lines":"S12, S12A","color":"#0059a9","mode":"bus","arr":["S12","S12A"],"angle":29.4,"extra":1}},{"type":"Feature","geometry":{"type":"Point","coordinates":[18.56993,49.96089]},"properties":{"lines":"S13","color":"#0059a9","mode":"bus","arr":["S13"],"angle":81.7}},{"type":"Feature","geometry":{"type":"Point","coordinates":[18.481173,49.998563]},"properties":{"lines":"W09, W10","color":"#0059a9","mode":"bus","arr":["W09","W10"],"angle":63.5}},{"type":"Feature","geometry":{"type":"Point","coordinates":[18.533497,49.973656]},"properties":{"lines":"W09, W10","color":"#0059a9","mode":"bus","arr":["W09","W10"],"angle":48.1}},{"type":"Feature","geometry":{"type":"Point","coordinates":[18.566245,49.957863]},"properties":{"lines":"C19","color":"#0059a9","mode":"bus","arr":["C19"],"angle":-41.2}}]}