{"type":"FeatureCollection","features":[{"type":"Feature","properties":{"lines":"1, 24, 26, 27, 28, 29, 36","arr":["1","24","26","27","28","29","36"],"mode":"bus","angle":35.8,"l0":"1, ","c0":"#79a620","l1":"24, ","c1":"#a72d06","l2":"26, ","c2":"#b59607","l3":"27, ","c3":"#c17aef","l4":"28, ","c4":"#fe6761","l5":"29, ","c5":"#126804","l6":"36","c6":"#19a9a8"},"geometry":{"type":"Point","coordinates":[18.47917,50.103912]}},{"type":"Feature","properties":{"lines":"1, 24, 26, 27, 28, 29, 36","arr":["1","24","26","27","28","29","36"],"mode":"bus","angle":19.6,"extra":1,"ei":0,"l0":"1, ","c0":"#79a620","l1":"24, ","c1":"#a72d06","l2":"26, ","c2":"#b59607","l3":"27, ","c3":"#c17aef","l4":"28, ","c4":"#fe6761","l5":"29, ","c5":"#126804","l6":"36","c6":"#19a9a8"},"geometry":{"type":"Point","coordinates":[18.477493,50.10443]}},{"type":"Feature","properties":{"lines":"27, 28, 29, 36","arr":["27","28","29","36"],"mode":"bus","angle":38.3,"l0":"27, ","c0":"#c17aef","l1":"28, ","c1":"#fe6761","l2":"29, ","c2":"#126804","l3":"36","c3":"#19a9a8"},"geometry":{"type":"Point","coordinates":[18.471874,50.106358]}},{"type":"Feature","properties":{"lines":"27, 28, 29, 36","arr":["27","28","29","36"],"mode":"bus","angle":24.1,"extra":1,"ei":0,"l0":"27, ","c0":"#c17aef","l1":"28, ","c1":"#fe6761","l2":"29, ","c2":"#126804","l3":"36","c3":"#19a9a8"},"geometry":{"type":"Point","coordinates":[18.474733,50.105086]}},{"type":"Feature","properties":{"lines":"27, 28, 29, 36","arr":["27","28","29","36"],"mode":"bus","angle":38.3,"extra":1,"ei":1,"l0":"27, ","c0":"#c17aef","l1":"28, ","c1":"#fe6761","l2":"29, ","c2":"#126804","l3":"36","c3":"#19a9a8"},"geometry":{"type":"Point","coordinates":[18.469994,50.10731]}},{"type":"Feature","properties":{"lines":"1, 24, 26, 27, 28, 29, 36","arr":["1","24","26","27","28","29","36"],"mode":"bus","angle":15.4,"mi":1,"l0":"1, ","c0":"#79a620","l1":"24, ","c1":"#a72d06","l2":"26, ","c2":"#b59607","l3":"27, ","c3":"#c17aef","l4":"28, ","c4":"#fe6761","l5":"29, ","c5":"#126804","l6":"36","c6":"#19a9a8"},"geometry":{"type":"Point","coordinates":[18.491603,50.10156]}},{"type":"Feature","properties":{"lines":"1, 24, 26, 27, 28, 29, 36","arr":["1","24","26","27","28","29","36"],"mode":"bus","angle":9.9,"extra":1,"ei":0,"l0":"1, ","c0":"#79a620","l1":"24, ","c1":"#a72d06","l2":"26, ","c2":"#b59607","l3":"27, ","c3":"#c17aef","l4":"28, ","c4":"#fe6761","l5":"29, ","c5":"#126804","l6":"36","c6":"#19a9a8"},"geometry":{"type":"Point","coordinates":[18.483512,50.102684]}},{"type":"Feature","properties":{"lines":"1, 24, 26, 27, 28, 29, 36","arr":["1","24","26","27","28","29","36"],"mode":"bus","angle":16,"extra":1,"ei":1,"l0":"1, ","c0":"#79a620","l1":"24, ","c1":"#a72d06","l2":"26, ","c2":"#b59607","l3":"27, ","c3":"#c17aef","l4":"28, ","c4":"#fe6761","l5":"29, ","c5":"#126804","l6":"36","c6":"#19a9a8"},"geometry":{"type":"Point","coordinates":[18.486415,50.102374]}},{"type":"Feature","properties":{"lines":"1, 24, 26, 27, 28, 29, 36","arr":["1","24","26","27","28","29","36"],"mode":"bus","angle":11.5,"extra":1,"ei":2,"l0":"1, ","c0":"#79a620","l1":"24, ","c1":"#a72d06","l2":"26, ","c2":"#b59607","l3":"27, ","c3":"#c17aef","l4":"28, ","c4":"#fe6761","l5":"29, ","c5":"#126804","l6":"36","c6":"#19a9a8"},"geometry":{"type":"Point","coordinates":[18.489256,50.101901]}},{"type":"Feature","properties":{"lines":"1, 24, 26, 27, 28, 29, 36","arr":["1","24","26","27","28","29","36"],"mode":"bus","angle":16.8,"extra":1,"ei":3,"l0":"1, ","c0":"#79a620","l1":"24, ","c1":"#a72d06","l2":"26, ","c2":"#b59607","l3":"27, ","c3":"#c17aef","l4":"28, ","c4":"#fe6761","l5":"29, ","c5":"#126804","l6":"36","c6":"#19a9a8"},"geometry":{"type":"Point","coordinates":[18.494938,50.100918]}},{"type":"Feature","properties":{"lines":"1, 24, 26, 27, 28, 29, 36","arr":["1","24","26","27","28","29","36"],"mode":"bus","angle":16.9,"extra":1,"ei":4,"l0":"1, ","c0":"#79a620","l1":"24, ","c1":"#a72d06","l2":"26, ","c2":"#b59607","l3":"27, ","c3":"#c17aef","l4":"28, ","c4":"#fe6761","l5":"29, ","c5":"#126804","l6":"36","c6":"#19a9a8"},"geometry":{"type":"Point","coordinates":[18.497755,50.10037]}},{"type":"Feature","properties":{"lines":"1, 24, 26, 27, 28, 29, 36","arr":["1","24","26","27","28","29","36"],"mode":"bus","angle":16.8,"extra":1,"ei":5,"l0":"1, ","c0":"#79a620","l1":"24, ","c1":"#a72d06","l2":"26, ","c2":"#b59607","l3":"27, ","c3":"#c17aef","l4":"28, ","c4":"#fe6761","l5":"29, ","c5":"#126804","l6":"36","c6":"#19a9a8"},"geometry":{"type":"Point","coordinates":[18.500571,50.099819]}},{"type":"Feature","properties":{"lines":"1, 26, 27, 28, 29, 36","arr":["1","26","27","28","29","36"],"mode":"bus","angle":10.3,"l0":"1, ","c0":"#79a620","l1":"26, ","c1":"#b59607","l2":"27, ","c2":"#c17aef","l3":"28, ","c3":"#fe6761","l4":"29, ","c4":"#126804","l5":"36","c5":"#19a9a8"},"geometry":{"type":"Point","coordinates":[18.507608,50.098836]}},{"type":"Feature","properties":{"lines":"1, 26, 27, 28, 29, 36","arr":["1","26","27","28","29","36"],"mode":"bus","angle":13.2,"extra":1,"ei":0,"l0":"1, ","c0":"#79a620","l1":"26, ","c1":"#b59607","l2":"27, ","c2":"#c17aef","l3":"28, ","c3":"#fe6761","l4":"29, ","c4":"#126804","l5":"36","c5":"#19a9a8"},"geometry":{"type":"Point","coordinates":[18.502366,50.099487]}},{"type":"Feature","properties":{"lines":"1, 26, 27, 28, 29, 36","arr":["1","26","27","28","29","36"],"mode":"bus","angle":10.6,"extra":1,"ei":1,"l0":"1, ","c0":"#79a620","l1":"26, ","c1":"#b59607","l2":"27, ","c2":"#c17aef","l3":"28, ","c3":"#fe6761","l4":"29, ","c4":"#126804","l5":"36","c5":"#19a9a8"},"geometry":{"type":"Point","coordinates":[18.505251,50.099109]}},{"type":"Feature","properties":{"lines":"1, 26, 27, 28, 29, 36","arr":["1","26","27","28","29","36"],"mode":"bus","angle":10.1,"extra":1,"ei":2,"l0":"1, ","c0":"#79a620","l1":"26, ","c1":"#b59607","l2":"27, ","c2":"#c17aef","l3":"28, ","c3":"#fe6761","l4":"29, ","c4":"#126804","l5":"36","c5":"#19a9a8"},"geometry":{"type":"Point","coordinates":[18.511046,50.098442]}},{"type":"Feature","properties":{"lines":"1, 26, 27, 28, 29, 36","arr":["1","26","27","28","29","36"],"mode":"bus","angle":10.1,"extra":1,"ei":3,"l0":"1, ","c0":"#79a620","l1":"26, ","c1":"#b59607","l2":"27, ","c2":"#c17aef","l3":"28, ","c3":"#fe6761","l4":"29, ","c4":"#126804","l5":"36","c5":"#19a9a8"},"geometry":{"type":"Point","coordinates":[18.513945,50.09811]}},{"type":"Feature","properties":{"lines":"1, 27, 33, 43, 46, 48, 52, A, N8","arr":["1","27","33","43","46","48","52","A","N8"],"mode":"bus","angle":-80.1,"l0":"1, ","c0":"#79a620","l1":"27, ","c1":"#c17aef","l2":"33, ","c2":"#ab0377","l3":"43, ","c3":"#ff627e","l4":"46, ","c4":"#119efc","l5":"48, ","c5":"#e47e2b","l6":"52, ","c6":"#07ad80","l7":"A, ","c7":"#8e4604","l8":"N8","c8":"#05617d"},"geometry":{"type":"Point","coordinates":[18.515476,50.099769]}},{"type":"Feature","properties":{"lines":"1, 27, 33, 43, 46, 48, 52, A, N8","arr":["1","27","33","43","46","48","52","A","N8"],"mode":"bus","angle":-22.7,"side":-1,"mi":1,"l0":"1, ","c0":"#79a620","l1":"27, ","c1":"#c17aef","l2":"33, ","c2":"#ab0377","l3":"43, ","c3":"#ff627e","l4":"46, ","c4":"#119efc","l5":"48, ","c5":"#e47e2b","l6":"52, ","c6":"#07ad80","l7":"A, ","c7":"#8e4604","l8":"N8","c8":"#05617d"},"geometry":{"type":"Point","coordinates":[18.516545,50.101734]}},{"type":"Feature","properties":{"lines":"1, 27, 33, 34, 43, 46, 48, 52, A, N8","arr":["1","27","33","34","43","46","48","52","A","N8"],"mode":"bus","angle":13.4,"l0":"1, ","c0":"#79a620","l1":"27, ","c1":"#c17aef","l2":"33, ","c2":"#ab0377","l3":"34, ","c3":"#446303","l4":"43, ","c4":"#ff627e","l5":"46, ","c5":"#119efc","l6":"48, ","c6":"#e47e2b","l7":"52, ","c7":"#07ad80","l8":"A, ","c8":"#8e4604","l9":"N8","c9":"#05617d"},"geometry":{"type":"Point","coordinates":[18.523341,50.101651]}},{"type":"Feature","properties":{"lines":"1, 27, 33, 34, 43, 46, 48, 52, A, N8","arr":["1","27","33","34","43","46","48","52","A","N8"],"mode":"bus","angle":-6,"extra":1,"ei":0,"l0":"1, ","c0":"#79a620","l1":"27, ","c1":"#c17aef","l2":"33, ","c2":"#ab0377","l3":"34, ","c3":"#446303","l4":"43, ","c4":"#ff627e","l5":"46, ","c5":"#119efc","l6":"48, ","c6":"#e47e2b","l7":"52, ","c7":"#07ad80","l8":"A, ","c8":"#8e4604","l9":"N8","c9":"#05617d"},"geometry":{"type":"Point","coordinates":[18.518717,50.101979]}},{"type":"Feature","properties":{"lines":"1, 27, 33, 34, 43, 46, 48, 52, A, N8","arr":["1","27","33","34","43","46","48","52","A","N8"],"mode":"bus","angle":-8.6,"side":-1,"extra":1,"ei":1,"l0":"1, ","c0":"#79a620","l1":"27, ","c1":"#c17aef","l2":"33, ","c2":"#ab0377","l3":"34, ","c3":"#446303","l4":"43, ","c4":"#ff627e","l5":"46, ","c5":"#119efc","l6":"48, ","c6":"#e47e2b","l7":"52, ","c7":"#07ad80","l8":"A, ","c8":"#8e4604","l9":"N8","c9":"#05617d"},"geometry":{"type":"Point","coordinates":[18.52739,50.101568]}},{"type":"Feature","properties":{"lines":"1, 27, 34, 43, 52, A, N8","arr":["1","27","34","43","52","A","N8"],"mode":"bus","angle":-3.4,"side":-1,"l0":"1, ","c0":"#79a620","l1":"27, ","c1":"#c17aef","l2":"34, ","c2":"#446303","l3":"43, ","c3":"#ff627e","l4":"52, ","c4":"#07ad80","l5":"A, ","c5":"#8e4604","l6":"N8","c6":"#05617d"},"geometry":{"type":"Point","coordinates":[18.530647,50.101952]}},{"type":"Feature","properties":{"lines":"1, 3, 6, 24, 27, 34, 43, 45, 52, A, N8","arr":["1","3","6","24","27","34","43","45","52","A","N8"],"mode":"bus","angle":33.1,"l0":"1, ","c0":"#79a620","l1":"3, ","c1":"#1cab97","l2":"6, ","c2":"#126804","l3":"24, ","c3":"#a72d06","l4":"27, ","c4":"#c17aef","l5":"34, ","c5":"#446303","l6":"43, ","c6":"#ff627e","l7":"45, ","c7":"#03636c","l8":"52, ","c8":"#07ad80","l9":"A, ","c9":"#8e4604","l10":"N8","c10":"#05617d"},"geometry":{"type":"Point","coordinates":[18.532241,50.101707]}},{"type":"Feature","properties":{"lines":"1, 2, 3, 4, 5, 9, 10, 14, 16, 17, 18, 19, 22, 24, 27, 34, 43, 45, 51, 300, 301, A, N8","arr":["1","2","3","4","5","9","10","14","16","17","18","19","22","24","27","34","43","45","51","300","301","A","N8"],"mode":"bus","angle":51.9,"side":-1,"l0":"1, ","c0":"#79a620","l1":"2, ","c1":"#cf8a11","l2":"3, ","c2":"#1cab97","l3":"4, ","c3":"#f661b9","l4":"5, ","c4":"#b0045c","l5":"9, ","c5":"#7b3aa8","l6":"10, ","c6":"#79a620","l7":"14, ","c7":"#b11526","l8":"16, ","c8":"#10a5d2","l9":"17, ","c9":"#02af5a","l10":"18, ","c10":"#03636c","l11":"19, ","c11":"#a72d06","l12":"22, ","c12":"#0357b2","l13":"24, ","c13":"#a72d06","l14":"27, ","c14":"#c17aef","l15":"34, ","c15":"#446303","l16":"43, ","c16":"#ff627e","l17":"45, ","c17":"#03636c","l18":"51, ","c18":"#6b5806","l19":"300, ","c19":"#4d4aba","l20":"301, ","c20":"#b0045c","l21":"A, ","c21":"#8e4604","l22":"N8","c22":"#05617d"},"geometry":{"type":"Point","coordinates":[18.533285,50.10102]}},{"type":"Feature","properties":{"lines":"1, 2, 3, 4, 5, 9, 10, 17, 18, 19, 22, 24, 34, 43, A, N8","arr":["1","2","3","4","5","9","10","17","18","19","22","24","34","43","A","N8"],"mode":"bus","angle":13.5,"l0":"1, ","c0":"#79a620","l1":"2, ","c1":"#cf8a11","l2":"3, ","c2":"#1cab97","l3":"4, ","c3":"#f661b9","l4":"5, ","c4":"#b0045c","l5":"9, ","c5":"#7b3aa8","l6":"10, ","c6":"#79a620","l7":"17, ","c7":"#02af5a","l8":"18, ","c8":"#03636c","l9":"19, ","c9":"#a72d06","l10":"22, ","c10":"#0357b2","l11":"24, ","c11":"#a72d06","l12":"34, ","c12":"#446303","l13":"43, ","c13":"#ff627e","l14":"A, ","c14":"#8e4604","l15":"N8","c15":"#05617d"},"geometry":{"type":"Point","coordinates":[18.534623,50.100524]}},{"type":"Feature","properties":{"lines":"1, 2, 3, 4, 5, 7, 9, 10, 17, 18, 19, 22, 24, 34, 43, 300, 301, A, N8","arr":["1","2","3","4","5","7","9","10","17","18","19","22","24","34","43","300","301","A","N8"],"mode":"bus","angle":-28.9,"l0":"1, ","c0":"#79a620","l1":"2, ","c1":"#cf8a11","l2":"3, ","c2":"#1cab97","l3":"4, ","c3":"#f661b9","l4":"5, ","c4":"#b0045c","l5":"7, ","c5":"#f57145","l6":"9, ","c6":"#7b3aa8","l7":"10, ","c7":"#79a620","l8":"17, ","c8":"#02af5a","l9":"18, ","c9":"#03636c","l10":"19, ","c10":"#a72d06","l11":"22, ","c11":"#0357b2","l12":"24, ","c12":"#a72d06","l13":"34, ","c13":"#446303","l14":"43, ","c14":"#ff627e","l15":"300, ","c15":"#4d4aba","l16":"301, ","c16":"#b0045c","l17":"A, ","c17":"#8e4604","l18":"N8","c18":"#05617d"},"geometry":{"type":"Point","coordinates":[18.537004,50.101105]}},{"type":"Feature","properties":{"lines":"1, 2, 3, 4, 5, 6, 9, 10, 17, 18, 19, 22, 43, 300, 301","arr":["1","2","3","4","5","6","9","10","17","18","19","22","43","300","301"],"mode":"bus","angle":3.4,"l0":"1, ","c0":"#79a620","l1":"2, ","c1":"#cf8a11","l2":"3, ","c2":"#1cab97","l3":"4, ","c3":"#f661b9","l4":"5, ","c4":"#b0045c","l5":"6, ","c5":"#126804","l6":"9, ","c6":"#7b3aa8","l7":"10, ","c7":"#79a620","l8":"17, ","c8":"#02af5a","l9":"18, ","c9":"#03636c","l10":"19, ","c10":"#a72d06","l11":"22, ","c11":"#0357b2","l12":"43, ","c12":"#ff627e","l13":"300, ","c13":"#4d4aba","l14":"301","c14":"#b0045c"},"geometry":{"type":"Point","coordinates":[18.541601,50.102212]}},{"type":"Feature","properties":{"lines":"2, 10, 300, 301","arr":["2","10","300","301"],"mode":"bus","angle":6.7,"side":-1,"l0":"2, ","c0":"#cf8a11","l1":"10, ","c1":"#79a620","l2":"300, ","c2":"#4d4aba","l3":"301","c3":"#b0045c"},"geometry":{"type":"Point","coordinates":[18.545436,50.10202]}},{"type":"Feature","properties":{"lines":"1, 2, 3, 4, 5, 6, 9, 10, 17, 18, 19, 22, 43","arr":["1","2","3","4","5","6","9","10","17","18","19","22","43"],"mode":"bus","angle":17.4,"l0":"1, ","c0":"#79a620","l1":"2, ","c1":"#cf8a11","l2":"3, ","c2":"#1cab97","l3":"4, ","c3":"#f661b9","l4":"5, ","c4":"#b0045c","l5":"6, ","c5":"#126804","l6":"9, ","c6":"#7b3aa8","l7":"10, ","c7":"#79a620","l8":"17, ","c8":"#02af5a","l9":"18, ","c9":"#03636c","l10":"19, ","c10":"#a72d06","l11":"22, ","c11":"#0357b2","l12":"43","c12":"#ff627e"},"geometry":{"type":"Point","coordinates":[18.54519,50.101705]}},{"type":"Feature","properties":{"lines":"1, 2, 3, 4, 5, 6, 9, 10, 12, 13, 14, 15, 17, 18, 19, 22, 26, 30, 32, 41, 43, 49, 300, 301, N6, PR","arr":["1","2","3","4","5","6","9","10","12","13","14","15","17","18","19","22","26","30","32","41","43","49","300","301","N6","PR"],"mode":"bus","angle":-76,"l0":"1, ","c0":"#79a620","l1":"2, ","c1":"#cf8a11","l2":"3, ","c2":"#1cab97","l3":"4, ","c3":"#f661b9","l4":"5, ","c4":"#b0045c","l5":"6, ","c5":"#126804","l6":"9, ","c6":"#7b3aa8","l7":"10, ","c7":"#79a620","l8":"12, ","c8":"#ab0377","l9":"13, ","c9":"#05617d","l10":"14, ","c10":"#b11526","l11":"15, ","c11":"#e16cd6","l12":"17, ","c12":"#02af5a","l13":"18, ","c13":"#03636c","l14":"19, ","c14":"#a72d06","l15":"22, ","c15":"#0357b2","l16":"26, ","c16":"#b59607","l17":"30, ","c17":"#5a5d02","l18":"32, ","c18":"#02af5a","l19":"41, ","c19":"#11a2e3","l20":"43, ","c20":"#ff627e","l21":"49, ","c21":"#ff5e9b","l22":"300, ","c22":"#4d4aba","l23":"301, ","c23":"#b0045c","l24":"N6, ","c24":"#9789ff","l25":"PR","c25":"#4d4aba"},"geometry":{"type":"Point","coordinates":[18.545816,50.100869]}},{"type":"Feature","properties":{"lines":"1, 3, 4, 5, 6, 9, 12, 13, 14, 15, 17, 18, 19, 22, 26, 30, 32, 41, 43, 46, 49, 300, 301, N6, PR","arr":["1","3","4","5","6","9","12","13","14","15","17","18","19","22","26","30","32","41","43","46","49","300","301","N6","PR"],"mode":"bus","angle":-64.6,"l0":"1, ","c0":"#79a620","l1":"3, ","c1":"#1cab97","l2":"4, ","c2":"#f661b9","l3":"5, ","c3":"#b0045c","l4":"6, ","c4":"#126804","l5":"9, ","c5":"#7b3aa8","l6":"12, ","c6":"#ab0377","l7":"13, ","c7":"#05617d","l8":"14, ","c8":"#b11526","l9":"15, ","c9":"#e16cd6","l10":"17, ","c10":"#02af5a","l11":"18, ","c11":"#03636c","l12":"19, ","c12":"#a72d06","l13":"22, ","c13":"#0357b2","l14":"26, ","c14":"#b59607","l15":"30, ","c15":"#5a5d02","l16":"32, ","c16":"#02af5a","l17":"41, ","c17":"#11a2e3","l18":"43, ","c18":"#ff627e","l19":"46, ","c19":"#119efc","l20":"49, ","c20":"#ff5e9b","l21":"300, ","c21":"#4d4aba","l22":"301, ","c22":"#b0045c","l23":"N6, ","c23":"#9789ff","l24":"PR","c24":"#4d4aba"},"geometry":{"type":"Point","coordinates":[18.545151,50.09924]}},{"type":"Feature","properties":{"lines":"1, 3, 4, 5, 6, 9, 12, 13, 14, 15, 17, 18, 19, 22, 24, 26, 30, 32, 34, 41, 43, 46, 49, 300, 301, N6, N8, PR","arr":["1","3","4","5","6","9","12","13","14","15","17","18","19","22","24","26","30","32","34","41","43","46","49","300","301","N6","N8","PR"],"mode":"bus","angle":-83.8,"mi":2,"l0":"1, ","c0":"#79a620","l1":"3, ","c1":"#1cab97","l2":"4, ","c2":"#f661b9","l3":"5, ","c3":"#b0045c","l4":"6, ","c4":"#126804","l5":"9, ","c5":"#7b3aa8","l6":"12, ","c6":"#ab0377","l7":"13, ","c7":"#05617d","l8":"14, ","c8":"#b11526","l9":"15, ","c9":"#e16cd6","l10":"17, ","c10":"#02af5a","l11":"18, ","c11":"#03636c","l12":"19, ","c12":"#a72d06","l13":"22, ","c13":"#0357b2","l14":"24, ","c14":"#a72d06","l15":"26, ","c15":"#b59607","l16":"30, ","c16":"#5a5d02","l17":"32, ","c17":"#02af5a","l18":"34, ","c18":"#446303","l19":"41, ","c19":"#11a2e3","l20":"43, ","c20":"#ff627e","l21":"46, ","c21":"#119efc","l22":"49, ","c22":"#ff5e9b","l23":"300, ","c23":"#4d4aba","l24":"301, ","c24":"#b0045c","l25":"N6, ","c25":"#9789ff","l26":"N8, ","c26":"#05617d","l27":"PR","c27":"#4d4aba"},"geometry":{"type":"Point","coordinates":[18.544758,50.098029]}},{"type":"Feature","properties":{"lines":"1, 3, 4, 5, 6, 9, 12, 13, 14, 15, 17, 18, 19, 22, 24, 26, 30, 32, 34, 41, 43, 46, 49, 300, 301, N6, N8, PR","arr":["1","3","4","5","6","9","12","13","14","15","17","18","19","22","24","26","30","32","34","41","43","46","49","300","301","N6","N8","PR"],"mode":"bus","angle":-85,"l0":"1, ","c0":"#79a620","l1":"3, ","c1":"#1cab97","l2":"4, ","c2":"#f661b9","l3":"5, ","c3":"#b0045c","l4":"6, ","c4":"#126804","l5":"9, ","c5":"#7b3aa8","l6":"12, ","c6":"#ab0377","l7":"13, ","c7":"#05617d","l8":"14, ","c8":"#b11526","l9":"15, ","c9":"#e16cd6","l10":"17, ","c10":"#02af5a","l11":"18, ","c11":"#03636c","l12":"19, ","c12":"#a72d06","l13":"22, ","c13":"#0357b2","l14":"24, ","c14":"#a72d06","l15":"26, ","c15":"#b59607","l16":"30, ","c16":"#5a5d02","l17":"32, ","c17":"#02af5a","l18":"34, ","c18":"#446303","l19":"41, ","c19":"#11a2e3","l20":"43, ","c20":"#ff627e","l21":"46, ","c21":"#119efc","l22":"49, ","c22":"#ff5e9b","l23":"300, ","c23":"#4d4aba","l24":"301, ","c24":"#b0045c","l25":"N6, ","c25":"#9789ff","l26":"N8, ","c26":"#05617d","l27":"PR","c27":"#4d4aba"},"geometry":{"type":"Point","coordinates":[18.544631,50.097018]}},{"type":"Feature","properties":{"lines":"1, 3, 4, 5, 6, 9, 12, 13, 14, 15, 17, 18, 19, 22, 24, 26, 30, 32, 34, 41, 43, 46, 49, 300, 301, N6, N8, PR","arr":["1","3","4","5","6","9","12","13","14","15","17","18","19","22","24","26","30","32","34","41","43","46","49","300","301","N6","N8","PR"],"mode":"bus","angle":-82,"mi":1,"l0":"1, ","c0":"#79a620","l1":"3, ","c1":"#1cab97","l2":"4, ","c2":"#f661b9","l3":"5, ","c3":"#b0045c","l4":"6, ","c4":"#126804","l5":"9, ","c5":"#7b3aa8","l6":"12, ","c6":"#ab0377","l7":"13, ","c7":"#05617d","l8":"14, ","c8":"#b11526","l9":"15, ","c9":"#e16cd6","l10":"17, ","c10":"#02af5a","l11":"18, ","c11":"#03636c","l12":"19, ","c12":"#a72d06","l13":"22, ","c13":"#0357b2","l14":"24, ","c14":"#a72d06","l15":"26, ","c15":"#b59607","l16":"30, ","c16":"#5a5d02","l17":"32, ","c17":"#02af5a","l18":"34, ","c18":"#446303","l19":"41, ","c19":"#11a2e3","l20":"43, ","c20":"#ff627e","l21":"46, ","c21":"#119efc","l22":"49, ","c22":"#ff5e9b","l23":"300, ","c23":"#4d4aba","l24":"301, ","c24":"#b0045c","l25":"N6, ","c25":"#9789ff","l26":"N8, ","c26":"#05617d","l27":"PR","c27":"#4d4aba"},"geometry":{"type":"Point","coordinates":[18.544406,50.0962]}},{"type":"Feature","properties":{"lines":"1, 3, 4, 5, 6, 8, 9, 12, 13, 14, 15, 17, 18, 19, 22, 24, 26, 30, 32, 41, 46, 49, 300, 301, N6, N8","arr":["1","3","4","5","6","8","9","12","13","14","15","17","18","19","22","24","26","30","32","41","46","49","300","301","N6","N8"],"mode":"bus","angle":-88.3,"l0":"1, ","c0":"#79a620","l1":"3, ","c1":"#1cab97","l2":"4, ","c2":"#f661b9","l3":"5, ","c3":"#b0045c","l4":"6, ","c4":"#126804","l5":"8, ","c5":"#03636c","l6":"9, ","c6":"#7b3aa8","l7":"12, ","c7":"#ab0377","l8":"13, ","c8":"#05617d","l9":"14, ","c9":"#b11526","l10":"15, ","c10":"#e16cd6","l11":"17, ","c11":"#02af5a","l12":"18, ","c12":"#03636c","l13":"19, ","c13":"#a72d06","l14":"22, ","c14":"#0357b2","l15":"24, ","c15":"#a72d06","l16":"26, ","c16":"#b59607","l17":"30, ","c17":"#5a5d02","l18":"32, ","c18":"#02af5a","l19":"41, ","c19":"#11a2e3","l20":"46, ","c20":"#119efc","l21":"49, ","c21":"#ff5e9b","l22":"300, ","c22":"#4d4aba","l23":"301, ","c23":"#b0045c","l24":"N6, ","c24":"#9789ff","l25":"N8","c25":"#05617d"},"geometry":{"type":"Point","coordinates":[18.544268,50.09525]}},{"type":"Feature","properties":{"lines":"1, 3, 4, 5, 6, 8, 9, 12, 13, 14, 15, 17, 18, 19, 22, 24, 26, 30, 32, 41, 46, 49, 300, 301, N6, N8","arr":["1","3","4","5","6","8","9","12","13","14","15","17","18","19","22","24","26","30","32","41","46","49","300","301","N6","N8"],"mode":"bus","angle":88.2,"mi":1,"l0":"1, ","c0":"#79a620","l1":"3, ","c1":"#1cab97","l2":"4, ","c2":"#f661b9","l3":"5, ","c3":"#b0045c","l4":"6, ","c4":"#126804","l5":"8, ","c5":"#03636c","l6":"9, ","c6":"#7b3aa8","l7":"12, ","c7":"#ab0377","l8":"13, ","c8":"#05617d","l9":"14, ","c9":"#b11526","l10":"15, ","c10":"#e16cd6","l11":"17, ","c11":"#02af5a","l12":"18, ","c12":"#03636c","l13":"19, ","c13":"#a72d06","l14":"22, ","c14":"#0357b2","l15":"24, ","c15":"#a72d06","l16":"26, ","c16":"#b59607","l17":"30, ","c17":"#5a5d02","l18":"32, ","c18":"#02af5a","l19":"41, ","c19":"#11a2e3","l20":"46, ","c20":"#119efc","l21":"49, ","c21":"#ff5e9b","l22":"300, ","c22":"#4d4aba","l23":"301, ","c23":"#b0045c","l24":"N6, ","c24":"#9789ff","l25":"N8","c25":"#05617d"},"geometry":{"type":"Point","coordinates":[18.544251,50.094176]}},{"type":"Feature","properties":{"lines":"1, 9, 16, 46A, 51, N6, N8","arr":["1","9","16","46A","51","N6","N8"],"mode":"bus","angle":10.8,"mi":1,"l0":"1, ","c0":"#79a620","l1":"9, ","c1":"#7b3aa8","l2":"16, ","c2":"#10a5d2","l3":"46A, ","c3":"#4d4aba","l4":"51, ","c4":"#6b5806","l5":"N6, ","c5":"#9789ff","l6":"N8","c6":"#05617d"},"geometry":{"type":"Point","coordinates":[18.542792,50.093877]}},{"type":"Feature","properties":{"lines":"1, 9, 16, 46A, 51, N6, N8","arr":["1","9","16","46A","51","N6","N8"],"mode":"bus","angle":84.4,"l0":"1, ","c0":"#79a620","l1":"9, ","c1":"#7b3aa8","l2":"16, ","c2":"#10a5d2","l3":"46A, ","c3":"#4d4aba","l4":"51, ","c4":"#6b5806","l5":"N6, ","c5":"#9789ff","l6":"N8","c6":"#05617d"},"geometry":{"type":"Point","coordinates":[18.54196,50.093339]}},{"type":"Feature","properties":{"lines":"1, 2, 3, 4, 6, 9, 16, 26, 27, 28, 29, 33, 36, 43, 45, 46, 46A, 48, 51, A, N6, N8","arr":["1","2","3","4","6","9","16","26","27","28","29","33","36","43","45","46","46A","48","51","A","N6","N8"],"mode":"bus","angle":41.3,"l0":"1, ","c0":"#79a620","l1":"2, ","c1":"#cf8a11","l2":"3, ","c2":"#1cab97","l3":"4, ","c3":"#f661b9","l4":"6, ","c4":"#126804","l5":"9, ","c5":"#7b3aa8","l6":"16, ","c6":"#10a5d2","l7":"26, ","c7":"#b59607","l8":"27, ","c8":"#c17aef","l9":"28, ","c9":"#fe6761","l10":"29, ","c10":"#126804","l11":"33, ","c11":"#ab0377","l12":"36, ","c12":"#19a9a8","l13":"43, ","c13":"#ff627e","l14":"45, ","c14":"#03636c","l15":"46, ","c15":"#119efc","l16":"46A, ","c16":"#4d4aba","l17":"48, ","c17":"#e47e2b","l18":"51, ","c18":"#6b5806","l19":"A, ","c19":"#8e4604","l20":"N6, ","c20":"#9789ff","l21":"N8","c21":"#05617d"},"geometry":{"type":"Point","coordinates":[18.541245,50.09317]}},{"type":"Feature","properties":{"lines":"1, 2, 3, 4, 6, 7, 9, 16, 26, 27, 28, 29, 33, 36, 43, 45, 46, 48, 51, A, N6, N8","arr":["1","2","3","4","6","7","9","16","26","27","28","29","33","36","43","45","46","48","51","A","N6","N8"],"mode":"bus","angle":6,"l0":"1, ","c0":"#79a620","l1":"2, ","c1":"#cf8a11","l2":"3, ","c2":"#1cab97","l3":"4, ","c3":"#f661b9","l4":"6, ","c4":"#126804","l5":"7, ","c5":"#f57145","l6":"9, ","c6":"#7b3aa8","l7":"16, ","c7":"#10a5d2","l8":"26, ","c8":"#b59607","l9":"27, ","c9":"#c17aef","l10":"28, ","c10":"#fe6761","l11":"29, ","c11":"#126804","l12":"33, ","c12":"#ab0377","l13":"36, ","c13":"#19a9a8","l14":"43, ","c14":"#ff627e","l15":"45, ","c15":"#03636c","l16":"46, ","c16":"#119efc","l17":"48, ","c17":"#e47e2b","l18":"51, ","c18":"#6b5806","l19":"A, ","c19":"#8e4604","l20":"N6, ","c20":"#9789ff","l21":"N8","c21":"#05617d"},"geometry":{"type":"Point","coordinates":[18.539195,50.093621]}},{"type":"Feature","properties":{"lines":"1, 2, 3, 4, 6, 7, 16, 26, 27, 28, 29, 33, 36, 43, 45, 46, 48, 51, A, N6","arr":["1","2","3","4","6","7","16","26","27","28","29","33","36","43","45","46","48","51","A","N6"],"mode":"bus","angle":51.6,"l0":"1, ","c0":"#79a620","l1":"2, ","c1":"#cf8a11","l2":"3, ","c2":"#1cab97","l3":"4, ","c3":"#f661b9","l4":"6, ","c4":"#126804","l5":"7, ","c5":"#f57145","l6":"16, ","c6":"#10a5d2","l7":"26, ","c7":"#b59607","l8":"27, ","c8":"#c17aef","l9":"28, ","c9":"#fe6761","l10":"29, ","c10":"#126804","l11":"33, ","c11":"#ab0377","l12":"36, ","c12":"#19a9a8","l13":"43, ","c13":"#ff627e","l14":"45, ","c14":"#03636c","l15":"46, ","c15":"#119efc","l16":"48, ","c16":"#e47e2b","l17":"51, ","c17":"#6b5806","l18":"A, ","c18":"#8e4604","l19":"N6","c19":"#9789ff"},"geometry":{"type":"Point","coordinates":[18.537451,50.094203]}},{"type":"Feature","properties":{"lines":"4, 7, 16, 26, 27, 28, 29, 36, 45, 46, 51, A","arr":["4","7","16","26","27","28","29","36","45","46","51","A"],"mode":"bus","angle":88.4,"l0":"4, ","c0":"#f661b9","l1":"7, ","c1":"#f57145","l2":"16, ","c2":"#10a5d2","l3":"26, ","c3":"#b59607","l4":"27, ","c4":"#c17aef","l5":"28, ","c5":"#fe6761","l6":"29, ","c6":"#126804","l7":"36, ","c7":"#19a9a8","l8":"45, ","c8":"#03636c","l9":"46, ","c9":"#119efc","l10":"51, ","c10":"#6b5806","l11":"A","c11":"#8e4604"},"geometry":{"type":"Point","coordinates":[18.536981,50.094854]}},{"type":"Feature","properties":{"lines":"1, 2, 3, 6, 33, 43, 48, N6","arr":["1","2","3","6","33","43","48","N6"],"mode":"bus","angle":-18.5,"mi":1,"l0":"1, ","c0":"#79a620","l1":"2, ","c1":"#cf8a11","l2":"3, ","c2":"#1cab97","l3":"6, ","c3":"#126804","l4":"33, ","c4":"#ab0377","l5":"43, ","c5":"#ff627e","l6":"48, ","c6":"#e47e2b","l7":"N6","c7":"#9789ff"},"geometry":{"type":"Point","coordinates":[18.536546,50.094352]}},{"type":"Feature","properties":{"lines":"1, 2, 3, 6, 33, 43, 48, N6","arr":["1","2","3","6","33","43","48","N6"],"mode":"bus","angle":-64.9,"l0":"1, ","c0":"#79a620","l1":"2, ","c1":"#cf8a11","l2":"3, ","c2":"#1cab97","l3":"6, ","c3":"#126804","l4":"33, ","c4":"#ab0377","l5":"43, ","c5":"#ff627e","l6":"48, ","c6":"#e47e2b","l7":"N6","c7":"#9789ff"},"geometry":{"type":"Point","coordinates":[18.534867,50.092765]}},{"type":"Feature","properties":{"lines":"1, 2, 3, 6, 33, 43, 48, N6","arr":["1","2","3","6","33","43","48","N6"],"mode":"bus","angle":-65,"extra":1,"ei":0,"l0":"1, ","c0":"#79a620","l1":"2, ","c1":"#cf8a11","l2":"3, ","c2":"#1cab97","l3":"6, ","c3":"#126804","l4":"33, ","c4":"#ab0377","l5":"43, ","c5":"#ff627e","l6":"48, ","c6":"#e47e2b","l7":"N6","c7":"#9789ff"},"geometry":{"type":"Point","coordinates":[18.534067,50.091675]}},{"type":"Feature","properties":{"lines":"1, 2, 3, 6, 7, 33, 43, 48, N6","arr":["1","2","3","6","7","33","43","48","N6"],"mode":"bus","angle":-64.7,"l0":"1, ","c0":"#79a620","l1":"2, ","c1":"#cf8a11","l2":"3, ","c2":"#1cab97","l3":"6, ","c3":"#126804","l4":"7, ","c4":"#f57145","l5":"33, ","c5":"#ab0377","l6":"43, ","c6":"#ff627e","l7":"48, ","c7":"#e47e2b","l8":"N6","c8":"#9789ff"},"geometry":{"type":"Point","coordinates":[18.533182,50.090475]}},{"type":"Feature","properties":{"lines":"1, 2, 3, 4, 6, 7, 8, A, N6, W10","arr":["1","2","3","4","6","7","8","A","N6","W10"],"mode":"bus","angle":-61.7,"l0":"1, ","c0":"#79a620","l1":"2, ","c1":"#cf8a11","l2":"3, ","c2":"#1cab97","l3":"4, ","c3":"#f661b9","l4":"6, ","c4":"#126804","l5":"7, ","c5":"#f57145","l6":"8, ","c6":"#03636c","l7":"A, ","c7":"#8e4604","l8":"N6, ","c8":"#9789ff","l9":"W10","c9":"#6b5806"},"geometry":{"type":"Point","coordinates":[18.532312,50.089228]}},{"type":"Feature","properties":{"lines":"1, 2, 3, 4, 6, 7, 8, 9, A, N6, W10","arr":["1","2","3","4","6","7","8","9","A","N6","W10"],"mode":"bus","angle":-64.5,"mi":1,"l0":"1, ","c0":"#79a620","l1":"2, ","c1":"#cf8a11","l2":"3, ","c2":"#1cab97","l3":"4, ","c3":"#f661b9","l4":"6, ","c4":"#126804","l5":"7, ","c5":"#f57145","l6":"8, ","c6":"#03636c","l7":"9, ","c7":"#7b3aa8","l8":"A, ","c8":"#8e4604","l9":"N6, ","c9":"#9789ff","l10":"W10","c10":"#6b5806"},"geometry":{"type":"Point","coordinates":[18.530827,50.087299]}},{"type":"Feature","properties":{"lines":"1, 2, 3, 4, 6, 7, 8, 9, A, N6, W10","arr":["1","2","3","4","6","7","8","9","A","N6","W10"],"mode":"bus","angle":-64.7,"l0":"1, ","c0":"#79a620","l1":"2, ","c1":"#cf8a11","l2":"3, ","c2":"#1cab97","l3":"4, ","c3":"#f661b9","l4":"6, ","c4":"#126804","l5":"7, ","c5":"#f57145","l6":"8, ","c6":"#03636c","l7":"9, ","c7":"#7b3aa8","l8":"A, ","c8":"#8e4604","l9":"N6, ","c9":"#9789ff","l10":"W10","c10":"#6b5806"},"geometry":{"type":"Point","coordinates":[18.528117,50.08365]}},{"type":"Feature","properties":{"lines":"1, 2, 3, 4, 6, 7, 8, 9, A, N6, W10","arr":["1","2","3","4","6","7","8","9","A","N6","W10"],"mode":"bus","angle":-65.1,"extra":1,"ei":0,"l0":"1, ","c0":"#79a620","l1":"2, ","c1":"#cf8a11","l2":"3, ","c2":"#1cab97","l3":"4, ","c3":"#f661b9","l4":"6, ","c4":"#126804","l5":"7, ","c5":"#f57145","l6":"8, ","c6":"#03636c","l7":"9, ","c7":"#7b3aa8","l8":"A, ","c8":"#8e4604","l9":"N6, ","c9":"#9789ff","l10":"W10","c10":"#6b5806"},"geometry":{"type":"Point","coordinates":[18.527233,50.082444]}},{"type":"Feature","properties":{"lines":"1, 7, N6","arr":["1","7","N6"],"mode":"bus","angle":-5.9,"mi":1,"l0":"1, ","c0":"#79a620","l1":"7, ","c1":"#f57145","l2":"N6","c2":"#9789ff"},"geometry":{"type":"Point","coordinates":[18.523959,50.08309]}},{"type":"Feature","properties":{"lines":"1, 7, N6","arr":["1","7","N6"],"mode":"bus","angle":20.6,"extra":1,"ei":0,"l0":"1, ","c0":"#79a620","l1":"7, ","c1":"#f57145","l2":"N6","c2":"#9789ff"},"geometry":{"type":"Point","coordinates":[18.521978,50.083367]}},{"type":"Feature","properties":{"lines":"1, 7, N6","arr":["1","7","N6"],"mode":"bus","angle":-35.8,"l0":"1, ","c0":"#79a620","l1":"7, ","c1":"#f57145","l2":"N6","c2":"#9789ff"},"geometry":{"type":"Point","coordinates":[18.515114,50.082198]}},{"type":"Feature","properties":{"lines":"1, 7, N6","arr":["1","7","N6"],"mode":"bus","angle":-51.3,"extra":1,"ei":0,"l0":"1, ","c0":"#79a620","l1":"7, ","c1":"#f57145","l2":"N6","c2":"#9789ff"},"geometry":{"type":"Point","coordinates":[18.512126,50.080088]}},{"type":"Feature","properties":{"lines":"1, 7, N6","arr":["1","7","N6"],"mode":"bus","angle":-20.2,"extra":1,"ei":1,"l0":"1, ","c0":"#79a620","l1":"7, ","c1":"#f57145","l2":"N6","c2":"#9789ff"},"geometry":{"type":"Point","coordinates":[18.519098,50.08334]}},{"type":"Feature","properties":{"lines":"1, N6","arr":["1","N6"],"mode":"bus","angle":-37.5,"l0":"1, ","c0":"#79a620","l1":"N6","c1":"#9789ff"},"geometry":{"type":"Point","coordinates":[18.504203,50.074872]}},{"type":"Feature","properties":{"lines":"1, N6","arr":["1","N6"],"mode":"bus","angle":-51.4,"extra":1,"ei":0,"l0":"1, ","c0":"#79a620","l1":"N6","c1":"#9789ff"},"geometry":{"type":"Point","coordinates":[18.510288,50.078613]}},{"type":"Feature","properties":{"lines":"1, N6","arr":["1","N6"],"mode":"bus","angle":-42.9,"extra":1,"ei":1,"l0":"1, ","c0":"#79a620","l1":"N6","c1":"#9789ff"},"geometry":{"type":"Point","coordinates":[18.508266,50.077244]}},{"type":"Feature","properties":{"lines":"1, N6","arr":["1","N6"],"mode":"bus","angle":-42.7,"extra":1,"ei":2,"l0":"1, ","c0":"#79a620","l1":"N6","c1":"#9789ff"},"geometry":{"type":"Point","coordinates":[18.506109,50.075959]}},{"type":"Feature","properties":{"lines":"1, N6","arr":["1","N6"],"mode":"bus","angle":-45.9,"extra":1,"ei":3,"l0":"1, ","c0":"#79a620","l1":"N6","c1":"#9789ff"},"geometry":{"type":"Point","coordinates":[18.501495,50.073646]}},{"type":"Feature","properties":{"lines":"1, N6","arr":["1","N6"],"mode":"bus","angle":-72.4,"extra":1,"ei":4,"l0":"1, ","c0":"#79a620","l1":"N6","c1":"#9789ff"},"geometry":{"type":"Point","coordinates":[18.500052,50.072016]}},{"type":"Feature","properties":{"lines":"1, N6","arr":["1","N6"],"mode":"bus","angle":-80.9,"extra":1,"ei":5,"l0":"1, ","c0":"#79a620","l1":"N6","c1":"#9789ff"},"geometry":{"type":"Point","coordinates":[18.499736,50.070148]}},{"type":"Feature","properties":{"lines":"1, 2, 3, 4, 9, N6","arr":["1","2","3","4","9","N6"],"mode":"bus","angle":-63.9,"l0":"1, ","c0":"#79a620","l1":"2, ","c1":"#cf8a11","l2":"3, ","c2":"#1cab97","l3":"4, ","c3":"#f661b9","l4":"9, ","c4":"#7b3aa8","l5":"N6","c5":"#9789ff"},"geometry":{"type":"Point","coordinates":[18.498628,50.068542]}},{"type":"Feature","properties":{"lines":"1","arr":["1"],"mode":"bus","angle":-14.4,"l0":"1","c0":"#79a620"},"geometry":{"type":"Point","coordinates":[18.497644,50.068037]}},{"type":"Feature","properties":{"lines":"1, 24, N6","arr":["1","24","N6"],"mode":"bus","angle":52.4,"l0":"1, ","c0":"#79a620","l1":"24, ","c1":"#a72d06","l2":"N6","c2":"#9789ff"},"geometry":{"type":"Point","coordinates":[18.494627,50.070565]}},{"type":"Feature","properties":{"lines":"1, 24, N6","arr":["1","24","N6"],"mode":"bus","angle":56.2,"extra":1,"ei":0,"l0":"1, ","c0":"#79a620","l1":"24, ","c1":"#a72d06","l2":"N6","c2":"#9789ff"},"geometry":{"type":"Point","coordinates":[18.496811,50.068159]}},{"type":"Feature","properties":{"lines":"1, 24, N6","arr":["1","24","N6"],"mode":"bus","angle":24.5,"extra":1,"ei":1,"l0":"1, ","c0":"#79a620","l1":"24, ","c1":"#a72d06","l2":"N6","c2":"#9789ff"},"geometry":{"type":"Point","coordinates":[18.491837,50.072704]}},{"type":"Feature","properties":{"lines":"1, N6","arr":["1","N6"],"mode":"bus","angle":-15.5,"l0":"1, ","c0":"#79a620","l1":"N6","c1":"#9789ff"},"geometry":{"type":"Point","coordinates":[18.484502,50.072278]}},{"type":"Feature","properties":{"lines":"1, N6","arr":["1","N6"],"mode":"bus","angle":7.7,"extra":1,"ei":0,"l0":"1, ","c0":"#79a620","l1":"N6","c1":"#9789ff"},"geometry":{"type":"Point","coordinates":[18.479835,50.072192]}},{"type":"Feature","properties":{"lines":"1, N6","arr":["1","N6"],"mode":"bus","angle":-8.9,"extra":1,"ei":1,"l0":"1, ","c0":"#79a620","l1":"N6","c1":"#9789ff"},"geometry":{"type":"Point","coordinates":[18.488452,50.073072]}},{"type":"Feature","properties":{"lines":"1, N6","arr":["1","N6"],"mode":"bus","angle":-9.7,"mi":1,"l0":"1, ","c0":"#79a620","l1":"N6","c1":"#9789ff"},"geometry":{"type":"Point","coordinates":[18.473147,50.070992]}},{"type":"Feature","properties":{"lines":"1, N6","arr":["1","N6"],"mode":"bus","angle":-20,"extra":1,"ei":0,"l0":"1, ","c0":"#79a620","l1":"N6","c1":"#9789ff"},"geometry":{"type":"Point","coordinates":[18.477517,50.071417]}},{"type":"Feature","properties":{"lines":"1, N6","arr":["1","N6"],"mode":"bus","angle":8.5,"extra":1,"ei":1,"l0":"1, ","c0":"#79a620","l1":"N6","c1":"#9789ff"},"geometry":{"type":"Point","coordinates":[18.468759,50.07092]}},{"type":"Feature","properties":{"lines":"1, 4, 9, 23, N6","arr":["1","4","9","23","N6"],"mode":"bus","angle":-76.3,"l0":"1, ","c0":"#79a620","l1":"4, ","c1":"#f661b9","l2":"9, ","c2":"#7b3aa8","l3":"23, ","c3":"#19a9a8","l4":"N6","c4":"#9789ff"},"geometry":{"type":"Point","coordinates":[18.466731,50.066121]}},{"type":"Feature","properties":{"lines":"1, 4, 9, 23, N6","arr":["1","4","9","23","N6"],"mode":"bus","angle":79.2,"extra":1,"ei":0,"l0":"1, ","c0":"#79a620","l1":"4, ","c1":"#f661b9","l2":"9, ","c2":"#7b3aa8","l3":"23, ","c3":"#19a9a8","l4":"N6","c4":"#9789ff"},"geometry":{"type":"Point","coordinates":[18.467712,50.069903]}},{"type":"Feature","properties":{"lines":"1, 4, 9, 23, N6","arr":["1","4","9","23","N6"],"mode":"bus","angle":-76.1,"extra":1,"ei":1,"l0":"1, ","c0":"#79a620","l1":"4, ","c1":"#f661b9","l2":"9, ","c2":"#7b3aa8","l3":"23, ","c3":"#19a9a8","l4":"N6","c4":"#9789ff"},"geometry":{"type":"Point","coordinates":[18.467471,50.068047]}},{"type":"Feature","properties":{"lines":"1, 4, 9, 23, N6","arr":["1","4","9","23","N6"],"mode":"bus","angle":-77,"extra":1,"ei":2,"l0":"1, ","c0":"#79a620","l1":"4, ","c1":"#f661b9","l2":"9, ","c2":"#7b3aa8","l3":"23, ","c3":"#19a9a8","l4":"N6","c4":"#9789ff"},"geometry":{"type":"Point","coordinates":[18.46607,50.064379]}},{"type":"Feature","properties":{"lines":"1, 4, 9, 23, N6","arr":["1","4","9","23","N6"],"mode":"bus","angle":-82.9,"extra":1,"ei":3,"l0":"1, ","c0":"#79a620","l1":"4, ","c1":"#f661b9","l2":"9, ","c2":"#7b3aa8","l3":"23, ","c3":"#19a9a8","l4":"N6","c4":"#9789ff"},"geometry":{"type":"Point","coordinates":[18.465612,50.062514]}},{"type":"Feature","properties":{"lines":"1, 4, 9, 23, 24, N6","arr":["1","4","9","23","24","N6"],"mode":"bus","angle":37.9,"l0":"1, ","c0":"#79a620","l1":"4, ","c1":"#f661b9","l2":"9, ","c2":"#7b3aa8","l3":"23, ","c3":"#19a9a8","l4":"24, ","c4":"#a72d06","l5":"N6","c5":"#9789ff"},"geometry":{"type":"Point","coordinates":[18.466761,50.060992]}},{"type":"Feature","properties":{"lines":"1, 23, N6","arr":["1","23","N6"],"mode":"bus","angle":63.5,"l0":"1, ","c0":"#79a620","l1":"23, ","c1":"#19a9a8","l2":"N6","c2":"#9789ff"},"geometry":{"type":"Point","coordinates":[18.467937,50.060285]}},{"type":"Feature","properties":{"lines":"1, 23, N6","arr":["1","23","N6"],"mode":"bus","angle":-84.4,"mi":1,"l0":"1, ","c0":"#79a620","l1":"23, ","c1":"#19a9a8","l2":"N6","c2":"#9789ff"},"geometry":{"type":"Point","coordinates":[18.467757,50.057759]}},{"type":"Feature","properties":{"lines":"1, 23, N6","arr":["1","23","N6"],"mode":"bus","angle":-83.5,"extra":1,"ei":0,"l0":"1, ","c0":"#79a620","l1":"23, ","c1":"#19a9a8","l2":"N6","c2":"#9789ff"},"geometry":{"type":"Point","coordinates":[18.467978,50.059037]}},{"type":"Feature","properties":{"lines":"1, 8, 23, 207, 209, 210, N6, W59","arr":["1","8","23","207","209","210","N6","W59"],"mode":"bus","angle":-82.4,"l0":"1, ","c0":"#79a620","l1":"8, ","c1":"#03636c","l2":"23, ","c2":"#19a9a8","l3":"207, ","c3":"#f661b9","l4":"209, ","c4":"#b11526","l5":"210, ","c5":"#126804","l6":"N6, ","c6":"#9789ff","l7":"W59","c7":"#b20b42"},"geometry":{"type":"Point","coordinates":[18.470328,50.052998]}},{"type":"Feature","properties":{"lines":"1, 8, 23, 207, 209, 210, N6, W59","arr":["1","8","23","207","209","210","N6","W59"],"mode":"bus","angle":39.1,"extra":1,"ei":0,"l0":"1, ","c0":"#79a620","l1":"8, ","c1":"#03636c","l2":"23, ","c2":"#19a9a8","l3":"207, ","c3":"#f661b9","l4":"209, ","c4":"#b11526","l5":"210, ","c5":"#126804","l6":"N6, ","c6":"#9789ff","l7":"W59","c7":"#b20b42"},"geometry":{"type":"Point","coordinates":[18.469975,50.055443]}},{"type":"Feature","properties":{"lines":"1, 8, 23, 207, 209, 210, N6, W59","arr":["1","8","23","207","209","210","N6","W59"],"mode":"bus","angle":64.6,"extra":1,"ei":1,"l0":"1, ","c0":"#79a620","l1":"8, ","c1":"#03636c","l2":"23, ","c2":"#19a9a8","l3":"207, ","c3":"#f661b9","l4":"209, ","c4":"#b11526","l5":"210, ","c5":"#126804","l6":"N6, ","c6":"#9789ff","l7":"W59","c7":"#b20b42"},"geometry":{"type":"Point","coordinates":[18.470373,50.051828]}},{"type":"Feature","properties":{"lines":"1, 8, 23, 207, 209, 210, N6, W59","arr":["1","8","23","207","209","210","N6","W59"],"mode":"bus","angle":33.7,"extra":1,"ei":2,"l0":"1, ","c0":"#79a620","l1":"8, ","c1":"#03636c","l2":"23, ","c2":"#19a9a8","l3":"207, ","c3":"#f661b9","l4":"209, ","c4":"#b11526","l5":"210, ","c5":"#126804","l6":"N6, ","c6":"#9789ff","l7":"W59","c7":"#b20b42"},"geometry":{"type":"Point","coordinates":[18.472687,50.050698]}},{"type":"Feature","properties":{"lines":"1, 2, 3, 6, 8, 201, 202, 203, 207, 209, 210, W59","arr":["1","2","3","6","8","201","202","203","207","209","210","W59"],"mode":"bus","angle":29.9,"l0":"1, ","c0":"#79a620","l1":"2, ","c1":"#cf8a11","l2":"3, ","c2":"#1cab97","l3":"6, ","c3":"#126804","l4":"8, ","c4":"#03636c","l5":"201, ","c5":"#1da8b6","l6":"202, ","c6":"#095d97","l7":"203, ","c7":"#f57145","l8":"207, ","c8":"#f661b9","l9":"209, ","c9":"#b11526","l10":"210, ","c10":"#126804","l11":"W59","c11":"#b20b42"},"geometry":{"type":"Point","coordinates":[18.474599,50.049948]}},{"type":"Feature","properties":{"lines":"1, 2, 3, 6, 8, 201, 202, 207, 209, 210","arr":["1","2","3","6","8","201","202","207","209","210"],"mode":"bus","angle":29.5,"l0":"1, ","c0":"#79a620","l1":"2, ","c1":"#cf8a11","l2":"3, ","c2":"#1cab97","l3":"6, ","c3":"#126804","l4":"8, ","c4":"#03636c","l5":"201, ","c5":"#1da8b6","l6":"202, ","c6":"#095d97","l7":"207, ","c7":"#f661b9","l8":"209, ","c8":"#b11526","l9":"210","c9":"#126804"},"geometry":{"type":"Point","coordinates":[18.477291,50.048961]}},{"type":"Feature","properties":{"lines":"1, 2, 3, 6, 201, 202, 207, 209, 210","arr":["1","2","3","6","201","202","207","209","210"],"mode":"bus","angle":56.3,"l0":"1, ","c0":"#79a620","l1":"2, ","c1":"#cf8a11","l2":"3, ","c2":"#1cab97","l3":"6, ","c3":"#126804","l4":"201, ","c4":"#1da8b6","l5":"202, ","c5":"#095d97","l6":"207, ","c6":"#f661b9","l7":"209, ","c7":"#b11526","l8":"210","c8":"#126804"},"geometry":{"type":"Point","coordinates":[18.483696,50.04574]}},{"type":"Feature","properties":{"lines":"1, 2, 3, 6, 201, 202, 207, 209, 210","arr":["1","2","3","6","201","202","207","209","210"],"mode":"bus","angle":29.4,"extra":1,"ei":0,"l0":"1, ","c0":"#79a620","l1":"2, ","c1":"#cf8a11","l2":"3, ","c2":"#1cab97","l3":"6, ","c3":"#126804","l4":"201, ","c4":"#1da8b6","l5":"202, ","c5":"#095d97","l6":"207, ","c6":"#f661b9","l7":"209, ","c7":"#b11526","l8":"210","c8":"#126804"},"geometry":{"type":"Point","coordinates":[18.479479,50.04816]}},{"type":"Feature","properties":{"lines":"1, 2, 3, 6, 201, 202, 207, 209, 210","arr":["1","2","3","6","201","202","207","209","210"],"mode":"bus","angle":40.2,"extra":1,"ei":1,"l0":"1, ","c0":"#79a620","l1":"2, ","c1":"#cf8a11","l2":"3, ","c2":"#1cab97","l3":"6, ","c3":"#126804","l4":"201, ","c4":"#1da8b6","l5":"202, ","c5":"#095d97","l6":"207, ","c6":"#f661b9","l7":"209, ","c7":"#b11526","l8":"210","c8":"#126804"},"geometry":{"type":"Point","coordinates":[18.481998,50.047187]}},{"type":"Feature","properties":{"lines":"1, 2, 3, 6, 201, 202, 207, 209, 210","arr":["1","2","3","6","201","202","207","209","210"],"mode":"bus","angle":55.6,"extra":1,"ei":2,"l0":"1, ","c0":"#79a620","l1":"2, ","c1":"#cf8a11","l2":"3, ","c2":"#1cab97","l3":"6, ","c3":"#126804","l4":"201, ","c4":"#1da8b6","l5":"202, ","c5":"#095d97","l6":"207, ","c6":"#f661b9","l7":"209, ","c7":"#b11526","l8":"210","c8":"#126804"},"geometry":{"type":"Point","coordinates":[18.485445,50.044135]}},{"type":"Feature","properties":{"lines":"1, 2, 3, 6, 201, 202, 207, 209, 210","arr":["1","2","3","6","201","202","207","209","210"],"mode":"bus","angle":55.8,"extra":1,"ei":3,"l0":"1, ","c0":"#79a620","l1":"2, ","c1":"#cf8a11","l2":"3, ","c2":"#1cab97","l3":"6, ","c3":"#126804","l4":"201, ","c4":"#1da8b6","l5":"202, ","c5":"#095d97","l6":"207, ","c6":"#f661b9","l7":"209, ","c7":"#b11526","l8":"210","c8":"#126804"},"geometry":{"type":"Point","coordinates":[18.487086,50.042567]}},{"type":"Feature","properties":{"lines":"1, 2, 3, 6, 201, 202, 207, 209","arr":["1","2","3","6","201","202","207","209"],"mode":"bus","angle":50.1,"l0":"1, ","c0":"#79a620","l1":"2, ","c1":"#cf8a11","l2":"3, ","c2":"#1cab97","l3":"6, ","c3":"#126804","l4":"201, ","c4":"#1da8b6","l5":"202, ","c5":"#095d97","l6":"207, ","c6":"#f661b9","l7":"209","c7":"#b11526"},"geometry":{"type":"Point","coordinates":[18.488861,50.040932]}},{"type":"Feature","properties":{"lines":"1, 2, 3, 6, 7, 8, 9, A, N6, W10","arr":["1","2","3","6","7","8","9","A","N6","W10"],"mode":"bus","angle":-49.6,"side":-1,"l0":"1, ","c0":"#79a620","l1":"2, ","c1":"#cf8a11","l2":"3, ","c2":"#1cab97","l3":"6, ","c3":"#126804","l4":"7, ","c4":"#f57145","l5":"8, ","c5":"#03636c","l6":"9, ","c6":"#7b3aa8","l7":"A, ","c7":"#8e4604","l8":"N6, ","c8":"#9789ff","l9":"W10","c9":"#6b5806"},"geometry":{"type":"Point","coordinates":[18.532414,50.089193]}},{"type":"Feature","properties":{"lines":"1, 2, 3, 4, 6, 16, 26, 27, 28, 29, 33, 36, 43, 45, 46, 46A, 48, 51","arr":["1","2","3","4","6","16","26","27","28","29","33","36","43","45","46","46A","48","51"],"mode":"bus","angle":84.3,"l0":"1, ","c0":"#79a620","l1":"2, ","c1":"#cf8a11","l2":"3, ","c2":"#1cab97","l3":"4, ","c3":"#f661b9","l4":"6, ","c4":"#126804","l5":"16, ","c5":"#10a5d2","l6":"26, ","c6":"#b59607","l7":"27, ","c7":"#c17aef","l8":"28, ","c8":"#fe6761","l9":"29, ","c9":"#126804","l10":"33, ","c10":"#ab0377","l11":"36, ","c11":"#19a9a8","l12":"43, ","c12":"#ff627e","l13":"45, ","c13":"#03636c","l14":"46, ","c14":"#119efc","l15":"46A, ","c15":"#4d4aba","l16":"48, ","c16":"#e47e2b","l17":"51","c17":"#6b5806"},"geometry":{"type":"Point","coordinates":[18.542162,50.092056]}},{"type":"Feature","properties":{"lines":"1, 2, 3, 4, 6, 16, 26, 28, 45, 46, 48, 51","arr":["1","2","3","4","6","16","26","28","45","46","48","51"],"mode":"bus","angle":17.5,"l0":"1, ","c0":"#79a620","l1":"2, ","c1":"#cf8a11","l2":"3, ","c2":"#1cab97","l3":"4, ","c3":"#f661b9","l4":"6, ","c4":"#126804","l5":"16, ","c5":"#10a5d2","l6":"26, ","c6":"#b59607","l7":"28, ","c7":"#fe6761","l8":"45, ","c8":"#03636c","l9":"46, ","c9":"#119efc","l10":"48, ","c10":"#e47e2b","l11":"51","c11":"#6b5806"},"geometry":{"type":"Point","coordinates":[18.543235,50.091048]}},{"type":"Feature","properties":{"lines":"1, 2, 3, 4, 5, 6, 8, 10, 12, 14, 15, 16, 17, 18, 19, 22, 23, 24, 26, 28, 30, 32, 41, 45, 46, 48, 49, 51, 52, 300, 301, 302, 306, N8, S12, S12A, W10","arr":["1","2","3","4","5","6","8","10","12","14","15","16","17","18","19","22","23","24","26","28","30","32","41","45","46","48","49","51","52","300","301","302","306","N8","S12","S12A","W10"],"mode":"bus","angle":-85.5,"l0":"1, ","c0":"#79a620","l1":"2, ","c1":"#cf8a11","l2":"3, ","c2":"#1cab97","l3":"4, ","c3":"#f661b9","l4":"5, ","c4":"#b0045c","l5":"6, ","c5":"#126804","l6":"8, ","c6":"#03636c","l7":"10, ","c7":"#79a620","l8":"12, ","c8":"#ab0377","l9":"14, ","c9":"#b11526","l10":"15, ","c10":"#e16cd6","l11":"16, ","c11":"#10a5d2","l12":"17, ","c12":"#02af5a","l13":"18, ","c13":"#03636c","l14":"19, ","c14":"#a72d06","l15":"22, ","c15":"#0357b2","l16":"23, ","c16":"#19a9a8","l17":"24, ","c17":"#a72d06","l18":"26, ","c18":"#b59607","l19":"28, ","c19":"#fe6761","l20":"30, ","c20":"#5a5d02","l21":"32, ","c21":"#02af5a","l22":"41, ","c22":"#11a2e3","l23":"45, ","c23":"#03636c","l24":"46, ","c24":"#119efc","l25":"48, ","c25":"#e47e2b","l26":"49, ","c26":"#ff5e9b","l27":"51, ","c27":"#6b5806","l28":"52, ","c28":"#07ad80","l29":"300, ","c29":"#4d4aba","l30":"301, ","c30":"#b0045c","l31":"302, ","c31":"#999f01","l32":"306, ","c32":"#126804","l33":"N8, ","c33":"#05617d","l34":"S12, ","c34":"#a72d06","l35":"S12A, ","c35":"#ff627e","l36":"W10","c36":"#6b5806"},"geometry":{"type":"Point","coordinates":[18.544149,50.090337]}},{"type":"Feature","properties":{"lines":"1, 2, 3, 4, 5, 6, 12, 15, 16, 17, 18, 19, 22, 23, 24, 26, 28, 30, 32, 41, 45, 46, 48, 49, 51, 52, 300, 301, 302, 306, N8","arr":["1","2","3","4","5","6","12","15","16","17","18","19","22","23","24","26","28","30","32","41","45","46","48","49","51","52","300","301","302","306","N8"],"mode":"bus","angle":57.4,"l0":"1, ","c0":"#79a620","l1":"2, ","c1":"#cf8a11","l2":"3, ","c2":"#1cab97","l3":"4, ","c3":"#f661b9","l4":"5, ","c4":"#b0045c","l5":"6, ","c5":"#126804","l6":"12, ","c6":"#ab0377","l7":"15, ","c7":"#e16cd6","l8":"16, ","c8":"#10a5d2","l9":"17, ","c9":"#02af5a","l10":"18, ","c10":"#03636c","l11":"19, ","c11":"#a72d06","l12":"22, ","c12":"#0357b2","l13":"23, ","c13":"#19a9a8","l14":"24, ","c14":"#a72d06","l15":"26, ","c15":"#b59607","l16":"28, ","c16":"#fe6761","l17":"30, ","c17":"#5a5d02","l18":"32, ","c18":"#02af5a","l19":"41, ","c19":"#11a2e3","l20":"45, ","c20":"#03636c","l21":"46, ","c21":"#119efc","l22":"48, ","c22":"#e47e2b","l23":"49, ","c23":"#ff5e9b","l24":"51, ","c24":"#6b5806","l25":"52, ","c25":"#07ad80","l26":"300, ","c26":"#4d4aba","l27":"301, ","c27":"#b0045c","l28":"302, ","c28":"#999f01","l29":"306, ","c29":"#126804","l30":"N8","c30":"#05617d"},"geometry":{"type":"Point","coordinates":[18.544182,50.089571]}},{"type":"Feature","properties":{"lines":"1, 2, 3, 4, 5, 6, 8, 9, 10, 12, 13, 14, 15, 16, 17, 18, 19, 22, 23, 24, 26, 28, 30, 41, 45, 46, 46A, 48, 49, 51, 52, 300, 301, 302, 306, N6, N8, S12, S12A, W10","arr":["1","2","3","4","5","6","8","9","10","12","13","14","15","16","17","18","19","22","23","24","26","28","30","41","45","46","46A","48","49","51","52","300","301","302","306","N6","N8","S12","S12A","W10"],"mode":"bus","angle":10.2,"l0":"1, ","c0":"#79a620","l1":"2, ","c1":"#cf8a11","l2":"3, ","c2":"#1cab97","l3":"4, ","c3":"#f661b9","l4":"5, ","c4":"#b0045c","l5":"6, ","c5":"#126804","l6":"8, ","c6":"#03636c","l7":"9, ","c7":"#7b3aa8","l8":"10, ","c8":"#79a620","l9":"12, ","c9":"#ab0377","l10":"13, ","c10":"#05617d","l11":"14, ","c11":"#b11526","l12":"15, ","c12":"#e16cd6","l13":"16, ","c13":"#10a5d2","l14":"17, ","c14":"#02af5a","l15":"18, ","c15":"#03636c","l16":"19, ","c16":"#a72d06","l17":"22, ","c17":"#0357b2","l18":"23, ","c18":"#19a9a8","l19":"24, ","c19":"#a72d06","l20":"26, ","c20":"#b59607","l21":"28, ","c21":"#fe6761","l22":"30, ","c22":"#5a5d02","l23":"41, ","c23":"#11a2e3","l24":"45, ","c24":"#03636c","l25":"46, ","c25":"#119efc","l26":"46A, ","c26":"#4d4aba","l27":"48, ","c27":"#e47e2b","l28":"49, ","c28":"#ff5e9b","l29":"51, ","c29":"#6b5806","l30":"52, ","c30":"#07ad80","l31":"300, ","c31":"#4d4aba","l32":"301, ","c32":"#b0045c","l33":"302, ","c33":"#999f01","l34":"306, ","c34":"#126804","l35":"N6, ","c35":"#9789ff","l36":"N8, ","c36":"#05617d","l37":"S12, ","c37":"#a72d06","l38":"S12A, ","c38":"#ff627e","l39":"W10","c39":"#6b5806"},"geometry":{"type":"Point","coordinates":[18.545735,50.089266]}},{"type":"Feature","properties":{"lines":"1, 2, 3, 4, 5, 6, 8, 9, 10, 12, 13, 14, 15, 16, 17, 18, 19, 22, 23, 24, 26, 28, 30, 41, 45, 46, 46A, 48, 49, 51, 52, 300, 301, 302, 306, N6, N8, S12, S12A, W10","arr":["1","2","3","4","5","6","8","9","10","12","13","14","15","16","17","18","19","22","23","24","26","28","30","41","45","46","46A","48","49","51","52","300","301","302","306","N6","N8","S12","S12A","W10"],"mode":"bus","angle":-79.6,"mi":1,"l0":"1, ","c0":"#79a620","l1":"2, ","c1":"#cf8a11","l2":"3, ","c2":"#1cab97","l3":"4, ","c3":"#f661b9","l4":"5, ","c4":"#b0045c","l5":"6, ","c5":"#126804","l6":"8, ","c6":"#03636c","l7":"9, ","c7":"#7b3aa8","l8":"10, ","c8":"#79a620","l9":"12, ","c9":"#ab0377","l10":"13, ","c10":"#05617d","l11":"14, ","c11":"#b11526","l12":"15, ","c12":"#e16cd6","l13":"16, ","c13":"#10a5d2","l14":"17, ","c14":"#02af5a","l15":"18, ","c15":"#03636c","l16":"19, ","c16":"#a72d06","l17":"22, ","c17":"#0357b2","l18":"23, ","c18":"#19a9a8","l19":"24, ","c19":"#a72d06","l20":"26, ","c20":"#b59607","l21":"28, ","c21":"#fe6761","l22":"30, ","c22":"#5a5d02","l23":"41, ","c23":"#11a2e3","l24":"45, ","c24":"#03636c","l25":"46, ","c25":"#119efc","l26":"46A, ","c26":"#4d4aba","l27":"48, ","c27":"#e47e2b","l28":"49, ","c28":"#ff5e9b","l29":"51, ","c29":"#6b5806","l30":"52, ","c30":"#07ad80","l31":"300, ","c31":"#4d4aba","l32":"301, ","c32":"#b0045c","l33":"302, ","c33":"#999f01","l34":"306, ","c34":"#126804","l35":"N6, ","c35":"#9789ff","l36":"N8, ","c36":"#05617d","l37":"S12, ","c37":"#a72d06","l38":"S12A, ","c38":"#ff627e","l39":"W10","c39":"#6b5806"},"geometry":{"type":"Point","coordinates":[18.547542,50.091119]}},{"type":"Feature","properties":{"lines":"1, 2, 3, 4, 5, 6, 8, 9, 10, 12, 13, 14, 15, 16, 22, 23, 24, 26, 28, 30, 41, 45, 46A, 48, 49, 51, 52, 300, 301, 302, 306, N6, N8, S12, S12A, W10","arr":["1","2","3","4","5","6","8","9","10","12","13","14","15","16","22","23","24","26","28","30","41","45","46A","48","49","51","52","300","301","302","306","N6","N8","S12","S12A","W10"],"mode":"bus","angle":12.5,"l0":"1, ","c0":"#79a620","l1":"2, ","c1":"#cf8a11","l2":"3, ","c2":"#1cab97","l3":"4, ","c3":"#f661b9","l4":"5, ","c4":"#b0045c","l5":"6, ","c5":"#126804","l6":"8, ","c6":"#03636c","l7":"9, ","c7":"#7b3aa8","l8":"10, ","c8":"#79a620","l9":"12, ","c9":"#ab0377","l10":"13, ","c10":"#05617d","l11":"14, ","c11":"#b11526","l12":"15, ","c12":"#e16cd6","l13":"16, ","c13":"#10a5d2","l14":"22, ","c14":"#0357b2","l15":"23, ","c15":"#19a9a8","l16":"24, ","c16":"#a72d06","l17":"26, ","c17":"#b59607","l18":"28, ","c18":"#fe6761","l19":"30, ","c19":"#5a5d02","l20":"41, ","c20":"#11a2e3","l21":"45, ","c21":"#03636c","l22":"46A, ","c22":"#4d4aba","l23":"48, ","c23":"#e47e2b","l24":"49, ","c24":"#ff5e9b","l25":"51, ","c25":"#6b5806","l26":"52, ","c26":"#07ad80","l27":"300, ","c27":"#4d4aba","l28":"301, ","c28":"#b0045c","l29":"302, ","c29":"#999f01","l30":"306, ","c30":"#126804","l31":"N6, ","c31":"#9789ff","l32":"N8, ","c32":"#05617d","l33":"S12, ","c33":"#a72d06","l34":"S12A, ","c34":"#ff627e","l35":"W10","c35":"#6b5806"},"geometry":{"type":"Point","coordinates":[18.546574,50.093189]}},{"type":"Feature","properties":{"lines":"1, 3, 4, 5, 6, 8, 9, 12, 13, 14, 15, 16, 22, 24, 26, 30, 41, 46A, 49, 51, 301, N6, N8","arr":["1","3","4","5","6","8","9","12","13","14","15","16","22","24","26","30","41","46A","49","51","301","N6","N8"],"mode":"bus","angle":22.9,"l0":"1, ","c0":"#79a620","l1":"3, ","c1":"#1cab97","l2":"4, ","c2":"#f661b9","l3":"5, ","c3":"#b0045c","l4":"6, ","c4":"#126804","l5":"8, ","c5":"#03636c","l6":"9, ","c6":"#7b3aa8","l7":"12, ","c7":"#ab0377","l8":"13, ","c8":"#05617d","l9":"14, ","c9":"#b11526","l10":"15, ","c10":"#e16cd6","l11":"16, ","c11":"#10a5d2","l12":"22, ","c12":"#0357b2","l13":"24, ","c13":"#a72d06","l14":"26, ","c14":"#b59607","l15":"30, ","c15":"#5a5d02","l16":"41, ","c16":"#11a2e3","l17":"46A, ","c17":"#4d4aba","l18":"49, ","c18":"#ff5e9b","l19":"51, ","c19":"#6b5806","l20":"301, ","c20":"#b0045c","l21":"N6, ","c21":"#9789ff","l22":"N8","c22":"#05617d"},"geometry":{"type":"Point","coordinates":[18.544785,50.093484]}},{"type":"Feature","properties":{"lines":"1, 2, 3, 4, 5, 9, 10, 14, 16, 17, 18, 19, 22, 24, 27, 34, 43, 45, 51, 301, A","arr":["1","2","3","4","5","9","10","14","16","17","18","19","22","24","27","34","43","45","51","301","A"],"mode":"bus","angle":17.6,"l0":"1, ","c0":"#79a620","l1":"2, ","c1":"#cf8a11","l2":"3, ","c2":"#1cab97","l3":"4, ","c3":"#f661b9","l4":"5, ","c4":"#b0045c","l5":"9, ","c5":"#7b3aa8","l6":"10, ","c6":"#79a620","l7":"14, ","c7":"#b11526","l8":"16, ","c8":"#10a5d2","l9":"17, ","c9":"#02af5a","l10":"18, ","c10":"#03636c","l11":"19, ","c11":"#a72d06","l12":"22, ","c12":"#0357b2","l13":"24, ","c13":"#a72d06","l14":"27, ","c14":"#c17aef","l15":"34, ","c15":"#446303","l16":"43, ","c16":"#ff627e","l17":"45, ","c17":"#03636c","l18":"51, ","c18":"#6b5806","l19":"301, ","c19":"#b0045c","l20":"A","c20":"#8e4604"},"geometry":{"type":"Point","coordinates":[18.534269,50.100326]}},{"type":"Feature","properties":{"lines":"1, 3, 6, 24, 27, 34, 43, 45, 52, A","arr":["1","3","6","24","27","34","43","45","52","A"],"mode":"bus","angle":-0.8,"l0":"1, ","c0":"#79a620","l1":"3, ","c1":"#1cab97","l2":"6, ","c2":"#126804","l3":"24, ","c3":"#a72d06","l4":"27, ","c4":"#c17aef","l5":"34, ","c5":"#446303","l6":"43, ","c6":"#ff627e","l7":"45, ","c7":"#03636c","l8":"52, ","c8":"#07ad80","l9":"A","c9":"#8e4604"},"geometry":{"type":"Point","coordinates":[18.530645,50.102031]}},{"type":"Feature","properties":{"lines":"1, 27, 34, 43, 52, A","arr":["1","27","34","43","52","A"],"mode":"bus","angle":-16.2,"l0":"1, ","c0":"#79a620","l1":"27, ","c1":"#c17aef","l2":"34, ","c2":"#446303","l3":"43, ","c3":"#ff627e","l4":"52, ","c4":"#07ad80","l5":"A","c5":"#8e4604"},"geometry":{"type":"Point","coordinates":[18.528817,50.101819]}},{"type":"Feature","properties":{"lines":"1, 27, 33, 34, 43, 46, 48, 52, A","arr":["1","27","33","34","43","46","48","52","A"],"mode":"bus","angle":12,"mi":2,"l0":"1, ","c0":"#79a620","l1":"27, ","c1":"#c17aef","l2":"33, ","c2":"#ab0377","l3":"34, ","c3":"#446303","l4":"43, ","c4":"#ff627e","l5":"46, ","c5":"#119efc","l6":"48, ","c6":"#e47e2b","l7":"52, ","c7":"#07ad80","l8":"A","c8":"#8e4604"},"geometry":{"type":"Point","coordinates":[18.521414,50.101979]}},{"type":"Feature","properties":{"lines":"1, 27, 33, 34, 43, 46, 48, 52, A","arr":["1","27","33","34","43","46","48","52","A"],"mode":"bus","angle":-11.6,"mi":1,"l0":"1, ","c0":"#79a620","l1":"27, ","c1":"#c17aef","l2":"33, ","c2":"#ab0377","l3":"34, ","c3":"#446303","l4":"43, ","c4":"#ff627e","l5":"46, ","c5":"#119efc","l6":"48, ","c6":"#e47e2b","l7":"52, ","c7":"#07ad80","l8":"A","c8":"#8e4604"},"geometry":{"type":"Point","coordinates":[18.527507,50.101654]}},{"type":"Feature","properties":{"lines":"1, 27, 33, 34, 43, 46, 48, 52, A","arr":["1","27","33","34","43","46","48","52","A"],"mode":"bus","angle":-0.5,"l0":"1, ","c0":"#79a620","l1":"27, ","c1":"#c17aef","l2":"33, ","c2":"#ab0377","l3":"34, ","c3":"#446303","l4":"43, ","c4":"#ff627e","l5":"46, ","c5":"#119efc","l6":"48, ","c6":"#e47e2b","l7":"52, ","c7":"#07ad80","l8":"A","c8":"#8e4604"},"geometry":{"type":"Point","coordinates":[18.525425,50.101422]}},{"type":"Feature","properties":{"lines":"1, 27, 33, 43, 46, 48, 52, A","arr":["1","27","33","43","46","48","52","A"],"mode":"bus","angle":-75.4,"mi":1,"l0":"1, ","c0":"#79a620","l1":"27, ","c1":"#c17aef","l2":"33, ","c2":"#ab0377","l3":"43, ","c3":"#ff627e","l4":"46, ","c4":"#119efc","l5":"48, ","c5":"#e47e2b","l6":"52, ","c6":"#07ad80","l7":"A","c7":"#8e4604"},"geometry":{"type":"Point","coordinates":[18.51918,50.101481]}},{"type":"Feature","properties":{"lines":"1, 27, 33, 43, 46, 48, 52, A","arr":["1","27","33","43","46","48","52","A"],"mode":"bus","angle":-2,"l0":"1, ","c0":"#79a620","l1":"27, ","c1":"#c17aef","l2":"33, ","c2":"#ab0377","l3":"43, ","c3":"#ff627e","l4":"46, ","c4":"#119efc","l5":"48, ","c5":"#e47e2b","l6":"52, ","c6":"#07ad80","l7":"A","c7":"#8e4604"},"geometry":{"type":"Point","coordinates":[18.517353,50.10103]}},{"type":"Feature","properties":{"lines":"1, 27, 33, 43, 46, 48, 52, A","arr":["1","27","33","43","46","48","52","A"],"mode":"bus","angle":-78,"mi":2,"l0":"1, ","c0":"#79a620","l1":"27, ","c1":"#c17aef","l2":"33, ","c2":"#ab0377","l3":"43, ","c3":"#ff627e","l4":"46, ","c4":"#119efc","l5":"48, ","c5":"#e47e2b","l6":"52, ","c6":"#07ad80","l7":"A","c7":"#8e4604"},"geometry":{"type":"Point","coordinates":[18.515139,50.098801]}},{"type":"Feature","properties":{"lines":"2, 3, 4, 5, 6, 9, 10, 14, 16, 17, 18, 19, 22, 51, 52, 300, 301","arr":["2","3","4","5","6","9","10","14","16","17","18","19","22","51","52","300","301"],"mode":"bus","angle":-31.2,"l0":"2, ","c0":"#cf8a11","l1":"3, ","c1":"#1cab97","l2":"4, ","c2":"#f661b9","l3":"5, ","c3":"#b0045c","l4":"6, ","c4":"#126804","l5":"9, ","c5":"#7b3aa8","l6":"10, ","c6":"#79a620","l7":"14, ","c7":"#b11526","l8":"16, ","c8":"#10a5d2","l9":"17, ","c9":"#02af5a","l10":"18, ","c10":"#03636c","l11":"19, ","c11":"#a72d06","l12":"22, ","c12":"#0357b2","l13":"51, ","c13":"#6b5806","l14":"52, ","c14":"#07ad80","l15":"300, ","c15":"#4d4aba","l16":"301","c16":"#b0045c"},"geometry":{"type":"Point","coordinates":[18.5333,50.101553]}},{"type":"Feature","properties":{"lines":"2, 10, 15, 23, 30","arr":["2","10","15","23","30"],"mode":"bus","angle":12.8,"l0":"2, ","c0":"#cf8a11","l1":"10, ","c1":"#79a620","l2":"15, ","c2":"#e16cd6","l3":"23, ","c3":"#19a9a8","l4":"30","c4":"#5a5d02"},"geometry":{"type":"Point","coordinates":[18.55101,50.101307]}},{"type":"Feature","properties":{"lines":"2, 10, 15, 23, 30","arr":["2","10","15","23","30"],"mode":"bus","angle":13.5,"extra":1,"ei":0,"l0":"2, ","c0":"#cf8a11","l1":"10, ","c1":"#79a620","l2":"15, ","c2":"#e16cd6","l3":"23, ","c3":"#19a9a8","l4":"30","c4":"#5a5d02"},"geometry":{"type":"Point","coordinates":[18.548128,50.101741]}},{"type":"Feature","properties":{"lines":"2, 10, 15, 23, 30","arr":["2","10","15","23","30"],"mode":"bus","angle":13.1,"extra":1,"ei":1,"l0":"2, ","c0":"#cf8a11","l1":"10, ","c1":"#79a620","l2":"15, ","c2":"#e16cd6","l3":"23, ","c3":"#19a9a8","l4":"30","c4":"#5a5d02"},"geometry":{"type":"Point","coordinates":[18.553865,50.100893]}},{"type":"Feature","properties":{"lines":"2, 10, 23","arr":["2","10","23"],"mode":"bus","angle":-62.8,"l0":"2, ","c0":"#cf8a11","l1":"10, ","c1":"#79a620","l2":"23","c2":"#19a9a8"},"geometry":{"type":"Point","coordinates":[18.554934,50.099909]}},{"type":"Feature","properties":{"lines":"2, 10, 16, 17, 18, 19, 23, 28, 46, 51","arr":["2","10","16","17","18","19","23","28","46","51"],"mode":"bus","angle":-10.6,"l0":"2, ","c0":"#cf8a11","l1":"10, ","c1":"#79a620","l2":"16, ","c2":"#10a5d2","l3":"17, ","c3":"#02af5a","l4":"18, ","c4":"#03636c","l5":"19, ","c5":"#a72d06","l6":"23, ","c6":"#19a9a8","l7":"28, ","c7":"#fe6761","l8":"46, ","c8":"#119efc","l9":"51","c9":"#6b5806"},"geometry":{"type":"Point","coordinates":[18.553849,50.09912]}},{"type":"Feature","properties":{"lines":"16, 17, 18, 19, 28, 46, 51","arr":["16","17","18","19","28","46","51"],"mode":"bus","angle":-10.6,"l0":"16, ","c0":"#10a5d2","l1":"17, ","c1":"#02af5a","l2":"18, ","c2":"#03636c","l3":"19, ","c3":"#a72d06","l4":"28, ","c4":"#fe6761","l5":"46, ","c5":"#119efc","l6":"51","c6":"#6b5806"},"geometry":{"type":"Point","coordinates":[18.556542,50.099442]}},{"type":"Feature","properties":{"lines":"2, 10, 23, 28, 51","arr":["2","10","23","28","51"],"mode":"bus","angle":-11.3,"l0":"2, ","c0":"#cf8a11","l1":"10, ","c1":"#79a620","l2":"23, ","c2":"#19a9a8","l3":"28, ","c3":"#fe6761","l4":"51","c4":"#6b5806"},"geometry":{"type":"Point","coordinates":[18.552891,50.099054]}},{"type":"Feature","properties":{"lines":"2, 10, 16, 17, 18, 19, 23, 28, 51","arr":["2","10","16","17","18","19","23","28","51"],"mode":"bus","angle":-86.3,"l0":"2, ","c0":"#cf8a11","l1":"10, ","c1":"#79a620","l2":"16, ","c2":"#10a5d2","l3":"17, ","c3":"#02af5a","l4":"18, ","c4":"#03636c","l5":"19, ","c5":"#a72d06","l6":"23, ","c6":"#19a9a8","l7":"28, ","c7":"#fe6761","l8":"51","c8":"#6b5806"},"geometry":{"type":"Point","coordinates":[18.552822,50.098007]}},{"type":"Feature","properties":{"lines":"2, 10, 16, 17, 18, 19, 23, 28, 45, 46, 48, 51, 52, 300, 301, 302, 306","arr":["2","10","16","17","18","19","23","28","45","46","48","51","52","300","301","302","306"],"mode":"bus","angle":13.9,"l0":"2, ","c0":"#cf8a11","l1":"10, ","c1":"#79a620","l2":"16, ","c2":"#10a5d2","l3":"17, ","c3":"#02af5a","l4":"18, ","c4":"#03636c","l5":"19, ","c5":"#a72d06","l6":"23, ","c6":"#19a9a8","l7":"28, ","c7":"#fe6761","l8":"45, ","c8":"#03636c","l9":"46, ","c9":"#119efc","l10":"48, ","c10":"#e47e2b","l11":"51, ","c11":"#6b5806","l12":"52, ","c12":"#07ad80","l13":"300, ","c13":"#4d4aba","l14":"301, ","c14":"#b0045c","l15":"302, ","c15":"#999f01","l16":"306","c16":"#126804"},"geometry":{"type":"Point","coordinates":[18.550993,50.097297]}},{"type":"Feature","properties":{"lines":"2, 10, 16, 17, 18, 19, 23, 28, 45, 46, 48, 51, 52, 300, 301, 302, 306","arr":["2","10","16","17","18","19","23","28","45","46","48","51","52","300","301","302","306"],"mode":"bus","angle":-79.1,"mi":1,"l0":"2, ","c0":"#cf8a11","l1":"10, ","c1":"#79a620","l2":"16, ","c2":"#10a5d2","l3":"17, ","c3":"#02af5a","l4":"18, ","c4":"#03636c","l5":"19, ","c5":"#a72d06","l6":"23, ","c6":"#19a9a8","l7":"28, ","c7":"#fe6761","l8":"45, ","c8":"#03636c","l9":"46, ","c9":"#119efc","l10":"48, ","c10":"#e47e2b","l11":"51, ","c11":"#6b5806","l12":"52, ","c12":"#07ad80","l13":"300, ","c13":"#4d4aba","l14":"301, ","c14":"#b0045c","l15":"302, ","c15":"#999f01","l16":"306","c16":"#126804"},"geometry":{"type":"Point","coordinates":[18.548737,50.095234]}},{"type":"Feature","properties":{"lines":"2, 10, 16, 17, 18, 19, 23, 28, 45, 46, 48, 51, 52, 300, 301, 302, 306","arr":["2","10","16","17","18","19","23","28","45","46","48","51","52","300","301","302","306"],"mode":"bus","angle":-79.4,"extra":1,"ei":0,"l0":"2, ","c0":"#cf8a11","l1":"10, ","c1":"#79a620","l2":"16, ","c2":"#10a5d2","l3":"17, ","c3":"#02af5a","l4":"18, ","c4":"#03636c","l5":"19, ","c5":"#a72d06","l6":"23, ","c6":"#19a9a8","l7":"28, ","c7":"#fe6761","l8":"45, ","c8":"#03636c","l9":"46, ","c9":"#119efc","l10":"48, ","c10":"#e47e2b","l11":"51, ","c11":"#6b5806","l12":"52, ","c12":"#07ad80","l13":"300, ","c13":"#4d4aba","l14":"301, ","c14":"#b0045c","l15":"302, ","c15":"#999f01","l16":"306","c16":"#126804"},"geometry":{"type":"Point","coordinates":[18.549134,50.096585]}},{"type":"Feature","properties":{"lines":"2, 10, 23, 28, 45, 48, 52, 300, 302, 306, S12, S12A, W10","arr":["2","10","23","28","45","48","52","300","302","306","S12","S12A","W10"],"mode":"bus","angle":-4.7,"side":-1,"l0":"2, ","c0":"#cf8a11","l1":"10, ","c1":"#79a620","l2":"23, ","c2":"#19a9a8","l3":"28, ","c3":"#fe6761","l4":"45, ","c4":"#03636c","l5":"48, ","c5":"#e47e2b","l6":"52, ","c6":"#07ad80","l7":"300, ","c7":"#4d4aba","l8":"302, ","c8":"#999f01","l9":"306, ","c9":"#126804","l10":"S12, ","c10":"#a72d06","l11":"S12A, ","c11":"#ff627e","l12":"W10","c12":"#6b5806"},"geometry":{"type":"Point","coordinates":[18.544677,50.093452]}},{"type":"Feature","properties":{"lines":"2, 3, 4, 5, 6, 8, 10, 12, 14, 15, 17, 18, 19, 22, 23, 24, 26, 28, 30, 32, 41, 45, 46, 48, 49, 52, 300, 301, 302, 306, N8, S12, S12A, W10","arr":["2","3","4","5","6","8","10","12","14","15","17","18","19","22","23","24","26","28","30","32","41","45","46","48","49","52","300","301","302","306","N8","S12","S12A","W10"],"mode":"bus","angle":-85.7,"mi":1,"l0":"2, ","c0":"#cf8a11","l1":"3, ","c1":"#1cab97","l2":"4, ","c2":"#f661b9","l3":"5, ","c3":"#b0045c","l4":"6, ","c4":"#126804","l5":"8, ","c5":"#03636c","l6":"10, ","c6":"#79a620","l7":"12, ","c7":"#ab0377","l8":"14, ","c8":"#b11526","l9":"15, ","c9":"#e16cd6","l10":"17, ","c10":"#02af5a","l11":"18, ","c11":"#03636c","l12":"19, ","c12":"#a72d06","l13":"22, ","c13":"#0357b2","l14":"23, ","c14":"#19a9a8","l15":"24, ","c15":"#a72d06","l16":"26, ","c16":"#b59607","l17":"28, ","c17":"#fe6761","l18":"30, ","c18":"#5a5d02","l19":"32, ","c19":"#02af5a","l20":"41, ","c20":"#11a2e3","l21":"45, ","c21":"#03636c","l22":"46, ","c22":"#119efc","l23":"48, ","c23":"#e47e2b","l24":"49, ","c24":"#ff5e9b","l25":"52, ","c25":"#07ad80","l26":"300, ","c26":"#4d4aba","l27":"301, ","c27":"#b0045c","l28":"302, ","c28":"#999f01","l29":"306, ","c29":"#126804","l30":"N8, ","c30":"#05617d","l31":"S12, ","c31":"#a72d06","l32":"S12A, ","c32":"#ff627e","l33":"W10","c33":"#6b5806"},"geometry":{"type":"Point","coordinates":[18.5443,50.091571]}},{"type":"Feature","properties":{"lines":"2, 3, 4, 5, 6, 8, 10, 12, 14, 15, 17, 18, 19, 22, 23, 24, 26, 28, 30, 32, 41, 45, 46, 48, 49, 52, 300, 301, 302, 306, N8, S12, S12A, W10","arr":["2","3","4","5","6","8","10","12","14","15","17","18","19","22","23","24","26","28","30","32","41","45","46","48","49","52","300","301","302","306","N8","S12","S12A","W10"],"mode":"bus","angle":86.6,"l0":"2, ","c0":"#cf8a11","l1":"3, ","c1":"#1cab97","l2":"4, ","c2":"#f661b9","l3":"5, ","c3":"#b0045c","l4":"6, ","c4":"#126804","l5":"8, ","c5":"#03636c","l6":"10, ","c6":"#79a620","l7":"12, ","c7":"#ab0377","l8":"14, ","c8":"#b11526","l9":"15, ","c9":"#e16cd6","l10":"17, ","c10":"#02af5a","l11":"18, ","c11":"#03636c","l12":"19, ","c12":"#a72d06","l13":"22, ","c13":"#0357b2","l14":"23, ","c14":"#19a9a8","l15":"24, ","c15":"#a72d06","l16":"26, ","c16":"#b59607","l17":"28, ","c17":"#fe6761","l18":"30, ","c18":"#5a5d02","l19":"32, ","c19":"#02af5a","l20":"41, ","c20":"#11a2e3","l21":"45, ","c21":"#03636c","l22":"46, ","c22":"#119efc","l23":"48, ","c23":"#e47e2b","l24":"49, ","c24":"#ff5e9b","l25":"52, ","c25":"#07ad80","l26":"300, ","c26":"#4d4aba","l27":"301, ","c27":"#b0045c","l28":"302, ","c28":"#999f01","l29":"306, ","c29":"#126804","l30":"N8, ","c30":"#05617d","l31":"S12, ","c31":"#a72d06","l32":"S12A, ","c32":"#ff627e","l33":"W10","c33":"#6b5806"},"geometry":{"type":"Point","coordinates":[18.544439,50.09303]}},{"type":"Feature","properties":{"lines":"2, 3, 4, 6, 8, 10, 14, 26, 27, 28, 29, 33, 36, 43, 45, 46, 48, W10","arr":["2","3","4","6","8","10","14","26","27","28","29","33","36","43","45","46","48","W10"],"mode":"bus","angle":47.8,"l0":"2, ","c0":"#cf8a11","l1":"3, ","c1":"#1cab97","l2":"4, ","c2":"#f661b9","l3":"6, ","c3":"#126804","l4":"8, ","c4":"#03636c","l5":"10, ","c5":"#79a620","l6":"14, ","c6":"#b11526","l7":"26, ","c7":"#b59607","l8":"27, ","c8":"#c17aef","l9":"28, ","c9":"#fe6761","l10":"29, ","c10":"#126804","l11":"33, ","c11":"#ab0377","l12":"36, ","c12":"#19a9a8","l13":"43, ","c13":"#ff627e","l14":"45, ","c14":"#03636c","l15":"46, ","c15":"#119efc","l16":"48, ","c16":"#e47e2b","l17":"W10","c17":"#6b5806"},"geometry":{"type":"Point","coordinates":[18.543255,50.09002]}},{"type":"Feature","properties":{"lines":"2, 3, 6, 26, 27, 28, 29, 33, 36, 43, 45, 46, 48","arr":["2","3","6","26","27","28","29","33","36","43","45","46","48"],"mode":"bus","angle":75.2,"l0":"2, ","c0":"#cf8a11","l1":"3, ","c1":"#1cab97","l2":"6, ","c2":"#126804","l3":"26, ","c3":"#b59607","l4":"27, ","c4":"#c17aef","l5":"28, ","c5":"#fe6761","l6":"29, ","c6":"#126804","l7":"33, ","c7":"#ab0377","l8":"36, ","c8":"#19a9a8","l9":"43, ","c9":"#ff627e","l10":"45, ","c10":"#03636c","l11":"46, ","c11":"#119efc","l12":"48","c12":"#e47e2b"},"geometry":{"type":"Point","coordinates":[18.542296,50.090799]}},{"type":"Feature","properties":{"lines":"2, 3, 4, 5, 6, 8, 9, 22, N6, W10","arr":["2","3","4","5","6","8","9","22","N6","W10"],"mode":"bus","angle":-64.7,"mi":1,"l0":"2, ","c0":"#cf8a11","l1":"3, ","c1":"#1cab97","l2":"4, ","c2":"#f661b9","l3":"5, ","c3":"#b0045c","l4":"6, ","c4":"#126804","l5":"8, ","c5":"#03636c","l6":"9, ","c6":"#7b3aa8","l7":"22, ","c7":"#0357b2","l8":"N6, ","c8":"#9789ff","l9":"W10","c9":"#6b5806"},"geometry":{"type":"Point","coordinates":[18.524448,50.078683]}},{"type":"Feature","properties":{"lines":"2, 3, 4, 5, 6, 8, 9, 22, N6, W10","arr":["2","3","4","5","6","8","9","22","N6","W10"],"mode":"bus","angle":-63,"l0":"2, ","c0":"#cf8a11","l1":"3, ","c1":"#1cab97","l2":"4, ","c2":"#f661b9","l3":"5, ","c3":"#b0045c","l4":"6, ","c4":"#126804","l5":"8, ","c5":"#03636c","l6":"9, ","c6":"#7b3aa8","l7":"22, ","c7":"#0357b2","l8":"N6, ","c8":"#9789ff","l9":"W10","c9":"#6b5806"},"geometry":{"type":"Point","coordinates":[18.519628,50.072138]}},{"type":"Feature","properties":{"lines":"2, 3, 4, 5, 6, 8, 9, 22, N6, W10","arr":["2","3","4","5","6","8","9","22","N6","W10"],"mode":"bus","angle":-64.5,"extra":1,"ei":0,"l0":"2, ","c0":"#cf8a11","l1":"3, ","c1":"#1cab97","l2":"4, ","c2":"#f661b9","l3":"5, ","c3":"#b0045c","l4":"6, ","c4":"#126804","l5":"8, ","c5":"#03636c","l6":"9, ","c6":"#7b3aa8","l7":"22, ","c7":"#0357b2","l8":"N6, ","c8":"#9789ff","l9":"W10","c9":"#6b5806"},"geometry":{"type":"Point","coordinates":[18.526425,50.08136]}},{"type":"Feature","properties":{"lines":"2, 3, 4, 5, 6, 8, 9, 22, N6, W10","arr":["2","3","4","5","6","8","9","22","N6","W10"],"mode":"bus","angle":-64.4,"extra":1,"ei":1,"l0":"2, ","c0":"#cf8a11","l1":"3, ","c1":"#1cab97","l2":"4, ","c2":"#f661b9","l3":"5, ","c3":"#b0045c","l4":"6, ","c4":"#126804","l5":"8, ","c5":"#03636c","l6":"9, ","c6":"#7b3aa8","l7":"22, ","c7":"#0357b2","l8":"N6, ","c8":"#9789ff","l9":"W10","c9":"#6b5806"},"geometry":{"type":"Point","coordinates":[18.522663,50.076234]}},{"type":"Feature","properties":{"lines":"2, 3, 4, 5, 6, 8, 9, 22, N6, W10","arr":["2","3","4","5","6","8","9","22","N6","W10"],"mode":"bus","angle":-65.3,"extra":1,"ei":0,"l0":"2, ","c0":"#cf8a11","l1":"3, ","c1":"#1cab97","l2":"4, ","c2":"#f661b9","l3":"5, ","c3":"#b0045c","l4":"6, ","c4":"#126804","l5":"8, ","c5":"#03636c","l6":"9, ","c6":"#7b3aa8","l7":"22, ","c7":"#0357b2","l8":"N6, ","c8":"#9789ff","l9":"W10","c9":"#6b5806"},"geometry":{"type":"Point","coordinates":[18.518792,50.07102]}},{"type":"Feature","properties":{"lines":"2, 3, 4, 5, 6, 8, N6, W10","arr":["2","3","4","5","6","8","N6","W10"],"mode":"bus","angle":-64.8,"l0":"2, ","c0":"#cf8a11","l1":"3, ","c1":"#1cab97","l2":"4, ","c2":"#f661b9","l3":"5, ","c3":"#b0045c","l4":"6, ","c4":"#126804","l5":"8, ","c5":"#03636c","l6":"N6, ","c6":"#9789ff","l7":"W10","c7":"#6b5806"},"geometry":{"type":"Point","coordinates":[18.52124,50.074373]}},{"type":"Feature","properties":{"lines":"2, 3, 4, 9","arr":["2","3","4","9"],"mode":"bus","angle":20.4,"l0":"2, ","c0":"#cf8a11","l1":"3, ","c1":"#1cab97","l2":"4, ","c2":"#f661b9","l3":"9","c3":"#7b3aa8"},"geometry":{"type":"Point","coordinates":[18.508734,50.069587]}},{"type":"Feature","properties":{"lines":"2, 3, 4, 9","arr":["2","3","4","9"],"mode":"bus","angle":-16,"extra":1,"ei":0,"l0":"2, ","c0":"#cf8a11","l1":"3, ","c1":"#1cab97","l2":"4, ","c2":"#f661b9","l3":"9","c3":"#7b3aa8"},"geometry":{"type":"Point","coordinates":[18.516064,50.070081]}},{"type":"Feature","properties":{"lines":"2, 3, 4, 9","arr":["2","3","4","9"],"mode":"bus","angle":-26.1,"extra":1,"ei":1,"l0":"2, ","c0":"#cf8a11","l1":"3, ","c1":"#1cab97","l2":"4, ","c2":"#f661b9","l3":"9","c3":"#7b3aa8"},"geometry":{"type":"Point","coordinates":[18.513417,50.069263]}},{"type":"Feature","properties":{"lines":"2, 3, 4, 9","arr":["2","3","4","9"],"mode":"bus","angle":20,"extra":1,"ei":2,"l0":"2, ","c0":"#cf8a11","l1":"3, ","c1":"#1cab97","l2":"4, ","c2":"#f661b9","l3":"9","c3":"#7b3aa8"},"geometry":{"type":"Point","coordinates":[18.510636,50.069139]}},{"type":"Feature","properties":{"lines":"2, 3, 4, 9","arr":["2","3","4","9"],"mode":"bus","angle":0.6,"extra":1,"ei":3,"l0":"2, ","c0":"#cf8a11","l1":"3, ","c1":"#1cab97","l2":"4, ","c2":"#f661b9","l3":"9","c3":"#7b3aa8"},"geometry":{"type":"Point","coordinates":[18.505019,50.07017]}},{"type":"Feature","properties":{"lines":"2, 3, 4, 9","arr":["2","3","4","9"],"mode":"bus","angle":-19,"extra":1,"ei":4,"l0":"2, ","c0":"#cf8a11","l1":"3, ","c1":"#1cab97","l2":"4, ","c2":"#f661b9","l3":"9","c3":"#7b3aa8"},"geometry":{"type":"Point","coordinates":[18.502129,50.069928]}},{"type":"Feature","properties":{"lines":"2, 3, 4, 9, 24","arr":["2","3","4","9","24"],"mode":"bus","angle":-58.6,"l0":"2, ","c0":"#cf8a11","l1":"3, ","c1":"#1cab97","l2":"4, ","c2":"#f661b9","l3":"9, ","c3":"#7b3aa8","l4":"24","c4":"#a72d06"},"geometry":{"type":"Point","coordinates":[18.496542,50.066246]}},{"type":"Feature","properties":{"lines":"2, 3, 4, 6, 9, 23, 24, N6","arr":["2","3","4","6","9","23","24","N6"],"mode":"bus","angle":-51.2,"l0":"2, ","c0":"#cf8a11","l1":"3, ","c1":"#1cab97","l2":"4, ","c2":"#f661b9","l3":"6, ","c3":"#126804","l4":"9, ","c4":"#7b3aa8","l5":"23, ","c5":"#19a9a8","l6":"24, ","c6":"#a72d06","l7":"N6","c7":"#9789ff"},"geometry":{"type":"Point","coordinates":[18.493076,50.064053]}},{"type":"Feature","properties":{"lines":"2, 3, 6, 23, N6","arr":["2","3","6","23","N6"],"mode":"bus","angle":-59.2,"mi":2,"l0":"2, ","c0":"#cf8a11","l1":"3, ","c1":"#1cab97","l2":"6, ","c2":"#126804","l3":"23, ","c3":"#19a9a8","l4":"N6","c4":"#9789ff"},"geometry":{"type":"Point","coordinates":[18.486747,50.057688]}},{"type":"Feature","properties":{"lines":"2, 3, 6, 23, N6","arr":["2","3","6","23","N6"],"mode":"bus","angle":-65.7,"extra":1,"ei":0,"l0":"2, ","c0":"#cf8a11","l1":"3, ","c1":"#1cab97","l2":"6, ","c2":"#126804","l3":"23, ","c3":"#19a9a8","l4":"N6","c4":"#9789ff"},"geometry":{"type":"Point","coordinates":[18.489858,50.062511]}},{"type":"Feature","properties":{"lines":"2, 3, 6, 23, N6","arr":["2","3","6","23","N6"],"mode":"bus","angle":-73.5,"extra":1,"ei":1,"l0":"2, ","c0":"#cf8a11","l1":"3, ","c1":"#1cab97","l2":"6, ","c2":"#126804","l3":"23, ","c3":"#19a9a8","l4":"N6","c4":"#9789ff"},"geometry":{"type":"Point","coordinates":[18.488901,50.060728]}},{"type":"Feature","properties":{"lines":"2, 3, 6, 23, N6","arr":["2","3","6","23","N6"],"mode":"bus","angle":-61,"extra":1,"ei":2,"l0":"2, ","c0":"#cf8a11","l1":"3, ","c1":"#1cab97","l2":"6, ","c2":"#126804","l3":"23, ","c3":"#19a9a8","l4":"N6","c4":"#9789ff"},"geometry":{"type":"Point","coordinates":[18.487917,50.058953]}},{"type":"Feature","properties":{"lines":"2, 3, 6, 23, N6","arr":["2","3","6","23","N6"],"mode":"bus","angle":-58.9,"extra":1,"ei":3,"l0":"2, ","c0":"#cf8a11","l1":"3, ","c1":"#1cab97","l2":"6, ","c2":"#126804","l3":"23, ","c3":"#19a9a8","l4":"N6","c4":"#9789ff"},"geometry":{"type":"Point","coordinates":[18.484903,50.055709]}},{"type":"Feature","properties":{"lines":"2, 3, 6, 23, N6","arr":["2","3","6","23","N6"],"mode":"bus","angle":-58.2,"extra":1,"ei":4,"l0":"2, ","c0":"#cf8a11","l1":"3, ","c1":"#1cab97","l2":"6, ","c2":"#126804","l3":"23, ","c3":"#19a9a8","l4":"N6","c4":"#9789ff"},"geometry":{"type":"Point","coordinates":[18.483267,50.05414]}},{"type":"Feature","properties":{"lines":"2, 3, 6, 23, N6","arr":["2","3","6","23","N6"],"mode":"bus","angle":-38,"side":-1,"extra":1,"ei":5,"l0":"2, ","c0":"#cf8a11","l1":"3, ","c1":"#1cab97","l2":"6, ","c2":"#126804","l3":"23, ","c3":"#19a9a8","l4":"N6","c4":"#9789ff"},"geometry":{"type":"Point","coordinates":[18.481599,50.052611]}},{"type":"Feature","properties":{"lines":"2, 3, 6, 23, N6","arr":["2","3","6","23","N6"],"mode":"bus","angle":7.2,"l0":"2, ","c0":"#cf8a11","l1":"3, ","c1":"#1cab97","l2":"6, ","c2":"#126804","l3":"23, ","c3":"#19a9a8","l4":"N6","c4":"#9789ff"},"geometry":{"type":"Point","coordinates":[18.480477,50.052555]}},{"type":"Feature","properties":{"lines":"2, 3, 6, 23, N6","arr":["2","3","6","23","N6"],"mode":"bus","angle":-57.8,"mi":1,"l0":"2, ","c0":"#cf8a11","l1":"3, ","c1":"#1cab97","l2":"6, ","c2":"#126804","l3":"23, ","c3":"#19a9a8","l4":"N6","c4":"#9789ff"},"geometry":{"type":"Point","coordinates":[18.475983,50.052314]}},{"type":"Feature","properties":{"lines":"2, 3, 6, 23, N6","arr":["2","3","6","23","N6"],"mode":"bus","angle":12.2,"extra":1,"ei":0,"l0":"2, ","c0":"#cf8a11","l1":"3, ","c1":"#1cab97","l2":"6, ","c2":"#126804","l3":"23, ","c3":"#19a9a8","l4":"N6","c4":"#9789ff"},"geometry":{"type":"Point","coordinates":[18.47803,50.05272]}},{"type":"Feature","properties":{"lines":"2, 3, 6, 23, N6","arr":["2","3","6","23","N6"],"mode":"bus","angle":-47.1,"extra":1,"ei":1,"l0":"2, ","c0":"#cf8a11","l1":"3, ","c1":"#1cab97","l2":"6, ","c2":"#126804","l3":"23, ","c3":"#19a9a8","l4":"N6","c4":"#9789ff"},"geometry":{"type":"Point","coordinates":[18.473701,50.050738]}},{"type":"Feature","properties":{"lines":"2, 201, 202, 207, 209","arr":["2","201","202","207","209"],"mode":"bus","angle":37.5,"l0":"2, ","c0":"#cf8a11","l1":"201, ","c1":"#1da8b6","l2":"202, ","c2":"#095d97","l3":"207, ","c3":"#f661b9","l4":"209","c4":"#b11526"},"geometry":{"type":"Point","coordinates":[18.492318,50.039069]}},{"type":"Feature","properties":{"lines":"2, 203, 207, 209, W10","arr":["2","203","207","209","W10"],"mode":"bus","angle":-63.9,"l0":"2, ","c0":"#cf8a11","l1":"203, ","c1":"#f57145","l2":"207, ","c2":"#f661b9","l3":"209, ","c3":"#b11526","l4":"W10","c4":"#6b5806"},"geometry":{"type":"Point","coordinates":[18.496807,50.041121]}},{"type":"Feature","properties":{"lines":"2, 203, 207, 209, W10","arr":["2","203","207","209","W10"],"mode":"bus","angle":-63.5,"extra":1,"ei":0,"l0":"2, ","c0":"#cf8a11","l1":"203, ","c1":"#f57145","l2":"207, ","c2":"#f661b9","l3":"209, ","c3":"#b11526","l4":"W10","c4":"#6b5806"},"geometry":{"type":"Point","coordinates":[18.495072,50.038869]}},{"type":"Feature","properties":{"lines":"2, 203, 207, 209, W10","arr":["2","203","207","209","W10"],"mode":"bus","angle":-63.5,"extra":1,"ei":1,"l0":"2, ","c0":"#cf8a11","l1":"203, ","c1":"#f57145","l2":"207, ","c2":"#f661b9","l3":"209, ","c3":"#b11526","l4":"W10","c4":"#6b5806"},"geometry":{"type":"Point","coordinates":[18.497684,50.042254]}},{"type":"Feature","properties":{"lines":"2, 203, 207, 209, W10","arr":["2","203","207","209","W10"],"mode":"bus","angle":-64.9,"extra":1,"ei":2,"l0":"2, ","c0":"#cf8a11","l1":"203, ","c1":"#f57145","l2":"207, ","c2":"#f661b9","l3":"209, ","c3":"#b11526","l4":"W10","c4":"#6b5806"},"geometry":{"type":"Point","coordinates":[18.498962,50.043955]}},{"type":"Feature","properties":{"lines":"207, 209, W10","arr":["207","209","W10"],"mode":"bus","angle":-63.5,"l0":"207, ","c0":"#f661b9","l1":"209, ","c1":"#b11526","l2":"W10","c2":"#6b5806"},"geometry":{"type":"Point","coordinates":[18.499536,50.04471]}},{"type":"Feature","properties":{"lines":"2","arr":["2"],"mode":"bus","angle":3,"l0":"2","c0":"#cf8a11"},"geometry":{"type":"Point","coordinates":[18.499752,50.044281]}},{"type":"Feature","properties":{"lines":"2, 207, 209","arr":["2","207","209"],"mode":"bus","angle":85,"l0":"2, ","c0":"#cf8a11","l1":"207, ","c1":"#f661b9","l2":"209","c2":"#b11526"},"geometry":{"type":"Point","coordinates":[18.500308,50.042697]}},{"type":"Feature","properties":{"lines":"2, 207, 209","arr":["2","207","209"],"mode":"bus","angle":66.8,"extra":1,"ei":0,"l0":"2, ","c0":"#cf8a11","l1":"207, ","c1":"#f661b9","l2":"209","c2":"#b11526"},"geometry":{"type":"Point","coordinates":[18.500897,50.041499]}},{"type":"Feature","properties":{"lines":"207, 209","arr":["207","209"],"mode":"bus","angle":89.7,"l0":"207, ","c0":"#f661b9","l1":"209","c1":"#b11526"},"geometry":{"type":"Point","coordinates":[18.500274,50.044631]}},{"type":"Feature","properties":{"lines":"2, 207, 209","arr":["2","207","209"],"mode":"bus","angle":-87.5,"l0":"2, ","c0":"#cf8a11","l1":"207, ","c1":"#f661b9","l2":"209","c2":"#b11526"},"geometry":{"type":"Point","coordinates":[18.506487,50.02963]}},{"type":"Feature","properties":{"lines":"2, 207, 209","arr":["2","207","209"],"mode":"bus","angle":69.1,"extra":1,"ei":0,"l0":"2, ","c0":"#cf8a11","l1":"207, ","c1":"#f661b9","l2":"209","c2":"#b11526"},"geometry":{"type":"Point","coordinates":[18.501607,50.040334]}},{"type":"Feature","properties":{"lines":"2, 207, 209","arr":["2","207","209"],"mode":"bus","angle":54.5,"extra":1,"ei":1,"l0":"2, ","c0":"#cf8a11","l1":"207, ","c1":"#f661b9","l2":"209","c2":"#b11526"},"geometry":{"type":"Point","coordinates":[18.503114,50.038724]}},{"type":"Feature","properties":{"lines":"2, 207, 209","arr":["2","207","209"],"mode":"bus","angle":54.8,"extra":1,"ei":2,"l0":"2, ","c0":"#cf8a11","l1":"207, ","c1":"#f661b9","l2":"209","c2":"#b11526"},"geometry":{"type":"Point","coordinates":[18.504824,50.037186]}},{"type":"Feature","properties":{"lines":"2, 207, 209","arr":["2","207","209"],"mode":"bus","angle":69.7,"extra":1,"ei":3,"l0":"2, ","c0":"#cf8a11","l1":"207, ","c1":"#f661b9","l2":"209","c2":"#b11526"},"geometry":{"type":"Point","coordinates":[18.506085,50.035492]}},{"type":"Feature","properties":{"lines":"2, 207, 209","arr":["2","207","209"],"mode":"bus","angle":88.1,"extra":1,"ei":4,"l0":"2, ","c0":"#cf8a11","l1":"207, ","c1":"#f661b9","l2":"209","c2":"#b11526"},"geometry":{"type":"Point","coordinates":[18.506712,50.033655]}},{"type":"Feature","properties":{"lines":"2, 207, 209","arr":["2","207","209"],"mode":"bus","angle":-87.7,"extra":1,"ei":5,"l0":"2, ","c0":"#cf8a11","l1":"207, ","c1":"#f661b9","l2":"209","c2":"#b11526"},"geometry":{"type":"Point","coordinates":[18.506622,50.031768]}},{"type":"Feature","properties":{"lines":"2, 207, 209","arr":["2","207","209"],"mode":"bus","angle":-82.3,"extra":1,"ei":6,"l0":"2, ","c0":"#cf8a11","l1":"207, ","c1":"#f661b9","l2":"209","c2":"#b11526"},"geometry":{"type":"Point","coordinates":[18.506296,50.027998]}},{"type":"Feature","properties":{"lines":"2, 207, 209","arr":["2","207","209"],"mode":"bus","angle":-73.8,"extra":1,"ei":7,"l0":"2, ","c0":"#cf8a11","l1":"207, ","c1":"#f661b9","l2":"209","c2":"#b11526"},"geometry":{"type":"Point","coordinates":[18.505593,50.026167]}},{"type":"Feature","properties":{"lines":"2, 207, 209","arr":["2","207","209"],"mode":"bus","angle":-73.3,"extra":1,"ei":8,"l0":"2, ","c0":"#cf8a11","l1":"207, ","c1":"#f661b9","l2":"209","c2":"#b11526"},"geometry":{"type":"Point","coordinates":[18.504755,50.024356]}},{"type":"Feature","properties":{"lines":"2, 207, 209","arr":["2","207","209"],"mode":"bus","angle":79.2,"extra":1,"ei":9,"l0":"2, ","c0":"#cf8a11","l1":"207, ","c1":"#f661b9","l2":"209","c2":"#b11526"},"geometry":{"type":"Point","coordinates":[18.504254,50.022518]}},{"type":"Feature","properties":{"lines":"2, 207, 209","arr":["2","207","209"],"mode":"bus","angle":50.6,"extra":1,"ei":10,"l0":"2, ","c0":"#cf8a11","l1":"207, ","c1":"#f661b9","l2":"209","c2":"#b11526"},"geometry":{"type":"Point","coordinates":[18.505848,50.020958]}},{"type":"Feature","properties":{"lines":"2, 207, 209","arr":["2","207","209"],"mode":"bus","angle":43.4,"extra":1,"ei":11,"l0":"2, ","c0":"#cf8a11","l1":"207, ","c1":"#f661b9","l2":"209","c2":"#b11526"},"geometry":{"type":"Point","coordinates":[18.507828,50.019563]}},{"type":"Feature","properties":{"lines":"2, 208, 209, W52","arr":["2","208","209","W52"],"mode":"bus","angle":-5.9,"side":-1,"l0":"2, ","c0":"#cf8a11","l1":"208, ","c1":"#0357b2","l2":"209, ","c2":"#b11526","l3":"W52","c3":"#02af5a"},"geometry":{"type":"Point","coordinates":[18.50902,50.018533]}},{"type":"Feature","properties":{"lines":"208, 209, W52","arr":["208","209","W52"],"mode":"bus","angle":-4.6,"l0":"208, ","c0":"#0357b2","l1":"209, ","c1":"#b11526","l2":"W52","c2":"#02af5a"},"geometry":{"type":"Point","coordinates":[18.502526,50.017721]}},{"type":"Feature","properties":{"lines":"208, 209, W52","arr":["208","209","W52"],"mode":"bus","angle":-19.8,"extra":1,"ei":0,"l0":"208, ","c0":"#0357b2","l1":"209, ","c1":"#b11526","l2":"W52","c2":"#02af5a"},"geometry":{"type":"Point","coordinates":[18.507359,50.018055]}},{"type":"Feature","properties":{"lines":"208, 209, W52","arr":["208","209","W52"],"mode":"bus","angle":-4.9,"extra":1,"ei":1,"l0":"208, ","c0":"#0357b2","l1":"209, ","c1":"#b11526","l2":"W52","c2":"#02af5a"},"geometry":{"type":"Point","coordinates":[18.504445,50.01782]}},{"type":"Feature","properties":{"lines":"208, 209, W52","arr":["208","209","W52"],"mode":"bus","angle":-30.6,"extra":1,"ei":2,"l0":"208, ","c0":"#0357b2","l1":"209, ","c1":"#b11526","l2":"W52","c2":"#02af5a"},"geometry":{"type":"Point","coordinates":[18.498981,50.016813]}},{"type":"Feature","properties":{"lines":"2, 207, 208, W52","arr":["2","207","208","W52"],"mode":"bus","angle":-1.5,"l0":"2, ","c0":"#cf8a11","l1":"207, ","c1":"#f661b9","l2":"208, ","c2":"#0357b2","l3":"W52","c3":"#02af5a"},"geometry":{"type":"Point","coordinates":[18.511966,50.018577]}},{"type":"Feature","properties":{"lines":"2, 207, 208, W52","arr":["2","207","208","W52"],"mode":"bus","angle":25.2,"extra":1,"ei":0,"l0":"2, ","c0":"#cf8a11","l1":"207, ","c1":"#f661b9","l2":"208, ","c2":"#0357b2","l3":"W52","c3":"#02af5a"},"geometry":{"type":"Point","coordinates":[18.514052,50.01826]}},{"type":"Feature","properties":{"lines":"2, 207, 208","arr":["2","207","208"],"mode":"bus","angle":11.5,"l0":"2, ","c0":"#cf8a11","l1":"207, ","c1":"#f661b9","l2":"208","c2":"#0357b2"},"geometry":{"type":"Point","coordinates":[18.516116,50.017919]}},{"type":"Feature","properties":{"lines":"2, 3, 6, 8, 9, 22, W10","arr":["2","3","6","8","9","22","W10"],"mode":"bus","angle":-64.9,"side":-1,"mi":1,"l0":"2, ","c0":"#cf8a11","l1":"3, ","c1":"#1cab97","l2":"6, ","c2":"#126804","l3":"8, ","c3":"#03636c","l4":"9, ","c4":"#7b3aa8","l5":"22, ","c5":"#0357b2","l6":"W10","c6":"#6b5806"},"geometry":{"type":"Point","coordinates":[18.521301,50.074354]}},{"type":"Feature","properties":{"lines":"2, 3, 6, 8, 9, 22, W10","arr":["2","3","6","8","9","22","W10"],"mode":"bus","angle":-84.6,"side":-1,"l0":"2, ","c0":"#cf8a11","l1":"3, ","c1":"#1cab97","l2":"6, ","c2":"#126804","l3":"8, ","c3":"#03636c","l4":"9, ","c4":"#7b3aa8","l5":"22, ","c5":"#0357b2","l6":"W10","c6":"#6b5806"},"geometry":{"type":"Point","coordinates":[18.518531,50.070516]}},{"type":"Feature","properties":{"lines":"2, 10, 17, 18, 19, 23, 46","arr":["2","10","17","18","19","23","46"],"mode":"bus","angle":15,"l0":"2, ","c0":"#cf8a11","l1":"10, ","c1":"#79a620","l2":"17, ","c2":"#02af5a","l3":"18, ","c3":"#03636c","l4":"19, ","c4":"#a72d06","l5":"23, ","c5":"#19a9a8","l6":"46","c6":"#119efc"},"geometry":{"type":"Point","coordinates":[18.551181,50.099424]}},{"type":"Feature","properties":{"lines":"2, 10, 17, 18, 19, 46","arr":["2","10","17","18","19","46"],"mode":"bus","angle":8.9,"l0":"2, ","c0":"#cf8a11","l1":"10, ","c1":"#79a620","l2":"17, ","c2":"#02af5a","l3":"18, ","c3":"#03636c","l4":"19, ","c4":"#a72d06","l5":"46","c5":"#119efc"},"geometry":{"type":"Point","coordinates":[18.549404,50.099622]}},{"type":"Feature","properties":{"lines":"2, 10, 15, 17, 18, 19, 30, 46","arr":["2","10","15","17","18","19","30","46"],"mode":"bus","angle":9,"l0":"2, ","c0":"#cf8a11","l1":"10, ","c1":"#79a620","l2":"15, ","c2":"#e16cd6","l3":"17, ","c3":"#02af5a","l4":"18, ","c4":"#03636c","l5":"19, ","c5":"#a72d06","l6":"30, ","c6":"#5a5d02","l7":"46","c7":"#119efc"},"geometry":{"type":"Point","coordinates":[18.547357,50.099831]}},{"type":"Feature","properties":{"lines":"2, 4, 5, 9, 10, 14, 16, 17, 18, 19, 22, 51, 301","arr":["2","4","5","9","10","14","16","17","18","19","22","51","301"],"mode":"bus","angle":66.2,"l0":"2, ","c0":"#cf8a11","l1":"4, ","c1":"#f661b9","l2":"5, ","c2":"#b0045c","l3":"9, ","c3":"#7b3aa8","l4":"10, ","c4":"#79a620","l5":"14, ","c5":"#b11526","l6":"16, ","c6":"#10a5d2","l7":"17, ","c7":"#02af5a","l8":"18, ","c8":"#03636c","l9":"19, ","c9":"#a72d06","l10":"22, ","c10":"#0357b2","l11":"51, ","c11":"#6b5806","l12":"301","c12":"#b0045c"},"geometry":{"type":"Point","coordinates":[18.533462,50.101034]}},{"type":"Feature","properties":{"lines":"301","arr":["301"],"mode":"bus","angle":-60.3,"l0":"301","c0":"#b0045c"},"geometry":{"type":"Point","coordinates":[18.53321,50.101415]}},{"type":"Feature","properties":{"lines":"3, 24, 33, 46","arr":["3","24","33","46"],"mode":"bus","angle":12.6,"l0":"3, ","c0":"#1cab97","l1":"24, ","c1":"#a72d06","l2":"33, ","c2":"#ab0377","l3":"46","c3":"#119efc"},"geometry":{"type":"Point","coordinates":[18.52118,50.114839]}},{"type":"Feature","properties":{"lines":"3, 6, 24, 33, 45, 46, 48","arr":["3","6","24","33","45","46","48"],"mode":"bus","angle":83.1,"mi":1,"l0":"3, ","c0":"#1cab97","l1":"6, ","c1":"#126804","l2":"24, ","c2":"#a72d06","l3":"33, ","c3":"#ab0377","l4":"45, ","c4":"#03636c","l5":"46, ","c5":"#119efc","l6":"48","c6":"#e47e2b"},"geometry":{"type":"Point","coordinates":[18.523273,50.111462]}},{"type":"Feature","properties":{"lines":"3, 6, 24, 33, 45, 46, 48","arr":["3","6","24","33","45","46","48"],"mode":"bus","angle":88.4,"extra":1,"ei":0,"l0":"3, ","c0":"#1cab97","l1":"6, ","c1":"#126804","l2":"24, ","c2":"#a72d06","l3":"33, ","c3":"#ab0377","l4":"45, ","c4":"#03636c","l5":"46, ","c5":"#119efc","l6":"48","c6":"#e47e2b"},"geometry":{"type":"Point","coordinates":[18.522986,50.113669]}},{"type":"Feature","properties":{"lines":"3, 6, 24, 33, 45, 46, 48","arr":["3","6","24","33","45","46","48"],"mode":"bus","angle":89.4,"extra":1,"ei":1,"l0":"3, ","c0":"#1cab97","l1":"6, ","c1":"#126804","l2":"24, ","c2":"#a72d06","l3":"33, ","c3":"#ab0377","l4":"45, ","c4":"#03636c","l5":"46, ","c5":"#119efc","l6":"48","c6":"#e47e2b"},"geometry":{"type":"Point","coordinates":[18.523468,50.109908]}},{"type":"Feature","properties":{"lines":"3, 6, 24, 33, 45, 46, 48","arr":["3","6","24","33","45","46","48"],"mode":"bus","angle":62.9,"l0":"3, ","c0":"#1cab97","l1":"6, ","c1":"#126804","l2":"24, ","c2":"#a72d06","l3":"33, ","c3":"#ab0377","l4":"45, ","c4":"#03636c","l5":"46, ","c5":"#119efc","l6":"48","c6":"#e47e2b"},"geometry":{"type":"Point","coordinates":[18.528092,50.105703]}},{"type":"Feature","properties":{"lines":"3, 6, 24, 33, 45, 46, 48","arr":["3","6","24","33","45","46","48"],"mode":"bus","angle":39.2,"extra":1,"ei":0,"l0":"3, ","c0":"#1cab97","l1":"6, ","c1":"#126804","l2":"24, ","c2":"#a72d06","l3":"33, ","c3":"#ab0377","l4":"45, ","c4":"#03636c","l5":"46, ","c5":"#119efc","l6":"48","c6":"#e47e2b"},"geometry":{"type":"Point","coordinates":[18.52487,50.107643]}},{"type":"Feature","properties":{"lines":"3, 6, 24, 33, 45, 46, 48","arr":["3","6","24","33","45","46","48"],"mode":"bus","angle":79.9,"extra":1,"ei":1,"l0":"3, ","c0":"#1cab97","l1":"6, ","c1":"#126804","l2":"24, ","c2":"#a72d06","l3":"33, ","c3":"#ab0377","l4":"45, ","c4":"#03636c","l5":"46, ","c5":"#119efc","l6":"48","c6":"#e47e2b"},"geometry":{"type":"Point","coordinates":[18.529167,50.103011]}},{"type":"Feature","properties":{"lines":"3, 6, 24, 45","arr":["3","6","24","45"],"mode":"bus","angle":7.5,"l0":"3, ","c0":"#1cab97","l1":"6, ","c1":"#126804","l2":"24, ","c2":"#a72d06","l3":"45","c3":"#03636c"},"geometry":{"type":"Point","coordinates":[18.52941,50.103307]}},{"type":"Feature","properties":{"lines":"3, 6, 24, 45","arr":["3","6","24","45"],"mode":"bus","angle":6.9,"mi":1,"l0":"3, ","c0":"#1cab97","l1":"6, ","c1":"#126804","l2":"24, ","c2":"#a72d06","l3":"45","c3":"#03636c"},"geometry":{"type":"Point","coordinates":[18.530435,50.102193]}},{"type":"Feature","properties":{"lines":"3, 4, 5, 6, 8, 12, 14, 15, 17, 18, 19, 22, 24, 26, 30, 32, 41, 46, 49, 300, 301, N8","arr":["3","4","5","6","8","12","14","15","17","18","19","22","24","26","30","32","41","46","49","300","301","N8"],"mode":"bus","angle":83.9,"side":-1,"l0":"3, ","c0":"#1cab97","l1":"4, ","c1":"#f661b9","l2":"5, ","c2":"#b0045c","l3":"6, ","c3":"#126804","l4":"8, ","c4":"#03636c","l5":"12, ","c5":"#ab0377","l6":"14, ","c6":"#b11526","l7":"15, ","c7":"#e16cd6","l8":"17, ","c8":"#02af5a","l9":"18, ","c9":"#03636c","l10":"19, ","c10":"#a72d06","l11":"22, ","c11":"#0357b2","l12":"24, ","c12":"#a72d06","l13":"26, ","c13":"#b59607","l14":"30, ","c14":"#5a5d02","l15":"32, ","c15":"#02af5a","l16":"41, ","c16":"#11a2e3","l17":"46, ","c17":"#119efc","l18":"49, ","c18":"#ff5e9b","l19":"300, ","c19":"#4d4aba","l20":"301, ","c20":"#b0045c","l21":"N8","c21":"#05617d"},"geometry":{"type":"Point","coordinates":[18.544307,50.093554]}},{"type":"Feature","properties":{"lines":"4, 8, 10, 14","arr":["4","8","10","14"],"mode":"bus","angle":-1.9,"side":-1,"l0":"4, ","c0":"#f661b9","l1":"8, ","c1":"#03636c","l2":"10, ","c2":"#79a620","l3":"14","c3":"#b11526"},"geometry":{"type":"Point","coordinates":[18.542474,50.090312]}},{"type":"Feature","properties":{"lines":"4, 8, 10, 14, 27, 29, 33, 36, 43, 46A, W10","arr":["4","8","10","14","27","29","33","36","43","46A","W10"],"mode":"bus","angle":-73.6,"l0":"4, ","c0":"#f661b9","l1":"8, ","c1":"#03636c","l2":"10, ","c2":"#79a620","l3":"14, ","c3":"#b11526","l4":"27, ","c4":"#c17aef","l5":"29, ","c5":"#126804","l6":"33, ","c6":"#ab0377","l7":"36, ","c7":"#19a9a8","l8":"43, ","c8":"#ff627e","l9":"46A, ","c9":"#4d4aba","l10":"W10","c10":"#6b5806"},"geometry":{"type":"Point","coordinates":[18.541901,50.089748]}},{"type":"Feature","properties":{"lines":"4, 8, 10, 14, W10","arr":["4","8","10","14","W10"],"mode":"bus","angle":-22.8,"l0":"4, ","c0":"#f661b9","l1":"8, ","c1":"#03636c","l2":"10, ","c2":"#79a620","l3":"14, ","c3":"#b11526","l4":"W10","c4":"#6b5806"},"geometry":{"type":"Point","coordinates":[18.541382,50.089036]}},{"type":"Feature","properties":{"lines":"4, 8, 9, 10, 14, A, N6, W10","arr":["4","8","9","10","14","A","N6","W10"],"mode":"bus","angle":4.8,"l0":"4, ","c0":"#f661b9","l1":"8, ","c1":"#03636c","l2":"9, ","c2":"#7b3aa8","l3":"10, ","c3":"#79a620","l4":"14, ","c4":"#b11526","l5":"A, ","c5":"#8e4604","l6":"N6, ","c6":"#9789ff","l7":"W10","c7":"#6b5806"},"geometry":{"type":"Point","coordinates":[18.538665,50.089151]}},{"type":"Feature","properties":{"lines":"4, 7, 8, 9, 10, 14, A, N6, W10","arr":["4","7","8","9","10","14","A","N6","W10"],"mode":"bus","angle":5.4,"l0":"4, ","c0":"#f661b9","l1":"7, ","c1":"#f57145","l2":"8, ","c2":"#03636c","l3":"9, ","c3":"#7b3aa8","l4":"10, ","c4":"#79a620","l5":"14, ","c5":"#b11526","l6":"A, ","c6":"#8e4604","l7":"N6, ","c7":"#9789ff","l8":"W10","c8":"#6b5806"},"geometry":{"type":"Point","coordinates":[18.535,50.089365]}},{"type":"Feature","properties":{"lines":"4, 8, 10, 14, A, W10","arr":["4","8","10","14","A","W10"],"mode":"bus","angle":11.9,"l0":"4, ","c0":"#f661b9","l1":"8, ","c1":"#03636c","l2":"10, ","c2":"#79a620","l3":"14, ","c3":"#b11526","l4":"A, ","c4":"#8e4604","l5":"W10","c5":"#6b5806"},"geometry":{"type":"Point","coordinates":[18.533162,50.089539]}},{"type":"Feature","properties":{"lines":"4, 9, 24","arr":["4","9","24"],"mode":"bus","angle":-10.4,"mi":1,"l0":"4, ","c0":"#f661b9","l1":"9, ","c1":"#7b3aa8","l2":"24","c2":"#a72d06"},"geometry":{"type":"Point","coordinates":[18.481973,50.065042]}},{"type":"Feature","properties":{"lines":"4, 9, 24","arr":["4","9","24"],"mode":"bus","angle":22.1,"extra":1,"ei":0,"l0":"4, ","c0":"#f661b9","l1":"9, ","c1":"#7b3aa8","l2":"24","c2":"#a72d06"},"geometry":{"type":"Point","coordinates":[18.489485,50.063402]}},{"type":"Feature","properties":{"lines":"4, 9, 24","arr":["4","9","24"],"mode":"bus","angle":45.4,"extra":1,"ei":1,"l0":"4, ","c0":"#f661b9","l1":"9, ","c1":"#7b3aa8","l2":"24","c2":"#a72d06"},"geometry":{"type":"Point","coordinates":[18.487277,50.064449]}},{"type":"Feature","properties":{"lines":"4, 9, 24","arr":["4","9","24"],"mode":"bus","angle":10.5,"extra":1,"ei":2,"l0":"4, ","c0":"#f661b9","l1":"9, ","c1":"#7b3aa8","l2":"24","c2":"#a72d06"},"geometry":{"type":"Point","coordinates":[18.484499,50.064999]}},{"type":"Feature","properties":{"lines":"4, 9, 24","arr":["4","9","24"],"mode":"bus","angle":-3.7,"extra":1,"ei":3,"l0":"4, ","c0":"#f661b9","l1":"9, ","c1":"#7b3aa8","l2":"24","c2":"#a72d06"},"geometry":{"type":"Point","coordinates":[18.478683,50.064666]}},{"type":"Feature","properties":{"lines":"4, 9, 24","arr":["4","9","24"],"mode":"bus","angle":11.4,"extra":1,"ei":4,"l0":"4, ","c0":"#f661b9","l1":"9, ","c1":"#7b3aa8","l2":"24","c2":"#a72d06"},"geometry":{"type":"Point","coordinates":[18.475854,50.065144]}},{"type":"Feature","properties":{"lines":"4, 9, 24","arr":["4","9","24"],"mode":"bus","angle":-4.7,"extra":1,"ei":5,"l0":"4, ","c0":"#f661b9","l1":"9, ","c1":"#7b3aa8","l2":"24","c2":"#a72d06"},"geometry":{"type":"Point","coordinates":[18.47294,50.064994]}},{"type":"Feature","properties":{"lines":"4, 9, 24","arr":["4","9","24"],"mode":"bus","angle":-58.8,"l0":"4, ","c0":"#f661b9","l1":"9, ","c1":"#7b3aa8","l2":"24","c2":"#a72d06"},"geometry":{"type":"Point","coordinates":[18.468965,50.063319]}},{"type":"Feature","properties":{"lines":"4, 9, 24","arr":["4","9","24"],"mode":"bus","angle":-11.8,"extra":1,"ei":0,"l0":"4, ","c0":"#f661b9","l1":"9, ","c1":"#7b3aa8","l2":"24","c2":"#a72d06"},"geometry":{"type":"Point","coordinates":[18.470797,50.064917]}},{"type":"Feature","properties":{"lines":"4, 9, 24","arr":["4","9","24"],"mode":"bus","angle":-75.1,"extra":1,"ei":1,"l0":"4, ","c0":"#f661b9","l1":"9, ","c1":"#7b3aa8","l2":"24","c2":"#a72d06"},"geometry":{"type":"Point","coordinates":[18.467853,50.061747]}},{"type":"Feature","properties":{"lines":"4, 9, 23, 205","arr":["4","9","23","205"],"mode":"bus","angle":79.8,"l0":"4, ","c0":"#f661b9","l1":"9, ","c1":"#7b3aa8","l2":"23, ","c2":"#19a9a8","l3":"205","c3":"#6895fc"},"geometry":{"type":"Point","coordinates":[18.464248,50.076776]}},{"type":"Feature","properties":{"lines":"4, 9, 23, 205","arr":["4","9","23","205"],"mode":"bus","angle":62.9,"mi":1,"l0":"4, ","c0":"#f661b9","l1":"9, ","c1":"#7b3aa8","l2":"23, ","c2":"#19a9a8","l3":"205","c3":"#6895fc"},"geometry":{"type":"Point","coordinates":[18.46653,50.072082]}},{"type":"Feature","properties":{"lines":"4, 9, 23, 205","arr":["4","9","23","205"],"mode":"bus","angle":66.5,"extra":1,"ei":0,"l0":"4, ","c0":"#f661b9","l1":"9, ","c1":"#7b3aa8","l2":"23, ","c2":"#19a9a8","l3":"205","c3":"#6895fc"},"geometry":{"type":"Point","coordinates":[18.465268,50.074954]}},{"type":"Feature","properties":{"lines":"4, 9, 23, 205","arr":["4","9","23","205"],"mode":"bus","angle":68.7,"extra":1,"ei":1,"l0":"4, ","c0":"#f661b9","l1":"9, ","c1":"#7b3aa8","l2":"23, ","c2":"#19a9a8","l3":"205","c3":"#6895fc"},"geometry":{"type":"Point","coordinates":[18.463625,50.078558]}},{"type":"Feature","properties":{"lines":"4, 23","arr":["4","23"],"mode":"bus","angle":82.8,"l0":"4, ","c0":"#f661b9","l1":"23","c1":"#19a9a8"},"geometry":{"type":"Point","coordinates":[18.462991,50.079795]}},{"type":"Feature","properties":{"lines":"4, 7, 9, 10, 23, 205","arr":["4","7","9","10","23","205"],"mode":"bus","angle":16.5,"l0":"4, ","c0":"#f661b9","l1":"7, ","c1":"#f57145","l2":"9, ","c2":"#7b3aa8","l3":"10, ","c3":"#79a620","l4":"23, ","c4":"#19a9a8","l5":"205","c5":"#6895fc"},"geometry":{"type":"Point","coordinates":[18.459574,50.080666]}},{"type":"Feature","properties":{"lines":"4, 7, 9, 10, 23, 205","arr":["4","7","9","10","23","205"],"mode":"bus","angle":16.7,"extra":1,"ei":0,"l0":"4, ","c0":"#f661b9","l1":"7, ","c1":"#f57145","l2":"9, ","c2":"#7b3aa8","l3":"10, ","c3":"#79a620","l4":"23, ","c4":"#19a9a8","l5":"205","c5":"#6895fc"},"geometry":{"type":"Point","coordinates":[18.461511,50.080297]}},{"type":"Feature","properties":{"lines":"4, 9, 10, 205","arr":["4","9","10","205"],"mode":"bus","angle":-41.6,"side":-1,"l0":"4, ","c0":"#f661b9","l1":"9, ","c1":"#7b3aa8","l2":"10, ","c2":"#79a620","l3":"205","c3":"#6895fc"},"geometry":{"type":"Point","coordinates":[18.455719,50.080904]}},{"type":"Feature","properties":{"lines":"10, 205","arr":["10","205"],"mode":"bus","angle":9.4,"mi":1,"l0":"10, ","c0":"#79a620","l1":"205","c1":"#6895fc"},"geometry":{"type":"Point","coordinates":[18.448721,50.079969]}},{"type":"Feature","properties":{"lines":"10, 205","arr":["10","205"],"mode":"bus","angle":-28.4,"l0":"10, ","c0":"#79a620","l1":"205","c1":"#6895fc"},"geometry":{"type":"Point","coordinates":[18.453547,50.079679]}},{"type":"Feature","properties":{"lines":"10, 205","arr":["10","205"],"mode":"bus","angle":17.1,"extra":1,"ei":0,"l0":"10, ","c0":"#79a620","l1":"205","c1":"#6895fc"},"geometry":{"type":"Point","coordinates":[18.45146,50.079689]}},{"type":"Feature","properties":{"lines":"10, 205","arr":["10","205"],"mode":"bus","angle":-31,"extra":1,"ei":0,"l0":"10, ","c0":"#79a620","l1":"205","c1":"#6895fc"},"geometry":{"type":"Point","coordinates":[18.454549,50.08081]}},{"type":"Feature","properties":{"lines":"10, 205","arr":["10","205"],"mode":"bus","angle":0.4,"extra":1,"ei":1,"l0":"10, ","c0":"#79a620","l1":"205","c1":"#6895fc"},"geometry":{"type":"Point","coordinates":[18.446249,50.080171]}},{"type":"Feature","properties":{"lines":"10, 205","arr":["10","205"],"mode":"bus","angle":-23.3,"extra":1,"ei":2,"l0":"10, ","c0":"#79a620","l1":"205","c1":"#6895fc"},"geometry":{"type":"Point","coordinates":[18.443375,50.079845]}},{"type":"Feature","properties":{"lines":"4, 7, 9, 10, 205","arr":["4","7","9","10","205"],"mode":"bus","angle":16.5,"l0":"4, ","c0":"#f661b9","l1":"7, ","c1":"#f57145","l2":"9, ","c2":"#7b3aa8","l3":"10, ","c3":"#79a620","l4":"205","c4":"#6895fc"},"geometry":{"type":"Point","coordinates":[18.463341,50.079966]}},{"type":"Feature","properties":{"lines":"4, 7, 9, 10","arr":["4","7","9","10"],"mode":"bus","angle":-12.7,"l0":"4, ","c0":"#f661b9","l1":"7, ","c1":"#f57145","l2":"9, ","c2":"#7b3aa8","l3":"10","c3":"#79a620"},"geometry":{"type":"Point","coordinates":[18.474374,50.081355]}},{"type":"Feature","properties":{"lines":"4, 7, 9, 10","arr":["4","7","9","10"],"mode":"bus","angle":15.5,"extra":1,"ei":0,"l0":"4, ","c0":"#f661b9","l1":"7, ","c1":"#f57145","l2":"9, ","c2":"#7b3aa8","l3":"10","c3":"#79a620"},"geometry":{"type":"Point","coordinates":[18.465153,50.079596]}},{"type":"Feature","properties":{"lines":"4, 7, 9, 10","arr":["4","7","9","10"],"mode":"bus","angle":-5,"extra":1,"ei":1,"l0":"4, ","c0":"#f661b9","l1":"7, ","c1":"#f57145","l2":"9, ","c2":"#7b3aa8","l3":"10","c3":"#79a620"},"geometry":{"type":"Point","coordinates":[18.46806,50.079458]}},{"type":"Feature","properties":{"lines":"4, 7, 9, 10","arr":["4","7","9","10"],"mode":"bus","angle":-26.1,"extra":1,"ei":2,"l0":"4, ","c0":"#f661b9","l1":"7, ","c1":"#f57145","l2":"9, ","c2":"#7b3aa8","l3":"10","c3":"#79a620"},"geometry":{"type":"Point","coordinates":[18.470942,50.079771]}},{"type":"Feature","properties":{"lines":"4, 7, 9, 10","arr":["4","7","9","10"],"mode":"bus","angle":22.6,"extra":1,"ei":3,"l0":"4, ","c0":"#f661b9","l1":"7, ","c1":"#f57145","l2":"9, ","c2":"#7b3aa8","l3":"10","c3":"#79a620"},"geometry":{"type":"Point","coordinates":[18.478691,50.080685]}},{"type":"Feature","properties":{"lines":"4, 7, 9, 10","arr":["4","7","9","10"],"mode":"bus","angle":-19.3,"extra":1,"ei":4,"l0":"4, ","c0":"#f661b9","l1":"7, ","c1":"#f57145","l2":"9, ","c2":"#7b3aa8","l3":"10","c3":"#79a620"},"geometry":{"type":"Point","coordinates":[18.481521,50.080447]}},{"type":"Feature","properties":{"lines":"4, 7, 9, 10","arr":["4","7","9","10"],"mode":"bus","angle":-26.2,"extra":1,"ei":5,"l0":"4, ","c0":"#f661b9","l1":"7, ","c1":"#f57145","l2":"9, ","c2":"#7b3aa8","l3":"10","c3":"#79a620"},"geometry":{"type":"Point","coordinates":[18.484174,50.081265]}},{"type":"Feature","properties":{"lines":"4, 7, 9, 10, 24","arr":["4","7","9","10","24"],"mode":"bus","angle":-23.2,"l0":"4, ","c0":"#f661b9","l1":"7, ","c1":"#f57145","l2":"9, ","c2":"#7b3aa8","l3":"10, ","c3":"#79a620","l4":"24","c4":"#a72d06"},"geometry":{"type":"Point","coordinates":[18.493651,50.083603]}},{"type":"Feature","properties":{"lines":"4, 7, 9, 10, 24","arr":["4","7","9","10","24"],"mode":"bus","angle":-22.3,"extra":1,"ei":0,"l0":"4, ","c0":"#f661b9","l1":"7, ","c1":"#f57145","l2":"9, ","c2":"#7b3aa8","l3":"10, ","c3":"#79a620","l4":"24","c4":"#a72d06"},"geometry":{"type":"Point","coordinates":[18.486599,50.082016]}},{"type":"Feature","properties":{"lines":"4, 7, 9, 10, 24","arr":["4","7","9","10","24"],"mode":"bus","angle":-19.3,"extra":1,"ei":1,"l0":"4, ","c0":"#f661b9","l1":"7, ","c1":"#f57145","l2":"9, ","c2":"#7b3aa8","l3":"10, ","c3":"#79a620","l4":"24","c4":"#a72d06"},"geometry":{"type":"Point","coordinates":[18.489375,50.082645]}},{"type":"Feature","properties":{"lines":"4, 7, 9, 10, 24","arr":["4","7","9","10","24"],"mode":"bus","angle":-48.6,"extra":1,"ei":2,"l0":"4, ","c0":"#f661b9","l1":"7, ","c1":"#f57145","l2":"9, ","c2":"#7b3aa8","l3":"10, ","c3":"#79a620","l4":"24","c4":"#a72d06"},"geometry":{"type":"Point","coordinates":[18.496809,50.085436]}},{"type":"Feature","properties":{"lines":"4, 7, 9, 10, 24","arr":["4","7","9","10","24"],"mode":"bus","angle":-48.5,"extra":1,"ei":3,"l0":"4, ","c0":"#f661b9","l1":"7, ","c1":"#f57145","l2":"9, ","c2":"#7b3aa8","l3":"10, ","c3":"#79a620","l4":"24","c4":"#a72d06"},"geometry":{"type":"Point","coordinates":[18.498753,50.086854]}},{"type":"Feature","properties":{"lines":"4, 9, 10","arr":["4","9","10"],"mode":"bus","angle":-19.9,"l0":"4, ","c0":"#f661b9","l1":"9, ","c1":"#7b3aa8","l2":"10","c2":"#79a620"},"geometry":{"type":"Point","coordinates":[18.508671,50.089713]}},{"type":"Feature","properties":{"lines":"4, 9, 10","arr":["4","9","10"],"mode":"bus","angle":-20.4,"extra":1,"ei":0,"l0":"4, ","c0":"#f661b9","l1":"9, ","c1":"#7b3aa8","l2":"10","c2":"#79a620"},"geometry":{"type":"Point","coordinates":[18.501307,50.088008]}},{"type":"Feature","properties":{"lines":"4, 9, 10","arr":["4","9","10"],"mode":"bus","angle":-19.9,"extra":1,"ei":1,"l0":"4, ","c0":"#f661b9","l1":"9, ","c1":"#7b3aa8","l2":"10","c2":"#79a620"},"geometry":{"type":"Point","coordinates":[18.504077,50.088649]}},{"type":"Feature","properties":{"lines":"4, 9, 10","arr":["4","9","10"],"mode":"bus","angle":-19.8,"extra":1,"ei":2,"l0":"4, ","c0":"#f661b9","l1":"9, ","c1":"#7b3aa8","l2":"10","c2":"#79a620"},"geometry":{"type":"Point","coordinates":[18.506846,50.08929]}},{"type":"Feature","properties":{"lines":"4, 9, 10","arr":["4","9","10"],"mode":"bus","angle":-19.8,"extra":1,"ei":3,"l0":"4, ","c0":"#f661b9","l1":"9, ","c1":"#7b3aa8","l2":"10","c2":"#79a620"},"geometry":{"type":"Point","coordinates":[18.512384,50.090572]}},{"type":"Feature","properties":{"lines":"4, 9, 10","arr":["4","9","10"],"mode":"bus","angle":-19.9,"extra":1,"ei":4,"l0":"4, ","c0":"#f661b9","l1":"9, ","c1":"#7b3aa8","l2":"10","c2":"#79a620"},"geometry":{"type":"Point","coordinates":[18.515155,50.091212]}},{"type":"Feature","properties":{"lines":"4, 10","arr":["4","10"],"mode":"bus","angle":-0.4,"side":-1,"l0":"4, ","c0":"#f661b9","l1":"10","c1":"#79a620"},"geometry":{"type":"Point","coordinates":[18.517796,50.091724]}},{"type":"Feature","properties":{"lines":"4, 10, 33, 43, 48, A","arr":["4","10","33","43","48","A"],"mode":"bus","angle":-9.2,"side":-1,"l0":"4, ","c0":"#f661b9","l1":"10, ","c1":"#79a620","l2":"33, ","c2":"#ab0377","l3":"43, ","c3":"#ff627e","l4":"48, ","c4":"#e47e2b","l5":"A","c5":"#8e4604"},"geometry":{"type":"Point","coordinates":[18.518941,50.091791]}},{"type":"Feature","properties":{"lines":"4, 9, 10, 33, 43, 48, A, N8","arr":["4","9","10","33","43","48","A","N8"],"mode":"bus","angle":-3.4,"l0":"4, ","c0":"#f661b9","l1":"9, ","c1":"#7b3aa8","l2":"10, ","c2":"#79a620","l3":"33, ","c3":"#ab0377","l4":"43, ","c4":"#ff627e","l5":"48, ","c5":"#e47e2b","l6":"A, ","c6":"#8e4604","l7":"N8","c7":"#05617d"},"geometry":{"type":"Point","coordinates":[18.521344,50.091912]}},{"type":"Feature","properties":{"lines":"4, 9, A, N8","arr":["4","9","A","N8"],"mode":"bus","angle":-30.5,"l0":"4, ","c0":"#f661b9","l1":"9, ","c1":"#7b3aa8","l2":"A, ","c2":"#8e4604","l3":"N8","c3":"#05617d"},"geometry":{"type":"Point","coordinates":[18.524574,50.092477]}},{"type":"Feature","properties":{"lines":"4, 9, 14, A, N8","arr":["4","9","14","A","N8"],"mode":"bus","angle":-58.1,"l0":"4, ","c0":"#f661b9","l1":"9, ","c1":"#7b3aa8","l2":"14, ","c2":"#b11526","l3":"A, ","c3":"#8e4604","l4":"N8","c4":"#05617d"},"geometry":{"type":"Point","coordinates":[18.527775,50.094163]}},{"type":"Feature","properties":{"lines":"4, 9, 26, 28, 29, 36, 46, A, N8","arr":["4","9","26","28","29","36","46","A","N8"],"mode":"bus","angle":10,"l0":"4, ","c0":"#f661b9","l1":"9, ","c1":"#7b3aa8","l2":"26, ","c2":"#b59607","l3":"28, ","c3":"#fe6761","l4":"29, ","c4":"#126804","l5":"36, ","c5":"#19a9a8","l6":"46, ","c6":"#119efc","l7":"A, ","c7":"#8e4604","l8":"N8","c8":"#05617d"},"geometry":{"type":"Point","coordinates":[18.531149,50.095837]}},{"type":"Feature","properties":{"lines":"4, 9, 16, 26, 27, 28, 29, 36, 45, 46, 51, A, N8","arr":["4","9","16","26","27","28","29","36","45","46","51","A","N8"],"mode":"bus","angle":9.1,"mi":1,"l0":"4, ","c0":"#f661b9","l1":"9, ","c1":"#7b3aa8","l2":"16, ","c2":"#10a5d2","l3":"26, ","c3":"#b59607","l4":"27, ","c4":"#c17aef","l5":"28, ","c5":"#fe6761","l6":"29, ","c6":"#126804","l7":"36, ","c7":"#19a9a8","l8":"45, ","c8":"#03636c","l9":"46, ","c9":"#119efc","l10":"51, ","c10":"#6b5806","l11":"A, ","c11":"#8e4604","l12":"N8","c12":"#05617d"},"geometry":{"type":"Point","coordinates":[18.533409,50.095614]}},{"type":"Feature","properties":{"lines":"4, 9, 16, 26, 27, 28, 29, 36, 45, 46, 51, A, N8","arr":["4","9","16","26","27","28","29","36","45","46","51","A","N8"],"mode":"bus","angle":3.5,"l0":"4, ","c0":"#f661b9","l1":"9, ","c1":"#7b3aa8","l2":"16, ","c2":"#10a5d2","l3":"26, ","c3":"#b59607","l4":"27, ","c4":"#c17aef","l5":"28, ","c5":"#fe6761","l6":"29, ","c6":"#126804","l7":"36, ","c7":"#19a9a8","l8":"45, ","c8":"#03636c","l9":"46, ","c9":"#119efc","l10":"51, ","c10":"#6b5806","l11":"A, ","c11":"#8e4604","l12":"N8","c12":"#05617d"},"geometry":{"type":"Point","coordinates":[18.535535,50.095435]}},{"type":"Feature","properties":{"lines":"5, 22, 52","arr":["5","22","52"],"mode":"bus","angle":-37.1,"side":-1,"mi":1,"l0":"5, ","c0":"#b0045c","l1":"22, ","c1":"#0357b2","l2":"52","c2":"#07ad80"},"geometry":{"type":"Point","coordinates":[18.541571,50.088859]}},{"type":"Feature","properties":{"lines":"5, 8, 9, 10, 12, 13, 14, 15, 22, 23, 24, 30, 32, 41, 46A, 49, 52, N6, N8, S12, S12A, W10","arr":["5","8","9","10","12","13","14","15","22","23","24","30","32","41","46A","49","52","N6","N8","S12","S12A","W10"],"mode":"bus","angle":-28,"side":-1,"l0":"5, ","c0":"#b0045c","l1":"8, ","c1":"#03636c","l2":"9, ","c2":"#7b3aa8","l3":"10, ","c3":"#79a620","l4":"12, ","c4":"#ab0377","l5":"13, ","c5":"#05617d","l6":"14, ","c6":"#b11526","l7":"15, ","c7":"#e16cd6","l8":"22, ","c8":"#0357b2","l9":"23, ","c9":"#19a9a8","l10":"24, ","c10":"#a72d06","l11":"30, ","c11":"#5a5d02","l12":"32, ","c12":"#02af5a","l13":"41, ","c13":"#11a2e3","l14":"46A, ","c14":"#4d4aba","l15":"49, ","c15":"#ff5e9b","l16":"52, ","c16":"#07ad80","l17":"N6, ","c17":"#9789ff","l18":"N8, ","c18":"#05617d","l19":"S12, ","c19":"#a72d06","l20":"S12A, ","c20":"#ff627e","l21":"W10","c21":"#6b5806"},"geometry":{"type":"Point","coordinates":[18.544198,50.089403]}},{"type":"Feature","properties":{"lines":"5, 8, 9, 10, 14, 22, 52, N6, W10","arr":["5","8","9","10","14","22","52","N6","W10"],"mode":"bus","angle":-18.3,"l0":"5, ","c0":"#b0045c","l1":"8, ","c1":"#03636c","l2":"9, ","c2":"#7b3aa8","l3":"10, ","c3":"#79a620","l4":"14, ","c4":"#b11526","l5":"22, ","c5":"#0357b2","l6":"52, ","c6":"#07ad80","l7":"N6, ","c7":"#9789ff","l8":"W10","c8":"#6b5806"},"geometry":{"type":"Point","coordinates":[18.543576,50.0888]}},{"type":"Feature","properties":{"lines":"5, 8, 9, 10, 14, 22, 27, 29, 33, 36, 43, 46A, 52, N6, W10","arr":["5","8","9","10","14","22","27","29","33","36","43","46A","52","N6","W10"],"mode":"bus","angle":14.4,"l0":"5, ","c0":"#b0045c","l1":"8, ","c1":"#03636c","l2":"9, ","c2":"#7b3aa8","l3":"10, ","c3":"#79a620","l4":"14, ","c4":"#b11526","l5":"22, ","c5":"#0357b2","l6":"27, ","c6":"#c17aef","l7":"29, ","c7":"#126804","l8":"33, ","c8":"#ab0377","l9":"36, ","c9":"#19a9a8","l10":"43, ","c10":"#ff627e","l11":"46A, ","c11":"#4d4aba","l12":"52, ","c12":"#07ad80","l13":"N6, ","c13":"#9789ff","l14":"W10","c14":"#6b5806"},"geometry":{"type":"Point","coordinates":[18.542365,50.088817]}},{"type":"Feature","properties":{"lines":"5, 22, 52","arr":["5","22","52"],"mode":"bus","angle":-56.2,"l0":"5, ","c0":"#b0045c","l1":"22, ","c1":"#0357b2","l2":"52","c2":"#07ad80"},"geometry":{"type":"Point","coordinates":[18.539147,50.085916]}},{"type":"Feature","properties":{"lines":"5, 22, 52","arr":["5","22","52"],"mode":"bus","angle":-62.9,"extra":1,"ei":0,"l0":"5, ","c0":"#b0045c","l1":"22, ","c1":"#0357b2","l2":"52","c2":"#07ad80"},"geometry":{"type":"Point","coordinates":[18.540817,50.087813]}},{"type":"Feature","properties":{"lines":"5, 22, 52","arr":["5","22","52"],"mode":"bus","angle":-62.3,"extra":1,"ei":1,"l0":"5, ","c0":"#b0045c","l1":"22, ","c1":"#0357b2","l2":"52","c2":"#07ad80"},"geometry":{"type":"Point","coordinates":[18.537859,50.084555]}},{"type":"Feature","properties":{"lines":"5, 22, 52","arr":["5","22","52"],"mode":"bus","angle":1.3,"mi":2,"l0":"5, ","c0":"#b0045c","l1":"22, ","c1":"#0357b2","l2":"52","c2":"#07ad80"},"geometry":{"type":"Point","coordinates":[18.536002,50.083219]}},{"type":"Feature","properties":{"lines":"52","arr":["52"],"mode":"bus","angle":42.6,"l0":"52","c0":"#07ad80"},"geometry":{"type":"Point","coordinates":[18.523243,50.088208]}},{"type":"Feature","properties":{"lines":"52","arr":["52"],"mode":"bus","angle":27.5,"mi":1,"l0":"52","c0":"#07ad80"},"geometry":{"type":"Point","coordinates":[18.531751,50.083974]}},{"type":"Feature","properties":{"lines":"52","arr":["52"],"mode":"bus","angle":44.2,"extra":1,"ei":0,"l0":"52","c0":"#07ad80"},"geometry":{"type":"Point","coordinates":[18.530152,50.084792]}},{"type":"Feature","properties":{"lines":"52","arr":["52"],"mode":"bus","angle":34.5,"extra":1,"ei":0,"l0":"52","c0":"#07ad80"},"geometry":{"type":"Point","coordinates":[18.527838,50.085718]}},{"type":"Feature","properties":{"lines":"52","arr":["52"],"mode":"bus","angle":38.7,"extra":1,"ei":1,"l0":"52","c0":"#07ad80"},"geometry":{"type":"Point","coordinates":[18.525522,50.086885]}},{"type":"Feature","properties":{"lines":"52","arr":["52"],"mode":"bus","angle":38.2,"extra":1,"ei":2,"l0":"52","c0":"#07ad80"},"geometry":{"type":"Point","coordinates":[18.521066,50.08935]}},{"type":"Feature","properties":{"lines":"52","arr":["52"],"mode":"bus","angle":59.3,"extra":1,"ei":3,"l0":"52","c0":"#07ad80"},"geometry":{"type":"Point","coordinates":[18.518953,50.090646]}},{"type":"Feature","properties":{"lines":"5, 22","arr":["5","22"],"mode":"bus","angle":-62.2,"mi":2,"l0":"5, ","c0":"#b0045c","l1":"22","c1":"#0357b2"},"geometry":{"type":"Point","coordinates":[18.533637,50.082713]}},{"type":"Feature","properties":{"lines":"5, 22","arr":["5","22"],"mode":"bus","angle":-10.7,"l0":"5, ","c0":"#b0045c","l1":"22","c1":"#0357b2"},"geometry":{"type":"Point","coordinates":[18.53205,50.081726]}},{"type":"Feature","properties":{"lines":"5, 22","arr":["5","22"],"mode":"bus","angle":6.2,"mi":1,"l0":"5, ","c0":"#b0045c","l1":"22","c1":"#0357b2"},"geometry":{"type":"Point","coordinates":[18.530683,50.081774]}},{"type":"Feature","properties":{"lines":"5, 22, A","arr":["5","22","A"],"mode":"bus","angle":15.6,"l0":"5, ","c0":"#b0045c","l1":"22, ","c1":"#0357b2","l2":"A","c2":"#8e4604"},"geometry":{"type":"Point","coordinates":[18.52874,50.082177]}},{"type":"Feature","properties":{"lines":"5, 6, 8, 22, N6, W10","arr":["5","6","8","22","N6","W10"],"mode":"bus","angle":-65.3,"l0":"5, ","c0":"#b0045c","l1":"6, ","c1":"#126804","l2":"8, ","c2":"#03636c","l3":"22, ","c3":"#0357b2","l4":"N6, ","c4":"#9789ff","l5":"W10","c5":"#6b5806"},"geometry":{"type":"Point","coordinates":[18.513329,50.063501]}},{"type":"Feature","properties":{"lines":"5, 6, 8, 22, N6, W10","arr":["5","6","8","22","N6","W10"],"mode":"bus","angle":-64.5,"extra":1,"ei":0,"l0":"5, ","c0":"#b0045c","l1":"6, ","c1":"#126804","l2":"8, ","c2":"#03636c","l3":"22, ","c3":"#0357b2","l4":"N6, ","c4":"#9789ff","l5":"W10","c5":"#6b5806"},"geometry":{"type":"Point","coordinates":[18.517265,50.068916]}},{"type":"Feature","properties":{"lines":"5, 6, 8, 22, N6, W10","arr":["5","6","8","22","N6","W10"],"mode":"bus","angle":-65,"extra":1,"ei":1,"l0":"5, ","c0":"#b0045c","l1":"6, ","c1":"#126804","l2":"8, ","c2":"#03636c","l3":"22, ","c3":"#0357b2","l4":"N6, ","c4":"#9789ff","l5":"W10","c5":"#6b5806"},"geometry":{"type":"Point","coordinates":[18.516017,50.067205]}},{"type":"Feature","properties":{"lines":"5, 6, 8, 22, N6, W10","arr":["5","6","8","22","N6","W10"],"mode":"bus","angle":-65.1,"extra":1,"ei":2,"l0":"5, ","c0":"#b0045c","l1":"6, ","c1":"#126804","l2":"8, ","c2":"#03636c","l3":"22, ","c3":"#0357b2","l4":"N6, ","c4":"#9789ff","l5":"W10","c5":"#6b5806"},"geometry":{"type":"Point","coordinates":[18.514776,50.065492]}},{"type":"Feature","properties":{"lines":"5, 6, 8, 22, N6, W10","arr":["5","6","8","22","N6","W10"],"mode":"bus","angle":-63,"extra":1,"ei":3,"l0":"5, ","c0":"#b0045c","l1":"6, ","c1":"#126804","l2":"8, ","c2":"#03636c","l3":"22, ","c3":"#0357b2","l4":"N6, ","c4":"#9789ff","l5":"W10","c5":"#6b5806"},"geometry":{"type":"Point","coordinates":[18.512269,50.062075]}},{"type":"Feature","properties":{"lines":"5, 6, 8, 22, N6, W10","arr":["5","6","8","22","N6","W10"],"mode":"bus","angle":-64.8,"extra":1,"ei":4,"l0":"5, ","c0":"#b0045c","l1":"6, ","c1":"#126804","l2":"8, ","c2":"#03636c","l3":"22, ","c3":"#0357b2","l4":"N6, ","c4":"#9789ff","l5":"W10","c5":"#6b5806"},"geometry":{"type":"Point","coordinates":[18.511001,50.060371]}},{"type":"Feature","properties":{"lines":"5, 6, 8, 22, N6, W10","arr":["5","6","8","22","N6","W10"],"mode":"bus","angle":-64.5,"extra":1,"ei":5,"l0":"5, ","c0":"#b0045c","l1":"6, ","c1":"#126804","l2":"8, ","c2":"#03636c","l3":"22, ","c3":"#0357b2","l4":"N6, ","c4":"#9789ff","l5":"W10","c5":"#6b5806"},"geometry":{"type":"Point","coordinates":[18.509736,50.058666]}},{"type":"Feature","properties":{"lines":"5, 23","arr":["5","23"],"mode":"bus","angle":37.4,"l0":"5, ","c0":"#b0045c","l1":"23","c1":"#19a9a8"},"geometry":{"type":"Point","coordinates":[18.512481,50.054499]}},{"type":"Feature","properties":{"lines":"5, 23","arr":["5","23"],"mode":"bus","angle":48.5,"side":-1,"extra":1,"ei":0,"l0":"5, ","c0":"#b0045c","l1":"23","c1":"#19a9a8"},"geometry":{"type":"Point","coordinates":[18.509777,50.056608]}},{"type":"Feature","properties":{"lines":"5, 23","arr":["5","23"],"mode":"bus","angle":22.3,"extra":1,"ei":1,"l0":"5, ","c0":"#b0045c","l1":"23","c1":"#19a9a8"},"geometry":{"type":"Point","coordinates":[18.516807,50.053601]}},{"type":"Feature","properties":{"lines":"5, 22, 23","arr":["5","22","23"],"mode":"bus","angle":-73,"l0":"5, ","c0":"#b0045c","l1":"22, ","c1":"#0357b2","l2":"23","c2":"#19a9a8"},"geometry":{"type":"Point","coordinates":[18.528357,50.061649]}},{"type":"Feature","properties":{"lines":"5, 22, 23","arr":["5","22","23"],"mode":"bus","angle":-69.9,"extra":1,"ei":0,"l0":"5, ","c0":"#b0045c","l1":"22, ","c1":"#0357b2","l2":"23","c2":"#19a9a8"},"geometry":{"type":"Point","coordinates":[18.518454,50.05417]}},{"type":"Feature","properties":{"lines":"5, 22, 23","arr":["5","22","23"],"mode":"bus","angle":-40.2,"extra":1,"ei":1,"l0":"5, ","c0":"#b0045c","l1":"22, ","c1":"#0357b2","l2":"23","c2":"#19a9a8"},"geometry":{"type":"Point","coordinates":[18.520277,50.055593]}},{"type":"Feature","properties":{"lines":"5, 22, 23","arr":["5","22","23"],"mode":"bus","angle":-32.9,"extra":1,"ei":2,"l0":"5, ","c0":"#b0045c","l1":"22, ","c1":"#0357b2","l2":"23","c2":"#19a9a8"},"geometry":{"type":"Point","coordinates":[18.522528,50.056809]}},{"type":"Feature","properties":{"lines":"5, 22, 23","arr":["5","22","23"],"mode":"bus","angle":-41.7,"extra":1,"ei":3,"l0":"5, ","c0":"#b0045c","l1":"22, ","c1":"#0357b2","l2":"23","c2":"#19a9a8"},"geometry":{"type":"Point","coordinates":[18.524993,50.057828]}},{"type":"Feature","properties":{"lines":"5, 22, 23","arr":["5","22","23"],"mode":"bus","angle":-62,"extra":1,"ei":4,"l0":"5, ","c0":"#b0045c","l1":"22, ","c1":"#0357b2","l2":"23","c2":"#19a9a8"},"geometry":{"type":"Point","coordinates":[18.526612,50.059379]}},{"type":"Feature","properties":{"lines":"5, 22, 23","arr":["5","22","23"],"mode":"bus","angle":-66,"extra":1,"ei":5,"l0":"5, ","c0":"#b0045c","l1":"22, ","c1":"#0357b2","l2":"23","c2":"#19a9a8"},"geometry":{"type":"Point","coordinates":[18.528963,50.062823]}},{"type":"Feature","properties":{"lines":"5, 22, 23","arr":["5","22","23"],"mode":"bus","angle":-59.6,"extra":1,"ei":6,"l0":"5, ","c0":"#b0045c","l1":"22, ","c1":"#0357b2","l2":"23","c2":"#19a9a8"},"geometry":{"type":"Point","coordinates":[18.5304,50.064471]}},{"type":"Feature","properties":{"lines":"5, 22, 23","arr":["5","22","23"],"mode":"bus","angle":-37.3,"extra":1,"ei":7,"l0":"5, ","c0":"#b0045c","l1":"22, ","c1":"#0357b2","l2":"23","c2":"#19a9a8"},"geometry":{"type":"Point","coordinates":[18.531995,50.066048]}},{"type":"Feature","properties":{"lines":"5, 22, 23","arr":["5","22","23"],"mode":"bus","angle":-39,"extra":1,"ei":8,"l0":"5, ","c0":"#b0045c","l1":"22, ","c1":"#0357b2","l2":"23","c2":"#19a9a8"},"geometry":{"type":"Point","coordinates":[18.534544,50.066982]}},{"type":"Feature","properties":{"lines":"5, 22, 23","arr":["5","22","23"],"mode":"bus","angle":-43.6,"extra":1,"ei":9,"l0":"5, ","c0":"#b0045c","l1":"22, ","c1":"#0357b2","l2":"23","c2":"#19a9a8"},"geometry":{"type":"Point","coordinates":[18.536694,50.068271]}},{"type":"Feature","properties":{"lines":"5, 22, 23","arr":["5","22","23"],"mode":"bus","angle":-84.1,"extra":1,"ei":10,"l0":"5, ","c0":"#b0045c","l1":"22, ","c1":"#0357b2","l2":"23","c2":"#19a9a8"},"geometry":{"type":"Point","coordinates":[18.537434,50.070016]}},{"type":"Feature","properties":{"lines":"5, 22, 23","arr":["5","22","23"],"mode":"bus","angle":-1.6,"l0":"5, ","c0":"#b0045c","l1":"22, ","c1":"#0357b2","l2":"23","c2":"#19a9a8"},"geometry":{"type":"Point","coordinates":[18.543084,50.069407]}},{"type":"Feature","properties":{"lines":"5, 22, 23","arr":["5","22","23"],"mode":"bus","angle":12,"extra":1,"ei":0,"l0":"5, ","c0":"#b0045c","l1":"22, ","c1":"#0357b2","l2":"23","c2":"#19a9a8"},"geometry":{"type":"Point","coordinates":[18.53894,50.070178]}},{"type":"Feature","properties":{"lines":"5, 22, 23","arr":["5","22","23"],"mode":"bus","angle":-12.3,"extra":1,"ei":1,"l0":"5, ","c0":"#b0045c","l1":"22, ","c1":"#0357b2","l2":"23","c2":"#19a9a8"},"geometry":{"type":"Point","coordinates":[18.547457,50.069965]}},{"type":"Feature","properties":{"lines":"5, 12, 13, 15, 22, 23, 27, 29, 32, 33, 36, 41, 42, 43, N8, S12, S12A","arr":["5","12","13","15","22","23","27","29","32","33","36","41","42","43","N8","S12","S12A"],"mode":"bus","angle":-85.7,"l0":"5, ","c0":"#b0045c","l1":"12, ","c1":"#ab0377","l2":"13, ","c2":"#05617d","l3":"15, ","c3":"#e16cd6","l4":"22, ","c4":"#0357b2","l5":"23, ","c5":"#19a9a8","l6":"27, ","c6":"#c17aef","l7":"29, ","c7":"#126804","l8":"32, ","c8":"#02af5a","l9":"33, ","c9":"#ab0377","l10":"36, ","c10":"#19a9a8","l11":"41, ","c11":"#11a2e3","l12":"42, ","c12":"#b11526","l13":"43, ","c13":"#ff627e","l14":"N8, ","c14":"#05617d","l15":"S12, ","c15":"#a72d06","l16":"S12A","c16":"#ff627e"},"geometry":{"type":"Point","coordinates":[18.548816,50.070974]}},{"type":"Feature","properties":{"lines":"5, 12, 13, 15, 22, 23, 27, 29, 32, 33, 36, 41, 43, N8, S12, S12A","arr":["5","12","13","15","22","23","27","29","32","33","36","41","43","N8","S12","S12A"],"mode":"bus","angle":-85.4,"l0":"5, ","c0":"#b0045c","l1":"12, ","c1":"#ab0377","l2":"13, ","c2":"#05617d","l3":"15, ","c3":"#e16cd6","l4":"22, ","c4":"#0357b2","l5":"23, ","c5":"#19a9a8","l6":"27, ","c6":"#c17aef","l7":"29, ","c7":"#126804","l8":"32, ","c8":"#02af5a","l9":"33, ","c9":"#ab0377","l10":"36, ","c10":"#19a9a8","l11":"41, ","c11":"#11a2e3","l12":"43, ","c12":"#ff627e","l13":"N8, ","c13":"#05617d","l14":"S12, ","c14":"#a72d06","l15":"S12A","c15":"#ff627e"},"geometry":{"type":"Point","coordinates":[18.549036,50.072969]}},{"type":"Feature","properties":{"lines":"5, 12, 13, 15, 22, 23, 27, 29, 32, 33, 36, 41, 43, N8, S12, S12A","arr":["5","12","13","15","22","23","27","29","32","33","36","41","43","N8","S12","S12A"],"mode":"bus","angle":82.9,"mi":1,"l0":"5, ","c0":"#b0045c","l1":"12, ","c1":"#ab0377","l2":"13, ","c2":"#05617d","l3":"15, ","c3":"#e16cd6","l4":"22, ","c4":"#0357b2","l5":"23, ","c5":"#19a9a8","l6":"27, ","c6":"#c17aef","l7":"29, ","c7":"#126804","l8":"32, ","c8":"#02af5a","l9":"33, ","c9":"#ab0377","l10":"36, ","c10":"#19a9a8","l11":"41, ","c11":"#11a2e3","l12":"43, ","c12":"#ff627e","l13":"N8, ","c13":"#05617d","l14":"S12, ","c14":"#a72d06","l15":"S12A","c15":"#ff627e"},"geometry":{"type":"Point","coordinates":[18.548838,50.075447]}},{"type":"Feature","properties":{"lines":"5, 12, 13, 15, 22, 23, 27, 29, 32, 33, 36, 41, 43, 46A, N8, S12, S12A","arr":["5","12","13","15","22","23","27","29","32","33","36","41","43","46A","N8","S12","S12A"],"mode":"bus","angle":80.1,"l0":"5, ","c0":"#b0045c","l1":"12, ","c1":"#ab0377","l2":"13, ","c2":"#05617d","l3":"15, ","c3":"#e16cd6","l4":"22, ","c4":"#0357b2","l5":"23, ","c5":"#19a9a8","l6":"27, ","c6":"#c17aef","l7":"29, ","c7":"#126804","l8":"32, ","c8":"#02af5a","l9":"33, ","c9":"#ab0377","l10":"36, ","c10":"#19a9a8","l11":"41, ","c11":"#11a2e3","l12":"43, ","c12":"#ff627e","l13":"46A, ","c13":"#4d4aba","l14":"N8, ","c14":"#05617d","l15":"S12, ","c15":"#a72d06","l16":"S12A","c16":"#ff627e"},"geometry":{"type":"Point","coordinates":[18.547216,50.080443]}},{"type":"Feature","properties":{"lines":"5, 12, 13, 15, 22, 23, 27, 29, 32, 33, 36, 41, 43, 46A, N8, S12, S12A","arr":["5","12","13","15","22","23","27","29","32","33","36","41","43","46A","N8","S12","S12A"],"mode":"bus","angle":75.6,"extra":1,"ei":0,"l0":"5, ","c0":"#b0045c","l1":"12, ","c1":"#ab0377","l2":"13, ","c2":"#05617d","l3":"15, ","c3":"#e16cd6","l4":"22, ","c4":"#0357b2","l5":"23, ","c5":"#19a9a8","l6":"27, ","c6":"#c17aef","l7":"29, ","c7":"#126804","l8":"32, ","c8":"#02af5a","l9":"33, ","c9":"#ab0377","l10":"36, ","c10":"#19a9a8","l11":"41, ","c11":"#11a2e3","l12":"43, ","c12":"#ff627e","l13":"46A, ","c13":"#4d4aba","l14":"N8, ","c14":"#05617d","l15":"S12, ","c15":"#a72d06","l16":"S12A","c16":"#ff627e"},"geometry":{"type":"Point","coordinates":[18.547888,50.078733]}},{"type":"Feature","properties":{"lines":"5, 12, 13, 15, 22, 23, 27, 29, 32, 33, 36, 41, 43, 46A, N8, S12, S12A","arr":["5","12","13","15","22","23","27","29","32","33","36","41","43","46A","N8","S12","S12A"],"mode":"bus","angle":87.6,"extra":1,"ei":1,"l0":"5, ","c0":"#b0045c","l1":"12, ","c1":"#ab0377","l2":"13, ","c2":"#05617d","l3":"15, ","c3":"#e16cd6","l4":"22, ","c4":"#0357b2","l5":"23, ","c5":"#19a9a8","l6":"27, ","c6":"#c17aef","l7":"29, ","c7":"#126804","l8":"32, ","c8":"#02af5a","l9":"33, ","c9":"#ab0377","l10":"36, ","c10":"#19a9a8","l11":"41, ","c11":"#11a2e3","l12":"43, ","c12":"#ff627e","l13":"46A, ","c13":"#4d4aba","l14":"N8, ","c14":"#05617d","l15":"S12, ","c15":"#a72d06","l16":"S12A","c16":"#ff627e"},"geometry":{"type":"Point","coordinates":[18.546914,50.082446]}},{"type":"Feature","properties":{"lines":"5, 12, 13, 15, 23, 27, 29, 33, 36, 41, 43, 46A, N8","arr":["5","12","13","15","23","27","29","33","36","41","43","46A","N8"],"mode":"bus","angle":-81.6,"mi":1,"l0":"5, ","c0":"#b0045c","l1":"12, ","c1":"#ab0377","l2":"13, ","c2":"#05617d","l3":"15, ","c3":"#e16cd6","l4":"23, ","c4":"#19a9a8","l5":"27, ","c5":"#c17aef","l6":"29, ","c6":"#126804","l7":"33, ","c7":"#ab0377","l8":"36, ","c8":"#19a9a8","l9":"41, ","c9":"#11a2e3","l10":"43, ","c10":"#ff627e","l11":"46A, ","c11":"#4d4aba","l12":"N8","c12":"#05617d"},"geometry":{"type":"Point","coordinates":[18.547819,50.084582]}},{"type":"Feature","properties":{"lines":"5, 12, 13, 15, 23, 27, 29, 33, 36, 41, 43, 46A, N8","arr":["5","12","13","15","23","27","29","33","36","41","43","46A","N8"],"mode":"bus","angle":-64,"side":-1,"extra":1,"ei":0,"l0":"5, ","c0":"#b0045c","l1":"12, ","c1":"#ab0377","l2":"13, ","c2":"#05617d","l3":"15, ","c3":"#e16cd6","l4":"23, ","c4":"#19a9a8","l5":"27, ","c5":"#c17aef","l6":"29, ","c6":"#126804","l7":"33, ","c7":"#ab0377","l8":"36, ","c8":"#19a9a8","l9":"41, ","c9":"#11a2e3","l10":"43, ","c10":"#ff627e","l11":"46A, ","c11":"#4d4aba","l12":"N8","c12":"#05617d"},"geometry":{"type":"Point","coordinates":[18.547205,50.083378]}},{"type":"Feature","properties":{"lines":"5, 12, 13, 15, 23, 27, 29, 33, 36, 41, 43, 46A, N8","arr":["5","12","13","15","23","27","29","33","36","41","43","46A","N8"],"mode":"bus","angle":80.8,"l0":"5, ","c0":"#b0045c","l1":"12, ","c1":"#ab0377","l2":"13, ","c2":"#05617d","l3":"15, ","c3":"#e16cd6","l4":"23, ","c4":"#19a9a8","l5":"27, ","c5":"#c17aef","l6":"29, ","c6":"#126804","l7":"33, ","c7":"#ab0377","l8":"36, ","c8":"#19a9a8","l9":"41, ","c9":"#11a2e3","l10":"43, ","c10":"#ff627e","l11":"46A, ","c11":"#4d4aba","l12":"N8","c12":"#05617d"},"geometry":{"type":"Point","coordinates":[18.546696,50.086319]}},{"type":"Feature","properties":{"lines":"5, 12, 13, 15, 22, 23, 24, 27, 29, 30, 32, 33, 36, 41, 43, 46A, 49, N8, S12, S12A","arr":["5","12","13","15","22","23","24","27","29","30","32","33","36","41","43","46A","49","N8","S12","S12A"],"mode":"bus","angle":32.6,"mi":1,"l0":"5, ","c0":"#b0045c","l1":"12, ","c1":"#ab0377","l2":"13, ","c2":"#05617d","l3":"15, ","c3":"#e16cd6","l4":"22, ","c4":"#0357b2","l5":"23, ","c5":"#19a9a8","l6":"24, ","c6":"#a72d06","l7":"27, ","c7":"#c17aef","l8":"29, ","c8":"#126804","l9":"30, ","c9":"#5a5d02","l10":"32, ","c10":"#02af5a","l11":"33, ","c11":"#ab0377","l12":"36, ","c12":"#19a9a8","l13":"41, ","c13":"#11a2e3","l14":"43, ","c14":"#ff627e","l15":"46A, ","c15":"#4d4aba","l16":"49, ","c16":"#ff5e9b","l17":"N8, ","c17":"#05617d","l18":"S12, ","c18":"#a72d06","l19":"S12A","c19":"#ff627e"},"geometry":{"type":"Point","coordinates":[18.544806,50.087002]}},{"type":"Feature","properties":{"lines":"5, 12, 13, 15, 23, 24, 27, 29, 30, 33, 36, 41, 43, 46A, 49, N8, S12, S12A","arr":["5","12","13","15","23","24","27","29","30","33","36","41","43","46A","49","N8","S12","S12A"],"mode":"bus","angle":47.7,"l0":"5, ","c0":"#b0045c","l1":"12, ","c1":"#ab0377","l2":"13, ","c2":"#05617d","l3":"15, ","c3":"#e16cd6","l4":"23, ","c4":"#19a9a8","l5":"24, ","c5":"#a72d06","l6":"27, ","c6":"#c17aef","l7":"29, ","c7":"#126804","l8":"30, ","c8":"#5a5d02","l9":"33, ","c9":"#ab0377","l10":"36, ","c10":"#19a9a8","l11":"41, ","c11":"#11a2e3","l12":"43, ","c12":"#ff627e","l13":"46A, ","c13":"#4d4aba","l14":"49, ","c14":"#ff5e9b","l15":"N8, ","c15":"#05617d","l16":"S12, ","c16":"#a72d06","l17":"S12A","c17":"#ff627e"},"geometry":{"type":"Point","coordinates":[18.54429,50.087277]}},{"type":"Feature","properties":{"lines":"5, 12, 13, 15, 22, 23, 24, 27, 29, 30, 32, 33, 36, 41, 43, 46A, 49, N8, S12, S12A","arr":["5","12","13","15","22","23","24","27","29","30","32","33","36","41","43","46A","49","N8","S12","S12A"],"mode":"bus","angle":-85,"l0":"5, ","c0":"#b0045c","l1":"12, ","c1":"#ab0377","l2":"13, ","c2":"#05617d","l3":"15, ","c3":"#e16cd6","l4":"22, ","c4":"#0357b2","l5":"23, ","c5":"#19a9a8","l6":"24, ","c6":"#a72d06","l7":"27, ","c7":"#c17aef","l8":"29, ","c8":"#126804","l9":"30, ","c9":"#5a5d02","l10":"32, ","c10":"#02af5a","l11":"33, ","c11":"#ab0377","l12":"36, ","c12":"#19a9a8","l13":"41, ","c13":"#11a2e3","l14":"43, ","c14":"#ff627e","l15":"46A, ","c15":"#4d4aba","l16":"49, ","c16":"#ff5e9b","l17":"N8, ","c17":"#05617d","l18":"S12, ","c18":"#a72d06","l19":"S12A","c19":"#ff627e"},"geometry":{"type":"Point","coordinates":[18.543891,50.088109]}},{"type":"Feature","properties":{"lines":"6, 45, 48","arr":["6","45","48"],"mode":"bus","angle":-78.3,"l0":"6, ","c0":"#126804","l1":"45, ","c1":"#03636c","l2":"48","c2":"#e47e2b"},"geometry":{"type":"Point","coordinates":[18.523437,50.11633]}},{"type":"Feature","properties":{"lines":"6, 12, 41, 43, PR","arr":["6","12","41","43","PR"],"mode":"bus","angle":41.5,"l0":"6, ","c0":"#126804","l1":"12, ","c1":"#ab0377","l2":"41, ","c2":"#11a2e3","l3":"43, ","c3":"#ff627e","l4":"PR","c4":"#4d4aba"},"geometry":{"type":"Point","coordinates":[18.528048,50.115822]}},{"type":"Feature","properties":{"lines":"6, 12, 41, 43, PR","arr":["6","12","41","43","PR"],"mode":"bus","angle":41.5,"extra":1,"ei":0,"l0":"6, ","c0":"#126804","l1":"12, ","c1":"#ab0377","l2":"41, ","c2":"#11a2e3","l3":"43, ","c3":"#ff627e","l4":"PR","c4":"#4d4aba"},"geometry":{"type":"Point","coordinates":[18.525478,50.117292]}},{"type":"Feature","properties":{"lines":"6, 12, 41, 43, PR","arr":["6","12","41","43","PR"],"mode":"bus","angle":17.9,"extra":1,"ei":1,"l0":"6, ","c0":"#126804","l1":"12, ","c1":"#ab0377","l2":"41, ","c2":"#11a2e3","l3":"43, ","c3":"#ff627e","l4":"PR","c4":"#4d4aba"},"geometry":{"type":"Point","coordinates":[18.530088,50.114993]}},{"type":"Feature","properties":{"lines":"6, 7, 12, 41, 43","arr":["6","7","12","41","43"],"mode":"bus","angle":70.4,"side":-1,"l0":"6, ","c0":"#126804","l1":"7, ","c1":"#f57145","l2":"12, ","c2":"#ab0377","l3":"41, ","c3":"#11a2e3","l4":"43","c4":"#ff627e"},"geometry":{"type":"Point","coordinates":[18.53446,50.110982]}},{"type":"Feature","properties":{"lines":"6, 12, 41, 43","arr":["6","12","41","43"],"mode":"bus","angle":70.5,"side":-1,"l0":"6, ","c0":"#126804","l1":"12, ","c1":"#ab0377","l2":"41, ","c2":"#11a2e3","l3":"43","c3":"#ff627e"},"geometry":{"type":"Point","coordinates":[18.533552,50.112619]}},{"type":"Feature","properties":{"lines":"6, 7, 12, 41, 43, A","arr":["6","7","12","41","43","A"],"mode":"bus","angle":81.5,"l0":"6, ","c0":"#126804","l1":"7, ","c1":"#f57145","l2":"12, ","c2":"#ab0377","l3":"41, ","c3":"#11a2e3","l4":"43, ","c4":"#ff627e","l5":"A","c5":"#8e4604"},"geometry":{"type":"Point","coordinates":[18.53684,50.10582]}},{"type":"Feature","properties":{"lines":"6, 7, 12, 41, 43, A","arr":["6","7","12","41","43","A"],"mode":"bus","angle":70.4,"extra":1,"ei":0,"l0":"6, ","c0":"#126804","l1":"7, ","c1":"#f57145","l2":"12, ","c2":"#ab0377","l3":"41, ","c3":"#11a2e3","l4":"43, ","c4":"#ff627e","l5":"A","c5":"#8e4604"},"geometry":{"type":"Point","coordinates":[18.53553,50.10906]}},{"type":"Feature","properties":{"lines":"6, 7, 12, 41, 43, A","arr":["6","7","12","41","43","A"],"mode":"bus","angle":78.7,"extra":1,"ei":1,"l0":"6, ","c0":"#126804","l1":"7, ","c1":"#f57145","l2":"12, ","c2":"#ab0377","l3":"41, ","c3":"#11a2e3","l4":"43, ","c4":"#ff627e","l5":"A","c5":"#8e4604"},"geometry":{"type":"Point","coordinates":[18.536431,50.107265]}},{"type":"Feature","properties":{"lines":"6, 7, 12, 41, 43, A","arr":["6","7","12","41","43","A"],"mode":"bus","angle":70.7,"extra":1,"ei":2,"l0":"6, ","c0":"#126804","l1":"7, ","c1":"#f57145","l2":"12, ","c2":"#ab0377","l3":"41, ","c3":"#11a2e3","l4":"43, ","c4":"#ff627e","l5":"A","c5":"#8e4604"},"geometry":{"type":"Point","coordinates":[18.537594,50.103571]}},{"type":"Feature","properties":{"lines":"6, 7, 12, 41, 43, A","arr":["6","7","12","41","43","A"],"mode":"bus","angle":70.4,"side":-1,"extra":1,"ei":3,"l0":"6, ","c0":"#126804","l1":"7, ","c1":"#f57145","l2":"12, ","c2":"#ab0377","l3":"41, ","c3":"#11a2e3","l4":"43, ","c4":"#ff627e","l5":"A","c5":"#8e4604"},"geometry":{"type":"Point","coordinates":[18.538568,50.101789]}},{"type":"Feature","properties":{"lines":"6, 8, 22, 23, N6, W10","arr":["6","8","22","23","N6","W10"],"mode":"bus","angle":-65.5,"l0":"6, ","c0":"#126804","l1":"8, ","c1":"#03636c","l2":"22, ","c2":"#0357b2","l3":"23, ","c3":"#19a9a8","l4":"N6, ","c4":"#9789ff","l5":"W10","c5":"#6b5806"},"geometry":{"type":"Point","coordinates":[18.507749,50.055893]}},{"type":"Feature","properties":{"lines":"6, 8, 22, 23, N6, W10","arr":["6","8","22","23","N6","W10"],"mode":"bus","angle":-64.9,"extra":1,"ei":0,"l0":"6, ","c0":"#126804","l1":"8, ","c1":"#03636c","l2":"22, ","c2":"#0357b2","l3":"23, ","c3":"#19a9a8","l4":"N6, ","c4":"#9789ff","l5":"W10","c5":"#6b5806"},"geometry":{"type":"Point","coordinates":[18.50686,50.054678]}},{"type":"Feature","properties":{"lines":"6, 23, N6","arr":["6","23","N6"],"mode":"bus","angle":52.3,"mi":2,"l0":"6, ","c0":"#126804","l1":"23, ","c1":"#19a9a8","l2":"N6","c2":"#9789ff"},"geometry":{"type":"Point","coordinates":[18.503245,50.055753]}},{"type":"Feature","properties":{"lines":"6, 23, N6","arr":["6","23","N6"],"mode":"bus","angle":12.9,"extra":1,"ei":0,"l0":"6, ","c0":"#126804","l1":"23, ","c1":"#19a9a8","l2":"N6","c2":"#9789ff"},"geometry":{"type":"Point","coordinates":[18.505335,50.054595]}},{"type":"Feature","properties":{"lines":"6, 23, N6","arr":["6","23","N6"],"mode":"bus","angle":15.5,"extra":1,"ei":1,"l0":"6, ","c0":"#126804","l1":"23, ","c1":"#19a9a8","l2":"N6","c2":"#9789ff"},"geometry":{"type":"Point","coordinates":[18.500427,50.055951]}},{"type":"Feature","properties":{"lines":"6, 23, N6","arr":["6","23","N6"],"mode":"bus","angle":78.1,"mi":1,"l0":"6, ","c0":"#126804","l1":"23, ","c1":"#19a9a8","l2":"N6","c2":"#9789ff"},"geometry":{"type":"Point","coordinates":[18.496432,50.062139]}},{"type":"Feature","properties":{"lines":"6, 23, N6","arr":["6","23","N6"],"mode":"bus","angle":54.7,"l0":"6, ","c0":"#126804","l1":"23, ","c1":"#19a9a8","l2":"N6","c2":"#9789ff"},"geometry":{"type":"Point","coordinates":[18.497512,50.057947]}},{"type":"Feature","properties":{"lines":"6, 23, N6","arr":["6","23","N6"],"mode":"bus","angle":-85.5,"extra":1,"ei":0,"l0":"6, ","c0":"#126804","l1":"23, ","c1":"#19a9a8","l2":"N6","c2":"#9789ff"},"geometry":{"type":"Point","coordinates":[18.496912,50.060277]}},{"type":"Feature","properties":{"lines":"6, 23, N6","arr":["6","23","N6"],"mode":"bus","angle":78.1,"extra":1,"ei":1,"l0":"6, ","c0":"#126804","l1":"23, ","c1":"#19a9a8","l2":"N6","c2":"#9789ff"},"geometry":{"type":"Point","coordinates":[18.495834,50.063977]}},{"type":"Feature","properties":{"lines":"6, 23","arr":["6","23"],"mode":"bus","angle":31.7,"l0":"6, ","c0":"#126804","l1":"23","c1":"#19a9a8"},"geometry":{"type":"Point","coordinates":[18.494571,50.063515]}},{"type":"Feature","properties":{"lines":"6, 23","arr":["6","23"],"mode":"bus","angle":51.2,"side":-1,"l0":"6, ","c0":"#126804","l1":"23","c1":"#19a9a8"},"geometry":{"type":"Point","coordinates":[18.506216,50.054305]}},{"type":"Feature","properties":{"lines":"6, 8, 22, 23, W10","arr":["6","8","22","23","W10"],"mode":"bus","angle":-64,"side":-1,"l0":"6, ","c0":"#126804","l1":"8, ","c1":"#03636c","l2":"22, ","c2":"#0357b2","l3":"23, ","c3":"#19a9a8","l4":"W10","c4":"#6b5806"},"geometry":{"type":"Point","coordinates":[18.506597,50.054331]}},{"type":"Feature","properties":{"lines":"6","arr":["6"],"mode":"bus","angle":0.1,"mi":1,"l0":"6","c0":"#126804"},"geometry":{"type":"Point","coordinates":[18.525786,50.116259]}},{"type":"Feature","properties":{"lines":"6","arr":["6"],"mode":"bus","angle":56.6,"l0":"6","c0":"#126804"},"geometry":{"type":"Point","coordinates":[18.523811,50.116464]}},{"type":"Feature","properties":{"lines":"7, 12, 13, 14, 23, 26, 30, 32, 41, 49, N6","arr":["7","12","13","14","23","26","30","32","41","49","N6"],"mode":"bus","angle":-78.6,"side":-1,"l0":"7, ","c0":"#f57145","l1":"12, ","c1":"#ab0377","l2":"13, ","c2":"#05617d","l3":"14, ","c3":"#b11526","l4":"23, ","c4":"#19a9a8","l5":"26, ","c5":"#b59607","l6":"30, ","c6":"#5a5d02","l7":"32, ","c7":"#02af5a","l8":"41, ","c8":"#11a2e3","l9":"49, ","c9":"#ff5e9b","l10":"N6","c10":"#9789ff"},"geometry":{"type":"Point","coordinates":[18.54617,50.111519]}},{"type":"Feature","properties":{"lines":"12, 13, 14, 26, 32, 41, 49, N6","arr":["12","13","14","26","32","41","49","N6"],"mode":"bus","angle":-76.8,"mi":1,"l0":"12, ","c0":"#ab0377","l1":"13, ","c1":"#05617d","l2":"14, ","c2":"#b11526","l3":"26, ","c3":"#b59607","l4":"32, ","c4":"#02af5a","l5":"41, ","c5":"#11a2e3","l6":"49, ","c6":"#ff5e9b","l7":"N6","c7":"#9789ff"},"geometry":{"type":"Point","coordinates":[18.548159,50.115543]}},{"type":"Feature","properties":{"lines":"12, 13, 14, 26, 32, 41, 49, N6","arr":["12","13","14","26","32","41","49","N6"],"mode":"bus","angle":-66.2,"l0":"12, ","c0":"#ab0377","l1":"13, ","c1":"#05617d","l2":"14, ","c2":"#b11526","l3":"26, ","c3":"#b59607","l4":"32, ","c4":"#02af5a","l5":"41, ","c5":"#11a2e3","l6":"49, ","c6":"#ff5e9b","l7":"N6","c7":"#9789ff"},"geometry":{"type":"Point","coordinates":[18.546741,50.112603]}},{"type":"Feature","properties":{"lines":"12, 13, 14, 26, 32, 41, 49, N6","arr":["12","13","14","26","32","41","49","N6"],"mode":"bus","angle":-78.7,"side":-1,"extra":1,"ei":0,"l0":"12, ","c0":"#ab0377","l1":"13, ","c1":"#05617d","l2":"14, ","c2":"#b11526","l3":"26, ","c3":"#b59607","l4":"32, ","c4":"#02af5a","l5":"41, ","c5":"#11a2e3","l6":"49, ","c6":"#ff5e9b","l7":"N6","c7":"#9789ff"},"geometry":{"type":"Point","coordinates":[18.548634,50.11687]}},{"type":"Feature","properties":{"lines":"7, PR","arr":["7","PR"],"mode":"bus","angle":33.4,"l0":"7, ","c0":"#f57145","l1":"PR","c1":"#4d4aba"},"geometry":{"type":"Point","coordinates":[18.539862,50.111042]}},{"type":"Feature","properties":{"lines":"7, PR","arr":["7","PR"],"mode":"bus","angle":-29.5,"extra":1,"ei":0,"l0":"7, ","c0":"#f57145","l1":"PR","c1":"#4d4aba"},"geometry":{"type":"Point","coordinates":[18.544646,50.110663]}},{"type":"Feature","properties":{"lines":"7, PR","arr":["7","PR"],"mode":"bus","angle":27.7,"extra":1,"ei":1,"l0":"7, ","c0":"#f57145","l1":"PR","c1":"#4d4aba"},"geometry":{"type":"Point","coordinates":[18.541941,50.110188]}},{"type":"Feature","properties":{"lines":"7, PR","arr":["7","PR"],"mode":"bus","angle":34.5,"extra":1,"ei":2,"l0":"7, ","c0":"#f57145","l1":"PR","c1":"#4d4aba"},"geometry":{"type":"Point","coordinates":[18.536954,50.112192]}},{"type":"Feature","properties":{"lines":"7, PR","arr":["7","PR"],"mode":"bus","angle":29,"extra":1,"ei":3,"l0":"7, ","c0":"#f57145","l1":"PR","c1":"#4d4aba"},"geometry":{"type":"Point","coordinates":[18.534463,50.113198]}},{"type":"Feature","properties":{"lines":"7","arr":["7"],"mode":"bus","angle":87.4,"mi":3,"l0":"7","c0":"#f57145"},"geometry":{"type":"Point","coordinates":[18.533956,50.112657]}},{"type":"Feature","properties":{"lines":"7, 16, 51","arr":["7","16","51"],"mode":"bus","angle":75.3,"l0":"7, ","c0":"#f57145","l1":"16, ","c1":"#10a5d2","l2":"51","c2":"#6b5806"},"geometry":{"type":"Point","coordinates":[18.535754,50.097579]}},{"type":"Feature","properties":{"lines":"7, 16, 51","arr":["7","16","51"],"mode":"bus","angle":75.7,"extra":1,"ei":0,"l0":"7, ","c0":"#f57145","l1":"16, ","c1":"#10a5d2","l2":"51","c2":"#6b5806"},"geometry":{"type":"Point","coordinates":[18.535313,50.098727]}},{"type":"Feature","properties":{"lines":"7, A","arr":["7","A"],"mode":"bus","angle":-65.8,"l0":"7, ","c0":"#f57145","l1":"A","c1":"#8e4604"},"geometry":{"type":"Point","coordinates":[18.536679,50.09163]}},{"type":"Feature","properties":{"lines":"7, A","arr":["7","A"],"mode":"bus","angle":-83.5,"extra":1,"ei":0,"l0":"7, ","c0":"#f57145","l1":"A","c1":"#8e4604"},"geometry":{"type":"Point","coordinates":[18.53736,50.093052]}},{"type":"Feature","properties":{"lines":"7, A","arr":["7","A"],"mode":"bus","angle":81,"extra":1,"ei":1,"l0":"7, ","c0":"#f57145","l1":"A","c1":"#8e4604"},"geometry":{"type":"Point","coordinates":[18.536485,50.089464]}},{"type":"Feature","properties":{"lines":"7","arr":["7"],"mode":"bus","angle":-3.7,"l0":"7","c0":"#f57145"},"geometry":{"type":"Point","coordinates":[18.535143,50.091278]}},{"type":"Feature","properties":{"lines":"7","arr":["7"],"mode":"bus","angle":36.8,"l0":"7","c0":"#f57145"},"geometry":{"type":"Point","coordinates":[18.505081,50.082244]}},{"type":"Feature","properties":{"lines":"7","arr":["7"],"mode":"bus","angle":36.5,"extra":1,"ei":0,"l0":"7","c0":"#f57145"},"geometry":{"type":"Point","coordinates":[18.510026,50.07991]}},{"type":"Feature","properties":{"lines":"7","arr":["7"],"mode":"bus","angle":36,"extra":1,"ei":1,"l0":"7","c0":"#f57145"},"geometry":{"type":"Point","coordinates":[18.507653,50.081028]}},{"type":"Feature","properties":{"lines":"7","arr":["7"],"mode":"bus","angle":35.8,"extra":1,"ei":2,"l0":"7","c0":"#f57145"},"geometry":{"type":"Point","coordinates":[18.502925,50.083279]}},{"type":"Feature","properties":{"lines":"7","arr":["7"],"mode":"bus","angle":31.5,"extra":1,"ei":3,"l0":"7","c0":"#f57145"},"geometry":{"type":"Point","coordinates":[18.500425,50.084275]}},{"type":"Feature","properties":{"lines":"7","arr":["7"],"mode":"bus","angle":-42.6,"mi":1,"l0":"7","c0":"#f57145"},"geometry":{"type":"Point","coordinates":[18.498578,50.084856]}},{"type":"Feature","properties":{"lines":"7","arr":["7"],"mode":"bus","angle":-10.5,"extra":1,"ei":0,"l0":"7","c0":"#f57145"},"geometry":{"type":"Point","coordinates":[18.49584,50.083985]}},{"type":"Feature","properties":{"lines":"7","arr":["7"],"mode":"bus","angle":-70.2,"extra":1,"ei":1,"l0":"7","c0":"#f57145"},"geometry":{"type":"Point","coordinates":[18.49967,50.086463]}},{"type":"Feature","properties":{"lines":"7, 23","arr":["7","23"],"mode":"bus","angle":5,"l0":"7, ","c0":"#f57145","l1":"23","c1":"#19a9a8"},"geometry":{"type":"Point","coordinates":[18.448374,50.082731]}},{"type":"Feature","properties":{"lines":"7, 23","arr":["7","23"],"mode":"bus","angle":17.3,"extra":1,"ei":0,"l0":"7, ","c0":"#f57145","l1":"23","c1":"#19a9a8"},"geometry":{"type":"Point","coordinates":[18.454557,50.08149]}},{"type":"Feature","properties":{"lines":"7, 23","arr":["7","23"],"mode":"bus","angle":24.3,"extra":1,"ei":1,"l0":"7, ","c0":"#f57145","l1":"23","c1":"#19a9a8"},"geometry":{"type":"Point","coordinates":[18.451774,50.082103]}},{"type":"Feature","properties":{"lines":"7, 23","arr":["7","23"],"mode":"bus","angle":43.5,"extra":1,"ei":2,"l0":"7, ","c0":"#f57145","l1":"23","c1":"#19a9a8"},"geometry":{"type":"Point","coordinates":[18.446442,50.08338]}},{"type":"Feature","properties":{"lines":"7, 23","arr":["7","23"],"mode":"bus","angle":43.1,"extra":1,"ei":3,"l0":"7, ","c0":"#f57145","l1":"23","c1":"#19a9a8"},"geometry":{"type":"Point","coordinates":[18.444315,50.084685]}},{"type":"Feature","properties":{"lines":"7","arr":["7"],"mode":"bus","angle":-51.8,"l0":"7","c0":"#f57145"},"geometry":{"type":"Point","coordinates":[18.443041,50.086964]}},{"type":"Feature","properties":{"lines":"7","arr":["7"],"mode":"bus","angle":-56.6,"l0":"7","c0":"#f57145"},"geometry":{"type":"Point","coordinates":[18.450272,50.094978]}},{"type":"Feature","properties":{"lines":"7","arr":["7"],"mode":"bus","angle":-59.7,"extra":1,"ei":0,"l0":"7","c0":"#f57145"},"geometry":{"type":"Point","coordinates":[18.445598,50.089119]}},{"type":"Feature","properties":{"lines":"7","arr":["7"],"mode":"bus","angle":-59.5,"extra":1,"ei":1,"l0":"7","c0":"#f57145"},"geometry":{"type":"Point","coordinates":[18.447085,50.090749]}},{"type":"Feature","properties":{"lines":"7","arr":["7"],"mode":"bus","angle":-76.8,"extra":1,"ei":2,"l0":"7","c0":"#f57145"},"geometry":{"type":"Point","coordinates":[18.448399,50.092424]}},{"type":"Feature","properties":{"lines":"7","arr":["7"],"mode":"bus","angle":80.4,"extra":1,"ei":3,"l0":"7","c0":"#f57145"},"geometry":{"type":"Point","coordinates":[18.450535,50.097622]}},{"type":"Feature","properties":{"lines":"7","arr":["7"],"mode":"bus","angle":78.9,"extra":1,"ei":4,"l0":"7","c0":"#f57145"},"geometry":{"type":"Point","coordinates":[18.450012,50.099481]}},{"type":"Feature","properties":{"lines":"7","arr":["7"],"mode":"bus","angle":-85.9,"extra":1,"ei":5,"l0":"7","c0":"#f57145"},"geometry":{"type":"Point","coordinates":[18.449735,50.101346]}},{"type":"Feature","properties":{"lines":"7, 8, 9, 10, 14, A, N6, W10","arr":["7","8","9","10","14","A","N6","W10"],"mode":"bus","angle":-1.3,"side":-1,"l0":"7, ","c0":"#f57145","l1":"8, ","c1":"#03636c","l2":"9, ","c2":"#7b3aa8","l3":"10, ","c3":"#79a620","l4":"14, ","c4":"#b11526","l5":"A, ","c5":"#8e4604","l6":"N6, ","c6":"#9789ff","l7":"W10","c7":"#6b5806"},"geometry":{"type":"Point","coordinates":[18.533142,50.089468]}},{"type":"Feature","properties":{"lines":"7, 9, 16, 26, 27, 28, 29, 36, 45, 46, 51, A, N8","arr":["7","9","16","26","27","28","29","36","45","46","51","A","N8"],"mode":"bus","angle":-73.5,"mi":1,"l0":"7, ","c0":"#f57145","l1":"9, ","c1":"#7b3aa8","l2":"16, ","c2":"#10a5d2","l3":"26, ","c3":"#b59607","l4":"27, ","c4":"#c17aef","l5":"28, ","c5":"#fe6761","l6":"29, ","c6":"#126804","l7":"36, ","c7":"#19a9a8","l8":"45, ","c8":"#03636c","l9":"46, ","c9":"#119efc","l10":"51, ","c10":"#6b5806","l11":"A, ","c11":"#8e4604","l12":"N8","c12":"#05617d"},"geometry":{"type":"Point","coordinates":[18.538187,50.094741]}},{"type":"Feature","properties":{"lines":"7, 9, 16, 26, 27, 28, 29, 36, 45, 46, 51, A, N8","arr":["7","9","16","26","27","28","29","36","45","46","51","A","N8"],"mode":"bus","angle":-9.6,"l0":"7, ","c0":"#f57145","l1":"9, ","c1":"#7b3aa8","l2":"16, ","c2":"#10a5d2","l3":"26, ","c3":"#b59607","l4":"27, ","c4":"#c17aef","l5":"28, ","c5":"#fe6761","l6":"29, ","c6":"#126804","l7":"36, ","c7":"#19a9a8","l8":"45, ","c8":"#03636c","l9":"46, ","c9":"#119efc","l10":"51, ","c10":"#6b5806","l11":"A, ","c11":"#8e4604","l12":"N8","c12":"#05617d"},"geometry":{"type":"Point","coordinates":[18.537645,50.095469]}},{"type":"Feature","properties":{"lines":"7","arr":["7"],"mode":"bus","angle":35.3,"l0":"7","c0":"#f57145"},"geometry":{"type":"Point","coordinates":[18.535346,50.110742]}},{"type":"Feature","properties":{"lines":"7","arr":["7"],"mode":"bus","angle":-57,"mi":1,"l0":"7","c0":"#f57145"},"geometry":{"type":"Point","coordinates":[18.536449,50.110534]}},{"type":"Feature","properties":{"lines":"7","arr":["7"],"mode":"bus","angle":-56.1,"mi":2,"l0":"7","c0":"#f57145"},"geometry":{"type":"Point","coordinates":[18.537217,50.111275]}},{"type":"Feature","properties":{"lines":"8, W10","arr":["8","W10"],"mode":"bus","angle":-64.8,"l0":"8, ","c0":"#03636c","l1":"W10","c1":"#6b5806"},"geometry":{"type":"Point","coordinates":[18.503283,50.049862]}},{"type":"Feature","properties":{"lines":"8, W10","arr":["8","W10"],"mode":"bus","angle":-62.4,"extra":1,"ei":0,"l0":"8, ","c0":"#03636c","l1":"W10","c1":"#6b5806"},"geometry":{"type":"Point","coordinates":[18.505701,50.053107]}},{"type":"Feature","properties":{"lines":"8, W10","arr":["8","W10"],"mode":"bus","angle":-64.7,"extra":1,"ei":1,"l0":"8, ","c0":"#03636c","l1":"W10","c1":"#6b5806"},"geometry":{"type":"Point","coordinates":[18.504418,50.051407]}},{"type":"Feature","properties":{"lines":"8, W10","arr":["8","W10"],"mode":"bus","angle":-66.6,"extra":1,"ei":2,"l0":"8, ","c0":"#03636c","l1":"W10","c1":"#6b5806"},"geometry":{"type":"Point","coordinates":[18.501927,50.047985]}},{"type":"Feature","properties":{"lines":"8, W10","arr":["8","W10"],"mode":"bus","angle":-64.5,"extra":1,"ei":3,"l0":"8, ","c0":"#03636c","l1":"W10","c1":"#6b5806"},"geometry":{"type":"Point","coordinates":[18.500701,50.046268]}},{"type":"Feature","properties":{"lines":"W10","arr":["W10"],"mode":"bus","angle":-64.6,"l0":"W10","c0":"#6b5806"},"geometry":{"type":"Point","coordinates":[18.500021,50.045356]}},{"type":"Feature","properties":{"lines":"8","arr":["8"],"mode":"bus","angle":36.2,"l0":"8","c0":"#03636c"},"geometry":{"type":"Point","coordinates":[18.499331,50.045946]}},{"type":"Feature","properties":{"lines":"8","arr":["8"],"mode":"bus","angle":-51.6,"mi":1,"l0":"8","c0":"#03636c"},"geometry":{"type":"Point","coordinates":[18.497307,50.046867]}},{"type":"Feature","properties":{"lines":"8","arr":["8"],"mode":"bus","angle":-76.4,"l0":"8","c0":"#03636c"},"geometry":{"type":"Point","coordinates":[18.478309,50.048879]}},{"type":"Feature","properties":{"lines":"203","arr":["203"],"mode":"bus","angle":39.7,"l0":"203","c0":"#f57145"},"geometry":{"type":"Point","coordinates":[18.497718,50.044982]}},{"type":"Feature","properties":{"lines":"8, 203","arr":["8","203"],"mode":"bus","angle":26.9,"l0":"8, ","c0":"#03636c","l1":"203","c1":"#f57145"},"geometry":{"type":"Point","coordinates":[18.483174,50.048254]}},{"type":"Feature","properties":{"lines":"8, 203","arr":["8","203"],"mode":"bus","angle":-18.6,"mi":1,"l0":"8, ","c0":"#03636c","l1":"203","c1":"#f57145"},"geometry":{"type":"Point","coordinates":[18.493419,50.046122]}},{"type":"Feature","properties":{"lines":"8, 203","arr":["8","203"],"mode":"bus","angle":11.8,"extra":1,"ei":0,"l0":"8, ","c0":"#03636c","l1":"203","c1":"#f57145"},"geometry":{"type":"Point","coordinates":[18.477788,50.049219]}},{"type":"Feature","properties":{"lines":"8, 203","arr":["8","203"],"mode":"bus","angle":14.4,"extra":1,"ei":1,"l0":"8, ","c0":"#03636c","l1":"203","c1":"#f57145"},"geometry":{"type":"Point","coordinates":[18.480652,50.04878]}},{"type":"Feature","properties":{"lines":"8, 203","arr":["8","203"],"mode":"bus","angle":2.5,"extra":1,"ei":2,"l0":"8, ","c0":"#03636c","l1":"203","c1":"#f57145"},"geometry":{"type":"Point","coordinates":[18.486177,50.047611]}},{"type":"Feature","properties":{"lines":"8, 203","arr":["8","203"],"mode":"bus","angle":23.1,"extra":1,"ei":3,"l0":"8, ","c0":"#03636c","l1":"203","c1":"#f57145"},"geometry":{"type":"Point","coordinates":[18.488941,50.046985]}},{"type":"Feature","properties":{"lines":"8, 207, 209, 210, W59","arr":["8","207","209","210","W59"],"mode":"bus","angle":-9.7,"l0":"8, ","c0":"#03636c","l1":"207, ","c1":"#f661b9","l2":"209, ","c2":"#b11526","l3":"210, ","c3":"#126804","l4":"W59","c4":"#b20b42"},"geometry":{"type":"Point","coordinates":[18.459887,50.054065]}},{"type":"Feature","properties":{"lines":"8, 207, 209, 210, W59","arr":["8","207","209","210","W59"],"mode":"bus","angle":-16.2,"extra":1,"ei":0,"l0":"8, ","c0":"#03636c","l1":"207, ","c1":"#f661b9","l2":"209, ","c2":"#b11526","l3":"210, ","c3":"#126804","l4":"W59","c4":"#b20b42"},"geometry":{"type":"Point","coordinates":[18.467178,50.055392]}},{"type":"Feature","properties":{"lines":"8, 207, 209, 210, W59","arr":["8","207","209","210","W59"],"mode":"bus","angle":-16,"extra":1,"ei":1,"l0":"8, ","c0":"#03636c","l1":"207, ","c1":"#f661b9","l2":"209, ","c2":"#b11526","l3":"210, ","c3":"#126804","l4":"W59","c4":"#b20b42"},"geometry":{"type":"Point","coordinates":[18.464348,50.05487]}},{"type":"Feature","properties":{"lines":"8, 207, 209, 210, W59","arr":["8","207","209","210","W59"],"mode":"bus","angle":-10.9,"extra":1,"ei":2,"l0":"8, ","c0":"#03636c","l1":"207, ","c1":"#f661b9","l2":"209, ","c2":"#b11526","l3":"210, ","c3":"#126804","l4":"W59","c4":"#b20b42"},"geometry":{"type":"Point","coordinates":[18.455787,50.054388]}},{"type":"Feature","properties":{"lines":"8, 207, 209, 210, W59","arr":["8","207","209","210","W59"],"mode":"bus","angle":-14.9,"extra":1,"ei":3,"l0":"8, ","c0":"#03636c","l1":"207, ","c1":"#f661b9","l2":"209, ","c2":"#b11526","l3":"210, ","c3":"#126804","l4":"W59","c4":"#b20b42"},"geometry":{"type":"Point","coordinates":[18.452925,50.053946]}},{"type":"Feature","properties":{"lines":"8, 207, 210, W59","arr":["8","207","210","W59"],"mode":"bus","angle":-14.1,"l0":"8, ","c0":"#03636c","l1":"207, ","c1":"#f661b9","l2":"210, ","c2":"#126804","l3":"W59","c3":"#b20b42"},"geometry":{"type":"Point","coordinates":[18.44891,50.053305]}},{"type":"Feature","properties":{"lines":"8, 207, 210, W59","arr":["8","207","210","W59"],"mode":"bus","angle":-13.3,"extra":1,"ei":0,"l0":"8, ","c0":"#03636c","l1":"207, ","c1":"#f661b9","l2":"210, ","c2":"#126804","l3":"W59","c3":"#b20b42"},"geometry":{"type":"Point","coordinates":[18.451034,50.053638]}},{"type":"Feature","properties":{"lines":"8, 201, 202, 205, 206, 207, W59","arr":["8","201","202","205","206","207","W59"],"mode":"bus","angle":36.3,"l0":"8, ","c0":"#03636c","l1":"201, ","c1":"#1da8b6","l2":"202, ","c2":"#095d97","l3":"205, ","c3":"#6895fc","l4":"206, ","c4":"#7c5001","l5":"207, ","c5":"#f661b9","l6":"W59","c6":"#b20b42"},"geometry":{"type":"Point","coordinates":[18.434668,50.055197]}},{"type":"Feature","properties":{"lines":"8, 201, 202, 205, 206, 207, W59","arr":["8","201","202","205","206","207","W59"],"mode":"bus","angle":8.2,"extra":1,"ei":0,"l0":"8, ","c0":"#03636c","l1":"201, ","c1":"#1da8b6","l2":"202, ","c2":"#095d97","l3":"205, ","c3":"#6895fc","l4":"206, ","c4":"#7c5001","l5":"207, ","c5":"#f661b9","l6":"W59","c6":"#b20b42"},"geometry":{"type":"Point","coordinates":[18.44478,50.052963]}},{"type":"Feature","properties":{"lines":"8, 201, 202, 205, 206, 207, W59","arr":["8","201","202","205","206","207","W59"],"mode":"bus","angle":19.2,"extra":1,"ei":1,"l0":"8, ","c0":"#03636c","l1":"201, ","c1":"#1da8b6","l2":"202, ","c2":"#095d97","l3":"205, ","c3":"#6895fc","l4":"206, ","c4":"#7c5001","l5":"207, ","c5":"#f661b9","l6":"W59","c6":"#b20b42"},"geometry":{"type":"Point","coordinates":[18.441945,50.053445]}},{"type":"Feature","properties":{"lines":"8, 201, 202, 205, 206, 207, W59","arr":["8","201","202","205","206","207","W59"],"mode":"bus","angle":19,"extra":1,"ei":2,"l0":"8, ","c0":"#03636c","l1":"201, ","c1":"#1da8b6","l2":"202, ","c2":"#095d97","l3":"205, ","c3":"#6895fc","l4":"206, ","c4":"#7c5001","l5":"207, ","c5":"#f661b9","l6":"W59","c6":"#b20b42"},"geometry":{"type":"Point","coordinates":[18.439165,50.054067]}},{"type":"Feature","properties":{"lines":"8, 201, 202, 205, 206, 207, W59","arr":["8","201","202","205","206","207","W59"],"mode":"bus","angle":18.6,"extra":1,"ei":3,"l0":"8, ","c0":"#03636c","l1":"201, ","c1":"#1da8b6","l2":"202, ","c2":"#095d97","l3":"205, ","c3":"#6895fc","l4":"206, ","c4":"#7c5001","l5":"207, ","c5":"#f661b9","l6":"W59","c6":"#b20b42"},"geometry":{"type":"Point","coordinates":[18.436372,50.054663]}},{"type":"Feature","properties":{"lines":"8, 201, 202, 205, 206, 207, W59","arr":["8","201","202","205","206","207","W59"],"mode":"bus","angle":37.9,"extra":1,"ei":4,"l0":"8, ","c0":"#03636c","l1":"201, ","c1":"#1da8b6","l2":"202, ","c2":"#095d97","l3":"205, ","c3":"#6895fc","l4":"206, ","c4":"#7c5001","l5":"207, ","c5":"#f661b9","l6":"W59","c6":"#b20b42"},"geometry":{"type":"Point","coordinates":[18.431561,50.056794]}},{"type":"Feature","properties":{"lines":"8, 201, 202, 205, 206, 207, W59","arr":["8","201","202","205","206","207","W59"],"mode":"bus","angle":39.1,"extra":1,"ei":5,"l0":"8, ","c0":"#03636c","l1":"201, ","c1":"#1da8b6","l2":"202, ","c2":"#095d97","l3":"205, ","c3":"#6895fc","l4":"206, ","c4":"#7c5001","l5":"207, ","c5":"#f661b9","l6":"W59","c6":"#b20b42"},"geometry":{"type":"Point","coordinates":[18.429272,50.057982]}},{"type":"Feature","properties":{"lines":"8, 201, 202, 205, 206, 207, W59","arr":["8","201","202","205","206","207","W59"],"mode":"bus","angle":39.1,"extra":1,"ei":6,"l0":"8, ","c0":"#03636c","l1":"201, ","c1":"#1da8b6","l2":"202, ","c2":"#095d97","l3":"205, ","c3":"#6895fc","l4":"206, ","c4":"#7c5001","l5":"207, ","c5":"#f661b9","l6":"W59","c6":"#b20b42"},"geometry":{"type":"Point","coordinates":[18.426983,50.059169]}},{"type":"Feature","properties":{"lines":"8, 201, 202, 204, 205, 206, 207, W59","arr":["8","201","202","204","205","206","207","W59"],"mode":"bus","angle":-35.1,"l0":"8, ","c0":"#03636c","l1":"201, ","c1":"#1da8b6","l2":"202, ","c2":"#095d97","l3":"204, ","c3":"#992492","l4":"205, ","c4":"#6895fc","l5":"206, ","c5":"#7c5001","l6":"207, ","c6":"#f661b9","l7":"W59","c7":"#b20b42"},"geometry":{"type":"Point","coordinates":[18.421224,50.05826]}},{"type":"Feature","properties":{"lines":"8, 201, 202, 204, 205, 206, 207, W59","arr":["8","201","202","204","205","206","207","W59"],"mode":"bus","angle":-38.5,"extra":1,"ei":0,"l0":"8, ","c0":"#03636c","l1":"201, ","c1":"#1da8b6","l2":"202, ","c2":"#095d97","l3":"204, ","c3":"#992492","l4":"205, ","c4":"#6895fc","l5":"206, ","c5":"#7c5001","l6":"207, ","c6":"#f661b9","l7":"W59","c7":"#b20b42"},"geometry":{"type":"Point","coordinates":[18.423921,50.059542]}},{"type":"Feature","properties":{"lines":"8, 201, 202, 204, 205, 206, 207, W59","arr":["8","201","202","204","205","206","207","W59"],"mode":"bus","angle":-32.1,"extra":1,"ei":1,"l0":"8, ","c0":"#03636c","l1":"201, ","c1":"#1da8b6","l2":"202, ","c2":"#095d97","l3":"204, ","c3":"#992492","l4":"205, ","c4":"#6895fc","l5":"206, ","c5":"#7c5001","l6":"207, ","c6":"#f661b9","l7":"W59","c7":"#b20b42"},"geometry":{"type":"Point","coordinates":[18.419153,50.057328]}},{"type":"Feature","properties":{"lines":"8, 10, 28, 29, 201, 202, 204, 205, 206, 207, W59","arr":["8","10","28","29","201","202","204","205","206","207","W59"],"mode":"bus","angle":-35.4,"l0":"8, ","c0":"#03636c","l1":"10, ","c1":"#79a620","l2":"28, ","c2":"#fe6761","l3":"29, ","c3":"#126804","l4":"201, ","c4":"#1da8b6","l5":"202, ","c5":"#095d97","l6":"204, ","c6":"#992492","l7":"205, ","c7":"#6895fc","l8":"206, ","c8":"#7c5001","l9":"207, ","c9":"#f661b9","l10":"W59","c10":"#b20b42"},"geometry":{"type":"Point","coordinates":[18.416579,50.057528]}},{"type":"Feature","properties":{"lines":"8, 9, 10, 14, N6, W10","arr":["8","9","10","14","N6","W10"],"mode":"bus","angle":11.4,"side":-1,"l0":"8, ","c0":"#03636c","l1":"9, ","c1":"#7b3aa8","l2":"10, ","c2":"#79a620","l3":"14, ","c3":"#b11526","l4":"N6, ","c4":"#9789ff","l5":"W10","c5":"#6b5806"},"geometry":{"type":"Point","coordinates":[18.541468,50.088972]}},{"type":"Feature","properties":{"lines":"9, 10","arr":["9","10"],"mode":"bus","angle":-17.4,"l0":"9, ","c0":"#7b3aa8","l1":"10","c1":"#79a620"},"geometry":{"type":"Point","coordinates":[18.51779,50.091778]}},{"type":"Feature","properties":{"lines":"9, 23, 205","arr":["9","23","205"],"mode":"bus","angle":59.3,"side":-1,"l0":"9, ","c0":"#7b3aa8","l1":"23, ","c1":"#19a9a8","l2":"205","c2":"#6895fc"},"geometry":{"type":"Point","coordinates":[18.4628,50.079875]}},{"type":"Feature","properties":{"lines":"10, 14, 33, 43, 48","arr":["10","14","33","43","48"],"mode":"bus","angle":10.9,"l0":"10, ","c0":"#79a620","l1":"14, ","c1":"#b11526","l2":"33, ","c2":"#ab0377","l3":"43, ","c3":"#ff627e","l4":"48","c4":"#e47e2b"},"geometry":{"type":"Point","coordinates":[18.528093,50.090056]}},{"type":"Feature","properties":{"lines":"10, 14, 33, 43, 48","arr":["10","14","33","43","48"],"mode":"bus","angle":72.1,"extra":1,"ei":0,"l0":"10, ","c0":"#79a620","l1":"14, ","c1":"#b11526","l2":"33, ","c2":"#ab0377","l3":"43, ","c3":"#ff627e","l4":"48","c4":"#e47e2b"},"geometry":{"type":"Point","coordinates":[18.525953,50.091166]}},{"type":"Feature","properties":{"lines":"10, 14, 33, 43, 48","arr":["10","14","33","43","48"],"mode":"bus","angle":10.6,"extra":1,"ei":1,"l0":"10, ","c0":"#79a620","l1":"14, ","c1":"#b11526","l2":"33, ","c2":"#ab0377","l3":"43, ","c3":"#ff627e","l4":"48","c4":"#e47e2b"},"geometry":{"type":"Point","coordinates":[18.530929,50.089708]}},{"type":"Feature","properties":{"lines":"10, 33, 43, 48","arr":["10","33","43","48"],"mode":"bus","angle":-3.7,"l0":"10, ","c0":"#79a620","l1":"33, ","c1":"#ab0377","l2":"43, ","c2":"#ff627e","l3":"48","c3":"#e47e2b"},"geometry":{"type":"Point","coordinates":[18.524479,50.092035]}},{"type":"Feature","properties":{"lines":"10, 23, 205","arr":["10","23","205"],"mode":"bus","angle":0.7,"l0":"10, ","c0":"#79a620","l1":"23, ","c1":"#19a9a8","l2":"205","c2":"#6895fc"},"geometry":{"type":"Point","coordinates":[18.433535,50.076235]}},{"type":"Feature","properties":{"lines":"10, 23, 205","arr":["10","23","205"],"mode":"bus","angle":-47.2,"extra":1,"ei":0,"l0":"10, ","c0":"#79a620","l1":"23, ","c1":"#19a9a8","l2":"205","c2":"#6895fc"},"geometry":{"type":"Point","coordinates":[18.440414,50.078319]}},{"type":"Feature","properties":{"lines":"10, 23, 205","arr":["10","23","205"],"mode":"bus","angle":-47.6,"extra":1,"ei":1,"l0":"10, ","c0":"#79a620","l1":"23, ","c1":"#19a9a8","l2":"205","c2":"#6895fc"},"geometry":{"type":"Point","coordinates":[18.438459,50.076908]}},{"type":"Feature","properties":{"lines":"10, 23, 205","arr":["10","23","205"],"mode":"bus","angle":-0.2,"extra":1,"ei":2,"l0":"10, ","c0":"#79a620","l1":"23, ","c1":"#19a9a8","l2":"205","c2":"#6895fc"},"geometry":{"type":"Point","coordinates":[18.435847,50.076218]}},{"type":"Feature","properties":{"lines":"10, 23, 205","arr":["10","23","205"],"mode":"bus","angle":0.7,"extra":1,"ei":3,"l0":"10, ","c0":"#79a620","l1":"23, ","c1":"#19a9a8","l2":"205","c2":"#6895fc"},"geometry":{"type":"Point","coordinates":[18.429959,50.076263]}},{"type":"Feature","properties":{"lines":"10, 23, 205","arr":["10","23","205"],"mode":"bus","angle":-10.8,"extra":1,"ei":4,"l0":"10, ","c0":"#79a620","l1":"23, ","c1":"#19a9a8","l2":"205","c2":"#6895fc"},"geometry":{"type":"Point","coordinates":[18.427028,50.076138]}},{"type":"Feature","properties":{"lines":"10, 23, 205","arr":["10","23","205"],"mode":"bus","angle":-17.8,"extra":1,"ei":5,"l0":"10, ","c0":"#79a620","l1":"23, ","c1":"#19a9a8","l2":"205","c2":"#6895fc"},"geometry":{"type":"Point","coordinates":[18.4242,50.075615]}},{"type":"Feature","properties":{"lines":"10, 23, 204, 205, 206","arr":["10","23","204","205","206"],"mode":"bus","angle":-16.4,"l0":"10, ","c0":"#79a620","l1":"23, ","c1":"#19a9a8","l2":"204, ","c2":"#992492","l3":"205, ","c3":"#6895fc","l4":"206","c4":"#7c5001"},"geometry":{"type":"Point","coordinates":[18.4233,50.075442]}},{"type":"Feature","properties":{"lines":"10, 23, 28, 204, 205, 206","arr":["10","23","28","204","205","206"],"mode":"bus","angle":-14.6,"l0":"10, ","c0":"#79a620","l1":"23, ","c1":"#19a9a8","l2":"28, ","c2":"#fe6761","l3":"204, ","c3":"#992492","l4":"205, ","c4":"#6895fc","l5":"206","c5":"#7c5001"},"geometry":{"type":"Point","coordinates":[18.419241,50.074732]}},{"type":"Feature","properties":{"lines":"10, 23, 28, 204, 205, 206","arr":["10","23","28","204","205","206"],"mode":"bus","angle":-15.3,"extra":1,"ei":0,"l0":"10, ","c0":"#79a620","l1":"23, ","c1":"#19a9a8","l2":"28, ","c2":"#fe6761","l3":"204, ","c3":"#992492","l4":"205, ","c4":"#6895fc","l5":"206","c5":"#7c5001"},"geometry":{"type":"Point","coordinates":[18.421176,50.075064]}},{"type":"Feature","properties":{"lines":"206","arr":["206"],"mode":"bus","angle":-59.4,"mi":1,"l0":"206","c0":"#7c5001"},"geometry":{"type":"Point","coordinates":[18.409989,50.07315]}},{"type":"Feature","properties":{"lines":"206","arr":["206"],"mode":"bus","angle":-14.4,"l0":"206","c0":"#7c5001"},"geometry":{"type":"Point","coordinates":[18.412952,50.073669]}},{"type":"Feature","properties":{"lines":"206","arr":["206"],"mode":"bus","angle":-15.7,"extra":1,"ei":0,"l0":"206","c0":"#7c5001"},"geometry":{"type":"Point","coordinates":[18.408079,50.07278]}},{"type":"Feature","properties":{"lines":"10, 23, 28, 204, 205","arr":["10","23","28","204","205"],"mode":"bus","angle":72.4,"l0":"10, ","c0":"#79a620","l1":"23, ","c1":"#19a9a8","l2":"28, ","c2":"#fe6761","l3":"204, ","c3":"#992492","l4":"205","c4":"#6895fc"},"geometry":{"type":"Point","coordinates":[18.417539,50.06987]}},{"type":"Feature","properties":{"lines":"10, 23, 28, 204, 205","arr":["10","23","28","204","205"],"mode":"bus","angle":60.6,"extra":1,"ei":0,"l0":"10, ","c0":"#79a620","l1":"23, ","c1":"#19a9a8","l2":"28, ","c2":"#fe6761","l3":"204, ","c3":"#992492","l4":"205","c4":"#6895fc"},"geometry":{"type":"Point","coordinates":[18.41666,50.073347]}},{"type":"Feature","properties":{"lines":"10, 23, 28, 204, 205","arr":["10","23","28","204","205"],"mode":"bus","angle":88,"extra":1,"ei":1,"l0":"10, ","c0":"#79a620","l1":"23, ","c1":"#19a9a8","l2":"28, ","c2":"#fe6761","l3":"204, ","c3":"#992492","l4":"205","c4":"#6895fc"},"geometry":{"type":"Point","coordinates":[18.417146,50.07151]}},{"type":"Feature","properties":{"lines":"10, 23, 28, 204, 205","arr":["10","23","28","204","205"],"mode":"bus","angle":32.5,"extra":1,"ei":2,"l0":"10, ","c0":"#79a620","l1":"23, ","c1":"#19a9a8","l2":"28, ","c2":"#fe6761","l3":"204, ","c3":"#992492","l4":"205","c4":"#6895fc"},"geometry":{"type":"Point","coordinates":[18.419011,50.068038]}},{"type":"Feature","properties":{"lines":"10, 23, 28, 204, 205","arr":["10","23","28","204","205"],"mode":"bus","angle":17,"extra":1,"ei":3,"l0":"10, ","c0":"#79a620","l1":"23, ","c1":"#19a9a8","l2":"28, ","c2":"#fe6761","l3":"204, ","c3":"#992492","l4":"205","c4":"#6895fc"},"geometry":{"type":"Point","coordinates":[18.421609,50.067156]}},{"type":"Feature","properties":{"lines":"10, 23, 28, 204","arr":["10","23","28","204"],"mode":"bus","angle":10.9,"l0":"10, ","c0":"#79a620","l1":"23, ","c1":"#19a9a8","l2":"28, ","c2":"#fe6761","l3":"204","c3":"#992492"},"geometry":{"type":"Point","coordinates":[18.424879,50.066478]}},{"type":"Feature","properties":{"lines":"10, 28, W59","arr":["10","28","W59"],"mode":"bus","angle":-84.2,"l0":"10, ","c0":"#79a620","l1":"28, ","c1":"#fe6761","l2":"W59","c2":"#b20b42"},"geometry":{"type":"Point","coordinates":[18.420569,50.062663]}},{"type":"Feature","properties":{"lines":"10, 28, W59","arr":["10","28","W59"],"mode":"bus","angle":-34.6,"extra":1,"ei":0,"l0":"10, ","c0":"#79a620","l1":"28, ","c1":"#fe6761","l2":"W59","c2":"#b20b42"},"geometry":{"type":"Point","coordinates":[18.425436,50.065527]}},{"type":"Feature","properties":{"lines":"10, 28, W59","arr":["10","28","W59"],"mode":"bus","angle":-25.8,"extra":1,"ei":1,"l0":"10, ","c0":"#79a620","l1":"28, ","c1":"#fe6761","l2":"W59","c2":"#b20b42"},"geometry":{"type":"Point","coordinates":[18.422828,50.064656]}},{"type":"Feature","properties":{"lines":"10, 28, W59","arr":["10","28","W59"],"mode":"bus","angle":-83.8,"extra":1,"ei":2,"l0":"10, ","c0":"#79a620","l1":"28, ","c1":"#fe6761","l2":"W59","c2":"#b20b42"},"geometry":{"type":"Point","coordinates":[18.419434,50.059724]}},{"type":"Feature","properties":{"lines":"10, 28, W59","arr":["10","28","W59"],"mode":"bus","angle":-46.6,"extra":1,"ei":3,"l0":"10, ","c0":"#79a620","l1":"28, ","c1":"#fe6761","l2":"W59","c2":"#b20b42"},"geometry":{"type":"Point","coordinates":[18.417901,50.058158]}},{"type":"Feature","properties":{"lines":"10, 204","arr":["10","204"],"mode":"bus","angle":-52.6,"l0":"10, ","c0":"#79a620","l1":"204","c1":"#992492"},"geometry":{"type":"Point","coordinates":[18.405339,50.050944]}},{"type":"Feature","properties":{"lines":"10, 204","arr":["10","204"],"mode":"bus","angle":-26.8,"extra":1,"ei":0,"l0":"10, ","c0":"#79a620","l1":"204","c1":"#992492"},"geometry":{"type":"Point","coordinates":[18.414037,50.056536]}},{"type":"Feature","properties":{"lines":"10, 204","arr":["10","204"],"mode":"bus","angle":-43.5,"extra":1,"ei":1,"l0":"10, ","c0":"#79a620","l1":"204","c1":"#992492"},"geometry":{"type":"Point","coordinates":[18.411596,50.055505]}},{"type":"Feature","properties":{"lines":"10, 204","arr":["10","204"],"mode":"bus","angle":-42.7,"extra":1,"ei":2,"l0":"10, ","c0":"#79a620","l1":"204","c1":"#992492"},"geometry":{"type":"Point","coordinates":[18.409452,50.054211]}},{"type":"Feature","properties":{"lines":"10, 204","arr":["10","204"],"mode":"bus","angle":-53.2,"extra":1,"ei":3,"l0":"10, ","c0":"#79a620","l1":"204","c1":"#992492"},"geometry":{"type":"Point","coordinates":[18.407525,50.05279]}},{"type":"Feature","properties":{"lines":"10, 204","arr":["10","204"],"mode":"bus","angle":-73.6,"extra":1,"ei":4,"l0":"10, ","c0":"#79a620","l1":"204","c1":"#992492"},"geometry":{"type":"Point","coordinates":[18.404072,50.049743]}},{"type":"Feature","properties":{"lines":"10, 204","arr":["10","204"],"mode":"bus","angle":82.3,"extra":1,"ei":5,"l0":"10, ","c0":"#79a620","l1":"204","c1":"#992492"},"geometry":{"type":"Point","coordinates":[18.404213,50.04787]}},{"type":"Feature","properties":{"lines":"10, 204","arr":["10","204"],"mode":"bus","angle":83.9,"extra":1,"ei":6,"l0":"10, ","c0":"#79a620","l1":"204","c1":"#992492"},"geometry":{"type":"Point","coordinates":[18.404578,50.045996]}},{"type":"Feature","properties":{"lines":"10, 204","arr":["10","204"],"mode":"bus","angle":87.1,"extra":1,"ei":7,"l0":"10, ","c0":"#79a620","l1":"204","c1":"#992492"},"geometry":{"type":"Point","coordinates":[18.404818,50.044114]}},{"type":"Feature","properties":{"lines":"10, 203, 204, 210, W51","arr":["10","203","204","210","W51"],"mode":"bus","angle":-12.6,"l0":"10, ","c0":"#79a620","l1":"203, ","c1":"#f57145","l2":"204, ","c2":"#992492","l3":"210, ","c3":"#126804","l4":"W51","c4":"#7b3aa8"},"geometry":{"type":"Point","coordinates":[18.401442,50.041148]}},{"type":"Feature","properties":{"lines":"10, 203, 204, 210, W51","arr":["10","203","204","210","W51"],"mode":"bus","angle":-49.5,"extra":1,"ei":0,"l0":"10, ","c0":"#79a620","l1":"203, ","c1":"#f57145","l2":"204, ","c2":"#992492","l3":"210, ","c3":"#126804","l4":"W51","c4":"#7b3aa8"},"geometry":{"type":"Point","coordinates":[18.40309,50.041718]}},{"type":"Feature","properties":{"lines":"10, 201, 202, 203, 204, 210","arr":["10","201","202","203","204","210"],"mode":"bus","angle":-12.6,"l0":"10, ","c0":"#79a620","l1":"201, ","c1":"#1da8b6","l2":"202, ","c2":"#095d97","l3":"203, ","c3":"#f57145","l4":"204, ","c4":"#992492","l5":"210","c5":"#126804"},"geometry":{"type":"Point","coordinates":[18.397679,50.040652]}},{"type":"Feature","properties":{"lines":"201, 202, 203, 204, 210, W52","arr":["201","202","203","204","210","W52"],"mode":"bus","angle":-22.5,"l0":"201, ","c0":"#1da8b6","l1":"202, ","c1":"#095d97","l2":"203, ","c2":"#f57145","l3":"204, ","c3":"#992492","l4":"210, ","c4":"#126804","l5":"W52","c5":"#02af5a"},"geometry":{"type":"Point","coordinates":[18.395668,50.040318]}},{"type":"Feature","properties":{"lines":"13, 32, 33, S12, S12A","arr":["13","32","33","S12","S12A"],"mode":"bus","angle":59.2,"mi":4,"l0":"13, ","c0":"#05617d","l1":"32, ","c1":"#02af5a","l2":"33, ","c2":"#ab0377","l3":"S12, ","c3":"#a72d06","l4":"S12A","c4":"#ff627e"},"geometry":{"type":"Point","coordinates":[18.556529,50.058542]}},{"type":"Feature","properties":{"lines":"12, 13, 15, 27, 29, 32, 33, 36, 41, 43, S12, S12A","arr":["12","13","15","27","29","32","33","36","41","43","S12","S12A"],"mode":"bus","angle":56.8,"l0":"12, ","c0":"#ab0377","l1":"13, ","c1":"#05617d","l2":"15, ","c2":"#e16cd6","l3":"27, ","c3":"#c17aef","l4":"29, ","c4":"#126804","l5":"32, ","c5":"#02af5a","l6":"33, ","c6":"#ab0377","l7":"36, ","c7":"#19a9a8","l8":"41, ","c8":"#11a2e3","l9":"43, ","c9":"#ff627e","l10":"S12, ","c10":"#a72d06","l11":"S12A","c11":"#ff627e"},"geometry":{"type":"Point","coordinates":[18.553557,50.061612]}},{"type":"Feature","properties":{"lines":"12, 13, 15, 27, 29, 32, 33, 36, 41, 43, S12, S12A","arr":["12","13","15","27","29","32","33","36","41","43","S12","S12A"],"mode":"bus","angle":61.4,"mi":1,"l0":"12, ","c0":"#ab0377","l1":"13, ","c1":"#05617d","l2":"15, ","c2":"#e16cd6","l3":"27, ","c3":"#c17aef","l4":"29, ","c4":"#126804","l5":"32, ","c5":"#02af5a","l6":"33, ","c6":"#ab0377","l7":"36, ","c7":"#19a9a8","l8":"41, ","c8":"#11a2e3","l9":"43, ","c9":"#ff627e","l10":"S12, ","c10":"#a72d06","l11":"S12A","c11":"#ff627e"},"geometry":{"type":"Point","coordinates":[18.549626,50.065091]}},{"type":"Feature","properties":{"lines":"12, 13, 15, 27, 29, 32, 33, 36, 41, 43, S12, S12A","arr":["12","13","15","27","29","32","33","36","41","43","S12","S12A"],"mode":"bus","angle":-84.5,"extra":1,"ei":0,"l0":"12, ","c0":"#ab0377","l1":"13, ","c1":"#05617d","l2":"15, ","c2":"#e16cd6","l3":"27, ","c3":"#c17aef","l4":"29, ","c4":"#126804","l5":"32, ","c5":"#02af5a","l6":"33, ","c6":"#ab0377","l7":"36, ","c7":"#19a9a8","l8":"41, ","c8":"#11a2e3","l9":"43, ","c9":"#ff627e","l10":"S12, ","c10":"#a72d06","l11":"S12A","c11":"#ff627e"},"geometry":{"type":"Point","coordinates":[18.549386,50.066305]}},{"type":"Feature","properties":{"lines":"12, 13, 15, 27, 29, 30, 32, 33, 36, 41, 43, S12, S12A","arr":["12","13","15","27","29","30","32","33","36","41","43","S12","S12A"],"mode":"bus","angle":49.7,"side":-1,"l0":"12, ","c0":"#ab0377","l1":"13, ","c1":"#05617d","l2":"15, ","c2":"#e16cd6","l3":"27, ","c3":"#c17aef","l4":"29, ","c4":"#126804","l5":"30, ","c5":"#5a5d02","l6":"32, ","c6":"#02af5a","l7":"33, ","c7":"#ab0377","l8":"36, ","c8":"#19a9a8","l9":"41, ","c9":"#11a2e3","l10":"43, ","c10":"#ff627e","l11":"S12, ","c11":"#a72d06","l12":"S12A","c12":"#ff627e"},"geometry":{"type":"Point","coordinates":[18.55166,50.063501]}},{"type":"Feature","properties":{"lines":"12, 13, 15, 27, 29, 32, 33, 36, 41, 42, 43, N8, S12, S12A","arr":["12","13","15","27","29","32","33","36","41","42","43","N8","S12","S12A"],"mode":"bus","angle":83.7,"l0":"12, ","c0":"#ab0377","l1":"13, ","c1":"#05617d","l2":"15, ","c2":"#e16cd6","l3":"27, ","c3":"#c17aef","l4":"29, ","c4":"#126804","l5":"32, ","c5":"#02af5a","l6":"33, ","c6":"#ab0377","l7":"36, ","c7":"#19a9a8","l8":"41, ","c8":"#11a2e3","l9":"42, ","c9":"#b11526","l10":"43, ","c10":"#ff627e","l11":"N8, ","c11":"#05617d","l12":"S12, ","c12":"#a72d06","l13":"S12A","c13":"#ff627e"},"geometry":{"type":"Point","coordinates":[18.549189,50.068403]}},{"type":"Feature","properties":{"lines":"12, 13, 14, 23, 26, 32, 41, 49, N6, PR","arr":["12","13","14","23","26","32","41","49","N6","PR"],"mode":"bus","angle":-80,"l0":"12, ","c0":"#ab0377","l1":"13, ","c1":"#05617d","l2":"14, ","c2":"#b11526","l3":"23, ","c3":"#19a9a8","l4":"26, ","c4":"#b59607","l5":"32, ","c5":"#02af5a","l6":"41, ","c6":"#11a2e3","l7":"49, ","c7":"#ff5e9b","l8":"N6, ","c8":"#9789ff","l9":"PR","c9":"#4d4aba"},"geometry":{"type":"Point","coordinates":[18.54703,50.104508]}},{"type":"Feature","properties":{"lines":"12, 13, 14, 23, 26, 32, 41, 49, N6, PR","arr":["12","13","14","23","26","32","41","49","N6","PR"],"mode":"bus","angle":-77.9,"extra":1,"ei":0,"l0":"12, ","c0":"#ab0377","l1":"13, ","c1":"#05617d","l2":"14, ","c2":"#b11526","l3":"23, ","c3":"#19a9a8","l4":"26, ","c4":"#b59607","l5":"32, ","c5":"#02af5a","l6":"41, ","c6":"#11a2e3","l7":"49, ","c7":"#ff5e9b","l8":"N6, ","c8":"#9789ff","l9":"PR","c9":"#4d4aba"},"geometry":{"type":"Point","coordinates":[18.546625,50.103086]}},{"type":"Feature","properties":{"lines":"12, 13, 14, 23, 26, 32, 41, 49, N6, PR","arr":["12","13","14","23","26","32","41","49","N6","PR"],"mode":"bus","angle":89.9,"extra":1,"ei":1,"l0":"12, ","c0":"#ab0377","l1":"13, ","c1":"#05617d","l2":"14, ","c2":"#b11526","l3":"23, ","c3":"#19a9a8","l4":"26, ","c4":"#b59607","l5":"32, ","c5":"#02af5a","l6":"41, ","c6":"#11a2e3","l7":"49, ","c7":"#ff5e9b","l8":"N6, ","c8":"#9789ff","l9":"PR","c9":"#4d4aba"},"geometry":{"type":"Point","coordinates":[18.547498,50.106817]}},{"type":"Feature","properties":{"lines":"12, 13, 14, 23, 26, 30, 32, 41, 49, N6, PR","arr":["12","13","14","23","26","30","32","41","49","N6","PR"],"mode":"bus","angle":74.8,"l0":"12, ","c0":"#ab0377","l1":"13, ","c1":"#05617d","l2":"14, ","c2":"#b11526","l3":"23, ","c3":"#19a9a8","l4":"26, ","c4":"#b59607","l5":"30, ","c5":"#5a5d02","l6":"32, ","c6":"#02af5a","l7":"41, ","c7":"#11a2e3","l8":"49, ","c8":"#ff5e9b","l9":"N6, ","c9":"#9789ff","l10":"PR","c10":"#4d4aba"},"geometry":{"type":"Point","coordinates":[18.546751,50.108838]}},{"type":"Feature","properties":{"lines":"12, 13, 14, 26, 49, N6","arr":["12","13","14","26","49","N6"],"mode":"bus","angle":-62.6,"side":-1,"l0":"12, ","c0":"#ab0377","l1":"13, ","c1":"#05617d","l2":"14, ","c2":"#b11526","l3":"26, ","c3":"#b59607","l4":"49, ","c4":"#ff5e9b","l5":"N6","c5":"#9789ff"},"geometry":{"type":"Point","coordinates":[18.547278,50.113348]}},{"type":"Feature","properties":{"lines":"12, 13, 14, 32, 41","arr":["12","13","14","32","41"],"mode":"bus","angle":89.8,"l0":"12, ","c0":"#ab0377","l1":"13, ","c1":"#05617d","l2":"14, ","c2":"#b11526","l3":"32, ","c3":"#02af5a","l4":"41","c4":"#11a2e3"},"geometry":{"type":"Point","coordinates":[18.550405,50.124457]}},{"type":"Feature","properties":{"lines":"12, 13, 14, 32, 41","arr":["12","13","14","32","41"],"mode":"bus","angle":-77.1,"extra":1,"ei":0,"l0":"12, ","c0":"#ab0377","l1":"13, ","c1":"#05617d","l2":"14, ","c2":"#b11526","l3":"32, ","c3":"#02af5a","l4":"41","c4":"#11a2e3"},"geometry":{"type":"Point","coordinates":[18.548984,50.117899]}},{"type":"Feature","properties":{"lines":"12, 13, 14, 32, 41","arr":["12","13","14","32","41"],"mode":"bus","angle":-77.1,"extra":1,"ei":1,"l0":"12, ","c0":"#ab0377","l1":"13, ","c1":"#05617d","l2":"14, ","c2":"#b11526","l3":"32, ","c3":"#02af5a","l4":"41","c4":"#11a2e3"},"geometry":{"type":"Point","coordinates":[18.549643,50.119739]}},{"type":"Feature","properties":{"lines":"12, 13, 14, 32, 41","arr":["12","13","14","32","41"],"mode":"bus","angle":-80.7,"extra":1,"ei":2,"l0":"12, ","c0":"#ab0377","l1":"13, ","c1":"#05617d","l2":"14, ","c2":"#b11526","l3":"32, ","c3":"#02af5a","l4":"41","c4":"#11a2e3"},"geometry":{"type":"Point","coordinates":[18.550299,50.12158]}},{"type":"Feature","properties":{"lines":"12, 13, 14, 32, 41","arr":["12","13","14","32","41"],"mode":"bus","angle":89.7,"extra":1,"ei":3,"l0":"12, ","c0":"#ab0377","l1":"13, ","c1":"#05617d","l2":"14, ","c2":"#b11526","l3":"32, ","c3":"#02af5a","l4":"41","c4":"#11a2e3"},"geometry":{"type":"Point","coordinates":[18.550394,50.127243]}},{"type":"Feature","properties":{"lines":"12, 13, 14, 32, 41","arr":["12","13","14","32","41"],"mode":"bus","angle":89.8,"extra":1,"ei":4,"l0":"12, ","c0":"#ab0377","l1":"13, ","c1":"#05617d","l2":"14, ","c2":"#b11526","l3":"32, ","c3":"#02af5a","l4":"41","c4":"#11a2e3"},"geometry":{"type":"Point","coordinates":[18.550386,50.129131]}},{"type":"Feature","properties":{"lines":"12, 13, 14, 32, 41","arr":["12","13","14","32","41"],"mode":"bus","angle":89.8,"extra":1,"ei":5,"l0":"12, ","c0":"#ab0377","l1":"13, ","c1":"#05617d","l2":"14, ","c2":"#b11526","l3":"32, ","c3":"#02af5a","l4":"41","c4":"#11a2e3"},"geometry":{"type":"Point","coordinates":[18.550381,50.13102]}},{"type":"Feature","properties":{"lines":"12, 34, 41","arr":["12","34","41"],"mode":"bus","angle":21,"l0":"12, ","c0":"#ab0377","l1":"34, ","c1":"#446303","l2":"41","c2":"#11a2e3"},"geometry":{"type":"Point","coordinates":[18.546837,50.133324]}},{"type":"Feature","properties":{"lines":"12, 34","arr":["12","34"],"mode":"bus","angle":29.3,"l0":"12, ","c0":"#ab0377","l1":"34","c1":"#446303"},"geometry":{"type":"Point","coordinates":[18.54372,50.134116]}},{"type":"Feature","properties":{"lines":"12","arr":["12"],"mode":"bus","angle":-55.5,"l0":"12","c0":"#ab0377"},"geometry":{"type":"Point","coordinates":[18.542826,50.133964]}},{"type":"Feature","properties":{"lines":"12, 41, 48","arr":["12","41","48"],"mode":"bus","angle":21.2,"mi":1,"l0":"12, ","c0":"#ab0377","l1":"41, ","c1":"#11a2e3","l2":"48","c2":"#e47e2b"},"geometry":{"type":"Point","coordinates":[18.541255,50.133249]}},{"type":"Feature","properties":{"lines":"12, 41, 48","arr":["12","41","48"],"mode":"bus","angle":-11.4,"l0":"12, ","c0":"#ab0377","l1":"41, ","c1":"#11a2e3","l2":"48","c2":"#e47e2b"},"geometry":{"type":"Point","coordinates":[18.532717,50.130839]}},{"type":"Feature","properties":{"lines":"12, 41, 48","arr":["12","41","48"],"mode":"bus","angle":-33.5,"extra":1,"ei":0,"l0":"12, ","c0":"#ab0377","l1":"41, ","c1":"#11a2e3","l2":"48","c2":"#e47e2b"},"geometry":{"type":"Point","coordinates":[18.538361,50.13308]}},{"type":"Feature","properties":{"lines":"12, 41, 48","arr":["12","41","48"],"mode":"bus","angle":-33.3,"extra":1,"ei":1,"l0":"12, ","c0":"#ab0377","l1":"41, ","c1":"#11a2e3","l2":"48","c2":"#e47e2b"},"geometry":{"type":"Point","coordinates":[18.535904,50.132038]}},{"type":"Feature","properties":{"lines":"12, 41, 48","arr":["12","41","48"],"mode":"bus","angle":19.7,"extra":1,"ei":2,"l0":"12, ","c0":"#ab0377","l1":"41, ","c1":"#11a2e3","l2":"48","c2":"#e47e2b"},"geometry":{"type":"Point","coordinates":[18.530614,50.13109]}},{"type":"Feature","properties":{"lines":"12, 41, 48","arr":["12","41","48"],"mode":"bus","angle":27.7,"extra":1,"ei":3,"l0":"12, ","c0":"#ab0377","l1":"41, ","c1":"#11a2e3","l2":"48","c2":"#e47e2b"},"geometry":{"type":"Point","coordinates":[18.527847,50.131733]}},{"type":"Feature","properties":{"lines":"12, 41, 48","arr":["12","41","48"],"mode":"bus","angle":50.6,"extra":1,"ei":4,"l0":"12, ","c0":"#ab0377","l1":"41, ","c1":"#11a2e3","l2":"48","c2":"#e47e2b"},"geometry":{"type":"Point","coordinates":[18.52602,50.133187]}},{"type":"Feature","properties":{"lines":"12, 26, 34, 41, 48, 49, N6","arr":["12","26","34","41","48","49","N6"],"mode":"bus","angle":80.7,"l0":"12, ","c0":"#ab0377","l1":"26, ","c1":"#b59607","l2":"34, ","c2":"#446303","l3":"41, ","c3":"#11a2e3","l4":"48, ","c4":"#e47e2b","l5":"49, ","c5":"#ff5e9b","l6":"N6","c6":"#9789ff"},"geometry":{"type":"Point","coordinates":[18.521438,50.129567]}},{"type":"Feature","properties":{"lines":"12, 26, 34, 41, 48, 49, N6","arr":["12","26","34","41","48","49","N6"],"mode":"bus","angle":-33.5,"extra":1,"ei":0,"l0":"12, ","c0":"#ab0377","l1":"26, ","c1":"#b59607","l2":"34, ","c2":"#446303","l3":"41, ","c3":"#11a2e3","l4":"48, ","c4":"#e47e2b","l5":"49, ","c5":"#ff5e9b","l6":"N6","c6":"#9789ff"},"geometry":{"type":"Point","coordinates":[18.524707,50.132732]}},{"type":"Feature","properties":{"lines":"12, 26, 34, 41, 48, 49, N6","arr":["12","26","34","41","48","49","N6"],"mode":"bus","angle":-39.4,"extra":1,"ei":1,"l0":"12, ","c0":"#ab0377","l1":"26, ","c1":"#b59607","l2":"34, ","c2":"#446303","l3":"41, ","c3":"#11a2e3","l4":"48, ","c4":"#e47e2b","l5":"49, ","c5":"#ff5e9b","l6":"N6","c6":"#9789ff"},"geometry":{"type":"Point","coordinates":[18.522261,50.131682]}},{"type":"Feature","properties":{"lines":"12, 26, 34, 41, 48, 49, N6","arr":["12","26","34","41","48","49","N6"],"mode":"bus","angle":68,"extra":1,"ei":2,"l0":"12, ","c0":"#ab0377","l1":"26, ","c1":"#b59607","l2":"34, ","c2":"#446303","l3":"41, ","c3":"#11a2e3","l4":"48, ","c4":"#e47e2b","l5":"49, ","c5":"#ff5e9b","l6":"N6","c6":"#9789ff"},"geometry":{"type":"Point","coordinates":[18.522193,50.128182]}},{"type":"Feature","properties":{"lines":"12, 26, 34, 41, 48, 49, N6","arr":["12","26","34","41","48","49","N6"],"mode":"bus","angle":65.9,"extra":1,"ei":3,"l0":"12, ","c0":"#ab0377","l1":"26, ","c1":"#b59607","l2":"34, ","c2":"#446303","l3":"41, ","c3":"#11a2e3","l4":"48, ","c4":"#e47e2b","l5":"49, ","c5":"#ff5e9b","l6":"N6","c6":"#9789ff"},"geometry":{"type":"Point","coordinates":[18.523392,50.126458]}},{"type":"Feature","properties":{"lines":"12, 34, 41, 48","arr":["12","34","41","48"],"mode":"bus","angle":-62.6,"l0":"12, ","c0":"#ab0377","l1":"34, ","c1":"#446303","l2":"41, ","c2":"#11a2e3","l3":"48","c3":"#e47e2b"},"geometry":{"type":"Point","coordinates":[18.521866,50.122463]}},{"type":"Feature","properties":{"lines":"12, 34, 41, 48","arr":["12","34","41","48"],"mode":"bus","angle":-63,"extra":1,"ei":0,"l0":"12, ","c0":"#ab0377","l1":"34, ","c1":"#446303","l2":"41, ","c2":"#11a2e3","l3":"48","c3":"#e47e2b"},"geometry":{"type":"Point","coordinates":[18.522998,50.123886]}},{"type":"Feature","properties":{"lines":"12, 34, 41, 48","arr":["12","34","41","48"],"mode":"bus","angle":-62.9,"extra":1,"ei":1,"l0":"12, ","c0":"#ab0377","l1":"34, ","c1":"#446303","l2":"41, ","c2":"#11a2e3","l3":"48","c3":"#e47e2b"},"geometry":{"type":"Point","coordinates":[18.520324,50.120521]}},{"type":"Feature","properties":{"lines":"12, 41, 43, 45, 48, PR","arr":["12","41","43","45","48","PR"],"mode":"bus","angle":27.7,"l0":"12, ","c0":"#ab0377","l1":"41, ","c1":"#11a2e3","l2":"43, ","c2":"#ff627e","l3":"45, ","c3":"#03636c","l4":"48, ","c4":"#e47e2b","l5":"PR","c5":"#4d4aba"},"geometry":{"type":"Point","coordinates":[18.522493,50.119055]}},{"type":"Feature","properties":{"lines":"12, 24, 34, 41, 43, N8","arr":["12","24","34","41","43","N8"],"mode":"bus","angle":75.1,"l0":"12, ","c0":"#ab0377","l1":"24, ","c1":"#a72d06","l2":"34, ","c2":"#446303","l3":"41, ","c3":"#11a2e3","l4":"43, ","c4":"#ff627e","l5":"N8","c5":"#05617d"},"geometry":{"type":"Point","coordinates":[18.539329,50.100171]}},{"type":"Feature","properties":{"lines":"12, 24, 34, 41, 43, N8","arr":["12","24","34","41","43","N8"],"mode":"bus","angle":72.8,"extra":1,"ei":0,"l0":"12, ","c0":"#ab0377","l1":"24, ","c1":"#a72d06","l2":"34, ","c2":"#446303","l3":"41, ","c3":"#11a2e3","l4":"43, ","c4":"#ff627e","l5":"N8","c5":"#05617d"},"geometry":{"type":"Point","coordinates":[18.539865,50.098974]}},{"type":"Feature","properties":{"lines":"24, 34, 41, 43","arr":["24","34","41","43"],"mode":"bus","angle":53.9,"mi":3,"l0":"24, ","c0":"#a72d06","l1":"34, ","c1":"#446303","l2":"41, ","c2":"#11a2e3","l3":"43","c3":"#ff627e"},"geometry":{"type":"Point","coordinates":[18.540583,50.097946]}},{"type":"Feature","properties":{"lines":"12, 24, 34, 43, N8","arr":["12","24","34","43","N8"],"mode":"bus","angle":-23.7,"mi":3,"l0":"12, ","c0":"#ab0377","l1":"24, ","c1":"#a72d06","l2":"34, ","c2":"#446303","l3":"43, ","c3":"#ff627e","l4":"N8","c4":"#05617d"},"geometry":{"type":"Point","coordinates":[18.540557,50.098816]}},{"type":"Feature","properties":{"lines":"12, 24, 34, 43, N8","arr":["12","24","34","43","N8"],"mode":"bus","angle":53.5,"mi":1,"l0":"12, ","c0":"#ab0377","l1":"24, ","c1":"#a72d06","l2":"34, ","c2":"#446303","l3":"43, ","c3":"#ff627e","l4":"N8","c4":"#05617d"},"geometry":{"type":"Point","coordinates":[18.541458,50.098379]}},{"type":"Feature","properties":{"lines":"12, 24, 34, 43, N8","arr":["12","24","34","43","N8"],"mode":"bus","angle":-83.3,"l0":"12, ","c0":"#ab0377","l1":"24, ","c1":"#a72d06","l2":"34, ","c2":"#446303","l3":"43, ","c3":"#ff627e","l4":"N8","c4":"#05617d"},"geometry":{"type":"Point","coordinates":[18.54225,50.098354]}},{"type":"Feature","properties":{"lines":"12, 24, 34, 43, N8","arr":["12","24","34","43","N8"],"mode":"bus","angle":5.9,"mi":2,"l0":"12, ","c0":"#ab0377","l1":"24, ","c1":"#a72d06","l2":"34, ","c2":"#446303","l3":"43, ","c3":"#ff627e","l4":"N8","c4":"#05617d"},"geometry":{"type":"Point","coordinates":[18.543263,50.098632]}},{"type":"Feature","properties":{"lines":"12, 24, 34, 41, 43, N8","arr":["12","24","34","41","43","N8"],"mode":"bus","angle":6.1,"mi":1,"l0":"12, ","c0":"#ab0377","l1":"24, ","c1":"#a72d06","l2":"34, ","c2":"#446303","l3":"41, ","c3":"#11a2e3","l4":"43, ","c4":"#ff627e","l5":"N8","c5":"#05617d"},"geometry":{"type":"Point","coordinates":[18.544501,50.098551]}},{"type":"Feature","properties":{"lines":"12, 15, 22, 23, 24, 30, 32, 41, 49, N8","arr":["12","15","22","23","24","30","32","41","49","N8"],"mode":"bus","angle":1.3,"l0":"12, ","c0":"#ab0377","l1":"15, ","c1":"#e16cd6","l2":"22, ","c2":"#0357b2","l3":"23, ","c3":"#19a9a8","l4":"24, ","c4":"#a72d06","l5":"30, ","c5":"#5a5d02","l6":"32, ","c6":"#02af5a","l7":"41, ","c7":"#11a2e3","l8":"49, ","c8":"#ff5e9b","l9":"N8","c9":"#05617d"},"geometry":{"type":"Point","coordinates":[18.543661,50.088687]}},{"type":"Feature","properties":{"lines":"12, 15, 22, 23, 24, 27, 29, 30, 32, 33, 36, 41, 43, 46A, 49, N8","arr":["12","15","22","23","24","27","29","30","32","33","36","41","43","46A","49","N8"],"mode":"bus","angle":37.2,"side":-1,"l0":"12, ","c0":"#ab0377","l1":"15, ","c1":"#e16cd6","l2":"22, ","c2":"#0357b2","l3":"23, ","c3":"#19a9a8","l4":"24, ","c4":"#a72d06","l5":"27, ","c5":"#c17aef","l6":"29, ","c6":"#126804","l7":"30, ","c7":"#5a5d02","l8":"32, ","c8":"#02af5a","l9":"33, ","c9":"#ab0377","l10":"36, ","c10":"#19a9a8","l11":"41, ","c11":"#11a2e3","l12":"43, ","c12":"#ff627e","l13":"46A, ","c13":"#4d4aba","l14":"49, ","c14":"#ff5e9b","l15":"N8","c15":"#05617d"},"geometry":{"type":"Point","coordinates":[18.543754,50.088624]}},{"type":"Feature","properties":{"lines":"12, 15, 22, 23, 24, 27, 29, 30, 32, 33, 36, 41, 43, 46A, 49, N8, S12, S12A","arr":["12","15","22","23","24","27","29","30","32","33","36","41","43","46A","49","N8","S12","S12A"],"mode":"bus","angle":22,"side":-1,"l0":"12, ","c0":"#ab0377","l1":"15, ","c1":"#e16cd6","l2":"22, ","c2":"#0357b2","l3":"23, ","c3":"#19a9a8","l4":"24, ","c4":"#a72d06","l5":"27, ","c5":"#c17aef","l6":"29, ","c6":"#126804","l7":"30, ","c7":"#5a5d02","l8":"32, ","c8":"#02af5a","l9":"33, ","c9":"#ab0377","l10":"36, ","c10":"#19a9a8","l11":"41, ","c11":"#11a2e3","l12":"43, ","c12":"#ff627e","l13":"46A, ","c13":"#4d4aba","l14":"49, ","c14":"#ff5e9b","l15":"N8, ","c15":"#05617d","l16":"S12, ","c16":"#a72d06","l17":"S12A","c17":"#ff627e"},"geometry":{"type":"Point","coordinates":[18.544219,50.087214]}},{"type":"Feature","properties":{"lines":"12, 15, 22, 23, 27, 29, 32, 33, 36, 41, 43, 46A, N8, S12, S12A","arr":["12","15","22","23","27","29","32","33","36","41","43","46A","N8","S12","S12A"],"mode":"bus","angle":58.1,"l0":"12, ","c0":"#ab0377","l1":"15, ","c1":"#e16cd6","l2":"22, ","c2":"#0357b2","l3":"23, ","c3":"#19a9a8","l4":"27, ","c4":"#c17aef","l5":"29, ","c5":"#126804","l6":"32, ","c6":"#02af5a","l7":"33, ","c7":"#ab0377","l8":"36, ","c8":"#19a9a8","l9":"41, ","c9":"#11a2e3","l10":"43, ","c10":"#ff627e","l11":"46A, ","c11":"#4d4aba","l12":"N8, ","c12":"#05617d","l13":"S12, ","c13":"#a72d06","l14":"S12A","c14":"#ff627e"},"geometry":{"type":"Point","coordinates":[18.545879,50.085068]}},{"type":"Feature","properties":{"lines":"12, 15, 22, 23, 27, 29, 32, 33, 36, 41, 43, 46A, N8, S12, S12A","arr":["12","15","22","23","27","29","32","33","36","41","43","46A","N8","S12","S12A"],"mode":"bus","angle":58.9,"extra":1,"ei":0,"l0":"12, ","c0":"#ab0377","l1":"15, ","c1":"#e16cd6","l2":"22, ","c2":"#0357b2","l3":"23, ","c3":"#19a9a8","l4":"27, ","c4":"#c17aef","l5":"29, ","c5":"#126804","l6":"32, ","c6":"#02af5a","l7":"33, ","c7":"#ab0377","l8":"36, ","c8":"#19a9a8","l9":"41, ","c9":"#11a2e3","l10":"43, ","c10":"#ff627e","l11":"46A, ","c11":"#4d4aba","l12":"N8, ","c12":"#05617d","l13":"S12, ","c13":"#a72d06","l14":"S12A","c14":"#ff627e"},"geometry":{"type":"Point","coordinates":[18.544883,50.08605]}},{"type":"Feature","properties":{"lines":"05, 13, 42, 46, 46A, 48, 49","arr":["05","13","42","46","46A","48","49"],"mode":"bus","angle":-15.2,"l0":"05, ","c0":"#79a620","l1":"13, ","c1":"#05617d","l2":"42, ","c2":"#b11526","l3":"46, ","c3":"#119efc","l4":"46A, ","c4":"#4d4aba","l5":"48, ","c5":"#e47e2b","l6":"49","c6":"#ff5e9b"},"geometry":{"type":"Point","coordinates":[18.60709,50.046446]}},{"type":"Feature","properties":{"lines":"05, 13, 32, 42, 46, 46A, 48, 49","arr":["05","13","32","42","46","46A","48","49"],"mode":"bus","angle":35.1,"l0":"05, ","c0":"#79a620","l1":"13, ","c1":"#05617d","l2":"32, ","c2":"#02af5a","l3":"42, ","c3":"#b11526","l4":"46, ","c4":"#119efc","l5":"46A, ","c5":"#4d4aba","l6":"48, ","c6":"#e47e2b","l7":"49","c7":"#ff5e9b"},"geometry":{"type":"Point","coordinates":[18.597608,50.048253]}},{"type":"Feature","properties":{"lines":"05, 13, 32, 42, 46, 46A, 48, 49","arr":["05","13","32","42","46","46A","48","49"],"mode":"bus","angle":17.5,"extra":1,"ei":0,"l0":"05, ","c0":"#79a620","l1":"13, ","c1":"#05617d","l2":"32, ","c2":"#02af5a","l3":"42, ","c3":"#b11526","l4":"46, ","c4":"#119efc","l5":"46A, ","c5":"#4d4aba","l6":"48, ","c6":"#e47e2b","l7":"49","c7":"#ff5e9b"},"geometry":{"type":"Point","coordinates":[18.603974,50.046619]}},{"type":"Feature","properties":{"lines":"05, 13, 32, 42, 46, 46A, 48, 49","arr":["05","13","32","42","46","46A","48","49"],"mode":"bus","angle":57.3,"extra":1,"ei":1,"l0":"05, ","c0":"#79a620","l1":"13, ","c1":"#05617d","l2":"32, ","c2":"#02af5a","l3":"42, ","c3":"#b11526","l4":"46, ","c4":"#119efc","l5":"46A, ","c5":"#4d4aba","l6":"48, ","c6":"#e47e2b","l7":"49","c7":"#ff5e9b"},"geometry":{"type":"Point","coordinates":[18.60147,50.047498]}},{"type":"Feature","properties":{"lines":"05, 13, 32, 42, 46, 46A, 48, 49","arr":["05","13","32","42","46","46A","48","49"],"mode":"bus","angle":5.6,"extra":1,"ei":2,"l0":"05, ","c0":"#79a620","l1":"13, ","c1":"#05617d","l2":"32, ","c2":"#02af5a","l3":"42, ","c3":"#b11526","l4":"46, ","c4":"#119efc","l5":"46A, ","c5":"#4d4aba","l6":"48, ","c6":"#e47e2b","l7":"49","c7":"#ff5e9b"},"geometry":{"type":"Point","coordinates":[18.59409,50.049425]}},{"type":"Feature","properties":{"lines":"05, 13, 32, 42, 46, 46A, 48, 49","arr":["05","13","32","42","46","46A","48","49"],"mode":"bus","angle":-10.5,"extra":1,"ei":3,"l0":"05, ","c0":"#79a620","l1":"13, ","c1":"#05617d","l2":"32, ","c2":"#02af5a","l3":"42, ","c3":"#b11526","l4":"46, ","c4":"#119efc","l5":"46A, ","c5":"#4d4aba","l6":"48, ","c6":"#e47e2b","l7":"49","c7":"#ff5e9b"},"geometry":{"type":"Point","coordinates":[18.591165,50.049406]}},{"type":"Feature","properties":{"lines":"13, 32, 42, 46, 46A, 48, 49","arr":["13","32","42","46","46A","48","49"],"mode":"bus","angle":-10.7,"side":-1,"l0":"13, ","c0":"#05617d","l1":"32, ","c1":"#02af5a","l2":"42, ","c2":"#b11526","l3":"46, ","c3":"#119efc","l4":"46A, ","c4":"#4d4aba","l5":"48, ","c5":"#e47e2b","l6":"49","c6":"#ff5e9b"},"geometry":{"type":"Point","coordinates":[18.588425,50.049079]}},{"type":"Feature","properties":{"lines":"32","arr":["32"],"mode":"bus","angle":89.8,"l0":"32","c0":"#02af5a"},"geometry":{"type":"Point","coordinates":[18.588102,50.048127]}},{"type":"Feature","properties":{"lines":"13","arr":["13"],"mode":"bus","angle":88.7,"side":-1,"l0":"13","c0":"#05617d"},"geometry":{"type":"Point","coordinates":[18.587863,50.048334]}},{"type":"Feature","properties":{"lines":"13","arr":["13"],"mode":"bus","angle":80,"side":-1,"mi":1,"l0":"13","c0":"#05617d"},"geometry":{"type":"Point","coordinates":[18.587702,50.047803]}},{"type":"Feature","properties":{"lines":"13, 32","arr":["13","32"],"mode":"bus","angle":79.8,"l0":"13, ","c0":"#05617d","l1":"32","c1":"#02af5a"},"geometry":{"type":"Point","coordinates":[18.589338,50.041774]}},{"type":"Feature","properties":{"lines":"13, 32","arr":["13","32"],"mode":"bus","angle":80.6,"extra":1,"ei":0,"l0":"13, ","c0":"#05617d","l1":"32","c1":"#02af5a"},"geometry":{"type":"Point","coordinates":[18.588017,50.046669]}},{"type":"Feature","properties":{"lines":"13, 32","arr":["13","32"],"mode":"bus","angle":80.2,"extra":1,"ei":1,"l0":"13, ","c0":"#05617d","l1":"32","c1":"#02af5a"},"geometry":{"type":"Point","coordinates":[18.588502,50.044806]}},{"type":"Feature","properties":{"lines":"13, 32","arr":["13","32"],"mode":"bus","angle":80.1,"extra":1,"ei":2,"l0":"13, ","c0":"#05617d","l1":"32","c1":"#02af5a"},"geometry":{"type":"Point","coordinates":[18.589006,50.042945]}},{"type":"Feature","properties":{"lines":"13, 32","arr":["13","32"],"mode":"bus","angle":78.3,"extra":1,"ei":3,"l0":"13, ","c0":"#05617d","l1":"32","c1":"#02af5a"},"geometry":{"type":"Point","coordinates":[18.590081,50.039232]}},{"type":"Feature","properties":{"lines":"13, 32","arr":["13","32"],"mode":"bus","angle":80.9,"extra":1,"ei":4,"l0":"13, ","c0":"#05617d","l1":"32","c1":"#02af5a"},"geometry":{"type":"Point","coordinates":[18.590614,50.037374]}},{"type":"Feature","properties":{"lines":"13, 32","arr":["13","32"],"mode":"bus","angle":-73.1,"l0":"13, ","c0":"#05617d","l1":"32","c1":"#02af5a"},"geometry":{"type":"Point","coordinates":[18.58934,50.032464]}},{"type":"Feature","properties":{"lines":"13, 32","arr":["13","32"],"mode":"bus","angle":-73.1,"extra":1,"ei":0,"l0":"13, ","c0":"#05617d","l1":"32","c1":"#02af5a"},"geometry":{"type":"Point","coordinates":[18.590562,50.035045]}},{"type":"Feature","properties":{"lines":"13, 32","arr":["13","32"],"mode":"bus","angle":89.2,"extra":1,"ei":1,"l0":"13, ","c0":"#05617d","l1":"32","c1":"#02af5a"},"geometry":{"type":"Point","coordinates":[18.588896,50.029539]}},{"type":"Feature","properties":{"lines":"13, 32, 33, S12, S12A","arr":["13","32","33","S12","S12A"],"mode":"bus","angle":45.2,"mi":5,"l0":"13, ","c0":"#05617d","l1":"32, ","c1":"#02af5a","l2":"33, ","c2":"#ab0377","l3":"S12, ","c3":"#a72d06","l4":"S12A","c4":"#ff627e"},"geometry":{"type":"Point","coordinates":[18.584404,50.031524]}},{"type":"Feature","properties":{"lines":"13, 32, 33, S12, S12A","arr":["13","32","33","S12","S12A"],"mode":"bus","angle":45.1,"extra":1,"ei":0,"l0":"13, ","c0":"#05617d","l1":"32, ","c1":"#02af5a","l2":"33, ","c2":"#ab0377","l3":"S12, ","c3":"#a72d06","l4":"S12A","c4":"#ff627e"},"geometry":{"type":"Point","coordinates":[18.587588,50.029469]}},{"type":"Feature","properties":{"lines":"13, 32, 33, S12, S12A","arr":["13","32","33","S12","S12A"],"mode":"bus","angle":61.1,"extra":1,"ei":1,"l0":"13, ","c0":"#05617d","l1":"32, ","c1":"#02af5a","l2":"33, ","c2":"#ab0377","l3":"S12, ","c3":"#a72d06","l4":"S12A","c4":"#ff627e"},"geometry":{"type":"Point","coordinates":[18.581542,50.033584]}},{"type":"Feature","properties":{"lines":"13, 32, 33, S12, S12A","arr":["13","32","33","S12","S12A"],"mode":"bus","angle":30.3,"mi":2,"l0":"13, ","c0":"#05617d","l1":"32, ","c1":"#02af5a","l2":"33, ","c2":"#ab0377","l3":"S12, ","c3":"#a72d06","l4":"S12A","c4":"#ff627e"},"geometry":{"type":"Point","coordinates":[18.561264,50.05233]}},{"type":"Feature","properties":{"lines":"13, 32, 33, S12, S12A","arr":["13","32","33","S12","S12A"],"mode":"bus","angle":56.9,"mi":3,"l0":"13, ","c0":"#05617d","l1":"32, ","c1":"#02af5a","l2":"33, ","c2":"#ab0377","l3":"S12, ","c3":"#a72d06","l4":"S12A","c4":"#ff627e"},"geometry":{"type":"Point","coordinates":[18.577518,50.038892]}},{"type":"Feature","properties":{"lines":"13, 32, 33, S12, S12A","arr":["13","32","33","S12","S12A"],"mode":"bus","angle":55.7,"l0":"13, ","c0":"#05617d","l1":"32, ","c1":"#02af5a","l2":"33, ","c2":"#ab0377","l3":"S12, ","c3":"#a72d06","l4":"S12A","c4":"#ff627e"},"geometry":{"type":"Point","coordinates":[18.570425,50.045596]}},{"type":"Feature","properties":{"lines":"13, 32, 33, S12, S12A","arr":["13","32","33","S12","S12A"],"mode":"bus","angle":55.9,"mi":1,"l0":"13, ","c0":"#05617d","l1":"32, ","c1":"#02af5a","l2":"33, ","c2":"#ab0377","l3":"S12, ","c3":"#a72d06","l4":"S12A","c4":"#ff627e"},"geometry":{"type":"Point","coordinates":[18.567648,50.04821]}},{"type":"Feature","properties":{"lines":"13, 32, 33, S12, S12A","arr":["13","32","33","S12","S12A"],"mode":"bus","angle":64.3,"extra":1,"ei":0,"l0":"13, ","c0":"#05617d","l1":"32, ","c1":"#02af5a","l2":"33, ","c2":"#ab0377","l3":"S12, ","c3":"#a72d06","l4":"S12A","c4":"#ff627e"},"geometry":{"type":"Point","coordinates":[18.580186,50.035404]}},{"type":"Feature","properties":{"lines":"13, 32, 33, S12, S12A","arr":["13","32","33","S12","S12A"],"mode":"bus","angle":64.1,"extra":1,"ei":1,"l0":"13, ","c0":"#05617d","l1":"32, ","c1":"#02af5a","l2":"33, ","c2":"#ab0377","l3":"S12, ","c3":"#a72d06","l4":"S12A","c4":"#ff627e"},"geometry":{"type":"Point","coordinates":[18.578902,50.037103]}},{"type":"Feature","properties":{"lines":"13, 32, 33, S12, S12A","arr":["13","32","33","S12","S12A"],"mode":"bus","angle":56,"extra":1,"ei":2,"l0":"13, ","c0":"#05617d","l1":"32, ","c1":"#02af5a","l2":"33, ","c2":"#ab0377","l3":"S12, ","c3":"#a72d06","l4":"S12A","c4":"#ff627e"},"geometry":{"type":"Point","coordinates":[18.575965,50.040365]}},{"type":"Feature","properties":{"lines":"13, 32, 33, S12, S12A","arr":["13","32","33","S12","S12A"],"mode":"bus","angle":56,"extra":1,"ei":3,"l0":"13, ","c0":"#05617d","l1":"32, ","c1":"#02af5a","l2":"33, ","c2":"#ab0377","l3":"S12, ","c3":"#a72d06","l4":"S12A","c4":"#ff627e"},"geometry":{"type":"Point","coordinates":[18.574315,50.041929]}},{"type":"Feature","properties":{"lines":"13, 32, 33, S12, S12A","arr":["13","32","33","S12","S12A"],"mode":"bus","angle":55.7,"extra":1,"ei":0,"l0":"13, ","c0":"#05617d","l1":"32, ","c1":"#02af5a","l2":"33, ","c2":"#ab0377","l3":"S12, ","c3":"#a72d06","l4":"S12A","c4":"#ff627e"},"geometry":{"type":"Point","coordinates":[18.571761,50.044334]}},{"type":"Feature","properties":{"lines":"13, 32, 33, S12, S12A","arr":["13","32","33","S12","S12A"],"mode":"bus","angle":57.2,"extra":1,"ei":0,"l0":"13, ","c0":"#05617d","l1":"32, ","c1":"#02af5a","l2":"33, ","c2":"#ab0377","l3":"S12, ","c3":"#a72d06","l4":"S12A","c4":"#ff627e"},"geometry":{"type":"Point","coordinates":[18.566149,50.049656]}},{"type":"Feature","properties":{"lines":"13, 32, 33, S12, S12A","arr":["13","32","33","S12","S12A"],"mode":"bus","angle":45,"extra":1,"ei":1,"l0":"13, ","c0":"#05617d","l1":"32, ","c1":"#02af5a","l2":"33, ","c2":"#ab0377","l3":"S12, ","c3":"#a72d06","l4":"S12A","c4":"#ff627e"},"geometry":{"type":"Point","coordinates":[18.564389,50.051162]}},{"type":"Feature","properties":{"lines":"13, 32, 33, S12, S12A","arr":["13","32","33","S12","S12A"],"mode":"bus","angle":61.3,"extra":1,"ei":2,"l0":"13, ","c0":"#05617d","l1":"32, ","c1":"#02af5a","l2":"33, ","c2":"#ab0377","l3":"S12, ","c3":"#a72d06","l4":"S12A","c4":"#ff627e"},"geometry":{"type":"Point","coordinates":[18.559951,50.053452]}},{"type":"Feature","properties":{"lines":"13, 32, 33, S12, S12A","arr":["13","32","33","S12","S12A"],"mode":"bus","angle":71.3,"extra":1,"ei":3,"l0":"13, ","c0":"#05617d","l1":"32, ","c1":"#02af5a","l2":"33, ","c2":"#ab0377","l3":"S12, ","c3":"#a72d06","l4":"S12A","c4":"#ff627e"},"geometry":{"type":"Point","coordinates":[18.558588,50.055122]}},{"type":"Feature","properties":{"lines":"13, 14, 34","arr":["13","14","34"],"mode":"bus","angle":84,"l0":"13, ","c0":"#05617d","l1":"14, ","c1":"#b11526","l2":"34","c2":"#446303"},"geometry":{"type":"Point","coordinates":[18.550422,50.132827]}},{"type":"Feature","properties":{"lines":"13, 14, 32, 34","arr":["13","14","32","34"],"mode":"bus","angle":80.8,"l0":"13, ","c0":"#05617d","l1":"14, ","c1":"#b11526","l2":"32, ","c2":"#02af5a","l3":"34","c3":"#446303"},"geometry":{"type":"Point","coordinates":[18.549997,50.138731]}},{"type":"Feature","properties":{"lines":"13, 14, 32, 34","arr":["13","14","32","34"],"mode":"bus","angle":89.5,"extra":1,"ei":0,"l0":"13, ","c0":"#05617d","l1":"14, ","c1":"#b11526","l2":"32, ","c2":"#02af5a","l3":"34","c3":"#446303"},"geometry":{"type":"Point","coordinates":[18.550392,50.133954]}},{"type":"Feature","properties":{"lines":"13, 14, 32, 34","arr":["13","14","32","34"],"mode":"bus","angle":88.4,"extra":1,"ei":1,"l0":"13, ","c0":"#05617d","l1":"14, ","c1":"#b11526","l2":"32, ","c2":"#02af5a","l3":"34","c3":"#446303"},"geometry":{"type":"Point","coordinates":[18.55038,50.135843]}},{"type":"Feature","properties":{"lines":"13, 14, 32, 34","arr":["13","14","32","34"],"mode":"bus","angle":80.7,"extra":1,"ei":2,"l0":"13, ","c0":"#05617d","l1":"14, ","c1":"#b11526","l2":"32, ","c2":"#02af5a","l3":"34","c3":"#446303"},"geometry":{"type":"Point","coordinates":[18.549324,50.141457]}},{"type":"Feature","properties":{"lines":"13, 14, 32, 34","arr":["13","14","32","34"],"mode":"bus","angle":77.3,"extra":1,"ei":3,"l0":"13, ","c0":"#05617d","l1":"14, ","c1":"#b11526","l2":"32, ","c2":"#02af5a","l3":"34","c3":"#446303"},"geometry":{"type":"Point","coordinates":[18.548808,50.143316]}},{"type":"Feature","properties":{"lines":"13, 14, 32","arr":["13","14","32"],"mode":"bus","angle":-10.9,"l0":"13, ","c0":"#05617d","l1":"14, ","c1":"#b11526","l2":"32","c2":"#02af5a"},"geometry":{"type":"Point","coordinates":[18.541108,50.14411]}},{"type":"Feature","properties":{"lines":"13, 14, 32","arr":["13","14","32"],"mode":"bus","angle":-0.9,"extra":1,"ei":0,"l0":"13, ","c0":"#05617d","l1":"14, ","c1":"#b11526","l2":"32","c2":"#02af5a"},"geometry":{"type":"Point","coordinates":[18.546942,50.144383]}},{"type":"Feature","properties":{"lines":"13, 14, 32","arr":["13","14","32"],"mode":"bus","angle":-1.6,"extra":1,"ei":1,"l0":"13, ","c0":"#05617d","l1":"14, ","c1":"#b11526","l2":"32","c2":"#02af5a"},"geometry":{"type":"Point","coordinates":[18.544002,50.14443]}},{"type":"Feature","properties":{"lines":"13, 14, 32","arr":["13","14","32"],"mode":"bus","angle":-30.2,"extra":1,"ei":2,"l0":"13, ","c0":"#05617d","l1":"14, ","c1":"#b11526","l2":"32","c2":"#02af5a"},"geometry":{"type":"Point","coordinates":[18.538279,50.143623]}},{"type":"Feature","properties":{"lines":"13, 14, 32","arr":["13","14","32"],"mode":"bus","angle":-30.4,"extra":1,"ei":3,"l0":"13, ","c0":"#05617d","l1":"14, ","c1":"#b11526","l2":"32","c2":"#02af5a"},"geometry":{"type":"Point","coordinates":[18.535741,50.142667]}},{"type":"Feature","properties":{"lines":"13, 14, 32","arr":["13","14","32"],"mode":"bus","angle":-9.5,"l0":"13, ","c0":"#05617d","l1":"14, ","c1":"#b11526","l2":"32","c2":"#02af5a"},"geometry":{"type":"Point","coordinates":[18.525574,50.139956]}},{"type":"Feature","properties":{"lines":"13, 14, 32","arr":["13","14","32"],"mode":"bus","angle":28.2,"extra":1,"ei":0,"l0":"13, ","c0":"#05617d","l1":"14, ","c1":"#b11526","l2":"32","c2":"#02af5a"},"geometry":{"type":"Point","coordinates":[18.517588,50.140843]}},{"type":"Feature","properties":{"lines":"13, 14, 32","arr":["13","14","32"],"mode":"bus","angle":27.5,"extra":1,"ei":1,"l0":"13, ","c0":"#05617d","l1":"14, ","c1":"#b11526","l2":"32","c2":"#02af5a"},"geometry":{"type":"Point","coordinates":[18.520193,50.139963]}},{"type":"Feature","properties":{"lines":"13, 14, 32","arr":["13","14","32"],"mode":"bus","angle":1.3,"extra":1,"ei":2,"l0":"13, ","c0":"#05617d","l1":"14, ","c1":"#b11526","l2":"32","c2":"#02af5a"},"geometry":{"type":"Point","coordinates":[18.523051,50.139718]}},{"type":"Feature","properties":{"lines":"13, 14, 32","arr":["13","14","32"],"mode":"bus","angle":-13.8,"extra":1,"ei":3,"l0":"13, ","c0":"#05617d","l1":"14, ","c1":"#b11526","l2":"32","c2":"#02af5a"},"geometry":{"type":"Point","coordinates":[18.528882,50.139988]}},{"type":"Feature","properties":{"lines":"13, 14, 32","arr":["13","14","32"],"mode":"bus","angle":-33.5,"extra":1,"ei":4,"l0":"13, ","c0":"#05617d","l1":"14, ","c1":"#b11526","l2":"32","c2":"#02af5a"},"geometry":{"type":"Point","coordinates":[18.531502,50.140827]}},{"type":"Feature","properties":{"lines":"13, 14, 32","arr":["13","14","32"],"mode":"bus","angle":-36,"extra":1,"ei":5,"l0":"13, ","c0":"#05617d","l1":"14, ","c1":"#b11526","l2":"32","c2":"#02af5a"},"geometry":{"type":"Point","coordinates":[18.533935,50.14189]}},{"type":"Feature","properties":{"lines":"14, 16, 27, 45, 51, 300, 301","arr":["14","16","27","45","51","300","301"],"mode":"bus","angle":70.9,"side":-1,"l0":"14, ","c0":"#b11526","l1":"16, ","c1":"#10a5d2","l2":"27, ","c2":"#c17aef","l3":"45, ","c3":"#03636c","l4":"51, ","c4":"#6b5806","l5":"300, ","c5":"#4d4aba","l6":"301","c6":"#b0045c"},"geometry":{"type":"Point","coordinates":[18.534133,50.10026]}},{"type":"Feature","properties":{"lines":"14, 16, 27, 45, 51","arr":["14","16","27","45","51"],"mode":"bus","angle":-44,"l0":"14, ","c0":"#b11526","l1":"16, ","c1":"#10a5d2","l2":"27, ","c2":"#c17aef","l3":"45, ","c3":"#03636c","l4":"51","c4":"#6b5806"},"geometry":{"type":"Point","coordinates":[18.533466,50.099319]}},{"type":"Feature","properties":{"lines":"14","arr":["14"],"mode":"bus","angle":-60.2,"l0":"14","c0":"#b11526"},"geometry":{"type":"Point","coordinates":[18.530532,50.097134]}},{"type":"Feature","properties":{"lines":"14","arr":["14"],"mode":"bus","angle":-49.2,"mi":1,"l0":"14","c0":"#b11526"},"geometry":{"type":"Point","coordinates":[18.531823,50.098306]}},{"type":"Feature","properties":{"lines":"14","arr":["14"],"mode":"bus","angle":-80.1,"mi":2,"l0":"14","c0":"#b11526"},"geometry":{"type":"Point","coordinates":[18.52563,50.092502]}},{"type":"Feature","properties":{"lines":"14","arr":["14"],"mode":"bus","angle":-11.7,"mi":1,"l0":"14","c0":"#b11526"},"geometry":{"type":"Point","coordinates":[18.552429,50.14263]}},{"type":"Feature","properties":{"lines":"14","arr":["14"],"mode":"bus","angle":-34.2,"extra":1,"ei":0,"l0":"14","c0":"#b11526"},"geometry":{"type":"Point","coordinates":[18.550278,50.142223]}},{"type":"Feature","properties":{"lines":"14","arr":["14"],"mode":"bus","angle":-26.1,"side":-1,"extra":1,"ei":1,"l0":"14","c0":"#b11526"},"geometry":{"type":"Point","coordinates":[18.555846,50.143404]}},{"type":"Feature","properties":{"lines":"14","arr":["14"],"mode":"bus","angle":2.7,"l0":"14","c0":"#b11526"},"geometry":{"type":"Point","coordinates":[18.552499,50.143966]}},{"type":"Feature","properties":{"lines":"14","arr":["14"],"mode":"bus","angle":12.6,"extra":1,"ei":0,"l0":"14","c0":"#b11526"},"geometry":{"type":"Point","coordinates":[18.554384,50.143768]}},{"type":"Feature","properties":{"lines":"14","arr":["14"],"mode":"bus","angle":85,"mi":2,"l0":"14","c0":"#b11526"},"geometry":{"type":"Point","coordinates":[18.549057,50.146164]}},{"type":"Feature","properties":{"lines":"14","arr":["14"],"mode":"bus","angle":68.8,"l0":"14","c0":"#b11526"},"geometry":{"type":"Point","coordinates":[18.545986,50.165589]}},{"type":"Feature","properties":{"lines":"14, 34","arr":["14","34"],"mode":"bus","angle":76,"l0":"14, ","c0":"#b11526","l1":"34","c1":"#446303"},"geometry":{"type":"Point","coordinates":[18.547054,50.14792]}},{"type":"Feature","properties":{"lines":"14, 34","arr":["14","34"],"mode":"bus","angle":75.9,"extra":1,"ei":0,"l0":"14, ","c0":"#b11526","l1":"34","c1":"#446303"},"geometry":{"type":"Point","coordinates":[18.546054,50.150549]}},{"type":"Feature","properties":{"lines":"14, 34","arr":["14","34"],"mode":"bus","angle":76.4,"extra":1,"ei":1,"l0":"14, ","c0":"#b11526","l1":"34","c1":"#446303"},"geometry":{"type":"Point","coordinates":[18.548159,50.145046]}},{"type":"Feature","properties":{"lines":"14, 34","arr":["14","34"],"mode":"bus","angle":78.5,"l0":"14, ","c0":"#b11526","l1":"34","c1":"#446303"},"geometry":{"type":"Point","coordinates":[18.542846,50.159083]}},{"type":"Feature","properties":{"lines":"14, 34","arr":["14","34"],"mode":"bus","angle":76.3,"extra":1,"ei":0,"l0":"14, ","c0":"#b11526","l1":"34","c1":"#446303"},"geometry":{"type":"Point","coordinates":[18.545349,50.152382]}},{"type":"Feature","properties":{"lines":"14, 34","arr":["14","34"],"mode":"bus","angle":76.1,"extra":1,"ei":1,"l0":"14, ","c0":"#b11526","l1":"34","c1":"#446303"},"geometry":{"type":"Point","coordinates":[18.544649,50.154217]}},{"type":"Feature","properties":{"lines":"14, 34","arr":["14","34"],"mode":"bus","angle":76,"extra":1,"ei":2,"l0":"14, ","c0":"#b11526","l1":"34","c1":"#446303"},"geometry":{"type":"Point","coordinates":[18.543938,50.156049]}},{"type":"Feature","properties":{"lines":"14, 34","arr":["14","34"],"mode":"bus","angle":77.9,"extra":1,"ei":3,"l0":"14, ","c0":"#b11526","l1":"34","c1":"#446303"},"geometry":{"type":"Point","coordinates":[18.543231,50.157882]}},{"type":"Feature","properties":{"lines":"14, 34","arr":["14","34"],"mode":"bus","angle":78.9,"extra":1,"ei":4,"l0":"14, ","c0":"#b11526","l1":"34","c1":"#446303"},"geometry":{"type":"Point","coordinates":[18.542055,50.161583]}},{"type":"Feature","properties":{"lines":"14, 34","arr":["14","34"],"mode":"bus","angle":78.5,"extra":1,"ei":5,"l0":"14, ","c0":"#b11526","l1":"34","c1":"#446303"},"geometry":{"type":"Point","coordinates":[18.541473,50.163435]}},{"type":"Feature","properties":{"lines":"14, 34","arr":["14","34"],"mode":"bus","angle":79.9,"extra":1,"ei":6,"l0":"14, ","c0":"#b11526","l1":"34","c1":"#446303"},"geometry":{"type":"Point","coordinates":[18.540913,50.165289]}},{"type":"Feature","properties":{"lines":"14","arr":["14"],"mode":"bus","angle":-23.2,"mi":3,"l0":"14","c0":"#b11526"},"geometry":{"type":"Point","coordinates":[18.546127,50.162801]}},{"type":"Feature","properties":{"lines":"14","arr":["14"],"mode":"bus","angle":-11.5,"extra":1,"ei":0,"l0":"14","c0":"#b11526"},"geometry":{"type":"Point","coordinates":[18.543308,50.162388]}},{"type":"Feature","properties":{"lines":"14","arr":["14"],"mode":"bus","angle":-68.6,"extra":1,"ei":1,"l0":"14","c0":"#b11526"},"geometry":{"type":"Point","coordinates":[18.54808,50.164178]}},{"type":"Feature","properties":{"lines":"14","arr":["14"],"mode":"bus","angle":7.4,"mi":1,"l0":"14","c0":"#b11526"},"geometry":{"type":"Point","coordinates":[18.547346,50.165096]}},{"type":"Feature","properties":{"lines":"14","arr":["14"],"mode":"bus","angle":5.7,"mi":2,"l0":"14","c0":"#b11526"},"geometry":{"type":"Point","coordinates":[18.542998,50.166176]}},{"type":"Feature","properties":{"lines":"14, 26, 32, 41, 49, N6","arr":["14","26","32","41","49","N6"],"mode":"bus","angle":-78.9,"l0":"14, ","c0":"#b11526","l1":"26, ","c1":"#b59607","l2":"32, ","c2":"#02af5a","l3":"41, ","c3":"#11a2e3","l4":"49, ","c4":"#ff5e9b","l5":"N6","c5":"#9789ff"},"geometry":{"type":"Point","coordinates":[18.547217,50.113364]}},{"type":"Feature","properties":{"lines":"15, 30","arr":["15","30"],"mode":"bus","angle":-32.8,"side":-1,"l0":"15, ","c0":"#e16cd6","l1":"30","c1":"#5a5d02"},"geometry":{"type":"Point","coordinates":[18.546418,50.101831]}},{"type":"Feature","properties":{"lines":"15","arr":["15"],"mode":"bus","angle":13.3,"l0":"15","c0":"#e16cd6"},"geometry":{"type":"Point","coordinates":[18.557736,50.100311]}},{"type":"Feature","properties":{"lines":"15, 16, 17, 18, 19, 28, 300, 301, 302, 306","arr":["15","16","17","18","19","28","300","301","302","306"],"mode":"bus","angle":-30.8,"side":-1,"l0":"15, ","c0":"#e16cd6","l1":"16, ","c1":"#10a5d2","l2":"17, ","c2":"#02af5a","l3":"18, ","c3":"#03636c","l4":"19, ","c4":"#a72d06","l5":"28, ","c5":"#fe6761","l6":"300, ","c6":"#4d4aba","l7":"301, ","c7":"#b0045c","l8":"302, ","c8":"#999f01","l9":"306","c9":"#126804"},"geometry":{"type":"Point","coordinates":[18.561055,50.100166]}},{"type":"Feature","properties":{"lines":"15, 16, 17, 18, 19, 28, 51, 300, 301, 302, 306","arr":["15","16","17","18","19","28","51","300","301","302","306"],"mode":"bus","angle":-29.8,"l0":"15, ","c0":"#e16cd6","l1":"16, ","c1":"#10a5d2","l2":"17, ","c2":"#02af5a","l3":"18, ","c3":"#03636c","l4":"19, ","c4":"#a72d06","l5":"28, ","c5":"#fe6761","l6":"51, ","c6":"#6b5806","l7":"300, ","c7":"#4d4aba","l8":"301, ","c8":"#b0045c","l9":"302, ","c9":"#999f01","l10":"306","c10":"#126804"},"geometry":{"type":"Point","coordinates":[18.563865,50.101206]}},{"type":"Feature","properties":{"lines":"15, 16, 17, 18, 19, 28, 51, 300, 301, 302, 306","arr":["15","16","17","18","19","28","51","300","301","302","306"],"mode":"bus","angle":-30.5,"extra":1,"ei":0,"l0":"15, ","c0":"#e16cd6","l1":"16, ","c1":"#10a5d2","l2":"17, ","c2":"#02af5a","l3":"18, ","c3":"#03636c","l4":"19, ","c4":"#a72d06","l5":"28, ","c5":"#fe6761","l6":"51, ","c6":"#6b5806","l7":"300, ","c7":"#4d4aba","l8":"301, ","c8":"#b0045c","l9":"302, ","c9":"#999f01","l10":"306","c10":"#126804"},"geometry":{"type":"Point","coordinates":[18.565583,50.101855]}},{"type":"Feature","properties":{"lines":"15, 28","arr":["15","28"],"mode":"bus","angle":40.5,"l0":"15, ","c0":"#e16cd6","l1":"28","c1":"#fe6761"},"geometry":{"type":"Point","coordinates":[18.570218,50.09962]}},{"type":"Feature","properties":{"lines":"15, 28","arr":["15","28"],"mode":"bus","angle":40.2,"extra":1,"ei":0,"l0":"15, ","c0":"#e16cd6","l1":"28","c1":"#fe6761"},"geometry":{"type":"Point","coordinates":[18.567037,50.101361]}},{"type":"Feature","properties":{"lines":"15, 28","arr":["15","28"],"mode":"bus","angle":12.8,"extra":1,"ei":1,"l0":"15, ","c0":"#e16cd6","l1":"28","c1":"#fe6761"},"geometry":{"type":"Point","coordinates":[18.574381,50.098451]}},{"type":"Feature","properties":{"lines":"15, 16, 51","arr":["15","16","51"],"mode":"bus","angle":22.7,"l0":"15, ","c0":"#e16cd6","l1":"16, ","c1":"#10a5d2","l2":"51","c2":"#6b5806"},"geometry":{"type":"Point","coordinates":[18.578425,50.0978]}},{"type":"Feature","properties":{"lines":"15, 16, 51","arr":["15","16","51"],"mode":"bus","angle":40.9,"l0":"15, ","c0":"#e16cd6","l1":"16, ","c1":"#10a5d2","l2":"51","c2":"#6b5806"},"geometry":{"type":"Point","coordinates":[18.597562,50.089642]}},{"type":"Feature","properties":{"lines":"15, 16, 51","arr":["15","16","51"],"mode":"bus","angle":23.2,"extra":1,"ei":0,"l0":"15, ","c0":"#e16cd6","l1":"16, ","c1":"#10a5d2","l2":"51","c2":"#6b5806"},"geometry":{"type":"Point","coordinates":[18.582036,50.096761]}},{"type":"Feature","properties":{"lines":"15, 16, 51","arr":["15","16","51"],"mode":"bus","angle":23.8,"extra":1,"ei":1,"l0":"15, ","c0":"#e16cd6","l1":"16, ","c1":"#10a5d2","l2":"51","c2":"#6b5806"},"geometry":{"type":"Point","coordinates":[18.584729,50.095998]}},{"type":"Feature","properties":{"lines":"15, 16, 51","arr":["15","16","51"],"mode":"bus","angle":23.9,"extra":1,"ei":2,"l0":"15, ","c0":"#e16cd6","l1":"16, ","c1":"#10a5d2","l2":"51","c2":"#6b5806"},"geometry":{"type":"Point","coordinates":[18.58742,50.095231]}},{"type":"Feature","properties":{"lines":"15, 16, 51","arr":["15","16","51"],"mode":"bus","angle":24.7,"extra":1,"ei":3,"l0":"15, ","c0":"#e16cd6","l1":"16, ","c1":"#10a5d2","l2":"51","c2":"#6b5806"},"geometry":{"type":"Point","coordinates":[18.590111,50.094465]}},{"type":"Feature","properties":{"lines":"15, 16, 51","arr":["15","16","51"],"mode":"bus","angle":52.5,"extra":1,"ei":4,"l0":"15, ","c0":"#e16cd6","l1":"16, ","c1":"#10a5d2","l2":"51","c2":"#6b5806"},"geometry":{"type":"Point","coordinates":[18.592043,50.093077]}},{"type":"Feature","properties":{"lines":"15, 16, 51","arr":["15","16","51"],"mode":"bus","angle":40.9,"extra":1,"ei":5,"l0":"15, ","c0":"#e16cd6","l1":"16, ","c1":"#10a5d2","l2":"51","c2":"#6b5806"},"geometry":{"type":"Point","coordinates":[18.593953,50.091647]}},{"type":"Feature","properties":{"lines":"15, 16, 51","arr":["15","16","51"],"mode":"bus","angle":40.9,"extra":1,"ei":6,"l0":"15, ","c0":"#e16cd6","l1":"16, ","c1":"#10a5d2","l2":"51","c2":"#6b5806"},"geometry":{"type":"Point","coordinates":[18.596178,50.090411]}},{"type":"Feature","properties":{"lines":"15, 16, 51","arr":["15","16","51"],"mode":"bus","angle":40.9,"extra":1,"ei":7,"l0":"15, ","c0":"#e16cd6","l1":"16, ","c1":"#10a5d2","l2":"51","c2":"#6b5806"},"geometry":{"type":"Point","coordinates":[18.600609,50.087923]}},{"type":"Feature","properties":{"lines":"15, 16, 51","arr":["15","16","51"],"mode":"bus","angle":40.5,"extra":1,"ei":8,"l0":"15, ","c0":"#e16cd6","l1":"16, ","c1":"#10a5d2","l2":"51","c2":"#6b5806"},"geometry":{"type":"Point","coordinates":[18.602838,50.08669]}},{"type":"Feature","properties":{"lines":"15, 16, 51","arr":["15","16","51"],"mode":"bus","angle":13.4,"extra":1,"ei":9,"l0":"15, ","c0":"#e16cd6","l1":"16, ","c1":"#10a5d2","l2":"51","c2":"#6b5806"},"geometry":{"type":"Point","coordinates":[18.605354,50.085776]}},{"type":"Feature","properties":{"lines":"15, 16, 51","arr":["15","16","51"],"mode":"bus","angle":13.2,"extra":1,"ei":10,"l0":"15, ","c0":"#e16cd6","l1":"16, ","c1":"#10a5d2","l2":"51","c2":"#6b5806"},"geometry":{"type":"Point","coordinates":[18.60822,50.085344]}},{"type":"Feature","properties":{"lines":"15, 16, 51","arr":["15","16","51"],"mode":"bus","angle":13.3,"extra":1,"ei":11,"l0":"15, ","c0":"#e16cd6","l1":"16, ","c1":"#10a5d2","l2":"51","c2":"#6b5806"},"geometry":{"type":"Point","coordinates":[18.611086,50.084911]}},{"type":"Feature","properties":{"lines":"15, 16, 51","arr":["15","16","51"],"mode":"bus","angle":13.2,"extra":1,"ei":12,"l0":"15, ","c0":"#e16cd6","l1":"16, ","c1":"#10a5d2","l2":"51","c2":"#6b5806"},"geometry":{"type":"Point","coordinates":[18.613951,50.084479]}},{"type":"Feature","properties":{"lines":"15, 16, 51","arr":["15","16","51"],"mode":"bus","angle":-67.4,"l0":"15, ","c0":"#e16cd6","l1":"16, ","c1":"#10a5d2","l2":"51","c2":"#6b5806"},"geometry":{"type":"Point","coordinates":[18.613896,50.082351]}},{"type":"Feature","properties":{"lines":"15, 16, 51","arr":["15","16","51"],"mode":"bus","angle":-67.7,"extra":1,"ei":0,"l0":"15, ","c0":"#e16cd6","l1":"16, ","c1":"#10a5d2","l2":"51","c2":"#6b5806"},"geometry":{"type":"Point","coordinates":[18.6131,50.081099]}},{"type":"Feature","properties":{"lines":"15, 16","arr":["15","16"],"mode":"bus","angle":-61.4,"l0":"15, ","c0":"#e16cd6","l1":"16","c1":"#10a5d2"},"geometry":{"type":"Point","coordinates":[18.612361,50.080004]}},{"type":"Feature","properties":{"lines":"15, 45, 48, 52","arr":["15","45","48","52"],"mode":"bus","angle":25,"l0":"15, ","c0":"#e16cd6","l1":"45, ","c1":"#03636c","l2":"48, ","c2":"#e47e2b","l3":"52","c3":"#07ad80"},"geometry":{"type":"Point","coordinates":[18.615944,50.078527]}},{"type":"Feature","properties":{"lines":"15, 45, 48, 52","arr":["15","45","48","52"],"mode":"bus","angle":28.1,"extra":1,"ei":0,"l0":"15, ","c0":"#e16cd6","l1":"45, ","c1":"#03636c","l2":"48, ","c2":"#e47e2b","l3":"52","c3":"#07ad80"},"geometry":{"type":"Point","coordinates":[18.617943,50.077883]}},{"type":"Feature","properties":{"lines":"15, 45, 48, 52","arr":["15","45","48","52"],"mode":"bus","angle":31.1,"extra":1,"ei":1,"l0":"15, ","c0":"#e16cd6","l1":"45, ","c1":"#03636c","l2":"48, ","c2":"#e47e2b","l3":"52","c3":"#07ad80"},"geometry":{"type":"Point","coordinates":[18.612652,50.079529]}},{"type":"Feature","properties":{"lines":"15, 45, 48","arr":["15","45","48"],"mode":"bus","angle":-57.3,"mi":1,"l0":"15, ","c0":"#e16cd6","l1":"45, ","c1":"#03636c","l2":"48","c2":"#e47e2b"},"geometry":{"type":"Point","coordinates":[18.618974,50.07673]}},{"type":"Feature","properties":{"lines":"15, 45, 48","arr":["15","45","48"],"mode":"bus","angle":-46.4,"l0":"15, ","c0":"#e16cd6","l1":"45, ","c1":"#03636c","l2":"48","c2":"#e47e2b"},"geometry":{"type":"Point","coordinates":[18.612442,50.073672]}},{"type":"Feature","properties":{"lines":"15, 45, 48","arr":["15","45","48"],"mode":"bus","angle":-32.5,"mi":2,"l0":"15, ","c0":"#e16cd6","l1":"45, ","c1":"#03636c","l2":"48","c2":"#e47e2b"},"geometry":{"type":"Point","coordinates":[18.602902,50.069168]}},{"type":"Feature","properties":{"lines":"15, 45, 48","arr":["15","45","48"],"mode":"bus","angle":-36.2,"extra":1,"ei":0,"l0":"15, ","c0":"#e16cd6","l1":"45, ","c1":"#03636c","l2":"48","c2":"#e47e2b"},"geometry":{"type":"Point","coordinates":[18.616923,50.075497]}},{"type":"Feature","properties":{"lines":"15, 45, 48","arr":["15","45","48"],"mode":"bus","angle":-22,"extra":1,"ei":1,"l0":"15, ","c0":"#e16cd6","l1":"45, ","c1":"#03636c","l2":"48","c2":"#e47e2b"},"geometry":{"type":"Point","coordinates":[18.614449,50.074487]}},{"type":"Feature","properties":{"lines":"15, 45, 48","arr":["15","45","48"],"mode":"bus","angle":-39.7,"extra":1,"ei":2,"l0":"15, ","c0":"#e16cd6","l1":"45, ","c1":"#03636c","l2":"48","c2":"#e47e2b"},"geometry":{"type":"Point","coordinates":[18.610019,50.072074]}},{"type":"Feature","properties":{"lines":"15, 45, 48","arr":["15","45","48"],"mode":"bus","angle":-23.8,"extra":1,"ei":3,"l0":"15, ","c0":"#e16cd6","l1":"45, ","c1":"#03636c","l2":"48","c2":"#e47e2b"},"geometry":{"type":"Point","coordinates":[18.607497,50.071112]}},{"type":"Feature","properties":{"lines":"15, 45, 48","arr":["15","45","48"],"mode":"bus","angle":-64.8,"extra":1,"ei":0,"l0":"15, ","c0":"#e16cd6","l1":"45, ","c1":"#03636c","l2":"48","c2":"#e47e2b"},"geometry":{"type":"Point","coordinates":[18.601333,50.068094]}},{"type":"Feature","properties":{"lines":"15, 45, 48","arr":["15","45","48"],"mode":"bus","angle":-35.9,"side":-1,"extra":1,"ei":1,"l0":"15, ","c0":"#e16cd6","l1":"45, ","c1":"#03636c","l2":"48","c2":"#e47e2b"},"geometry":{"type":"Point","coordinates":[18.606116,50.069969]}},{"type":"Feature","properties":{"lines":"15, 42, 45, 46, 48","arr":["15","42","45","46","48"],"mode":"bus","angle":-76.6,"l0":"15, ","c0":"#e16cd6","l1":"42, ","c1":"#b11526","l2":"45, ","c2":"#03636c","l3":"46, ","c3":"#119efc","l4":"48","c4":"#e47e2b"},"geometry":{"type":"Point","coordinates":[18.600353,50.066119]}},{"type":"Feature","properties":{"lines":"15, 42, 45, 46, 46A, 48, N8","arr":["15","42","45","46","46A","48","N8"],"mode":"bus","angle":-78.2,"l0":"15, ","c0":"#e16cd6","l1":"42, ","c1":"#b11526","l2":"45, ","c2":"#03636c","l3":"46, ","c3":"#119efc","l4":"46A, ","c4":"#4d4aba","l5":"48, ","c5":"#e47e2b","l6":"N8","c6":"#05617d"},"geometry":{"type":"Point","coordinates":[18.599731,50.064744]}},{"type":"Feature","properties":{"lines":"15, 42, 46, 46A, 48, N8","arr":["15","42","46","46A","48","N8"],"mode":"bus","angle":-83,"l0":"15, ","c0":"#e16cd6","l1":"42, ","c1":"#b11526","l2":"46, ","c2":"#119efc","l3":"46A, ","c3":"#4d4aba","l4":"48, ","c4":"#e47e2b","l5":"N8","c5":"#05617d"},"geometry":{"type":"Point","coordinates":[18.599644,50.06221]}},{"type":"Feature","properties":{"lines":"15, 42, 46, 46A, 48, N8","arr":["15","42","46","46A","48","N8"],"mode":"bus","angle":73.9,"extra":1,"ei":0,"l0":"15, ","c0":"#e16cd6","l1":"42, ","c1":"#b11526","l2":"46, ","c2":"#119efc","l3":"46A, ","c3":"#4d4aba","l4":"48, ","c4":"#e47e2b","l5":"N8","c5":"#05617d"},"geometry":{"type":"Point","coordinates":[18.599544,50.063521]}},{"type":"Feature","properties":{"lines":"15, 42, 46, 46A, N8","arr":["15","42","46","46A","N8"],"mode":"bus","angle":88.3,"l0":"15, ","c0":"#e16cd6","l1":"42, ","c1":"#b11526","l2":"46, ","c2":"#119efc","l3":"46A, ","c3":"#4d4aba","l4":"N8","c4":"#05617d"},"geometry":{"type":"Point","coordinates":[18.597315,50.056356]}},{"type":"Feature","properties":{"lines":"15, 42, 46, 46A, N8","arr":["15","42","46","46A","N8"],"mode":"bus","angle":-68.5,"extra":1,"ei":0,"l0":"15, ","c0":"#e16cd6","l1":"42, ","c1":"#b11526","l2":"46, ","c2":"#119efc","l3":"46A, ","c3":"#4d4aba","l4":"N8","c4":"#05617d"},"geometry":{"type":"Point","coordinates":[18.598472,50.059091]}},{"type":"Feature","properties":{"lines":"15, 42, 46, 46A, N8","arr":["15","42","46","46A","N8"],"mode":"bus","angle":88,"extra":1,"ei":1,"l0":"15, ","c0":"#e16cd6","l1":"42, ","c1":"#b11526","l2":"46, ","c2":"#119efc","l3":"46A, ","c3":"#4d4aba","l4":"N8","c4":"#05617d"},"geometry":{"type":"Point","coordinates":[18.597383,50.053582]}},{"type":"Feature","properties":{"lines":"15, N8","arr":["15","N8"],"mode":"bus","angle":-15.9,"l0":"15, ","c0":"#e16cd6","l1":"N8","c1":"#05617d"},"geometry":{"type":"Point","coordinates":[18.600488,50.052888]}},{"type":"Feature","properties":{"lines":"15, 42, N8","arr":["15","42","N8"],"mode":"bus","angle":64.1,"l0":"15, ","c0":"#e16cd6","l1":"42, ","c1":"#b11526","l2":"N8","c2":"#05617d"},"geometry":{"type":"Point","coordinates":[18.606411,50.050014]}},{"type":"Feature","properties":{"lines":"15, 42, N8","arr":["15","42","N8"],"mode":"bus","angle":35.3,"extra":1,"ei":0,"l0":"15, ","c0":"#e16cd6","l1":"42, ","c1":"#b11526","l2":"N8","c2":"#05617d"},"geometry":{"type":"Point","coordinates":[18.604424,50.052491]}},{"type":"Feature","properties":{"lines":"15, 42, N8","arr":["15","42","N8"],"mode":"bus","angle":82.5,"extra":1,"ei":1,"l0":"15, ","c0":"#e16cd6","l1":"42, ","c1":"#b11526","l2":"N8","c2":"#05617d"},"geometry":{"type":"Point","coordinates":[18.609022,50.047882]}},{"type":"Feature","properties":{"lines":"15, 17, 18, 19, 28, 51, 300, 301, 302, 306","arr":["15","17","18","19","28","51","300","301","302","306"],"mode":"bus","angle":-29.5,"l0":"15, ","c0":"#e16cd6","l1":"17, ","c1":"#02af5a","l2":"18, ","c2":"#03636c","l3":"19, ","c3":"#a72d06","l4":"28, ","c4":"#fe6761","l5":"51, ","c5":"#6b5806","l6":"300, ","c6":"#4d4aba","l7":"301, ","c7":"#b0045c","l8":"302, ","c8":"#999f01","l9":"306","c9":"#126804"},"geometry":{"type":"Point","coordinates":[18.560973,50.100221]}},{"type":"Feature","properties":{"lines":"15, 23, 30","arr":["15","23","30"],"mode":"bus","angle":-78.2,"l0":"15, ","c0":"#e16cd6","l1":"23, ","c1":"#19a9a8","l2":"30","c2":"#5a5d02"},"geometry":{"type":"Point","coordinates":[18.549305,50.101101]}},{"type":"Feature","properties":{"lines":"15, 30","arr":["15","30"],"mode":"bus","angle":-78.2,"mi":1,"l0":"15, ","c0":"#e16cd6","l1":"30","c1":"#5a5d02"},"geometry":{"type":"Point","coordinates":[18.549,50.100172]}},{"type":"Feature","properties":{"lines":"16, 27, 45, 51","arr":["16","27","45","51"],"mode":"bus","angle":63.8,"l0":"16, ","c0":"#10a5d2","l1":"27, ","c1":"#c17aef","l2":"45, ","c2":"#03636c","l3":"51","c3":"#6b5806"},"geometry":{"type":"Point","coordinates":[18.533711,50.097421]}},{"type":"Feature","properties":{"lines":"16, 27, 45, 51","arr":["16","27","45","51"],"mode":"bus","angle":74.5,"extra":1,"ei":0,"l0":"16, ","c0":"#10a5d2","l1":"27, ","c1":"#c17aef","l2":"45, ","c2":"#03636c","l3":"51","c3":"#6b5806"},"geometry":{"type":"Point","coordinates":[18.534048,50.096272]}},{"type":"Feature","properties":{"lines":"16, 27, 45","arr":["16","27","45"],"mode":"bus","angle":-52.5,"l0":"16, ","c0":"#10a5d2","l1":"27, ","c1":"#c17aef","l2":"45","c2":"#03636c"},"geometry":{"type":"Point","coordinates":[18.534152,50.095683]}},{"type":"Feature","properties":{"lines":"16, 17, 18, 19, 28","arr":["16","17","18","19","28"],"mode":"bus","angle":-11.3,"side":-1,"l0":"16, ","c0":"#10a5d2","l1":"17, ","c1":"#02af5a","l2":"18, ","c2":"#03636c","l3":"19, ","c3":"#a72d06","l4":"28","c4":"#fe6761"},"geometry":{"type":"Point","coordinates":[18.552932,50.098993]}},{"type":"Feature","properties":{"lines":"16, 17, 18, 19, 28, 46","arr":["16","17","18","19","28","46"],"mode":"bus","angle":79.3,"l0":"16, ","c0":"#10a5d2","l1":"17, ","c1":"#02af5a","l2":"18, ","c2":"#03636c","l3":"19, ","c3":"#a72d06","l4":"28, ","c4":"#fe6761","l5":"46","c5":"#119efc"},"geometry":{"type":"Point","coordinates":[18.558718,50.099469]}},{"type":"Feature","properties":{"lines":"46","arr":["46"],"mode":"bus","angle":-82.7,"l0":"46","c0":"#119efc"},"geometry":{"type":"Point","coordinates":[18.559022,50.097661]}},{"type":"Feature","properties":{"lines":"46","arr":["46"],"mode":"bus","angle":-76,"extra":1,"ei":0,"l0":"46","c0":"#119efc"},"geometry":{"type":"Point","coordinates":[18.558605,50.096459]}},{"type":"Feature","properties":{"lines":"16, 17, 18, 19, 28, 51","arr":["16","17","18","19","28","51"],"mode":"bus","angle":-10.7,"side":-1,"l0":"16, ","c0":"#10a5d2","l1":"17, ","c1":"#02af5a","l2":"18, ","c2":"#03636c","l3":"19, ","c3":"#a72d06","l4":"28, ","c4":"#fe6761","l5":"51","c5":"#6b5806"},"geometry":{"type":"Point","coordinates":[18.559377,50.099772]}},{"type":"Feature","properties":{"lines":"16, 17, 18, 19, 51, 300, 301, 302, 306","arr":["16","17","18","19","51","300","301","302","306"],"mode":"bus","angle":-30.9,"l0":"16, ","c0":"#10a5d2","l1":"17, ","c1":"#02af5a","l2":"18, ","c2":"#03636c","l3":"19, ","c3":"#a72d06","l4":"51, ","c4":"#6b5806","l5":"300, ","c5":"#4d4aba","l6":"301, ","c6":"#b0045c","l7":"302, ","c7":"#999f01","l8":"306","c8":"#126804"},"geometry":{"type":"Point","coordinates":[18.569476,50.103297]}},{"type":"Feature","properties":{"lines":"16, 17, 18, 19, 51, 300, 301, 302, 306","arr":["16","17","18","19","51","300","301","302","306"],"mode":"bus","angle":-29.9,"extra":1,"ei":0,"l0":"16, ","c0":"#10a5d2","l1":"17, ","c1":"#02af5a","l2":"18, ","c2":"#03636c","l3":"19, ","c3":"#a72d06","l4":"51, ","c4":"#6b5806","l5":"300, ","c5":"#4d4aba","l6":"301, ","c6":"#b0045c","l7":"302, ","c7":"#999f01","l8":"306","c8":"#126804"},"geometry":{"type":"Point","coordinates":[18.567232,50.102461]}},{"type":"Feature","properties":{"lines":"16, 17, 18, 19, 51, 300, 301, 302, 306","arr":["16","17","18","19","51","300","301","302","306"],"mode":"bus","angle":-40.4,"extra":1,"ei":1,"l0":"16, ","c0":"#10a5d2","l1":"17, ","c1":"#02af5a","l2":"18, ","c2":"#03636c","l3":"19, ","c3":"#a72d06","l4":"51, ","c4":"#6b5806","l5":"300, ","c5":"#4d4aba","l6":"301, ","c6":"#b0045c","l7":"302, ","c7":"#999f01","l8":"306","c8":"#126804"},"geometry":{"type":"Point","coordinates":[18.572001,50.104645]}},{"type":"Feature","properties":{"lines":"16, 51","arr":["16","51"],"mode":"bus","angle":31.9,"mi":1,"l0":"16, ","c0":"#10a5d2","l1":"51","c1":"#6b5806"},"geometry":{"type":"Point","coordinates":[18.577411,50.103428]}},{"type":"Feature","properties":{"lines":"16, 51","arr":["16","51"],"mode":"bus","angle":26,"extra":1,"ei":0,"l0":"16, ","c0":"#10a5d2","l1":"51","c1":"#6b5806"},"geometry":{"type":"Point","coordinates":[18.573989,50.104617]}},{"type":"Feature","properties":{"lines":"16, 51","arr":["16","51"],"mode":"bus","angle":32.1,"extra":1,"ei":1,"l0":"16, ","c0":"#10a5d2","l1":"51","c1":"#6b5806"},"geometry":{"type":"Point","coordinates":[18.579094,50.102739]}},{"type":"Feature","properties":{"lines":"16, 51","arr":["16","51"],"mode":"bus","angle":28.1,"extra":1,"ei":2,"l0":"16, ","c0":"#10a5d2","l1":"51","c1":"#6b5806"},"geometry":{"type":"Point","coordinates":[18.581703,50.101868]}},{"type":"Feature","properties":{"lines":"16, 51","arr":["16","51"],"mode":"bus","angle":-71.3,"l0":"16, ","c0":"#10a5d2","l1":"51","c1":"#6b5806"},"geometry":{"type":"Point","coordinates":[18.580797,50.099784]}},{"type":"Feature","properties":{"lines":"16, 51","arr":["16","51"],"mode":"bus","angle":-65.1,"extra":1,"ei":0,"l0":"16, ","c0":"#10a5d2","l1":"51","c1":"#6b5806"},"geometry":{"type":"Point","coordinates":[18.581463,50.100873]}},{"type":"Feature","properties":{"lines":"16, 45, 48, 52","arr":["16","45","48","52"],"mode":"bus","angle":24.8,"l0":"16, ","c0":"#10a5d2","l1":"45, ","c1":"#03636c","l2":"48, ","c2":"#e47e2b","l3":"52","c3":"#07ad80"},"geometry":{"type":"Point","coordinates":[18.59861,50.083753]}},{"type":"Feature","properties":{"lines":"16, 45, 48, 52","arr":["16","45","48","52"],"mode":"bus","angle":25,"mi":1,"l0":"16, ","c0":"#10a5d2","l1":"45, ","c1":"#03636c","l2":"48, ","c2":"#e47e2b","l3":"52","c3":"#07ad80"},"geometry":{"type":"Point","coordinates":[18.600819,50.083079]}},{"type":"Feature","properties":{"lines":"16, 45, 48, 52","arr":["16","45","48","52"],"mode":"bus","angle":21.6,"mi":2,"l0":"16, ","c0":"#10a5d2","l1":"45, ","c1":"#03636c","l2":"48, ","c2":"#e47e2b","l3":"52","c3":"#07ad80"},"geometry":{"type":"Point","coordinates":[18.587796,50.087003]}},{"type":"Feature","properties":{"lines":"16, 45, 48, 51, 52","arr":["16","45","48","51","52"],"mode":"bus","angle":25.1,"l0":"16, ","c0":"#10a5d2","l1":"45, ","c1":"#03636c","l2":"48, ","c2":"#e47e2b","l3":"51, ","c3":"#6b5806","l4":"52","c4":"#07ad80"},"geometry":{"type":"Point","coordinates":[18.606564,50.08133]}},{"type":"Feature","properties":{"lines":"16, 45, 48, 51, 52","arr":["16","45","48","51","52"],"mode":"bus","angle":25.1,"l0":"16, ","c0":"#10a5d2","l1":"45, ","c1":"#03636c","l2":"48, ","c2":"#e47e2b","l3":"51, ","c3":"#6b5806","l4":"52","c4":"#07ad80"},"geometry":{"type":"Point","coordinates":[18.593007,50.0854]}},{"type":"Feature","properties":{"lines":"16, 45, 48, 51, 52","arr":["16","45","48","51","52"],"mode":"bus","angle":25.3,"extra":1,"ei":0,"l0":"16, ","c0":"#10a5d2","l1":"45, ","c1":"#03636c","l2":"48, ","c2":"#e47e2b","l3":"51, ","c3":"#6b5806","l4":"52","c4":"#07ad80"},"geometry":{"type":"Point","coordinates":[18.610202,50.080239]}},{"type":"Feature","properties":{"lines":"16, 45, 48, 51, 52","arr":["16","45","48","51","52"],"mode":"bus","angle":25.2,"extra":1,"ei":1,"l0":"16, ","c0":"#10a5d2","l1":"45, ","c1":"#03636c","l2":"48, ","c2":"#e47e2b","l3":"51, ","c3":"#6b5806","l4":"52","c4":"#07ad80"},"geometry":{"type":"Point","coordinates":[18.604867,50.081837]}},{"type":"Feature","properties":{"lines":"16, 45, 48, 51, 52","arr":["16","45","48","51","52"],"mode":"bus","angle":25,"extra":1,"ei":2,"l0":"16, ","c0":"#10a5d2","l1":"45, ","c1":"#03636c","l2":"48, ","c2":"#e47e2b","l3":"51, ","c3":"#6b5806","l4":"52","c4":"#07ad80"},"geometry":{"type":"Point","coordinates":[18.6022,50.082637]}},{"type":"Feature","properties":{"lines":"16, 45, 48, 51, 52","arr":["16","45","48","51","52"],"mode":"bus","angle":25.5,"extra":1,"ei":0,"l0":"16, ","c0":"#10a5d2","l1":"45, ","c1":"#03636c","l2":"48, ","c2":"#e47e2b","l3":"51, ","c3":"#6b5806","l4":"52","c4":"#07ad80"},"geometry":{"type":"Point","coordinates":[18.596204,50.084448]}},{"type":"Feature","properties":{"lines":"16, 45, 48, 51, 52","arr":["16","45","48","51","52"],"mode":"bus","angle":25.9,"extra":1,"ei":1,"l0":"16, ","c0":"#10a5d2","l1":"45, ","c1":"#03636c","l2":"48, ","c2":"#e47e2b","l3":"51, ","c3":"#6b5806","l4":"52","c4":"#07ad80"},"geometry":{"type":"Point","coordinates":[18.590877,50.086057]}},{"type":"Feature","properties":{"lines":"16, 42, 45, 46, 48, 52","arr":["16","42","45","46","48","52"],"mode":"bus","angle":26,"l0":"16, ","c0":"#10a5d2","l1":"42, ","c1":"#b11526","l2":"45, ","c2":"#03636c","l3":"46, ","c3":"#119efc","l4":"48, ","c4":"#e47e2b","l5":"52","c5":"#07ad80"},"geometry":{"type":"Point","coordinates":[18.583333,50.09018]}},{"type":"Feature","properties":{"lines":"16, 42, 45, 46, 48, 52","arr":["16","42","45","46","48","52"],"mode":"bus","angle":56.3,"extra":1,"ei":0,"l0":"16, ","c0":"#10a5d2","l1":"42, ","c1":"#b11526","l2":"45, ","c2":"#03636c","l3":"46, ","c3":"#119efc","l4":"48, ","c4":"#e47e2b","l5":"52","c5":"#07ad80"},"geometry":{"type":"Point","coordinates":[18.586107,50.088118]}},{"type":"Feature","properties":{"lines":"16, 42, 45, 46, 48, 52","arr":["16","42","45","46","48","52"],"mode":"bus","angle":10.5,"extra":1,"ei":1,"l0":"16, ","c0":"#10a5d2","l1":"42, ","c1":"#b11526","l2":"45, ","c2":"#03636c","l3":"46, ","c3":"#119efc","l4":"48, ","c4":"#e47e2b","l5":"52","c5":"#07ad80"},"geometry":{"type":"Point","coordinates":[18.579148,50.091257]}},{"type":"Feature","properties":{"lines":"16, 45, 46, 48, 52","arr":["16","45","46","48","52"],"mode":"bus","angle":-34.6,"l0":"16, ","c0":"#10a5d2","l1":"45, ","c1":"#03636c","l2":"46, ","c2":"#119efc","l3":"48, ","c3":"#e47e2b","l4":"52","c4":"#07ad80"},"geometry":{"type":"Point","coordinates":[18.576837,50.090873]}},{"type":"Feature","properties":{"lines":"16, 45, 46, 48, 52","arr":["16","45","46","48","52"],"mode":"bus","angle":37.8,"mi":1,"l0":"16, ","c0":"#10a5d2","l1":"45, ","c1":"#03636c","l2":"46, ","c2":"#119efc","l3":"48, ","c3":"#e47e2b","l4":"52","c4":"#07ad80"},"geometry":{"type":"Point","coordinates":[18.575304,50.090636]}},{"type":"Feature","properties":{"lines":"16, 45, 46, 48, 51, 52","arr":["16","45","46","48","51","52"],"mode":"bus","angle":17.2,"l0":"16, ","c0":"#10a5d2","l1":"45, ","c1":"#03636c","l2":"46, ","c2":"#119efc","l3":"48, ","c3":"#e47e2b","l4":"51, ","c4":"#6b5806","l5":"52","c5":"#07ad80"},"geometry":{"type":"Point","coordinates":[18.567753,50.093705]}},{"type":"Feature","properties":{"lines":"16, 45, 46, 48, 51, 52","arr":["16","45","46","48","51","52"],"mode":"bus","angle":40.6,"extra":1,"ei":0,"l0":"16, ","c0":"#10a5d2","l1":"45, ","c1":"#03636c","l2":"46, ","c2":"#119efc","l3":"48, ","c3":"#e47e2b","l4":"51, ","c4":"#6b5806","l5":"52","c5":"#07ad80"},"geometry":{"type":"Point","coordinates":[18.57387,50.091466]}},{"type":"Feature","properties":{"lines":"16, 45, 46, 48, 51, 52","arr":["16","45","46","48","51","52"],"mode":"bus","angle":30.9,"extra":1,"ei":1,"l0":"16, ","c0":"#10a5d2","l1":"45, ","c1":"#03636c","l2":"46, ","c2":"#119efc","l3":"48, ","c3":"#e47e2b","l4":"51, ","c4":"#6b5806","l5":"52","c5":"#07ad80"},"geometry":{"type":"Point","coordinates":[18.571587,50.092656]}},{"type":"Feature","properties":{"lines":"16, 45, 46, 48, 51, 52","arr":["16","45","46","48","51","52"],"mode":"bus","angle":20,"extra":1,"ei":2,"l0":"16, ","c0":"#10a5d2","l1":"45, ","c1":"#03636c","l2":"46, ","c2":"#119efc","l3":"48, ","c3":"#e47e2b","l4":"51, ","c4":"#6b5806","l5":"52","c5":"#07ad80"},"geometry":{"type":"Point","coordinates":[18.563329,50.094634]}},{"type":"Feature","properties":{"lines":"16, 45, 46, 48, 51, 52","arr":["16","45","46","48","51","52"],"mode":"bus","angle":37.3,"extra":1,"ei":3,"l0":"16, ","c0":"#10a5d2","l1":"45, ","c1":"#03636c","l2":"46, ","c2":"#119efc","l3":"48, ","c3":"#e47e2b","l4":"51, ","c4":"#6b5806","l5":"52","c5":"#07ad80"},"geometry":{"type":"Point","coordinates":[18.560816,50.095579]}},{"type":"Feature","properties":{"lines":"16, 45, 46, 48, 52, 300, 301, 302, 306","arr":["16","45","46","48","52","300","301","302","306"],"mode":"bus","angle":5.8,"l0":"16, ","c0":"#10a5d2","l1":"45, ","c1":"#03636c","l2":"46, ","c2":"#119efc","l3":"48, ","c3":"#e47e2b","l4":"52, ","c4":"#07ad80","l5":"300, ","c5":"#4d4aba","l6":"301, ","c6":"#b0045c","l7":"302, ","c7":"#999f01","l8":"306","c8":"#126804"},"geometry":{"type":"Point","coordinates":[18.558759,50.096097]}},{"type":"Feature","properties":{"lines":"16, 45, 46, 48, 51, 52, 300, 301, 302, 306","arr":["16","45","46","48","51","52","300","301","302","306"],"mode":"bus","angle":14,"l0":"16, ","c0":"#10a5d2","l1":"45, ","c1":"#03636c","l2":"46, ","c2":"#119efc","l3":"48, ","c3":"#e47e2b","l4":"51, ","c4":"#6b5806","l5":"52, ","c5":"#07ad80","l6":"300, ","c6":"#4d4aba","l7":"301, ","c7":"#b0045c","l8":"302, ","c8":"#999f01","l9":"306","c9":"#126804"},"geometry":{"type":"Point","coordinates":[18.555467,50.096582]}},{"type":"Feature","properties":{"lines":"16, 46A, 51","arr":["16","46A","51"],"mode":"bus","angle":21.5,"side":-1,"l0":"16, ","c0":"#10a5d2","l1":"46A, ","c1":"#4d4aba","l2":"51","c2":"#6b5806"},"geometry":{"type":"Point","coordinates":[18.544163,50.093646]}},{"type":"Feature","properties":{"lines":"17, 18, 19, 300, 301, 302, 306","arr":["17","18","19","300","301","302","306"],"mode":"bus","angle":-46.1,"l0":"17, ","c0":"#02af5a","l1":"18, ","c1":"#03636c","l2":"19, ","c2":"#a72d06","l3":"300, ","c3":"#4d4aba","l4":"301, ","c4":"#b0045c","l5":"302, ","c5":"#999f01","l6":"306","c6":"#126804"},"geometry":{"type":"Point","coordinates":[18.584249,50.110531]}},{"type":"Feature","properties":{"lines":"17, 18, 19, 300, 301, 302, 306","arr":["17","18","19","300","301","302","306"],"mode":"bus","angle":-36.8,"extra":1,"ei":0,"l0":"17, ","c0":"#02af5a","l1":"18, ","c1":"#03636c","l2":"19, ","c2":"#a72d06","l3":"300, ","c3":"#4d4aba","l4":"301, ","c4":"#b0045c","l5":"302, ","c5":"#999f01","l6":"306","c6":"#126804"},"geometry":{"type":"Point","coordinates":[18.573811,50.105498]}},{"type":"Feature","properties":{"lines":"17, 18, 19, 300, 301, 302, 306","arr":["17","18","19","300","301","302","306"],"mode":"bus","angle":-37.1,"extra":1,"ei":1,"l0":"17, ","c0":"#02af5a","l1":"18, ","c1":"#03636c","l2":"19, ","c2":"#a72d06","l3":"300, ","c3":"#4d4aba","l4":"301, ","c4":"#b0045c","l5":"302, ","c5":"#999f01","l6":"306","c6":"#126804"},"geometry":{"type":"Point","coordinates":[18.576163,50.106634]}},{"type":"Feature","properties":{"lines":"17, 18, 19, 300, 301, 302, 306","arr":["17","18","19","300","301","302","306"],"mode":"bus","angle":-32.7,"extra":1,"ei":2,"l0":"17, ","c0":"#02af5a","l1":"18, ","c1":"#03636c","l2":"19, ","c2":"#a72d06","l3":"300, ","c3":"#4d4aba","l4":"301, ","c4":"#b0045c","l5":"302, ","c5":"#999f01","l6":"306","c6":"#126804"},"geometry":{"type":"Point","coordinates":[18.578522,50.107764]}},{"type":"Feature","properties":{"lines":"17, 18, 19, 300, 301, 302, 306","arr":["17","18","19","300","301","302","306"],"mode":"bus","angle":-31.7,"extra":1,"ei":3,"l0":"17, ","c0":"#02af5a","l1":"18, ","c1":"#03636c","l2":"19, ","c2":"#a72d06","l3":"300, ","c3":"#4d4aba","l4":"301, ","c4":"#b0045c","l5":"302, ","c5":"#999f01","l6":"306","c6":"#126804"},"geometry":{"type":"Point","coordinates":[18.581181,50.108567]}},{"type":"Feature","properties":{"lines":"17, 18, 19, 300, 301, 302, 306","arr":["17","18","19","300","301","302","306"],"mode":"bus","angle":-47.7,"extra":1,"ei":4,"l0":"17, ","c0":"#02af5a","l1":"18, ","c1":"#03636c","l2":"19, ","c2":"#a72d06","l3":"300, ","c3":"#4d4aba","l4":"301, ","c4":"#b0045c","l5":"302, ","c5":"#999f01","l6":"306","c6":"#126804"},"geometry":{"type":"Point","coordinates":[18.587234,50.112679]}},{"type":"Feature","properties":{"lines":"17, 18, 19, 300, 301, 302, 306","arr":["17","18","19","300","301","302","306"],"mode":"bus","angle":-47.1,"extra":1,"ei":5,"l0":"17, ","c0":"#02af5a","l1":"18, ","c1":"#03636c","l2":"19, ","c2":"#a72d06","l3":"300, ","c3":"#4d4aba","l4":"301, ","c4":"#b0045c","l5":"302, ","c5":"#999f01","l6":"306","c6":"#126804"},"geometry":{"type":"Point","coordinates":[18.58923,50.114067]}},{"type":"Feature","properties":{"lines":"17, 18, 19, 300, 301, 302, 306","arr":["17","18","19","300","301","302","306"],"mode":"bus","angle":-47.4,"extra":1,"ei":6,"l0":"17, ","c0":"#02af5a","l1":"18, ","c1":"#03636c","l2":"19, ","c2":"#a72d06","l3":"300, ","c3":"#4d4aba","l4":"301, ","c4":"#b0045c","l5":"302, ","c5":"#999f01","l6":"306","c6":"#126804"},"geometry":{"type":"Point","coordinates":[18.591223,50.115457]}},{"type":"Feature","properties":{"lines":"17, 18, 19, 300, 301, 302, 306","arr":["17","18","19","300","301","302","306"],"mode":"bus","angle":-14.7,"extra":1,"ei":7,"l0":"17, ","c0":"#02af5a","l1":"18, ","c1":"#03636c","l2":"19, ","c2":"#a72d06","l3":"300, ","c3":"#4d4aba","l4":"301, ","c4":"#b0045c","l5":"302, ","c5":"#999f01","l6":"306","c6":"#126804"},"geometry":{"type":"Point","coordinates":[18.593526,50.116548]}},{"type":"Feature","properties":{"lines":"17, 18, 19","arr":["17","18","19"],"mode":"bus","angle":-68.7,"l0":"17, ","c0":"#02af5a","l1":"18, ","c1":"#03636c","l2":"19","c2":"#a72d06"},"geometry":{"type":"Point","coordinates":[18.593025,50.125534]}},{"type":"Feature","properties":{"lines":"17, 18, 19","arr":["17","18","19"],"mode":"bus","angle":-73.6,"extra":1,"ei":0,"l0":"17, ","c0":"#02af5a","l1":"18, ","c1":"#03636c","l2":"19","c2":"#a72d06"},"geometry":{"type":"Point","coordinates":[18.596806,50.133764]}},{"type":"Feature","properties":{"lines":"17, 18, 19","arr":["17","18","19"],"mode":"bus","angle":-73.5,"extra":1,"ei":1,"l0":"17, ","c0":"#02af5a","l1":"18, ","c1":"#03636c","l2":"19","c2":"#a72d06"},"geometry":{"type":"Point","coordinates":[18.595977,50.131952]}},{"type":"Feature","properties":{"lines":"17, 18, 19","arr":["17","18","19"],"mode":"bus","angle":-73.5,"extra":1,"ei":2,"l0":"17, ","c0":"#02af5a","l1":"18, ","c1":"#03636c","l2":"19","c2":"#a72d06"},"geometry":{"type":"Point","coordinates":[18.595141,50.130141]}},{"type":"Feature","properties":{"lines":"17, 18, 19","arr":["17","18","19"],"mode":"bus","angle":-73.6,"extra":1,"ei":3,"l0":"17, ","c0":"#02af5a","l1":"18, ","c1":"#03636c","l2":"19","c2":"#a72d06"},"geometry":{"type":"Point","coordinates":[18.594309,50.12833]}},{"type":"Feature","properties":{"lines":"17, 18, 19","arr":["17","18","19"],"mode":"bus","angle":83.8,"extra":1,"ei":4,"l0":"17, ","c0":"#02af5a","l1":"18, ","c1":"#03636c","l2":"19","c2":"#a72d06"},"geometry":{"type":"Point","coordinates":[18.591302,50.123149]}},{"type":"Feature","properties":{"lines":"17, 18, 19","arr":["17","18","19"],"mode":"bus","angle":83.5,"extra":1,"ei":5,"l0":"17, ","c0":"#02af5a","l1":"18, ","c1":"#03636c","l2":"19","c2":"#a72d06"},"geometry":{"type":"Point","coordinates":[18.591631,50.121272]}},{"type":"Feature","properties":{"lines":"17, 18, 19","arr":["17","18","19"],"mode":"bus","angle":77.9,"extra":1,"ei":6,"l0":"17, ","c0":"#02af5a","l1":"18, ","c1":"#03636c","l2":"19","c2":"#a72d06"},"geometry":{"type":"Point","coordinates":[18.591976,50.119397]}},{"type":"Feature","properties":{"lines":"17, 18, 19","arr":["17","18","19"],"mode":"bus","angle":51.4,"extra":1,"ei":7,"l0":"17, ","c0":"#02af5a","l1":"18, ","c1":"#03636c","l2":"19","c2":"#a72d06"},"geometry":{"type":"Point","coordinates":[18.593455,50.117787]}},{"type":"Feature","properties":{"lines":"17","arr":["17"],"mode":"bus","angle":-37.4,"mi":4,"l0":"17","c0":"#02af5a"},"geometry":{"type":"Point","coordinates":[18.606698,50.138392]}},{"type":"Feature","properties":{"lines":"17","arr":["17"],"mode":"bus","angle":-30.3,"extra":1,"ei":0,"l0":"17","c0":"#02af5a"},"geometry":{"type":"Point","coordinates":[18.598511,50.135109]}},{"type":"Feature","properties":{"lines":"17","arr":["17"],"mode":"bus","angle":-30.4,"extra":1,"ei":1,"l0":"17","c0":"#02af5a"},"geometry":{"type":"Point","coordinates":[18.601051,50.136064]}},{"type":"Feature","properties":{"lines":"17","arr":["17"],"mode":"bus","angle":-30.4,"extra":1,"ei":2,"l0":"17","c0":"#02af5a"},"geometry":{"type":"Point","coordinates":[18.603615,50.136991]}},{"type":"Feature","properties":{"lines":"17","arr":["17"],"mode":"bus","angle":-43.6,"extra":1,"ei":3,"l0":"17","c0":"#02af5a"},"geometry":{"type":"Point","coordinates":[18.608297,50.139271]}},{"type":"Feature","properties":{"lines":"17","arr":["17"],"mode":"bus","angle":-35.8,"extra":1,"ei":4,"l0":"17","c0":"#02af5a"},"geometry":{"type":"Point","coordinates":[18.610581,50.140458]}},{"type":"Feature","properties":{"lines":"17","arr":["17"],"mode":"bus","angle":-39.5,"extra":1,"ei":5,"l0":"17","c0":"#02af5a"},"geometry":{"type":"Point","coordinates":[18.612909,50.141614]}},{"type":"Feature","properties":{"lines":"17","arr":["17"],"mode":"bus","angle":-31,"extra":1,"ei":6,"l0":"17","c0":"#02af5a"},"geometry":{"type":"Point","coordinates":[18.615233,50.142766]}},{"type":"Feature","properties":{"lines":"17","arr":["17"],"mode":"bus","angle":58.7,"mi":1,"l0":"17","c0":"#02af5a"},"geometry":{"type":"Point","coordinates":[18.609741,50.138318]}},{"type":"Feature","properties":{"lines":"17","arr":["17"],"mode":"bus","angle":-20.9,"l0":"17","c0":"#02af5a"},"geometry":{"type":"Point","coordinates":[18.615095,50.139075]}},{"type":"Feature","properties":{"lines":"17","arr":["17"],"mode":"bus","angle":-42.3,"extra":1,"ei":0,"l0":"17","c0":"#02af5a"},"geometry":{"type":"Point","coordinates":[18.611926,50.137789]}},{"type":"Feature","properties":{"lines":"17","arr":["17"],"mode":"bus","angle":-46.2,"extra":1,"ei":1,"l0":"17","c0":"#02af5a"},"geometry":{"type":"Point","coordinates":[18.616464,50.139936]}},{"type":"Feature","properties":{"lines":"17","arr":["17"],"mode":"bus","angle":72.7,"extra":1,"ei":2,"l0":"17","c0":"#02af5a"},"geometry":{"type":"Point","coordinates":[18.617763,50.141553]}},{"type":"Feature","properties":{"lines":"17","arr":["17"],"mode":"bus","angle":-44.4,"mi":2,"l0":"17","c0":"#02af5a"},"geometry":{"type":"Point","coordinates":[18.618106,50.142083]}},{"type":"Feature","properties":{"lines":"17","arr":["17"],"mode":"bus","angle":24.4,"mi":3,"l0":"17","c0":"#02af5a"},"geometry":{"type":"Point","coordinates":[18.619974,50.142449]}},{"type":"Feature","properties":{"lines":"17, 301, 304, 309","arr":["17","301","304","309"],"mode":"bus","angle":2.1,"mi":2,"l0":"17, ","c0":"#02af5a","l1":"301, ","c1":"#b0045c","l2":"304, ","c2":"#03636c","l3":"309","c3":"#f57145"},"geometry":{"type":"Point","coordinates":[18.627197,50.143131]}},{"type":"Feature","properties":{"lines":"17, 301, 304, 309","arr":["17","301","304","309"],"mode":"bus","angle":14,"mi":4,"l0":"17, ","c0":"#02af5a","l1":"301, ","c1":"#b0045c","l2":"304, ","c2":"#03636c","l3":"309","c3":"#f57145"},"geometry":{"type":"Point","coordinates":[18.636857,50.141537]}},{"type":"Feature","properties":{"lines":"17, 301, 304, 309","arr":["17","301","304","309"],"mode":"bus","angle":-14.8,"extra":1,"ei":0,"l0":"17, ","c0":"#02af5a","l1":"301, ","c1":"#b0045c","l2":"304, ","c2":"#03636c","l3":"309","c3":"#f57145"},"geometry":{"type":"Point","coordinates":[18.622184,50.142222]}},{"type":"Feature","properties":{"lines":"17, 301, 304, 309","arr":["17","301","304","309"],"mode":"bus","angle":-24,"extra":1,"ei":1,"l0":"17, ","c0":"#02af5a","l1":"301, ","c1":"#b0045c","l2":"304, ","c2":"#03636c","l3":"309","c3":"#f57145"},"geometry":{"type":"Point","coordinates":[18.62497,50.142826]}},{"type":"Feature","properties":{"lines":"17, 301, 304, 309","arr":["17","301","304","309"],"mode":"bus","angle":2,"extra":1,"ei":2,"l0":"17, ","c0":"#02af5a","l1":"301, ","c1":"#b0045c","l2":"304, ","c2":"#03636c","l3":"309","c3":"#f57145"},"geometry":{"type":"Point","coordinates":[18.630756,50.143054]}},{"type":"Feature","properties":{"lines":"17, 301, 304, 309","arr":["17","301","304","309"],"mode":"bus","angle":38.6,"extra":1,"ei":3,"l0":"17, ","c0":"#02af5a","l1":"301, ","c1":"#b0045c","l2":"304, ","c2":"#03636c","l3":"309","c3":"#f57145"},"geometry":{"type":"Point","coordinates":[18.63339,50.142339]}},{"type":"Feature","properties":{"lines":"301, 304, 309","arr":["301","304","309"],"mode":"bus","angle":66.3,"l0":"301, ","c0":"#b0045c","l1":"304, ","c1":"#03636c","l2":"309","c2":"#f57145"},"geometry":{"type":"Point","coordinates":[18.642812,50.135804]}},{"type":"Feature","properties":{"lines":"301, 304, 309","arr":["301","304","309"],"mode":"bus","angle":56.7,"extra":1,"ei":0,"l0":"301, ","c0":"#b0045c","l1":"304, ","c1":"#03636c","l2":"309","c2":"#f57145"},"geometry":{"type":"Point","coordinates":[18.639764,50.139233]}},{"type":"Feature","properties":{"lines":"301, 304, 309","arr":["301","304","309"],"mode":"bus","angle":61.8,"extra":1,"ei":1,"l0":"301, ","c0":"#b0045c","l1":"304, ","c1":"#03636c","l2":"309","c2":"#f57145"},"geometry":{"type":"Point","coordinates":[18.641334,50.137636]}},{"type":"Feature","properties":{"lines":"301, 304, 309","arr":["301","304","309"],"mode":"bus","angle":69.6,"extra":1,"ei":2,"l0":"301, ","c0":"#b0045c","l1":"304, ","c1":"#03636c","l2":"309","c2":"#f57145"},"geometry":{"type":"Point","coordinates":[18.64378,50.134207]}},{"type":"Feature","properties":{"lines":"301, 304, 309","arr":["301","304","309"],"mode":"bus","angle":58.4,"extra":1,"ei":3,"l0":"301, ","c0":"#b0045c","l1":"304, ","c1":"#03636c","l2":"309","c2":"#f57145"},"geometry":{"type":"Point","coordinates":[18.644972,50.132487]}},{"type":"Feature","properties":{"lines":"17, 301, 304, 309","arr":["17","301","304","309"],"mode":"bus","angle":-21,"l0":"17, ","c0":"#02af5a","l1":"301, ","c1":"#b0045c","l2":"304, ","c2":"#03636c","l3":"309","c3":"#f57145"},"geometry":{"type":"Point","coordinates":[18.629812,50.141285]}},{"type":"Feature","properties":{"lines":"17, 301, 304, 309","arr":["17","301","304","309"],"mode":"bus","angle":-20.7,"extra":1,"ei":0,"l0":"17, ","c0":"#02af5a","l1":"301, ","c1":"#b0045c","l2":"304, ","c2":"#03636c","l3":"309","c3":"#f57145"},"geometry":{"type":"Point","coordinates":[18.632214,50.141871]}},{"type":"Feature","properties":{"lines":"17, 301, 304, 309","arr":["17","301","304","309"],"mode":"bus","angle":-20.7,"extra":1,"ei":1,"l0":"17, ","c0":"#02af5a","l1":"301, ","c1":"#b0045c","l2":"304, ","c2":"#03636c","l3":"309","c3":"#f57145"},"geometry":{"type":"Point","coordinates":[18.626706,50.140536]}},{"type":"Feature","properties":{"lines":"17, 301, 304, 309","arr":["17","301","304","309"],"mode":"bus","angle":56.5,"mi":1,"l0":"17, ","c0":"#02af5a","l1":"301, ","c1":"#b0045c","l2":"304, ","c2":"#03636c","l3":"309","c3":"#f57145"},"geometry":{"type":"Point","coordinates":[18.625871,50.140524]}},{"type":"Feature","properties":{"lines":"17, 301, 304, 309","arr":["17","301","304","309"],"mode":"bus","angle":-12.7,"mi":3,"l0":"17, ","c0":"#02af5a","l1":"301, ","c1":"#b0045c","l2":"304, ","c2":"#03636c","l3":"309","c3":"#f57145"},"geometry":{"type":"Point","coordinates":[18.623813,50.140241]}},{"type":"Feature","properties":{"lines":"17, 303","arr":["17","303"],"mode":"bus","angle":40.7,"l0":"17, ","c0":"#02af5a","l1":"303","c1":"#e16cd6"},"geometry":{"type":"Point","coordinates":[18.616139,50.142365]}},{"type":"Feature","properties":{"lines":"303","arr":["303"],"mode":"bus","angle":47.1,"l0":"303","c0":"#e16cd6"},"geometry":{"type":"Point","coordinates":[18.614158,50.143693]}},{"type":"Feature","properties":{"lines":"17, 18, 19, 46","arr":["17","18","19","46"],"mode":"bus","angle":15.5,"l0":"17, ","c0":"#02af5a","l1":"18, ","c1":"#03636c","l2":"19, ","c2":"#a72d06","l3":"46","c3":"#119efc"},"geometry":{"type":"Point","coordinates":[18.552816,50.099145]}},{"type":"Feature","properties":{"lines":"18, 19","arr":["18","19"],"mode":"bus","angle":-46.7,"mi":1,"l0":"18, ","c0":"#03636c","l1":"19","c1":"#a72d06"},"geometry":{"type":"Point","coordinates":[18.599309,50.136809]}},{"type":"Feature","properties":{"lines":"18, 19","arr":["18","19"],"mode":"bus","angle":-64.2,"extra":1,"ei":0,"l0":"18, ","c0":"#03636c","l1":"19","c1":"#a72d06"},"geometry":{"type":"Point","coordinates":[18.597672,50.135568]}},{"type":"Feature","properties":{"lines":"18, 19","arr":["18","19"],"mode":"bus","angle":-62.1,"extra":1,"ei":1,"l0":"18, ","c0":"#03636c","l1":"19","c1":"#a72d06"},"geometry":{"type":"Point","coordinates":[18.601426,50.138458]}},{"type":"Feature","properties":{"lines":"18, 19","arr":["18","19"],"mode":"bus","angle":-30.5,"l0":"18, ","c0":"#03636c","l1":"19","c1":"#a72d06"},"geometry":{"type":"Point","coordinates":[18.607899,50.141732]}},{"type":"Feature","properties":{"lines":"18, 19","arr":["18","19"],"mode":"bus","angle":-45.5,"extra":1,"ei":0,"l0":"18, ","c0":"#03636c","l1":"19","c1":"#a72d06"},"geometry":{"type":"Point","coordinates":[18.611618,50.143884]}},{"type":"Feature","properties":{"lines":"18, 19","arr":["18","19"],"mode":"bus","angle":-38.6,"extra":1,"ei":1,"l0":"18, ","c0":"#03636c","l1":"19","c1":"#a72d06"},"geometry":{"type":"Point","coordinates":[18.609531,50.142554]}},{"type":"Feature","properties":{"lines":"18, 19","arr":["18","19"],"mode":"bus","angle":-42.8,"extra":1,"ei":2,"l0":"18, ","c0":"#03636c","l1":"19","c1":"#a72d06"},"geometry":{"type":"Point","coordinates":[18.604726,50.140495]}},{"type":"Feature","properties":{"lines":"18, 19, 303","arr":["18","19","303"],"mode":"bus","angle":46,"l0":"18, ","c0":"#03636c","l1":"19, ","c1":"#a72d06","l2":"303","c2":"#e16cd6"},"geometry":{"type":"Point","coordinates":[18.605035,50.149029]}},{"type":"Feature","properties":{"lines":"18, 19, 303","arr":["18","19","303"],"mode":"bus","angle":40.2,"extra":1,"ei":0,"l0":"18, ","c0":"#03636c","l1":"19, ","c1":"#a72d06","l2":"303","c2":"#e16cd6"},"geometry":{"type":"Point","coordinates":[18.611776,50.145415]}},{"type":"Feature","properties":{"lines":"18, 19, 303","arr":["18","19","303"],"mode":"bus","angle":33.6,"extra":1,"ei":1,"l0":"18, ","c0":"#03636c","l1":"19, ","c1":"#a72d06","l2":"303","c2":"#e16cd6"},"geometry":{"type":"Point","coordinates":[18.609329,50.146464]}},{"type":"Feature","properties":{"lines":"18, 19, 303","arr":["18","19","303"],"mode":"bus","angle":61.3,"extra":1,"ei":2,"l0":"18, ","c0":"#03636c","l1":"19, ","c1":"#a72d06","l2":"303","c2":"#e16cd6"},"geometry":{"type":"Point","coordinates":[18.607859,50.147988]}},{"type":"Feature","properties":{"lines":"18, 19, 303","arr":["18","19","303"],"mode":"bus","angle":74.3,"extra":1,"ei":3,"l0":"18, ","c0":"#03636c","l1":"19, ","c1":"#a72d06","l2":"303","c2":"#e16cd6"},"geometry":{"type":"Point","coordinates":[18.604214,50.150558]}},{"type":"Feature","properties":{"lines":"18, 19, 303","arr":["18","19","303"],"mode":"bus","angle":32.7,"extra":1,"ei":4,"l0":"18, ","c0":"#03636c","l1":"19, ","c1":"#a72d06","l2":"303","c2":"#e16cd6"},"geometry":{"type":"Point","coordinates":[18.603062,50.152228]}},{"type":"Feature","properties":{"lines":"18, 19, 303","arr":["18","19","303"],"mode":"bus","angle":28.8,"extra":1,"ei":5,"l0":"18, ","c0":"#03636c","l1":"19, ","c1":"#a72d06","l2":"303","c2":"#e16cd6"},"geometry":{"type":"Point","coordinates":[18.600428,50.153055]}},{"type":"Feature","properties":{"lines":"18, 19","arr":["18","19"],"mode":"bus","angle":74.7,"mi":2,"l0":"18, ","c0":"#03636c","l1":"19","c1":"#a72d06"},"geometry":{"type":"Point","coordinates":[18.598149,50.146572]}},{"type":"Feature","properties":{"lines":"18, 19","arr":["18","19"],"mode":"bus","angle":-73.3,"extra":1,"ei":0,"l0":"18, ","c0":"#03636c","l1":"19","c1":"#a72d06"},"geometry":{"type":"Point","coordinates":[18.598087,50.152887]}},{"type":"Feature","properties":{"lines":"18, 19","arr":["18","19"],"mode":"bus","angle":-76,"extra":1,"ei":1,"l0":"18, ","c0":"#03636c","l1":"19","c1":"#a72d06"},"geometry":{"type":"Point","coordinates":[18.597321,50.151064]}},{"type":"Feature","properties":{"lines":"18, 19","arr":["18","19"],"mode":"bus","angle":74.9,"extra":1,"ei":2,"l0":"18, ","c0":"#03636c","l1":"19","c1":"#a72d06"},"geometry":{"type":"Point","coordinates":[18.597012,50.149221]}},{"type":"Feature","properties":{"lines":"18, 19","arr":["18","19"],"mode":"bus","angle":74.5,"extra":1,"ei":3,"l0":"18, ","c0":"#03636c","l1":"19","c1":"#a72d06"},"geometry":{"type":"Point","coordinates":[18.599356,50.143758]}},{"type":"Feature","properties":{"lines":"18, 19","arr":["18","19"],"mode":"bus","angle":74.2,"extra":1,"ei":4,"l0":"18, ","c0":"#03636c","l1":"19","c1":"#a72d06"},"geometry":{"type":"Point","coordinates":[18.600138,50.141938]}},{"type":"Feature","properties":{"lines":"18, 19","arr":["18","19"],"mode":"bus","angle":61.1,"extra":1,"ei":5,"l0":"18, ","c0":"#03636c","l1":"19","c1":"#a72d06"},"geometry":{"type":"Point","coordinates":[18.601035,50.140145]}},{"type":"Feature","properties":{"lines":"22","arr":["22"],"mode":"bus","angle":8,"l0":"22","c0":"#0357b2"},"geometry":{"type":"Point","coordinates":[18.511539,50.050782]}},{"type":"Feature","properties":{"lines":"22","arr":["22"],"mode":"bus","angle":-49.6,"extra":1,"ei":0,"l0":"22","c0":"#0357b2"},"geometry":{"type":"Point","coordinates":[18.516929,50.052583]}},{"type":"Feature","properties":{"lines":"22","arr":["22"],"mode":"bus","angle":-42.1,"extra":1,"ei":1,"l0":"22","c0":"#0357b2"},"geometry":{"type":"Point","coordinates":[18.514908,50.051213]}},{"type":"Feature","properties":{"lines":"22","arr":["22"],"mode":"bus","angle":29.1,"extra":1,"ei":2,"l0":"22","c0":"#0357b2"},"geometry":{"type":"Point","coordinates":[18.509303,50.051151]}},{"type":"Feature","properties":{"lines":"22","arr":["22"],"mode":"bus","angle":-82.4,"extra":1,"ei":3,"l0":"22","c0":"#0357b2"},"geometry":{"type":"Point","coordinates":[18.507894,50.052686]}},{"type":"Feature","properties":{"lines":"23","arr":["23"],"mode":"bus","angle":48.7,"l0":"23","c0":"#19a9a8"},"geometry":{"type":"Point","coordinates":[18.50984,50.056632]}},{"type":"Feature","properties":{"lines":"23","arr":["23"],"mode":"bus","angle":81.5,"l0":"23","c0":"#19a9a8"},"geometry":{"type":"Point","coordinates":[18.44125,50.082221]}},{"type":"Feature","properties":{"lines":"23","arr":["23"],"mode":"bus","angle":-74.5,"extra":1,"ei":0,"l0":"23","c0":"#19a9a8"},"geometry":{"type":"Point","coordinates":[18.441366,50.084515]}},{"type":"Feature","properties":{"lines":"23","arr":["23"],"mode":"bus","angle":76.4,"extra":1,"ei":1,"l0":"23","c0":"#19a9a8"},"geometry":{"type":"Point","coordinates":[18.441596,50.0808]}},{"type":"Feature","properties":{"lines":"23, 204, W59","arr":["23","204","W59"],"mode":"bus","angle":-49.1,"l0":"23, ","c0":"#19a9a8","l1":"204, ","c1":"#992492","l2":"W59","c2":"#b20b42"},"geometry":{"type":"Point","coordinates":[18.427349,50.066464]}},{"type":"Feature","properties":{"lines":"23, 204","arr":["23","204"],"mode":"bus","angle":-24.2,"l0":"23, ","c0":"#19a9a8","l1":"204","c1":"#992492"},"geometry":{"type":"Point","coordinates":[18.429473,50.067194]}},{"type":"Feature","properties":{"lines":"23","arr":["23"],"mode":"bus","angle":-81.4,"mi":1,"l0":"23","c0":"#19a9a8"},"geometry":{"type":"Point","coordinates":[18.550098,50.100067]}},{"type":"Feature","properties":{"lines":"23","arr":["23"],"mode":"bus","angle":8,"l0":"23","c0":"#19a9a8"},"geometry":{"type":"Point","coordinates":[18.549689,50.100612]}},{"type":"Feature","properties":{"lines":"23","arr":["23"],"mode":"bus","angle":23.4,"mi":2,"l0":"23","c0":"#19a9a8"},"geometry":{"type":"Point","coordinates":[18.546828,50.102001]}},{"type":"Feature","properties":{"lines":"24","arr":["24"],"mode":"bus","angle":-36.2,"l0":"24","c0":"#a72d06"},"geometry":{"type":"Point","coordinates":[18.549425,50.088864]}},{"type":"Feature","properties":{"lines":"24","arr":["24"],"mode":"bus","angle":-34.7,"mi":1,"l0":"24","c0":"#a72d06"},"geometry":{"type":"Point","coordinates":[18.55018,50.088512]}},{"type":"Feature","properties":{"lines":"24","arr":["24"],"mode":"bus","angle":-15.5,"extra":1,"ei":0,"l0":"24","c0":"#a72d06"},"geometry":{"type":"Point","coordinates":[18.548024,50.087729]}},{"type":"Feature","properties":{"lines":"24","arr":["24"],"mode":"bus","angle":-35.5,"extra":1,"ei":1,"l0":"24","c0":"#a72d06"},"geometry":{"type":"Point","coordinates":[18.552966,50.08975]}},{"type":"Feature","properties":{"lines":"24, 34, 41, 43","arr":["24","34","41","43"],"mode":"bus","angle":-31.1,"mi":2,"l0":"24, ","c0":"#a72d06","l1":"34, ","c1":"#446303","l2":"41, ","c2":"#11a2e3","l3":"43","c3":"#ff627e"},"geometry":{"type":"Point","coordinates":[18.543646,50.098172]}},{"type":"Feature","properties":{"lines":"24, 34, 41, 43","arr":["24","34","41","43"],"mode":"bus","angle":24.4,"l0":"24, ","c0":"#a72d06","l1":"34, ","c1":"#446303","l2":"41, ","c2":"#11a2e3","l3":"43","c3":"#ff627e"},"geometry":{"type":"Point","coordinates":[18.542778,50.097899]}},{"type":"Feature","properties":{"lines":"24, 34, 41, 43","arr":["24","34","41","43"],"mode":"bus","angle":-61.5,"mi":1,"l0":"24, ","c0":"#a72d06","l1":"34, ","c1":"#446303","l2":"41, ","c2":"#11a2e3","l3":"43","c3":"#ff627e"},"geometry":{"type":"Point","coordinates":[18.541862,50.097563]}},{"type":"Feature","properties":{"lines":"24","arr":["24"],"mode":"bus","angle":-84.9,"mi":5,"l0":"24","c0":"#a72d06"},"geometry":{"type":"Point","coordinates":[18.519009,50.114346]}},{"type":"Feature","properties":{"lines":"24","arr":["24"],"mode":"bus","angle":-29.6,"l0":"24","c0":"#a72d06"},"geometry":{"type":"Point","coordinates":[18.509133,50.111289]}},{"type":"Feature","properties":{"lines":"24","arr":["24"],"mode":"bus","angle":-11.3,"mi":3,"l0":"24","c0":"#a72d06"},"geometry":{"type":"Point","coordinates":[18.516941,50.113241]}},{"type":"Feature","properties":{"lines":"24","arr":["24"],"mode":"bus","angle":-21.3,"mi":2,"l0":"24","c0":"#a72d06"},"geometry":{"type":"Point","coordinates":[18.513034,50.112526]}},{"type":"Feature","properties":{"lines":"24","arr":["24"],"mode":"bus","angle":-7.4,"extra":1,"ei":0,"l0":"24","c0":"#a72d06"},"geometry":{"type":"Point","coordinates":[18.507321,50.110747]}},{"type":"Feature","properties":{"lines":"24","arr":["24"],"mode":"bus","angle":-41.3,"mi":1,"l0":"24","c0":"#a72d06"},"geometry":{"type":"Point","coordinates":[18.504198,50.10901]}},{"type":"Feature","properties":{"lines":"24","arr":["24"],"mode":"bus","angle":-54.4,"extra":1,"ei":0,"l0":"24","c0":"#a72d06"},"geometry":{"type":"Point","coordinates":[18.505862,50.110114]}},{"type":"Feature","properties":{"lines":"24","arr":["24"],"mode":"bus","angle":-54.7,"extra":1,"ei":1,"l0":"24","c0":"#a72d06"},"geometry":{"type":"Point","coordinates":[18.501665,50.107485]}},{"type":"Feature","properties":{"lines":"24","arr":["24"],"mode":"bus","angle":-19.6,"mi":4,"l0":"24","c0":"#a72d06"},"geometry":{"type":"Point","coordinates":[18.497411,50.106359]}},{"type":"Feature","properties":{"lines":"24","arr":["24"],"mode":"bus","angle":-19.8,"extra":1,"ei":0,"l0":"24","c0":"#a72d06"},"geometry":{"type":"Point","coordinates":[18.500052,50.106985]}},{"type":"Feature","properties":{"lines":"24","arr":["24"],"mode":"bus","angle":30.1,"extra":1,"ei":1,"l0":"24","c0":"#a72d06"},"geometry":{"type":"Point","coordinates":[18.494537,50.105943]}},{"type":"Feature","properties":{"lines":"24","arr":["24"],"mode":"bus","angle":-87.5,"mi":6,"l0":"24","c0":"#a72d06"},"geometry":{"type":"Point","coordinates":[18.493293,50.103807]}},{"type":"Feature","properties":{"lines":"24","arr":["24"],"mode":"bus","angle":-87.2,"extra":1,"ei":0,"l0":"24","c0":"#a72d06"},"geometry":{"type":"Point","coordinates":[18.493418,50.105392]}},{"type":"Feature","properties":{"lines":"24","arr":["24"],"mode":"bus","angle":-86.1,"extra":1,"ei":1,"l0":"24","c0":"#a72d06"},"geometry":{"type":"Point","coordinates":[18.493078,50.101621]}},{"type":"Feature","properties":{"lines":"24","arr":["24"],"mode":"bus","angle":-89.1,"l0":"24","c0":"#a72d06"},"geometry":{"type":"Point","coordinates":[18.4995,50.093702]}},{"type":"Feature","properties":{"lines":"24","arr":["24"],"mode":"bus","angle":89.8,"extra":1,"ei":0,"l0":"24","c0":"#a72d06"},"geometry":{"type":"Point","coordinates":[18.499913,50.088538]}},{"type":"Feature","properties":{"lines":"24","arr":["24"],"mode":"bus","angle":89.6,"extra":1,"ei":1,"l0":"24","c0":"#a72d06"},"geometry":{"type":"Point","coordinates":[18.500036,50.090424]}},{"type":"Feature","properties":{"lines":"24","arr":["24"],"mode":"bus","angle":84.2,"extra":1,"ei":2,"l0":"24","c0":"#a72d06"},"geometry":{"type":"Point","coordinates":[18.499535,50.092278]}},{"type":"Feature","properties":{"lines":"24","arr":["24"],"mode":"bus","angle":-72.7,"extra":1,"ei":3,"l0":"24","c0":"#a72d06"},"geometry":{"type":"Point","coordinates":[18.499851,50.096026]}},{"type":"Feature","properties":{"lines":"24","arr":["24"],"mode":"bus","angle":-81.3,"extra":1,"ei":4,"l0":"24","c0":"#a72d06"},"geometry":{"type":"Point","coordinates":[18.50049,50.09786]}},{"type":"Feature","properties":{"lines":"24","arr":["24"],"mode":"bus","angle":-80.9,"extra":1,"ei":5,"l0":"24","c0":"#a72d06"},"geometry":{"type":"Point","coordinates":[18.500945,50.099726]}},{"type":"Feature","properties":{"lines":"24","arr":["24"],"mode":"bus","angle":63,"l0":"24","c0":"#a72d06"},"geometry":{"type":"Point","coordinates":[18.486668,50.078726]}},{"type":"Feature","properties":{"lines":"24","arr":["24"],"mode":"bus","angle":63.8,"mi":1,"l0":"24","c0":"#a72d06"},"geometry":{"type":"Point","coordinates":[18.489008,50.07423]}},{"type":"Feature","properties":{"lines":"24","arr":["24"],"mode":"bus","angle":77,"extra":1,"ei":0,"l0":"24","c0":"#a72d06"},"geometry":{"type":"Point","coordinates":[18.485636,50.080694]}},{"type":"Feature","properties":{"lines":"24","arr":["24"],"mode":"bus","angle":76.3,"extra":1,"ei":1,"l0":"24","c0":"#a72d06"},"geometry":{"type":"Point","coordinates":[18.48761,50.077154]}},{"type":"Feature","properties":{"lines":"24","arr":["24"],"mode":"bus","angle":76.8,"extra":1,"ei":0,"l0":"24","c0":"#a72d06"},"geometry":{"type":"Point","coordinates":[18.488289,50.075484]}},{"type":"Feature","properties":{"lines":"24","arr":["24"],"mode":"bus","angle":-6.8,"l0":"24","c0":"#a72d06"},"geometry":{"type":"Point","coordinates":[18.464046,50.060854]}},{"type":"Feature","properties":{"lines":"26, 34, 49, N6","arr":["26","34","49","N6"],"mode":"bus","angle":-33.7,"l0":"26, ","c0":"#b59607","l1":"34, ","c1":"#446303","l2":"49, ","c2":"#ff5e9b","l3":"N6","c3":"#9789ff"},"geometry":{"type":"Point","coordinates":[18.527319,50.13384]}},{"type":"Feature","properties":{"lines":"26, 49, N6","arr":["26","49","N6"],"mode":"bus","angle":26.9,"mi":2,"l0":"26, ","c0":"#b59607","l1":"49, ","c1":"#ff5e9b","l2":"N6","c2":"#9789ff"},"geometry":{"type":"Point","coordinates":[18.526936,50.12372]}},{"type":"Feature","properties":{"lines":"26, 49, N6","arr":["26","49","N6"],"mode":"bus","angle":26.4,"extra":1,"ei":0,"l0":"26, ","c0":"#b59607","l1":"49, ","c1":"#ff5e9b","l2":"N6","c2":"#9789ff"},"geometry":{"type":"Point","coordinates":[18.524975,50.124332]}},{"type":"Feature","properties":{"lines":"26, 49, N6","arr":["26","49","N6"],"mode":"bus","angle":40.1,"mi":1,"l0":"26, ","c0":"#b59607","l1":"49, ","c1":"#ff5e9b","l2":"N6","c2":"#9789ff"},"geometry":{"type":"Point","coordinates":[18.532498,50.121445]}},{"type":"Feature","properties":{"lines":"26, 49, N6","arr":["26","49","N6"],"mode":"bus","angle":13.5,"extra":1,"ei":0,"l0":"26, ","c0":"#b59607","l1":"49, ","c1":"#ff5e9b","l2":"N6","c2":"#9789ff"},"geometry":{"type":"Point","coordinates":[18.53084,50.12197]}},{"type":"Feature","properties":{"lines":"26, 49, N6","arr":["26","49","N6"],"mode":"bus","angle":18.3,"l0":"26, ","c0":"#b59607","l1":"49, ","c1":"#ff5e9b","l2":"N6","c2":"#9789ff"},"geometry":{"type":"Point","coordinates":[18.539351,50.118947]}},{"type":"Feature","properties":{"lines":"26, 49, N6","arr":["26","49","N6"],"mode":"bus","angle":18.5,"mi":3,"l0":"26, ","c0":"#b59607","l1":"49, ","c1":"#ff5e9b","l2":"N6","c2":"#9789ff"},"geometry":{"type":"Point","coordinates":[18.546761,50.117366]}},{"type":"Feature","properties":{"lines":"26, 49, N6","arr":["26","49","N6"],"mode":"bus","angle":18.4,"extra":1,"ei":0,"l0":"26, ","c0":"#b59607","l1":"49, ","c1":"#ff5e9b","l2":"N6","c2":"#9789ff"},"geometry":{"type":"Point","coordinates":[18.53615,50.119629]}},{"type":"Feature","properties":{"lines":"26, 49, N6","arr":["26","49","N6"],"mode":"bus","angle":18.5,"extra":1,"ei":1,"l0":"26, ","c0":"#b59607","l1":"49, ","c1":"#ff5e9b","l2":"N6","c2":"#9789ff"},"geometry":{"type":"Point","coordinates":[18.541738,50.118439]}},{"type":"Feature","properties":{"lines":"26, 49, N6","arr":["26","49","N6"],"mode":"bus","angle":19,"extra":1,"ei":0,"l0":"26, ","c0":"#b59607","l1":"49, ","c1":"#ff5e9b","l2":"N6","c2":"#9789ff"},"geometry":{"type":"Point","coordinates":[18.544425,50.117936]}},{"type":"Feature","properties":{"lines":"26, 28, 29, 36, 46","arr":["26","28","29","36","46"],"mode":"bus","angle":12.4,"l0":"26, ","c0":"#b59607","l1":"28, ","c1":"#fe6761","l2":"29, ","c2":"#126804","l3":"36, ","c3":"#19a9a8","l4":"46","c4":"#119efc"},"geometry":{"type":"Point","coordinates":[18.522312,50.097066]}},{"type":"Feature","properties":{"lines":"26, 28, 29, 36, 46","arr":["26","28","29","36","46"],"mode":"bus","angle":12.6,"extra":1,"ei":0,"l0":"26, ","c0":"#b59607","l1":"28, ","c1":"#fe6761","l2":"29, ","c2":"#126804","l3":"36, ","c3":"#19a9a8","l4":"46","c4":"#119efc"},"geometry":{"type":"Point","coordinates":[18.527924,50.096295]}},{"type":"Feature","properties":{"lines":"26, 28, 29, 36, 46","arr":["26","28","29","36","46"],"mode":"bus","angle":12.6,"extra":1,"ei":0,"l0":"26, ","c0":"#b59607","l1":"28, ","c1":"#fe6761","l2":"29, ","c2":"#126804","l3":"36, ","c3":"#19a9a8","l4":"46","c4":"#119efc"},"geometry":{"type":"Point","coordinates":[18.516736,50.097836]}},{"type":"Feature","properties":{"lines":"26, 28, 29, 36, 46","arr":["26","28","29","36","46"],"mode":"bus","angle":11.7,"extra":1,"ei":0,"l0":"26, ","c0":"#b59607","l1":"28, ","c1":"#fe6761","l2":"29, ","c2":"#126804","l3":"36, ","c3":"#19a9a8","l4":"46","c4":"#119efc"},"geometry":{"type":"Point","coordinates":[18.519597,50.097445]}},{"type":"Feature","properties":{"lines":"26, 28, 29, 36, 46","arr":["26","28","29","36","46"],"mode":"bus","angle":12.3,"extra":1,"ei":1,"l0":"26, ","c0":"#b59607","l1":"28, ","c1":"#fe6761","l2":"29, ","c2":"#126804","l3":"36, ","c3":"#19a9a8","l4":"46","c4":"#119efc"},"geometry":{"type":"Point","coordinates":[18.525349,50.096638]}},{"type":"Feature","properties":{"lines":"27, 29, 33, 36, 43, S12, S12A","arr":["27","29","33","36","43","S12","S12A"],"mode":"bus","angle":66.3,"side":-1,"l0":"27, ","c0":"#c17aef","l1":"29, ","c1":"#126804","l2":"33, ","c2":"#ab0377","l3":"36, ","c3":"#19a9a8","l4":"43, ","c4":"#ff627e","l5":"S12, ","c5":"#a72d06","l6":"S12A","c6":"#ff627e"},"geometry":{"type":"Point","coordinates":[18.543994,50.089505]}},{"type":"Feature","properties":{"lines":"27, 28, 29","arr":["27","28","29"],"mode":"bus","angle":-0.8,"l0":"27, ","c0":"#c17aef","l1":"28, ","c1":"#fe6761","l2":"29","c2":"#126804"},"geometry":{"type":"Point","coordinates":[18.463911,50.107408]}},{"type":"Feature","properties":{"lines":"27, 28, 29","arr":["27","28","29"],"mode":"bus","angle":-32.1,"extra":1,"ei":0,"l0":"27, ","c0":"#c17aef","l1":"28, ","c1":"#fe6761","l2":"29","c2":"#126804"},"geometry":{"type":"Point","coordinates":[18.466696,50.107699]}},{"type":"Feature","properties":{"lines":"27, 28, 29","arr":["27","28","29"],"mode":"bus","angle":-17.2,"extra":1,"ei":1,"l0":"27, ","c0":"#c17aef","l1":"28, ","c1":"#fe6761","l2":"29","c2":"#126804"},"geometry":{"type":"Point","coordinates":[18.460933,50.107171]}},{"type":"Feature","properties":{"lines":"27, 28, 29","arr":["27","28","29"],"mode":"bus","angle":18.7,"l0":"27, ","c0":"#c17aef","l1":"28, ","c1":"#fe6761","l2":"29","c2":"#126804"},"geometry":{"type":"Point","coordinates":[18.445455,50.105128]}},{"type":"Feature","properties":{"lines":"27, 28, 29","arr":["27","28","29"],"mode":"bus","angle":-26.4,"extra":1,"ei":0,"l0":"27, ","c0":"#c17aef","l1":"28, ","c1":"#fe6761","l2":"29","c2":"#126804"},"geometry":{"type":"Point","coordinates":[18.458382,50.106439]}},{"type":"Feature","properties":{"lines":"27, 28, 29","arr":["27","28","29"],"mode":"bus","angle":-26.3,"extra":1,"ei":1,"l0":"27, ","c0":"#c17aef","l1":"28, ","c1":"#fe6761","l2":"29","c2":"#126804"},"geometry":{"type":"Point","coordinates":[18.455746,50.105599]}},{"type":"Feature","properties":{"lines":"27, 28, 29","arr":["27","28","29"],"mode":"bus","angle":-26.3,"extra":1,"ei":2,"l0":"27, ","c0":"#c17aef","l1":"28, ","c1":"#fe6761","l2":"29","c2":"#126804"},"geometry":{"type":"Point","coordinates":[18.453107,50.104761]}},{"type":"Feature","properties":{"lines":"27, 28, 29","arr":["27","28","29"],"mode":"bus","angle":-0.2,"extra":1,"ei":3,"l0":"27, ","c0":"#c17aef","l1":"28, ","c1":"#fe6761","l2":"29","c2":"#126804"},"geometry":{"type":"Point","coordinates":[18.450318,50.104292]}},{"type":"Feature","properties":{"lines":"27, 28, 29","arr":["27","28","29"],"mode":"bus","angle":19.2,"extra":1,"ei":4,"l0":"27, ","c0":"#c17aef","l1":"28, ","c1":"#fe6761","l2":"29","c2":"#126804"},"geometry":{"type":"Point","coordinates":[18.44747,50.104679]}},{"type":"Feature","properties":{"lines":"27, 28, 29","arr":["27","28","29"],"mode":"bus","angle":14.8,"extra":1,"ei":5,"l0":"27, ","c0":"#c17aef","l1":"28, ","c1":"#fe6761","l2":"29","c2":"#126804"},"geometry":{"type":"Point","coordinates":[18.441731,50.105334]}},{"type":"Feature","properties":{"lines":"27, 28, 29","arr":["27","28","29"],"mode":"bus","angle":28.9,"extra":1,"ei":6,"l0":"27, ","c0":"#c17aef","l1":"28, ","c1":"#fe6761","l2":"29","c2":"#126804"},"geometry":{"type":"Point","coordinates":[18.439137,50.106222]}},{"type":"Feature","properties":{"lines":"27, 28, 29","arr":["27","28","29"],"mode":"bus","angle":28.8,"extra":1,"ei":7,"l0":"27, ","c0":"#c17aef","l1":"28, ","c1":"#fe6761","l2":"29","c2":"#126804"},"geometry":{"type":"Point","coordinates":[18.436559,50.107134]}},{"type":"Feature","properties":{"lines":"27, 28, 29","arr":["27","28","29"],"mode":"bus","angle":29.2,"extra":1,"ei":8,"l0":"27, ","c0":"#c17aef","l1":"28, ","c1":"#fe6761","l2":"29","c2":"#126804"},"geometry":{"type":"Point","coordinates":[18.433985,50.108051]}},{"type":"Feature","properties":{"lines":"27, 28, 29","arr":["27","28","29"],"mode":"bus","angle":2.6,"l0":"27, ","c0":"#c17aef","l1":"28, ","c1":"#fe6761","l2":"29","c2":"#126804"},"geometry":{"type":"Point","coordinates":[18.431133,50.108807]}},{"type":"Feature","properties":{"lines":"27, 29","arr":["27","29"],"mode":"bus","angle":69.4,"l0":"27, ","c0":"#c17aef","l1":"29","c1":"#126804"},"geometry":{"type":"Point","coordinates":[18.421371,50.110527]}},{"type":"Feature","properties":{"lines":"27, 29","arr":["27","29"],"mode":"bus","angle":41.1,"extra":1,"ei":0,"l0":"27, ","c0":"#c17aef","l1":"29","c1":"#126804"},"geometry":{"type":"Point","coordinates":[18.416406,50.115784]}},{"type":"Feature","properties":{"lines":"27, 29","arr":["27","29"],"mode":"bus","angle":43.3,"extra":1,"ei":1,"l0":"27, ","c0":"#c17aef","l1":"29","c1":"#126804"},"geometry":{"type":"Point","coordinates":[18.418624,50.114542]}},{"type":"Feature","properties":{"lines":"27, 29","arr":["27","29"],"mode":"bus","angle":69.1,"extra":1,"ei":2,"l0":"27, ","c0":"#c17aef","l1":"29","c1":"#126804"},"geometry":{"type":"Point","coordinates":[18.420222,50.112969]}},{"type":"Feature","properties":{"lines":"27, 29","arr":["27","29"],"mode":"bus","angle":26.9,"extra":1,"ei":3,"l0":"27, ","c0":"#c17aef","l1":"29","c1":"#126804"},"geometry":{"type":"Point","coordinates":[18.422811,50.109793]}},{"type":"Feature","properties":{"lines":"27, 29","arr":["27","29"],"mode":"bus","angle":73.2,"extra":1,"ei":4,"l0":"27, ","c0":"#c17aef","l1":"29","c1":"#126804"},"geometry":{"type":"Point","coordinates":[18.425072,50.108713]}},{"type":"Feature","properties":{"lines":"27, 29","arr":["27","29"],"mode":"bus","angle":-1.6,"extra":1,"ei":5,"l0":"27, ","c0":"#c17aef","l1":"29","c1":"#126804"},"geometry":{"type":"Point","coordinates":[18.427146,50.10815]}},{"type":"Feature","properties":{"lines":"27, 29","arr":["27","29"],"mode":"bus","angle":-49.8,"extra":1,"ei":6,"l0":"27, ","c0":"#c17aef","l1":"29","c1":"#126804"},"geometry":{"type":"Point","coordinates":[18.429923,50.108318]}},{"type":"Feature","properties":{"lines":"27, 29","arr":["27","29"],"mode":"bus","angle":84.8,"l0":"27, ","c0":"#c17aef","l1":"29","c1":"#126804"},"geometry":{"type":"Point","coordinates":[18.41476,50.118595]}},{"type":"Feature","properties":{"lines":"27, 29","arr":["27","29"],"mode":"bus","angle":80.6,"extra":1,"ei":0,"l0":"27, ","c0":"#c17aef","l1":"29","c1":"#126804"},"geometry":{"type":"Point","coordinates":[18.415049,50.117363]}},{"type":"Feature","properties":{"lines":"27, 29, 36","arr":["27","29","36"],"mode":"bus","angle":-5.3,"l0":"27, ","c0":"#c17aef","l1":"29, ","c1":"#126804","l2":"36","c2":"#19a9a8"},"geometry":{"type":"Point","coordinates":[18.402775,50.120673]}},{"type":"Feature","properties":{"lines":"27, 29, 36","arr":["27","29","36"],"mode":"bus","angle":12.2,"extra":1,"ei":0,"l0":"27, ","c0":"#c17aef","l1":"29, ","c1":"#126804","l2":"36","c2":"#19a9a8"},"geometry":{"type":"Point","coordinates":[18.413582,50.120967]}},{"type":"Feature","properties":{"lines":"27, 29, 36","arr":["27","29","36"],"mode":"bus","angle":-5.2,"extra":1,"ei":1,"l0":"27, ","c0":"#c17aef","l1":"29, ","c1":"#126804","l2":"36","c2":"#19a9a8"},"geometry":{"type":"Point","coordinates":[18.410683,50.121139]}},{"type":"Feature","properties":{"lines":"27, 29, 36","arr":["27","29","36"],"mode":"bus","angle":-5.4,"extra":1,"ei":2,"l0":"27, ","c0":"#c17aef","l1":"29, ","c1":"#126804","l2":"36","c2":"#19a9a8"},"geometry":{"type":"Point","coordinates":[18.407751,50.120968]}},{"type":"Feature","properties":{"lines":"27, 29, 36","arr":["27","29","36"],"mode":"bus","angle":-5.3,"extra":1,"ei":3,"l0":"27, ","c0":"#c17aef","l1":"29, ","c1":"#126804","l2":"36","c2":"#19a9a8"},"geometry":{"type":"Point","coordinates":[18.404819,50.120792]}},{"type":"Feature","properties":{"lines":"27, 29, 36","arr":["27","29","36"],"mode":"bus","angle":-5.6,"extra":1,"ei":4,"l0":"27, ","c0":"#c17aef","l1":"29, ","c1":"#126804","l2":"36","c2":"#19a9a8"},"geometry":{"type":"Point","coordinates":[18.398956,50.120444]}},{"type":"Feature","properties":{"lines":"27, 29, 36","arr":["27","29","36"],"mode":"bus","angle":-5.1,"extra":1,"ei":5,"l0":"27, ","c0":"#c17aef","l1":"29, ","c1":"#126804","l2":"36","c2":"#19a9a8"},"geometry":{"type":"Point","coordinates":[18.396025,50.120267]}},{"type":"Feature","properties":{"lines":"27, 29, 36","arr":["27","29","36"],"mode":"bus","angle":-16.5,"extra":1,"ei":6,"l0":"27, ","c0":"#c17aef","l1":"29, ","c1":"#126804","l2":"36","c2":"#19a9a8"},"geometry":{"type":"Point","coordinates":[18.39311,50.120031]}},{"type":"Feature","properties":{"lines":"27, 36","arr":["27","36"],"mode":"bus","angle":-22.9,"l0":"27, ","c0":"#c17aef","l1":"36","c1":"#19a9a8"},"geometry":{"type":"Point","coordinates":[18.390142,50.119386]}},{"type":"Feature","properties":{"lines":"27, 29, 33, 36, 43, 46A","arr":["27","29","33","36","43","46A"],"mode":"bus","angle":-84,"l0":"27, ","c0":"#c17aef","l1":"29, ","c1":"#126804","l2":"33, ","c2":"#ab0377","l3":"36, ","c3":"#19a9a8","l4":"43, ","c4":"#ff627e","l5":"46A","c5":"#4d4aba"},"geometry":{"type":"Point","coordinates":[18.542184,50.090767]}},{"type":"Feature","properties":{"lines":"28","arr":["28"],"mode":"bus","angle":-79,"l0":"28","c0":"#fe6761"},"geometry":{"type":"Point","coordinates":[18.431233,50.10784]}},{"type":"Feature","properties":{"lines":"28","arr":["28"],"mode":"bus","angle":-89.3,"l0":"28","c0":"#fe6761"},"geometry":{"type":"Point","coordinates":[18.429473,50.097506]}},{"type":"Feature","properties":{"lines":"28","arr":["28"],"mode":"bus","angle":-61.5,"extra":1,"ei":0,"l0":"28","c0":"#fe6761"},"geometry":{"type":"Point","coordinates":[18.429507,50.087755]}},{"type":"Feature","properties":{"lines":"28","arr":["28"],"mode":"bus","angle":-71.6,"extra":1,"ei":1,"l0":"28","c0":"#fe6761"},"geometry":{"type":"Point","coordinates":[18.430535,50.089522]}},{"type":"Feature","properties":{"lines":"28","arr":["28"],"mode":"bus","angle":-71.1,"extra":1,"ei":2,"l0":"28","c0":"#fe6761"},"geometry":{"type":"Point","coordinates":[18.431482,50.09131]}},{"type":"Feature","properties":{"lines":"28","arr":["28"],"mode":"bus","angle":74.7,"extra":1,"ei":3,"l0":"28","c0":"#fe6761"},"geometry":{"type":"Point","coordinates":[18.431184,50.093139]}},{"type":"Feature","properties":{"lines":"28","arr":["28"],"mode":"bus","angle":75.3,"extra":1,"ei":4,"l0":"28","c0":"#fe6761"},"geometry":{"type":"Point","coordinates":[18.430416,50.094962]}},{"type":"Feature","properties":{"lines":"28","arr":["28"],"mode":"bus","angle":-88.3,"extra":1,"ei":5,"l0":"28","c0":"#fe6761"},"geometry":{"type":"Point","coordinates":[18.429652,50.100546]}},{"type":"Feature","properties":{"lines":"28","arr":["28"],"mode":"bus","angle":-88.4,"extra":1,"ei":6,"l0":"28","c0":"#fe6761"},"geometry":{"type":"Point","coordinates":[18.429774,50.102432]}},{"type":"Feature","properties":{"lines":"28","arr":["28"],"mode":"bus","angle":-87.5,"extra":1,"ei":7,"l0":"28","c0":"#fe6761"},"geometry":{"type":"Point","coordinates":[18.429868,50.10432]}},{"type":"Feature","properties":{"lines":"28","arr":["28"],"mode":"bus","angle":-87.5,"extra":1,"ei":8,"l0":"28","c0":"#fe6761"},"geometry":{"type":"Point","coordinates":[18.43,50.106207]}},{"type":"Feature","properties":{"lines":"28","arr":["28"],"mode":"bus","angle":-77.1,"extra":1,"ei":9,"l0":"28","c0":"#fe6761"},"geometry":{"type":"Point","coordinates":[18.430339,50.108076]}},{"type":"Feature","properties":{"lines":"28","arr":["28"],"mode":"bus","angle":-53.2,"l0":"28","c0":"#fe6761"},"geometry":{"type":"Point","coordinates":[18.427348,50.085841]}},{"type":"Feature","properties":{"lines":"28","arr":["28"],"mode":"bus","angle":-52.7,"extra":1,"ei":0,"l0":"28","c0":"#fe6761"},"geometry":{"type":"Point","coordinates":[18.428669,50.08697]}},{"type":"Feature","properties":{"lines":"28","arr":["28"],"mode":"bus","angle":-86.4,"mi":1,"l0":"28","c0":"#fe6761"},"geometry":{"type":"Point","coordinates":[18.423978,50.080226]}},{"type":"Feature","properties":{"lines":"28","arr":["28"],"mode":"bus","angle":-72.3,"extra":1,"ei":0,"l0":"28","c0":"#fe6761"},"geometry":{"type":"Point","coordinates":[18.42511,50.084026]}},{"type":"Feature","properties":{"lines":"28","arr":["28"],"mode":"bus","angle":-79.4,"extra":1,"ei":1,"l0":"28","c0":"#fe6761"},"geometry":{"type":"Point","coordinates":[18.424313,50.082209]}},{"type":"Feature","properties":{"lines":"28","arr":["28"],"mode":"bus","angle":86.2,"extra":1,"ei":2,"l0":"28","c0":"#fe6761"},"geometry":{"type":"Point","coordinates":[18.4241,50.078447]}},{"type":"Feature","properties":{"lines":"28","arr":["28"],"mode":"bus","angle":-62.7,"extra":1,"ei":3,"l0":"28","c0":"#fe6761"},"geometry":{"type":"Point","coordinates":[18.423411,50.076653]}},{"type":"Feature","properties":{"lines":"29","arr":["29"],"mode":"bus","angle":-29.5,"l0":"29","c0":"#126804"},"geometry":{"type":"Point","coordinates":[18.415024,50.103187]}},{"type":"Feature","properties":{"lines":"29","arr":["29"],"mode":"bus","angle":-73.1,"extra":1,"ei":0,"l0":"29","c0":"#126804"},"geometry":{"type":"Point","coordinates":[18.42491,50.107195]}},{"type":"Feature","properties":{"lines":"29","arr":["29"],"mode":"bus","angle":-21.2,"extra":1,"ei":1,"l0":"29","c0":"#126804"},"geometry":{"type":"Point","coordinates":[18.422611,50.106187]}},{"type":"Feature","properties":{"lines":"29","arr":["29"],"mode":"bus","angle":-27.4,"extra":1,"ei":2,"l0":"29","c0":"#126804"},"geometry":{"type":"Point","coordinates":[18.419897,50.105457]}},{"type":"Feature","properties":{"lines":"29","arr":["29"],"mode":"bus","angle":-31.4,"extra":1,"ei":3,"l0":"29","c0":"#126804"},"geometry":{"type":"Point","coordinates":[18.417768,50.104185]}},{"type":"Feature","properties":{"lines":"29","arr":["29"],"mode":"bus","angle":-39.6,"extra":1,"ei":4,"l0":"29","c0":"#126804"},"geometry":{"type":"Point","coordinates":[18.412673,50.102295]}},{"type":"Feature","properties":{"lines":"29","arr":["29"],"mode":"bus","angle":-52.6,"extra":1,"ei":5,"l0":"29","c0":"#126804"},"geometry":{"type":"Point","coordinates":[18.410822,50.100829]}},{"type":"Feature","properties":{"lines":"29","arr":["29"],"mode":"bus","angle":-20,"extra":1,"ei":6,"l0":"29","c0":"#126804"},"geometry":{"type":"Point","coordinates":[18.408743,50.099545]}},{"type":"Feature","properties":{"lines":"29","arr":["29"],"mode":"bus","angle":-9.1,"extra":1,"ei":7,"l0":"29","c0":"#126804"},"geometry":{"type":"Point","coordinates":[18.405911,50.099034]}},{"type":"Feature","properties":{"lines":"29","arr":["29"],"mode":"bus","angle":-71.7,"l0":"29","c0":"#126804"},"geometry":{"type":"Point","coordinates":[18.399803,50.088817]}},{"type":"Feature","properties":{"lines":"29","arr":["29"],"mode":"bus","angle":17.7,"extra":1,"ei":0,"l0":"29","c0":"#126804"},"geometry":{"type":"Point","coordinates":[18.403717,50.07296]}},{"type":"Feature","properties":{"lines":"29","arr":["29"],"mode":"bus","angle":45.3,"extra":1,"ei":1,"l0":"29","c0":"#126804"},"geometry":{"type":"Point","coordinates":[18.401262,50.073919]}},{"type":"Feature","properties":{"lines":"29","arr":["29"],"mode":"bus","angle":61.7,"extra":1,"ei":2,"l0":"29","c0":"#126804"},"geometry":{"type":"Point","coordinates":[18.399252,50.075293]}},{"type":"Feature","properties":{"lines":"29","arr":["29"],"mode":"bus","angle":-83.6,"extra":1,"ei":3,"l0":"29","c0":"#126804"},"geometry":{"type":"Point","coordinates":[18.399071,50.077143]}},{"type":"Feature","properties":{"lines":"29","arr":["29"],"mode":"bus","angle":-83.4,"extra":1,"ei":4,"l0":"29","c0":"#126804"},"geometry":{"type":"Point","coordinates":[18.399408,50.079019]}},{"type":"Feature","properties":{"lines":"29","arr":["29"],"mode":"bus","angle":81.2,"extra":1,"ei":5,"l0":"29","c0":"#126804"},"geometry":{"type":"Point","coordinates":[18.39982,50.08086]}},{"type":"Feature","properties":{"lines":"29","arr":["29"],"mode":"bus","angle":-74.2,"extra":1,"ei":6,"l0":"29","c0":"#126804"},"geometry":{"type":"Point","coordinates":[18.399804,50.082718]}},{"type":"Feature","properties":{"lines":"29","arr":["29"],"mode":"bus","angle":-79.7,"extra":1,"ei":7,"l0":"29","c0":"#126804"},"geometry":{"type":"Point","coordinates":[18.400471,50.084556]}},{"type":"Feature","properties":{"lines":"29","arr":["29"],"mode":"bus","angle":86.5,"extra":1,"ei":8,"l0":"29","c0":"#126804"},"geometry":{"type":"Point","coordinates":[18.399854,50.086338]}},{"type":"Feature","properties":{"lines":"29","arr":["29"],"mode":"bus","angle":84,"extra":1,"ei":9,"l0":"29","c0":"#126804"},"geometry":{"type":"Point","coordinates":[18.40003,50.090017]}},{"type":"Feature","properties":{"lines":"29","arr":["29"],"mode":"bus","angle":-88.9,"extra":1,"ei":10,"l0":"29","c0":"#126804"},"geometry":{"type":"Point","coordinates":[18.400268,50.091876]}},{"type":"Feature","properties":{"lines":"29","arr":["29"],"mode":"bus","angle":-85.9,"extra":1,"ei":11,"l0":"29","c0":"#126804"},"geometry":{"type":"Point","coordinates":[18.40089,50.093685]}},{"type":"Feature","properties":{"lines":"29","arr":["29"],"mode":"bus","angle":-61.8,"extra":1,"ei":12,"l0":"29","c0":"#126804"},"geometry":{"type":"Point","coordinates":[18.401767,50.095467]}},{"type":"Feature","properties":{"lines":"29","arr":["29"],"mode":"bus","angle":-79.5,"extra":1,"ei":13,"l0":"29","c0":"#126804"},"geometry":{"type":"Point","coordinates":[18.402514,50.097278]}},{"type":"Feature","properties":{"lines":"29","arr":["29"],"mode":"bus","angle":-55.2,"extra":1,"ei":14,"l0":"29","c0":"#126804"},"geometry":{"type":"Point","coordinates":[18.403817,50.098935]}},{"type":"Feature","properties":{"lines":"29","arr":["29"],"mode":"bus","angle":75.8,"extra":1,"ei":15,"l0":"29","c0":"#126804"},"geometry":{"type":"Point","coordinates":[18.403851,50.100731]}},{"type":"Feature","properties":{"lines":"29","arr":["29"],"mode":"bus","angle":63.4,"extra":1,"ei":16,"l0":"29","c0":"#126804"},"geometry":{"type":"Point","coordinates":[18.403056,50.102544]}},{"type":"Feature","properties":{"lines":"29","arr":["29"],"mode":"bus","angle":57.3,"extra":1,"ei":17,"l0":"29","c0":"#126804"},"geometry":{"type":"Point","coordinates":[18.401516,50.104153]}},{"type":"Feature","properties":{"lines":"29","arr":["29"],"mode":"bus","angle":55.1,"extra":1,"ei":18,"l0":"29","c0":"#126804"},"geometry":{"type":"Point","coordinates":[18.399836,50.105703]}},{"type":"Feature","properties":{"lines":"29","arr":["29"],"mode":"bus","angle":40,"mi":1,"l0":"29","c0":"#126804"},"geometry":{"type":"Point","coordinates":[18.405587,50.072522]}},{"type":"Feature","properties":{"lines":"29","arr":["29"],"mode":"bus","angle":-43.3,"side":-1,"l0":"29","c0":"#126804"},"geometry":{"type":"Point","coordinates":[18.406105,50.072367]}},{"type":"Feature","properties":{"lines":"29, 206","arr":["29","206"],"mode":"bus","angle":59.9,"l0":"29, ","c0":"#126804","l1":"206","c1":"#7c5001"},"geometry":{"type":"Point","coordinates":[18.409918,50.068597]}},{"type":"Feature","properties":{"lines":"29, 206","arr":["29","206"],"mode":"bus","angle":61.4,"extra":1,"ei":0,"l0":"29, ","c0":"#126804","l1":"206","c1":"#7c5001"},"geometry":{"type":"Point","coordinates":[18.412589,50.0657]}},{"type":"Feature","properties":{"lines":"29, 206","arr":["29","206"],"mode":"bus","angle":57.1,"extra":1,"ei":1,"l0":"29, ","c0":"#126804","l1":"206","c1":"#7c5001"},"geometry":{"type":"Point","coordinates":[18.411132,50.06734]}},{"type":"Feature","properties":{"lines":"29, 206","arr":["29","206"],"mode":"bus","angle":59.5,"extra":1,"ei":2,"l0":"29, ","c0":"#126804","l1":"206","c1":"#7c5001"},"geometry":{"type":"Point","coordinates":[18.408096,50.070575]}},{"type":"Feature","properties":{"lines":"29, 206","arr":["29","206"],"mode":"bus","angle":75.8,"extra":1,"ei":3,"l0":"29, ","c0":"#126804","l1":"206","c1":"#7c5001"},"geometry":{"type":"Point","coordinates":[18.406889,50.072284]}},{"type":"Feature","properties":{"lines":"29, 205, 206","arr":["29","205","206"],"mode":"bus","angle":76.3,"l0":"29, ","c0":"#126804","l1":"205, ","c1":"#6895fc","l2":"206","c2":"#7c5001"},"geometry":{"type":"Point","coordinates":[18.414981,50.061957]}},{"type":"Feature","properties":{"lines":"29, 205, 206","arr":["29","205","206"],"mode":"bus","angle":65.9,"extra":1,"ei":0,"l0":"29, ","c0":"#126804","l1":"205, ","c1":"#6895fc","l2":"206","c2":"#7c5001"},"geometry":{"type":"Point","coordinates":[18.413861,50.063998]}},{"type":"Feature","properties":{"lines":"29, 205, 206","arr":["29","205","206"],"mode":"bus","angle":75.4,"extra":1,"ei":1,"l0":"29, ","c0":"#126804","l1":"205, ","c1":"#6895fc","l2":"206","c2":"#7c5001"},"geometry":{"type":"Point","coordinates":[18.415556,50.060392]}},{"type":"Feature","properties":{"lines":"29, 201, 202, 205, 206","arr":["29","201","202","205","206"],"mode":"bus","angle":62.2,"l0":"29, ","c0":"#126804","l1":"201, ","c1":"#1da8b6","l2":"202, ","c2":"#095d97","l3":"205, ","c3":"#6895fc","l4":"206","c4":"#7c5001"},"geometry":{"type":"Point","coordinates":[18.416809,50.058375]}},{"type":"Feature","properties":{"lines":"29","arr":["29"],"mode":"bus","angle":60.7,"mi":1,"l0":"29","c0":"#126804"},"geometry":{"type":"Point","coordinates":[18.396851,50.109831]}},{"type":"Feature","properties":{"lines":"29","arr":["29"],"mode":"bus","angle":60.5,"extra":1,"ei":0,"l0":"29","c0":"#126804"},"geometry":{"type":"Point","coordinates":[18.398687,50.106788]}},{"type":"Feature","properties":{"lines":"29","arr":["29"],"mode":"bus","angle":71.5,"extra":1,"ei":1,"l0":"29","c0":"#126804"},"geometry":{"type":"Point","coordinates":[18.397652,50.108552]}},{"type":"Feature","properties":{"lines":"29","arr":["29"],"mode":"bus","angle":53.1,"extra":1,"ei":2,"l0":"29","c0":"#126804"},"geometry":{"type":"Point","coordinates":[18.394796,50.111828]}},{"type":"Feature","properties":{"lines":"29","arr":["29"],"mode":"bus","angle":71.4,"l0":"29","c0":"#126804"},"geometry":{"type":"Point","coordinates":[18.391966,50.116454]}},{"type":"Feature","properties":{"lines":"29","arr":["29"],"mode":"bus","angle":72.4,"extra":1,"ei":0,"l0":"29","c0":"#126804"},"geometry":{"type":"Point","coordinates":[18.393065,50.114333]}},{"type":"Feature","properties":{"lines":"29","arr":["29"],"mode":"bus","angle":71.7,"extra":1,"ei":1,"l0":"29","c0":"#126804"},"geometry":{"type":"Point","coordinates":[18.391203,50.117917]}},{"type":"Feature","properties":{"lines":"30","arr":["30"],"mode":"bus","angle":10.1,"mi":2,"l0":"30","c0":"#5a5d02"},"geometry":{"type":"Point","coordinates":[18.550645,50.106858]}},{"type":"Feature","properties":{"lines":"30","arr":["30"],"mode":"bus","angle":-66.7,"mi":1,"l0":"30","c0":"#5a5d02"},"geometry":{"type":"Point","coordinates":[18.553021,50.105571]}},{"type":"Feature","properties":{"lines":"30","arr":["30"],"mode":"bus","angle":35.9,"l0":"30","c0":"#5a5d02"},"geometry":{"type":"Point","coordinates":[18.555376,50.103752]}},{"type":"Feature","properties":{"lines":"30","arr":["30"],"mode":"bus","angle":29.8,"extra":1,"ei":0,"l0":"30","c0":"#5a5d02"},"geometry":{"type":"Point","coordinates":[18.553843,50.104395]}},{"type":"Feature","properties":{"lines":"30","arr":["30"],"mode":"bus","angle":-51.5,"mi":3,"l0":"30","c0":"#5a5d02"},"geometry":{"type":"Point","coordinates":[18.557025,50.101698]}},{"type":"Feature","properties":{"lines":"30, 49","arr":["30","49"],"mode":"bus","angle":34.2,"side":-1,"mi":2,"l0":"30, ","c0":"#5a5d02","l1":"49","c1":"#ff5e9b"},"geometry":{"type":"Point","coordinates":[18.546506,50.086257]}},{"type":"Feature","properties":{"lines":"30, 49","arr":["30","49"],"mode":"bus","angle":9.5,"mi":1,"l0":"30, ","c0":"#5a5d02","l1":"49","c1":"#ff5e9b"},"geometry":{"type":"Point","coordinates":[18.550293,50.08573]}},{"type":"Feature","properties":{"lines":"30, 49","arr":["30","49"],"mode":"bus","angle":43.7,"mi":3,"l0":"30, ","c0":"#5a5d02","l1":"49","c1":"#ff5e9b"},"geometry":{"type":"Point","coordinates":[18.560834,50.078416]}},{"type":"Feature","properties":{"lines":"30, 49","arr":["30","49"],"mode":"bus","angle":43.9,"l0":"30, ","c0":"#5a5d02","l1":"49","c1":"#ff5e9b"},"geometry":{"type":"Point","coordinates":[18.553096,50.085639]}},{"type":"Feature","properties":{"lines":"30, 49","arr":["30","49"],"mode":"bus","angle":78.5,"extra":1,"ei":0,"l0":"30, ","c0":"#5a5d02","l1":"49","c1":"#ff5e9b"},"geometry":{"type":"Point","coordinates":[18.564087,50.075567]}},{"type":"Feature","properties":{"lines":"30, 49","arr":["30","49"],"mode":"bus","angle":47.7,"extra":1,"ei":1,"l0":"30, ","c0":"#5a5d02","l1":"49","c1":"#ff5e9b"},"geometry":{"type":"Point","coordinates":[18.56273,50.077218]}},{"type":"Feature","properties":{"lines":"30, 49","arr":["30","49"],"mode":"bus","angle":63,"extra":1,"ei":2,"l0":"30, ","c0":"#5a5d02","l1":"49","c1":"#ff5e9b"},"geometry":{"type":"Point","coordinates":[18.558886,50.080044]}},{"type":"Feature","properties":{"lines":"30, 49","arr":["30","49"],"mode":"bus","angle":56.8,"extra":1,"ei":3,"l0":"30, ","c0":"#5a5d02","l1":"49","c1":"#ff5e9b"},"geometry":{"type":"Point","coordinates":[18.557633,50.081745]}},{"type":"Feature","properties":{"lines":"30, 49","arr":["30","49"],"mode":"bus","angle":54,"extra":1,"ei":0,"l0":"30, ","c0":"#5a5d02","l1":"49","c1":"#ff5e9b"},"geometry":{"type":"Point","coordinates":[18.556023,50.083192]}},{"type":"Feature","properties":{"lines":"30, 49","arr":["30","49"],"mode":"bus","angle":61,"extra":1,"ei":1,"l0":"30, ","c0":"#5a5d02","l1":"49","c1":"#ff5e9b"},"geometry":{"type":"Point","coordinates":[18.55439,50.084758]}},{"type":"Feature","properties":{"lines":"30, 49","arr":["30","49"],"mode":"bus","angle":14.4,"extra":1,"ei":2,"l0":"30, ","c0":"#5a5d02","l1":"49","c1":"#ff5e9b"},"geometry":{"type":"Point","coordinates":[18.549847,50.08695]}},{"type":"Feature","properties":{"lines":"30, 46A, 49","arr":["30","46A","49"],"mode":"bus","angle":64.7,"l0":"30, ","c0":"#5a5d02","l1":"46A, ","c1":"#4d4aba","l2":"49","c2":"#ff5e9b"},"geometry":{"type":"Point","coordinates":[18.564666,50.074286]}},{"type":"Feature","properties":{"lines":"30, 42, 46A, 49","arr":["30","42","46A","49"],"mode":"bus","angle":64.8,"mi":1,"l0":"30, ","c0":"#5a5d02","l1":"42, ","c1":"#b11526","l2":"46A, ","c2":"#4d4aba","l3":"49","c3":"#ff5e9b"},"geometry":{"type":"Point","coordinates":[18.565386,50.073309]}},{"type":"Feature","properties":{"lines":"30, 42, 46A, 49","arr":["30","42","46A","49"],"mode":"bus","angle":68.4,"l0":"30, ","c0":"#5a5d02","l1":"42, ","c1":"#b11526","l2":"46A, ","c2":"#4d4aba","l3":"49","c3":"#ff5e9b"},"geometry":{"type":"Point","coordinates":[18.56625,50.072346]}},{"type":"Feature","properties":{"lines":"30, 42, 49","arr":["30","42","49"],"mode":"bus","angle":41.7,"l0":"30, ","c0":"#5a5d02","l1":"42, ","c1":"#b11526","l2":"49","c2":"#ff5e9b"},"geometry":{"type":"Point","coordinates":[18.567709,50.070552]}},{"type":"Feature","properties":{"lines":"30, 42, N8","arr":["30","42","N8"],"mode":"bus","angle":-30.2,"l0":"30, ","c0":"#5a5d02","l1":"42, ","c1":"#b11526","l2":"N8","c2":"#05617d"},"geometry":{"type":"Point","coordinates":[18.559225,50.066244]}},{"type":"Feature","properties":{"lines":"30, 42, N8","arr":["30","42","N8"],"mode":"bus","angle":-29.8,"extra":1,"ei":0,"l0":"30, ","c0":"#5a5d02","l1":"42, ","c1":"#b11526","l2":"N8","c2":"#05617d"},"geometry":{"type":"Point","coordinates":[18.567401,50.069066]}},{"type":"Feature","properties":{"lines":"30, 42, N8","arr":["30","42","N8"],"mode":"bus","angle":-26.8,"extra":1,"ei":1,"l0":"30, ","c0":"#5a5d02","l1":"42, ","c1":"#b11526","l2":"N8","c2":"#05617d"},"geometry":{"type":"Point","coordinates":[18.564748,50.068275]}},{"type":"Feature","properties":{"lines":"30, 42, N8","arr":["30","42","N8"],"mode":"bus","angle":-41,"extra":1,"ei":2,"l0":"30, ","c0":"#5a5d02","l1":"42, ","c1":"#b11526","l2":"N8","c2":"#05617d"},"geometry":{"type":"Point","coordinates":[18.562113,50.06745]}},{"type":"Feature","properties":{"lines":"30, 42, N8","arr":["30","42","N8"],"mode":"bus","angle":-62.4,"extra":1,"ei":3,"l0":"30, ","c0":"#5a5d02","l1":"42, ","c1":"#b11526","l2":"N8","c2":"#05617d"},"geometry":{"type":"Point","coordinates":[18.559122,50.064994]}},{"type":"Feature","properties":{"lines":"30, 42, N8","arr":["30","42","N8"],"mode":"bus","angle":10.5,"extra":1,"ei":4,"l0":"30, ","c0":"#5a5d02","l1":"42, ","c1":"#b11526","l2":"N8","c2":"#05617d"},"geometry":{"type":"Point","coordinates":[18.556838,50.065303]}},{"type":"Feature","properties":{"lines":"30, 42, N8","arr":["30","42","N8"],"mode":"bus","angle":-5.5,"extra":1,"ei":5,"l0":"30, ","c0":"#5a5d02","l1":"42, ","c1":"#b11526","l2":"N8","c2":"#05617d"},"geometry":{"type":"Point","coordinates":[18.553933,50.065519]}},{"type":"Feature","properties":{"lines":"42, N8","arr":["42","N8"],"mode":"bus","angle":3.7,"l0":"42, ","c0":"#b11526","l1":"N8","c1":"#05617d"},"geometry":{"type":"Point","coordinates":[18.54998,50.066625]}},{"type":"Feature","properties":{"lines":"30, 42, N8","arr":["30","42","N8"],"mode":"bus","angle":62,"mi":1,"l0":"30, ","c0":"#5a5d02","l1":"42, ","c1":"#b11526","l2":"N8","c2":"#05617d"},"geometry":{"type":"Point","coordinates":[18.550868,50.066048]}},{"type":"Feature","properties":{"lines":"30","arr":["30"],"mode":"bus","angle":65.9,"mi":18,"l0":"30","c0":"#5a5d02"},"geometry":{"type":"Point","coordinates":[18.551752,50.06506]}},{"type":"Feature","properties":{"lines":"30","arr":["30"],"mode":"bus","angle":72.4,"side":-1,"mi":17,"l0":"30","c0":"#5a5d02"},"geometry":{"type":"Point","coordinates":[18.551561,50.064006]}},{"type":"Feature","properties":{"lines":"30","arr":["30"],"mode":"bus","angle":-22.8,"mi":15,"l0":"30","c0":"#5a5d02"},"geometry":{"type":"Point","coordinates":[18.553428,50.063511]}},{"type":"Feature","properties":{"lines":"30","arr":["30"],"mode":"bus","angle":36.9,"mi":8,"l0":"30","c0":"#5a5d02"},"geometry":{"type":"Point","coordinates":[18.56187,50.059474]}},{"type":"Feature","properties":{"lines":"30","arr":["30"],"mode":"bus","angle":48.4,"extra":1,"ei":0,"l0":"30","c0":"#5a5d02"},"geometry":{"type":"Point","coordinates":[18.555786,50.063134]}},{"type":"Feature","properties":{"lines":"30","arr":["30"],"mode":"bus","angle":44.7,"extra":1,"ei":1,"l0":"30","c0":"#5a5d02"},"geometry":{"type":"Point","coordinates":[18.557891,50.061816]}},{"type":"Feature","properties":{"lines":"30","arr":["30"],"mode":"bus","angle":44.4,"extra":1,"ei":2,"l0":"30","c0":"#5a5d02"},"geometry":{"type":"Point","coordinates":[18.559979,50.060485]}},{"type":"Feature","properties":{"lines":"30","arr":["30"],"mode":"bus","angle":41.1,"extra":1,"ei":3,"l0":"30","c0":"#5a5d02"},"geometry":{"type":"Point","coordinates":[18.564527,50.058094]}},{"type":"Feature","properties":{"lines":"30","arr":["30"],"mode":"bus","angle":42.1,"extra":1,"ei":4,"l0":"30","c0":"#5a5d02"},"geometry":{"type":"Point","coordinates":[18.566719,50.056833]}},{"type":"Feature","properties":{"lines":"30","arr":["30"],"mode":"bus","angle":43.8,"extra":1,"ei":5,"l0":"30","c0":"#5a5d02"},"geometry":{"type":"Point","coordinates":[18.568842,50.055526]}},{"type":"Feature","properties":{"lines":"30","arr":["30"],"mode":"bus","angle":43.7,"mi":9,"l0":"30","c0":"#5a5d02"},"geometry":{"type":"Point","coordinates":[18.571562,50.053857]}},{"type":"Feature","properties":{"lines":"30","arr":["30"],"mode":"bus","angle":-71.5,"mi":12,"l0":"30","c0":"#5a5d02"},"geometry":{"type":"Point","coordinates":[18.57373,50.052076]}},{"type":"Feature","properties":{"lines":"30","arr":["30"],"mode":"bus","angle":-37.8,"mi":3,"l0":"30","c0":"#5a5d02"},"geometry":{"type":"Point","coordinates":[18.570119,50.050455]}},{"type":"Feature","properties":{"lines":"30","arr":["30"],"mode":"bus","angle":-26.3,"extra":1,"ei":0,"l0":"30","c0":"#5a5d02"},"geometry":{"type":"Point","coordinates":[18.572378,50.051204]}},{"type":"Feature","properties":{"lines":"30","arr":["30"],"mode":"bus","angle":-34.2,"extra":1,"ei":1,"l0":"30","c0":"#5a5d02"},"geometry":{"type":"Point","coordinates":[18.567536,50.049102]}},{"type":"Feature","properties":{"lines":"30","arr":["30"],"mode":"bus","angle":-2.8,"l0":"30","c0":"#5a5d02"},"geometry":{"type":"Point","coordinates":[18.557808,50.046631]}},{"type":"Feature","properties":{"lines":"30","arr":["30"],"mode":"bus","angle":-34.9,"extra":1,"ei":0,"l0":"30","c0":"#5a5d02"},"geometry":{"type":"Point","coordinates":[18.565937,50.048148]}},{"type":"Feature","properties":{"lines":"30","arr":["30"],"mode":"bus","angle":-24.5,"extra":1,"ei":1,"l0":"30","c0":"#5a5d02"},"geometry":{"type":"Point","coordinates":[18.563319,50.047293]}},{"type":"Feature","properties":{"lines":"30","arr":["30"],"mode":"bus","angle":-17.8,"extra":1,"ei":2,"l0":"30","c0":"#5a5d02"},"geometry":{"type":"Point","coordinates":[18.560482,50.046823]}},{"type":"Feature","properties":{"lines":"30","arr":["30"],"mode":"bus","angle":27.9,"extra":1,"ei":3,"l0":"30","c0":"#5a5d02"},"geometry":{"type":"Point","coordinates":[18.554716,50.04699]}},{"type":"Feature","properties":{"lines":"30","arr":["30"],"mode":"bus","angle":10.1,"extra":1,"ei":4,"l0":"30","c0":"#5a5d02"},"geometry":{"type":"Point","coordinates":[18.552062,50.047721]}},{"type":"Feature","properties":{"lines":"30","arr":["30"],"mode":"bus","angle":7.8,"extra":1,"ei":5,"l0":"30","c0":"#5a5d02"},"geometry":{"type":"Point","coordinates":[18.54915,50.047996]}},{"type":"Feature","properties":{"lines":"30","arr":["30"],"mode":"bus","angle":-72.2,"mi":4,"l0":"30","c0":"#5a5d02"},"geometry":{"type":"Point","coordinates":[18.547932,50.046364]}},{"type":"Feature","properties":{"lines":"30","arr":["30"],"mode":"bus","angle":19.3,"mi":13,"l0":"30","c0":"#5a5d02"},"geometry":{"type":"Point","coordinates":[18.544867,50.045132]}},{"type":"Feature","properties":{"lines":"30","arr":["30"],"mode":"bus","angle":22.1,"extra":1,"ei":0,"l0":"30","c0":"#5a5d02"},"geometry":{"type":"Point","coordinates":[18.542937,50.04564]}},{"type":"Feature","properties":{"lines":"30","arr":["30"],"mode":"bus","angle":-66.2,"mi":14,"l0":"30","c0":"#5a5d02"},"geometry":{"type":"Point","coordinates":[18.542466,50.045345]}},{"type":"Feature","properties":{"lines":"30","arr":["30"],"mode":"bus","angle":18.2,"mi":5,"l0":"30","c0":"#5a5d02"},"geometry":{"type":"Point","coordinates":[18.558972,50.042695]}},{"type":"Feature","properties":{"lines":"30","arr":["30"],"mode":"bus","angle":58.5,"mi":1,"l0":"30","c0":"#5a5d02"},"geometry":{"type":"Point","coordinates":[18.565108,50.047156]}},{"type":"Feature","properties":{"lines":"30","arr":["30"],"mode":"bus","angle":39.8,"mi":16,"l0":"30","c0":"#5a5d02"},"geometry":{"type":"Point","coordinates":[18.552144,50.06357]}},{"type":"Feature","properties":{"lines":"30","arr":["30"],"mode":"bus","angle":17.1,"mi":11,"l0":"30","c0":"#5a5d02"},"geometry":{"type":"Point","coordinates":[18.549893,50.043501]}},{"type":"Feature","properties":{"lines":"30","arr":["30"],"mode":"bus","angle":-5.5,"mi":10,"l0":"30","c0":"#5a5d02"},"geometry":{"type":"Point","coordinates":[18.565219,50.042821]}},{"type":"Feature","properties":{"lines":"30","arr":["30"],"mode":"bus","angle":16.7,"extra":1,"ei":0,"l0":"30","c0":"#5a5d02"},"geometry":{"type":"Point","coordinates":[18.543632,50.044718]}},{"type":"Feature","properties":{"lines":"30","arr":["30"],"mode":"bus","angle":17.1,"extra":1,"ei":1,"l0":"30","c0":"#5a5d02"},"geometry":{"type":"Point","coordinates":[18.546449,50.044169]}},{"type":"Feature","properties":{"lines":"30","arr":["30"],"mode":"bus","angle":16.6,"extra":1,"ei":2,"l0":"30","c0":"#5a5d02"},"geometry":{"type":"Point","coordinates":[18.552081,50.043068]}},{"type":"Feature","properties":{"lines":"30","arr":["30"],"mode":"bus","angle":17.1,"extra":1,"ei":3,"l0":"30","c0":"#5a5d02"},"geometry":{"type":"Point","coordinates":[18.554901,50.042524]}},{"type":"Feature","properties":{"lines":"30","arr":["30"],"mode":"bus","angle":-4.1,"extra":1,"ei":0,"l0":"30","c0":"#5a5d02"},"geometry":{"type":"Point","coordinates":[18.569306,50.043013]}},{"type":"Feature","properties":{"lines":"30","arr":["30"],"mode":"bus","angle":-6.1,"extra":1,"ei":1,"l0":"30","c0":"#5a5d02"},"geometry":{"type":"Point","coordinates":[18.560508,50.042522]}},{"type":"Feature","properties":{"lines":"30","arr":["30"],"mode":"bus","angle":71.6,"side":-1,"mi":6,"l0":"30","c0":"#5a5d02"},"geometry":{"type":"Point","coordinates":[18.557478,50.04263]}},{"type":"Feature","properties":{"lines":"30","arr":["30"],"mode":"bus","angle":-30.5,"mi":2,"l0":"30","c0":"#5a5d02"},"geometry":{"type":"Point","coordinates":[18.566931,50.047138]}},{"type":"Feature","properties":{"lines":"30","arr":["30"],"mode":"bus","angle":-33.6,"mi":7,"l0":"30","c0":"#5a5d02"},"geometry":{"type":"Point","coordinates":[18.571823,50.049319]}},{"type":"Feature","properties":{"lines":"30","arr":["30"],"mode":"bus","angle":-30.1,"extra":1,"ei":0,"l0":"30","c0":"#5a5d02"},"geometry":{"type":"Point","coordinates":[18.569532,50.048104]}},{"type":"Feature","properties":{"lines":"30","arr":["30"],"mode":"bus","angle":-88.9,"extra":1,"ei":1,"l0":"30","c0":"#5a5d02"},"geometry":{"type":"Point","coordinates":[18.573157,50.050707]}},{"type":"Feature","properties":{"lines":"32, 34, N8, PR","arr":["32","34","N8","PR"],"mode":"bus","angle":-67.7,"l0":"32, ","c0":"#02af5a","l1":"34, ","c1":"#446303","l2":"N8, ","c2":"#05617d","l3":"PR","c3":"#4d4aba"},"geometry":{"type":"Point","coordinates":[18.544151,50.096119]}},{"type":"Feature","properties":{"lines":"33, 46, 48","arr":["33","46","48"],"mode":"bus","angle":-79.8,"l0":"33, ","c0":"#ab0377","l1":"46, ","c1":"#119efc","l2":"48","c2":"#e47e2b"},"geometry":{"type":"Point","coordinates":[18.523568,50.10739]}},{"type":"Feature","properties":{"lines":"33, 46, 48","arr":["33","46","48"],"mode":"bus","angle":45.8,"mi":1,"l0":"33, ","c0":"#ab0377","l1":"46, ","c1":"#119efc","l2":"48","c2":"#e47e2b"},"geometry":{"type":"Point","coordinates":[18.525681,50.103863]}},{"type":"Feature","properties":{"lines":"33, 46, 48","arr":["33","46","48"],"mode":"bus","angle":57.6,"extra":1,"ei":0,"l0":"33, ","c0":"#ab0377","l1":"46, ","c1":"#119efc","l2":"48","c2":"#e47e2b"},"geometry":{"type":"Point","coordinates":[18.524038,50.105373]}},{"type":"Feature","properties":{"lines":"33, 46, 48","arr":["33","46","48"],"mode":"bus","angle":47.6,"extra":1,"ei":1,"l0":"33, ","c0":"#ab0377","l1":"46, ","c1":"#119efc","l2":"48","c2":"#e47e2b"},"geometry":{"type":"Point","coordinates":[18.527673,50.102487]}},{"type":"Feature","properties":{"lines":"33, 43, 48, 52, A","arr":["33","43","48","52","A"],"mode":"bus","angle":67.6,"side":-1,"mi":2,"l0":"33, ","c0":"#ab0377","l1":"43, ","c1":"#ff627e","l2":"48, ","c2":"#e47e2b","l3":"52, ","c3":"#07ad80","l4":"A","c4":"#8e4604"},"geometry":{"type":"Point","coordinates":[18.517803,50.093025]}},{"type":"Feature","properties":{"lines":"33, 43, 48, 52, A","arr":["33","43","48","52","A"],"mode":"bus","angle":74.5,"side":-1,"l0":"33, ","c0":"#ab0377","l1":"43, ","c1":"#ff627e","l2":"48, ","c2":"#e47e2b","l3":"52, ","c3":"#07ad80","l4":"A","c4":"#8e4604"},"geometry":{"type":"Point","coordinates":[18.51535,50.095013]}},{"type":"Feature","properties":{"lines":"33, 43, 48, 52, A","arr":["33","43","48","52","A"],"mode":"bus","angle":-88.1,"mi":1,"l0":"33, ","c0":"#ab0377","l1":"43, ","c1":"#ff627e","l2":"48, ","c2":"#e47e2b","l3":"52, ","c3":"#07ad80","l4":"A","c4":"#8e4604"},"geometry":{"type":"Point","coordinates":[18.514677,50.097203]}},{"type":"Feature","properties":{"lines":"33, 43, 48, 52, A, N8","arr":["33","43","48","52","A","N8"],"mode":"bus","angle":60.3,"l0":"33, ","c0":"#ab0377","l1":"43, ","c1":"#ff627e","l2":"48, ","c2":"#e47e2b","l3":"52, ","c3":"#07ad80","l4":"A, ","c4":"#8e4604","l5":"N8","c5":"#05617d"},"geometry":{"type":"Point","coordinates":[18.515633,50.094701]}},{"type":"Feature","properties":{"lines":"33, 43, 48, 52, A, N8","arr":["33","43","48","52","A","N8"],"mode":"bus","angle":65.3,"extra":1,"ei":0,"l0":"33, ","c0":"#ab0377","l1":"43, ","c1":"#ff627e","l2":"48, ","c2":"#e47e2b","l3":"52, ","c3":"#07ad80","l4":"A, ","c4":"#8e4604","l5":"N8","c5":"#05617d"},"geometry":{"type":"Point","coordinates":[18.517906,50.093026]}},{"type":"Feature","properties":{"lines":"33, 43, 48, 52, A, N8","arr":["33","43","48","52","A","N8"],"mode":"bus","angle":77.7,"extra":1,"ei":1,"l0":"33, ","c0":"#ab0377","l1":"43, ","c1":"#ff627e","l2":"48, ","c2":"#e47e2b","l3":"52, ","c3":"#07ad80","l4":"A, ","c4":"#8e4604","l5":"N8","c5":"#05617d"},"geometry":{"type":"Point","coordinates":[18.515004,50.096181]}},{"type":"Feature","properties":{"lines":"33, S12, S12A","arr":["33","S12","S12A"],"mode":"bus","angle":-84,"l0":"33, ","c0":"#ab0377","l1":"S12, ","c1":"#a72d06","l2":"S12A","c2":"#ff627e"},"geometry":{"type":"Point","coordinates":[18.588899,50.027765]}},{"type":"Feature","properties":{"lines":"33","arr":["33"],"mode":"bus","angle":-51.6,"mi":1,"l0":"33","c0":"#ab0377"},"geometry":{"type":"Point","coordinates":[18.584924,50.023532]}},{"type":"Feature","properties":{"lines":"33","arr":["33"],"mode":"bus","angle":-51.8,"extra":1,"ei":0,"l0":"33","c0":"#ab0377"},"geometry":{"type":"Point","coordinates":[18.588252,50.026376]}},{"type":"Feature","properties":{"lines":"33","arr":["33"],"mode":"bus","angle":-53.3,"extra":1,"ei":1,"l0":"33","c0":"#ab0377"},"geometry":{"type":"Point","coordinates":[18.586525,50.024846]}},{"type":"Feature","properties":{"lines":"33","arr":["33"],"mode":"bus","angle":-43.8,"extra":1,"ei":2,"l0":"33","c0":"#ab0377"},"geometry":{"type":"Point","coordinates":[18.582724,50.02197]}},{"type":"Feature","properties":{"lines":"33","arr":["33"],"mode":"bus","angle":-43.8,"extra":1,"ei":3,"l0":"33","c0":"#ab0377"},"geometry":{"type":"Point","coordinates":[18.580601,50.020661]}},{"type":"Feature","properties":{"lines":"33","arr":["33"],"mode":"bus","angle":25.6,"l0":"33","c0":"#ab0377"},"geometry":{"type":"Point","coordinates":[18.579393,50.01933]}},{"type":"Feature","properties":{"lines":"33, 208","arr":["33","208"],"mode":"bus","angle":-55.7,"l0":"33, ","c0":"#ab0377","l1":"208","c1":"#0357b2"},"geometry":{"type":"Point","coordinates":[18.580267,50.019369]}},{"type":"Feature","properties":{"lines":"33, 208","arr":["33","208"],"mode":"bus","angle":71.8,"mi":1,"l0":"33, ","c0":"#ab0377","l1":"208","c1":"#0357b2"},"geometry":{"type":"Point","coordinates":[18.580406,50.019865]}},{"type":"Feature","properties":{"lines":"33, 208","arr":["33","208"],"mode":"bus","angle":-44,"mi":2,"l0":"33, ","c0":"#ab0377","l1":"208","c1":"#0357b2"},"geometry":{"type":"Point","coordinates":[18.577847,50.01896]}},{"type":"Feature","properties":{"lines":"33","arr":["33"],"mode":"bus","angle":-74.2,"l0":"33","c0":"#ab0377"},"geometry":{"type":"Point","coordinates":[18.578708,50.010247]}},{"type":"Feature","properties":{"lines":"33","arr":["33"],"mode":"bus","angle":75.3,"extra":1,"ei":0,"l0":"33","c0":"#ab0377"},"geometry":{"type":"Point","coordinates":[18.577132,50.01746]}},{"type":"Feature","properties":{"lines":"33","arr":["33"],"mode":"bus","angle":81.9,"extra":1,"ei":1,"l0":"33","c0":"#ab0377"},"geometry":{"type":"Point","coordinates":[18.577994,50.01566]}},{"type":"Feature","properties":{"lines":"33","arr":["33"],"mode":"bus","angle":82.3,"extra":1,"ei":2,"l0":"33","c0":"#ab0377"},"geometry":{"type":"Point","coordinates":[18.578381,50.013788]}},{"type":"Feature","properties":{"lines":"33","arr":["33"],"mode":"bus","angle":82.5,"extra":1,"ei":3,"l0":"33","c0":"#ab0377"},"geometry":{"type":"Point","coordinates":[18.578782,50.011917]}},{"type":"Feature","properties":{"lines":"33","arr":["33"],"mode":"bus","angle":-87.9,"extra":1,"ei":4,"l0":"33","c0":"#ab0377"},"geometry":{"type":"Point","coordinates":[18.577966,50.008226]}},{"type":"Feature","properties":{"lines":"33","arr":["33"],"mode":"bus","angle":80.8,"extra":1,"ei":5,"l0":"33","c0":"#ab0377"},"geometry":{"type":"Point","coordinates":[18.578572,50.006385]}},{"type":"Feature","properties":{"lines":"33","arr":["33"],"mode":"bus","angle":89.1,"extra":1,"ei":6,"l0":"33","c0":"#ab0377"},"geometry":{"type":"Point","coordinates":[18.578145,50.004532]}},{"type":"Feature","properties":{"lines":"33","arr":["33"],"mode":"bus","angle":64,"extra":1,"ei":7,"l0":"33","c0":"#ab0377"},"geometry":{"type":"Point","coordinates":[18.579235,50.002792]}},{"type":"Feature","properties":{"lines":"33","arr":["33"],"mode":"bus","angle":15.4,"l0":"33","c0":"#ab0377"},"geometry":{"type":"Point","coordinates":[18.582286,50.001545]}},{"type":"Feature","properties":{"lines":"33, 43, 48, A, N8","arr":["33","43","48","A","N8"],"mode":"bus","angle":35.3,"l0":"33, ","c0":"#ab0377","l1":"43, ","c1":"#ff627e","l2":"48, ","c2":"#e47e2b","l3":"A, ","c3":"#8e4604","l4":"N8","c4":"#05617d"},"geometry":{"type":"Point","coordinates":[18.518561,50.091925]}},{"type":"Feature","properties":{"lines":"34","arr":["34"],"mode":"bus","angle":1.5,"mi":2,"l0":"34","c0":"#446303"},"geometry":{"type":"Point","coordinates":[18.516805,50.101861]}},{"type":"Feature","properties":{"lines":"34","arr":["34"],"mode":"bus","angle":74.7,"l0":"34","c0":"#446303"},"geometry":{"type":"Point","coordinates":[18.516314,50.107477]}},{"type":"Feature","properties":{"lines":"34","arr":["34"],"mode":"bus","angle":-43.7,"mi":4,"l0":"34","c0":"#446303"},"geometry":{"type":"Point","coordinates":[18.51743,50.117639]}},{"type":"Feature","properties":{"lines":"34","arr":["34"],"mode":"bus","angle":-83.9,"mi":1,"l0":"34","c0":"#446303"},"geometry":{"type":"Point","coordinates":[18.515047,50.114015]}},{"type":"Feature","properties":{"lines":"34","arr":["34"],"mode":"bus","angle":-58.5,"extra":1,"ei":0,"l0":"34","c0":"#446303"},"geometry":{"type":"Point","coordinates":[18.518878,50.119203]}},{"type":"Feature","properties":{"lines":"34","arr":["34"],"mode":"bus","angle":-74.9,"extra":1,"ei":1,"l0":"34","c0":"#446303"},"geometry":{"type":"Point","coordinates":[18.515729,50.116104]}},{"type":"Feature","properties":{"lines":"34","arr":["34"],"mode":"bus","angle":-90,"extra":1,"ei":0,"l0":"34","c0":"#446303"},"geometry":{"type":"Point","coordinates":[18.514774,50.11196]}},{"type":"Feature","properties":{"lines":"34","arr":["34"],"mode":"bus","angle":76.2,"extra":1,"ei":1,"l0":"34","c0":"#446303"},"geometry":{"type":"Point","coordinates":[18.515289,50.110108]}},{"type":"Feature","properties":{"lines":"34","arr":["34"],"mode":"bus","angle":-89.1,"extra":1,"ei":2,"l0":"34","c0":"#446303"},"geometry":{"type":"Point","coordinates":[18.516647,50.104546]}},{"type":"Feature","properties":{"lines":"34","arr":["34"],"mode":"bus","angle":-80.3,"extra":1,"ei":3,"l0":"34","c0":"#446303"},"geometry":{"type":"Point","coordinates":[18.516267,50.102676]}},{"type":"Feature","properties":{"lines":"34","arr":["34"],"mode":"bus","angle":6.3,"mi":2,"l0":"34","c0":"#446303"},"geometry":{"type":"Point","coordinates":[18.529802,50.134346]}},{"type":"Feature","properties":{"lines":"34","arr":["34"],"mode":"bus","angle":6.6,"mi":1,"l0":"34","c0":"#446303"},"geometry":{"type":"Point","coordinates":[18.535588,50.13557]}},{"type":"Feature","properties":{"lines":"34","arr":["34"],"mode":"bus","angle":-83,"extra":1,"ei":0,"l0":"34","c0":"#446303"},"geometry":{"type":"Point","coordinates":[18.530879,50.13522]}},{"type":"Feature","properties":{"lines":"34","arr":["34"],"mode":"bus","angle":6.5,"extra":1,"ei":1,"l0":"34","c0":"#446303"},"geometry":{"type":"Point","coordinates":[18.532866,50.13577]}},{"type":"Feature","properties":{"lines":"34","arr":["34"],"mode":"bus","angle":15.4,"extra":1,"ei":2,"l0":"34","c0":"#446303"},"geometry":{"type":"Point","coordinates":[18.538703,50.135291]}},{"type":"Feature","properties":{"lines":"34","arr":["34"],"mode":"bus","angle":20.9,"extra":1,"ei":3,"l0":"34","c0":"#446303"},"geometry":{"type":"Point","coordinates":[18.541463,50.134636]}},{"type":"Feature","properties":{"lines":"34","arr":["34"],"mode":"bus","angle":-73.6,"l0":"34","c0":"#446303"},"geometry":{"type":"Point","coordinates":[18.542463,50.134399]}},{"type":"Feature","properties":{"lines":"34","arr":["34"],"mode":"bus","angle":-24.9,"mi":3,"l0":"34","c0":"#446303"},"geometry":{"type":"Point","coordinates":[18.550069,50.132678]}},{"type":"Feature","properties":{"lines":"34","arr":["34"],"mode":"bus","angle":-9.3,"mi":3,"l0":"34","c0":"#446303"},"geometry":{"type":"Point","coordinates":[18.516659,50.101818]}},{"type":"Feature","properties":{"lines":"34, 41","arr":["34","41"],"mode":"bus","angle":10.6,"side":-1,"l0":"34, ","c0":"#446303","l1":"41","c1":"#11a2e3"},"geometry":{"type":"Point","coordinates":[18.543683,50.134068]}},{"type":"Feature","properties":{"lines":"34","arr":["34"],"mode":"bus","angle":-46.9,"l0":"34","c0":"#446303"},"geometry":{"type":"Point","coordinates":[18.557208,50.183198]}},{"type":"Feature","properties":{"lines":"34","arr":["34"],"mode":"bus","angle":-82.8,"extra":1,"ei":0,"l0":"34","c0":"#446303"},"geometry":{"type":"Point","coordinates":[18.540581,50.167713]}},{"type":"Feature","properties":{"lines":"34","arr":["34"],"mode":"bus","angle":-72.4,"extra":1,"ei":1,"l0":"34","c0":"#446303"},"geometry":{"type":"Point","coordinates":[18.541159,50.16956]}},{"type":"Feature","properties":{"lines":"34","arr":["34"],"mode":"bus","angle":-72,"extra":1,"ei":2,"l0":"34","c0":"#446303"},"geometry":{"type":"Point","coordinates":[18.54207,50.171356]}},{"type":"Feature","properties":{"lines":"34","arr":["34"],"mode":"bus","angle":-72,"extra":1,"ei":3,"l0":"34","c0":"#446303"},"geometry":{"type":"Point","coordinates":[18.542982,50.173152]}},{"type":"Feature","properties":{"lines":"34","arr":["34"],"mode":"bus","angle":-67.1,"extra":1,"ei":4,"l0":"34","c0":"#446303"},"geometry":{"type":"Point","coordinates":[18.543938,50.174938]}},{"type":"Feature","properties":{"lines":"34","arr":["34"],"mode":"bus","angle":-49.7,"extra":1,"ei":5,"l0":"34","c0":"#446303"},"geometry":{"type":"Point","coordinates":[18.545482,50.176537]}},{"type":"Feature","properties":{"lines":"34","arr":["34"],"mode":"bus","angle":-40.2,"extra":1,"ei":6,"l0":"34","c0":"#446303"},"geometry":{"type":"Point","coordinates":[18.547634,50.177822]}},{"type":"Feature","properties":{"lines":"34","arr":["34"],"mode":"bus","angle":-40.2,"extra":1,"ei":7,"l0":"34","c0":"#446303"},"geometry":{"type":"Point","coordinates":[18.549882,50.179041]}},{"type":"Feature","properties":{"lines":"34","arr":["34"],"mode":"bus","angle":-40.1,"extra":1,"ei":8,"l0":"34","c0":"#446303"},"geometry":{"type":"Point","coordinates":[18.552133,50.180258]}},{"type":"Feature","properties":{"lines":"34","arr":["34"],"mode":"bus","angle":-40.1,"extra":1,"ei":9,"l0":"34","c0":"#446303"},"geometry":{"type":"Point","coordinates":[18.554384,50.181476]}},{"type":"Feature","properties":{"lines":"34","arr":["34"],"mode":"bus","angle":-47,"extra":1,"ei":10,"l0":"34","c0":"#446303"},"geometry":{"type":"Point","coordinates":[18.558564,50.184129]}},{"type":"Feature","properties":{"lines":"34","arr":["34"],"mode":"bus","angle":-46.3,"extra":1,"ei":11,"l0":"34","c0":"#446303"},"geometry":{"type":"Point","coordinates":[18.560575,50.185508]}},{"type":"Feature","properties":{"lines":"34","arr":["34"],"mode":"bus","angle":-46.5,"extra":1,"ei":12,"l0":"34","c0":"#446303"},"geometry":{"type":"Point","coordinates":[18.562607,50.186875]}},{"type":"Feature","properties":{"lines":"34","arr":["34"],"mode":"bus","angle":-45.8,"extra":1,"ei":13,"l0":"34","c0":"#446303"},"geometry":{"type":"Point","coordinates":[18.564643,50.188239]}},{"type":"Feature","properties":{"lines":"34","arr":["34"],"mode":"bus","angle":-45.3,"extra":1,"ei":14,"l0":"34","c0":"#446303"},"geometry":{"type":"Point","coordinates":[18.566707,50.189585]}},{"type":"Feature","properties":{"lines":"34","arr":["34"],"mode":"bus","angle":-45.3,"extra":1,"ei":15,"l0":"34","c0":"#446303"},"geometry":{"type":"Point","coordinates":[18.568786,50.190923]}},{"type":"Feature","properties":{"lines":"34","arr":["34"],"mode":"bus","angle":-45.6,"extra":1,"ei":16,"l0":"34","c0":"#446303"},"geometry":{"type":"Point","coordinates":[18.570849,50.19227]}},{"type":"Feature","properties":{"lines":"34","arr":["34"],"mode":"bus","angle":-45.1,"extra":1,"ei":17,"l0":"34","c0":"#446303"},"geometry":{"type":"Point","coordinates":[18.572927,50.193607]}},{"type":"Feature","properties":{"lines":"34","arr":["34"],"mode":"bus","angle":-45.4,"extra":1,"ei":18,"l0":"34","c0":"#446303"},"geometry":{"type":"Point","coordinates":[18.575002,50.194947]}},{"type":"Feature","properties":{"lines":"34","arr":["34"],"mode":"bus","angle":-45.1,"extra":1,"ei":19,"l0":"34","c0":"#446303"},"geometry":{"type":"Point","coordinates":[18.577077,50.196287]}},{"type":"Feature","properties":{"lines":"34","arr":["34"],"mode":"bus","angle":-45.2,"extra":1,"ei":20,"l0":"34","c0":"#446303"},"geometry":{"type":"Point","coordinates":[18.579162,50.19762]}},{"type":"Feature","properties":{"lines":"36","arr":["36"],"mode":"bus","angle":20.6,"l0":"36","c0":"#19a9a8"},"geometry":{"type":"Point","coordinates":[18.447441,50.113097]}},{"type":"Feature","properties":{"lines":"36","arr":["36"],"mode":"bus","angle":19.7,"extra":1,"ei":0,"l0":"36","c0":"#19a9a8"},"geometry":{"type":"Point","coordinates":[18.466506,50.108551]}},{"type":"Feature","properties":{"lines":"36","arr":["36"],"mode":"bus","angle":21,"extra":1,"ei":1,"l0":"36","c0":"#19a9a8"},"geometry":{"type":"Point","coordinates":[18.463751,50.109217]}},{"type":"Feature","properties":{"lines":"36","arr":["36"],"mode":"bus","angle":20.2,"extra":1,"ei":2,"l0":"36","c0":"#19a9a8"},"geometry":{"type":"Point","coordinates":[18.460993,50.109878]}},{"type":"Feature","properties":{"lines":"36","arr":["36"],"mode":"bus","angle":20.9,"extra":1,"ei":3,"l0":"36","c0":"#19a9a8"},"geometry":{"type":"Point","coordinates":[18.458232,50.110534]}},{"type":"Feature","properties":{"lines":"36","arr":["36"],"mode":"bus","angle":20.4,"extra":1,"ei":4,"l0":"36","c0":"#19a9a8"},"geometry":{"type":"Point","coordinates":[18.455482,50.111207]}},{"type":"Feature","properties":{"lines":"36","arr":["36"],"mode":"bus","angle":19.8,"extra":1,"ei":5,"l0":"36","c0":"#19a9a8"},"geometry":{"type":"Point","coordinates":[18.452715,50.111852]}},{"type":"Feature","properties":{"lines":"36","arr":["36"],"mode":"bus","angle":20.1,"extra":1,"ei":6,"l0":"36","c0":"#19a9a8"},"geometry":{"type":"Point","coordinates":[18.449949,50.1125]}},{"type":"Feature","properties":{"lines":"36","arr":["36"],"mode":"bus","angle":20.6,"extra":1,"ei":7,"l0":"36","c0":"#19a9a8"},"geometry":{"type":"Point","coordinates":[18.444434,50.113822]}},{"type":"Feature","properties":{"lines":"36","arr":["36"],"mode":"bus","angle":20.6,"extra":1,"ei":8,"l0":"36","c0":"#19a9a8"},"geometry":{"type":"Point","coordinates":[18.441677,50.114486]}},{"type":"Feature","properties":{"lines":"36","arr":["36"],"mode":"bus","angle":20.6,"extra":1,"ei":9,"l0":"36","c0":"#19a9a8"},"geometry":{"type":"Point","coordinates":[18.438921,50.11515]}},{"type":"Feature","properties":{"lines":"36","arr":["36"],"mode":"bus","angle":20.5,"extra":1,"ei":10,"l0":"36","c0":"#19a9a8"},"geometry":{"type":"Point","coordinates":[18.436163,50.115811]}},{"type":"Feature","properties":{"lines":"36","arr":["36"],"mode":"bus","angle":20.6,"extra":1,"ei":11,"l0":"36","c0":"#19a9a8"},"geometry":{"type":"Point","coordinates":[18.433408,50.116476]}},{"type":"Feature","properties":{"lines":"36","arr":["36"],"mode":"bus","angle":20.5,"extra":1,"ei":12,"l0":"36","c0":"#19a9a8"},"geometry":{"type":"Point","coordinates":[18.430653,50.117142]}},{"type":"Feature","properties":{"lines":"36","arr":["36"],"mode":"bus","angle":19.8,"extra":1,"ei":13,"l0":"36","c0":"#19a9a8"},"geometry":{"type":"Point","coordinates":[18.427885,50.117786]}},{"type":"Feature","properties":{"lines":"36","arr":["36"],"mode":"bus","angle":20.7,"l0":"36","c0":"#19a9a8"},"geometry":{"type":"Point","coordinates":[18.421028,50.119405]}},{"type":"Feature","properties":{"lines":"36","arr":["36"],"mode":"bus","angle":19.8,"extra":1,"ei":0,"l0":"36","c0":"#19a9a8"},"geometry":{"type":"Point","coordinates":[18.425624,50.118313]}},{"type":"Feature","properties":{"lines":"36","arr":["36"],"mode":"bus","angle":20.5,"extra":1,"ei":1,"l0":"36","c0":"#19a9a8"},"geometry":{"type":"Point","coordinates":[18.422859,50.118962]}},{"type":"Feature","properties":{"lines":"36","arr":["36"],"mode":"bus","angle":20.5,"extra":1,"ei":2,"l0":"36","c0":"#19a9a8"},"geometry":{"type":"Point","coordinates":[18.417351,50.120297]}},{"type":"Feature","properties":{"lines":"41","arr":["41"],"mode":"bus","angle":-38.6,"side":-1,"l0":"41","c0":"#11a2e3"},"geometry":{"type":"Point","coordinates":[18.54289,50.13393]}},{"type":"Feature","properties":{"lines":"42, 45","arr":["42","45"],"mode":"bus","angle":18.7,"mi":2,"l0":"42, ","c0":"#b11526","l1":"45","c1":"#03636c"},"geometry":{"type":"Point","coordinates":[18.622453,50.054932]}},{"type":"Feature","properties":{"lines":"42, 45","arr":["42","45"],"mode":"bus","angle":28.3,"extra":1,"ei":0,"l0":"42, ","c0":"#b11526","l1":"45","c1":"#03636c"},"geometry":{"type":"Point","coordinates":[18.62941,50.053067]}},{"type":"Feature","properties":{"lines":"42, 45","arr":["42","45"],"mode":"bus","angle":33.2,"extra":1,"ei":1,"l0":"42, ","c0":"#b11526","l1":"45","c1":"#03636c"},"geometry":{"type":"Point","coordinates":[18.626956,50.054106]}},{"type":"Feature","properties":{"lines":"42, 45","arr":["42","45"],"mode":"bus","angle":18.3,"extra":1,"ei":2,"l0":"42, ","c0":"#b11526","l1":"45","c1":"#03636c"},"geometry":{"type":"Point","coordinates":[18.618539,50.055765]}},{"type":"Feature","properties":{"lines":"42, 45","arr":["42","45"],"mode":"bus","angle":19.4,"extra":1,"ei":3,"l0":"42, ","c0":"#b11526","l1":"45","c1":"#03636c"},"geometry":{"type":"Point","coordinates":[18.615747,50.056364]}},{"type":"Feature","properties":{"lines":"42, 45","arr":["42","45"],"mode":"bus","angle":44.1,"mi":1,"l0":"42, ","c0":"#b11526","l1":"45","c1":"#03636c"},"geometry":{"type":"Point","coordinates":[18.610246,50.058077]}},{"type":"Feature","properties":{"lines":"42, 45","arr":["42","45"],"mode":"bus","angle":19.7,"extra":1,"ei":0,"l0":"42, ","c0":"#b11526","l1":"45","c1":"#03636c"},"geometry":{"type":"Point","coordinates":[18.612422,50.05712]}},{"type":"Feature","properties":{"lines":"42, 45","arr":["42","45"],"mode":"bus","angle":44,"extra":1,"ei":1,"l0":"42, ","c0":"#b11526","l1":"45","c1":"#03636c"},"geometry":{"type":"Point","coordinates":[18.607934,50.059508]}},{"type":"Feature","properties":{"lines":"42, 45","arr":["42","45"],"mode":"bus","angle":4.8,"side":-1,"l0":"42, ","c0":"#b11526","l1":"45","c1":"#03636c"},"geometry":{"type":"Point","coordinates":[18.61099,50.057392]}},{"type":"Feature","properties":{"lines":"45","arr":["45"],"mode":"bus","angle":44.1,"mi":1,"l0":"45","c0":"#03636c"},"geometry":{"type":"Point","coordinates":[18.605021,50.061308]}},{"type":"Feature","properties":{"lines":"42","arr":["42"],"mode":"bus","angle":85.9,"mi":2,"l0":"42","c0":"#b11526"},"geometry":{"type":"Point","coordinates":[18.606891,50.057474]}},{"type":"Feature","properties":{"lines":"42","arr":["42"],"mode":"bus","angle":-39.2,"extra":1,"ei":0,"l0":"42","c0":"#b11526"},"geometry":{"type":"Point","coordinates":[18.607025,50.05594]}},{"type":"Feature","properties":{"lines":"42","arr":["42"],"mode":"bus","angle":-74,"extra":1,"ei":1,"l0":"42","c0":"#b11526"},"geometry":{"type":"Point","coordinates":[18.607101,50.05969]}},{"type":"Feature","properties":{"lines":"42","arr":["42"],"mode":"bus","angle":-30.1,"l0":"42","c0":"#b11526"},"geometry":{"type":"Point","coordinates":[18.604443,50.055624]}},{"type":"Feature","properties":{"lines":"42","arr":["42"],"mode":"bus","angle":-89,"mi":1,"l0":"42","c0":"#b11526"},"geometry":{"type":"Point","coordinates":[18.602245,50.054142]}},{"type":"Feature","properties":{"lines":"42, N8","arr":["42","N8"],"mode":"bus","angle":-30.2,"l0":"42, ","c0":"#b11526","l1":"N8","c1":"#05617d"},"geometry":{"type":"Point","coordinates":[18.60499,50.050776]}},{"type":"Feature","properties":{"lines":"42, N8","arr":["42","N8"],"mode":"bus","angle":58.7,"mi":1,"l0":"42, ","c0":"#b11526","l1":"N8","c1":"#05617d"},"geometry":{"type":"Point","coordinates":[18.605798,50.04843]}},{"type":"Feature","properties":{"lines":"42, N8","arr":["42","N8"],"mode":"bus","angle":59.5,"extra":1,"ei":0,"l0":"42, ","c0":"#b11526","l1":"N8","c1":"#05617d"},"geometry":{"type":"Point","coordinates":[18.60474,50.049565]}},{"type":"Feature","properties":{"lines":"42, 46, 46A, 48, 49","arr":["42","46","46A","48","49"],"mode":"bus","angle":79.9,"l0":"42, ","c0":"#b11526","l1":"46, ","c1":"#119efc","l2":"46A, ","c2":"#4d4aba","l3":"48, ","c3":"#e47e2b","l4":"49","c4":"#ff5e9b"},"geometry":{"type":"Point","coordinates":[18.586842,50.050798]}},{"type":"Feature","properties":{"lines":"42, 46, 46A, 48, 49","arr":["42","46","46A","48","49"],"mode":"bus","angle":82.1,"mi":2,"l0":"42, ","c0":"#b11526","l1":"46, ","c1":"#119efc","l2":"46A, ","c2":"#4d4aba","l3":"48, ","c3":"#e47e2b","l4":"49","c4":"#ff5e9b"},"geometry":{"type":"Point","coordinates":[18.586201,50.052991]}},{"type":"Feature","properties":{"lines":"42, 46, 46A, 48","arr":["42","46","46A","48"],"mode":"bus","angle":-52.3,"l0":"42, ","c0":"#b11526","l1":"46, ","c1":"#119efc","l2":"46A, ","c2":"#4d4aba","l3":"48","c3":"#e47e2b"},"geometry":{"type":"Point","coordinates":[18.586831,50.054608]}},{"type":"Feature","properties":{"lines":"42, 46, 46A","arr":["42","46","46A"],"mode":"bus","angle":24,"mi":1,"l0":"42, ","c0":"#b11526","l1":"46, ","c1":"#119efc","l2":"46A","c2":"#4d4aba"},"geometry":{"type":"Point","coordinates":[18.592347,50.053174]}},{"type":"Feature","properties":{"lines":"42, 46, 46A","arr":["42","46","46A"],"mode":"bus","angle":52.1,"extra":1,"ei":0,"l0":"42, ","c0":"#b11526","l1":"46, ","c1":"#119efc","l2":"46A","c2":"#4d4aba"},"geometry":{"type":"Point","coordinates":[18.589336,50.05466]}},{"type":"Feature","properties":{"lines":"42, 46, 46A","arr":["42","46","46A"],"mode":"bus","angle":22.8,"extra":1,"ei":1,"l0":"42, ","c0":"#b11526","l1":"46, ","c1":"#119efc","l2":"46A","c2":"#4d4aba"},"geometry":{"type":"Point","coordinates":[18.594215,50.052641]}},{"type":"Feature","properties":{"lines":"42, 46, 46A","arr":["42","46","46A"],"mode":"bus","angle":-2.2,"extra":1,"ei":2,"l0":"42, ","c0":"#b11526","l1":"46, ","c1":"#119efc","l2":"46A","c2":"#4d4aba"},"geometry":{"type":"Point","coordinates":[18.597122,50.052582]}},{"type":"Feature","properties":{"lines":"42, 46, 46A","arr":["42","46","46A"],"mode":"bus","angle":-31.9,"mi":2,"l0":"42, ","c0":"#b11526","l1":"46, ","c1":"#119efc","l2":"46A","c2":"#4d4aba"},"geometry":{"type":"Point","coordinates":[18.59005,50.055552]}},{"type":"Feature","properties":{"lines":"42, 46, 46A","arr":["42","46","46A"],"mode":"bus","angle":26.8,"l0":"42, ","c0":"#b11526","l1":"46, ","c1":"#119efc","l2":"46A","c2":"#4d4aba"},"geometry":{"type":"Point","coordinates":[18.593946,50.054625]}},{"type":"Feature","properties":{"lines":"42, 46, 46A","arr":["42","46","46A"],"mode":"bus","angle":39,"extra":1,"ei":0,"l0":"42, ","c0":"#b11526","l1":"46, ","c1":"#119efc","l2":"46A","c2":"#4d4aba"},"geometry":{"type":"Point","coordinates":[18.592121,50.055287]}},{"type":"Feature","properties":{"lines":"42, 46","arr":["42","46"],"mode":"bus","angle":58.8,"l0":"42, ","c0":"#b11526","l1":"46","c1":"#119efc"},"geometry":{"type":"Point","coordinates":[18.590077,50.076194]}},{"type":"Feature","properties":{"lines":"42, 46","arr":["42","46"],"mode":"bus","angle":-82.9,"extra":1,"ei":0,"l0":"42, ","c0":"#b11526","l1":"46","c1":"#119efc"},"geometry":{"type":"Point","coordinates":[18.586414,50.086175]}},{"type":"Feature","properties":{"lines":"42, 46","arr":["42","46"],"mode":"bus","angle":85.2,"extra":1,"ei":1,"l0":"42, ","c0":"#b11526","l1":"46","c1":"#119efc"},"geometry":{"type":"Point","coordinates":[18.586527,50.084289]}},{"type":"Feature","properties":{"lines":"42, 46","arr":["42","46"],"mode":"bus","angle":-89.3,"extra":1,"ei":2,"l0":"42, ","c0":"#b11526","l1":"46","c1":"#119efc"},"geometry":{"type":"Point","coordinates":[18.586055,50.082463]}},{"type":"Feature","properties":{"lines":"42, 46","arr":["42","46"],"mode":"bus","angle":86.1,"extra":1,"ei":3,"l0":"42, ","c0":"#b11526","l1":"46","c1":"#119efc"},"geometry":{"type":"Point","coordinates":[18.58629,50.080616]}},{"type":"Feature","properties":{"lines":"42, 46","arr":["42","46"],"mode":"bus","angle":59.8,"extra":1,"ei":4,"l0":"42, ","c0":"#b11526","l1":"46","c1":"#119efc"},"geometry":{"type":"Point","coordinates":[18.587551,50.078934]}},{"type":"Feature","properties":{"lines":"42, 46","arr":["42","46"],"mode":"bus","angle":58.8,"extra":1,"ei":5,"l0":"42, ","c0":"#b11526","l1":"46","c1":"#119efc"},"geometry":{"type":"Point","coordinates":[18.589026,50.0773]}},{"type":"Feature","properties":{"lines":"42, 46","arr":["42","46"],"mode":"bus","angle":42.1,"extra":1,"ei":6,"l0":"42, ","c0":"#b11526","l1":"46","c1":"#119efc"},"geometry":{"type":"Point","coordinates":[18.592425,50.074251]}},{"type":"Feature","properties":{"lines":"42, 46","arr":["42","46"],"mode":"bus","angle":47.1,"extra":1,"ei":7,"l0":"42, ","c0":"#b11526","l1":"46","c1":"#119efc"},"geometry":{"type":"Point","coordinates":[18.594599,50.072978]}},{"type":"Feature","properties":{"lines":"42, 46","arr":["42","46"],"mode":"bus","angle":38.5,"extra":1,"ei":8,"l0":"42, ","c0":"#b11526","l1":"46","c1":"#119efc"},"geometry":{"type":"Point","coordinates":[18.596576,50.071594]}},{"type":"Feature","properties":{"lines":"42, 46","arr":["42","46"],"mode":"bus","angle":64.2,"extra":1,"ei":9,"l0":"42, ","c0":"#b11526","l1":"46","c1":"#119efc"},"geometry":{"type":"Point","coordinates":[18.598475,50.07018]}},{"type":"Feature","properties":{"lines":"42, 46","arr":["42","46"],"mode":"bus","angle":71.6,"extra":1,"ei":10,"l0":"42, ","c0":"#b11526","l1":"46","c1":"#119efc"},"geometry":{"type":"Point","coordinates":[18.599508,50.068413]}},{"type":"Feature","properties":{"lines":"42","arr":["42"],"mode":"bus","angle":89,"l0":"42","c0":"#b11526"},"geometry":{"type":"Point","coordinates":[18.579269,50.089912]}},{"type":"Feature","properties":{"lines":"42","arr":["42"],"mode":"bus","angle":-52.7,"extra":1,"ei":0,"l0":"42","c0":"#b11526"},"geometry":{"type":"Point","coordinates":[18.578468,50.088789]}},{"type":"Feature","properties":{"lines":"42, 45, 46, 48, 51, 52","arr":["42","45","46","48","51","52"],"mode":"bus","angle":15,"l0":"42, ","c0":"#b11526","l1":"45, ","c1":"#03636c","l2":"46, ","c2":"#119efc","l3":"48, ","c3":"#e47e2b","l4":"51, ","c4":"#6b5806","l5":"52","c5":"#07ad80"},"geometry":{"type":"Point","coordinates":[18.581744,50.087668]}},{"type":"Feature","properties":{"lines":"42, 45, 46, 48, 51, 52","arr":["42","45","46","48","51","52"],"mode":"bus","angle":35.4,"extra":1,"ei":0,"l0":"42, ","c0":"#b11526","l1":"45, ","c1":"#03636c","l2":"46, ","c2":"#119efc","l3":"48, ","c3":"#e47e2b","l4":"51, ","c4":"#6b5806","l5":"52","c5":"#07ad80"},"geometry":{"type":"Point","coordinates":[18.578359,50.088371]}},{"type":"Feature","properties":{"lines":"42, 45, 46, 48, 51, 52","arr":["42","45","46","48","51","52"],"mode":"bus","angle":0.6,"extra":1,"ei":1,"l0":"42, ","c0":"#b11526","l1":"45, ","c1":"#03636c","l2":"46, ","c2":"#119efc","l3":"48, ","c3":"#e47e2b","l4":"51, ","c4":"#6b5806","l5":"52","c5":"#07ad80"},"geometry":{"type":"Point","coordinates":[18.584045,50.087534]}},{"type":"Feature","properties":{"lines":"42","arr":["42"],"mode":"bus","angle":-59.6,"l0":"42","c0":"#b11526"},"geometry":{"type":"Point","coordinates":[18.571597,50.080973]}},{"type":"Feature","properties":{"lines":"42","arr":["42"],"mode":"bus","angle":-47.7,"extra":1,"ei":0,"l0":"42","c0":"#b11526"},"geometry":{"type":"Point","coordinates":[18.566499,50.073912]}},{"type":"Feature","properties":{"lines":"42","arr":["42"],"mode":"bus","angle":-55.6,"extra":1,"ei":1,"l0":"42","c0":"#b11526"},"geometry":{"type":"Point","coordinates":[18.568181,50.075457]}},{"type":"Feature","properties":{"lines":"42","arr":["42"],"mode":"bus","angle":-63,"extra":1,"ei":2,"l0":"42","c0":"#b11526"},"geometry":{"type":"Point","coordinates":[18.569704,50.077069]}},{"type":"Feature","properties":{"lines":"42","arr":["42"],"mode":"bus","angle":-69.9,"extra":1,"ei":3,"l0":"42","c0":"#b11526"},"geometry":{"type":"Point","coordinates":[18.570743,50.078834]}},{"type":"Feature","properties":{"lines":"42","arr":["42"],"mode":"bus","angle":-39,"extra":1,"ei":4,"l0":"42","c0":"#b11526"},"geometry":{"type":"Point","coordinates":[18.57352,50.081891]}},{"type":"Feature","properties":{"lines":"42","arr":["42"],"mode":"bus","angle":-55.9,"extra":1,"ei":5,"l0":"42","c0":"#b11526"},"geometry":{"type":"Point","coordinates":[18.574903,50.083514]}},{"type":"Feature","properties":{"lines":"42","arr":["42"],"mode":"bus","angle":-68.8,"extra":1,"ei":6,"l0":"42","c0":"#b11526"},"geometry":{"type":"Point","coordinates":[18.57644,50.085103]}},{"type":"Feature","properties":{"lines":"42","arr":["42"],"mode":"bus","angle":-66,"extra":1,"ei":7,"l0":"42","c0":"#b11526"},"geometry":{"type":"Point","coordinates":[18.577634,50.086826]}},{"type":"Feature","properties":{"lines":"45, 46, 48, 51, 52","arr":["45","46","48","51","52"],"mode":"bus","angle":50.7,"l0":"45, ","c0":"#03636c","l1":"46, ","c1":"#119efc","l2":"48, ","c2":"#e47e2b","l3":"51, ","c3":"#6b5806","l4":"52","c4":"#07ad80"},"geometry":{"type":"Point","coordinates":[18.576624,50.089662]}},{"type":"Feature","properties":{"lines":"45, 46, 48, 51, 52","arr":["45","46","48","51","52"],"mode":"bus","angle":48.5,"side":-1,"mi":1,"l0":"45, ","c0":"#03636c","l1":"46, ","c1":"#119efc","l2":"48, ","c2":"#e47e2b","l3":"51, ","c3":"#6b5806","l4":"52","c4":"#07ad80"},"geometry":{"type":"Point","coordinates":[18.575139,50.090654]}},{"type":"Feature","properties":{"lines":"45, 46, 48, 51, 52","arr":["45","46","48","51","52"],"mode":"bus","angle":-1.2,"side":-1,"l0":"45, ","c0":"#03636c","l1":"46, ","c1":"#119efc","l2":"48, ","c2":"#e47e2b","l3":"51, ","c3":"#6b5806","l4":"52","c4":"#07ad80"},"geometry":{"type":"Point","coordinates":[18.55964,50.095835]}},{"type":"Feature","properties":{"lines":"42, 46, 46A, 48, 49","arr":["42","46","46A","48","49"],"mode":"bus","angle":21,"mi":1,"l0":"42, ","c0":"#b11526","l1":"46, ","c1":"#119efc","l2":"46A, ","c2":"#4d4aba","l3":"48, ","c3":"#e47e2b","l4":"49","c4":"#ff5e9b"},"geometry":{"type":"Point","coordinates":[18.587689,50.049297]}},{"type":"Feature","properties":{"lines":"43, 45, PR","arr":["43","45","PR"],"mode":"bus","angle":67.9,"mi":1,"l0":"43, ","c0":"#ff627e","l1":"45, ","c1":"#03636c","l2":"PR","c2":"#4d4aba"},"geometry":{"type":"Point","coordinates":[18.489382,50.132338]}},{"type":"Feature","properties":{"lines":"43, 45, PR","arr":["43","45","PR"],"mode":"bus","angle":-77.6,"extra":1,"ei":0,"l0":"43, ","c0":"#ff627e","l1":"45, ","c1":"#03636c","l2":"PR","c2":"#4d4aba"},"geometry":{"type":"Point","coordinates":[18.478827,50.152783]}},{"type":"Feature","properties":{"lines":"43, 45, PR","arr":["43","45","PR"],"mode":"bus","angle":89.5,"extra":1,"ei":1,"l0":"43, ","c0":"#ff627e","l1":"45, ","c1":"#03636c","l2":"PR","c2":"#4d4aba"},"geometry":{"type":"Point","coordinates":[18.477959,50.150995]}},{"type":"Feature","properties":{"lines":"43, 45, PR","arr":["43","45","PR"],"mode":"bus","angle":85.8,"extra":1,"ei":2,"l0":"43, ","c0":"#ff627e","l1":"45, ","c1":"#03636c","l2":"PR","c2":"#4d4aba"},"geometry":{"type":"Point","coordinates":[18.478178,50.149111]}},{"type":"Feature","properties":{"lines":"43, 45, PR","arr":["43","45","PR"],"mode":"bus","angle":74,"extra":1,"ei":3,"l0":"43, ","c0":"#ff627e","l1":"45, ","c1":"#03636c","l2":"PR","c2":"#4d4aba"},"geometry":{"type":"Point","coordinates":[18.478533,50.147241]}},{"type":"Feature","properties":{"lines":"43, 45, PR","arr":["43","45","PR"],"mode":"bus","angle":77.3,"extra":1,"ei":4,"l0":"43, ","c0":"#ff627e","l1":"45, ","c1":"#03636c","l2":"PR","c2":"#4d4aba"},"geometry":{"type":"Point","coordinates":[18.47933,50.145424]}},{"type":"Feature","properties":{"lines":"43, 45, PR","arr":["43","45","PR"],"mode":"bus","angle":79.2,"extra":1,"ei":5,"l0":"43, ","c0":"#ff627e","l1":"45, ","c1":"#03636c","l2":"PR","c2":"#4d4aba"},"geometry":{"type":"Point","coordinates":[18.479946,50.143578]}},{"type":"Feature","properties":{"lines":"43, 45, PR","arr":["43","45","PR"],"mode":"bus","angle":70.4,"extra":1,"ei":6,"l0":"43, ","c0":"#ff627e","l1":"45, ","c1":"#03636c","l2":"PR","c2":"#4d4aba"},"geometry":{"type":"Point","coordinates":[18.480662,50.141748]}},{"type":"Feature","properties":{"lines":"43, 45, PR","arr":["43","45","PR"],"mode":"bus","angle":58.5,"extra":1,"ei":7,"l0":"43, ","c0":"#ff627e","l1":"45, ","c1":"#03636c","l2":"PR","c2":"#4d4aba"},"geometry":{"type":"Point","coordinates":[18.481934,50.140049]}},{"type":"Feature","properties":{"lines":"43, 45, PR","arr":["43","45","PR"],"mode":"bus","angle":57.1,"extra":1,"ei":8,"l0":"43, ","c0":"#ff627e","l1":"45, ","c1":"#03636c","l2":"PR","c2":"#4d4aba"},"geometry":{"type":"Point","coordinates":[18.483583,50.138485]}},{"type":"Feature","properties":{"lines":"43, 45, PR","arr":["43","45","PR"],"mode":"bus","angle":53.7,"extra":1,"ei":9,"l0":"43, ","c0":"#ff627e","l1":"45, ","c1":"#03636c","l2":"PR","c2":"#4d4aba"},"geometry":{"type":"Point","coordinates":[18.485229,50.13692]}},{"type":"Feature","properties":{"lines":"43, 45, PR","arr":["43","45","PR"],"mode":"bus","angle":53.2,"extra":1,"ei":10,"l0":"43, ","c0":"#ff627e","l1":"45, ","c1":"#03636c","l2":"PR","c2":"#4d4aba"},"geometry":{"type":"Point","coordinates":[18.486991,50.135407]}},{"type":"Feature","properties":{"lines":"43, 45, PR","arr":["43","45","PR"],"mode":"bus","angle":70.2,"extra":1,"ei":11,"l0":"43, ","c0":"#ff627e","l1":"45, ","c1":"#03636c","l2":"PR","c2":"#4d4aba"},"geometry":{"type":"Point","coordinates":[18.488559,50.133821]}},{"type":"Feature","properties":{"lines":"43, 45, PR","arr":["43","45","PR"],"mode":"bus","angle":34.8,"extra":1,"ei":12,"l0":"43, ","c0":"#ff627e","l1":"45, ","c1":"#03636c","l2":"PR","c2":"#4d4aba"},"geometry":{"type":"Point","coordinates":[18.491272,50.130539]}},{"type":"Feature","properties":{"lines":"43, 45, PR","arr":["43","45","PR"],"mode":"bus","angle":29.7,"extra":1,"ei":13,"l0":"43, ","c0":"#ff627e","l1":"45, ","c1":"#03636c","l2":"PR","c2":"#4d4aba"},"geometry":{"type":"Point","coordinates":[18.49379,50.129562]}},{"type":"Feature","properties":{"lines":"43, 45, PR","arr":["43","45","PR"],"mode":"bus","angle":30.9,"extra":1,"ei":14,"l0":"43, ","c0":"#ff627e","l1":"45, ","c1":"#03636c","l2":"PR","c2":"#4d4aba"},"geometry":{"type":"Point","coordinates":[18.496349,50.128627]}},{"type":"Feature","properties":{"lines":"43, 45, PR","arr":["43","45","PR"],"mode":"bus","angle":31.1,"extra":1,"ei":15,"l0":"43, ","c0":"#ff627e","l1":"45, ","c1":"#03636c","l2":"PR","c2":"#4d4aba"},"geometry":{"type":"Point","coordinates":[18.498869,50.127651]}},{"type":"Feature","properties":{"lines":"43, 45, PR","arr":["43","45","PR"],"mode":"bus","angle":32,"extra":1,"ei":16,"l0":"43, ","c0":"#ff627e","l1":"45, ","c1":"#03636c","l2":"PR","c2":"#4d4aba"},"geometry":{"type":"Point","coordinates":[18.501385,50.126671]}},{"type":"Feature","properties":{"lines":"43, 45, PR","arr":["43","45","PR"],"mode":"bus","angle":31.3,"extra":1,"ei":17,"l0":"43, ","c0":"#ff627e","l1":"45, ","c1":"#03636c","l2":"PR","c2":"#4d4aba"},"geometry":{"type":"Point","coordinates":[18.503893,50.125681]}},{"type":"Feature","properties":{"lines":"43, 45, PR","arr":["43","45","PR"],"mode":"bus","angle":30.8,"extra":1,"ei":18,"l0":"43, ","c0":"#ff627e","l1":"45, ","c1":"#03636c","l2":"PR","c2":"#4d4aba"},"geometry":{"type":"Point","coordinates":[18.506419,50.124712]}},{"type":"Feature","properties":{"lines":"43, 45, PR","arr":["43","45","PR"],"mode":"bus","angle":30.9,"extra":1,"ei":19,"l0":"43, ","c0":"#ff627e","l1":"45, ","c1":"#03636c","l2":"PR","c2":"#4d4aba"},"geometry":{"type":"Point","coordinates":[18.508946,50.123743]}},{"type":"Feature","properties":{"lines":"43, 45, PR","arr":["43","45","PR"],"mode":"bus","angle":26.6,"extra":1,"ei":20,"l0":"43, ","c0":"#ff627e","l1":"45, ","c1":"#03636c","l2":"PR","c2":"#4d4aba"},"geometry":{"type":"Point","coordinates":[18.511496,50.1228]}},{"type":"Feature","properties":{"lines":"43, 45, PR","arr":["43","45","PR"],"mode":"bus","angle":26,"extra":1,"ei":21,"l0":"43, ","c0":"#ff627e","l1":"45, ","c1":"#03636c","l2":"PR","c2":"#4d4aba"},"geometry":{"type":"Point","coordinates":[18.514136,50.121964]}},{"type":"Feature","properties":{"lines":"43, 45, PR","arr":["43","45","PR"],"mode":"bus","angle":27.1,"extra":1,"ei":22,"l0":"43, ","c0":"#ff627e","l1":"45, ","c1":"#03636c","l2":"PR","c2":"#4d4aba"},"geometry":{"type":"Point","coordinates":[18.516779,50.121132]}},{"type":"Feature","properties":{"lines":"43, 45, PR","arr":["43","45","PR"],"mode":"bus","angle":33.7,"extra":1,"ei":23,"l0":"43, ","c0":"#ff627e","l1":"45, ","c1":"#03636c","l2":"PR","c2":"#4d4aba"},"geometry":{"type":"Point","coordinates":[18.519307,50.120166]}},{"type":"Feature","properties":{"lines":"43","arr":["43"],"mode":"bus","angle":-85.5,"l0":"43","c0":"#ff627e"},"geometry":{"type":"Point","coordinates":[18.477675,50.164129]}},{"type":"Feature","properties":{"lines":"43","arr":["43"],"mode":"bus","angle":78.3,"extra":1,"ei":0,"l0":"43","c0":"#ff627e"},"geometry":{"type":"Point","coordinates":[18.47847,50.154624]}},{"type":"Feature","properties":{"lines":"43","arr":["43"],"mode":"bus","angle":83.2,"extra":1,"ei":1,"l0":"43","c0":"#ff627e"},"geometry":{"type":"Point","coordinates":[18.478107,50.156498]}},{"type":"Feature","properties":{"lines":"43","arr":["43"],"mode":"bus","angle":83.2,"extra":1,"ei":2,"l0":"43","c0":"#ff627e"},"geometry":{"type":"Point","coordinates":[18.477757,50.158373]}},{"type":"Feature","properties":{"lines":"43","arr":["43"],"mode":"bus","angle":83.4,"extra":1,"ei":3,"l0":"43","c0":"#ff627e"},"geometry":{"type":"Point","coordinates":[18.477408,50.160248]}},{"type":"Feature","properties":{"lines":"43","arr":["43"],"mode":"bus","angle":-85.5,"extra":1,"ei":4,"l0":"43","c0":"#ff627e"},"geometry":{"type":"Point","coordinates":[18.477426,50.162132]}},{"type":"Feature","properties":{"lines":"43","arr":["43"],"mode":"bus","angle":-85.6,"extra":1,"ei":5,"l0":"43","c0":"#ff627e"},"geometry":{"type":"Point","coordinates":[18.47789,50.165897]}},{"type":"Feature","properties":{"lines":"43","arr":["43"],"mode":"bus","angle":79.6,"extra":1,"ei":6,"l0":"43","c0":"#ff627e"},"geometry":{"type":"Point","coordinates":[18.477768,50.167775]}},{"type":"Feature","properties":{"lines":"43","arr":["43"],"mode":"bus","angle":79.3,"extra":1,"ei":7,"l0":"43","c0":"#ff627e"},"geometry":{"type":"Point","coordinates":[18.477223,50.169631]}},{"type":"Feature","properties":{"lines":"43","arr":["43"],"mode":"bus","angle":79.4,"extra":1,"ei":8,"l0":"43","c0":"#ff627e"},"geometry":{"type":"Point","coordinates":[18.476674,50.171487]}},{"type":"Feature","properties":{"lines":"43","arr":["43"],"mode":"bus","angle":74.1,"extra":1,"ei":9,"l0":"43","c0":"#ff627e"},"geometry":{"type":"Point","coordinates":[18.476122,50.173341]}},{"type":"Feature","properties":{"lines":"43","arr":["43"],"mode":"bus","angle":27.9,"l0":"43","c0":"#ff627e"},"geometry":{"type":"Point","coordinates":[18.472598,50.175629]}},{"type":"Feature","properties":{"lines":"43","arr":["43"],"mode":"bus","angle":36,"extra":1,"ei":0,"l0":"43","c0":"#ff627e"},"geometry":{"type":"Point","coordinates":[18.474246,50.175038]}},{"type":"Feature","properties":{"lines":"43","arr":["43"],"mode":"bus","angle":49.5,"l0":"43","c0":"#ff627e"},"geometry":{"type":"Point","coordinates":[18.459709,50.182295]}},{"type":"Feature","properties":{"lines":"43","arr":["43"],"mode":"bus","angle":28.4,"extra":1,"ei":0,"l0":"43","c0":"#ff627e"},"geometry":{"type":"Point","coordinates":[18.468128,50.176781]}},{"type":"Feature","properties":{"lines":"43","arr":["43"],"mode":"bus","angle":42.7,"extra":1,"ei":1,"l0":"43","c0":"#ff627e"},"geometry":{"type":"Point","coordinates":[18.465856,50.177973]}},{"type":"Feature","properties":{"lines":"43","arr":["43"],"mode":"bus","angle":48.3,"extra":1,"ei":2,"l0":"43","c0":"#ff627e"},"geometry":{"type":"Point","coordinates":[18.463729,50.179277]}},{"type":"Feature","properties":{"lines":"43","arr":["43"],"mode":"bus","angle":49.5,"extra":1,"ei":3,"l0":"43","c0":"#ff627e"},"geometry":{"type":"Point","coordinates":[18.461813,50.180711]}},{"type":"Feature","properties":{"lines":"43","arr":["43"],"mode":"bus","angle":57.3,"extra":1,"ei":4,"l0":"43","c0":"#ff627e"},"geometry":{"type":"Point","coordinates":[18.458053,50.183615]}},{"type":"Feature","properties":{"lines":"43","arr":["43"],"mode":"bus","angle":59.1,"extra":1,"ei":5,"l0":"43","c0":"#ff627e"},"geometry":{"type":"Point","coordinates":[18.456529,50.185231]}},{"type":"Feature","properties":{"lines":"43","arr":["43"],"mode":"bus","angle":59,"extra":1,"ei":6,"l0":"43","c0":"#ff627e"},"geometry":{"type":"Point","coordinates":[18.455007,50.186847]}},{"type":"Feature","properties":{"lines":"43","arr":["43"],"mode":"bus","angle":83.2,"extra":1,"ei":7,"l0":"43","c0":"#ff627e"},"geometry":{"type":"Point","coordinates":[18.453624,50.188505]}},{"type":"Feature","properties":{"lines":"43","arr":["43"],"mode":"bus","angle":50.7,"mi":3,"l0":"43","c0":"#ff627e"},"geometry":{"type":"Point","coordinates":[18.451632,50.191236]}},{"type":"Feature","properties":{"lines":"43","arr":["43"],"mode":"bus","angle":33.5,"extra":1,"ei":0,"l0":"43","c0":"#ff627e"},"geometry":{"type":"Point","coordinates":[18.453457,50.189989]}},{"type":"Feature","properties":{"lines":"43","arr":["43"],"mode":"bus","angle":25.3,"extra":1,"ei":1,"l0":"43","c0":"#ff627e"},"geometry":{"type":"Point","coordinates":[18.449157,50.192517]}},{"type":"Feature","properties":{"lines":"43","arr":["43"],"mode":"bus","angle":18.7,"l0":"43","c0":"#ff627e"},"geometry":{"type":"Point","coordinates":[18.448438,50.192656]}},{"type":"Feature","properties":{"lines":"43","arr":["43"],"mode":"bus","angle":63.5,"mi":2,"l0":"43","c0":"#ff627e"},"geometry":{"type":"Point","coordinates":[18.446764,50.192821]}},{"type":"Feature","properties":{"lines":"43","arr":["43"],"mode":"bus","angle":37.2,"mi":1,"l0":"43","c0":"#ff627e"},"geometry":{"type":"Point","coordinates":[18.447531,50.193046]}},{"type":"Feature","properties":{"lines":"43, 45, PR","arr":["43","45","PR"],"mode":"bus","angle":56.1,"side":-1,"l0":"43, ","c0":"#ff627e","l1":"45, ","c1":"#03636c","l2":"PR","c2":"#4d4aba"},"geometry":{"type":"Point","coordinates":[18.484492,50.137467]}},{"type":"Feature","properties":{"lines":"45","arr":["45"],"mode":"bus","angle":57.6,"l0":"45","c0":"#03636c"},"geometry":{"type":"Point","coordinates":[18.601422,50.063665]}},{"type":"Feature","properties":{"lines":"PR","arr":["PR"],"mode":"bus","angle":4,"mi":6,"l0":"PR","c0":"#4d4aba"},"geometry":{"type":"Point","coordinates":[18.533221,50.114434]}},{"type":"Feature","properties":{"lines":"PR","arr":["PR"],"mode":"bus","angle":-2.2,"l0":"PR","c0":"#4d4aba"},"geometry":{"type":"Point","coordinates":[18.541966,50.113092]}},{"type":"Feature","properties":{"lines":"PR","arr":["PR"],"mode":"bus","angle":0.6,"mi":3,"l0":"PR","c0":"#4d4aba"},"geometry":{"type":"Point","coordinates":[18.544996,50.111919]}},{"type":"Feature","properties":{"lines":"PR","arr":["PR"],"mode":"bus","angle":-52.8,"mi":4,"l0":"PR","c0":"#4d4aba"},"geometry":{"type":"Point","coordinates":[18.545761,50.111378]}},{"type":"Feature","properties":{"lines":"45","arr":["45"],"mode":"bus","angle":-43.3,"l0":"45","c0":"#03636c"},"geometry":{"type":"Point","coordinates":[18.48327,50.136866]}},{"type":"Feature","properties":{"lines":"45","arr":["45"],"mode":"bus","angle":-8.8,"mi":1,"l0":"45","c0":"#03636c"},"geometry":{"type":"Point","coordinates":[18.47302,50.13569]}},{"type":"Feature","properties":{"lines":"45","arr":["45"],"mode":"bus","angle":17,"extra":1,"ei":0,"l0":"45","c0":"#03636c"},"geometry":{"type":"Point","coordinates":[18.482689,50.135802]}},{"type":"Feature","properties":{"lines":"45","arr":["45"],"mode":"bus","angle":32.2,"extra":1,"ei":1,"l0":"45","c0":"#03636c"},"geometry":{"type":"Point","coordinates":[18.479916,50.136405]}},{"type":"Feature","properties":{"lines":"45","arr":["45"],"mode":"bus","angle":-30.2,"extra":1,"ei":2,"l0":"45","c0":"#03636c"},"geometry":{"type":"Point","coordinates":[18.477278,50.136507]}},{"type":"Feature","properties":{"lines":"45","arr":["45"],"mode":"bus","angle":3.5,"extra":1,"ei":3,"l0":"45","c0":"#03636c"},"geometry":{"type":"Point","coordinates":[18.468675,50.135716]}},{"type":"Feature","properties":{"lines":"45","arr":["45"],"mode":"bus","angle":34.9,"extra":1,"ei":4,"l0":"45","c0":"#03636c"},"geometry":{"type":"Point","coordinates":[18.465979,50.136365]}},{"type":"Feature","properties":{"lines":"45","arr":["45"],"mode":"bus","angle":55.9,"extra":1,"ei":5,"l0":"45","c0":"#03636c"},"geometry":{"type":"Point","coordinates":[18.464116,50.137807]}},{"type":"Feature","properties":{"lines":"45","arr":["45"],"mode":"bus","angle":25.6,"l0":"45","c0":"#03636c"},"geometry":{"type":"Point","coordinates":[18.452319,50.141392]}},{"type":"Feature","properties":{"lines":"45","arr":["45"],"mode":"bus","angle":22.2,"extra":1,"ei":0,"l0":"45","c0":"#03636c"},"geometry":{"type":"Point","coordinates":[18.462056,50.139194]}},{"type":"Feature","properties":{"lines":"45","arr":["45"],"mode":"bus","angle":15.6,"extra":1,"ei":1,"l0":"45","c0":"#03636c"},"geometry":{"type":"Point","coordinates":[18.45922,50.139699]}},{"type":"Feature","properties":{"lines":"45","arr":["45"],"mode":"bus","angle":28.8,"extra":1,"ei":2,"l0":"45","c0":"#03636c"},"geometry":{"type":"Point","coordinates":[18.456557,50.140481]}},{"type":"Feature","properties":{"lines":"45","arr":["45"],"mode":"bus","angle":17.3,"extra":1,"ei":3,"l0":"45","c0":"#03636c"},"geometry":{"type":"Point","coordinates":[18.448776,50.142959]}},{"type":"Feature","properties":{"lines":"45","arr":["45"],"mode":"bus","angle":17.2,"extra":1,"ei":4,"l0":"45","c0":"#03636c"},"geometry":{"type":"Point","coordinates":[18.445962,50.143513]}},{"type":"Feature","properties":{"lines":"45","arr":["45"],"mode":"bus","angle":8.3,"extra":1,"ei":5,"l0":"45","c0":"#03636c"},"geometry":{"type":"Point","coordinates":[18.4431,50.143728]}},{"type":"Feature","properties":{"lines":"45, 46, 48, 51, 52, 300, 301, 302, 306","arr":["45","46","48","51","52","300","301","302","306"],"mode":"bus","angle":18.5,"side":-1,"l0":"45, ","c0":"#03636c","l1":"46, ","c1":"#119efc","l2":"48, ","c2":"#e47e2b","l3":"51, ","c3":"#6b5806","l4":"52, ","c4":"#07ad80","l5":"300, ","c5":"#4d4aba","l6":"301, ","c6":"#b0045c","l7":"302, ","c7":"#999f01","l8":"306","c8":"#126804"},"geometry":{"type":"Point","coordinates":[18.558727,50.096039]}},{"type":"Feature","properties":{"lines":"45, 48, 51, 52","arr":["45","48","51","52"],"mode":"bus","angle":22.4,"side":-1,"l0":"45, ","c0":"#03636c","l1":"48, ","c1":"#e47e2b","l2":"51, ","c2":"#6b5806","l3":"52","c3":"#07ad80"},"geometry":{"type":"Point","coordinates":[18.598571,50.083702]}},{"type":"Feature","properties":{"lines":"45, 48, 51, 52","arr":["45","48","51","52"],"mode":"bus","angle":26.2,"side":-1,"mi":1,"l0":"45, ","c0":"#03636c","l1":"48, ","c1":"#e47e2b","l2":"51, ","c2":"#6b5806","l3":"52","c3":"#07ad80"},"geometry":{"type":"Point","coordinates":[18.600782,50.083031]}},{"type":"Feature","properties":{"lines":"45, 48, 51, 52","arr":["45","48","51","52"],"mode":"bus","angle":18.4,"side":-1,"mi":2,"l0":"45, ","c0":"#03636c","l1":"48, ","c1":"#e47e2b","l2":"51, ","c2":"#6b5806","l3":"52","c3":"#07ad80"},"geometry":{"type":"Point","coordinates":[18.587763,50.086952]}},{"type":"Feature","properties":{"lines":"46A","arr":["46A"],"mode":"bus","angle":-0.6,"mi":7,"l0":"46A","c0":"#4d4aba"},"geometry":{"type":"Point","coordinates":[18.550515,50.079729]}},{"type":"Feature","properties":{"lines":"46A","arr":["46A"],"mode":"bus","angle":-88.9,"mi":5,"l0":"46A","c0":"#4d4aba"},"geometry":{"type":"Point","coordinates":[18.555345,50.078156]}},{"type":"Feature","properties":{"lines":"46A","arr":["46A"],"mode":"bus","angle":3.6,"extra":1,"ei":0,"l0":"46A","c0":"#4d4aba"},"geometry":{"type":"Point","coordinates":[18.555044,50.079772]}},{"type":"Feature","properties":{"lines":"46A","arr":["46A"],"mode":"bus","angle":-89.9,"extra":1,"ei":1,"l0":"46A","c0":"#4d4aba"},"geometry":{"type":"Point","coordinates":[18.555272,50.076233]}},{"type":"Feature","properties":{"lines":"46A","arr":["46A"],"mode":"bus","angle":35.5,"mi":4,"l0":"46A","c0":"#4d4aba"},"geometry":{"type":"Point","coordinates":[18.555974,50.075037]}},{"type":"Feature","properties":{"lines":"46A","arr":["46A"],"mode":"bus","angle":-0.8,"mi":1,"l0":"46A","c0":"#4d4aba"},"geometry":{"type":"Point","coordinates":[18.560578,50.074695]}},{"type":"Feature","properties":{"lines":"46A","arr":["46A"],"mode":"bus","angle":1.3,"extra":1,"ei":0,"l0":"46A","c0":"#4d4aba"},"geometry":{"type":"Point","coordinates":[18.5582,50.074727]}},{"type":"Feature","properties":{"lines":"46A","arr":["46A"],"mode":"bus","angle":1.9,"extra":1,"ei":1,"l0":"46A","c0":"#4d4aba"},"geometry":{"type":"Point","coordinates":[18.564083,50.07464]}},{"type":"Feature","properties":{"lines":"46A","arr":["46A"],"mode":"bus","angle":-18.6,"mi":3,"l0":"46A","c0":"#4d4aba"},"geometry":{"type":"Point","coordinates":[18.573783,50.073315]}},{"type":"Feature","properties":{"lines":"46A","arr":["46A"],"mode":"bus","angle":-5.7,"extra":1,"ei":0,"l0":"46A","c0":"#4d4aba"},"geometry":{"type":"Point","coordinates":[18.567359,50.07267]}},{"type":"Feature","properties":{"lines":"46A","arr":["46A"],"mode":"bus","angle":-7.9,"extra":1,"ei":1,"l0":"46A","c0":"#4d4aba"},"geometry":{"type":"Point","coordinates":[18.570272,50.072941]}},{"type":"Feature","properties":{"lines":"46A","arr":["46A"],"mode":"bus","angle":-4.6,"extra":1,"ei":2,"l0":"46A","c0":"#4d4aba"},"geometry":{"type":"Point","coordinates":[18.575839,50.073893]}},{"type":"Feature","properties":{"lines":"46A","arr":["46A"],"mode":"bus","angle":-41.5,"extra":1,"ei":3,"l0":"46A","c0":"#4d4aba"},"geometry":{"type":"Point","coordinates":[18.578561,50.074505]}},{"type":"Feature","properties":{"lines":"46A","arr":["46A"],"mode":"bus","angle":33.3,"mi":8,"l0":"46A","c0":"#4d4aba"},"geometry":{"type":"Point","coordinates":[18.586646,50.071478]}},{"type":"Feature","properties":{"lines":"46A","arr":["46A"],"mode":"bus","angle":50.1,"extra":1,"ei":0,"l0":"46A","c0":"#4d4aba"},"geometry":{"type":"Point","coordinates":[18.581773,50.074586]}},{"type":"Feature","properties":{"lines":"46A","arr":["46A"],"mode":"bus","angle":36.4,"extra":1,"ei":1,"l0":"46A","c0":"#4d4aba"},"geometry":{"type":"Point","coordinates":[18.584124,50.073452]}},{"type":"Feature","properties":{"lines":"46A","arr":["46A"],"mode":"bus","angle":50.8,"extra":1,"ei":2,"l0":"46A","c0":"#4d4aba"},"geometry":{"type":"Point","coordinates":[18.589741,50.069312]}},{"type":"Feature","properties":{"lines":"46A","arr":["46A"],"mode":"bus","angle":25,"extra":1,"ei":3,"l0":"46A","c0":"#4d4aba"},"geometry":{"type":"Point","coordinates":[18.592042,50.068182]}},{"type":"Feature","properties":{"lines":"46A","arr":["46A"],"mode":"bus","angle":64.1,"mi":9,"l0":"46A","c0":"#4d4aba"},"geometry":{"type":"Point","coordinates":[18.593543,50.066935]}},{"type":"Feature","properties":{"lines":"46A, N8","arr":["46A","N8"],"mode":"bus","angle":17.2,"l0":"46A, ","c0":"#4d4aba","l1":"N8","c1":"#05617d"},"geometry":{"type":"Point","coordinates":[18.597334,50.066149]}},{"type":"Feature","properties":{"lines":"46A","arr":["46A"],"mode":"bus","angle":14.7,"l0":"46A","c0":"#4d4aba"},"geometry":{"type":"Point","coordinates":[18.56446,50.072107]}},{"type":"Feature","properties":{"lines":"46A","arr":["46A"],"mode":"bus","angle":34.2,"mi":2,"l0":"46A","c0":"#4d4aba"},"geometry":{"type":"Point","coordinates":[18.557651,50.074113]}},{"type":"Feature","properties":{"lines":"46A","arr":["46A"],"mode":"bus","angle":24.6,"extra":1,"ei":0,"l0":"46A","c0":"#4d4aba"},"geometry":{"type":"Point","coordinates":[18.561411,50.072718]}},{"type":"Feature","properties":{"lines":"46A","arr":["46A"],"mode":"bus","angle":34.1,"extra":1,"ei":1,"l0":"46A","c0":"#4d4aba"},"geometry":{"type":"Point","coordinates":[18.553957,50.075741]}},{"type":"Feature","properties":{"lines":"46A","arr":["46A"],"mode":"bus","angle":23,"mi":6,"l0":"46A","c0":"#4d4aba"},"geometry":{"type":"Point","coordinates":[18.550986,50.077041]}},{"type":"Feature","properties":{"lines":"46A","arr":["46A"],"mode":"bus","angle":10.3,"extra":1,"ei":0,"l0":"46A","c0":"#4d4aba"},"geometry":{"type":"Point","coordinates":[18.548948,50.077414]}},{"type":"Feature","properties":{"lines":"48","arr":["48"],"mode":"bus","angle":-32.3,"l0":"48","c0":"#e47e2b"},"geometry":{"type":"Point","coordinates":[18.593795,50.057614]}},{"type":"Feature","properties":{"lines":"48","arr":["48"],"mode":"bus","angle":-38.3,"extra":1,"ei":0,"l0":"48","c0":"#e47e2b"},"geometry":{"type":"Point","coordinates":[18.597844,50.059297]}},{"type":"Feature","properties":{"lines":"48","arr":["48"],"mode":"bus","angle":-32.9,"extra":1,"ei":1,"l0":"48","c0":"#e47e2b"},"geometry":{"type":"Point","coordinates":[18.595382,50.058262]}},{"type":"Feature","properties":{"lines":"48","arr":["48"],"mode":"bus","angle":-33,"extra":1,"ei":2,"l0":"48","c0":"#e47e2b"},"geometry":{"type":"Point","coordinates":[18.590423,50.056226]}},{"type":"Feature","properties":{"lines":"49, N8","arr":["49","N8"],"mode":"bus","angle":54.1,"l0":"49, ","c0":"#ff5e9b","l1":"N8","c1":"#05617d"},"geometry":{"type":"Point","coordinates":[18.571331,50.067065]}},{"type":"Feature","properties":{"lines":"49, N8","arr":["49","N8"],"mode":"bus","angle":55.5,"extra":1,"ei":0,"l0":"49, ","c0":"#ff5e9b","l1":"N8","c1":"#05617d"},"geometry":{"type":"Point","coordinates":[18.56941,50.068852]}},{"type":"Feature","properties":{"lines":"49, N8","arr":["49","N8"],"mode":"bus","angle":58.5,"extra":1,"ei":1,"l0":"49, ","c0":"#ff5e9b","l1":"N8","c1":"#05617d"},"geometry":{"type":"Point","coordinates":[18.573,50.065874]}},{"type":"Feature","properties":{"lines":"49","arr":["49"],"mode":"bus","angle":58.8,"l0":"49","c0":"#ff5e9b"},"geometry":{"type":"Point","coordinates":[18.570922,50.059485]}},{"type":"Feature","properties":{"lines":"49","arr":["49"],"mode":"bus","angle":-26.1,"extra":1,"ei":0,"l0":"49","c0":"#ff5e9b"},"geometry":{"type":"Point","coordinates":[18.572577,50.063321]}},{"type":"Feature","properties":{"lines":"49","arr":["49"],"mode":"bus","angle":-10.5,"extra":1,"ei":1,"l0":"49","c0":"#ff5e9b"},"geometry":{"type":"Point","coordinates":[18.569665,50.06325]}},{"type":"Feature","properties":{"lines":"49","arr":["49"],"mode":"bus","angle":70.4,"extra":1,"ei":2,"l0":"49","c0":"#ff5e9b"},"geometry":{"type":"Point","coordinates":[18.568368,50.061814]}},{"type":"Feature","properties":{"lines":"49","arr":["49"],"mode":"bus","angle":10.7,"extra":1,"ei":3,"l0":"49","c0":"#ff5e9b"},"geometry":{"type":"Point","coordinates":[18.573953,50.057619]}},{"type":"Feature","properties":{"lines":"49","arr":["49"],"mode":"bus","angle":18.8,"extra":1,"ei":4,"l0":"49","c0":"#ff5e9b"},"geometry":{"type":"Point","coordinates":[18.576859,50.05734]}},{"type":"Feature","properties":{"lines":"49","arr":["49"],"mode":"bus","angle":39.1,"extra":1,"ei":5,"l0":"49","c0":"#ff5e9b"},"geometry":{"type":"Point","coordinates":[18.579292,50.056298]}},{"type":"Feature","properties":{"lines":"49","arr":["49"],"mode":"bus","angle":16.6,"l0":"49","c0":"#ff5e9b"},"geometry":{"type":"Point","coordinates":[18.58346,50.054602]}},{"type":"Feature","properties":{"lines":"49","arr":["49"],"mode":"bus","angle":33.7,"extra":1,"ei":0,"l0":"49","c0":"#ff5e9b"},"geometry":{"type":"Point","coordinates":[18.581654,50.055089]}},{"type":"Feature","properties":{"lines":"52","arr":["52"],"mode":"bus","angle":31.8,"l0":"52","c0":"#07ad80"},"geometry":{"type":"Point","coordinates":[18.630611,50.073023]}},{"type":"Feature","properties":{"lines":"52","arr":["52"],"mode":"bus","angle":-56.8,"side":-1,"mi":2,"l0":"52","c0":"#07ad80"},"geometry":{"type":"Point","coordinates":[18.619213,50.077406]}},{"type":"Feature","properties":{"lines":"52","arr":["52"],"mode":"bus","angle":20.4,"side":-1,"extra":1,"ei":0,"l0":"52","c0":"#07ad80"},"geometry":{"type":"Point","coordinates":[18.640603,50.070614]}},{"type":"Feature","properties":{"lines":"52","arr":["52"],"mode":"bus","angle":16.9,"extra":1,"ei":0,"l0":"52","c0":"#07ad80"},"geometry":{"type":"Point","coordinates":[18.637802,50.071193]}},{"type":"Feature","properties":{"lines":"52","arr":["52"],"mode":"bus","angle":17.3,"extra":1,"ei":1,"l0":"52","c0":"#07ad80"},"geometry":{"type":"Point","coordinates":[18.63499,50.071752]}},{"type":"Feature","properties":{"lines":"52","arr":["52"],"mode":"bus","angle":29,"extra":1,"ei":2,"l0":"52","c0":"#07ad80"},"geometry":{"type":"Point","coordinates":[18.632233,50.072402]}},{"type":"Feature","properties":{"lines":"52","arr":["52"],"mode":"bus","angle":26.1,"extra":1,"ei":3,"l0":"52","c0":"#07ad80"},"geometry":{"type":"Point","coordinates":[18.627159,50.074318]}},{"type":"Feature","properties":{"lines":"52","arr":["52"],"mode":"bus","angle":30.9,"extra":1,"ei":4,"l0":"52","c0":"#07ad80"},"geometry":{"type":"Point","coordinates":[18.624496,50.075118]}},{"type":"Feature","properties":{"lines":"52","arr":["52"],"mode":"bus","angle":39.3,"extra":1,"ei":5,"l0":"52","c0":"#07ad80"},"geometry":{"type":"Point","coordinates":[18.622049,50.076162]}},{"type":"Feature","properties":{"lines":"52","arr":["52"],"mode":"bus","angle":38.6,"l0":"52","c0":"#07ad80"},"geometry":{"type":"Point","coordinates":[18.679356,50.055168]}},{"type":"Feature","properties":{"lines":"52","arr":["52"],"mode":"bus","angle":33.7,"side":-1,"l0":"52","c0":"#07ad80"},"geometry":{"type":"Point","coordinates":[18.663466,50.060926]}},{"type":"Feature","properties":{"lines":"52","arr":["52"],"mode":"bus","angle":24.9,"mi":1,"l0":"52","c0":"#07ad80"},"geometry":{"type":"Point","coordinates":[18.642774,50.070194]}},{"type":"Feature","properties":{"lines":"52","arr":["52"],"mode":"bus","angle":19.9,"extra":1,"ei":0,"l0":"52","c0":"#07ad80"},"geometry":{"type":"Point","coordinates":[18.672607,50.058038]}},{"type":"Feature","properties":{"lines":"52","arr":["52"],"mode":"bus","angle":34.6,"extra":1,"ei":1,"l0":"52","c0":"#07ad80"},"geometry":{"type":"Point","coordinates":[18.6753,50.057292]}},{"type":"Feature","properties":{"lines":"52","arr":["52"],"mode":"bus","angle":39.6,"extra":1,"ei":2,"l0":"52","c0":"#07ad80"},"geometry":{"type":"Point","coordinates":[18.67757,50.05609]}},{"type":"Feature","properties":{"lines":"52","arr":["52"],"mode":"bus","angle":39.8,"extra":1,"ei":3,"l0":"52","c0":"#07ad80"},"geometry":{"type":"Point","coordinates":[18.682095,50.053675]}},{"type":"Feature","properties":{"lines":"52","arr":["52"],"mode":"bus","angle":39.9,"extra":1,"ei":4,"l0":"52","c0":"#07ad80"},"geometry":{"type":"Point","coordinates":[18.684356,50.052466]}},{"type":"Feature","properties":{"lines":"52","arr":["52"],"mode":"bus","angle":39.4,"side":-1,"extra":1,"ei":5,"l0":"52","c0":"#07ad80"},"geometry":{"type":"Point","coordinates":[18.686622,50.05126]}},{"type":"Feature","properties":{"lines":"04, 08, 52","arr":["04","08","52"],"mode":"bus","angle":36.2,"l0":"04, ","c0":"#6b5806","l1":"08, ","c1":"#6895fc","l2":"52","c2":"#07ad80"},"geometry":{"type":"Point","coordinates":[18.651508,50.068178]}},{"type":"Feature","properties":{"lines":"04, 08, 52","arr":["04","08","52"],"mode":"bus","angle":-74.6,"mi":1,"l0":"04, ","c0":"#6b5806","l1":"08, ","c1":"#6895fc","l2":"52","c2":"#07ad80"},"geometry":{"type":"Point","coordinates":[18.658818,50.064747]}},{"type":"Feature","properties":{"lines":"04, 08, 52","arr":["04","08","52"],"mode":"bus","angle":10.4,"extra":1,"ei":0,"l0":"04, ","c0":"#6b5806","l1":"08, ","c1":"#6895fc","l2":"52","c2":"#07ad80"},"geometry":{"type":"Point","coordinates":[18.644602,50.069855]}},{"type":"Feature","properties":{"lines":"04, 08, 52","arr":["04","08","52"],"mode":"bus","angle":15.4,"extra":1,"ei":1,"l0":"04, ","c0":"#6b5806","l1":"08, ","c1":"#6895fc","l2":"52","c2":"#07ad80"},"geometry":{"type":"Point","coordinates":[18.647524,50.069644]}},{"type":"Feature","properties":{"lines":"04, 08, 52","arr":["04","08","52"],"mode":"bus","angle":36.3,"extra":1,"ei":2,"l0":"04, ","c0":"#6b5806","l1":"08, ","c1":"#6895fc","l2":"52","c2":"#07ad80"},"geometry":{"type":"Point","coordinates":[18.654901,50.066584]}},{"type":"Feature","properties":{"lines":"04, 08, 52","arr":["04","08","52"],"mode":"bus","angle":36.1,"extra":1,"ei":3,"l0":"04, ","c0":"#6b5806","l1":"08, ","c1":"#6895fc","l2":"52","c2":"#07ad80"},"geometry":{"type":"Point","coordinates":[18.657277,50.065468]}},{"type":"Feature","properties":{"lines":"08, 52","arr":["08","52"],"mode":"bus","angle":29,"mi":1,"l0":"08, ","c0":"#6895fc","l1":"52","c1":"#07ad80"},"geometry":{"type":"Point","coordinates":[18.666878,50.059542]}},{"type":"Feature","properties":{"lines":"08, 52","arr":["08","52"],"mode":"bus","angle":53.6,"side":-1,"l0":"08, ","c0":"#6895fc","l1":"52","c1":"#07ad80"},"geometry":{"type":"Point","coordinates":[18.66178,50.062965]}},{"type":"Feature","properties":{"lines":"08, 52","arr":["08","52"],"mode":"bus","angle":71.8,"side":-1,"extra":1,"ei":0,"l0":"08, ","c0":"#6895fc","l1":"52","c1":"#07ad80"},"geometry":{"type":"Point","coordinates":[18.662899,50.061894]}},{"type":"Feature","properties":{"lines":"08, 52","arr":["08","52"],"mode":"bus","angle":19.8,"extra":1,"ei":0,"l0":"08, ","c0":"#6895fc","l1":"52","c1":"#07ad80"},"geometry":{"type":"Point","coordinates":[18.669835,50.058673]}},{"type":"Feature","properties":{"lines":"08, 52","arr":["08","52"],"mode":"bus","angle":45.6,"extra":1,"ei":1,"l0":"08, ","c0":"#6895fc","l1":"52","c1":"#07ad80"},"geometry":{"type":"Point","coordinates":[18.664681,50.060457]}},{"type":"Feature","properties":{"lines":"52, 305, 306","arr":["52","305","306"],"mode":"bus","angle":51.1,"l0":"52, ","c0":"#07ad80","l1":"305, ","c1":"#119efc","l2":"306","c2":"#126804"},"geometry":{"type":"Point","coordinates":[18.689818,50.049376]}},{"type":"Feature","properties":{"lines":"52, 305, 306","arr":["52","305","306"],"mode":"bus","angle":40,"extra":1,"ei":0,"l0":"52, ","c0":"#07ad80","l1":"305, ","c1":"#119efc","l2":"306","c2":"#126804"},"geometry":{"type":"Point","coordinates":[18.687883,50.050586]}},{"type":"Feature","properties":{"lines":"52, 305, 306","arr":["52","305","306"],"mode":"bus","angle":58.1,"extra":1,"ei":1,"l0":"52, ","c0":"#07ad80","l1":"305, ","c1":"#119efc","l2":"306","c2":"#126804"},"geometry":{"type":"Point","coordinates":[18.691732,50.047749]}},{"type":"Feature","properties":{"lines":"01, 02, 03, 04, 05, 06, 07, 08, 09, 52, 305, 306, 307, S10, S11, ZL","arr":["01","02","03","04","05","06","07","08","09","52","305","306","307","S10","S11","ZL"],"mode":"bus","angle":-18.1,"l0":"01, ","c0":"#076734","l1":"02, ","c1":"#1da8b6","l2":"03, ","c2":"#02af5a","l3":"04, ","c3":"#6b5806","l4":"05, ","c4":"#79a620","l5":"06, ","c5":"#a72d06","l6":"07, ","c6":"#ff627e","l7":"08, ","c7":"#6895fc","l8":"09, ","c8":"#e16cd6","l9":"52, ","c9":"#07ad80","l10":"305, ","c10":"#119efc","l11":"306, ","c11":"#126804","l12":"307, ","c12":"#ab0377","l13":"S10, ","c13":"#cf8a11","l14":"S11, ","c14":"#05617d","l15":"ZL","c15":"#4d4aba"},"geometry":{"type":"Point","coordinates":[18.69292,50.047213]}},{"type":"Feature","properties":{"lines":"01, 02, 03, 04, 05, 06, 07, 08, 09, 52, 305, 306, 307, 308, ZL","arr":["01","02","03","04","05","06","07","08","09","52","305","306","307","308","ZL"],"mode":"bus","angle":83.7,"l0":"01, ","c0":"#076734","l1":"02, ","c1":"#1da8b6","l2":"03, ","c2":"#02af5a","l3":"04, ","c3":"#6b5806","l4":"05, ","c4":"#79a620","l5":"06, ","c5":"#a72d06","l6":"07, ","c6":"#ff627e","l7":"08, ","c7":"#6895fc","l8":"09, ","c8":"#e16cd6","l9":"52, ","c9":"#07ad80","l10":"305, ","c10":"#119efc","l11":"306, ","c11":"#126804","l12":"307, ","c12":"#ab0377","l13":"308, ","c13":"#999f01","l14":"ZL","c14":"#4d4aba"},"geometry":{"type":"Point","coordinates":[18.693261,50.047537]}},{"type":"Feature","properties":{"lines":"06, 07, 09, 52, 305, 306, 307, 308","arr":["06","07","09","52","305","306","307","308"],"mode":"bus","angle":30.6,"l0":"06, ","c0":"#a72d06","l1":"07, ","c1":"#ff627e","l2":"09, ","c2":"#e16cd6","l3":"52, ","c3":"#07ad80","l4":"305, ","c4":"#119efc","l5":"306, ","c5":"#126804","l6":"307, ","c6":"#ab0377","l7":"308","c7":"#999f01"},"geometry":{"type":"Point","coordinates":[18.694171,50.047922]}},{"type":"Feature","properties":{"lines":"06, 07, 09, 52, 305, 306, 307, 308, S10, S11","arr":["06","07","09","52","305","306","307","308","S10","S11"],"mode":"bus","angle":-12,"side":-1,"l0":"06, ","c0":"#a72d06","l1":"07, ","c1":"#ff627e","l2":"09, ","c2":"#e16cd6","l3":"52, ","c3":"#07ad80","l4":"305, ","c4":"#119efc","l5":"306, ","c5":"#126804","l6":"307, ","c6":"#ab0377","l7":"308, ","c7":"#999f01","l8":"S10, ","c8":"#cf8a11","l9":"S11","c9":"#05617d"},"geometry":{"type":"Point","coordinates":[18.693886,50.047417]}},{"type":"Feature","properties":{"lines":"A","arr":["A"],"mode":"bus","angle":84.6,"l0":"A","c0":"#8e4604"},"geometry":{"type":"Point","coordinates":[18.529537,50.077278]}},{"type":"Feature","properties":{"lines":"A","arr":["A"],"mode":"bus","angle":35.8,"extra":1,"ei":0,"l0":"A","c0":"#8e4604"},"geometry":{"type":"Point","coordinates":[18.531762,50.074228]}},{"type":"Feature","properties":{"lines":"A","arr":["A"],"mode":"bus","angle":82.5,"extra":1,"ei":1,"l0":"A","c0":"#8e4604"},"geometry":{"type":"Point","coordinates":[18.529887,50.075431]}},{"type":"Feature","properties":{"lines":"A","arr":["A"],"mode":"bus","angle":-65.3,"extra":1,"ei":2,"l0":"A","c0":"#8e4604"},"geometry":{"type":"Point","coordinates":[18.530126,50.079049]}},{"type":"Feature","properties":{"lines":"A","arr":["A"],"mode":"bus","angle":-81.6,"extra":1,"ei":3,"l0":"A","c0":"#8e4604"},"geometry":{"type":"Point","coordinates":[18.52999,50.080907]}},{"type":"Feature","properties":{"lines":"A","arr":["A"],"mode":"bus","angle":-87.3,"l0":"A","c0":"#8e4604"},"geometry":{"type":"Point","coordinates":[18.540338,50.091119]}},{"type":"Feature","properties":{"lines":"N8","arr":["N8"],"mode":"bus","angle":-28.9,"l0":"N8","c0":"#05617d"},"geometry":{"type":"Point","coordinates":[18.586306,50.065735]}},{"type":"Feature","properties":{"lines":"N8","arr":["N8"],"mode":"bus","angle":10.5,"extra":1,"ei":0,"l0":"N8","c0":"#05617d"},"geometry":{"type":"Point","coordinates":[18.591992,50.064529]}},{"type":"Feature","properties":{"lines":"N8","arr":["N8"],"mode":"bus","angle":33.7,"extra":1,"ei":1,"l0":"N8","c0":"#05617d"},"geometry":{"type":"Point","coordinates":[18.589117,50.064731]}},{"type":"Feature","properties":{"lines":"N8","arr":["N8"],"mode":"bus","angle":-29.5,"extra":1,"ei":2,"l0":"N8","c0":"#05617d"},"geometry":{"type":"Point","coordinates":[18.584421,50.065044]}},{"type":"Feature","properties":{"lines":"N8","arr":["N8"],"mode":"bus","angle":15.4,"extra":1,"ei":3,"l0":"N8","c0":"#05617d"},"geometry":{"type":"Point","coordinates":[18.580305,50.065917]}},{"type":"Feature","properties":{"lines":"N8","arr":["N8"],"mode":"bus","angle":-49.9,"mi":2,"l0":"N8","c0":"#05617d"},"geometry":{"type":"Point","coordinates":[18.577229,50.065283]}},{"type":"Feature","properties":{"lines":"N8","arr":["N8"],"mode":"bus","angle":21.9,"extra":1,"ei":0,"l0":"N8","c0":"#05617d"},"geometry":{"type":"Point","coordinates":[18.57471,50.063568]}},{"type":"Feature","properties":{"lines":"N8","arr":["N8"],"mode":"bus","angle":-82.8,"extra":1,"ei":1,"l0":"N8","c0":"#05617d"},"geometry":{"type":"Point","coordinates":[18.578277,50.066272]}},{"type":"Feature","properties":{"lines":"N8","arr":["N8"],"mode":"bus","angle":-79.1,"mi":1,"l0":"N8","c0":"#05617d"},"geometry":{"type":"Point","coordinates":[18.59372,50.065288]}},{"type":"Feature","properties":{"lines":"PR","arr":["PR"],"mode":"bus","angle":-12.7,"mi":5,"l0":"PR","c0":"#4d4aba"},"geometry":{"type":"Point","coordinates":[18.533598,50.113297]}},{"type":"Feature","properties":{"lines":"PR","arr":["PR"],"mode":"bus","angle":9.3,"mi":1,"l0":"PR","c0":"#4d4aba"},"geometry":{"type":"Point","coordinates":[18.537419,50.11368]}},{"type":"Feature","properties":{"lines":"PR","arr":["PR"],"mode":"bus","angle":14.3,"extra":1,"ei":0,"l0":"PR","c0":"#4d4aba"},"geometry":{"type":"Point","coordinates":[18.535258,50.113929]}},{"type":"Feature","properties":{"lines":"PR","arr":["PR"],"mode":"bus","angle":55.5,"mi":2,"l0":"PR","c0":"#4d4aba"},"geometry":{"type":"Point","coordinates":[18.543745,50.112608]}},{"type":"Feature","properties":{"lines":"01, 02","arr":["01","02"],"mode":"bus","angle":-45.8,"mi":5,"l0":"01, ","c0":"#076734","l1":"02","c1":"#1da8b6"},"geometry":{"type":"Point","coordinates":[18.698604,50.028869]}},{"type":"Feature","properties":{"lines":"01, 02","arr":["01","02"],"mode":"bus","angle":17.6,"mi":2,"l0":"01, ","c0":"#076734","l1":"02","c1":"#1da8b6"},"geometry":{"type":"Point","coordinates":[18.693343,50.027369]}},{"type":"Feature","properties":{"lines":"01, 02","arr":["01","02"],"mode":"bus","angle":-3.2,"extra":1,"ei":0,"l0":"01, ","c0":"#076734","l1":"02","c1":"#1da8b6"},"geometry":{"type":"Point","coordinates":[18.696841,50.027045]}},{"type":"Feature","properties":{"lines":"01, 02","arr":["01","02"],"mode":"bus","angle":17.2,"extra":1,"ei":1,"l0":"01, ","c0":"#076734","l1":"02","c1":"#1da8b6"},"geometry":{"type":"Point","coordinates":[18.691111,50.02769]}},{"type":"Feature","properties":{"lines":"01, 02","arr":["01","02"],"mode":"bus","angle":-62.2,"l0":"01, ","c0":"#076734","l1":"02","c1":"#1da8b6"},"geometry":{"type":"Point","coordinates":[18.688142,50.027664]}},{"type":"Feature","properties":{"lines":"01, 02","arr":["01","02"],"mode":"bus","angle":69.8,"mi":7,"l0":"01, ","c0":"#076734","l1":"02","c1":"#1da8b6"},"geometry":{"type":"Point","coordinates":[18.700646,50.031196]}},{"type":"Feature","properties":{"lines":"01, 02","arr":["01","02"],"mode":"bus","angle":28.6,"mi":1,"l0":"01, ","c0":"#076734","l1":"02","c1":"#1da8b6"},"geometry":{"type":"Point","coordinates":[18.68657,50.027387]}},{"type":"Feature","properties":{"lines":"01, 02","arr":["01","02"],"mode":"bus","angle":30,"mi":3,"l0":"01, ","c0":"#076734","l1":"02","c1":"#1da8b6"},"geometry":{"type":"Point","coordinates":[18.683042,50.028676]}},{"type":"Feature","properties":{"lines":"01, 02","arr":["01","02"],"mode":"bus","angle":69.4,"extra":1,"ei":0,"l0":"01, ","c0":"#076734","l1":"02","c1":"#1da8b6"},"geometry":{"type":"Point","coordinates":[18.699985,50.032293]}},{"type":"Feature","properties":{"lines":"01","arr":["01"],"mode":"bus","angle":22.8,"mi":3,"l0":"01","c0":"#076734"},"geometry":{"type":"Point","coordinates":[18.684264,50.028249]}},{"type":"Feature","properties":{"lines":"01, 02","arr":["01","02"],"mode":"bus","angle":-80,"mi":4,"l0":"01, ","c0":"#076734","l1":"02","c1":"#1da8b6"},"geometry":{"type":"Point","coordinates":[18.68238,50.029674]}},{"type":"Feature","properties":{"lines":"01, 02","arr":["01","02"],"mode":"bus","angle":15.7,"mi":6,"l0":"01, ","c0":"#076734","l1":"02","c1":"#1da8b6"},"geometry":{"type":"Point","coordinates":[18.678135,50.031436]}},{"type":"Feature","properties":{"lines":"01, 02","arr":["01","02"],"mode":"bus","angle":35.4,"extra":1,"ei":0,"l0":"01, ","c0":"#076734","l1":"02","c1":"#1da8b6"},"geometry":{"type":"Point","coordinates":[18.681217,50.030716]}},{"type":"Feature","properties":{"lines":"01, 02","arr":["01","02"],"mode":"bus","angle":9.1,"extra":1,"ei":1,"l0":"01, ","c0":"#076734","l1":"02","c1":"#1da8b6"},"geometry":{"type":"Point","coordinates":[18.675735,50.031894]}},{"type":"Feature","properties":{"lines":"01","arr":["01"],"mode":"bus","angle":-86.1,"side":-1,"mi":1,"l0":"01","c0":"#076734"},"geometry":{"type":"Point","coordinates":[18.673664,50.033514]}},{"type":"Feature","properties":{"lines":"01","arr":["01"],"mode":"bus","angle":-53.5,"side":-1,"mi":2,"l0":"01","c0":"#076734"},"geometry":{"type":"Point","coordinates":[18.673952,50.035124]}},{"type":"Feature","properties":{"lines":"01","arr":["01"],"mode":"bus","angle":7.2,"side":-1,"l0":"01","c0":"#076734"},"geometry":{"type":"Point","coordinates":[18.676913,50.035061]}},{"type":"Feature","properties":{"lines":"01, 08","arr":["01","08"],"mode":"bus","angle":7.6,"side":-1,"l0":"01, ","c0":"#076734","l1":"08","c1":"#6895fc"},"geometry":{"type":"Point","coordinates":[18.680784,50.034741]}},{"type":"Feature","properties":{"lines":"01, 02, 07","arr":["01","02","07"],"mode":"bus","angle":86,"l0":"01, ","c0":"#076734","l1":"02, ","c1":"#1da8b6","l2":"07","c2":"#ff627e"},"geometry":{"type":"Point","coordinates":[18.681798,50.037972]}},{"type":"Feature","properties":{"lines":"01, 02, 07","arr":["01","02","07"],"mode":"bus","angle":-83.2,"extra":1,"ei":0,"l0":"01, ","c0":"#076734","l1":"02, ","c1":"#1da8b6","l2":"07","c2":"#ff627e"},"geometry":{"type":"Point","coordinates":[18.681976,50.040034]}},{"type":"Feature","properties":{"lines":"01, 02, 07","arr":["01","02","07"],"mode":"bus","angle":85.9,"extra":1,"ei":1,"l0":"01, ","c0":"#076734","l1":"02, ","c1":"#1da8b6","l2":"07","c2":"#ff627e"},"geometry":{"type":"Point","coordinates":[18.682003,50.03627]}},{"type":"Feature","properties":{"lines":"01, 02, 05, 07, ZL","arr":["01","02","05","07","ZL"],"mode":"bus","angle":-19.1,"l0":"01, ","c0":"#076734","l1":"02, ","c1":"#1da8b6","l2":"05, ","c2":"#79a620","l3":"07, ","c3":"#ff627e","l4":"ZL","c4":"#4d4aba"},"geometry":{"type":"Point","coordinates":[18.6858,50.042209]}},{"type":"Feature","properties":{"lines":"01, 02, 05, 07, ZL","arr":["01","02","05","07","ZL"],"mode":"bus","angle":-17.8,"extra":1,"ei":0,"l0":"01, ","c0":"#076734","l1":"02, ","c1":"#1da8b6","l2":"05, ","c2":"#79a620","l3":"07, ","c3":"#ff627e","l4":"ZL","c4":"#4d4aba"},"geometry":{"type":"Point","coordinates":[18.684008,50.041825]}},{"type":"Feature","properties":{"lines":"01, 02, 03, 04, 05, 06, 07, 08, 09, 307, S10, S11, ZL","arr":["01","02","03","04","05","06","07","08","09","307","S10","S11","ZL"],"mode":"bus","angle":72.8,"mi":2,"l0":"01, ","c0":"#076734","l1":"02, ","c1":"#1da8b6","l2":"03, ","c2":"#02af5a","l3":"04, ","c3":"#6b5806","l4":"05, ","c4":"#79a620","l5":"06, ","c5":"#a72d06","l6":"07, ","c6":"#ff627e","l7":"08, ","c7":"#6895fc","l8":"09, ","c8":"#e16cd6","l9":"307, ","c9":"#ab0377","l10":"S10, ","c10":"#cf8a11","l11":"S11, ","c11":"#05617d","l12":"ZL","c12":"#4d4aba"},"geometry":{"type":"Point","coordinates":[18.68893,50.04417]}},{"type":"Feature","properties":{"lines":"01, 02, 03, 04, 05, 06, 07, 08, 09, S10, S11, ZL","arr":["01","02","03","04","05","06","07","08","09","S10","S11","ZL"],"mode":"bus","angle":-20.8,"side":-1,"l0":"01, ","c0":"#076734","l1":"02, ","c1":"#1da8b6","l2":"03, ","c2":"#02af5a","l3":"04, ","c3":"#6b5806","l4":"05, ","c4":"#79a620","l5":"06, ","c5":"#a72d06","l6":"07, ","c6":"#ff627e","l7":"08, ","c7":"#6895fc","l8":"09, ","c8":"#e16cd6","l9":"S10, ","c9":"#cf8a11","l10":"S11, ","c10":"#05617d","l11":"ZL","c11":"#4d4aba"},"geometry":{"type":"Point","coordinates":[18.688981,50.045446]}},{"type":"Feature","properties":{"lines":"01, 02, 03, 04, 05, 06, 07, 08, 09, 307, S10, S11, ZL","arr":["01","02","03","04","05","06","07","08","09","307","S10","S11","ZL"],"mode":"bus","angle":-2.9,"l0":"01, ","c0":"#076734","l1":"02, ","c1":"#1da8b6","l2":"03, ","c2":"#02af5a","l3":"04, ","c3":"#6b5806","l4":"05, ","c4":"#79a620","l5":"06, ","c5":"#a72d06","l6":"07, ","c6":"#ff627e","l7":"08, ","c7":"#6895fc","l8":"09, ","c8":"#e16cd6","l9":"307, ","c9":"#ab0377","l10":"S10, ","c10":"#cf8a11","l11":"S11, ","c11":"#05617d","l12":"ZL","c12":"#4d4aba"},"geometry":{"type":"Point","coordinates":[18.690161,50.045609]}},{"type":"Feature","properties":{"lines":"01, 02, 03, 04, 05, 06, 07, 08, 09, 307, S10, S11, ZL","arr":["01","02","03","04","05","06","07","08","09","307","S10","S11","ZL"],"mode":"bus","angle":-60.2,"mi":3,"l0":"01, ","c0":"#076734","l1":"02, ","c1":"#1da8b6","l2":"03, ","c2":"#02af5a","l3":"04, ","c3":"#6b5806","l4":"05, ","c4":"#79a620","l5":"06, ","c5":"#a72d06","l6":"07, ","c6":"#ff627e","l7":"08, ","c7":"#6895fc","l8":"09, ","c8":"#e16cd6","l9":"307, ","c9":"#ab0377","l10":"S10, ","c10":"#cf8a11","l11":"S11, ","c11":"#05617d","l12":"ZL","c12":"#4d4aba"},"geometry":{"type":"Point","coordinates":[18.69154,50.04637]}},{"type":"Feature","properties":{"lines":"01, 02, 03, 04, 05, 06, 07, 08, 09, 307, S10, S11, ZL","arr":["01","02","03","04","05","06","07","08","09","307","S10","S11","ZL"],"mode":"bus","angle":-3.4,"mi":1,"l0":"01, ","c0":"#076734","l1":"02, ","c1":"#1da8b6","l2":"03, ","c2":"#02af5a","l3":"04, ","c3":"#6b5806","l4":"05, ","c4":"#79a620","l5":"06, ","c5":"#a72d06","l6":"07, ","c6":"#ff627e","l7":"08, ","c7":"#6895fc","l8":"09, ","c8":"#e16cd6","l9":"307, ","c9":"#ab0377","l10":"S10, ","c10":"#cf8a11","l11":"S11, ","c11":"#05617d","l12":"ZL","c12":"#4d4aba"},"geometry":{"type":"Point","coordinates":[18.689004,50.045504]}},{"type":"Feature","properties":{"lines":"01, 02, 08, 307","arr":["01","02","08","307"],"mode":"bus","angle":-16,"l0":"01, ","c0":"#076734","l1":"02, ","c1":"#1da8b6","l2":"08, ","c2":"#6895fc","l3":"307","c3":"#ab0377"},"geometry":{"type":"Point","coordinates":[18.693606,50.042677]}},{"type":"Feature","properties":{"lines":"01, 08","arr":["01","08"],"mode":"bus","angle":61.4,"l0":"01, ","c0":"#076734","l1":"08","c1":"#6895fc"},"geometry":{"type":"Point","coordinates":[18.697188,50.04287]}},{"type":"Feature","properties":{"lines":"01, 02, 08","arr":["01","02","08"],"mode":"bus","angle":-79.1,"l0":"01, ","c0":"#076734","l1":"02, ","c1":"#1da8b6","l2":"08","c2":"#6895fc"},"geometry":{"type":"Point","coordinates":[18.695944,50.037748]}},{"type":"Feature","properties":{"lines":"01, 02, 08","arr":["01","02","08"],"mode":"bus","angle":-76.3,"extra":1,"ei":0,"l0":"01, ","c0":"#076734","l1":"02, ","c1":"#1da8b6","l2":"08","c2":"#6895fc"},"geometry":{"type":"Point","coordinates":[18.697188,50.04137]}},{"type":"Feature","properties":{"lines":"01, 02, 08","arr":["01","02","08"],"mode":"bus","angle":-77.6,"extra":1,"ei":1,"l0":"01, ","c0":"#076734","l1":"02, ","c1":"#1da8b6","l2":"08","c2":"#6895fc"},"geometry":{"type":"Point","coordinates":[18.696494,50.039535]}},{"type":"Feature","properties":{"lines":"01, 02, 08","arr":["01","02","08"],"mode":"bus","angle":-79.2,"extra":1,"ei":2,"l0":"01, ","c0":"#076734","l1":"02, ","c1":"#1da8b6","l2":"08","c2":"#6895fc"},"geometry":{"type":"Point","coordinates":[18.695372,50.035828]}},{"type":"Feature","properties":{"lines":"01, 02, 08","arr":["01","02","08"],"mode":"bus","angle":-79.3,"extra":1,"ei":3,"l0":"01, ","c0":"#076734","l1":"02, ","c1":"#1da8b6","l2":"08","c2":"#6895fc"},"geometry":{"type":"Point","coordinates":[18.694821,50.033973]}},{"type":"Feature","properties":{"lines":"01, 06, 07, 307","arr":["01","06","07","307"],"mode":"bus","angle":0.4,"side":-1,"l0":"01, ","c0":"#076734","l1":"06, ","c1":"#a72d06","l2":"07, ","c2":"#ff627e","l3":"307","c3":"#ab0377"},"geometry":{"type":"Point","coordinates":[18.696894,50.032546]}},{"type":"Feature","properties":{"lines":"01, 06, 07, 307","arr":["01","06","07","307"],"mode":"bus","angle":-19.5,"side":-1,"extra":1,"ei":0,"l0":"01, ","c0":"#076734","l1":"06, ","c1":"#a72d06","l2":"07, ","c2":"#ff627e","l3":"307","c3":"#ab0377"},"geometry":{"type":"Point","coordinates":[18.6988,50.032762]}},{"type":"Feature","properties":{"lines":"01, 02, 09, S10, S11","arr":["01","02","09","S10","S11"],"mode":"bus","angle":-34.6,"l0":"01, ","c0":"#076734","l1":"02, ","c1":"#1da8b6","l2":"09, ","c2":"#e16cd6","l3":"S10, ","c3":"#cf8a11","l4":"S11","c4":"#05617d"},"geometry":{"type":"Point","coordinates":[18.678573,50.025283]}},{"type":"Feature","properties":{"lines":"01, 02, 09, S10, S11","arr":["01","02","09","S10","S11"],"mode":"bus","angle":-46,"extra":1,"ei":0,"l0":"01, ","c0":"#076734","l1":"02, ","c1":"#1da8b6","l2":"09, ","c2":"#e16cd6","l3":"S10, ","c3":"#cf8a11","l4":"S11","c4":"#05617d"},"geometry":{"type":"Point","coordinates":[18.683536,50.027254]}},{"type":"Feature","properties":{"lines":"01, 02, 09, S10, S11","arr":["01","02","09","S10","S11"],"mode":"bus","angle":-34.7,"extra":1,"ei":0,"l0":"01, ","c0":"#076734","l1":"02, ","c1":"#1da8b6","l2":"09, ","c2":"#e16cd6","l3":"S10, ","c3":"#cf8a11","l4":"S11","c4":"#05617d"},"geometry":{"type":"Point","coordinates":[18.673713,50.023139]}},{"type":"Feature","properties":{"lines":"01, 02, 09, S10, S11","arr":["01","02","09","S10","S11"],"mode":"bus","angle":-34.6,"extra":1,"ei":1,"l0":"01, ","c0":"#076734","l1":"02, ","c1":"#1da8b6","l2":"09, ","c2":"#e16cd6","l3":"S10, ","c3":"#cf8a11","l4":"S11","c4":"#05617d"},"geometry":{"type":"Point","coordinates":[18.676138,50.024209]}},{"type":"Feature","properties":{"lines":"01, 02, 09, S10, S11","arr":["01","02","09","S10","S11"],"mode":"bus","angle":-23.2,"extra":1,"ei":2,"l0":"01, ","c0":"#076734","l1":"02, ","c1":"#1da8b6","l2":"09, ","c2":"#e16cd6","l3":"S10, ","c3":"#cf8a11","l4":"S11","c4":"#05617d"},"geometry":{"type":"Point","coordinates":[18.681111,50.026211]}},{"type":"Feature","properties":{"lines":"S10, S11","arr":["S10","S11"],"mode":"bus","angle":-69.8,"l0":"S10, ","c0":"#cf8a11","l1":"S11","c1":"#05617d"},"geometry":{"type":"Point","coordinates":[18.669799,50.019963]}},{"type":"Feature","properties":{"lines":"S10, S11","arr":["S10","S11"],"mode":"bus","angle":-11.3,"mi":2,"l0":"S10, ","c0":"#cf8a11","l1":"S11","c1":"#05617d"},"geometry":{"type":"Point","coordinates":[18.672015,50.022459]}},{"type":"Feature","properties":{"lines":"S10, S11","arr":["S10","S11"],"mode":"bus","angle":-68.1,"extra":1,"ei":0,"l0":"S10, ","c0":"#cf8a11","l1":"S11","c1":"#05617d"},"geometry":{"type":"Point","coordinates":[18.670481,50.021144]}},{"type":"Feature","properties":{"lines":"02","arr":["02"],"mode":"bus","angle":36.4,"side":-1,"mi":2,"l0":"02","c0":"#1da8b6"},"geometry":{"type":"Point","coordinates":[18.684182,50.028217]}},{"type":"Feature","properties":{"lines":"02, 06, 07, 307","arr":["02","06","07","307"],"mode":"bus","angle":-3.3,"l0":"02, ","c0":"#1da8b6","l1":"06, ","c1":"#a72d06","l2":"07, ","c2":"#ff627e","l3":"307","c3":"#ab0377"},"geometry":{"type":"Point","coordinates":[18.697205,50.032659]}},{"type":"Feature","properties":{"lines":"02, 06, 07, 307","arr":["02","06","07","307"],"mode":"bus","angle":17.7,"extra":1,"ei":0,"l0":"02, ","c0":"#1da8b6","l1":"06, ","c1":"#a72d06","l2":"07, ","c2":"#ff627e","l3":"307","c3":"#ab0377"},"geometry":{"type":"Point","coordinates":[18.695243,50.032825]}},{"type":"Feature","properties":{"lines":"02, 08","arr":["02","08"],"mode":"bus","angle":11.6,"mi":1,"l0":"02, ","c0":"#1da8b6","l1":"08","c1":"#6895fc"},"geometry":{"type":"Point","coordinates":[18.697079,50.042354]}},{"type":"Feature","properties":{"lines":"02, 08","arr":["02","08"],"mode":"bus","angle":86.6,"l0":"02, ","c0":"#1da8b6","l1":"08","c1":"#6895fc"},"geometry":{"type":"Point","coordinates":[18.696537,50.042908]}},{"type":"Feature","properties":{"lines":"02, 08","arr":["02","08"],"mode":"bus","angle":16.2,"mi":2,"l0":"02, ","c0":"#1da8b6","l1":"08","c1":"#6895fc"},"geometry":{"type":"Point","coordinates":[18.690366,50.042948]}},{"type":"Feature","properties":{"lines":"02, 08","arr":["02","08"],"mode":"bus","angle":7.5,"l0":"02, ","c0":"#1da8b6","l1":"08","c1":"#6895fc"},"geometry":{"type":"Point","coordinates":[18.68065,50.034862]}},{"type":"Feature","properties":{"lines":"02","arr":["02"],"mode":"bus","angle":7.2,"l0":"02","c0":"#1da8b6"},"geometry":{"type":"Point","coordinates":[18.676582,50.035197]}},{"type":"Feature","properties":{"lines":"02","arr":["02"],"mode":"bus","angle":-86.2,"mi":1,"l0":"02","c0":"#1da8b6"},"geometry":{"type":"Point","coordinates":[18.673514,50.033776]}},{"type":"Feature","properties":{"lines":"02","arr":["02"],"mode":"bus","angle":-82.4,"extra":1,"ei":0,"l0":"02","c0":"#1da8b6"},"geometry":{"type":"Point","coordinates":[18.673343,50.032576]}},{"type":"Feature","properties":{"lines":"03, 04, 05, 06, 09, 307, S10, S11, ZL","arr":["03","04","05","06","09","307","S10","S11","ZL"],"mode":"bus","angle":-88.8,"l0":"03, ","c0":"#02af5a","l1":"04, ","c1":"#6b5806","l2":"05, ","c2":"#79a620","l3":"06, ","c3":"#a72d06","l4":"09, ","c4":"#e16cd6","l5":"307, ","c5":"#ab0377","l6":"S10, ","c6":"#cf8a11","l7":"S11, ","c7":"#05617d","l8":"ZL","c8":"#4d4aba"},"geometry":{"type":"Point","coordinates":[18.689474,50.038382]}},{"type":"Feature","properties":{"lines":"03, 04, 05, 06, 09, 307, S10, S11, ZL","arr":["03","04","05","06","09","307","S10","S11","ZL"],"mode":"bus","angle":-79.3,"extra":1,"ei":0,"l0":"03, ","c0":"#02af5a","l1":"04, ","c1":"#6b5806","l2":"05, ","c2":"#79a620","l3":"06, ","c3":"#a72d06","l4":"09, ","c4":"#e16cd6","l5":"307, ","c5":"#ab0377","l6":"S10, ","c6":"#cf8a11","l7":"S11, ","c7":"#05617d","l8":"ZL","c8":"#4d4aba"},"geometry":{"type":"Point","coordinates":[18.689819,50.04187]}},{"type":"Feature","properties":{"lines":"03, 04, 05, 06, 09, 307, S10, S11, ZL","arr":["03","04","05","06","09","307","S10","S11","ZL"],"mode":"bus","angle":-88.5,"extra":1,"ei":1,"l0":"03, ","c0":"#02af5a","l1":"04, ","c1":"#6b5806","l2":"05, ","c2":"#79a620","l3":"06, ","c3":"#a72d06","l4":"09, ","c4":"#e16cd6","l5":"307, ","c5":"#ab0377","l6":"S10, ","c6":"#cf8a11","l7":"S11, ","c7":"#05617d","l8":"ZL","c8":"#4d4aba"},"geometry":{"type":"Point","coordinates":[18.689538,50.039995]}},{"type":"Feature","properties":{"lines":"03, 04, 05, 06, 09, 307, S10, S11, ZL","arr":["03","04","05","06","09","307","S10","S11","ZL"],"mode":"bus","angle":-88.5,"extra":1,"ei":2,"l0":"03, ","c0":"#02af5a","l1":"04, ","c1":"#6b5806","l2":"05, ","c2":"#79a620","l3":"06, ","c3":"#a72d06","l4":"09, ","c4":"#e16cd6","l5":"307, ","c5":"#ab0377","l6":"S10, ","c6":"#cf8a11","l7":"S11, ","c7":"#05617d","l8":"ZL","c8":"#4d4aba"},"geometry":{"type":"Point","coordinates":[18.68942,50.036218]}},{"type":"Feature","properties":{"lines":"03, 04, 05, 06, 09, 307, S10, S11, ZL","arr":["03","04","05","06","09","307","S10","S11","ZL"],"mode":"bus","angle":-77.5,"extra":1,"ei":3,"l0":"03, ","c0":"#02af5a","l1":"04, ","c1":"#6b5806","l2":"05, ","c2":"#79a620","l3":"06, ","c3":"#a72d06","l4":"09, ","c4":"#e16cd6","l5":"307, ","c5":"#ab0377","l6":"S10, ","c6":"#cf8a11","l7":"S11, ","c7":"#05617d","l8":"ZL","c8":"#4d4aba"},"geometry":{"type":"Point","coordinates":[18.688938,50.03436]}},{"type":"Feature","properties":{"lines":"03, 06, 07, 08, 307","arr":["03","06","07","08","307"],"mode":"bus","angle":19.2,"side":-1,"l0":"03, ","c0":"#02af5a","l1":"06, ","c1":"#a72d06","l2":"07, ","c2":"#ff627e","l3":"08, ","c3":"#6895fc","l4":"307","c4":"#ab0377"},"geometry":{"type":"Point","coordinates":[18.691552,50.033538]}},{"type":"Feature","properties":{"lines":"03, 08","arr":["03","08"],"mode":"bus","angle":-79.8,"l0":"03, ","c0":"#02af5a","l1":"08","c1":"#6895fc"},"geometry":{"type":"Point","coordinates":[18.694385,50.032488]}},{"type":"Feature","properties":{"lines":"03","arr":["03"],"mode":"bus","angle":-79.2,"l0":"03","c0":"#02af5a"},"geometry":{"type":"Point","coordinates":[18.693364,50.02898]}},{"type":"Feature","properties":{"lines":"03","arr":["03"],"mode":"bus","angle":-79.1,"extra":1,"ei":0,"l0":"03","c0":"#02af5a"},"geometry":{"type":"Point","coordinates":[18.694004,50.031175]}},{"type":"Feature","properties":{"lines":"03","arr":["03"],"mode":"bus","angle":-76.8,"extra":1,"ei":1,"l0":"03","c0":"#02af5a"},"geometry":{"type":"Point","coordinates":[18.692863,50.02747]}},{"type":"Feature","properties":{"lines":"03","arr":["03"],"mode":"bus","angle":-78.8,"l0":"03","c0":"#02af5a"},"geometry":{"type":"Point","coordinates":[18.687159,50.015487]}},{"type":"Feature","properties":{"lines":"03","arr":["03"],"mode":"bus","angle":-67.3,"extra":1,"ei":0,"l0":"03","c0":"#02af5a"},"geometry":{"type":"Point","coordinates":[18.69171,50.024848]}},{"type":"Feature","properties":{"lines":"03","arr":["03"],"mode":"bus","angle":-66.6,"extra":1,"ei":1,"l0":"03","c0":"#02af5a"},"geometry":{"type":"Point","coordinates":[18.690379,50.023165]}},{"type":"Feature","properties":{"lines":"03","arr":["03"],"mode":"bus","angle":-81.1,"extra":1,"ei":2,"l0":"03","c0":"#02af5a"},"geometry":{"type":"Point","coordinates":[18.689761,50.021322]}},{"type":"Feature","properties":{"lines":"03","arr":["03"],"mode":"bus","angle":-79.8,"extra":1,"ei":3,"l0":"03","c0":"#02af5a"},"geometry":{"type":"Point","coordinates":[18.689271,50.01946]}},{"type":"Feature","properties":{"lines":"03","arr":["03"],"mode":"bus","angle":-67.7,"extra":1,"ei":4,"l0":"03","c0":"#02af5a"},"geometry":{"type":"Point","coordinates":[18.68842,50.017662]}},{"type":"Feature","properties":{"lines":"03","arr":["03"],"mode":"bus","angle":-73.6,"side":-1,"extra":1,"ei":5,"l0":"03","c0":"#02af5a"},"geometry":{"type":"Point","coordinates":[18.686827,50.014053]}},{"type":"Feature","properties":{"lines":"03","arr":["03"],"mode":"bus","angle":-71.1,"extra":1,"ei":6,"l0":"03","c0":"#02af5a"},"geometry":{"type":"Point","coordinates":[18.685948,50.012251]}},{"type":"Feature","properties":{"lines":"03","arr":["03"],"mode":"bus","angle":-51.3,"extra":1,"ei":7,"l0":"03","c0":"#02af5a"},"geometry":{"type":"Point","coordinates":[18.684283,50.010711]}},{"type":"Feature","properties":{"lines":"03","arr":["03"],"mode":"bus","angle":-82.6,"extra":1,"ei":8,"l0":"03","c0":"#02af5a"},"geometry":{"type":"Point","coordinates":[18.683177,50.009014]}},{"type":"Feature","properties":{"lines":"03","arr":["03"],"mode":"bus","angle":-75.1,"extra":1,"ei":9,"l0":"03","c0":"#02af5a"},"geometry":{"type":"Point","coordinates":[18.682608,50.007163]}},{"type":"Feature","properties":{"lines":"03, 06, 307","arr":["03","06","307"],"mode":"bus","angle":37.7,"l0":"03, ","c0":"#02af5a","l1":"06, ","c1":"#a72d06","l2":"307","c2":"#ab0377"},"geometry":{"type":"Point","coordinates":[18.689296,50.034087]}},{"type":"Feature","properties":{"lines":"04, 05, 09, S10, S11, ZL","arr":["04","05","09","S10","S11","ZL"],"mode":"bus","angle":-75.3,"l0":"04, ","c0":"#6b5806","l1":"05, ","c1":"#79a620","l2":"09, ","c2":"#e16cd6","l3":"S10, ","c3":"#cf8a11","l4":"S11, ","c4":"#05617d","l5":"ZL","c5":"#4d4aba"},"geometry":{"type":"Point","coordinates":[18.687977,50.031709]}},{"type":"Feature","properties":{"lines":"04, 05, 09, S10, S11, ZL","arr":["04","05","09","S10","S11","ZL"],"mode":"bus","angle":-62.7,"extra":1,"ei":0,"l0":"04, ","c0":"#6b5806","l1":"05, ","c1":"#79a620","l2":"09, ","c2":"#e16cd6","l3":"S10, ","c3":"#cf8a11","l4":"S11, ","c4":"#05617d","l5":"ZL","c5":"#4d4aba"},"geometry":{"type":"Point","coordinates":[18.687177,50.030427]}},{"type":"Feature","properties":{"lines":"04, 05, 09, S10, S11, ZL","arr":["04","05","09","S10","S11","ZL"],"mode":"bus","angle":-78.5,"side":-1,"extra":1,"ei":0,"l0":"04, ","c0":"#6b5806","l1":"05, ","c1":"#79a620","l2":"09, ","c2":"#e16cd6","l3":"S10, ","c3":"#cf8a11","l4":"S11, ","c4":"#05617d","l5":"ZL","c5":"#4d4aba"},"geometry":{"type":"Point","coordinates":[18.689,50.034095]}},{"type":"Feature","properties":{"lines":"09, S10, S11","arr":["09","S10","S11"],"mode":"bus","angle":-56.5,"side":-1,"l0":"09, ","c0":"#e16cd6","l1":"S10, ","c1":"#cf8a11","l2":"S11","c2":"#05617d"},"geometry":{"type":"Point","coordinates":[18.686688,50.029657]}},{"type":"Feature","properties":{"lines":"04, 08","arr":["04","08"],"mode":"bus","angle":6.4,"mi":1,"l0":"04, ","c0":"#6b5806","l1":"08","c1":"#6895fc"},"geometry":{"type":"Point","coordinates":[18.683042,50.04582]}},{"type":"Feature","properties":{"lines":"04, 08","arr":["04","08"],"mode":"bus","angle":6.7,"extra":1,"ei":0,"l0":"04, ","c0":"#6b5806","l1":"08","c1":"#6895fc"},"geometry":{"type":"Point","coordinates":[18.679105,50.046123]}},{"type":"Feature","properties":{"lines":"04, 08","arr":["04","08"],"mode":"bus","angle":7.4,"extra":1,"ei":1,"l0":"04, ","c0":"#6b5806","l1":"08","c1":"#6895fc"},"geometry":{"type":"Point","coordinates":[18.68495,50.045668]}},{"type":"Feature","properties":{"lines":"04, 08","arr":["04","08"],"mode":"bus","angle":8.3,"extra":1,"ei":2,"l0":"04, ","c0":"#6b5806","l1":"08","c1":"#6895fc"},"geometry":{"type":"Point","coordinates":[18.687873,50.045445]}},{"type":"Feature","properties":{"lines":"04, 08","arr":["04","08"],"mode":"bus","angle":36.9,"l0":"04, ","c0":"#6b5806","l1":"08","c1":"#6895fc"},"geometry":{"type":"Point","coordinates":[18.674938,50.047651]}},{"type":"Feature","properties":{"lines":"04, 08","arr":["04","08"],"mode":"bus","angle":36.6,"extra":1,"ei":0,"l0":"04, ","c0":"#6b5806","l1":"08","c1":"#6895fc"},"geometry":{"type":"Point","coordinates":[18.676462,50.046849]}},{"type":"Feature","properties":{"lines":"04","arr":["04"],"mode":"bus","angle":29.9,"mi":2,"l0":"04","c0":"#6b5806"},"geometry":{"type":"Point","coordinates":[18.663948,50.051445]}},{"type":"Feature","properties":{"lines":"04","arr":["04"],"mode":"bus","angle":34.7,"extra":1,"ei":0,"l0":"04","c0":"#6b5806"},"geometry":{"type":"Point","coordinates":[18.670584,50.048998]}},{"type":"Feature","properties":{"lines":"04","arr":["04"],"mode":"bus","angle":24.3,"extra":1,"ei":1,"l0":"04","c0":"#6b5806"},"geometry":{"type":"Point","coordinates":[18.668077,50.04998]}},{"type":"Feature","properties":{"lines":"04","arr":["04"],"mode":"bus","angle":29.9,"extra":1,"ei":2,"l0":"04","c0":"#6b5806"},"geometry":{"type":"Point","coordinates":[18.660377,50.052752]}},{"type":"Feature","properties":{"lines":"04","arr":["04"],"mode":"bus","angle":30.4,"extra":1,"ei":3,"l0":"04","c0":"#6b5806"},"geometry":{"type":"Point","coordinates":[18.657841,50.053711]}},{"type":"Feature","properties":{"lines":"04","arr":["04"],"mode":"bus","angle":82,"l0":"04","c0":"#6b5806"},"geometry":{"type":"Point","coordinates":[18.654915,50.057699]}},{"type":"Feature","properties":{"lines":"04","arr":["04"],"mode":"bus","angle":81.2,"extra":1,"ei":0,"l0":"04","c0":"#6b5806"},"geometry":{"type":"Point","coordinates":[18.65566,50.055164]}},{"type":"Feature","properties":{"lines":"04","arr":["04"],"mode":"bus","angle":87.8,"extra":1,"ei":1,"l0":"04","c0":"#6b5806"},"geometry":{"type":"Point","coordinates":[18.653734,50.060636]}},{"type":"Feature","properties":{"lines":"04","arr":["04"],"mode":"bus","angle":-50.1,"mi":1,"l0":"04","c0":"#6b5806"},"geometry":{"type":"Point","coordinates":[18.65681,50.063045]}},{"type":"Feature","properties":{"lines":"04","arr":["04"],"mode":"bus","angle":-41.7,"extra":1,"ei":0,"l0":"04","c0":"#6b5806"},"geometry":{"type":"Point","coordinates":[18.654686,50.061817]}},{"type":"Feature","properties":{"lines":"04","arr":["04"],"mode":"bus","angle":-6.3,"extra":1,"ei":1,"l0":"04","c0":"#6b5806"},"geometry":{"type":"Point","coordinates":[18.659048,50.064236]}},{"type":"Feature","properties":{"lines":"05, ZL","arr":["05","ZL"],"mode":"bus","angle":-37,"l0":"05, ","c0":"#79a620","l1":"ZL","c1":"#4d4aba"},"geometry":{"type":"Point","coordinates":[18.641959,50.032616]}},{"type":"Feature","properties":{"lines":"05, ZL","arr":["05","ZL"],"mode":"bus","angle":-22.6,"mi":3,"l0":"05, ","c0":"#79a620","l1":"ZL","c1":"#4d4aba"},"geometry":{"type":"Point","coordinates":[18.663938,50.03702]}},{"type":"Feature","properties":{"lines":"05, ZL","arr":["05","ZL"],"mode":"bus","angle":-16,"mi":2,"l0":"05, ","c0":"#79a620","l1":"ZL","c1":"#4d4aba"},"geometry":{"type":"Point","coordinates":[18.678875,50.040793]}},{"type":"Feature","properties":{"lines":"05, ZL","arr":["05","ZL"],"mode":"bus","angle":-20.3,"l0":"05, ","c0":"#79a620","l1":"ZL","c1":"#4d4aba"},"geometry":{"type":"Point","coordinates":[18.672143,50.039579]}},{"type":"Feature","properties":{"lines":"05, ZL","arr":["05","ZL"],"mode":"bus","angle":-14.7,"mi":1,"l0":"05, ","c0":"#79a620","l1":"ZL","c1":"#4d4aba"},"geometry":{"type":"Point","coordinates":[18.675167,50.040133]}},{"type":"Feature","properties":{"lines":"05, ZL","arr":["05","ZL"],"mode":"bus","angle":6.3,"extra":1,"ei":0,"l0":"05, ","c0":"#79a620","l1":"ZL","c1":"#4d4aba"},"geometry":{"type":"Point","coordinates":[18.62907,50.031815]}},{"type":"Feature","properties":{"lines":"05, ZL","arr":["05","ZL"],"mode":"bus","angle":5.8,"extra":1,"ei":1,"l0":"05, ","c0":"#79a620","l1":"ZL","c1":"#4d4aba"},"geometry":{"type":"Point","coordinates":[18.631998,50.031619]}},{"type":"Feature","properties":{"lines":"05, ZL","arr":["05","ZL"],"mode":"bus","angle":-0.3,"extra":1,"ei":2,"l0":"05, ","c0":"#79a620","l1":"ZL","c1":"#4d4aba"},"geometry":{"type":"Point","coordinates":[18.634938,50.031559]}},{"type":"Feature","properties":{"lines":"05, ZL","arr":["05","ZL"],"mode":"bus","angle":-0.8,"extra":1,"ei":3,"l0":"05, ","c0":"#79a620","l1":"ZL","c1":"#4d4aba"},"geometry":{"type":"Point","coordinates":[18.637881,50.031581]}},{"type":"Feature","properties":{"lines":"05, ZL","arr":["05","ZL"],"mode":"bus","angle":-26.6,"extra":1,"ei":4,"l0":"05, ","c0":"#79a620","l1":"ZL","c1":"#4d4aba"},"geometry":{"type":"Point","coordinates":[18.645517,50.034202]}},{"type":"Feature","properties":{"lines":"05, ZL","arr":["05","ZL"],"mode":"bus","angle":-24.3,"extra":1,"ei":5,"l0":"05, ","c0":"#79a620","l1":"ZL","c1":"#4d4aba"},"geometry":{"type":"Point","coordinates":[18.648184,50.035001]}},{"type":"Feature","properties":{"lines":"05, ZL","arr":["05","ZL"],"mode":"bus","angle":2.8,"extra":1,"ei":6,"l0":"05, ","c0":"#79a620","l1":"ZL","c1":"#4d4aba"},"geometry":{"type":"Point","coordinates":[18.651013,50.035426]}},{"type":"Feature","properties":{"lines":"05, ZL","arr":["05","ZL"],"mode":"bus","angle":5.1,"extra":1,"ei":7,"l0":"05, ","c0":"#79a620","l1":"ZL","c1":"#4d4aba"},"geometry":{"type":"Point","coordinates":[18.653945,50.035257]}},{"type":"Feature","properties":{"lines":"05, ZL","arr":["05","ZL"],"mode":"bus","angle":-12.2,"extra":1,"ei":0,"l0":"05, ","c0":"#79a620","l1":"ZL","c1":"#4d4aba"},"geometry":{"type":"Point","coordinates":[18.657189,50.035537]}},{"type":"Feature","properties":{"lines":"05, ZL","arr":["05","ZL"],"mode":"bus","angle":-22.1,"extra":1,"ei":1,"l0":"05, ","c0":"#79a620","l1":"ZL","c1":"#4d4aba"},"geometry":{"type":"Point","coordinates":[18.660041,50.035971]}},{"type":"Feature","properties":{"lines":"05, ZL","arr":["05","ZL"],"mode":"bus","angle":-26.6,"extra":1,"ei":2,"l0":"05, ","c0":"#79a620","l1":"ZL","c1":"#4d4aba"},"geometry":{"type":"Point","coordinates":[18.668179,50.038172]}},{"type":"Feature","properties":{"lines":"05, ZL","arr":["05","ZL"],"mode":"bus","angle":-87.6,"l0":"05, ","c0":"#79a620","l1":"ZL","c1":"#4d4aba"},"geometry":{"type":"Point","coordinates":[18.627792,50.034842]}},{"type":"Feature","properties":{"lines":"05, ZL","arr":["05","ZL"],"mode":"bus","angle":87.6,"extra":1,"ei":0,"l0":"05, ","c0":"#79a620","l1":"ZL","c1":"#4d4aba"},"geometry":{"type":"Point","coordinates":[18.62792,50.036847]}},{"type":"Feature","properties":{"lines":"05, ZL","arr":["05","ZL"],"mode":"bus","angle":-87.6,"extra":1,"ei":1,"l0":"05, ","c0":"#79a620","l1":"ZL","c1":"#4d4aba"},"geometry":{"type":"Point","coordinates":[18.627683,50.033073]}},{"type":"Feature","properties":{"lines":"ZL","arr":["ZL"],"mode":"bus","angle":35.8,"mi":2,"l0":"ZL","c0":"#4d4aba"},"geometry":{"type":"Point","coordinates":[18.62667,50.037695]}},{"type":"Feature","properties":{"lines":"05","arr":["05"],"mode":"bus","angle":-1.8,"mi":2,"l0":"05","c0":"#79a620"},"geometry":{"type":"Point","coordinates":[18.621388,50.032205]}},{"type":"Feature","properties":{"lines":"05","arr":["05"],"mode":"bus","angle":8,"extra":1,"ei":0,"l0":"05","c0":"#79a620"},"geometry":{"type":"Point","coordinates":[18.61664,50.032369]}},{"type":"Feature","properties":{"lines":"05","arr":["05"],"mode":"bus","angle":0,"extra":1,"ei":1,"l0":"05","c0":"#79a620"},"geometry":{"type":"Point","coordinates":[18.619564,50.032167]}},{"type":"Feature","properties":{"lines":"05","arr":["05"],"mode":"bus","angle":6,"extra":1,"ei":2,"l0":"05","c0":"#79a620"},"geometry":{"type":"Point","coordinates":[18.625439,50.032048]}},{"type":"Feature","properties":{"lines":"05","arr":["05"],"mode":"bus","angle":70.2,"l0":"05","c0":"#79a620"},"geometry":{"type":"Point","coordinates":[18.611982,50.03699]}},{"type":"Feature","properties":{"lines":"05","arr":["05"],"mode":"bus","angle":68.2,"extra":1,"ei":0,"l0":"05","c0":"#79a620"},"geometry":{"type":"Point","coordinates":[18.614987,50.033422]}},{"type":"Feature","properties":{"lines":"05","arr":["05"],"mode":"bus","angle":69.7,"extra":1,"ei":1,"l0":"05","c0":"#79a620"},"geometry":{"type":"Point","coordinates":[18.61385,50.035161]}},{"type":"Feature","properties":{"lines":"05","arr":["05"],"mode":"bus","angle":86.2,"extra":1,"ei":2,"l0":"05","c0":"#79a620"},"geometry":{"type":"Point","coordinates":[18.611565,50.038533]}},{"type":"Feature","properties":{"lines":"05","arr":["05"],"mode":"bus","angle":62.9,"extra":1,"ei":3,"l0":"05","c0":"#79a620"},"geometry":{"type":"Point","coordinates":[18.610767,50.040307]}},{"type":"Feature","properties":{"lines":"05","arr":["05"],"mode":"bus","angle":-72.7,"mi":1,"l0":"05","c0":"#79a620"},"geometry":{"type":"Point","coordinates":[18.608984,50.044169]}},{"type":"Feature","properties":{"lines":"05","arr":["05"],"mode":"bus","angle":80.5,"extra":1,"ei":0,"l0":"05","c0":"#79a620"},"geometry":{"type":"Point","coordinates":[18.60929,50.042556]}},{"type":"Feature","properties":{"lines":"05","arr":["05"],"mode":"bus","angle":80.7,"extra":1,"ei":1,"l0":"05","c0":"#79a620"},"geometry":{"type":"Point","coordinates":[18.609165,50.04621]}},{"type":"Feature","properties":{"lines":"06","arr":["06"],"mode":"bus","angle":18.7,"l0":"06","c0":"#a72d06"},"geometry":{"type":"Point","coordinates":[18.708519,50.048908]}},{"type":"Feature","properties":{"lines":"06","arr":["06"],"mode":"bus","angle":-15.2,"extra":1,"ei":0,"l0":"06","c0":"#a72d06"},"geometry":{"type":"Point","coordinates":[18.712171,50.048965]}},{"type":"Feature","properties":{"lines":"06","arr":["06"],"mode":"bus","angle":34.1,"extra":1,"ei":1,"l0":"06","c0":"#a72d06"},"geometry":{"type":"Point","coordinates":[18.706722,50.049662]}},{"type":"Feature","properties":{"lines":"06","arr":["06"],"mode":"bus","angle":66.5,"extra":1,"ei":2,"l0":"06","c0":"#a72d06"},"geometry":{"type":"Point","coordinates":[18.704405,50.050755]}},{"type":"Feature","properties":{"lines":"06, 09","arr":["06","09"],"mode":"bus","angle":-54.6,"l0":"06, ","c0":"#a72d06","l1":"09","c1":"#e16cd6"},"geometry":{"type":"Point","coordinates":[18.703154,50.049653]}},{"type":"Feature","properties":{"lines":"06, 09","arr":["06","09"],"mode":"bus","angle":33.2,"mi":1,"l0":"06, ","c0":"#a72d06","l1":"09","c1":"#e16cd6"},"geometry":{"type":"Point","coordinates":[18.703664,50.05139]}},{"type":"Feature","properties":{"lines":"09","arr":["09"],"mode":"bus","angle":72.1,"mi":5,"l0":"09","c0":"#e16cd6"},"geometry":{"type":"Point","coordinates":[18.703323,50.051785]}},{"type":"Feature","properties":{"lines":"06, 09, 308","arr":["06","09","308"],"mode":"bus","angle":-35.3,"l0":"06, ","c0":"#a72d06","l1":"09, ","c1":"#e16cd6","l2":"308","c2":"#999f01"},"geometry":{"type":"Point","coordinates":[18.700367,50.048087]}},{"type":"Feature","properties":{"lines":"06, 07, 09, 308","arr":["06","07","09","308"],"mode":"bus","angle":-34.3,"l0":"06, ","c0":"#a72d06","l1":"07, ","c1":"#ff627e","l2":"09, ","c2":"#e16cd6","l3":"308","c3":"#999f01"},"geometry":{"type":"Point","coordinates":[18.698709,50.047348]}},{"type":"Feature","properties":{"lines":"06, 07, 09, 307, 308","arr":["06","07","09","307","308"],"mode":"bus","angle":25.6,"l0":"06, ","c0":"#a72d06","l1":"07, ","c1":"#ff627e","l2":"09, ","c2":"#e16cd6","l3":"307, ","c3":"#ab0377","l4":"308","c4":"#999f01"},"geometry":{"type":"Point","coordinates":[18.697553,50.047119]}},{"type":"Feature","properties":{"lines":"06, 07, 09, 307, 308","arr":["06","07","09","307","308"],"mode":"bus","angle":2,"mi":1,"l0":"06, ","c0":"#a72d06","l1":"07, ","c1":"#ff627e","l2":"09, ","c2":"#e16cd6","l3":"307, ","c3":"#ab0377","l4":"308","c4":"#999f01"},"geometry":{"type":"Point","coordinates":[18.695787,50.047463]}},{"type":"Feature","properties":{"lines":"06, 07, 307","arr":["06","07","307"],"mode":"bus","angle":-21.2,"l0":"06, ","c0":"#a72d06","l1":"07, ","c1":"#ff627e","l2":"307","c2":"#ab0377"},"geometry":{"type":"Point","coordinates":[18.701099,50.033448]}},{"type":"Feature","properties":{"lines":"06, 307","arr":["06","307"],"mode":"bus","angle":24.3,"side":-1,"l0":"06, ","c0":"#a72d06","l1":"307","c1":"#ab0377"},"geometry":{"type":"Point","coordinates":[18.702366,50.033499]}},{"type":"Feature","properties":{"lines":"06, 307","arr":["06","307"],"mode":"bus","angle":69.6,"mi":1,"l0":"06, ","c0":"#a72d06","l1":"307","c1":"#ab0377"},"geometry":{"type":"Point","coordinates":[18.70588,50.028159]}},{"type":"Feature","properties":{"lines":"06, 307","arr":["06","307"],"mode":"bus","angle":69.8,"side":-1,"extra":1,"ei":0,"l0":"06, ","c0":"#a72d06","l1":"307","c1":"#ab0377"},"geometry":{"type":"Point","coordinates":[18.703297,50.032385]}},{"type":"Feature","properties":{"lines":"06, 307","arr":["06","307"],"mode":"bus","angle":69.8,"side":-1,"extra":1,"ei":1,"l0":"06, ","c0":"#a72d06","l1":"307","c1":"#ab0377"},"geometry":{"type":"Point","coordinates":[18.704314,50.030613]}},{"type":"Feature","properties":{"lines":"06, 307","arr":["06","307"],"mode":"bus","angle":79.3,"side":-1,"extra":1,"ei":2,"l0":"06, ","c0":"#a72d06","l1":"307","c1":"#ab0377"},"geometry":{"type":"Point","coordinates":[18.707242,50.025273]}},{"type":"Feature","properties":{"lines":"06, 307","arr":["06","307"],"mode":"bus","angle":86.3,"side":-1,"extra":1,"ei":3,"l0":"06, ","c0":"#a72d06","l1":"307","c1":"#ab0377"},"geometry":{"type":"Point","coordinates":[18.707523,50.023395]}},{"type":"Feature","properties":{"lines":"06, 307","arr":["06","307"],"mode":"bus","angle":69.6,"extra":1,"ei":0,"l0":"06, ","c0":"#a72d06","l1":"307","c1":"#ab0377"},"geometry":{"type":"Point","coordinates":[18.7066,50.026919]}},{"type":"Feature","properties":{"lines":"06","arr":["06"],"mode":"bus","angle":17.3,"mi":9,"l0":"06","c0":"#a72d06"},"geometry":{"type":"Point","coordinates":[18.713571,50.020197]}},{"type":"Feature","properties":{"lines":"06","arr":["06"],"mode":"bus","angle":20.8,"mi":1,"l0":"06","c0":"#a72d06"},"geometry":{"type":"Point","coordinates":[18.730285,50.014579]}},{"type":"Feature","properties":{"lines":"06","arr":["06"],"mode":"bus","angle":-31.1,"mi":5,"l0":"06","c0":"#a72d06"},"geometry":{"type":"Point","coordinates":[18.735842,50.014528]}},{"type":"Feature","properties":{"lines":"06","arr":["06"],"mode":"bus","angle":-0.6,"mi":3,"l0":"06","c0":"#a72d06"},"geometry":{"type":"Point","coordinates":[18.722058,50.018068]}},{"type":"Feature","properties":{"lines":"06","arr":["06"],"mode":"bus","angle":15.3,"extra":1,"ei":0,"l0":"06","c0":"#a72d06"},"geometry":{"type":"Point","coordinates":[18.708995,50.022169]}},{"type":"Feature","properties":{"lines":"06","arr":["06"],"mode":"bus","angle":36.4,"extra":1,"ei":1,"l0":"06","c0":"#a72d06"},"geometry":{"type":"Point","coordinates":[18.711467,50.021156]}},{"type":"Feature","properties":{"lines":"06","arr":["06"],"mode":"bus","angle":30.6,"extra":1,"ei":2,"l0":"06","c0":"#a72d06"},"geometry":{"type":"Point","coordinates":[18.716487,50.019278]}},{"type":"Feature","properties":{"lines":"06","arr":["06"],"mode":"bus","angle":31.6,"extra":1,"ei":3,"l0":"06","c0":"#a72d06"},"geometry":{"type":"Point","coordinates":[18.719018,50.018312]}},{"type":"Feature","properties":{"lines":"06","arr":["06"],"mode":"bus","angle":53.1,"extra":1,"ei":0,"l0":"06","c0":"#a72d06"},"geometry":{"type":"Point","coordinates":[18.728517,50.015262]}},{"type":"Feature","properties":{"lines":"06","arr":["06"],"mode":"bus","angle":86,"mi":10,"l0":"06","c0":"#a72d06"},"geometry":{"type":"Point","coordinates":[18.712053,50.019658]}},{"type":"Feature","properties":{"lines":"06","arr":["06"],"mode":"bus","angle":0.1,"mi":4,"l0":"06","c0":"#a72d06"},"geometry":{"type":"Point","coordinates":[18.713132,50.015482]}},{"type":"Feature","properties":{"lines":"06","arr":["06"],"mode":"bus","angle":-66.9,"mi":8,"l0":"06","c0":"#a72d06"},"geometry":{"type":"Point","coordinates":[18.711945,50.017678]}},{"type":"Feature","properties":{"lines":"06","arr":["06"],"mode":"bus","angle":86,"mi":7,"l0":"06","c0":"#a72d06"},"geometry":{"type":"Point","coordinates":[18.711733,50.016324]}},{"type":"Feature","properties":{"lines":"06","arr":["06"],"mode":"bus","angle":-60.7,"mi":2,"l0":"06","c0":"#a72d06"},"geometry":{"type":"Point","coordinates":[18.718022,50.015132]}},{"type":"Feature","properties":{"lines":"06","arr":["06"],"mode":"bus","angle":15.2,"extra":1,"ei":0,"l0":"06","c0":"#a72d06"},"geometry":{"type":"Point","coordinates":[18.715817,50.014994]}},{"type":"Feature","properties":{"lines":"06","arr":["06"],"mode":"bus","angle":-66.6,"extra":1,"ei":1,"l0":"06","c0":"#a72d06"},"geometry":{"type":"Point","coordinates":[18.719258,50.016855]}},{"type":"Feature","properties":{"lines":"06","arr":["06"],"mode":"bus","angle":28.6,"l0":"06","c0":"#a72d06"},"geometry":{"type":"Point","coordinates":[18.725446,50.016694]}},{"type":"Feature","properties":{"lines":"06","arr":["06"],"mode":"bus","angle":29.8,"extra":1,"ei":0,"l0":"06","c0":"#a72d06"},"geometry":{"type":"Point","coordinates":[18.727228,50.016081]}},{"type":"Feature","properties":{"lines":"06","arr":["06"],"mode":"bus","angle":-21.2,"mi":6,"l0":"06","c0":"#a72d06"},"geometry":{"type":"Point","coordinates":[18.736182,50.013925]}},{"type":"Feature","properties":{"lines":"06","arr":["06"],"mode":"bus","angle":-81.8,"mi":11,"l0":"06","c0":"#a72d06"},"geometry":{"type":"Point","coordinates":[18.738781,50.008715]}},{"type":"Feature","properties":{"lines":"06","arr":["06"],"mode":"bus","angle":88,"extra":1,"ei":0,"l0":"06","c0":"#a72d06"},"geometry":{"type":"Point","coordinates":[18.738104,50.014459]}},{"type":"Feature","properties":{"lines":"06","arr":["06"],"mode":"bus","angle":70.9,"extra":1,"ei":1,"l0":"06","c0":"#a72d06"},"geometry":{"type":"Point","coordinates":[18.738515,50.012615]}},{"type":"Feature","properties":{"lines":"06","arr":["06"],"mode":"bus","angle":-80.6,"extra":1,"ei":2,"l0":"06","c0":"#a72d06"},"geometry":{"type":"Point","coordinates":[18.739365,50.011062]}},{"type":"Feature","properties":{"lines":"06","arr":["06"],"mode":"bus","angle":-81.1,"extra":1,"ei":3,"l0":"06","c0":"#a72d06"},"geometry":{"type":"Point","coordinates":[18.73845,50.007331]}},{"type":"Feature","properties":{"lines":"06","arr":["06"],"mode":"bus","angle":45.1,"extra":1,"ei":4,"l0":"06","c0":"#a72d06"},"geometry":{"type":"Point","coordinates":[18.738208,50.005513]}},{"type":"Feature","properties":{"lines":"06","arr":["06"],"mode":"bus","angle":-63.6,"extra":1,"ei":5,"l0":"06","c0":"#a72d06"},"geometry":{"type":"Point","coordinates":[18.739796,50.004404]}},{"type":"Feature","properties":{"lines":"06","arr":["06"],"mode":"bus","angle":-68.5,"extra":1,"ei":6,"l0":"06","c0":"#a72d06"},"geometry":{"type":"Point","coordinates":[18.738522,50.002703]}},{"type":"Feature","properties":{"lines":"06","arr":["06"],"mode":"bus","angle":3.2,"mi":13,"l0":"06","c0":"#a72d06"},"geometry":{"type":"Point","coordinates":[18.736367,50.002543]}},{"type":"Feature","properties":{"lines":"06","arr":["06"],"mode":"bus","angle":2.7,"extra":1,"ei":0,"l0":"06","c0":"#a72d06"},"geometry":{"type":"Point","coordinates":[18.734257,50.002297]}},{"type":"Feature","properties":{"lines":"06","arr":["06"],"mode":"bus","angle":41.4,"mi":12,"l0":"06","c0":"#a72d06"},"geometry":{"type":"Point","coordinates":[18.73441,50.003299]}},{"type":"Feature","properties":{"lines":"06, 07, 09, 308","arr":["06","07","09","308"],"mode":"bus","angle":31.2,"side":-1,"mi":1,"l0":"06, ","c0":"#a72d06","l1":"07, ","c1":"#ff627e","l2":"09, ","c2":"#e16cd6","l3":"308","c3":"#999f01"},"geometry":{"type":"Point","coordinates":[18.697661,50.047027]}},{"type":"Feature","properties":{"lines":"07","arr":["07"],"mode":"bus","angle":-72.5,"l0":"07","c0":"#ff627e"},"geometry":{"type":"Point","coordinates":[18.7034,50.037654]}},{"type":"Feature","properties":{"lines":"07","arr":["07"],"mode":"bus","angle":63.2,"mi":5,"l0":"07","c0":"#ff627e"},"geometry":{"type":"Point","coordinates":[18.703414,50.034435]}},{"type":"Feature","properties":{"lines":"07","arr":["07"],"mode":"bus","angle":-72.6,"extra":1,"ei":0,"l0":"07","c0":"#ff627e"},"geometry":{"type":"Point","coordinates":[18.704506,50.03991]}},{"type":"Feature","properties":{"lines":"07","arr":["07"],"mode":"bus","angle":-82.6,"side":-1,"extra":1,"ei":1,"l0":"07","c0":"#ff627e"},"geometry":{"type":"Point","coordinates":[18.702792,50.036299]}},{"type":"Feature","properties":{"lines":"07","arr":["07"],"mode":"bus","angle":-88.6,"mi":1,"l0":"07","c0":"#ff627e"},"geometry":{"type":"Point","coordinates":[18.701999,50.037215]}},{"type":"Feature","properties":{"lines":"07","arr":["07"],"mode":"bus","angle":18.2,"mi":2,"l0":"07","c0":"#ff627e"},"geometry":{"type":"Point","coordinates":[18.706488,50.040497]}},{"type":"Feature","properties":{"lines":"07, 08","arr":["07","08"],"mode":"bus","angle":8.8,"l0":"07, ","c0":"#ff627e","l1":"08","c1":"#6895fc"},"geometry":{"type":"Point","coordinates":[18.685896,50.034363]}},{"type":"Feature","properties":{"lines":"07, 08","arr":["07","08"],"mode":"bus","angle":8.3,"extra":1,"ei":0,"l0":"07, ","c0":"#ff627e","l1":"08","c1":"#6895fc"},"geometry":{"type":"Point","coordinates":[18.688201,50.034131]}},{"type":"Feature","properties":{"lines":"07, 08","arr":["07","08"],"mode":"bus","angle":8.3,"extra":1,"ei":1,"l0":"07, ","c0":"#ff627e","l1":"08","c1":"#6895fc"},"geometry":{"type":"Point","coordinates":[18.682385,50.034712]}},{"type":"Feature","properties":{"lines":"07","arr":["07"],"mode":"bus","angle":38.5,"side":-1,"mi":6,"l0":"07","c0":"#ff627e"},"geometry":{"type":"Point","coordinates":[18.700871,50.044578]}},{"type":"Feature","properties":{"lines":"07","arr":["07"],"mode":"bus","angle":5.5,"side":-1,"mi":4,"l0":"07","c0":"#ff627e"},"geometry":{"type":"Point","coordinates":[18.703617,50.04407]}},{"type":"Feature","properties":{"lines":"07, 308","arr":["07","308"],"mode":"bus","angle":7.7,"l0":"07, ","c0":"#ff627e","l1":"308","c1":"#999f01"},"geometry":{"type":"Point","coordinates":[18.737167,50.038918]}},{"type":"Feature","properties":{"lines":"07, 308","arr":["07","308"],"mode":"bus","angle":49.6,"mi":1,"l0":"07, ","c0":"#ff627e","l1":"308","c1":"#999f01"},"geometry":{"type":"Point","coordinates":[18.700597,50.044913]}},{"type":"Feature","properties":{"lines":"07, 308","arr":["07","308"],"mode":"bus","angle":9.5,"extra":1,"ei":0,"l0":"07, ","c0":"#ff627e","l1":"308","c1":"#999f01"},"geometry":{"type":"Point","coordinates":[18.72461,50.04022]}},{"type":"Feature","properties":{"lines":"07, 308","arr":["07","308"],"mode":"bus","angle":9.6,"extra":1,"ei":1,"l0":"07, ","c0":"#ff627e","l1":"308","c1":"#999f01"},"geometry":{"type":"Point","coordinates":[18.727512,50.039899]}},{"type":"Feature","properties":{"lines":"07, 308","arr":["07","308"],"mode":"bus","angle":9.4,"extra":1,"ei":2,"l0":"07, ","c0":"#ff627e","l1":"308","c1":"#999f01"},"geometry":{"type":"Point","coordinates":[18.730419,50.039604]}},{"type":"Feature","properties":{"lines":"07, 308","arr":["07","308"],"mode":"bus","angle":9.3,"extra":1,"ei":3,"l0":"07, ","c0":"#ff627e","l1":"308","c1":"#999f01"},"geometry":{"type":"Point","coordinates":[18.733325,50.0393]}},{"type":"Feature","properties":{"lines":"07, 308","arr":["07","308"],"mode":"bus","angle":7.3,"extra":1,"ei":4,"l0":"07, ","c0":"#ff627e","l1":"308","c1":"#999f01"},"geometry":{"type":"Point","coordinates":[18.73915,50.038749]}},{"type":"Feature","properties":{"lines":"07, 308","arr":["07","308"],"mode":"bus","angle":7,"extra":1,"ei":5,"l0":"07, ","c0":"#ff627e","l1":"308","c1":"#999f01"},"geometry":{"type":"Point","coordinates":[18.742066,50.038492]}},{"type":"Feature","properties":{"lines":"07, 308","arr":["07","308"],"mode":"bus","angle":7.2,"extra":1,"ei":6,"l0":"07, ","c0":"#ff627e","l1":"308","c1":"#999f01"},"geometry":{"type":"Point","coordinates":[18.744987,50.038258]}},{"type":"Feature","properties":{"lines":"07, 308","arr":["07","308"],"mode":"bus","angle":17.3,"extra":1,"ei":7,"l0":"07, ","c0":"#ff627e","l1":"308","c1":"#999f01"},"geometry":{"type":"Point","coordinates":[18.747862,50.037877]}},{"type":"Feature","properties":{"lines":"07, 308","arr":["07","308"],"mode":"bus","angle":17.7,"extra":1,"ei":8,"l0":"07, ","c0":"#ff627e","l1":"308","c1":"#999f01"},"geometry":{"type":"Point","coordinates":[18.750673,50.037315]}},{"type":"Feature","properties":{"lines":"07, 308","arr":["07","308"],"mode":"bus","angle":7,"extra":1,"ei":0,"l0":"07, ","c0":"#ff627e","l1":"308","c1":"#999f01"},"geometry":{"type":"Point","coordinates":[18.702645,50.044154]}},{"type":"Feature","properties":{"lines":"07, 308","arr":["07","308"],"mode":"bus","angle":57.3,"extra":1,"ei":1,"l0":"07, ","c0":"#ff627e","l1":"308","c1":"#999f01"},"geometry":{"type":"Point","coordinates":[18.698644,50.046709]}},{"type":"Feature","properties":{"lines":"07, 308","arr":["07","308"],"mode":"bus","angle":10.3,"l0":"07, ","c0":"#ff627e","l1":"308","c1":"#999f01"},"geometry":{"type":"Point","coordinates":[18.71336,50.041497]}},{"type":"Feature","properties":{"lines":"07, 308","arr":["07","308"],"mode":"bus","angle":10.1,"extra":1,"ei":0,"l0":"07, ","c0":"#ff627e","l1":"308","c1":"#999f01"},"geometry":{"type":"Point","coordinates":[18.721711,50.040547]}},{"type":"Feature","properties":{"lines":"07, 308","arr":["07","308"],"mode":"bus","angle":10.2,"extra":1,"ei":1,"l0":"07, ","c0":"#ff627e","l1":"308","c1":"#999f01"},"geometry":{"type":"Point","coordinates":[18.718812,50.040879]}},{"type":"Feature","properties":{"lines":"07, 308","arr":["07","308"],"mode":"bus","angle":10.1,"extra":1,"ei":2,"l0":"07, ","c0":"#ff627e","l1":"308","c1":"#999f01"},"geometry":{"type":"Point","coordinates":[18.715913,50.041206]}},{"type":"Feature","properties":{"lines":"07, 308","arr":["07","308"],"mode":"bus","angle":10.4,"extra":1,"ei":3,"l0":"07, ","c0":"#ff627e","l1":"308","c1":"#999f01"},"geometry":{"type":"Point","coordinates":[18.710119,50.041878]}},{"type":"Feature","properties":{"lines":"07, 308","arr":["07","308"],"mode":"bus","angle":28,"extra":1,"ei":4,"l0":"07, ","c0":"#ff627e","l1":"308","c1":"#999f01"},"geometry":{"type":"Point","coordinates":[18.707345,50.042482]}},{"type":"Feature","properties":{"lines":"07, 308","arr":["07","308"],"mode":"bus","angle":38.2,"extra":1,"ei":5,"l0":"07, ","c0":"#ff627e","l1":"308","c1":"#999f01"},"geometry":{"type":"Point","coordinates":[18.70498,50.043602]}},{"type":"Feature","properties":{"lines":"07","arr":["07"],"mode":"bus","angle":-82.4,"mi":2,"l0":"07","c0":"#ff627e"},"geometry":{"type":"Point","coordinates":[18.751521,50.038369]}},{"type":"Feature","properties":{"lines":"07","arr":["07"],"mode":"bus","angle":-5.5,"mi":1,"l0":"07","c0":"#ff627e"},"geometry":{"type":"Point","coordinates":[18.753054,50.039626]}},{"type":"Feature","properties":{"lines":"07","arr":["07"],"mode":"bus","angle":-77.1,"l0":"07","c0":"#ff627e"},"geometry":{"type":"Point","coordinates":[18.754816,50.042845]}},{"type":"Feature","properties":{"lines":"07","arr":["07"],"mode":"bus","angle":-82.4,"extra":1,"ei":0,"l0":"07","c0":"#ff627e"},"geometry":{"type":"Point","coordinates":[18.755364,50.045003]}},{"type":"Feature","properties":{"lines":"07","arr":["07"],"mode":"bus","angle":-85,"extra":1,"ei":1,"l0":"07","c0":"#ff627e"},"geometry":{"type":"Point","coordinates":[18.754348,50.041288]}},{"type":"Feature","properties":{"lines":"07","arr":["07"],"mode":"bus","angle":80.3,"mi":3,"l0":"07","c0":"#ff627e"},"geometry":{"type":"Point","coordinates":[18.753725,50.047626]}},{"type":"Feature","properties":{"lines":"07","arr":["07"],"mode":"bus","angle":30.9,"extra":1,"ei":0,"l0":"07","c0":"#ff627e"},"geometry":{"type":"Point","coordinates":[18.754325,50.04642]}},{"type":"Feature","properties":{"lines":"07","arr":["07"],"mode":"bus","angle":44.6,"extra":1,"ei":1,"l0":"07","c0":"#ff627e"},"geometry":{"type":"Point","coordinates":[18.751544,50.049009]}},{"type":"Feature","properties":{"lines":"07","arr":["07"],"mode":"bus","angle":-21.2,"mi":7,"l0":"07","c0":"#ff627e"},"geometry":{"type":"Point","coordinates":[18.702265,50.033647]}},{"type":"Feature","properties":{"lines":"07","arr":["07"],"mode":"bus","angle":45.5,"mi":3,"l0":"07","c0":"#ff627e"},"geometry":{"type":"Point","coordinates":[18.704991,50.042203]}},{"type":"Feature","properties":{"lines":"07","arr":["07"],"mode":"bus","angle":41,"extra":1,"ei":0,"l0":"07","c0":"#ff627e"},"geometry":{"type":"Point","coordinates":[18.706677,50.041095]}},{"type":"Feature","properties":{"lines":"07","arr":["07"],"mode":"bus","angle":54.5,"side":-1,"extra":1,"ei":1,"l0":"07","c0":"#ff627e"},"geometry":{"type":"Point","coordinates":[18.702844,50.043932]}},{"type":"Feature","properties":{"lines":"08","arr":["08"],"mode":"bus","angle":-80.8,"mi":6,"l0":"08","c0":"#6895fc"},"geometry":{"type":"Point","coordinates":[18.672327,50.049623]}},{"type":"Feature","properties":{"lines":"08","arr":["08"],"mode":"bus","angle":20.3,"mi":4,"l0":"08","c0":"#6895fc"},"geometry":{"type":"Point","coordinates":[18.669848,50.051136]}},{"type":"Feature","properties":{"lines":"08","arr":["08"],"mode":"bus","angle":45.8,"extra":1,"ei":0,"l0":"08","c0":"#6895fc"},"geometry":{"type":"Point","coordinates":[18.667888,50.051718]}},{"type":"Feature","properties":{"lines":"08","arr":["08"],"mode":"bus","angle":-70.9,"l0":"08","c0":"#6895fc"},"geometry":{"type":"Point","coordinates":[18.66927,50.055093]}},{"type":"Feature","properties":{"lines":"08","arr":["08"],"mode":"bus","angle":-81.7,"extra":1,"ei":0,"l0":"08","c0":"#6895fc"},"geometry":{"type":"Point","coordinates":[18.668172,50.052646]}},{"type":"Feature","properties":{"lines":"08","arr":["08"],"mode":"bus","angle":-70.3,"extra":1,"ei":1,"l0":"08","c0":"#6895fc"},"geometry":{"type":"Point","coordinates":[18.669906,50.056232]}},{"type":"Feature","properties":{"lines":"08","arr":["08"],"mode":"bus","angle":-70,"extra":1,"ei":2,"l0":"08","c0":"#6895fc"},"geometry":{"type":"Point","coordinates":[18.670688,50.058041]}},{"type":"Feature","properties":{"lines":"08","arr":["08"],"mode":"bus","angle":24.9,"mi":2,"l0":"08","c0":"#6895fc"},"geometry":{"type":"Point","coordinates":[18.667893,50.060564]}},{"type":"Feature","properties":{"lines":"08","arr":["08"],"mode":"bus","angle":12.2,"side":-1,"extra":1,"ei":0,"l0":"08","c0":"#6895fc"},"geometry":{"type":"Point","coordinates":[18.664761,50.061388]}},{"type":"Feature","properties":{"lines":"08","arr":["08"],"mode":"bus","angle":19.6,"extra":1,"ei":0,"l0":"08","c0":"#6895fc"},"geometry":{"type":"Point","coordinates":[18.67058,50.059847]}},{"type":"Feature","properties":{"lines":"08","arr":["08"],"mode":"bus","angle":24.3,"mi":3,"l0":"08","c0":"#6895fc"},"geometry":{"type":"Point","coordinates":[18.671127,50.0624]}},{"type":"Feature","properties":{"lines":"08","arr":["08"],"mode":"bus","angle":-65.5,"mi":1,"l0":"08","c0":"#6895fc"},"geometry":{"type":"Point","coordinates":[18.67155,50.058886]}},{"type":"Feature","properties":{"lines":"08","arr":["08"],"mode":"bus","angle":-65,"extra":1,"ei":0,"l0":"08","c0":"#6895fc"},"geometry":{"type":"Point","coordinates":[18.666451,50.062028]}},{"type":"Feature","properties":{"lines":"08","arr":["08"],"mode":"bus","angle":-3.5,"extra":1,"ei":1,"l0":"08","c0":"#6895fc"},"geometry":{"type":"Point","coordinates":[18.668968,50.0626]}},{"type":"Feature","properties":{"lines":"08","arr":["08"],"mode":"bus","angle":-59.9,"extra":1,"ei":2,"l0":"08","c0":"#6895fc"},"geometry":{"type":"Point","coordinates":[18.67276,50.061001]}},{"type":"Feature","properties":{"lines":"08","arr":["08"],"mode":"bus","angle":42.6,"mi":5,"l0":"08","c0":"#6895fc"},"geometry":{"type":"Point","coordinates":[18.663293,50.06178]}},{"type":"Feature","properties":{"lines":"09","arr":["09"],"mode":"bus","angle":-42.9,"mi":3,"l0":"09","c0":"#e16cd6"},"geometry":{"type":"Point","coordinates":[18.708715,50.053286]}},{"type":"Feature","properties":{"lines":"09","arr":["09"],"mode":"bus","angle":-43.7,"extra":1,"ei":0,"l0":"09","c0":"#e16cd6"},"geometry":{"type":"Point","coordinates":[18.705627,50.051645]}},{"type":"Feature","properties":{"lines":"09","arr":["09"],"mode":"bus","angle":-44.3,"extra":1,"ei":1,"l0":"09","c0":"#e16cd6"},"geometry":{"type":"Point","coordinates":[18.710061,50.054125]}},{"type":"Feature","properties":{"lines":"09","arr":["09"],"mode":"bus","angle":-42.4,"extra":1,"ei":2,"l0":"09","c0":"#e16cd6"},"geometry":{"type":"Point","coordinates":[18.712169,50.055443]}},{"type":"Feature","properties":{"lines":"09","arr":["09"],"mode":"bus","angle":30.7,"mi":6,"l0":"09","c0":"#e16cd6"},"geometry":{"type":"Point","coordinates":[18.709623,50.056929]}},{"type":"Feature","properties":{"lines":"09","arr":["09"],"mode":"bus","angle":30.4,"extra":1,"ei":0,"l0":"09","c0":"#e16cd6"},"geometry":{"type":"Point","coordinates":[18.711344,50.056277]}},{"type":"Feature","properties":{"lines":"09","arr":["09"],"mode":"bus","angle":-84.7,"mi":2,"l0":"09","c0":"#e16cd6"},"geometry":{"type":"Point","coordinates":[18.706453,50.055375]}},{"type":"Feature","properties":{"lines":"09","arr":["09"],"mode":"bus","angle":86.7,"extra":1,"ei":0,"l0":"09","c0":"#e16cd6"},"geometry":{"type":"Point","coordinates":[18.706221,50.057168]}},{"type":"Feature","properties":{"lines":"09","arr":["09"],"mode":"bus","angle":-66.8,"extra":1,"ei":1,"l0":"09","c0":"#e16cd6"},"geometry":{"type":"Point","coordinates":[18.705468,50.053539]}},{"type":"Feature","properties":{"lines":"09","arr":["09"],"mode":"bus","angle":4.7,"l0":"09","c0":"#e16cd6"},"geometry":{"type":"Point","coordinates":[18.704892,50.052797]}},{"type":"Feature","properties":{"lines":"09","arr":["09"],"mode":"bus","angle":-13.2,"mi":1,"l0":"09","c0":"#e16cd6"},"geometry":{"type":"Point","coordinates":[18.703887,50.052691]}},{"type":"Feature","properties":{"lines":"09","arr":["09"],"mode":"bus","angle":87.9,"mi":4,"l0":"09","c0":"#e16cd6"},"geometry":{"type":"Point","coordinates":[18.703465,50.052255]}},{"type":"Feature","properties":{"lines":"ZL","arr":["ZL"],"mode":"bus","angle":-89.6,"l0":"ZL","c0":"#4d4aba"},"geometry":{"type":"Point","coordinates":[18.62622,50.03993]}},{"type":"Feature","properties":{"lines":"ZL","arr":["ZL"],"mode":"bus","angle":1.9,"mi":1,"l0":"ZL","c0":"#4d4aba"},"geometry":{"type":"Point","coordinates":[18.625779,50.042001]}},{"type":"Feature","properties":{"lines":"201, 203, 204, 205, 206, 207, 208, 209, 210, W09, W10, W11, W36, W41, W42, W50, W51, W52","arr":["201","203","204","205","206","207","208","209","210","W09","W10","W11","W36","W41","W42","W50","W51","W52"],"mode":"bus","angle":11.5,"l0":"201, ","c0":"#1da8b6","l1":"203, ","c1":"#f57145","l2":"204, ","c2":"#992492","l3":"205, ","c3":"#6895fc","l4":"206, ","c4":"#7c5001","l5":"207, ","c5":"#f661b9","l6":"208, ","c6":"#0357b2","l7":"209, ","c7":"#b11526","l8":"210, ","c8":"#126804","l9":"W09, ","c9":"#11a2e3","l10":"W10, ","c10":"#6b5806","l11":"W11, ","c11":"#4d4aba","l12":"W36, ","c12":"#03636c","l13":"W41, ","c13":"#b59607","l14":"W42, ","c14":"#fe6761","l15":"W50, ","c15":"#066559","l16":"W51, ","c16":"#7b3aa8","l17":"W52","c17":"#02af5a"},"geometry":{"type":"Point","coordinates":[18.465271,50.000806]}},{"type":"Feature","properties":{"lines":"201, 202, 203, 204, 205, 206, 207, 208, 209, 210, W09, W10, W11, W32, W33, W34, W36, W38, W50, W51, W52, W53, W59","arr":["201","202","203","204","205","206","207","208","209","210","W09","W10","W11","W32","W33","W34","W36","W38","W50","W51","W52","W53","W59"],"mode":"bus","angle":-18.9,"mi":1,"l0":"201, ","c0":"#1da8b6","l1":"202, ","c1":"#095d97","l2":"203, ","c2":"#f57145","l3":"204, ","c3":"#992492","l4":"205, ","c4":"#6895fc","l5":"206, ","c5":"#7c5001","l6":"207, ","c6":"#f661b9","l7":"208, ","c7":"#0357b2","l8":"209, ","c8":"#b11526","l9":"210, ","c9":"#126804","l10":"W09, ","c10":"#11a2e3","l11":"W10, ","c11":"#6b5806","l12":"W11, ","c12":"#4d4aba","l13":"W32, ","c13":"#119efc","l14":"W33, ","c14":"#6b5806","l15":"W34, ","c15":"#52ac3c","l16":"W36, ","c16":"#03636c","l17":"W38, ","c17":"#e47e2b","l18":"W50, ","c18":"#066559","l19":"W51, ","c19":"#7b3aa8","l20":"W52, ","c20":"#02af5a","l21":"W53, ","c21":"#f57145","l22":"W59","c22":"#b20b42"},"geometry":{"type":"Point","coordinates":[18.463935,50.000845]}},{"type":"Feature","properties":{"lines":"201, 202, 203, 204, 205, 206, 207, 208, 209, 210, W09, W10, W11, W32, W33, W34, W36, W38, W50, W51, W52, W53, W59","arr":["201","202","203","204","205","206","207","208","209","210","W09","W10","W11","W32","W33","W34","W36","W38","W50","W51","W52","W53","W59"],"mode":"bus","angle":64,"l0":"201, ","c0":"#1da8b6","l1":"202, ","c1":"#095d97","l2":"203, ","c2":"#f57145","l3":"204, ","c3":"#992492","l4":"205, ","c4":"#6895fc","l5":"206, ","c5":"#7c5001","l6":"207, ","c6":"#f661b9","l7":"208, ","c7":"#0357b2","l8":"209, ","c8":"#b11526","l9":"210, ","c9":"#126804","l10":"W09, ","c10":"#11a2e3","l11":"W10, ","c11":"#6b5806","l12":"W11, ","c12":"#4d4aba","l13":"W32, ","c13":"#119efc","l14":"W33, ","c14":"#6b5806","l15":"W34, ","c15":"#52ac3c","l16":"W36, ","c16":"#03636c","l17":"W38, ","c17":"#e47e2b","l18":"W50, ","c18":"#066559","l19":"W51, ","c19":"#7b3aa8","l20":"W52, ","c20":"#02af5a","l21":"W53, ","c21":"#f57145","l22":"W59","c22":"#b20b42"},"geometry":{"type":"Point","coordinates":[18.463981,50.000208]}},{"type":"Feature","properties":{"lines":"201, 202, 204, 207, 210, W32, W33, W34, W36, W38, W50, W51, W52, W53, W59","arr":["201","202","204","207","210","W32","W33","W34","W36","W38","W50","W51","W52","W53","W59"],"mode":"bus","angle":-25.4,"l0":"201, ","c0":"#1da8b6","l1":"202, ","c1":"#095d97","l2":"204, ","c2":"#992492","l3":"207, ","c3":"#f661b9","l4":"210, ","c4":"#126804","l5":"W32, ","c5":"#119efc","l6":"W33, ","c6":"#6b5806","l7":"W34, ","c7":"#52ac3c","l8":"W36, ","c8":"#03636c","l9":"W38, ","c9":"#e47e2b","l10":"W50, ","c10":"#066559","l11":"W51, ","c11":"#7b3aa8","l12":"W52, ","c12":"#02af5a","l13":"W53, ","c13":"#f57145","l14":"W59","c14":"#b20b42"},"geometry":{"type":"Point","coordinates":[18.463179,49.999323]}},{"type":"Feature","properties":{"lines":"W32, W34, W50, W53, W59","arr":["W32","W34","W50","W53","W59"],"mode":"bus","angle":-38.4,"l0":"W32, ","c0":"#119efc","l1":"W34, ","c1":"#52ac3c","l2":"W50, ","c2":"#066559","l3":"W53, ","c3":"#f57145","l4":"W59","c4":"#b20b42"},"geometry":{"type":"Point","coordinates":[18.459854,49.998313]}},{"type":"Feature","properties":{"lines":"W32, W33, W34, W51, W53","arr":["W32","W33","W34","W51","W53"],"mode":"bus","angle":-85.3,"l0":"W32, ","c0":"#119efc","l1":"W33, ","c1":"#6b5806","l2":"W34, ","c2":"#52ac3c","l3":"W51, ","c3":"#7b3aa8","l4":"W53","c4":"#f57145"},"geometry":{"type":"Point","coordinates":[18.454927,49.988836]}},{"type":"Feature","properties":{"lines":"W32, W33, W34, W51, W53","arr":["W32","W33","W34","W51","W53"],"mode":"bus","angle":-76,"extra":1,"ei":0,"l0":"W32, ","c0":"#119efc","l1":"W33, ","c1":"#6b5806","l2":"W34, ","c2":"#52ac3c","l3":"W51, ","c3":"#7b3aa8","l4":"W53","c4":"#f57145"},"geometry":{"type":"Point","coordinates":[18.458134,49.996543]}},{"type":"Feature","properties":{"lines":"W32, W33, W34, W51, W53","arr":["W32","W33","W34","W51","W53"],"mode":"bus","angle":-72.2,"extra":1,"ei":1,"l0":"W32, ","c0":"#119efc","l1":"W33, ","c1":"#6b5806","l2":"W34, ","c2":"#52ac3c","l3":"W51, ","c3":"#7b3aa8","l4":"W53","c4":"#f57145"},"geometry":{"type":"Point","coordinates":[18.45742,49.994712]}},{"type":"Feature","properties":{"lines":"W32, W33, W34, W51, W53","arr":["W32","W33","W34","W51","W53"],"mode":"bus","angle":-62.4,"extra":1,"ei":2,"l0":"W32, ","c0":"#119efc","l1":"W33, ","c1":"#6b5806","l2":"W34, ","c2":"#52ac3c","l3":"W51, ","c3":"#7b3aa8","l4":"W53","c4":"#f57145"},"geometry":{"type":"Point","coordinates":[18.456195,49.992997]}},{"type":"Feature","properties":{"lines":"W32, W33, W34, W51, W53","arr":["W32","W33","W34","W51","W53"],"mode":"bus","angle":-84.5,"extra":1,"ei":3,"l0":"W32, ","c0":"#119efc","l1":"W33, ","c1":"#6b5806","l2":"W34, ","c2":"#52ac3c","l3":"W51, ","c3":"#7b3aa8","l4":"W53","c4":"#f57145"},"geometry":{"type":"Point","coordinates":[18.455242,49.991228]}},{"type":"Feature","properties":{"lines":"W32, W33, W34, W51, W53","arr":["W32","W33","W34","W51","W53"],"mode":"bus","angle":-84.9,"extra":1,"ei":4,"l0":"W32, ","c0":"#119efc","l1":"W33, ","c1":"#6b5806","l2":"W34, ","c2":"#52ac3c","l3":"W51, ","c3":"#7b3aa8","l4":"W53","c4":"#f57145"},"geometry":{"type":"Point","coordinates":[18.454745,49.987464]}},{"type":"Feature","properties":{"lines":"W32, W33, W34, W51, W53","arr":["W32","W33","W34","W51","W53"],"mode":"bus","angle":-70.7,"extra":1,"ei":5,"l0":"W32, ","c0":"#119efc","l1":"W33, ","c1":"#6b5806","l2":"W34, ","c2":"#52ac3c","l3":"W51, ","c3":"#7b3aa8","l4":"W53","c4":"#f57145"},"geometry":{"type":"Point","coordinates":[18.454203,49.985618]}},{"type":"Feature","properties":{"lines":"W32, W33, W34, W51, W53","arr":["W32","W33","W34","W51","W53"],"mode":"bus","angle":-72.4,"extra":1,"ei":6,"l0":"W32, ","c0":"#119efc","l1":"W33, ","c1":"#6b5806","l2":"W34, ","c2":"#52ac3c","l3":"W51, ","c3":"#7b3aa8","l4":"W53","c4":"#f57145"},"geometry":{"type":"Point","coordinates":[18.453301,49.98382]}},{"type":"Feature","properties":{"lines":"W32, W33, W34, W51, W53","arr":["W32","W33","W34","W51","W53"],"mode":"bus","angle":-72.7,"extra":1,"ei":7,"l0":"W32, ","c0":"#119efc","l1":"W33, ","c1":"#6b5806","l2":"W34, ","c2":"#52ac3c","l3":"W51, ","c3":"#7b3aa8","l4":"W53","c4":"#f57145"},"geometry":{"type":"Point","coordinates":[18.452415,49.982019]}},{"type":"Feature","properties":{"lines":"W32, W33, W34, W51, W53","arr":["W32","W33","W34","W51","W53"],"mode":"bus","angle":-56.1,"extra":1,"ei":8,"l0":"W32, ","c0":"#119efc","l1":"W33, ","c1":"#6b5806","l2":"W34, ","c2":"#52ac3c","l3":"W51, ","c3":"#7b3aa8","l4":"W53","c4":"#f57145"},"geometry":{"type":"Point","coordinates":[18.451136,49.980335]}},{"type":"Feature","properties":{"lines":"W32, W51","arr":["W32","W51"],"mode":"bus","angle":37.1,"l0":"W32, ","c0":"#119efc","l1":"W51","c1":"#7b3aa8"},"geometry":{"type":"Point","coordinates":[18.456218,49.978664]}},{"type":"Feature","properties":{"lines":"W32, W51","arr":["W32","W51"],"mode":"bus","angle":30.6,"extra":1,"ei":0,"l0":"W32, ","c0":"#119efc","l1":"W51","c1":"#7b3aa8"},"geometry":{"type":"Point","coordinates":[18.459592,49.977258]}},{"type":"Feature","properties":{"lines":"W32, W51","arr":["W32","W51"],"mode":"bus","angle":23.4,"extra":1,"ei":1,"l0":"W32, ","c0":"#119efc","l1":"W51","c1":"#7b3aa8"},"geometry":{"type":"Point","coordinates":[18.454603,49.979247]}},{"type":"Feature","properties":{"lines":"W32, W51","arr":["W32","W51"],"mode":"bus","angle":26.7,"extra":1,"ei":2,"l0":"W32, ","c0":"#119efc","l1":"W51","c1":"#7b3aa8"},"geometry":{"type":"Point","coordinates":[18.451888,49.979977]}},{"type":"Feature","properties":{"lines":"W32","arr":["W32"],"mode":"bus","angle":-80.9,"l0":"W32","c0":"#119efc"},"geometry":{"type":"Point","coordinates":[18.458805,49.964624]}},{"type":"Feature","properties":{"lines":"W32","arr":["W32"],"mode":"bus","angle":-89.4,"extra":1,"ei":0,"l0":"W32","c0":"#119efc"},"geometry":{"type":"Point","coordinates":[18.460739,49.975843]}},{"type":"Feature","properties":{"lines":"W32","arr":["W32"],"mode":"bus","angle":76.1,"extra":1,"ei":1,"l0":"W32","c0":"#119efc"},"geometry":{"type":"Point","coordinates":[18.461245,49.973991]}},{"type":"Feature","properties":{"lines":"W32","arr":["W32"],"mode":"bus","angle":75.4,"extra":1,"ei":2,"l0":"W32","c0":"#119efc"},"geometry":{"type":"Point","coordinates":[18.462009,49.972167]}},{"type":"Feature","properties":{"lines":"W32","arr":["W32"],"mode":"bus","angle":-48.5,"extra":1,"ei":3,"l0":"W32","c0":"#119efc"},"geometry":{"type":"Point","coordinates":[18.461758,49.970461]}},{"type":"Feature","properties":{"lines":"W32","arr":["W32"],"mode":"bus","angle":-81.4,"extra":1,"ei":4,"l0":"W32","c0":"#119efc"},"geometry":{"type":"Point","coordinates":[18.459944,49.969127]}},{"type":"Feature","properties":{"lines":"W32","arr":["W32"],"mode":"bus","angle":-80.8,"extra":1,"ei":5,"l0":"W32","c0":"#119efc"},"geometry":{"type":"Point","coordinates":[18.459489,49.967261]}},{"type":"Feature","properties":{"lines":"W32","arr":["W32"],"mode":"bus","angle":-86.5,"extra":1,"ei":6,"l0":"W32","c0":"#119efc"},"geometry":{"type":"Point","coordinates":[18.458183,49.961669]}},{"type":"Feature","properties":{"lines":"W32","arr":["W32"],"mode":"bus","angle":88.9,"extra":1,"ei":7,"l0":"W32","c0":"#119efc"},"geometry":{"type":"Point","coordinates":[18.458233,49.959781]}},{"type":"Feature","properties":{"lines":"W32","arr":["W32"],"mode":"bus","angle":88.6,"extra":1,"ei":8,"l0":"W32","c0":"#119efc"},"geometry":{"type":"Point","coordinates":[18.458307,49.957893]}},{"type":"Feature","properties":{"lines":"W32","arr":["W32"],"mode":"bus","angle":89.1,"extra":1,"ei":9,"l0":"W32","c0":"#119efc"},"geometry":{"type":"Point","coordinates":[18.458361,49.956004]}},{"type":"Feature","properties":{"lines":"W32","arr":["W32"],"mode":"bus","angle":-71.6,"extra":1,"ei":10,"l0":"W32","c0":"#119efc"},"geometry":{"type":"Point","coordinates":[18.458075,49.954144]}},{"type":"Feature","properties":{"lines":"W32","arr":["W32"],"mode":"bus","angle":-71.9,"extra":1,"ei":11,"l0":"W32","c0":"#119efc"},"geometry":{"type":"Point","coordinates":[18.457152,49.952351]}},{"type":"Feature","properties":{"lines":"W32","arr":["W32"],"mode":"bus","angle":11.9,"l0":"W32","c0":"#119efc"},"geometry":{"type":"Point","coordinates":[18.459984,49.951329]}},{"type":"Feature","properties":{"lines":"W32","arr":["W32"],"mode":"bus","angle":-45.5,"l0":"W32","c0":"#119efc"},"geometry":{"type":"Point","coordinates":[18.384982,49.946755]}},{"type":"Feature","properties":{"lines":"W32","arr":["W32"],"mode":"bus","angle":11.1,"mi":1,"l0":"W32","c0":"#119efc"},"geometry":{"type":"Point","coordinates":[18.463674,49.950875]}},{"type":"Feature","properties":{"lines":"W32","arr":["W32"],"mode":"bus","angle":-45.8,"extra":1,"ei":0,"l0":"W32","c0":"#119efc"},"geometry":{"type":"Point","coordinates":[18.386511,49.947768]}},{"type":"Feature","properties":{"lines":"W32","arr":["W32"],"mode":"bus","angle":82.2,"l0":"W32","c0":"#119efc"},"geometry":{"type":"Point","coordinates":[18.444858,49.962462]}},{"type":"Feature","properties":{"lines":"W32","arr":["W32"],"mode":"bus","angle":-0.5,"extra":1,"ei":0,"l0":"W32","c0":"#119efc"},"geometry":{"type":"Point","coordinates":[18.456784,49.95898]}},{"type":"Feature","properties":{"lines":"W32","arr":["W32"],"mode":"bus","angle":-3.7,"extra":1,"ei":1,"l0":"W32","c0":"#119efc"},"geometry":{"type":"Point","coordinates":[18.453843,49.958909]}},{"type":"Feature","properties":{"lines":"W32","arr":["W32"],"mode":"bus","angle":-3.7,"extra":1,"ei":2,"l0":"W32","c0":"#119efc"},"geometry":{"type":"Point","coordinates":[18.450905,49.958787]}},{"type":"Feature","properties":{"lines":"W32","arr":["W32"],"mode":"bus","angle":3.3,"extra":1,"ei":3,"l0":"W32","c0":"#119efc"},"geometry":{"type":"Point","coordinates":[18.447966,49.958678]}},{"type":"Feature","properties":{"lines":"W32","arr":["W32"],"mode":"bus","angle":69.7,"extra":1,"ei":4,"l0":"W32","c0":"#119efc"},"geometry":{"type":"Point","coordinates":[18.445766,49.959759]}},{"type":"Feature","properties":{"lines":"W32","arr":["W32"],"mode":"bus","angle":61.5,"extra":1,"ei":5,"l0":"W32","c0":"#119efc"},"geometry":{"type":"Point","coordinates":[18.444186,49.965317]}},{"type":"Feature","properties":{"lines":"W32","arr":["W32"],"mode":"bus","angle":44.4,"extra":1,"ei":6,"l0":"W32","c0":"#119efc"},"geometry":{"type":"Point","coordinates":[18.442139,49.966666]}},{"type":"Feature","properties":{"lines":"W32","arr":["W32"],"mode":"bus","angle":42.9,"extra":1,"ei":7,"l0":"W32","c0":"#119efc"},"geometry":{"type":"Point","coordinates":[18.440011,49.967971]}},{"type":"Feature","properties":{"lines":"W32","arr":["W32"],"mode":"bus","angle":73.2,"extra":1,"ei":8,"l0":"W32","c0":"#119efc"},"geometry":{"type":"Point","coordinates":[18.43872,49.969619]}},{"type":"Feature","properties":{"lines":"W32","arr":["W32"],"mode":"bus","angle":65.7,"extra":1,"ei":9,"l0":"W32","c0":"#119efc"},"geometry":{"type":"Point","coordinates":[18.437612,49.971366]}},{"type":"Feature","properties":{"lines":"W32, W33, W34","arr":["W32","W33","W34"],"mode":"bus","angle":-56.3,"l0":"W32, ","c0":"#119efc","l1":"W33, ","c1":"#6b5806","l2":"W34","c2":"#52ac3c"},"geometry":{"type":"Point","coordinates":[18.432448,49.970192]}},{"type":"Feature","properties":{"lines":"W32, W33, W34","arr":["W32","W33","W34"],"mode":"bus","angle":-22.1,"extra":1,"ei":0,"l0":"W32, ","c0":"#119efc","l1":"W33, ","c1":"#6b5806","l2":"W34","c2":"#52ac3c"},"geometry":{"type":"Point","coordinates":[18.435696,49.971807]}},{"type":"Feature","properties":{"lines":"W32, W33, W34","arr":["W32","W33","W34"],"mode":"bus","angle":1.3,"extra":1,"ei":1,"l0":"W32, ","c0":"#119efc","l1":"W33, ","c1":"#6b5806","l2":"W34","c2":"#52ac3c"},"geometry":{"type":"Point","coordinates":[18.429038,49.968395]}},{"type":"Feature","properties":{"lines":"W32, W33, W34","arr":["W32","W33","W34"],"mode":"bus","angle":-19.8,"mi":1,"l0":"W32, ","c0":"#119efc","l1":"W33, ","c1":"#6b5806","l2":"W34","c2":"#52ac3c"},"geometry":{"type":"Point","coordinates":[18.424672,49.968971]}},{"type":"Feature","properties":{"lines":"W32, W33, W34","arr":["W32","W33","W34"],"mode":"bus","angle":19.5,"extra":1,"ei":0,"l0":"W32, ","c0":"#119efc","l1":"W33, ","c1":"#6b5806","l2":"W34","c2":"#52ac3c"},"geometry":{"type":"Point","coordinates":[18.426687,49.968828]}},{"type":"Feature","properties":{"lines":"W32","arr":["W32"],"mode":"bus","angle":-77.2,"mi":2,"l0":"W32","c0":"#119efc"},"geometry":{"type":"Point","coordinates":[18.418836,49.964427]}},{"type":"Feature","properties":{"lines":"W32","arr":["W32"],"mode":"bus","angle":-81.9,"extra":1,"ei":0,"l0":"W32","c0":"#119efc"},"geometry":{"type":"Point","coordinates":[18.416308,49.961774]}},{"type":"Feature","properties":{"lines":"W32","arr":["W32"],"mode":"bus","angle":-40.6,"extra":1,"ei":1,"l0":"W32","c0":"#119efc"},"geometry":{"type":"Point","coordinates":[18.417568,49.963352]}},{"type":"Feature","properties":{"lines":"W32","arr":["W32"],"mode":"bus","angle":-67.8,"extra":1,"ei":2,"l0":"W32","c0":"#119efc"},"geometry":{"type":"Point","coordinates":[18.420817,49.966408]}},{"type":"Feature","properties":{"lines":"W32","arr":["W32"],"mode":"bus","angle":-81.2,"mi":1,"l0":"W32","c0":"#119efc"},"geometry":{"type":"Point","coordinates":[18.415967,49.960177]}},{"type":"Feature","properties":{"lines":"W32","arr":["W32"],"mode":"bus","angle":-5.2,"l0":"W32","c0":"#119efc"},"geometry":{"type":"Point","coordinates":[18.413901,49.959405]}},{"type":"Feature","properties":{"lines":"W32","arr":["W32"],"mode":"bus","angle":-5.3,"mi":3,"l0":"W32","c0":"#119efc"},"geometry":{"type":"Point","coordinates":[18.406576,49.958936]}},{"type":"Feature","properties":{"lines":"W32","arr":["W32"],"mode":"bus","angle":-5.9,"extra":1,"ei":0,"l0":"W32","c0":"#119efc"},"geometry":{"type":"Point","coordinates":[18.402622,49.958682]}},{"type":"Feature","properties":{"lines":"W32","arr":["W32"],"mode":"bus","angle":-5.3,"extra":1,"ei":1,"l0":"W32","c0":"#119efc"},"geometry":{"type":"Point","coordinates":[18.408482,49.959051]}},{"type":"Feature","properties":{"lines":"W32","arr":["W32"],"mode":"bus","angle":-5.8,"extra":1,"ei":2,"l0":"W32","c0":"#119efc"},"geometry":{"type":"Point","coordinates":[18.411412,49.959238]}},{"type":"Feature","properties":{"lines":"W32, W36","arr":["W32","W36"],"mode":"bus","angle":-74.8,"l0":"W32, ","c0":"#119efc","l1":"W36","c1":"#03636c"},"geometry":{"type":"Point","coordinates":[18.400502,49.957471]}},{"type":"Feature","properties":{"lines":"W32","arr":["W32"],"mode":"bus","angle":-26,"mi":1,"l0":"W32","c0":"#119efc"},"geometry":{"type":"Point","coordinates":[18.391006,49.954193]}},{"type":"Feature","properties":{"lines":"W32","arr":["W32"],"mode":"bus","angle":7.1,"extra":1,"ei":0,"l0":"W32","c0":"#119efc"},"geometry":{"type":"Point","coordinates":[18.398239,49.956338]}},{"type":"Feature","properties":{"lines":"W32","arr":["W32"],"mode":"bus","angle":-13.3,"extra":1,"ei":1,"l0":"W32","c0":"#119efc"},"geometry":{"type":"Point","coordinates":[18.395332,49.956137]}},{"type":"Feature","properties":{"lines":"W32","arr":["W32"],"mode":"bus","angle":-38.2,"extra":1,"ei":2,"l0":"W32","c0":"#119efc"},"geometry":{"type":"Point","coordinates":[18.392876,49.955136]}},{"type":"Feature","properties":{"lines":"W32","arr":["W32"],"mode":"bus","angle":-65.5,"extra":1,"ei":3,"l0":"W32","c0":"#119efc"},"geometry":{"type":"Point","coordinates":[18.389125,49.952392]}},{"type":"Feature","properties":{"lines":"W32","arr":["W32"],"mode":"bus","angle":-76.3,"extra":1,"ei":4,"l0":"W32","c0":"#119efc"},"geometry":{"type":"Point","coordinates":[18.388484,49.950557]}},{"type":"Feature","properties":{"lines":"W32","arr":["W32"],"mode":"bus","angle":-73.1,"extra":1,"ei":5,"l0":"W32","c0":"#119efc"},"geometry":{"type":"Point","coordinates":[18.387608,49.948754]}},{"type":"Feature","properties":{"lines":"201, 204, 207, 210, W33, W36, W38, W51, W52, W59","arr":["201","204","207","210","W33","W36","W38","W51","W52","W59"],"mode":"bus","angle":43.8,"l0":"201, ","c0":"#1da8b6","l1":"204, ","c1":"#992492","l2":"207, ","c2":"#f661b9","l3":"210, ","c3":"#126804","l4":"W33, ","c4":"#6b5806","l5":"W36, ","c5":"#03636c","l6":"W38, ","c6":"#e47e2b","l7":"W51, ","c7":"#7b3aa8","l8":"W52, ","c8":"#02af5a","l9":"W59","c9":"#b20b42"},"geometry":{"type":"Point","coordinates":[18.461564,49.999134]}},{"type":"Feature","properties":{"lines":"W33, W38, W51, W59","arr":["W33","W38","W51","W59"],"mode":"bus","angle":-17.1,"l0":"W33, ","c0":"#6b5806","l1":"W38, ","c1":"#e47e2b","l2":"W51, ","c2":"#7b3aa8","l3":"W59","c3":"#b20b42"},"geometry":{"type":"Point","coordinates":[18.460162,49.999093]}},{"type":"Feature","properties":{"lines":"W59","arr":["W59"],"mode":"bus","angle":-76.3,"l0":"W59","c0":"#b20b42"},"geometry":{"type":"Point","coordinates":[18.459334,49.999751]}},{"type":"Feature","properties":{"lines":"W33, W38, W51","arr":["W33","W38","W51"],"mode":"bus","angle":-76.6,"l0":"W33, ","c0":"#6b5806","l1":"W38, ","c1":"#e47e2b","l2":"W51","c2":"#7b3aa8"},"geometry":{"type":"Point","coordinates":[18.458761,49.998221]}},{"type":"Feature","properties":{"lines":"W33, W34, W53","arr":["W33","W34","W53"],"mode":"bus","angle":-56.2,"l0":"W33, ","c0":"#6b5806","l1":"W34, ","c1":"#52ac3c","l2":"W53","c2":"#f57145"},"geometry":{"type":"Point","coordinates":[18.450641,49.979861]}},{"type":"Feature","properties":{"lines":"W33, W34","arr":["W33","W34"],"mode":"bus","angle":-35.1,"l0":"W33, ","c0":"#6b5806","l1":"W34","c1":"#52ac3c"},"geometry":{"type":"Point","coordinates":[18.445154,49.974632]}},{"type":"Feature","properties":{"lines":"W33, W34","arr":["W33","W34"],"mode":"bus","angle":-56.5,"extra":1,"ei":0,"l0":"W33, ","c0":"#6b5806","l1":"W34","c1":"#52ac3c"},"geometry":{"type":"Point","coordinates":[18.449404,49.978666]}},{"type":"Feature","properties":{"lines":"W33, W34","arr":["W33","W34"],"mode":"bus","angle":-64.5,"extra":1,"ei":1,"l0":"W33, ","c0":"#6b5806","l1":"W34","c1":"#52ac3c"},"geometry":{"type":"Point","coordinates":[18.448015,49.977005]}},{"type":"Feature","properties":{"lines":"W33, W34","arr":["W33","W34"],"mode":"bus","angle":-44.6,"extra":1,"ei":2,"l0":"W33, ","c0":"#6b5806","l1":"W34","c1":"#52ac3c"},"geometry":{"type":"Point","coordinates":[18.446621,49.975354]}},{"type":"Feature","properties":{"lines":"W33, W34","arr":["W33","W34"],"mode":"bus","angle":-35.6,"extra":1,"ei":3,"l0":"W33, ","c0":"#6b5806","l1":"W34","c1":"#52ac3c"},"geometry":{"type":"Point","coordinates":[18.441866,49.97313]}},{"type":"Feature","properties":{"lines":"W33, W34","arr":["W33","W34"],"mode":"bus","angle":1.5,"extra":1,"ei":4,"l0":"W33, ","c0":"#6b5806","l1":"W34","c1":"#52ac3c"},"geometry":{"type":"Point","coordinates":[18.439254,49.97239]}},{"type":"Feature","properties":{"lines":"W33, W34","arr":["W33","W34"],"mode":"bus","angle":-27.5,"mi":2,"l0":"W33, ","c0":"#6b5806","l1":"W34","c1":"#52ac3c"},"geometry":{"type":"Point","coordinates":[18.411319,49.964067]}},{"type":"Feature","properties":{"lines":"W33, W34","arr":["W33","W34"],"mode":"bus","angle":-22.7,"l0":"W33, ","c0":"#6b5806","l1":"W34","c1":"#52ac3c"},"geometry":{"type":"Point","coordinates":[18.400216,49.95923]}},{"type":"Feature","properties":{"lines":"W33, W34","arr":["W33","W34"],"mode":"bus","angle":-22.2,"extra":1,"ei":0,"l0":"W33, ","c0":"#6b5806","l1":"W34","c1":"#52ac3c"},"geometry":{"type":"Point","coordinates":[18.420016,49.967739]}},{"type":"Feature","properties":{"lines":"W33, W34","arr":["W33","W34"],"mode":"bus","angle":-47,"extra":1,"ei":1,"l0":"W33, ","c0":"#6b5806","l1":"W34","c1":"#52ac3c"},"geometry":{"type":"Point","coordinates":[18.417548,49.966762]}},{"type":"Feature","properties":{"lines":"W33, W34","arr":["W33","W34"],"mode":"bus","angle":-31.6,"extra":1,"ei":2,"l0":"W33, ","c0":"#6b5806","l1":"W34","c1":"#52ac3c"},"geometry":{"type":"Point","coordinates":[18.415421,49.965468]}},{"type":"Feature","properties":{"lines":"W33, W34","arr":["W33","W34"],"mode":"bus","angle":-25.4,"extra":1,"ei":3,"l0":"W33, ","c0":"#6b5806","l1":"W34","c1":"#52ac3c"},"geometry":{"type":"Point","coordinates":[18.407591,49.962848]}},{"type":"Feature","properties":{"lines":"W33, W34","arr":["W33","W34"],"mode":"bus","angle":-29.6,"extra":1,"ei":4,"l0":"W33, ","c0":"#6b5806","l1":"W34","c1":"#52ac3c"},"geometry":{"type":"Point","coordinates":[18.40499,49.961966]}},{"type":"Feature","properties":{"lines":"W33, W34","arr":["W33","W34"],"mode":"bus","angle":-43.7,"extra":1,"ei":5,"l0":"W33, ","c0":"#6b5806","l1":"W34","c1":"#52ac3c"},"geometry":{"type":"Point","coordinates":[18.402699,49.960795]}},{"type":"Feature","properties":{"lines":"W33, W34","arr":["W33","W34"],"mode":"bus","angle":14.8,"mi":1,"l0":"W33, ","c0":"#6b5806","l1":"W34","c1":"#52ac3c"},"geometry":{"type":"Point","coordinates":[18.394664,49.959564]}},{"type":"Feature","properties":{"lines":"W33, W34","arr":["W33","W34"],"mode":"bus","angle":-3.1,"extra":1,"ei":0,"l0":"W33, ","c0":"#6b5806","l1":"W34","c1":"#52ac3c"},"geometry":{"type":"Point","coordinates":[18.397405,49.959237]}},{"type":"Feature","properties":{"lines":"W33, W34","arr":["W33","W34"],"mode":"bus","angle":29,"extra":1,"ei":1,"l0":"W33, ","c0":"#6b5806","l1":"W34","c1":"#52ac3c"},"geometry":{"type":"Point","coordinates":[18.391722,49.960141]}},{"type":"Feature","properties":{"lines":"W33","arr":["W33"],"mode":"bus","angle":-36,"mi":5,"l0":"W33","c0":"#6b5806"},"geometry":{"type":"Point","coordinates":[18.355447,49.955742]}},{"type":"Feature","properties":{"lines":"W33","arr":["W33"],"mode":"bus","angle":-29.6,"mi":4,"l0":"W33","c0":"#6b5806"},"geometry":{"type":"Point","coordinates":[18.384208,49.957711]}},{"type":"Feature","properties":{"lines":"W33","arr":["W33"],"mode":"bus","angle":-81.1,"l0":"W33","c0":"#6b5806"},"geometry":{"type":"Point","coordinates":[18.371798,49.955922]}},{"type":"Feature","properties":{"lines":"W33","arr":["W33"],"mode":"bus","angle":-16.6,"side":-1,"mi":3,"l0":"W33","c0":"#6b5806"},"geometry":{"type":"Point","coordinates":[18.37568,49.955938]}},{"type":"Feature","properties":{"lines":"W33","arr":["W33"],"mode":"bus","angle":-37,"extra":1,"ei":0,"l0":"W33","c0":"#6b5806"},"geometry":{"type":"Point","coordinates":[18.389465,49.960266]}},{"type":"Feature","properties":{"lines":"W33","arr":["W33"],"mode":"bus","angle":-37.5,"extra":1,"ei":1,"l0":"W33","c0":"#6b5806"},"geometry":{"type":"Point","coordinates":[18.387128,49.959117]}},{"type":"Feature","properties":{"lines":"W33","arr":["W33"],"mode":"bus","angle":-18,"extra":1,"ei":2,"l0":"W33","c0":"#6b5806"},"geometry":{"type":"Point","coordinates":[18.382133,49.957183]}},{"type":"Feature","properties":{"lines":"W33","arr":["W33"],"mode":"bus","angle":-16,"extra":1,"ei":3,"l0":"W33","c0":"#6b5806"},"geometry":{"type":"Point","coordinates":[18.379314,49.956639]}},{"type":"Feature","properties":{"lines":"W33","arr":["W33"],"mode":"bus","angle":-5.4,"extra":1,"ei":0,"l0":"W33","c0":"#6b5806"},"geometry":{"type":"Point","coordinates":[18.34038,49.954129]}},{"type":"Feature","properties":{"lines":"W33","arr":["W33"],"mode":"bus","angle":-5.2,"extra":1,"ei":1,"l0":"W33","c0":"#6b5806"},"geometry":{"type":"Point","coordinates":[18.343311,49.954307]}},{"type":"Feature","properties":{"lines":"W33","arr":["W33"],"mode":"bus","angle":-5.1,"extra":1,"ei":2,"l0":"W33","c0":"#6b5806"},"geometry":{"type":"Point","coordinates":[18.346243,49.954478]}},{"type":"Feature","properties":{"lines":"W33","arr":["W33"],"mode":"bus","angle":-5.4,"extra":1,"ei":3,"l0":"W33","c0":"#6b5806"},"geometry":{"type":"Point","coordinates":[18.349174,49.954652]}},{"type":"Feature","properties":{"lines":"W33","arr":["W33"],"mode":"bus","angle":-5.6,"extra":1,"ei":4,"l0":"W33","c0":"#6b5806"},"geometry":{"type":"Point","coordinates":[18.352105,49.95483]}},{"type":"Feature","properties":{"lines":"W33","arr":["W33"],"mode":"bus","angle":-6.5,"extra":1,"ei":5,"l0":"W33","c0":"#6b5806"},"geometry":{"type":"Point","coordinates":[18.357315,49.956384]}},{"type":"Feature","properties":{"lines":"W33","arr":["W33"],"mode":"bus","angle":15.1,"extra":1,"ei":6,"l0":"W33","c0":"#6b5806"},"geometry":{"type":"Point","coordinates":[18.360185,49.956018]}},{"type":"Feature","properties":{"lines":"W33","arr":["W33"],"mode":"bus","angle":-12.8,"extra":1,"ei":7,"l0":"W33","c0":"#6b5806"},"geometry":{"type":"Point","coordinates":[18.363059,49.95574]}},{"type":"Feature","properties":{"lines":"W33","arr":["W33"],"mode":"bus","angle":-12,"extra":1,"ei":8,"l0":"W33","c0":"#6b5806"},"geometry":{"type":"Point","coordinates":[18.365872,49.956295]}},{"type":"Feature","properties":{"lines":"W33","arr":["W33"],"mode":"bus","angle":9.5,"extra":1,"ei":9,"l0":"W33","c0":"#6b5806"},"geometry":{"type":"Point","coordinates":[18.368793,49.956277]}},{"type":"Feature","properties":{"lines":"W33","arr":["W33"],"mode":"bus","angle":65.3,"mi":1,"l0":"W33","c0":"#6b5806"},"geometry":{"type":"Point","coordinates":[18.373442,49.955441]}},{"type":"Feature","properties":{"lines":"W33","arr":["W33"],"mode":"bus","angle":73.6,"mi":2,"l0":"W33","c0":"#6b5806"},"geometry":{"type":"Point","coordinates":[18.367194,49.956705]}},{"type":"Feature","properties":{"lines":"W33","arr":["W33"],"mode":"bus","angle":82.5,"l0":"W33","c0":"#6b5806"},"geometry":{"type":"Point","coordinates":[18.337153,49.961873]}},{"type":"Feature","properties":{"lines":"W33","arr":["W33"],"mode":"bus","angle":81.4,"extra":1,"ei":0,"l0":"W33","c0":"#6b5806"},"geometry":{"type":"Point","coordinates":[18.338697,49.954977]}},{"type":"Feature","properties":{"lines":"W33","arr":["W33"],"mode":"bus","angle":81.7,"extra":1,"ei":1,"l0":"W33","c0":"#6b5806"},"geometry":{"type":"Point","coordinates":[18.338263,49.956845]}},{"type":"Feature","properties":{"lines":"W33","arr":["W33"],"mode":"bus","angle":81.7,"extra":1,"ei":2,"l0":"W33","c0":"#6b5806"},"geometry":{"type":"Point","coordinates":[18.337838,49.958714]}},{"type":"Feature","properties":{"lines":"W33","arr":["W33"],"mode":"bus","angle":82.5,"extra":1,"ei":3,"l0":"W33","c0":"#6b5806"},"geometry":{"type":"Point","coordinates":[18.337419,49.960583]}},{"type":"Feature","properties":{"lines":"W33","arr":["W33"],"mode":"bus","angle":82.1,"extra":1,"ei":4,"l0":"W33","c0":"#6b5806"},"geometry":{"type":"Point","coordinates":[18.336627,49.964326]}},{"type":"Feature","properties":{"lines":"W33","arr":["W33"],"mode":"bus","angle":82.1,"extra":1,"ei":5,"l0":"W33","c0":"#6b5806"},"geometry":{"type":"Point","coordinates":[18.336221,49.966196]}},{"type":"Feature","properties":{"lines":"W33","arr":["W33"],"mode":"bus","angle":82.1,"extra":1,"ei":6,"l0":"W33","c0":"#6b5806"},"geometry":{"type":"Point","coordinates":[18.335817,49.968067]}},{"type":"Feature","properties":{"lines":"W33","arr":["W33"],"mode":"bus","angle":-22.3,"l0":"W33","c0":"#6b5806"},"geometry":{"type":"Point","coordinates":[18.327177,49.97025]}},{"type":"Feature","properties":{"lines":"W33","arr":["W33"],"mode":"bus","angle":-28.8,"extra":1,"ei":0,"l0":"W33","c0":"#6b5806"},"geometry":{"type":"Point","coordinates":[18.334043,49.969335]}},{"type":"Feature","properties":{"lines":"W33","arr":["W33"],"mode":"bus","angle":10.8,"extra":1,"ei":1,"l0":"W33","c0":"#6b5806"},"geometry":{"type":"Point","coordinates":[18.331427,49.968532]}},{"type":"Feature","properties":{"lines":"W33","arr":["W33"],"mode":"bus","angle":47.7,"extra":1,"ei":2,"l0":"W33","c0":"#6b5806"},"geometry":{"type":"Point","coordinates":[18.329277,49.969777]}},{"type":"Feature","properties":{"lines":"W33","arr":["W33"],"mode":"bus","angle":46.8,"extra":1,"ei":3,"l0":"W33","c0":"#6b5806"},"geometry":{"type":"Point","coordinates":[18.324469,49.969941]}},{"type":"Feature","properties":{"lines":"W33","arr":["W33"],"mode":"bus","angle":4.5,"extra":1,"ei":4,"l0":"W33","c0":"#6b5806"},"geometry":{"type":"Point","coordinates":[18.321708,49.970378]}},{"type":"Feature","properties":{"lines":"W33","arr":["W33"],"mode":"bus","angle":6,"side":-1,"extra":1,"ei":5,"l0":"W33","c0":"#6b5806"},"geometry":{"type":"Point","coordinates":[18.318773,49.970529]}},{"type":"Feature","properties":{"lines":"W33, W38, W51","arr":["W33","W38","W51"],"mode":"bus","angle":-17.7,"mi":1,"l0":"W33, ","c0":"#6b5806","l1":"W38, ","c1":"#e47e2b","l2":"W51","c2":"#7b3aa8"},"geometry":{"type":"Point","coordinates":[18.462786,49.99962]}},{"type":"Feature","properties":{"lines":"W34","arr":["W34"],"mode":"bus","angle":44,"l0":"W34","c0":"#52ac3c"},"geometry":{"type":"Point","coordinates":[18.373588,49.971518]}},{"type":"Feature","properties":{"lines":"W34","arr":["W34"],"mode":"bus","angle":-0.8,"mi":2,"l0":"W34","c0":"#52ac3c"},"geometry":{"type":"Point","coordinates":[18.348829,49.990669]}},{"type":"Feature","properties":{"lines":"W34","arr":["W34"],"mode":"bus","angle":47.1,"extra":1,"ei":0,"l0":"W34","c0":"#52ac3c"},"geometry":{"type":"Point","coordinates":[18.38975,49.961275]}},{"type":"Feature","properties":{"lines":"W34","arr":["W34"],"mode":"bus","angle":46.7,"extra":1,"ei":1,"l0":"W34","c0":"#52ac3c"},"geometry":{"type":"Point","coordinates":[18.387735,49.962652]}},{"type":"Feature","properties":{"lines":"W34","arr":["W34"],"mode":"bus","angle":23.4,"extra":1,"ei":2,"l0":"W34","c0":"#52ac3c"},"geometry":{"type":"Point","coordinates":[18.385332,49.963706]}},{"type":"Feature","properties":{"lines":"W34","arr":["W34"],"mode":"bus","angle":23.1,"extra":1,"ei":3,"l0":"W34","c0":"#52ac3c"},"geometry":{"type":"Point","coordinates":[18.38263,49.964456]}},{"type":"Feature","properties":{"lines":"W34","arr":["W34"],"mode":"bus","angle":56.2,"extra":1,"ei":4,"l0":"W34","c0":"#52ac3c"},"geometry":{"type":"Point","coordinates":[18.380131,49.965397]}},{"type":"Feature","properties":{"lines":"W34","arr":["W34"],"mode":"bus","angle":66.8,"extra":1,"ei":5,"l0":"W34","c0":"#52ac3c"},"geometry":{"type":"Point","coordinates":[18.378931,49.967121]}},{"type":"Feature","properties":{"lines":"W34","arr":["W34"],"mode":"bus","angle":59.2,"extra":1,"ei":6,"l0":"W34","c0":"#52ac3c"},"geometry":{"type":"Point","coordinates":[18.377712,49.968838]}},{"type":"Feature","properties":{"lines":"W34","arr":["W34"],"mode":"bus","angle":43.8,"extra":1,"ei":7,"l0":"W34","c0":"#52ac3c"},"geometry":{"type":"Point","coordinates":[18.375717,49.970215]}},{"type":"Feature","properties":{"lines":"W34","arr":["W34"],"mode":"bus","angle":43.7,"extra":1,"ei":8,"l0":"W34","c0":"#52ac3c"},"geometry":{"type":"Point","coordinates":[18.371451,49.972819]}},{"type":"Feature","properties":{"lines":"W34","arr":["W34"],"mode":"bus","angle":44.1,"extra":1,"ei":9,"l0":"W34","c0":"#52ac3c"},"geometry":{"type":"Point","coordinates":[18.369318,49.97412]}},{"type":"Feature","properties":{"lines":"W34","arr":["W34"],"mode":"bus","angle":43.3,"extra":1,"ei":10,"l0":"W34","c0":"#52ac3c"},"geometry":{"type":"Point","coordinates":[18.367182,49.975419]}},{"type":"Feature","properties":{"lines":"W34","arr":["W34"],"mode":"bus","angle":60.4,"extra":1,"ei":11,"l0":"W34","c0":"#52ac3c"},"geometry":{"type":"Point","coordinates":[18.365376,49.976898]}},{"type":"Feature","properties":{"lines":"W34","arr":["W34"],"mode":"bus","angle":10.2,"extra":1,"ei":12,"l0":"W34","c0":"#52ac3c"},"geometry":{"type":"Point","coordinates":[18.363541,49.978245]}},{"type":"Feature","properties":{"lines":"W34","arr":["W34"],"mode":"bus","angle":21.2,"extra":1,"ei":13,"l0":"W34","c0":"#52ac3c"},"geometry":{"type":"Point","coordinates":[18.360744,49.978801]}},{"type":"Feature","properties":{"lines":"W34","arr":["W34"],"mode":"bus","angle":62.3,"extra":1,"ei":14,"l0":"W34","c0":"#52ac3c"},"geometry":{"type":"Point","coordinates":[18.358608,49.979959]}},{"type":"Feature","properties":{"lines":"W34","arr":["W34"],"mode":"bus","angle":50.9,"extra":1,"ei":15,"l0":"W34","c0":"#52ac3c"},"geometry":{"type":"Point","coordinates":[18.35699,49.981525]}},{"type":"Feature","properties":{"lines":"W34","arr":["W34"],"mode":"bus","angle":80.4,"extra":1,"ei":0,"l0":"W34","c0":"#52ac3c"},"geometry":{"type":"Point","coordinates":[18.35574,49.98328]}},{"type":"Feature","properties":{"lines":"W34","arr":["W34"],"mode":"bus","angle":62.4,"extra":1,"ei":1,"l0":"W34","c0":"#52ac3c"},"geometry":{"type":"Point","coordinates":[18.354946,49.98508]}},{"type":"Feature","properties":{"lines":"W34","arr":["W34"],"mode":"bus","angle":88.9,"extra":1,"ei":2,"l0":"W34","c0":"#52ac3c"},"geometry":{"type":"Point","coordinates":[18.353976,49.986851]}},{"type":"Feature","properties":{"lines":"W34","arr":["W34"],"mode":"bus","angle":44.3,"extra":1,"ei":3,"l0":"W34","c0":"#52ac3c"},"geometry":{"type":"Point","coordinates":[18.35299,49.988504]}},{"type":"Feature","properties":{"lines":"W34","arr":["W34"],"mode":"bus","angle":63.7,"extra":1,"ei":4,"l0":"W34","c0":"#52ac3c"},"geometry":{"type":"Point","coordinates":[18.351565,49.990068]}},{"type":"Feature","properties":{"lines":"W34","arr":["W34"],"mode":"bus","angle":73.3,"extra":1,"ei":5,"l0":"W34","c0":"#52ac3c"},"geometry":{"type":"Point","coordinates":[18.346847,49.991614]}},{"type":"Feature","properties":{"lines":"W34","arr":["W34"],"mode":"bus","angle":74.6,"extra":1,"ei":6,"l0":"W34","c0":"#52ac3c"},"geometry":{"type":"Point","coordinates":[18.346132,49.993446]}},{"type":"Feature","properties":{"lines":"W34","arr":["W34"],"mode":"bus","angle":75.8,"extra":1,"ei":7,"l0":"W34","c0":"#52ac3c"},"geometry":{"type":"Point","coordinates":[18.345414,49.995277]}},{"type":"Feature","properties":{"lines":"W34","arr":["W34"],"mode":"bus","angle":76,"extra":1,"ei":8,"l0":"W34","c0":"#52ac3c"},"geometry":{"type":"Point","coordinates":[18.344695,49.997109]}},{"type":"Feature","properties":{"lines":"W34","arr":["W34"],"mode":"bus","angle":72.2,"extra":1,"ei":9,"l0":"W34","c0":"#52ac3c"},"geometry":{"type":"Point","coordinates":[18.343966,49.998938]}},{"type":"Feature","properties":{"lines":"W34","arr":["W34"],"mode":"bus","angle":-74.4,"l0":"W34","c0":"#52ac3c"},"geometry":{"type":"Point","coordinates":[18.34248,49.998557]}},{"type":"Feature","properties":{"lines":"W34","arr":["W34"],"mode":"bus","angle":-74.5,"extra":1,"ei":0,"l0":"W34","c0":"#52ac3c"},"geometry":{"type":"Point","coordinates":[18.343035,49.999834]}},{"type":"Feature","properties":{"lines":"W34","arr":["W34"],"mode":"bus","angle":-34.6,"mi":1,"l0":"W34","c0":"#52ac3c"},"geometry":{"type":"Point","coordinates":[18.3343,49.995232]}},{"type":"Feature","properties":{"lines":"W34","arr":["W34"],"mode":"bus","angle":-8.9,"extra":1,"ei":0,"l0":"W34","c0":"#52ac3c"},"geometry":{"type":"Point","coordinates":[18.340261,49.996968]}},{"type":"Feature","properties":{"lines":"W34","arr":["W34"],"mode":"bus","angle":-29,"extra":1,"ei":1,"l0":"W34","c0":"#52ac3c"},"geometry":{"type":"Point","coordinates":[18.33743,49.996482]}},{"type":"Feature","properties":{"lines":"W34","arr":["W34"],"mode":"bus","angle":-80.5,"extra":1,"ei":2,"l0":"W34","c0":"#52ac3c"},"geometry":{"type":"Point","coordinates":[18.33282,49.994297]}},{"type":"Feature","properties":{"lines":"W34","arr":["W34"],"mode":"bus","angle":-18.8,"extra":1,"ei":3,"l0":"W34","c0":"#52ac3c"},"geometry":{"type":"Point","coordinates":[18.331551,49.992941]}},{"type":"Feature","properties":{"lines":"W34","arr":["W34"],"mode":"bus","angle":-62,"extra":1,"ei":4,"l0":"W34","c0":"#52ac3c"},"geometry":{"type":"Point","coordinates":[18.330814,49.991232]}},{"type":"Feature","properties":{"lines":"201, 207, W10, W36, W41, W42, W50, W51, W52","arr":["201","207","W10","W36","W41","W42","W50","W51","W52"],"mode":"bus","angle":-68.5,"l0":"201, ","c0":"#1da8b6","l1":"207, ","c1":"#f661b9","l2":"W10, ","c2":"#6b5806","l3":"W36, ","c3":"#03636c","l4":"W41, ","c4":"#b59607","l5":"W42, ","c5":"#fe6761","l6":"W50, ","c6":"#066559","l7":"W51, ","c7":"#7b3aa8","l8":"W52","c8":"#02af5a"},"geometry":{"type":"Point","coordinates":[18.473183,50.005251]}},{"type":"Feature","properties":{"lines":"201, 203, 205, 206, 208, 209, 210, W09, W10, W11, W36, W41, W42, W50, W51, W52","arr":["201","203","205","206","208","209","210","W09","W10","W11","W36","W41","W42","W50","W51","W52"],"mode":"bus","angle":-32.1,"mi":1,"l0":"201, ","c0":"#1da8b6","l1":"203, ","c1":"#f57145","l2":"205, ","c2":"#6895fc","l3":"206, ","c3":"#7c5001","l4":"208, ","c4":"#0357b2","l5":"209, ","c5":"#b11526","l6":"210, ","c6":"#126804","l7":"W09, ","c7":"#11a2e3","l8":"W10, ","c8":"#6b5806","l9":"W11, ","c9":"#4d4aba","l10":"W36, ","c10":"#03636c","l11":"W41, ","c11":"#b59607","l12":"W42, ","c12":"#fe6761","l13":"W50, ","c13":"#066559","l14":"W51, ","c14":"#7b3aa8","l15":"W52","c15":"#02af5a"},"geometry":{"type":"Point","coordinates":[18.468976,50.001453]}},{"type":"Feature","properties":{"lines":"201, 203, 205, 206, 208, 209, 210, W09, W10, W11, W36, W41, W42, W50, W51, W52","arr":["201","203","205","206","208","209","210","W09","W10","W11","W36","W41","W42","W50","W51","W52"],"mode":"bus","angle":-57.4,"l0":"201, ","c0":"#1da8b6","l1":"203, ","c1":"#f57145","l2":"205, ","c2":"#6895fc","l3":"206, ","c3":"#7c5001","l4":"208, ","c4":"#0357b2","l5":"209, ","c5":"#b11526","l6":"210, ","c6":"#126804","l7":"W09, ","c7":"#11a2e3","l8":"W10, ","c8":"#6b5806","l9":"W11, ","c9":"#4d4aba","l10":"W36, ","c10":"#03636c","l11":"W41, ","c11":"#b59607","l12":"W42, ","c12":"#fe6761","l13":"W50, ","c13":"#066559","l14":"W51, ","c14":"#7b3aa8","l15":"W52","c15":"#02af5a"},"geometry":{"type":"Point","coordinates":[18.471515,50.00292]}},{"type":"Feature","properties":{"lines":"201, 202, 203, 205, 206, 208, 209, 210, W09, W10, W11, W36, W41, W42, W50, W51, W52","arr":["201","202","203","205","206","208","209","210","W09","W10","W11","W36","W41","W42","W50","W51","W52"],"mode":"bus","angle":-45.9,"l0":"201, ","c0":"#1da8b6","l1":"202, ","c1":"#095d97","l2":"203, ","c2":"#f57145","l3":"205, ","c3":"#6895fc","l4":"206, ","c4":"#7c5001","l5":"208, ","c5":"#0357b2","l6":"209, ","c6":"#b11526","l7":"210, ","c7":"#126804","l8":"W09, ","c8":"#11a2e3","l9":"W10, ","c9":"#6b5806","l10":"W11, ","c10":"#4d4aba","l11":"W36, ","c11":"#03636c","l12":"W41, ","c12":"#b59607","l13":"W42, ","c13":"#fe6761","l14":"W50, ","c14":"#066559","l15":"W51, ","c15":"#7b3aa8","l16":"W52","c16":"#02af5a"},"geometry":{"type":"Point","coordinates":[18.470786,50.0023]}},{"type":"Feature","properties":{"lines":"201, 202, 203, 204, 205, 206, 207, 208, 209, 210, W09, W10, W11, W36, W41, W42, W50, W51, W52","arr":["201","202","203","204","205","206","207","208","209","210","W09","W10","W11","W36","W41","W42","W50","W51","W52"],"mode":"bus","angle":-20.1,"l0":"201, ","c0":"#1da8b6","l1":"202, ","c1":"#095d97","l2":"203, ","c2":"#f57145","l3":"204, ","c3":"#992492","l4":"205, ","c4":"#6895fc","l5":"206, ","c5":"#7c5001","l6":"207, ","c6":"#f661b9","l7":"208, ","c7":"#0357b2","l8":"209, ","c8":"#b11526","l9":"210, ","c9":"#126804","l10":"W09, ","c10":"#11a2e3","l11":"W10, ","c11":"#6b5806","l12":"W11, ","c12":"#4d4aba","l13":"W36, ","c13":"#03636c","l14":"W41, ","c14":"#b59607","l15":"W42, ","c15":"#fe6761","l16":"W50, ","c16":"#066559","l17":"W51, ","c17":"#7b3aa8","l18":"W52","c18":"#02af5a"},"geometry":{"type":"Point","coordinates":[18.466463,50.000951]}},{"type":"Feature","properties":{"lines":"201, 202, 204, 207, 210, W36, W52","arr":["201","202","204","207","210","W36","W52"],"mode":"bus","angle":49.4,"l0":"201, ","c0":"#1da8b6","l1":"202, ","c1":"#095d97","l2":"204, ","c2":"#992492","l3":"207, ","c3":"#f661b9","l4":"210, ","c4":"#126804","l5":"W36, ","c5":"#03636c","l6":"W52","c6":"#02af5a"},"geometry":{"type":"Point","coordinates":[18.460629,50.000079]}},{"type":"Feature","properties":{"lines":"201, 202, 204, 207, 210, W36, W52, W53, W59","arr":["201","202","204","207","210","W36","W52","W53","W59"],"mode":"bus","angle":16.6,"l0":"201, ","c0":"#1da8b6","l1":"202, ","c1":"#095d97","l2":"204, ","c2":"#992492","l3":"207, ","c3":"#f661b9","l4":"210, ","c4":"#126804","l5":"W36, ","c5":"#03636c","l6":"W52, ","c6":"#02af5a","l7":"W53, ","c7":"#f57145","l8":"W59","c8":"#b20b42"},"geometry":{"type":"Point","coordinates":[18.45896,50.000716]}},{"type":"Feature","properties":{"lines":"W36, W52, W53","arr":["W36","W52","W53"],"mode":"bus","angle":-38.3,"l0":"W36, ","c0":"#03636c","l1":"W52, ","c1":"#02af5a","l2":"W53","c2":"#f57145"},"geometry":{"type":"Point","coordinates":[18.455799,49.999934]}},{"type":"Feature","properties":{"lines":"W36","arr":["W36"],"mode":"bus","angle":-22.4,"l0":"W36","c0":"#03636c"},"geometry":{"type":"Point","coordinates":[18.446106,49.99647]}},{"type":"Feature","properties":{"lines":"W36","arr":["W36"],"mode":"bus","angle":-43.8,"l0":"W36","c0":"#03636c"},"geometry":{"type":"Point","coordinates":[18.426951,49.987537]}},{"type":"Feature","properties":{"lines":"W36","arr":["W36"],"mode":"bus","angle":-55.2,"extra":1,"ei":0,"l0":"W36","c0":"#03636c"},"geometry":{"type":"Point","coordinates":[18.452858,49.99787]}},{"type":"Feature","properties":{"lines":"W36","arr":["W36"],"mode":"bus","angle":-26.5,"extra":1,"ei":1,"l0":"W36","c0":"#03636c"},"geometry":{"type":"Point","coordinates":[18.450899,49.996494]}},{"type":"Feature","properties":{"lines":"W36","arr":["W36"],"mode":"bus","angle":11.3,"extra":1,"ei":2,"l0":"W36","c0":"#03636c"},"geometry":{"type":"Point","coordinates":[18.448028,49.996421]}},{"type":"Feature","properties":{"lines":"W36","arr":["W36"],"mode":"bus","angle":-40.2,"extra":1,"ei":3,"l0":"W36","c0":"#03636c"},"geometry":{"type":"Point","coordinates":[18.4434,49.9947]}},{"type":"Feature","properties":{"lines":"W36","arr":["W36"],"mode":"bus","angle":-37.8,"extra":1,"ei":4,"l0":"W36","c0":"#03636c"},"geometry":{"type":"Point","coordinates":[18.440954,49.993651]}},{"type":"Feature","properties":{"lines":"W36, W53","arr":["W36","W53"],"mode":"bus","angle":-40.7,"l0":"W36, ","c0":"#03636c","l1":"W53","c1":"#f57145"},"geometry":{"type":"Point","coordinates":[18.433613,49.991149]}},{"type":"Feature","properties":{"lines":"W36, W53","arr":["W36","W53"],"mode":"bus","angle":-15.8,"extra":1,"ei":0,"l0":"W36, ","c0":"#03636c","l1":"W53","c1":"#f57145"},"geometry":{"type":"Point","coordinates":[18.437742,49.992255]}},{"type":"Feature","properties":{"lines":"W36, W53","arr":["W36","W53"],"mode":"bus","angle":-36.5,"extra":1,"ei":1,"l0":"W36, ","c0":"#03636c","l1":"W53","c1":"#f57145"},"geometry":{"type":"Point","coordinates":[18.430519,49.989255]}},{"type":"Feature","properties":{"lines":"W36","arr":["W36"],"mode":"bus","angle":-8.1,"mi":1,"l0":"W36","c0":"#03636c"},"geometry":{"type":"Point","coordinates":[18.414912,49.985607]}},{"type":"Feature","properties":{"lines":"W36","arr":["W36"],"mode":"bus","angle":-8.6,"extra":1,"ei":0,"l0":"W36","c0":"#03636c"},"geometry":{"type":"Point","coordinates":[18.423175,49.986662]}},{"type":"Feature","properties":{"lines":"W36","arr":["W36"],"mode":"bus","angle":-12.1,"extra":1,"ei":1,"l0":"W36","c0":"#03636c"},"geometry":{"type":"Point","coordinates":[18.420296,49.98627]}},{"type":"Feature","properties":{"lines":"W36","arr":["W36"],"mode":"bus","angle":-11.6,"extra":1,"ei":2,"l0":"W36","c0":"#03636c"},"geometry":{"type":"Point","coordinates":[18.417422,49.985859]}},{"type":"Feature","properties":{"lines":"W36","arr":["W36"],"mode":"bus","angle":-6.4,"extra":1,"ei":3,"l0":"W36","c0":"#03636c"},"geometry":{"type":"Point","coordinates":[18.411583,49.985397]}},{"type":"Feature","properties":{"lines":"W36","arr":["W36"],"mode":"bus","angle":-17.6,"extra":1,"ei":4,"l0":"W36","c0":"#03636c"},"geometry":{"type":"Point","coordinates":[18.408668,49.985153]}},{"type":"Feature","properties":{"lines":"W36","arr":["W36"],"mode":"bus","angle":-18.8,"extra":1,"ei":5,"l0":"W36","c0":"#03636c"},"geometry":{"type":"Point","coordinates":[18.405915,49.984486]}},{"type":"Feature","properties":{"lines":"W36","arr":["W36"],"mode":"bus","angle":-79.4,"l0":"W36","c0":"#03636c"},"geometry":{"type":"Point","coordinates":[18.403903,49.979348]}},{"type":"Feature","properties":{"lines":"W36","arr":["W36"],"mode":"bus","angle":-53.8,"extra":1,"ei":0,"l0":"W36","c0":"#03636c"},"geometry":{"type":"Point","coordinates":[18.400433,49.975791]}},{"type":"Feature","properties":{"lines":"W36","arr":["W36"],"mode":"bus","angle":-52.5,"extra":1,"ei":1,"l0":"W36","c0":"#03636c"},"geometry":{"type":"Point","coordinates":[18.402165,49.977318]}},{"type":"Feature","properties":{"lines":"W36","arr":["W36"],"mode":"bus","angle":-64.6,"extra":1,"ei":2,"l0":"W36","c0":"#03636c"},"geometry":{"type":"Point","coordinates":[18.404419,49.980723]}},{"type":"Feature","properties":{"lines":"W36","arr":["W36"],"mode":"bus","angle":82.9,"extra":1,"ei":3,"l0":"W36","c0":"#03636c"},"geometry":{"type":"Point","coordinates":[18.405632,49.982414]}},{"type":"Feature","properties":{"lines":"W36","arr":["W36"],"mode":"bus","angle":76.5,"mi":1,"l0":"W36","c0":"#03636c"},"geometry":{"type":"Point","coordinates":[18.398144,49.967576]}},{"type":"Feature","properties":{"lines":"W36","arr":["W36"],"mode":"bus","angle":-64,"extra":1,"ei":0,"l0":"W36","c0":"#03636c"},"geometry":{"type":"Point","coordinates":[18.399071,49.974121]}},{"type":"Feature","properties":{"lines":"W36","arr":["W36"],"mode":"bus","angle":-63.8,"extra":1,"ei":1,"l0":"W36","c0":"#03636c"},"geometry":{"type":"Point","coordinates":[18.39778,49.972423]}},{"type":"Feature","properties":{"lines":"W36","arr":["W36"],"mode":"bus","angle":83,"extra":1,"ei":2,"l0":"W36","c0":"#03636c"},"geometry":{"type":"Point","coordinates":[18.397041,49.970634]}},{"type":"Feature","properties":{"lines":"W36","arr":["W36"],"mode":"bus","angle":68.1,"extra":1,"ei":3,"l0":"W36","c0":"#03636c"},"geometry":{"type":"Point","coordinates":[18.397522,49.968802]}},{"type":"Feature","properties":{"lines":"W36","arr":["W36"],"mode":"bus","angle":76.5,"extra":1,"ei":4,"l0":"W36","c0":"#03636c"},"geometry":{"type":"Point","coordinates":[18.399045,49.965167]}},{"type":"Feature","properties":{"lines":"W36","arr":["W36"],"mode":"bus","angle":76.5,"extra":1,"ei":5,"l0":"W36","c0":"#03636c"},"geometry":{"type":"Point","coordinates":[18.399734,49.963331]}},{"type":"Feature","properties":{"lines":"W36","arr":["W36"],"mode":"bus","angle":73,"extra":1,"ei":6,"l0":"W36","c0":"#03636c"},"geometry":{"type":"Point","coordinates":[18.400438,49.961497]}},{"type":"Feature","properties":{"lines":"W36","arr":["W36"],"mode":"bus","angle":-86.8,"l0":"W36","c0":"#03636c"},"geometry":{"type":"Point","coordinates":[18.401173,49.959245]}},{"type":"Feature","properties":{"lines":"W36","arr":["W36"],"mode":"bus","angle":75.2,"mi":5,"l0":"W36","c0":"#03636c"},"geometry":{"type":"Point","coordinates":[18.403507,49.950194]}},{"type":"Feature","properties":{"lines":"W36","arr":["W36"],"mode":"bus","angle":23.5,"l0":"W36","c0":"#03636c"},"geometry":{"type":"Point","coordinates":[18.41853,49.947534]}},{"type":"Feature","properties":{"lines":"W36","arr":["W36"],"mode":"bus","angle":-81.7,"mi":1,"l0":"W36","c0":"#03636c"},"geometry":{"type":"Point","coordinates":[18.424665,49.946008]}},{"type":"Feature","properties":{"lines":"W36","arr":["W36"],"mode":"bus","angle":65.1,"extra":1,"ei":0,"l0":"W36","c0":"#03636c"},"geometry":{"type":"Point","coordinates":[18.400149,49.955601]}},{"type":"Feature","properties":{"lines":"W36","arr":["W36"],"mode":"bus","angle":62.4,"extra":1,"ei":1,"l0":"W36","c0":"#03636c"},"geometry":{"type":"Point","coordinates":[18.401536,49.953936]}},{"type":"Feature","properties":{"lines":"W36","arr":["W36"],"mode":"bus","angle":70.8,"extra":1,"ei":2,"l0":"W36","c0":"#03636c"},"geometry":{"type":"Point","coordinates":[18.402628,49.952184]}},{"type":"Feature","properties":{"lines":"W36","arr":["W36"],"mode":"bus","angle":59.2,"extra":1,"ei":3,"l0":"W36","c0":"#03636c"},"geometry":{"type":"Point","coordinates":[18.404565,49.948634]}},{"type":"Feature","properties":{"lines":"W36","arr":["W36"],"mode":"bus","angle":25.9,"extra":1,"ei":4,"l0":"W36","c0":"#03636c"},"geometry":{"type":"Point","coordinates":[18.406908,49.947548]}},{"type":"Feature","properties":{"lines":"W36","arr":["W36"],"mode":"bus","angle":-1,"extra":1,"ei":5,"l0":"W36","c0":"#03636c"},"geometry":{"type":"Point","coordinates":[18.409766,49.947208]}},{"type":"Feature","properties":{"lines":"W36","arr":["W36"],"mode":"bus","angle":-12.9,"extra":1,"ei":0,"l0":"W36","c0":"#03636c"},"geometry":{"type":"Point","coordinates":[18.414535,49.947834]}},{"type":"Feature","properties":{"lines":"W36","arr":["W36"],"mode":"bus","angle":21.7,"extra":1,"ei":1,"l0":"W36","c0":"#03636c"},"geometry":{"type":"Point","coordinates":[18.422866,49.946309]}},{"type":"Feature","properties":{"lines":"W36","arr":["W36"],"mode":"bus","angle":-18.2,"mi":2,"l0":"W36","c0":"#03636c"},"geometry":{"type":"Point","coordinates":[18.412526,49.947583]}},{"type":"Feature","properties":{"lines":"W36","arr":["W36"],"mode":"bus","angle":27.2,"l0":"W36","c0":"#03636c"},"geometry":{"type":"Point","coordinates":[18.455444,49.935179]}},{"type":"Feature","properties":{"lines":"W36","arr":["W36"],"mode":"bus","angle":36.2,"mi":3,"l0":"W36","c0":"#03636c"},"geometry":{"type":"Point","coordinates":[18.429273,49.944814]}},{"type":"Feature","properties":{"lines":"W36","arr":["W36"],"mode":"bus","angle":74.6,"mi":4,"l0":"W36","c0":"#03636c"},"geometry":{"type":"Point","coordinates":[18.432713,49.943837]}},{"type":"Feature","properties":{"lines":"W36","arr":["W36"],"mode":"bus","angle":23.8,"extra":1,"ei":0,"l0":"W36","c0":"#03636c"},"geometry":{"type":"Point","coordinates":[18.427273,49.945631]}},{"type":"Feature","properties":{"lines":"W36","arr":["W36"],"mode":"bus","angle":60.8,"extra":1,"ei":0,"l0":"W36","c0":"#03636c"},"geometry":{"type":"Point","coordinates":[18.477217,49.925586]}},{"type":"Feature","properties":{"lines":"W36","arr":["W36"],"mode":"bus","angle":69.5,"extra":1,"ei":1,"l0":"W36","c0":"#03636c"},"geometry":{"type":"Point","coordinates":[18.475971,49.927291]}},{"type":"Feature","properties":{"lines":"W36","arr":["W36"],"mode":"bus","angle":23.9,"extra":1,"ei":2,"l0":"W36","c0":"#03636c"},"geometry":{"type":"Point","coordinates":[18.473464,49.928071]}},{"type":"Feature","properties":{"lines":"W36","arr":["W36"],"mode":"bus","angle":89.2,"extra":1,"ei":3,"l0":"W36","c0":"#03636c"},"geometry":{"type":"Point","coordinates":[18.471282,49.929165]}},{"type":"Feature","properties":{"lines":"W36","arr":["W36"],"mode":"bus","angle":63,"extra":1,"ei":4,"l0":"W36","c0":"#03636c"},"geometry":{"type":"Point","coordinates":[18.470579,49.930957]}},{"type":"Feature","properties":{"lines":"W36","arr":["W36"],"mode":"bus","angle":32.9,"extra":1,"ei":5,"l0":"W36","c0":"#03636c"},"geometry":{"type":"Point","coordinates":[18.468289,49.932101]}},{"type":"Feature","properties":{"lines":"W36","arr":["W36"],"mode":"bus","angle":51,"extra":1,"ei":6,"l0":"W36","c0":"#03636c"},"geometry":{"type":"Point","coordinates":[18.466207,49.933414]}},{"type":"Feature","properties":{"lines":"W36","arr":["W36"],"mode":"bus","angle":7.1,"extra":1,"ei":7,"l0":"W36","c0":"#03636c"},"geometry":{"type":"Point","coordinates":[18.463761,49.934276]}},{"type":"Feature","properties":{"lines":"W36","arr":["W36"],"mode":"bus","angle":3.1,"extra":1,"ei":8,"l0":"W36","c0":"#03636c"},"geometry":{"type":"Point","coordinates":[18.460827,49.934424]}},{"type":"Feature","properties":{"lines":"W36","arr":["W36"],"mode":"bus","angle":13.4,"extra":1,"ei":9,"l0":"W36","c0":"#03636c"},"geometry":{"type":"Point","coordinates":[18.45791,49.934627]}},{"type":"Feature","properties":{"lines":"W36","arr":["W36"],"mode":"bus","angle":-3.5,"extra":1,"ei":10,"l0":"W36","c0":"#03636c"},"geometry":{"type":"Point","coordinates":[18.452319,49.935483]}},{"type":"Feature","properties":{"lines":"W36","arr":["W36"],"mode":"bus","angle":3.2,"extra":1,"ei":11,"l0":"W36","c0":"#03636c"},"geometry":{"type":"Point","coordinates":[18.449435,49.935155]}},{"type":"Feature","properties":{"lines":"W36","arr":["W36"],"mode":"bus","angle":7,"extra":1,"ei":12,"l0":"W36","c0":"#03636c"},"geometry":{"type":"Point","coordinates":[18.446503,49.93515]}},{"type":"Feature","properties":{"lines":"W36","arr":["W36"],"mode":"bus","angle":44.6,"extra":1,"ei":13,"l0":"W36","c0":"#03636c"},"geometry":{"type":"Point","coordinates":[18.443917,49.93602]}},{"type":"Feature","properties":{"lines":"W36","arr":["W36"],"mode":"bus","angle":68.6,"extra":1,"ei":14,"l0":"W36","c0":"#03636c"},"geometry":{"type":"Point","coordinates":[18.443238,49.937808]}},{"type":"Feature","properties":{"lines":"W36","arr":["W36"],"mode":"bus","angle":52,"extra":1,"ei":15,"l0":"W36","c0":"#03636c"},"geometry":{"type":"Point","coordinates":[18.44145,49.939304]}},{"type":"Feature","properties":{"lines":"W36","arr":["W36"],"mode":"bus","angle":79.8,"extra":1,"ei":16,"l0":"W36","c0":"#03636c"},"geometry":{"type":"Point","coordinates":[18.440762,49.94109]}},{"type":"Feature","properties":{"lines":"W36","arr":["W36"],"mode":"bus","angle":57,"extra":1,"ei":17,"l0":"W36","c0":"#03636c"},"geometry":{"type":"Point","coordinates":[18.43988,49.942868]}},{"type":"Feature","properties":{"lines":"W36","arr":["W36"],"mode":"bus","angle":14.4,"extra":1,"ei":18,"l0":"W36","c0":"#03636c"},"geometry":{"type":"Point","coordinates":[18.437552,49.943845]}},{"type":"Feature","properties":{"lines":"W36","arr":["W36"],"mode":"bus","angle":-9.8,"extra":1,"ei":19,"l0":"W36","c0":"#03636c"},"geometry":{"type":"Point","coordinates":[18.434668,49.944094]}},{"type":"Feature","properties":{"lines":"W36, W38","arr":["W36","W38"],"mode":"bus","angle":42.3,"l0":"W36, ","c0":"#03636c","l1":"W38","c1":"#e47e2b"},"geometry":{"type":"Point","coordinates":[18.486638,49.916023]}},{"type":"Feature","properties":{"lines":"W36, W38","arr":["W36","W38"],"mode":"bus","angle":74.6,"extra":1,"ei":0,"l0":"W36, ","c0":"#03636c","l1":"W38","c1":"#e47e2b"},"geometry":{"type":"Point","coordinates":[18.478055,49.923709]}},{"type":"Feature","properties":{"lines":"W36, W38","arr":["W36","W38"],"mode":"bus","angle":52.3,"extra":1,"ei":1,"l0":"W36, ","c0":"#03636c","l1":"W38","c1":"#e47e2b"},"geometry":{"type":"Point","coordinates":[18.479065,49.921956]}},{"type":"Feature","properties":{"lines":"W36, W38","arr":["W36","W38"],"mode":"bus","angle":51.3,"extra":1,"ei":2,"l0":"W36, ","c0":"#03636c","l1":"W38","c1":"#e47e2b"},"geometry":{"type":"Point","coordinates":[18.480673,49.920387]}},{"type":"Feature","properties":{"lines":"W36, W38","arr":["W36","W38"],"mode":"bus","angle":47,"extra":1,"ei":3,"l0":"W36, ","c0":"#03636c","l1":"W38","c1":"#e47e2b"},"geometry":{"type":"Point","coordinates":[18.48261,49.918966]}},{"type":"Feature","properties":{"lines":"W36, W38","arr":["W36","W38"],"mode":"bus","angle":45.4,"extra":1,"ei":4,"l0":"W36, ","c0":"#03636c","l1":"W38","c1":"#e47e2b"},"geometry":{"type":"Point","coordinates":[18.484399,49.917472]}},{"type":"Feature","properties":{"lines":"W36, W38","arr":["W36","W38"],"mode":"bus","angle":30.1,"extra":1,"ei":5,"l0":"W36, ","c0":"#03636c","l1":"W38","c1":"#e47e2b"},"geometry":{"type":"Point","coordinates":[18.489044,49.915289]}},{"type":"Feature","properties":{"lines":"W36, W38","arr":["W36","W38"],"mode":"bus","angle":32.3,"extra":1,"ei":6,"l0":"W36, ","c0":"#03636c","l1":"W38","c1":"#e47e2b"},"geometry":{"type":"Point","coordinates":[18.49158,49.91433]}},{"type":"Feature","properties":{"lines":"W36, W38","arr":["W36","W38"],"mode":"bus","angle":35.9,"extra":1,"ei":7,"l0":"W36, ","c0":"#03636c","l1":"W38","c1":"#e47e2b"},"geometry":{"type":"Point","coordinates":[18.493962,49.913221]}},{"type":"Feature","properties":{"lines":"W36, W38","arr":["W36","W38"],"mode":"bus","angle":15.8,"extra":1,"ei":8,"l0":"W36, ","c0":"#03636c","l1":"W38","c1":"#e47e2b"},"geometry":{"type":"Point","coordinates":[18.496557,49.912377]}},{"type":"Feature","properties":{"lines":"W36, W38","arr":["W36","W38"],"mode":"bus","angle":16.4,"extra":1,"ei":9,"l0":"W36, ","c0":"#03636c","l1":"W38","c1":"#e47e2b"},"geometry":{"type":"Point","coordinates":[18.499386,49.911856]}},{"type":"Feature","properties":{"lines":"W36","arr":["W36"],"mode":"bus","angle":79.6,"l0":"W36","c0":"#03636c"},"geometry":{"type":"Point","coordinates":[18.531251,49.924667]}},{"type":"Feature","properties":{"lines":"W36","arr":["W36"],"mode":"bus","angle":-21.2,"mi":4,"l0":"W36","c0":"#03636c"},"geometry":{"type":"Point","coordinates":[18.507838,49.912696]}},{"type":"Feature","properties":{"lines":"W36","arr":["W36"],"mode":"bus","angle":-15.3,"extra":1,"ei":0,"l0":"W36","c0":"#03636c"},"geometry":{"type":"Point","coordinates":[18.502693,49.911682]}},{"type":"Feature","properties":{"lines":"W36","arr":["W36"],"mode":"bus","angle":-18.4,"extra":1,"ei":1,"l0":"W36","c0":"#03636c"},"geometry":{"type":"Point","coordinates":[18.505522,49.912205]}},{"type":"Feature","properties":{"lines":"W36","arr":["W36"],"mode":"bus","angle":-26.7,"extra":1,"ei":2,"l0":"W36","c0":"#03636c"},"geometry":{"type":"Point","coordinates":[18.510852,49.913766]}},{"type":"Feature","properties":{"lines":"W36","arr":["W36"],"mode":"bus","angle":-4.7,"extra":1,"ei":3,"l0":"W36","c0":"#03636c"},"geometry":{"type":"Point","coordinates":[18.513708,49.914145]}},{"type":"Feature","properties":{"lines":"W36","arr":["W36"],"mode":"bus","angle":71.8,"extra":1,"ei":0,"l0":"W36","c0":"#03636c"},"geometry":{"type":"Point","coordinates":[18.533695,49.919825]}},{"type":"Feature","properties":{"lines":"W36","arr":["W36"],"mode":"bus","angle":72.8,"extra":1,"ei":1,"l0":"W36","c0":"#03636c"},"geometry":{"type":"Point","coordinates":[18.532784,49.921621]}},{"type":"Feature","properties":{"lines":"W36","arr":["W36"],"mode":"bus","angle":71.7,"extra":1,"ei":2,"l0":"W36","c0":"#03636c"},"geometry":{"type":"Point","coordinates":[18.531881,49.923419]}},{"type":"Feature","properties":{"lines":"W36","arr":["W36"],"mode":"bus","angle":-41.7,"extra":1,"ei":3,"l0":"W36","c0":"#03636c"},"geometry":{"type":"Point","coordinates":[18.533024,49.926774]}},{"type":"Feature","properties":{"lines":"W36","arr":["W36"],"mode":"bus","angle":-33.7,"extra":1,"ei":4,"l0":"W36","c0":"#03636c"},"geometry":{"type":"Point","coordinates":[18.535457,49.927835]}},{"type":"Feature","properties":{"lines":"W36","arr":["W36"],"mode":"bus","angle":29.4,"l0":"W36","c0":"#03636c"},"geometry":{"type":"Point","coordinates":[18.520268,49.909739]}},{"type":"Feature","properties":{"lines":"W36","arr":["W36"],"mode":"bus","angle":60.3,"extra":1,"ei":0,"l0":"W36","c0":"#03636c"},"geometry":{"type":"Point","coordinates":[18.514856,49.913335]}},{"type":"Feature","properties":{"lines":"W36","arr":["W36"],"mode":"bus","angle":57.3,"extra":1,"ei":1,"l0":"W36","c0":"#03636c"},"geometry":{"type":"Point","coordinates":[18.516327,49.911699]}},{"type":"Feature","properties":{"lines":"W36","arr":["W36"],"mode":"bus","angle":33.7,"extra":1,"ei":2,"l0":"W36","c0":"#03636c"},"geometry":{"type":"Point","coordinates":[18.51826,49.910281]}},{"type":"Feature","properties":{"lines":"W36","arr":["W36"],"mode":"bus","angle":28.9,"extra":1,"ei":3,"l0":"W36","c0":"#03636c"},"geometry":{"type":"Point","coordinates":[18.52349,49.90858]}},{"type":"Feature","properties":{"lines":"W36","arr":["W36"],"mode":"bus","angle":29.4,"extra":1,"ei":4,"l0":"W36","c0":"#03636c"},"geometry":{"type":"Point","coordinates":[18.526057,49.907655]}},{"type":"Feature","properties":{"lines":"W36","arr":["W36"],"mode":"bus","angle":32.1,"mi":1,"l0":"W36","c0":"#03636c"},"geometry":{"type":"Point","coordinates":[18.532181,49.906984]}},{"type":"Feature","properties":{"lines":"W36","arr":["W36"],"mode":"bus","angle":-39.2,"extra":1,"ei":0,"l0":"W36","c0":"#03636c"},"geometry":{"type":"Point","coordinates":[18.52943,49.90753]}},{"type":"Feature","properties":{"lines":"W36","arr":["W36"],"mode":"bus","angle":15.1,"extra":1,"ei":1,"l0":"W36","c0":"#03636c"},"geometry":{"type":"Point","coordinates":[18.534801,49.906481]}},{"type":"Feature","properties":{"lines":"W36","arr":["W36"],"mode":"bus","angle":-73.7,"mi":2,"l0":"W36","c0":"#03636c"},"geometry":{"type":"Point","coordinates":[18.537417,49.909303]}},{"type":"Feature","properties":{"lines":"W36","arr":["W36"],"mode":"bus","angle":-69.9,"extra":1,"ei":0,"l0":"W36","c0":"#03636c"},"geometry":{"type":"Point","coordinates":[18.537058,49.906736]}},{"type":"Feature","properties":{"lines":"W36","arr":["W36"],"mode":"bus","angle":-76,"extra":1,"ei":1,"l0":"W36","c0":"#03636c"},"geometry":{"type":"Point","coordinates":[18.537896,49.910451]}},{"type":"Feature","properties":{"lines":"W36","arr":["W36"],"mode":"bus","angle":-76.2,"extra":1,"ei":2,"l0":"W36","c0":"#03636c"},"geometry":{"type":"Point","coordinates":[18.538602,49.912284]}},{"type":"Feature","properties":{"lines":"W36","arr":["W36"],"mode":"bus","angle":63.8,"mi":3,"l0":"W36","c0":"#03636c"},"geometry":{"type":"Point","coordinates":[18.536137,49.915755]}},{"type":"Feature","properties":{"lines":"W36","arr":["W36"],"mode":"bus","angle":53.2,"extra":1,"ei":0,"l0":"W36","c0":"#03636c"},"geometry":{"type":"Point","coordinates":[18.537761,49.91341]}},{"type":"Feature","properties":{"lines":"W36","arr":["W36"],"mode":"bus","angle":58.7,"extra":1,"ei":1,"l0":"W36","c0":"#03636c"},"geometry":{"type":"Point","coordinates":[18.535247,49.916815]}},{"type":"Feature","properties":{"lines":"W36","arr":["W36"],"mode":"bus","angle":70.3,"extra":1,"ei":2,"l0":"W36","c0":"#03636c"},"geometry":{"type":"Point","coordinates":[18.534334,49.91859]}},{"type":"Feature","properties":{"lines":"W36","arr":["W36"],"mode":"bus","angle":-28.5,"mi":1,"l0":"W36","c0":"#03636c"},"geometry":{"type":"Point","coordinates":[18.541802,49.929387]}},{"type":"Feature","properties":{"lines":"W36","arr":["W36"],"mode":"bus","angle":-34.7,"extra":1,"ei":0,"l0":"W36","c0":"#03636c"},"geometry":{"type":"Point","coordinates":[18.544055,49.930524]}},{"type":"Feature","properties":{"lines":"W36","arr":["W36"],"mode":"bus","angle":-13.9,"extra":1,"ei":1,"l0":"W36","c0":"#03636c"},"geometry":{"type":"Point","coordinates":[18.538826,49.929123]}},{"type":"Feature","properties":{"lines":"C12, C14, W36","arr":["C12","C14","W36"],"mode":"bus","angle":75.9,"side":-1,"l0":"C12, ","c0":"#8e4604","l1":"C14, ","c1":"#7b3aa8","l2":"W36","c2":"#03636c"},"geometry":{"type":"Point","coordinates":[18.547434,49.936886]}},{"type":"Feature","properties":{"lines":"C12, C14, W36","arr":["C12","C14","W36"],"mode":"bus","angle":-38.7,"extra":1,"ei":0,"l0":"C12, ","c0":"#8e4604","l1":"C14, ","c1":"#7b3aa8","l2":"W36","c2":"#03636c"},"geometry":{"type":"Point","coordinates":[18.546914,49.931428]}},{"type":"Feature","properties":{"lines":"C12, C14, W36","arr":["C12","C14","W36"],"mode":"bus","angle":-64.4,"extra":1,"ei":1,"l0":"C12, ","c0":"#8e4604","l1":"C14, ","c1":"#7b3aa8","l2":"W36","c2":"#03636c"},"geometry":{"type":"Point","coordinates":[18.548524,49.933]}},{"type":"Feature","properties":{"lines":"C12, C14, W36","arr":["C12","C14","W36"],"mode":"bus","angle":75.4,"extra":1,"ei":2,"l0":"C12, ","c0":"#8e4604","l1":"C14, ","c1":"#7b3aa8","l2":"W36","c2":"#03636c"},"geometry":{"type":"Point","coordinates":[18.54833,49.934847]}},{"type":"Feature","properties":{"lines":"C12, C14, W36","arr":["C12","C14","W36"],"mode":"bus","angle":79.7,"extra":1,"ei":3,"l0":"C12, ","c0":"#8e4604","l1":"C14, ","c1":"#7b3aa8","l2":"W36","c2":"#03636c"},"geometry":{"type":"Point","coordinates":[18.546974,49.938484]}},{"type":"Feature","properties":{"lines":"C12, C14, W36","arr":["C12","C14","W36"],"mode":"bus","angle":84.9,"extra":1,"ei":4,"l0":"C12, ","c0":"#8e4604","l1":"C14, ","c1":"#7b3aa8","l2":"W36","c2":"#03636c"},"geometry":{"type":"Point","coordinates":[18.546594,49.940355]}},{"type":"Feature","properties":{"lines":"C12, C14, W36","arr":["C12","C14","W36"],"mode":"bus","angle":85,"extra":1,"ei":5,"l0":"C12, ","c0":"#8e4604","l1":"C14, ","c1":"#7b3aa8","l2":"W36","c2":"#03636c"},"geometry":{"type":"Point","coordinates":[18.546338,49.942237]}},{"type":"Feature","properties":{"lines":"C12, C14, M10, W09, W36","arr":["C12","C14","M10","W09","W36"],"mode":"bus","angle":-1.3,"l0":"C12, ","c0":"#8e4604","l1":"C14, ","c1":"#7b3aa8","l2":"M10, ","c2":"#126804","l3":"W09, ","c3":"#11a2e3","l4":"W36","c4":"#03636c"},"geometry":{"type":"Point","coordinates":[18.552012,49.944402]}},{"type":"Feature","properties":{"lines":"C12, C14, M10, W09, W36","arr":["C12","C14","M10","W09","W36"],"mode":"bus","angle":-16.7,"extra":1,"ei":0,"l0":"C12, ","c0":"#8e4604","l1":"C14, ","c1":"#7b3aa8","l2":"M10, ","c2":"#126804","l3":"W09, ","c3":"#11a2e3","l4":"W36","c4":"#03636c"},"geometry":{"type":"Point","coordinates":[18.547704,49.944138]}},{"type":"Feature","properties":{"lines":"C12, C14, M10, W09, W36","arr":["C12","C14","M10","W09","W36"],"mode":"bus","angle":29.2,"extra":1,"ei":1,"l0":"C12, ","c0":"#8e4604","l1":"C14, ","c1":"#7b3aa8","l2":"M10, ","c2":"#126804","l3":"W09, ","c3":"#11a2e3","l4":"W36","c4":"#03636c"},"geometry":{"type":"Point","coordinates":[18.555337,49.94286]}},{"type":"Feature","properties":{"lines":"B10, B11, C11, C16, C18, M10, S13, W09, W36","arr":["B10","B11","C11","C16","C18","M10","S13","W09","W36"],"mode":"bus","angle":-5.2,"l0":"B10, ","c0":"#9789ff","l1":"B11, ","c1":"#b11526","l2":"C11, ","c2":"#f661b9","l3":"C16, ","c3":"#999f01","l4":"C18, ","c4":"#fe6761","l5":"M10, ","c5":"#126804","l6":"S13, ","c6":"#1cab97","l7":"W09, ","c7":"#11a2e3","l8":"W36","c8":"#03636c"},"geometry":{"type":"Point","coordinates":[18.560711,49.942031]}},{"type":"Feature","properties":{"lines":"B10, B11, C11, C16, C18, M10, S13, W09, W36","arr":["B10","B11","C11","C16","C18","M10","S13","W09","W36"],"mode":"bus","angle":19.6,"extra":1,"ei":0,"l0":"B10, ","c0":"#9789ff","l1":"B11, ","c1":"#b11526","l2":"C11, ","c2":"#f661b9","l3":"C16, ","c3":"#999f01","l4":"C18, ","c4":"#fe6761","l5":"M10, ","c5":"#126804","l6":"S13, ","c6":"#1cab97","l7":"W09, ","c7":"#11a2e3","l8":"W36","c8":"#03636c"},"geometry":{"type":"Point","coordinates":[18.557848,49.942036]}},{"type":"Feature","properties":{"lines":"B10, B11, C11, C16, C18, M10, S13, W09, W36","arr":["B10","B11","C11","C16","C18","M10","S13","W09","W36"],"mode":"bus","angle":-50.3,"extra":1,"ei":1,"l0":"B10, ","c0":"#9789ff","l1":"B11, ","c1":"#b11526","l2":"C11, ","c2":"#f661b9","l3":"C16, ","c3":"#999f01","l4":"C18, ","c4":"#fe6761","l5":"M10, ","c5":"#126804","l6":"S13, ","c6":"#1cab97","l7":"W09, ","c7":"#11a2e3","l8":"W36","c8":"#03636c"},"geometry":{"type":"Point","coordinates":[18.563094,49.943053]}},{"type":"Feature","properties":{"lines":"B10, B11, C11, C18, M10, S11, S13, W09, W36","arr":["B10","B11","C11","C18","M10","S11","S13","W09","W36"],"mode":"bus","angle":-9.7,"l0":"B10, ","c0":"#9789ff","l1":"B11, ","c1":"#b11526","l2":"C11, ","c2":"#f661b9","l3":"C18, ","c3":"#fe6761","l4":"M10, ","c4":"#126804","l5":"S11, ","c5":"#05617d","l6":"S13, ","c6":"#1cab97","l7":"W09, ","c7":"#11a2e3","l8":"W36","c8":"#03636c"},"geometry":{"type":"Point","coordinates":[18.564728,49.943685]}},{"type":"Feature","properties":{"lines":"C11, C16, M10, S11, W09, W36","arr":["C11","C16","M10","S11","W09","W36"],"mode":"bus","angle":-6.3,"l0":"C11, ","c0":"#f661b9","l1":"C16, ","c1":"#999f01","l2":"M10, ","c2":"#126804","l3":"S11, ","c3":"#05617d","l4":"W09, ","c4":"#11a2e3","l5":"W36","c5":"#03636c"},"geometry":{"type":"Point","coordinates":[18.566513,49.943782]}},{"type":"Feature","properties":{"lines":"B10, B11, C11, C14, C16, C18, M10, S11, S13, W09, W36","arr":["B10","B11","C11","C14","C16","C18","M10","S11","S13","W09","W36"],"mode":"bus","angle":7.9,"side":-1,"l0":"B10, ","c0":"#9789ff","l1":"B11, ","c1":"#b11526","l2":"C11, ","c2":"#f661b9","l3":"C14, ","c3":"#7b3aa8","l4":"C16, ","c4":"#999f01","l5":"C18, ","c5":"#fe6761","l6":"M10, ","c6":"#126804","l7":"S11, ","c7":"#05617d","l8":"S13, ","c8":"#1cab97","l9":"W09, ","c9":"#11a2e3","l10":"W36","c10":"#03636c"},"geometry":{"type":"Point","coordinates":[18.571589,49.943977]}},{"type":"Feature","properties":{"lines":"B10, B11, C11, C12, C14, C16, C18, M10, S11, S13, W09, W36","arr":["B10","B11","C11","C12","C14","C16","C18","M10","S11","S13","W09","W36"],"mode":"bus","angle":-3.8,"l0":"B10, ","c0":"#9789ff","l1":"B11, ","c1":"#b11526","l2":"C11, ","c2":"#f661b9","l3":"C12, ","c3":"#8e4604","l4":"C14, ","c4":"#7b3aa8","l5":"C16, ","c5":"#999f01","l6":"C18, ","c6":"#fe6761","l7":"M10, ","c7":"#126804","l8":"S11, ","c8":"#05617d","l9":"S13, ","c9":"#1cab97","l10":"W09, ","c10":"#11a2e3","l11":"W36","c11":"#03636c"},"geometry":{"type":"Point","coordinates":[18.569686,49.943929]}},{"type":"Feature","properties":{"lines":"B10, B11, C11, C12, C13, C14, C18, M10, R10, R11, S11, S12, S12A, S13, S14, S15, W09, W11, W36","arr":["B10","B11","C11","C12","C13","C14","C18","M10","R10","R11","S11","S12","S12A","S13","S14","S15","W09","W11","W36"],"mode":"bus","angle":-63,"l0":"B10, ","c0":"#9789ff","l1":"B11, ","c1":"#b11526","l2":"C11, ","c2":"#f661b9","l3":"C12, ","c3":"#8e4604","l4":"C13, ","c4":"#52ac3c","l5":"C14, ","c5":"#7b3aa8","l6":"C18, ","c6":"#fe6761","l7":"M10, ","c7":"#126804","l8":"R10, ","c8":"#b0045c","l9":"R11, ","c9":"#126804","l10":"S11, ","c10":"#05617d","l11":"S12, ","c11":"#a72d06","l12":"S12A, ","c12":"#ff627e","l13":"S13, ","c13":"#1cab97","l14":"S14, ","c14":"#79a620","l15":"S15, ","c15":"#5a5d02","l16":"W09, ","c16":"#11a2e3","l17":"W11, ","c17":"#4d4aba","l18":"W36","c18":"#03636c"},"geometry":{"type":"Point","coordinates":[18.572072,49.944291]}},{"type":"Feature","properties":{"lines":"B10, C13, C14, C18, M10, R10, R11, S11, S12, S12A, S14, S15, W09, W11, W36","arr":["B10","C13","C14","C18","M10","R10","R11","S11","S12","S12A","S14","S15","W09","W11","W36"],"mode":"bus","angle":-10,"side":-1,"l0":"B10, ","c0":"#9789ff","l1":"C13, ","c1":"#52ac3c","l2":"C14, ","c2":"#7b3aa8","l3":"C18, ","c3":"#fe6761","l4":"M10, ","c4":"#126804","l5":"R10, ","c5":"#b0045c","l6":"R11, ","c6":"#126804","l7":"S11, ","c7":"#05617d","l8":"S12, ","c8":"#a72d06","l9":"S12A, ","c9":"#ff627e","l10":"S14, ","c10":"#79a620","l11":"S15, ","c11":"#5a5d02","l12":"W09, ","c12":"#11a2e3","l13":"W11, ","c13":"#4d4aba","l14":"W36","c14":"#03636c"},"geometry":{"type":"Point","coordinates":[18.572729,49.944018]}},{"type":"Feature","properties":{"lines":"B10, C11, C12, C13, C14, C16, C18, M10, R10, R11, S11, S12, S12A, S14, S15, W09, W11, W36","arr":["B10","C11","C12","C13","C14","C16","C18","M10","R10","R11","S11","S12","S12A","S14","S15","W09","W11","W36"],"mode":"bus","angle":5.3,"l0":"B10, ","c0":"#9789ff","l1":"C11, ","c1":"#f661b9","l2":"C12, ","c2":"#8e4604","l3":"C13, ","c3":"#52ac3c","l4":"C14, ","c4":"#7b3aa8","l5":"C16, ","c5":"#999f01","l6":"C18, ","c6":"#fe6761","l7":"M10, ","c7":"#126804","l8":"R10, ","c8":"#b0045c","l9":"R11, ","c9":"#126804","l10":"S11, ","c10":"#05617d","l11":"S12, ","c11":"#a72d06","l12":"S12A, ","c12":"#ff627e","l13":"S14, ","c13":"#79a620","l14":"S15, ","c14":"#5a5d02","l15":"W09, ","c15":"#11a2e3","l16":"W11, ","c16":"#4d4aba","l17":"W36","c17":"#03636c"},"geometry":{"type":"Point","coordinates":[18.574375,49.944051]}},{"type":"Feature","properties":{"lines":"B10, C11, C13, C14, C18, M10, R10, R11, S11, S12, S12A, S14, S15, W09, W11, W36","arr":["B10","C11","C13","C14","C18","M10","R10","R11","S11","S12","S12A","S14","S15","W09","W11","W36"],"mode":"bus","angle":6.2,"side":-1,"l0":"B10, ","c0":"#9789ff","l1":"C11, ","c1":"#f661b9","l2":"C13, ","c2":"#52ac3c","l3":"C14, ","c3":"#7b3aa8","l4":"C18, ","c4":"#fe6761","l5":"M10, ","c5":"#126804","l6":"R10, ","c6":"#b0045c","l7":"R11, ","c7":"#126804","l8":"S11, ","c8":"#05617d","l9":"S12, ","c9":"#a72d06","l10":"S12A, ","c10":"#ff627e","l11":"S14, ","c11":"#79a620","l12":"S15, ","c12":"#5a5d02","l13":"W09, ","c13":"#11a2e3","l14":"W11, ","c14":"#4d4aba","l15":"W36","c15":"#03636c"},"geometry":{"type":"Point","coordinates":[18.576132,49.943901]}},{"type":"Feature","properties":{"lines":"B10, C11, C13, C14, C18, M10, R10, R11, S12, S12A, S14, S15, W09, W11, W36","arr":["B10","C11","C13","C14","C18","M10","R10","R11","S12","S12A","S14","S15","W09","W11","W36"],"mode":"bus","angle":-44,"side":-1,"l0":"B10, ","c0":"#9789ff","l1":"C11, ","c1":"#f661b9","l2":"C13, ","c2":"#52ac3c","l3":"C14, ","c3":"#7b3aa8","l4":"C18, ","c4":"#fe6761","l5":"M10, ","c5":"#126804","l6":"R10, ","c6":"#b0045c","l7":"R11, ","c7":"#126804","l8":"S12, ","c8":"#a72d06","l9":"S12A, ","c9":"#ff627e","l10":"S14, ","c10":"#79a620","l11":"S15, ","c11":"#5a5d02","l12":"W09, ","c12":"#11a2e3","l13":"W11, ","c13":"#4d4aba","l14":"W36","c14":"#03636c"},"geometry":{"type":"Point","coordinates":[18.578134,49.94434]}},{"type":"Feature","properties":{"lines":"B10, C13, C14, C18, M10, R10, R11, S12, S12A, S14, S16, W09, W11, W36","arr":["B10","C13","C14","C18","M10","R10","R11","S12","S12A","S14","S16","W09","W11","W36"],"mode":"bus","angle":-41.7,"side":-1,"l0":"B10, ","c0":"#9789ff","l1":"C13, ","c1":"#52ac3c","l2":"C14, ","c2":"#7b3aa8","l3":"C18, ","c3":"#fe6761","l4":"M10, ","c4":"#126804","l5":"R10, ","c5":"#b0045c","l6":"R11, ","c6":"#126804","l7":"S12, ","c7":"#a72d06","l8":"S12A, ","c8":"#ff627e","l9":"S14, ","c9":"#79a620","l10":"S16, ","c10":"#10a5d2","l11":"W09, ","c11":"#11a2e3","l12":"W11, ","c12":"#4d4aba","l13":"W36","c13":"#03636c"},"geometry":{"type":"Point","coordinates":[18.583943,49.947797]}},{"type":"Feature","properties":{"lines":"B10, C13, C14, C18, M10, R10, R11, S12, S12A, S14, S16, W09, W11, W36","arr":["B10","C13","C14","C18","M10","R10","R11","S12","S12A","S14","S16","W09","W11","W36"],"mode":"bus","angle":-41.8,"side":-1,"extra":1,"ei":0,"l0":"B10, ","c0":"#9789ff","l1":"C13, ","c1":"#52ac3c","l2":"C14, ","c2":"#7b3aa8","l3":"C18, ","c3":"#fe6761","l4":"M10, ","c4":"#126804","l5":"R10, ","c5":"#b0045c","l6":"R11, ","c6":"#126804","l7":"S12, ","c7":"#a72d06","l8":"S12A, ","c8":"#ff627e","l9":"S14, ","c9":"#79a620","l10":"S16, ","c10":"#10a5d2","l11":"W09, ","c11":"#11a2e3","l12":"W11, ","c12":"#4d4aba","l13":"W36","c13":"#03636c"},"geometry":{"type":"Point","coordinates":[18.580348,49.945716]}},{"type":"Feature","properties":{"lines":"B10, C13, C14, C18, M10, R10, R11, S12, S12A, S14, S16, W09, W11, W36","arr":["B10","C13","C14","C18","M10","R10","R11","S12","S12A","S14","S16","W09","W11","W36"],"mode":"bus","angle":-42.1,"side":-1,"extra":1,"ei":1,"l0":"B10, ","c0":"#9789ff","l1":"C13, ","c1":"#52ac3c","l2":"C14, ","c2":"#7b3aa8","l3":"C18, ","c3":"#fe6761","l4":"M10, ","c4":"#126804","l5":"R10, ","c5":"#b0045c","l6":"R11, ","c6":"#126804","l7":"S12, ","c7":"#a72d06","l8":"S12A, ","c8":"#ff627e","l9":"S14, ","c9":"#79a620","l10":"S16, ","c10":"#10a5d2","l11":"W09, ","c11":"#11a2e3","l12":"W11, ","c12":"#4d4aba","l13":"W36","c13":"#03636c"},"geometry":{"type":"Point","coordinates":[18.582532,49.946983]}},{"type":"Feature","properties":{"lines":"B10, C13, C14, C18, M10, R10, R11, S12, S12A, S14, S16, W09, W11, W36","arr":["B10","C13","C14","C18","M10","R10","R11","S12","S12A","S14","S16","W09","W11","W36"],"mode":"bus","angle":-16.1,"side":-1,"extra":1,"ei":2,"l0":"B10, ","c0":"#9789ff","l1":"C13, ","c1":"#52ac3c","l2":"C14, ","c2":"#7b3aa8","l3":"C18, ","c3":"#fe6761","l4":"M10, ","c4":"#126804","l5":"R10, ","c5":"#b0045c","l6":"R11, ","c6":"#126804","l7":"S12, ","c7":"#a72d06","l8":"S12A, ","c8":"#ff627e","l9":"S14, ","c9":"#79a620","l10":"S16, ","c10":"#10a5d2","l11":"W09, ","c11":"#11a2e3","l12":"W11, ","c12":"#4d4aba","l13":"W36","c13":"#03636c"},"geometry":{"type":"Point","coordinates":[18.587275,49.94915]}},{"type":"Feature","properties":{"lines":"B10, B11, B12, B13, B14, C10, C13, C14, C15, C16, C19, M10, R10, R11, S10, S12, S12A, S14, S15, W09, W10, W11, W36","arr":["B10","B11","B12","B13","B14","C10","C13","C14","C15","C16","C19","M10","R10","R11","S10","S12","S12A","S14","S15","W09","W10","W11","W36"],"mode":"bus","angle":-8.6,"side":-1,"l0":"B10, ","c0":"#9789ff","l1":"B11, ","c1":"#b11526","l2":"B12, ","c2":"#02af5a","l3":"B13, ","c3":"#992492","l4":"B14, ","c4":"#9789ff","l5":"C10, ","c5":"#ff627e","l6":"C13, ","c6":"#52ac3c","l7":"C14, ","c7":"#7b3aa8","l8":"C15, ","c8":"#6895fc","l9":"C16, ","c9":"#999f01","l10":"C19, ","c10":"#e47e2b","l11":"M10, ","c11":"#126804","l12":"R10, ","c12":"#b0045c","l13":"R11, ","c13":"#126804","l14":"S10, ","c14":"#cf8a11","l15":"S12, ","c15":"#a72d06","l16":"S12A, ","c16":"#ff627e","l17":"S14, ","c17":"#79a620","l18":"S15, ","c18":"#5a5d02","l19":"W09, ","c19":"#11a2e3","l20":"W10, ","c20":"#6b5806","l21":"W11, ","c21":"#4d4aba","l22":"W36","c22":"#03636c"},"geometry":{"type":"Point","coordinates":[18.593602,49.949588]}},{"type":"Feature","properties":{"lines":"B10, B11, B12, B13, B14, C10, C13, C14, C15, C16, C19, M10, R10, R11, S10, S12, S12A, S14, S15, W09, W10, W11, W36","arr":["B10","B11","B12","B13","B14","C10","C13","C14","C15","C16","C19","M10","R10","R11","S10","S12","S12A","S14","S15","W09","W10","W11","W36"],"mode":"bus","angle":0.8,"side":-1,"extra":1,"ei":0,"l0":"B10, ","c0":"#9789ff","l1":"B11, ","c1":"#b11526","l2":"B12, ","c2":"#02af5a","l3":"B13, ","c3":"#992492","l4":"B14, ","c4":"#9789ff","l5":"C10, ","c5":"#ff627e","l6":"C13, ","c6":"#52ac3c","l7":"C14, ","c7":"#7b3aa8","l8":"C15, ","c8":"#6895fc","l9":"C16, ","c9":"#999f01","l10":"C19, ","c10":"#e47e2b","l11":"M10, ","c11":"#126804","l12":"R10, ","c12":"#b0045c","l13":"R11, ","c13":"#126804","l14":"S10, ","c14":"#cf8a11","l15":"S12, ","c15":"#a72d06","l16":"S12A, ","c16":"#ff627e","l17":"S14, ","c17":"#79a620","l18":"S15, ","c18":"#5a5d02","l19":"W09, ","c19":"#11a2e3","l20":"W10, ","c20":"#6b5806","l21":"W11, ","c21":"#4d4aba","l22":"W36","c22":"#03636c"},"geometry":{"type":"Point","coordinates":[18.591614,49.949564]}},{"type":"Feature","properties":{"lines":"B10, B12, B13, B14, C10, C15, C19, M10, R10, R11, S10, S12, S12A, S13, S14, S15, W09, W10, W11, W36","arr":["B10","B12","B13","B14","C10","C15","C19","M10","R10","R11","S10","S12","S12A","S13","S14","S15","W09","W10","W11","W36"],"mode":"bus","angle":-21.4,"l0":"B10, ","c0":"#9789ff","l1":"B12, ","c1":"#02af5a","l2":"B13, ","c2":"#992492","l3":"B14, ","c3":"#9789ff","l4":"C10, ","c4":"#ff627e","l5":"C15, ","c5":"#6895fc","l6":"C19, ","c6":"#e47e2b","l7":"M10, ","c7":"#126804","l8":"R10, ","c8":"#b0045c","l9":"R11, ","c9":"#126804","l10":"S10, ","c10":"#cf8a11","l11":"S12, ","c11":"#a72d06","l12":"S12A, ","c12":"#ff627e","l13":"S13, ","c13":"#1cab97","l14":"S14, ","c14":"#79a620","l15":"S15, ","c15":"#5a5d02","l16":"W09, ","c16":"#11a2e3","l17":"W10, ","c17":"#6b5806","l18":"W11, ","c18":"#4d4aba","l19":"W36","c19":"#03636c"},"geometry":{"type":"Point","coordinates":[18.599709,49.950809]}},{"type":"Feature","properties":{"lines":"B10, B12, B13, B14, C10, C12, C15, C19, M10, R10, R11, S10, S12, S12A, S13, S14, S15, W09, W10, W11, W36","arr":["B10","B12","B13","B14","C10","C12","C15","C19","M10","R10","R11","S10","S12","S12A","S13","S14","S15","W09","W10","W11","W36"],"mode":"bus","angle":-22.5,"side":-1,"l0":"B10, ","c0":"#9789ff","l1":"B12, ","c1":"#02af5a","l2":"B13, ","c2":"#992492","l3":"B14, ","c3":"#9789ff","l4":"C10, ","c4":"#ff627e","l5":"C12, ","c5":"#8e4604","l6":"C15, ","c6":"#6895fc","l7":"C19, ","c7":"#e47e2b","l8":"M10, ","c8":"#126804","l9":"R10, ","c9":"#b0045c","l10":"R11, ","c10":"#126804","l11":"S10, ","c11":"#cf8a11","l12":"S12, ","c12":"#a72d06","l13":"S12A, ","c13":"#ff627e","l14":"S13, ","c14":"#1cab97","l15":"S14, ","c15":"#79a620","l16":"S15, ","c16":"#5a5d02","l17":"W09, ","c17":"#11a2e3","l18":"W10, ","c18":"#6b5806","l19":"W11, ","c19":"#4d4aba","l20":"W36","c20":"#03636c"},"geometry":{"type":"Point","coordinates":[18.599754,49.950707]}},{"type":"Feature","properties":{"lines":"B14, R10, R11, W09, W10, W36","arr":["B14","R10","R11","W09","W10","W36"],"mode":"bus","angle":4.9,"side":-1,"l0":"B14, ","c0":"#9789ff","l1":"R10, ","c1":"#b0045c","l2":"R11, ","c2":"#126804","l3":"W09, ","c3":"#11a2e3","l4":"W10, ","c4":"#6b5806","l5":"W36","c5":"#03636c"},"geometry":{"type":"Point","coordinates":[18.602358,49.951601]}},{"type":"Feature","properties":{"lines":"B14, R10, R11, W09, W10, W36","arr":["B14","R10","R11","W09","W10","W36"],"mode":"bus","angle":67.6,"mi":1,"l0":"B14, ","c0":"#9789ff","l1":"R10, ","c1":"#b0045c","l2":"R11, ","c2":"#126804","l3":"W09, ","c3":"#11a2e3","l4":"W10, ","c4":"#6b5806","l5":"W36","c5":"#03636c"},"geometry":{"type":"Point","coordinates":[18.606052,49.949607]}},{"type":"Feature","properties":{"lines":"B14, R10, R11, W09, W10, W36","arr":["B14","R10","R11","W09","W10","W36"],"mode":"bus","angle":39.5,"side":-1,"extra":1,"ei":0,"l0":"B14, ","c0":"#9789ff","l1":"R10, ","c1":"#b0045c","l2":"R11, ","c2":"#126804","l3":"W09, ","c3":"#11a2e3","l4":"W10, ","c4":"#6b5806","l5":"W36","c5":"#03636c"},"geometry":{"type":"Point","coordinates":[18.603916,49.950972]}},{"type":"Feature","properties":{"lines":"B14, R10, R11, W09, W10, W36","arr":["B14","R10","R11","W09","W10","W36"],"mode":"bus","angle":-78.6,"extra":1,"ei":0,"l0":"B14, ","c0":"#9789ff","l1":"R10, ","c1":"#b0045c","l2":"R11, ","c2":"#126804","l3":"W09, ","c3":"#11a2e3","l4":"W10, ","c4":"#6b5806","l5":"W36","c5":"#03636c"},"geometry":{"type":"Point","coordinates":[18.606689,49.947538]}},{"type":"Feature","properties":{"lines":"B14, C13, C14, R10, R11, W09, W10, W36","arr":["B14","C13","C14","R10","R11","W09","W10","W36"],"mode":"bus","angle":68,"l0":"B14, ","c0":"#9789ff","l1":"C13, ","c1":"#52ac3c","l2":"C14, ","c2":"#7b3aa8","l3":"R10, ","c3":"#b0045c","l4":"R11, ","c4":"#126804","l5":"W09, ","c5":"#11a2e3","l6":"W10, ","c6":"#6b5806","l7":"W36","c7":"#03636c"},"geometry":{"type":"Point","coordinates":[18.606588,49.945527]}},{"type":"Feature","properties":{"lines":"B12, B14, B15, C11, C12, C13, C14, C17, C18, R10, R11, S10, S16, W09, W10, W36","arr":["B12","B14","B15","C11","C12","C13","C14","C17","C18","R10","R11","S10","S16","W09","W10","W36"],"mode":"bus","angle":-48.3,"side":-1,"l0":"B12, ","c0":"#02af5a","l1":"B14, ","c1":"#9789ff","l2":"B15, ","c2":"#05617d","l3":"C11, ","c3":"#f661b9","l4":"C12, ","c4":"#8e4604","l5":"C13, ","c5":"#52ac3c","l6":"C14, ","c6":"#7b3aa8","l7":"C17, ","c7":"#4d4aba","l8":"C18, ","c8":"#fe6761","l9":"R10, ","c9":"#b0045c","l10":"R11, ","c10":"#126804","l11":"S10, ","c11":"#cf8a11","l12":"S16, ","c12":"#10a5d2","l13":"W09, ","c13":"#11a2e3","l14":"W10, ","c14":"#6b5806","l15":"W36","c15":"#03636c"},"geometry":{"type":"Point","coordinates":[18.607727,49.944673]}},{"type":"Feature","properties":{"lines":"B12, B14, B15, C11, C12, C13, C14, C16, C17, C18, R10, R11, S10, S16, W09, W10, W36","arr":["B12","B14","B15","C11","C12","C13","C14","C16","C17","C18","R10","R11","S10","S16","W09","W10","W36"],"mode":"bus","angle":-21.3,"l0":"B12, ","c0":"#02af5a","l1":"B14, ","c1":"#9789ff","l2":"B15, ","c2":"#05617d","l3":"C11, ","c3":"#f661b9","l4":"C12, ","c4":"#8e4604","l5":"C13, ","c5":"#52ac3c","l6":"C14, ","c6":"#7b3aa8","l7":"C16, ","c7":"#999f01","l8":"C17, ","c8":"#4d4aba","l9":"C18, ","c9":"#fe6761","l10":"R10, ","c10":"#b0045c","l11":"R11, ","c11":"#126804","l12":"S10, ","c12":"#cf8a11","l13":"S16, ","c13":"#10a5d2","l14":"W09, ","c14":"#11a2e3","l15":"W10, ","c15":"#6b5806","l16":"W36","c16":"#03636c"},"geometry":{"type":"Point","coordinates":[18.608551,49.945075]}},{"type":"Feature","properties":{"lines":"C13, W36","arr":["C13","W36"],"mode":"bus","angle":-13.6,"l0":"C13, ","c0":"#52ac3c","l1":"W36","c1":"#03636c"},"geometry":{"type":"Point","coordinates":[18.609591,49.945561]}},{"type":"Feature","properties":{"lines":"B14, C13, R10, R11, W09, W10, W36","arr":["B14","C13","R10","R11","W09","W10","W36"],"mode":"bus","angle":58,"l0":"B14, ","c0":"#9789ff","l1":"C13, ","c1":"#52ac3c","l2":"R10, ","c2":"#b0045c","l3":"R11, ","c3":"#126804","l4":"W09, ","c4":"#11a2e3","l5":"W10, ","c5":"#6b5806","l6":"W36","c6":"#03636c"},"geometry":{"type":"Point","coordinates":[18.607075,49.944918]}},{"type":"Feature","properties":{"lines":"B10, B11, B12, B13, B14, C10, C11, C12, C13, C15, C19, M10, R10, R11, S10, S12, S12A, S14, S15, W09, W10, W11, W36","arr":["B10","B11","B12","B13","B14","C10","C11","C12","C13","C15","C19","M10","R10","R11","S10","S12","S12A","S14","S15","W09","W10","W11","W36"],"mode":"bus","angle":-12.3,"l0":"B10, ","c0":"#9789ff","l1":"B11, ","c1":"#b11526","l2":"B12, ","c2":"#02af5a","l3":"B13, ","c3":"#992492","l4":"B14, ","c4":"#9789ff","l5":"C10, ","c5":"#ff627e","l6":"C11, ","c6":"#f661b9","l7":"C12, ","c7":"#8e4604","l8":"C13, ","c8":"#52ac3c","l9":"C15, ","c9":"#6895fc","l10":"C19, ","c10":"#e47e2b","l11":"M10, ","c11":"#126804","l12":"R10, ","c12":"#b0045c","l13":"R11, ","c13":"#126804","l14":"S10, ","c14":"#cf8a11","l15":"S12, ","c15":"#a72d06","l16":"S12A, ","c16":"#ff627e","l17":"S14, ","c17":"#79a620","l18":"S15, ","c18":"#5a5d02","l19":"W09, ","c19":"#11a2e3","l20":"W10, ","c20":"#6b5806","l21":"W11, ","c21":"#4d4aba","l22":"W36","c22":"#03636c"},"geometry":{"type":"Point","coordinates":[18.593705,49.949714]}},{"type":"Feature","properties":{"lines":"B10, C12, C13, C18, M10, S12, S12A, S14, S16, W09, W11, W36","arr":["B10","C12","C13","C18","M10","S12","S12A","S14","S16","W09","W11","W36"],"mode":"bus","angle":-42.3,"l0":"B10, ","c0":"#9789ff","l1":"C12, ","c1":"#8e4604","l2":"C13, ","c2":"#52ac3c","l3":"C18, ","c3":"#fe6761","l4":"M10, ","c4":"#126804","l5":"S12, ","c5":"#a72d06","l6":"S12A, ","c6":"#ff627e","l7":"S14, ","c7":"#79a620","l8":"S16, ","c8":"#10a5d2","l9":"W09, ","c9":"#11a2e3","l10":"W11, ","c10":"#4d4aba","l11":"W36","c11":"#03636c"},"geometry":{"type":"Point","coordinates":[18.583874,49.947895]}},{"type":"Feature","properties":{"lines":"B10, C12, C13, C18, M10, S12, S12A, S14, S16, W09, W11, W36","arr":["B10","C12","C13","C18","M10","S12","S12A","S14","S16","W09","W11","W36"],"mode":"bus","angle":-13.3,"extra":1,"ei":0,"l0":"B10, ","c0":"#9789ff","l1":"C12, ","c1":"#8e4604","l2":"C13, ","c2":"#52ac3c","l3":"C18, ","c3":"#fe6761","l4":"M10, ","c4":"#126804","l5":"S12, ","c5":"#a72d06","l6":"S12A, ","c6":"#ff627e","l7":"S14, ","c7":"#79a620","l8":"S16, ","c8":"#10a5d2","l9":"W09, ","c9":"#11a2e3","l10":"W11, ","c10":"#4d4aba","l11":"W36","c11":"#03636c"},"geometry":{"type":"Point","coordinates":[18.588097,49.949378]}},{"type":"Feature","properties":{"lines":"B10, C12, C13, C18, M10, S12, S12A, S14, S16, W09, W11, W36","arr":["B10","C12","C13","C18","M10","S12","S12A","S14","S16","W09","W11","W36"],"mode":"bus","angle":-33.8,"extra":1,"ei":1,"l0":"B10, ","c0":"#9789ff","l1":"C12, ","c1":"#8e4604","l2":"C13, ","c2":"#52ac3c","l3":"C18, ","c3":"#fe6761","l4":"M10, ","c4":"#126804","l5":"S12, ","c5":"#a72d06","l6":"S12A, ","c6":"#ff627e","l7":"S14, ","c7":"#79a620","l8":"S16, ","c8":"#10a5d2","l9":"W09, ","c9":"#11a2e3","l10":"W11, ","c10":"#4d4aba","l11":"W36","c11":"#03636c"},"geometry":{"type":"Point","coordinates":[18.585375,49.948691]}},{"type":"Feature","properties":{"lines":"B10, C12, C13, C18, M10, S12, S12A, S14, S16, W09, W11, W36","arr":["B10","C12","C13","C18","M10","S12","S12A","S14","S16","W09","W11","W36"],"mode":"bus","angle":-42,"extra":1,"ei":2,"l0":"B10, ","c0":"#9789ff","l1":"C12, ","c1":"#8e4604","l2":"C13, ","c2":"#52ac3c","l3":"C18, ","c3":"#fe6761","l4":"M10, ","c4":"#126804","l5":"S12, ","c5":"#a72d06","l6":"S12A, ","c6":"#ff627e","l7":"S14, ","c7":"#79a620","l8":"S16, ","c8":"#10a5d2","l9":"W09, ","c9":"#11a2e3","l10":"W11, ","c10":"#4d4aba","l11":"W36","c11":"#03636c"},"geometry":{"type":"Point","coordinates":[18.580958,49.946197]}},{"type":"Feature","properties":{"lines":"B10, C12, C13, C16, C18, M10, S12, S12A, S14, S15, W09, W11, W36","arr":["B10","C12","C13","C16","C18","M10","S12","S12A","S14","S15","W09","W11","W36"],"mode":"bus","angle":-42.5,"l0":"B10, ","c0":"#9789ff","l1":"C12, ","c1":"#8e4604","l2":"C13, ","c2":"#52ac3c","l3":"C16, ","c3":"#999f01","l4":"C18, ","c4":"#fe6761","l5":"M10, ","c5":"#126804","l6":"S12, ","c6":"#a72d06","l7":"S12A, ","c7":"#ff627e","l8":"S14, ","c8":"#79a620","l9":"S15, ","c9":"#5a5d02","l10":"W09, ","c10":"#11a2e3","l11":"W11, ","c11":"#4d4aba","l12":"W36","c12":"#03636c"},"geometry":{"type":"Point","coordinates":[18.577946,49.944358]}},{"type":"Feature","properties":{"lines":"B10, C12, C13, C16, C18, M10, R10, R11, S11, S12, S12A, S14, S15, W09, W11, W36","arr":["B10","C12","C13","C16","C18","M10","R10","R11","S11","S12","S12A","S14","S15","W09","W11","W36"],"mode":"bus","angle":-1.9,"l0":"B10, ","c0":"#9789ff","l1":"C12, ","c1":"#8e4604","l2":"C13, ","c2":"#52ac3c","l3":"C16, ","c3":"#999f01","l4":"C18, ","c4":"#fe6761","l5":"M10, ","c5":"#126804","l6":"R10, ","c6":"#b0045c","l7":"R11, ","c7":"#126804","l8":"S11, ","c8":"#05617d","l9":"S12, ","c9":"#a72d06","l10":"S12A, ","c10":"#ff627e","l11":"S14, ","c11":"#79a620","l12":"S15, ","c12":"#5a5d02","l13":"W09, ","c13":"#11a2e3","l14":"W11, ","c14":"#4d4aba","l15":"W36","c15":"#03636c"},"geometry":{"type":"Point","coordinates":[18.57596,49.94397]}},{"type":"Feature","properties":{"lines":"B10, C11, C12, C13, C16, C18, M10, R10, R11, S11, S12, S12A, S14, S15, W09, W11, W36","arr":["B10","C11","C12","C13","C16","C18","M10","R10","R11","S11","S12","S12A","S14","S15","W09","W11","W36"],"mode":"bus","angle":0.1,"l0":"B10, ","c0":"#9789ff","l1":"C11, ","c1":"#f661b9","l2":"C12, ","c2":"#8e4604","l3":"C13, ","c3":"#52ac3c","l4":"C16, ","c4":"#999f01","l5":"C18, ","c5":"#fe6761","l6":"M10, ","c6":"#126804","l7":"R10, ","c7":"#b0045c","l8":"R11, ","c8":"#126804","l9":"S11, ","c9":"#05617d","l10":"S12, ","c10":"#a72d06","l11":"S12A, ","c11":"#ff627e","l12":"S14, ","c12":"#79a620","l13":"S15, ","c13":"#5a5d02","l14":"W09, ","c14":"#11a2e3","l15":"W11, ","c15":"#4d4aba","l16":"W36","c16":"#03636c"},"geometry":{"type":"Point","coordinates":[18.572723,49.944095]}},{"type":"Feature","properties":{"lines":"B10, B11, C11, C12, C16, C18, M10, S11, S13, W09, W36","arr":["B10","B11","C11","C12","C16","C18","M10","S11","S13","W09","W36"],"mode":"bus","angle":-13.6,"l0":"B10, ","c0":"#9789ff","l1":"B11, ","c1":"#b11526","l2":"C11, ","c2":"#f661b9","l3":"C12, ","c3":"#8e4604","l4":"C16, ","c4":"#999f01","l5":"C18, ","c5":"#fe6761","l6":"M10, ","c6":"#126804","l7":"S11, ","c7":"#05617d","l8":"S13, ","c8":"#1cab97","l9":"W09, ","c9":"#11a2e3","l10":"W36","c10":"#03636c"},"geometry":{"type":"Point","coordinates":[18.571598,49.944038]}},{"type":"Feature","properties":{"lines":"W36, W52, W53, W59","arr":["W36","W52","W53","W59"],"mode":"bus","angle":-38,"mi":2,"l0":"W36, ","c0":"#03636c","l1":"W52, ","c1":"#02af5a","l2":"W53, ","c2":"#f57145","l3":"W59","c3":"#b20b42"},"geometry":{"type":"Point","coordinates":[18.460007,50.000818]}},{"type":"Feature","properties":{"lines":"W36, W52, W53, W59","arr":["W36","W52","W53","W59"],"mode":"bus","angle":-9.9,"l0":"W36, ","c0":"#03636c","l1":"W52, ","c1":"#02af5a","l2":"W53, ","c2":"#f57145","l3":"W59","c3":"#b20b42"},"geometry":{"type":"Point","coordinates":[18.462085,50.001135]}},{"type":"Feature","properties":{"lines":"W36, W52, W53, W59","arr":["W36","W52","W53","W59"],"mode":"bus","angle":76.7,"mi":1,"l0":"W36, ","c0":"#03636c","l1":"W52, ","c1":"#02af5a","l2":"W53, ","c2":"#f57145","l3":"W59","c3":"#b20b42"},"geometry":{"type":"Point","coordinates":[18.463495,50.001121]}},{"type":"Feature","properties":{"lines":"202, 203, 205, 206, 208, 209, W09, W10, W11, W36, W41, W42, W50, W51, W52","arr":["202","203","205","206","208","209","W09","W10","W11","W36","W41","W42","W50","W51","W52"],"mode":"bus","angle":-32.6,"side":-1,"mi":1,"l0":"202, ","c0":"#095d97","l1":"203, ","c1":"#f57145","l2":"205, ","c2":"#6895fc","l3":"206, ","c3":"#7c5001","l4":"208, ","c4":"#0357b2","l5":"209, ","c5":"#b11526","l6":"W09, ","c6":"#11a2e3","l7":"W10, ","c7":"#6b5806","l8":"W11, ","c8":"#4d4aba","l9":"W36, ","c9":"#03636c","l10":"W41, ","c10":"#b59607","l11":"W42, ","c11":"#fe6761","l12":"W50, ","c12":"#066559","l13":"W51, ","c13":"#7b3aa8","l14":"W52","c14":"#02af5a"},"geometry":{"type":"Point","coordinates":[18.468842,50.001325]}},{"type":"Feature","properties":{"lines":"202, 203, 205, 206, 208, 209, W09, W10, W11, W36, W41, W42, W50, W51, W52","arr":["202","203","205","206","208","209","W09","W10","W11","W36","W41","W42","W50","W51","W52"],"mode":"bus","angle":-50.9,"side":-1,"l0":"202, ","c0":"#095d97","l1":"203, ","c1":"#f57145","l2":"205, ","c2":"#6895fc","l3":"206, ","c3":"#7c5001","l4":"208, ","c4":"#0357b2","l5":"209, ","c5":"#b11526","l6":"W09, ","c6":"#11a2e3","l7":"W10, ","c7":"#6b5806","l8":"W11, ","c8":"#4d4aba","l9":"W36, ","c9":"#03636c","l10":"W41, ","c10":"#b59607","l11":"W42, ","c11":"#fe6761","l12":"W50, ","c12":"#066559","l13":"W51, ","c13":"#7b3aa8","l14":"W52","c14":"#02af5a"},"geometry":{"type":"Point","coordinates":[18.47147,50.002772]}},{"type":"Feature","properties":{"lines":"202, 203, 205, 206, 208, 209, 210, W10, W36, W41, W42, W50, W51, W52","arr":["202","203","205","206","208","209","210","W10","W36","W41","W42","W50","W51","W52"],"mode":"bus","angle":-65.6,"side":-1,"l0":"202, ","c0":"#095d97","l1":"203, ","c1":"#f57145","l2":"205, ","c2":"#6895fc","l3":"206, ","c3":"#7c5001","l4":"208, ","c4":"#0357b2","l5":"209, ","c5":"#b11526","l6":"210, ","c6":"#126804","l7":"W10, ","c7":"#6b5806","l8":"W36, ","c8":"#03636c","l9":"W41, ","c9":"#b59607","l10":"W42, ","c10":"#fe6761","l11":"W50, ","c11":"#066559","l12":"W51, ","c12":"#7b3aa8","l13":"W52","c13":"#02af5a"},"geometry":{"type":"Point","coordinates":[18.472367,50.003814]}},{"type":"Feature","properties":{"lines":"202, 203, 205, 206, 207, 208, 209, 210, W10, W36, W41, W42, W50, W51, W52","arr":["202","203","205","206","207","208","209","210","W10","W36","W41","W42","W50","W51","W52"],"mode":"bus","angle":-69.4,"side":-1,"l0":"202, ","c0":"#095d97","l1":"203, ","c1":"#f57145","l2":"205, ","c2":"#6895fc","l3":"206, ","c3":"#7c5001","l4":"207, ","c4":"#f661b9","l5":"208, ","c5":"#0357b2","l6":"209, ","c6":"#b11526","l7":"210, ","c7":"#126804","l8":"W10, ","c8":"#6b5806","l9":"W36, ","c9":"#03636c","l10":"W41, ","c10":"#b59607","l11":"W42, ","c11":"#fe6761","l12":"W50, ","c12":"#066559","l13":"W51, ","c13":"#7b3aa8","l14":"W52","c14":"#02af5a"},"geometry":{"type":"Point","coordinates":[18.473636,50.005847]}},{"type":"Feature","properties":{"lines":"W38, W50, W59","arr":["W38","W50","W59"],"mode":"bus","angle":51,"l0":"W38, ","c0":"#e47e2b","l1":"W50, ","c1":"#066559","l2":"W59","c2":"#b20b42"},"geometry":{"type":"Point","coordinates":[18.45981,49.996922]}},{"type":"Feature","properties":{"lines":"W38, W59","arr":["W38","W59"],"mode":"bus","angle":-17.4,"l0":"W38, ","c0":"#e47e2b","l1":"W59","c1":"#b20b42"},"geometry":{"type":"Point","coordinates":[18.472523,49.995038]}},{"type":"Feature","properties":{"lines":"W38, W59","arr":["W38","W59"],"mode":"bus","angle":11.4,"extra":1,"ei":0,"l0":"W38, ","c0":"#e47e2b","l1":"W59","c1":"#b20b42"},"geometry":{"type":"Point","coordinates":[18.462201,49.996003]}},{"type":"Feature","properties":{"lines":"W38, W59","arr":["W38","W59"],"mode":"bus","angle":-9.5,"extra":1,"ei":1,"l0":"W38, ","c0":"#e47e2b","l1":"W59","c1":"#b20b42"},"geometry":{"type":"Point","coordinates":[18.465081,49.995949]}},{"type":"Feature","properties":{"lines":"W38, W59","arr":["W38","W59"],"mode":"bus","angle":14.5,"extra":1,"ei":2,"l0":"W38, ","c0":"#e47e2b","l1":"W59","c1":"#b20b42"},"geometry":{"type":"Point","coordinates":[18.467964,49.995613]}},{"type":"Feature","properties":{"lines":"W38, W59","arr":["W38","W59"],"mode":"bus","angle":-8.1,"extra":1,"ei":3,"l0":"W38, ","c0":"#e47e2b","l1":"W59","c1":"#b20b42"},"geometry":{"type":"Point","coordinates":[18.476443,49.995668]}},{"type":"Feature","properties":{"lines":"W38, W59","arr":["W38","W59"],"mode":"bus","angle":1.2,"extra":1,"ei":4,"l0":"W38, ","c0":"#e47e2b","l1":"W59","c1":"#b20b42"},"geometry":{"type":"Point","coordinates":[18.47938,49.995724]}},{"type":"Feature","properties":{"lines":"W38, W59","arr":["W38","W59"],"mode":"bus","angle":0.5,"extra":1,"ei":5,"l0":"W38, ","c0":"#e47e2b","l1":"W59","c1":"#b20b42"},"geometry":{"type":"Point","coordinates":[18.482323,49.99568]}},{"type":"Feature","properties":{"lines":"W09, W10, W38, W59","arr":["W09","W10","W38","W59"],"mode":"bus","angle":31.6,"l0":"W09, ","c0":"#11a2e3","l1":"W10, ","c1":"#6b5806","l2":"W38, ","c2":"#e47e2b","l3":"W59","c3":"#b20b42"},"geometry":{"type":"Point","coordinates":[18.494431,49.990488]}},{"type":"Feature","properties":{"lines":"W09, W10, W38, W59","arr":["W09","W10","W38","W59"],"mode":"bus","angle":40.9,"extra":1,"ei":0,"l0":"W09, ","c0":"#11a2e3","l1":"W10, ","c1":"#6b5806","l2":"W38, ","c2":"#e47e2b","l3":"W59","c3":"#b20b42"},"geometry":{"type":"Point","coordinates":[18.485622,49.995116]}},{"type":"Feature","properties":{"lines":"W09, W10, W38, W59","arr":["W09","W10","W38","W59"],"mode":"bus","angle":41,"extra":1,"ei":1,"l0":"W09, ","c0":"#11a2e3","l1":"W10, ","c1":"#6b5806","l2":"W38, ","c2":"#e47e2b","l3":"W59","c3":"#b20b42"},"geometry":{"type":"Point","coordinates":[18.487839,49.993874]}},{"type":"Feature","properties":{"lines":"W09, W10, W38, W59","arr":["W09","W10","W38","W59"],"mode":"bus","angle":40.8,"extra":1,"ei":2,"l0":"W09, ","c0":"#11a2e3","l1":"W10, ","c1":"#6b5806","l2":"W38, ","c2":"#e47e2b","l3":"W59","c3":"#b20b42"},"geometry":{"type":"Point","coordinates":[18.490062,49.992635]}},{"type":"Feature","properties":{"lines":"W09, W10, W38, W59","arr":["W09","W10","W38","W59"],"mode":"bus","angle":40.2,"extra":1,"ei":3,"l0":"W09, ","c0":"#11a2e3","l1":"W10, ","c1":"#6b5806","l2":"W38, ","c2":"#e47e2b","l3":"W59","c3":"#b20b42"},"geometry":{"type":"Point","coordinates":[18.492284,49.991396]}},{"type":"Feature","properties":{"lines":"W09, W10, W38, W59","arr":["W09","W10","W38","W59"],"mode":"bus","angle":31.6,"extra":1,"ei":4,"l0":"W09, ","c0":"#11a2e3","l1":"W10, ","c1":"#6b5806","l2":"W38, ","c2":"#e47e2b","l3":"W59","c3":"#b20b42"},"geometry":{"type":"Point","coordinates":[18.497257,49.98938]}},{"type":"Feature","properties":{"lines":"W09, W10, W38, W59","arr":["W09","W10","W38","W59"],"mode":"bus","angle":31.5,"extra":1,"ei":5,"l0":"W09, ","c0":"#11a2e3","l1":"W10, ","c1":"#6b5806","l2":"W38, ","c2":"#e47e2b","l3":"W59","c3":"#b20b42"},"geometry":{"type":"Point","coordinates":[18.499766,49.988392]}},{"type":"Feature","properties":{"lines":"W09, W10, W38, W59","arr":["W09","W10","W38","W59"],"mode":"bus","angle":31.3,"extra":1,"ei":6,"l0":"W09, ","c0":"#11a2e3","l1":"W10, ","c1":"#6b5806","l2":"W38, ","c2":"#e47e2b","l3":"W59","c3":"#b20b42"},"geometry":{"type":"Point","coordinates":[18.502279,49.987409]}},{"type":"Feature","properties":{"lines":"W09, W10, W38, W59","arr":["W09","W10","W38","W59"],"mode":"bus","angle":34.9,"extra":1,"ei":7,"l0":"W09, ","c0":"#11a2e3","l1":"W10, ","c1":"#6b5806","l2":"W38, ","c2":"#e47e2b","l3":"W59","c3":"#b20b42"},"geometry":{"type":"Point","coordinates":[18.504732,49.986366]}},{"type":"Feature","properties":{"lines":"W09, W38","arr":["W09","W38"],"mode":"bus","angle":-57.6,"mi":2,"l0":"W09, ","c0":"#11a2e3","l1":"W38","c1":"#e47e2b"},"geometry":{"type":"Point","coordinates":[18.502445,49.978411]}},{"type":"Feature","properties":{"lines":"W09, W38","arr":["W09","W38"],"mode":"bus","angle":34.7,"side":-1,"mi":1,"l0":"W09, ","c0":"#11a2e3","l1":"W38","c1":"#e47e2b"},"geometry":{"type":"Point","coordinates":[18.505105,49.985885]}},{"type":"Feature","properties":{"lines":"W09, W38","arr":["W09","W38"],"mode":"bus","angle":86.9,"l0":"W09, ","c0":"#11a2e3","l1":"W38","c1":"#e47e2b"},"geometry":{"type":"Point","coordinates":[18.503773,49.982468]}},{"type":"Feature","properties":{"lines":"W09, W38","arr":["W09","W38"],"mode":"bus","angle":-73.6,"extra":1,"ei":0,"l0":"W09, ","c0":"#11a2e3","l1":"W38","c1":"#e47e2b"},"geometry":{"type":"Point","coordinates":[18.504667,49.98498]}},{"type":"Feature","properties":{"lines":"W09, W38","arr":["W09","W38"],"mode":"bus","angle":80.6,"extra":1,"ei":1,"l0":"W09, ","c0":"#11a2e3","l1":"W38","c1":"#e47e2b"},"geometry":{"type":"Point","coordinates":[18.504108,49.981301]}},{"type":"Feature","properties":{"lines":"W09, W38","arr":["W09","W38"],"mode":"bus","angle":-62.4,"extra":1,"ei":2,"l0":"W09, ","c0":"#11a2e3","l1":"W38","c1":"#e47e2b"},"geometry":{"type":"Point","coordinates":[18.503425,49.979514]}},{"type":"Feature","properties":{"lines":"W09, W50","arr":["W09","W50"],"mode":"bus","angle":-75.2,"mi":1,"l0":"W09, ","c0":"#11a2e3","l1":"W50","c1":"#066559"},"geometry":{"type":"Point","coordinates":[18.501074,49.977818]}},{"type":"Feature","properties":{"lines":"W38, W50, W51","arr":["W38","W50","W51"],"mode":"bus","angle":-79.4,"mi":1,"l0":"W38, ","c0":"#e47e2b","l1":"W50, ","c1":"#066559","l2":"W51","c2":"#7b3aa8"},"geometry":{"type":"Point","coordinates":[18.499979,49.975386]}},{"type":"Feature","properties":{"lines":"W38, W50, W51","arr":["W38","W50","W51"],"mode":"bus","angle":-62.9,"extra":1,"ei":0,"l0":"W38, ","c0":"#e47e2b","l1":"W50, ","c1":"#066559","l2":"W51","c2":"#7b3aa8"},"geometry":{"type":"Point","coordinates":[18.500744,49.976452]}},{"type":"Feature","properties":{"lines":"W38, W51","arr":["W38","W51"],"mode":"bus","angle":82.2,"l0":"W38, ","c0":"#e47e2b","l1":"W51","c1":"#7b3aa8"},"geometry":{"type":"Point","coordinates":[18.502822,49.969929]}},{"type":"Feature","properties":{"lines":"W38, W50, W51","arr":["W38","W50","W51"],"mode":"bus","angle":66.3,"l0":"W38, ","c0":"#e47e2b","l1":"W50, ","c1":"#066559","l2":"W51","c2":"#7b3aa8"},"geometry":{"type":"Point","coordinates":[18.502074,49.971851]}},{"type":"Feature","properties":{"lines":"W38","arr":["W38"],"mode":"bus","angle":-85,"mi":8,"l0":"W38","c0":"#e47e2b"},"geometry":{"type":"Point","coordinates":[18.50285,49.968267]}},{"type":"Feature","properties":{"lines":"W38","arr":["W38"],"mode":"bus","angle":-70.4,"mi":7,"l0":"W38","c0":"#e47e2b"},"geometry":{"type":"Point","coordinates":[18.50236,49.966035]}},{"type":"Feature","properties":{"lines":"W38","arr":["W38"],"mode":"bus","angle":-82.3,"l0":"W38","c0":"#e47e2b"},"geometry":{"type":"Point","coordinates":[18.486937,49.937048]}},{"type":"Feature","properties":{"lines":"W38","arr":["W38"],"mode":"bus","angle":-69.7,"mi":1,"l0":"W38","c0":"#e47e2b"},"geometry":{"type":"Point","coordinates":[18.496299,49.95845]}},{"type":"Feature","properties":{"lines":"W38","arr":["W38"],"mode":"bus","angle":-1.9,"l0":"W38","c0":"#e47e2b"},"geometry":{"type":"Point","coordinates":[18.492164,49.955172]}},{"type":"Feature","properties":{"lines":"W38","arr":["W38"],"mode":"bus","angle":-46.7,"extra":1,"ei":0,"l0":"W38","c0":"#e47e2b"},"geometry":{"type":"Point","coordinates":[18.500885,49.964609]}},{"type":"Feature","properties":{"lines":"W38","arr":["W38"],"mode":"bus","angle":-65.4,"extra":1,"ei":1,"l0":"W38","c0":"#e47e2b"},"geometry":{"type":"Point","coordinates":[18.499014,49.963166]}},{"type":"Feature","properties":{"lines":"W38","arr":["W38"],"mode":"bus","angle":-69.9,"extra":1,"ei":2,"l0":"W38","c0":"#e47e2b"},"geometry":{"type":"Point","coordinates":[18.497976,49.961399]}},{"type":"Feature","properties":{"lines":"W38","arr":["W38"],"mode":"bus","angle":-69.8,"extra":1,"ei":3,"l0":"W38","c0":"#e47e2b"},"geometry":{"type":"Point","coordinates":[18.49697,49.959624]}},{"type":"Feature","properties":{"lines":"W38","arr":["W38"],"mode":"bus","angle":-69.7,"extra":1,"ei":4,"l0":"W38","c0":"#e47e2b"},"geometry":{"type":"Point","coordinates":[18.494951,49.956076]}},{"type":"Feature","properties":{"lines":"W38","arr":["W38"],"mode":"bus","angle":-69.8,"extra":1,"ei":5,"l0":"W38","c0":"#e47e2b"},"geometry":{"type":"Point","coordinates":[18.493934,49.954304]}},{"type":"Feature","properties":{"lines":"W38","arr":["W38"],"mode":"bus","angle":-54.2,"extra":1,"ei":0,"l0":"W38","c0":"#e47e2b"},"geometry":{"type":"Point","coordinates":[18.491323,49.95004]}},{"type":"Feature","properties":{"lines":"W38","arr":["W38"],"mode":"bus","angle":-64.4,"extra":1,"ei":1,"l0":"W38","c0":"#e47e2b"},"geometry":{"type":"Point","coordinates":[18.489592,49.948556]}},{"type":"Feature","properties":{"lines":"W38","arr":["W38"],"mode":"bus","angle":-72.5,"extra":1,"ei":2,"l0":"W38","c0":"#e47e2b"},"geometry":{"type":"Point","coordinates":[18.488409,49.946831]}},{"type":"Feature","properties":{"lines":"W38","arr":["W38"],"mode":"bus","angle":79.8,"extra":1,"ei":3,"l0":"W38","c0":"#e47e2b"},"geometry":{"type":"Point","coordinates":[18.488462,49.944975]}},{"type":"Feature","properties":{"lines":"W38","arr":["W38"],"mode":"bus","angle":-78.4,"extra":1,"ei":4,"l0":"W38","c0":"#e47e2b"},"geometry":{"type":"Point","coordinates":[18.488231,49.943114]}},{"type":"Feature","properties":{"lines":"W38","arr":["W38"],"mode":"bus","angle":-78.7,"extra":1,"ei":5,"l0":"W38","c0":"#e47e2b"},"geometry":{"type":"Point","coordinates":[18.487653,49.941262]}},{"type":"Feature","properties":{"lines":"W38","arr":["W38"],"mode":"bus","angle":-86.2,"extra":1,"ei":6,"l0":"W38","c0":"#e47e2b"},"geometry":{"type":"Point","coordinates":[18.487352,49.939387]}},{"type":"Feature","properties":{"lines":"W38","arr":["W38"],"mode":"bus","angle":-82,"extra":1,"ei":7,"l0":"W38","c0":"#e47e2b"},"geometry":{"type":"Point","coordinates":[18.486637,49.935639]}},{"type":"Feature","properties":{"lines":"W38","arr":["W38"],"mode":"bus","angle":-81.4,"extra":1,"ei":8,"l0":"W38","c0":"#e47e2b"},"geometry":{"type":"Point","coordinates":[18.486211,49.93377]}},{"type":"Feature","properties":{"lines":"W38","arr":["W38"],"mode":"bus","angle":75.7,"extra":1,"ei":9,"l0":"W38","c0":"#e47e2b"},"geometry":{"type":"Point","coordinates":[18.486307,49.931914]}},{"type":"Feature","properties":{"lines":"W38","arr":["W38"],"mode":"bus","angle":-55.1,"extra":1,"ei":10,"l0":"W38","c0":"#e47e2b"},"geometry":{"type":"Point","coordinates":[18.486338,49.930094]}},{"type":"Feature","properties":{"lines":"W38","arr":["W38"],"mode":"bus","angle":-51.2,"extra":1,"ei":11,"l0":"W38","c0":"#e47e2b"},"geometry":{"type":"Point","coordinates":[18.484428,49.928659]}},{"type":"Feature","properties":{"lines":"W38","arr":["W38"],"mode":"bus","angle":-47.4,"extra":1,"ei":12,"l0":"W38","c0":"#e47e2b"},"geometry":{"type":"Point","coordinates":[18.482535,49.927213]}},{"type":"Feature","properties":{"lines":"W38","arr":["W38"],"mode":"bus","angle":-40.6,"extra":1,"ei":13,"l0":"W38","c0":"#e47e2b"},"geometry":{"type":"Point","coordinates":[18.480347,49.925953]}},{"type":"Feature","properties":{"lines":"W38","arr":["W38"],"mode":"bus","angle":42.6,"mi":3,"l0":"W38","c0":"#e47e2b"},"geometry":{"type":"Point","coordinates":[18.483822,49.955394]}},{"type":"Feature","properties":{"lines":"W38","arr":["W38"],"mode":"bus","angle":5,"extra":1,"ei":0,"l0":"W38","c0":"#e47e2b"},"geometry":{"type":"Point","coordinates":[18.488429,49.954247]}},{"type":"Feature","properties":{"lines":"W38","arr":["W38"],"mode":"bus","angle":25.9,"extra":1,"ei":1,"l0":"W38","c0":"#e47e2b"},"geometry":{"type":"Point","coordinates":[18.485628,49.954742]}},{"type":"Feature","properties":{"lines":"W38","arr":["W38"],"mode":"bus","angle":17.6,"extra":1,"ei":2,"l0":"W38","c0":"#e47e2b"},"geometry":{"type":"Point","coordinates":[18.480907,49.956757]}},{"type":"Feature","properties":{"lines":"W38","arr":["W38"],"mode":"bus","angle":-38,"mi":6,"l0":"W38","c0":"#e47e2b"},"geometry":{"type":"Point","coordinates":[18.47732,49.957311]}},{"type":"Feature","properties":{"lines":"W38","arr":["W38"],"mode":"bus","angle":-88.8,"mi":2,"l0":"W38","c0":"#e47e2b"},"geometry":{"type":"Point","coordinates":[18.488317,49.952571]}},{"type":"Feature","properties":{"lines":"W38","arr":["W38"],"mode":"bus","angle":30.9,"mi":4,"l0":"W38","c0":"#e47e2b"},"geometry":{"type":"Point","coordinates":[18.490005,49.951141]}},{"type":"Feature","properties":{"lines":"W38","arr":["W38"],"mode":"bus","angle":63.4,"l0":"W38","c0":"#e47e2b"},"geometry":{"type":"Point","coordinates":[18.50322,49.907829]}},{"type":"Feature","properties":{"lines":"W38","arr":["W38"],"mode":"bus","angle":72.1,"extra":1,"ei":0,"l0":"W38","c0":"#e47e2b"},"geometry":{"type":"Point","coordinates":[18.501681,49.910559]}},{"type":"Feature","properties":{"lines":"W38","arr":["W38"],"mode":"bus","angle":70.2,"extra":1,"ei":1,"l0":"W38","c0":"#e47e2b"},"geometry":{"type":"Point","coordinates":[18.504871,49.905287]}},{"type":"Feature","properties":{"lines":"W38","arr":["W38"],"mode":"bus","angle":32.4,"mi":5,"l0":"W38","c0":"#e47e2b"},"geometry":{"type":"Point","coordinates":[18.489521,49.950404]}},{"type":"Feature","properties":{"lines":"201, 203, 208, 209, W10, W41, W52","arr":["201","203","208","209","W10","W41","W52"],"mode":"bus","angle":70.7,"l0":"201, ","c0":"#1da8b6","l1":"203, ","c1":"#f57145","l2":"208, ","c2":"#0357b2","l3":"209, ","c3":"#b11526","l4":"W10, ","c4":"#6b5806","l5":"W41, ","c5":"#b59607","l6":"W52","c6":"#02af5a"},"geometry":{"type":"Point","coordinates":[18.474736,50.010269]}},{"type":"Feature","properties":{"lines":"202, W41, W52","arr":["202","W41","W52"],"mode":"bus","angle":-8.4,"l0":"202, ","c0":"#095d97","l1":"W41, ","c1":"#b59607","l2":"W52","c2":"#02af5a"},"geometry":{"type":"Point","coordinates":[18.469424,50.01238]}},{"type":"Feature","properties":{"lines":"202, W41, W52","arr":["202","W41","W52"],"mode":"bus","angle":-4,"extra":1,"ei":0,"l0":"202, ","c0":"#095d97","l1":"W41, ","c1":"#b59607","l2":"W52","c2":"#02af5a"},"geometry":{"type":"Point","coordinates":[18.472894,50.012627]}},{"type":"Feature","properties":{"lines":"202, W41, W52","arr":["202","W41","W52"],"mode":"bus","angle":-42.8,"extra":1,"ei":1,"l0":"202, ","c0":"#095d97","l1":"W41, ","c1":"#b59607","l2":"W52","c2":"#02af5a"},"geometry":{"type":"Point","coordinates":[18.467304,50.011747]}},{"type":"Feature","properties":{"lines":"202, 205, 206, 207, W41, W50, W51, W52","arr":["202","205","206","207","W41","W50","W51","W52"],"mode":"bus","angle":-20.6,"l0":"202, ","c0":"#095d97","l1":"205, ","c1":"#6895fc","l2":"206, ","c2":"#7c5001","l3":"207, ","c3":"#f661b9","l4":"W41, ","c4":"#b59607","l5":"W50, ","c5":"#066559","l6":"W51, ","c6":"#7b3aa8","l7":"W52","c7":"#02af5a"},"geometry":{"type":"Point","coordinates":[18.462165,50.010333]}},{"type":"Feature","properties":{"lines":"202, 207, W41, W42, W59","arr":["202","207","W41","W42","W59"],"mode":"bus","angle":-40,"l0":"202, ","c0":"#095d97","l1":"207, ","c1":"#f661b9","l2":"W41, ","c2":"#b59607","l3":"W42, ","c3":"#fe6761","l4":"W59","c4":"#b20b42"},"geometry":{"type":"Point","coordinates":[18.44792,50.006627]}},{"type":"Feature","properties":{"lines":"202, W41, W42, W59","arr":["202","W41","W42","W59"],"mode":"bus","angle":-22.1,"l0":"202, ","c0":"#095d97","l1":"W41, ","c1":"#b59607","l2":"W42, ","c2":"#fe6761","l3":"W59","c3":"#b20b42"},"geometry":{"type":"Point","coordinates":[18.453566,50.008193]}},{"type":"Feature","properties":{"lines":"202, W41, W42, W59","arr":["202","W41","W42","W59"],"mode":"bus","angle":-21.5,"extra":1,"ei":0,"l0":"202, ","c0":"#095d97","l1":"W41, ","c1":"#b59607","l2":"W42, ","c2":"#fe6761","l3":"W59","c3":"#b20b42"},"geometry":{"type":"Point","coordinates":[18.457545,50.009217]}},{"type":"Feature","properties":{"lines":"202, W41, W42, W59","arr":["202","W41","W42","W59"],"mode":"bus","angle":-22.4,"extra":1,"ei":1,"l0":"202, ","c0":"#095d97","l1":"W41, ","c1":"#b59607","l2":"W42, ","c2":"#fe6761","l3":"W59","c3":"#b20b42"},"geometry":{"type":"Point","coordinates":[18.449354,50.007097]}},{"type":"Feature","properties":{"lines":"201, 202, 204, 210, W41, W42","arr":["201","202","204","210","W41","W42"],"mode":"bus","angle":42,"l0":"201, ","c0":"#1da8b6","l1":"202, ","c1":"#095d97","l2":"204, ","c2":"#992492","l3":"210, ","c3":"#126804","l4":"W41, ","c4":"#b59607","l5":"W42","c5":"#fe6761"},"geometry":{"type":"Point","coordinates":[18.442174,50.009309]}},{"type":"Feature","properties":{"lines":"201, 202, 204, 210, W41, W42","arr":["201","202","204","210","W41","W42"],"mode":"bus","angle":32.8,"extra":1,"ei":0,"l0":"201, ","c0":"#1da8b6","l1":"202, ","c1":"#095d97","l2":"204, ","c2":"#992492","l3":"210, ","c3":"#126804","l4":"W41, ","c4":"#b59607","l5":"W42","c5":"#fe6761"},"geometry":{"type":"Point","coordinates":[18.437923,50.011674]}},{"type":"Feature","properties":{"lines":"201, 202, 204, 210, W41, W42","arr":["201","202","204","210","W41","W42"],"mode":"bus","angle":41.4,"extra":1,"ei":1,"l0":"201, ","c0":"#1da8b6","l1":"202, ","c1":"#095d97","l2":"204, ","c2":"#992492","l3":"210, ","c3":"#126804","l4":"W41, ","c4":"#b59607","l5":"W42","c5":"#fe6761"},"geometry":{"type":"Point","coordinates":[18.440175,50.010461]}},{"type":"Feature","properties":{"lines":"201, 202, 204, 210, W41, W42","arr":["201","202","204","210","W41","W42"],"mode":"bus","angle":41.6,"extra":1,"ei":2,"l0":"201, ","c0":"#1da8b6","l1":"202, ","c1":"#095d97","l2":"204, ","c2":"#992492","l3":"210, ","c3":"#126804","l4":"W41, ","c4":"#b59607","l5":"W42","c5":"#fe6761"},"geometry":{"type":"Point","coordinates":[18.444564,50.007943]}},{"type":"Feature","properties":{"lines":"201, 202, 204, 210, W41, W42","arr":["201","202","204","210","W41","W42"],"mode":"bus","angle":41.9,"extra":1,"ei":3,"l0":"201, ","c0":"#1da8b6","l1":"202, ","c1":"#095d97","l2":"204, ","c2":"#992492","l3":"210, ","c3":"#126804","l4":"W41, ","c4":"#b59607","l5":"W42","c5":"#fe6761"},"geometry":{"type":"Point","coordinates":[18.446762,50.006687]}},{"type":"Feature","properties":{"lines":"201, 202, 204, 210, W41, W42, W50, W52","arr":["201","202","204","210","W41","W42","W50","W52"],"mode":"bus","angle":-2.3,"l0":"201, ","c0":"#1da8b6","l1":"202, ","c1":"#095d97","l2":"204, ","c2":"#992492","l3":"210, ","c3":"#126804","l4":"W41, ","c4":"#b59607","l5":"W42, ","c5":"#fe6761","l6":"W50, ","c6":"#066559","l7":"W52","c7":"#02af5a"},"geometry":{"type":"Point","coordinates":[18.426035,50.012111]}},{"type":"Feature","properties":{"lines":"201, 202, 204, 210, W41, W42, W50, W52","arr":["201","202","204","210","W41","W42","W50","W52"],"mode":"bus","angle":2.2,"extra":1,"ei":0,"l0":"201, ","c0":"#1da8b6","l1":"202, ","c1":"#095d97","l2":"204, ","c2":"#992492","l3":"210, ","c3":"#126804","l4":"W41, ","c4":"#b59607","l5":"W42, ","c5":"#fe6761","l6":"W50, ","c6":"#066559","l7":"W52","c7":"#02af5a"},"geometry":{"type":"Point","coordinates":[18.435183,50.012302]}},{"type":"Feature","properties":{"lines":"201, 202, 204, 210, W41, W42, W50, W52","arr":["201","202","204","210","W41","W42","W50","W52"],"mode":"bus","angle":-2,"extra":1,"ei":1,"l0":"201, ","c0":"#1da8b6","l1":"202, ","c1":"#095d97","l2":"204, ","c2":"#992492","l3":"210, ","c3":"#126804","l4":"W41, ","c4":"#b59607","l5":"W42, ","c5":"#fe6761","l6":"W50, ","c6":"#066559","l7":"W52","c7":"#02af5a"},"geometry":{"type":"Point","coordinates":[18.43224,50.012258]}},{"type":"Feature","properties":{"lines":"201, 202, 204, 210, W41, W42, W50, W52","arr":["201","202","204","210","W41","W42","W50","W52"],"mode":"bus","angle":-2,"extra":1,"ei":2,"l0":"201, ","c0":"#1da8b6","l1":"202, ","c1":"#095d97","l2":"204, ","c2":"#992492","l3":"210, ","c3":"#126804","l4":"W41, ","c4":"#b59607","l5":"W42, ","c5":"#fe6761","l6":"W50, ","c6":"#066559","l7":"W52","c7":"#02af5a"},"geometry":{"type":"Point","coordinates":[18.429298,50.012191]}},{"type":"Feature","properties":{"lines":"201, 202, 204, 210, W41, W42, W50, W52","arr":["201","202","204","210","W41","W42","W50","W52"],"mode":"bus","angle":0.1,"extra":1,"ei":3,"l0":"201, ","c0":"#1da8b6","l1":"202, ","c1":"#095d97","l2":"204, ","c2":"#992492","l3":"210, ","c3":"#126804","l4":"W41, ","c4":"#b59607","l5":"W42, ","c5":"#fe6761","l6":"W50, ","c6":"#066559","l7":"W52","c7":"#02af5a"},"geometry":{"type":"Point","coordinates":[18.423414,50.012058]}},{"type":"Feature","properties":{"lines":"201, 202, 204, 210, W41, W42, W50, W52","arr":["201","202","204","210","W41","W42","W50","W52"],"mode":"bus","angle":27.8,"extra":1,"ei":4,"l0":"201, ","c0":"#1da8b6","l1":"202, ","c1":"#095d97","l2":"204, ","c2":"#992492","l3":"210, ","c3":"#126804","l4":"W41, ","c4":"#b59607","l5":"W42, ","c5":"#fe6761","l6":"W50, ","c6":"#066559","l7":"W52","c7":"#02af5a"},"geometry":{"type":"Point","coordinates":[18.420576,50.012467]}},{"type":"Feature","properties":{"lines":"201, 202, 204, 210, W41, W42, W50, W52","arr":["201","202","204","210","W41","W42","W50","W52"],"mode":"bus","angle":28.7,"extra":1,"ei":5,"l0":"201, ","c0":"#1da8b6","l1":"202, ","c1":"#095d97","l2":"204, ","c2":"#992492","l3":"210, ","c3":"#126804","l4":"W41, ","c4":"#b59607","l5":"W42, ","c5":"#fe6761","l6":"W50, ","c6":"#066559","l7":"W52","c7":"#02af5a"},"geometry":{"type":"Point","coordinates":[18.418007,50.013389]}},{"type":"Feature","properties":{"lines":"201, 202, 204, 210, W41, W50, W52","arr":["201","202","204","210","W41","W50","W52"],"mode":"bus","angle":29.6,"l0":"201, ","c0":"#1da8b6","l1":"202, ","c1":"#095d97","l2":"204, ","c2":"#992492","l3":"210, ","c3":"#126804","l4":"W41, ","c4":"#b59607","l5":"W50, ","c5":"#066559","l6":"W52","c6":"#02af5a"},"geometry":{"type":"Point","coordinates":[18.415832,50.01417]}},{"type":"Feature","properties":{"lines":"W41, W50","arr":["W41","W50"],"mode":"bus","angle":-34.8,"l0":"W41, ","c0":"#b59607","l1":"W50","c1":"#066559"},"geometry":{"type":"Point","coordinates":[18.411756,50.011794]}},{"type":"Feature","properties":{"lines":"W41, W50","arr":["W41","W50"],"mode":"bus","angle":6.7,"extra":1,"ei":0,"l0":"W41, ","c0":"#b59607","l1":"W50","c1":"#066559"},"geometry":{"type":"Point","coordinates":[18.408124,50.011096]}},{"type":"Feature","properties":{"lines":"W41, W50","arr":["W41","W50"],"mode":"bus","angle":-45.4,"extra":1,"ei":1,"l0":"W41, ","c0":"#b59607","l1":"W50","c1":"#066559"},"geometry":{"type":"Point","coordinates":[18.413241,50.012545]}},{"type":"Feature","properties":{"lines":"W41, W50","arr":["W41","W50"],"mode":"bus","angle":-46.1,"extra":1,"ei":2,"l0":"W41, ","c0":"#b59607","l1":"W50","c1":"#066559"},"geometry":{"type":"Point","coordinates":[18.415208,50.013947]}},{"type":"Feature","properties":{"lines":"W41, W42","arr":["W41","W42"],"mode":"bus","angle":5.6,"l0":"W41, ","c0":"#b59607","l1":"W42","c1":"#fe6761"},"geometry":{"type":"Point","coordinates":[18.391933,50.012502]}},{"type":"Feature","properties":{"lines":"W41, W42","arr":["W41","W42"],"mode":"bus","angle":30,"mi":3,"l0":"W41, ","c0":"#b59607","l1":"W42","c1":"#fe6761"},"geometry":{"type":"Point","coordinates":[18.36029,50.017546]}},{"type":"Feature","properties":{"lines":"W41, W42","arr":["W41","W42"],"mode":"bus","angle":7.8,"extra":1,"ei":0,"l0":"W41, ","c0":"#b59607","l1":"W42","c1":"#fe6761"},"geometry":{"type":"Point","coordinates":[18.405204,50.011337]}},{"type":"Feature","properties":{"lines":"W41, W42","arr":["W41","W42"],"mode":"bus","angle":8.2,"extra":1,"ei":1,"l0":"W41, ","c0":"#b59607","l1":"W42","c1":"#fe6761"},"geometry":{"type":"Point","coordinates":[18.402288,50.011596]}},{"type":"Feature","properties":{"lines":"W41, W42","arr":["W41","W42"],"mode":"bus","angle":8.2,"extra":1,"ei":2,"l0":"W41, ","c0":"#b59607","l1":"W42","c1":"#fe6761"},"geometry":{"type":"Point","coordinates":[18.399375,50.01187]}},{"type":"Feature","properties":{"lines":"W41, W42","arr":["W41","W42"],"mode":"bus","angle":8.1,"extra":1,"ei":3,"l0":"W41, ","c0":"#b59607","l1":"W42","c1":"#fe6761"},"geometry":{"type":"Point","coordinates":[18.39646,50.012137]}},{"type":"Feature","properties":{"lines":"W41, W42","arr":["W41","W42"],"mode":"bus","angle":5.7,"extra":1,"ei":4,"l0":"W41, ","c0":"#b59607","l1":"W42","c1":"#fe6761"},"geometry":{"type":"Point","coordinates":[18.387685,50.012771]}},{"type":"Feature","properties":{"lines":"W41, W42","arr":["W41","W42"],"mode":"bus","angle":5.6,"extra":1,"ei":5,"l0":"W41, ","c0":"#b59607","l1":"W42","c1":"#fe6761"},"geometry":{"type":"Point","coordinates":[18.384756,50.012958]}},{"type":"Feature","properties":{"lines":"W41, W42","arr":["W41","W42"],"mode":"bus","angle":5.6,"extra":1,"ei":6,"l0":"W41, ","c0":"#b59607","l1":"W42","c1":"#fe6761"},"geometry":{"type":"Point","coordinates":[18.381825,50.013141]}},{"type":"Feature","properties":{"lines":"W41, W42","arr":["W41","W42"],"mode":"bus","angle":5.7,"extra":1,"ei":7,"l0":"W41, ","c0":"#b59607","l1":"W42","c1":"#fe6761"},"geometry":{"type":"Point","coordinates":[18.378896,50.013328]}},{"type":"Feature","properties":{"lines":"W41, W42, W52","arr":["W41","W42","W52"],"mode":"bus","angle":20.2,"l0":"W41, ","c0":"#b59607","l1":"W42, ","c1":"#fe6761","l2":"W52","c2":"#02af5a"},"geometry":{"type":"Point","coordinates":[18.369616,50.014225]}},{"type":"Feature","properties":{"lines":"W41, W42, W52","arr":["W41","W42","W52"],"mode":"bus","angle":5.7,"extra":1,"ei":0,"l0":"W41, ","c0":"#b59607","l1":"W42, ","c1":"#fe6761","l2":"W52","c2":"#02af5a"},"geometry":{"type":"Point","coordinates":[18.375671,50.013526]}},{"type":"Feature","properties":{"lines":"W41, W42, W52","arr":["W41","W42","W52"],"mode":"bus","angle":7.5,"extra":1,"ei":1,"l0":"W41, ","c0":"#b59607","l1":"W42, ","c1":"#fe6761","l2":"W52","c2":"#02af5a"},"geometry":{"type":"Point","coordinates":[18.372743,50.013721]}},{"type":"Feature","properties":{"lines":"W41, W42, W52","arr":["W41","W42","W52"],"mode":"bus","angle":30,"extra":1,"ei":2,"l0":"W41, ","c0":"#b59607","l1":"W42, ","c1":"#fe6761","l2":"W52","c2":"#02af5a"},"geometry":{"type":"Point","coordinates":[18.367236,50.014975]}},{"type":"Feature","properties":{"lines":"W41, W42, W52","arr":["W41","W42","W52"],"mode":"bus","angle":30.2,"extra":1,"ei":3,"l0":"W41, ","c0":"#b59607","l1":"W42, ","c1":"#fe6761","l2":"W52","c2":"#02af5a"},"geometry":{"type":"Point","coordinates":[18.364691,50.015925]}},{"type":"Feature","properties":{"lines":"W41, W42","arr":["W41","W42"],"mode":"bus","angle":-7.1,"l0":"W41, ","c0":"#b59607","l1":"W42","c1":"#fe6761"},"geometry":{"type":"Point","coordinates":[18.347287,50.019773]}},{"type":"Feature","properties":{"lines":"W41, W42","arr":["W41","W42"],"mode":"bus","angle":30.2,"mi":2,"l0":"W41, ","c0":"#b59607","l1":"W42","c1":"#fe6761"},"geometry":{"type":"Point","coordinates":[18.356989,50.018788]}},{"type":"Feature","properties":{"lines":"W41, W42","arr":["W41","W42"],"mode":"bus","angle":-32,"mi":1,"l0":"W41, ","c0":"#b59607","l1":"W42","c1":"#fe6761"},"geometry":{"type":"Point","coordinates":[18.343709,50.018814]}},{"type":"Feature","properties":{"lines":"W41","arr":["W41"],"mode":"bus","angle":9.3,"mi":1,"l0":"W41","c0":"#b59607"},"geometry":{"type":"Point","coordinates":[18.352834,50.02013]}},{"type":"Feature","properties":{"lines":"W41","arr":["W41"],"mode":"bus","angle":-38.4,"l0":"W41","c0":"#b59607"},"geometry":{"type":"Point","coordinates":[18.344763,50.019297]}},{"type":"Feature","properties":{"lines":"W41","arr":["W41"],"mode":"bus","angle":31.6,"extra":1,"ei":0,"l0":"W41","c0":"#b59607"},"geometry":{"type":"Point","coordinates":[18.355027,50.019521]}},{"type":"Feature","properties":{"lines":"W41","arr":["W41"],"mode":"bus","angle":-7.8,"extra":1,"ei":1,"l0":"W41","c0":"#b59607"},"geometry":{"type":"Point","coordinates":[18.349376,50.019963]}},{"type":"Feature","properties":{"lines":"W41, W42","arr":["W41","W42"],"mode":"bus","angle":41,"mi":4,"l0":"W41, ","c0":"#b59607","l1":"W42","c1":"#fe6761"},"geometry":{"type":"Point","coordinates":[18.338044,50.021853]}},{"type":"Feature","properties":{"lines":"W41, W42","arr":["W41","W42"],"mode":"bus","angle":40.5,"extra":1,"ei":0,"l0":"W41, ","c0":"#b59607","l1":"W42","c1":"#fe6761"},"geometry":{"type":"Point","coordinates":[18.333587,50.024302]}},{"type":"Feature","properties":{"lines":"W41, W42","arr":["W41","W42"],"mode":"bus","angle":40.5,"extra":1,"ei":1,"l0":"W41, ","c0":"#b59607","l1":"W42","c1":"#fe6761"},"geometry":{"type":"Point","coordinates":[18.335828,50.023077]}},{"type":"Feature","properties":{"lines":"W41, W42","arr":["W41","W42"],"mode":"bus","angle":39.8,"extra":1,"ei":2,"l0":"W41, ","c0":"#b59607","l1":"W42","c1":"#fe6761"},"geometry":{"type":"Point","coordinates":[18.340291,50.020614]}},{"type":"Feature","properties":{"lines":"W41, W42","arr":["W41","W42"],"mode":"bus","angle":40.7,"extra":1,"ei":3,"l0":"W41, ","c0":"#b59607","l1":"W42","c1":"#fe6761"},"geometry":{"type":"Point","coordinates":[18.342543,50.019398]}},{"type":"Feature","properties":{"lines":"W41","arr":["W41"],"mode":"bus","angle":-21,"mi":3,"l0":"W41","c0":"#b59607"},"geometry":{"type":"Point","coordinates":[18.328408,50.02388]}},{"type":"Feature","properties":{"lines":"W41","arr":["W41"],"mode":"bus","angle":-21.3,"extra":1,"ei":0,"l0":"W41","c0":"#b59607"},"geometry":{"type":"Point","coordinates":[18.325705,50.023209]}},{"type":"Feature","properties":{"lines":"W41","arr":["W41"],"mode":"bus","angle":-21.4,"extra":1,"ei":1,"l0":"W41","c0":"#b59607"},"geometry":{"type":"Point","coordinates":[18.331195,50.024575]}},{"type":"Feature","properties":{"lines":"W41","arr":["W41"],"mode":"bus","angle":60.4,"mi":1,"l0":"W41","c0":"#b59607"},"geometry":{"type":"Point","coordinates":[18.321504,50.026071]}},{"type":"Feature","properties":{"lines":"W41","arr":["W41"],"mode":"bus","angle":60.5,"extra":1,"ei":0,"l0":"W41","c0":"#b59607"},"geometry":{"type":"Point","coordinates":[18.323605,50.023696]}},{"type":"Feature","properties":{"lines":"W41","arr":["W41"],"mode":"bus","angle":60.4,"extra":1,"ei":1,"l0":"W41","c0":"#b59607"},"geometry":{"type":"Point","coordinates":[18.319242,50.028623]}},{"type":"Feature","properties":{"lines":"W41","arr":["W41"],"mode":"bus","angle":59.9,"l0":"W41","c0":"#b59607"},"geometry":{"type":"Point","coordinates":[18.318325,50.029675]}},{"type":"Feature","properties":{"lines":"W41","arr":["W41"],"mode":"bus","angle":62.4,"mi":2,"l0":"W41","c0":"#b59607"},"geometry":{"type":"Point","coordinates":[18.313504,50.035209]}},{"type":"Feature","properties":{"lines":"W41","arr":["W41"],"mode":"bus","angle":60.6,"extra":1,"ei":0,"l0":"W41","c0":"#b59607"},"geometry":{"type":"Point","coordinates":[18.317296,50.030908]}},{"type":"Feature","properties":{"lines":"W41","arr":["W41"],"mode":"bus","angle":60.6,"extra":1,"ei":1,"l0":"W41","c0":"#b59607"},"geometry":{"type":"Point","coordinates":[18.31584,50.032549]}},{"type":"Feature","properties":{"lines":"W41","arr":["W41"],"mode":"bus","angle":48.6,"extra":1,"ei":2,"l0":"W41","c0":"#b59607"},"geometry":{"type":"Point","coordinates":[18.311931,50.037604]}},{"type":"Feature","properties":{"lines":"W41","arr":["W41"],"mode":"bus","angle":53.2,"extra":1,"ei":3,"l0":"W41","c0":"#b59607"},"geometry":{"type":"Point","coordinates":[18.310082,50.039067]}},{"type":"Feature","properties":{"lines":"W41","arr":["W41"],"mode":"bus","angle":-37.2,"mi":4,"l0":"W41","c0":"#b59607"},"geometry":{"type":"Point","coordinates":[18.30485,50.037925]}},{"type":"Feature","properties":{"lines":"W41","arr":["W41"],"mode":"bus","angle":-44.5,"extra":1,"ei":0,"l0":"W41","c0":"#b59607"},"geometry":{"type":"Point","coordinates":[18.307244,50.039722]}},{"type":"Feature","properties":{"lines":"W41","arr":["W41"],"mode":"bus","angle":-50.8,"extra":1,"ei":1,"l0":"W41","c0":"#b59607"},"geometry":{"type":"Point","coordinates":[18.303349,50.036953]}},{"type":"Feature","properties":{"lines":"W41","arr":["W41"],"mode":"bus","angle":-71.1,"extra":1,"ei":2,"l0":"W41","c0":"#b59607"},"geometry":{"type":"Point","coordinates":[18.301773,50.035377]}},{"type":"Feature","properties":{"lines":"W41","arr":["W41"],"mode":"bus","angle":38.1,"l0":"W41","c0":"#b59607"},"geometry":{"type":"Point","coordinates":[18.289236,50.040848]}},{"type":"Feature","properties":{"lines":"W41","arr":["W41"],"mode":"bus","angle":33.7,"extra":1,"ei":0,"l0":"W41","c0":"#b59607"},"geometry":{"type":"Point","coordinates":[18.300118,50.035664]}},{"type":"Feature","properties":{"lines":"W41","arr":["W41"],"mode":"bus","angle":43.7,"extra":1,"ei":1,"l0":"W41","c0":"#b59607"},"geometry":{"type":"Point","coordinates":[18.297895,50.036895]}},{"type":"Feature","properties":{"lines":"W41","arr":["W41"],"mode":"bus","angle":35.5,"extra":1,"ei":2,"l0":"W41","c0":"#b59607"},"geometry":{"type":"Point","coordinates":[18.295629,50.038094]}},{"type":"Feature","properties":{"lines":"W41","arr":["W41"],"mode":"bus","angle":33.3,"extra":1,"ei":3,"l0":"W41","c0":"#b59607"},"geometry":{"type":"Point","coordinates":[18.293206,50.039166]}},{"type":"Feature","properties":{"lines":"W41","arr":["W41"],"mode":"bus","angle":72.9,"extra":1,"ei":4,"l0":"W41","c0":"#b59607"},"geometry":{"type":"Point","coordinates":[18.28759,50.043189]}},{"type":"Feature","properties":{"lines":"W41","arr":["W41"],"mode":"bus","angle":71.6,"extra":1,"ei":5,"l0":"W41","c0":"#b59607"},"geometry":{"type":"Point","coordinates":[18.286661,50.044981]}},{"type":"Feature","properties":{"lines":"W41","arr":["W41"],"mode":"bus","angle":57,"extra":1,"ei":6,"l0":"W41","c0":"#b59607"},"geometry":{"type":"Point","coordinates":[18.2854,50.046677]}},{"type":"Feature","properties":{"lines":"W41","arr":["W41"],"mode":"bus","angle":55.5,"extra":1,"ei":7,"l0":"W41","c0":"#b59607"},"geometry":{"type":"Point","coordinates":[18.283735,50.048235]}},{"type":"Feature","properties":{"lines":"W41","arr":["W41"],"mode":"bus","angle":79.6,"l0":"W41","c0":"#b59607"},"geometry":{"type":"Point","coordinates":[18.265159,50.067389]}},{"type":"Feature","properties":{"lines":"W41","arr":["W41"],"mode":"bus","angle":55.9,"extra":1,"ei":0,"l0":"W41","c0":"#b59607"},"geometry":{"type":"Point","coordinates":[18.28169,50.050156]}},{"type":"Feature","properties":{"lines":"W41","arr":["W41"],"mode":"bus","angle":55.8,"extra":1,"ei":1,"l0":"W41","c0":"#b59607"},"geometry":{"type":"Point","coordinates":[18.280036,50.051718]}},{"type":"Feature","properties":{"lines":"W41","arr":["W41"],"mode":"bus","angle":55.1,"extra":1,"ei":2,"l0":"W41","c0":"#b59607"},"geometry":{"type":"Point","coordinates":[18.278361,50.053271]}},{"type":"Feature","properties":{"lines":"W41","arr":["W41"],"mode":"bus","angle":55,"extra":1,"ei":3,"l0":"W41","c0":"#b59607"},"geometry":{"type":"Point","coordinates":[18.276681,50.054822]}},{"type":"Feature","properties":{"lines":"W41","arr":["W41"],"mode":"bus","angle":39.8,"extra":1,"ei":4,"l0":"W41","c0":"#b59607"},"geometry":{"type":"Point","coordinates":[18.274727,50.056222]}},{"type":"Feature","properties":{"lines":"W41","arr":["W41"],"mode":"bus","angle":43.8,"extra":1,"ei":5,"l0":"W41","c0":"#b59607"},"geometry":{"type":"Point","coordinates":[18.272495,50.057452]}},{"type":"Feature","properties":{"lines":"W41","arr":["W41"],"mode":"bus","angle":44.3,"extra":1,"ei":6,"l0":"W41","c0":"#b59607"},"geometry":{"type":"Point","coordinates":[18.270385,50.058769]}},{"type":"Feature","properties":{"lines":"W41","arr":["W41"],"mode":"bus","angle":52.6,"extra":1,"ei":7,"l0":"W41","c0":"#b59607"},"geometry":{"type":"Point","coordinates":[18.268469,50.060197]}},{"type":"Feature","properties":{"lines":"W41","arr":["W41"],"mode":"bus","angle":80.9,"extra":1,"ei":8,"l0":"W41","c0":"#b59607"},"geometry":{"type":"Point","coordinates":[18.267078,50.061827]}},{"type":"Feature","properties":{"lines":"W41","arr":["W41"],"mode":"bus","angle":84.3,"extra":1,"ei":9,"l0":"W41","c0":"#b59607"},"geometry":{"type":"Point","coordinates":[18.266864,50.063709]}},{"type":"Feature","properties":{"lines":"W41","arr":["W41"],"mode":"bus","angle":66.7,"extra":1,"ei":10,"l0":"W41","c0":"#b59607"},"geometry":{"type":"Point","coordinates":[18.26591,50.065484]}},{"type":"Feature","properties":{"lines":"W41","arr":["W41"],"mode":"bus","angle":68.7,"extra":1,"ei":11,"l0":"W41","c0":"#b59607"},"geometry":{"type":"Point","coordinates":[18.264319,50.069107]}},{"type":"Feature","properties":{"lines":"W41","arr":["W41"],"mode":"bus","angle":68.8,"extra":1,"ei":12,"l0":"W41","c0":"#b59607"},"geometry":{"type":"Point","coordinates":[18.263238,50.070863]}},{"type":"Feature","properties":{"lines":"W41","arr":["W41"],"mode":"bus","angle":67.7,"extra":1,"ei":13,"l0":"W41","c0":"#b59607"},"geometry":{"type":"Point","coordinates":[18.262142,50.072616]}},{"type":"Feature","properties":{"lines":"W41","arr":["W41"],"mode":"bus","angle":61,"extra":1,"ei":14,"l0":"W41","c0":"#b59607"},"geometry":{"type":"Point","coordinates":[18.260968,50.074346]}},{"type":"Feature","properties":{"lines":"W41","arr":["W41"],"mode":"bus","angle":60.8,"extra":1,"ei":15,"l0":"W41","c0":"#b59607"},"geometry":{"type":"Point","coordinates":[18.259528,50.075993]}},{"type":"Feature","properties":{"lines":"W41","arr":["W41"],"mode":"bus","angle":60.6,"extra":1,"ei":16,"l0":"W41","c0":"#b59607"},"geometry":{"type":"Point","coordinates":[18.258083,50.077639]}},{"type":"Feature","properties":{"lines":"W41","arr":["W41"],"mode":"bus","angle":68.1,"extra":1,"ei":17,"l0":"W41","c0":"#b59607"},"geometry":{"type":"Point","coordinates":[18.256705,50.079306]}},{"type":"Feature","properties":{"lines":"W41","arr":["W41"],"mode":"bus","angle":-69.3,"extra":1,"ei":18,"l0":"W41","c0":"#b59607"},"geometry":{"type":"Point","coordinates":[18.256939,50.081117]}},{"type":"Feature","properties":{"lines":"W41","arr":["W41"],"mode":"bus","angle":-84,"extra":1,"ei":19,"l0":"W41","c0":"#b59607"},"geometry":{"type":"Point","coordinates":[18.257712,50.082928]}},{"type":"Feature","properties":{"lines":"W41","arr":["W41"],"mode":"bus","angle":-84.8,"extra":1,"ei":20,"l0":"W41","c0":"#b59607"},"geometry":{"type":"Point","coordinates":[18.257983,50.084809]}},{"type":"Feature","properties":{"lines":"W41","arr":["W41"],"mode":"bus","angle":-72.4,"extra":1,"ei":21,"l0":"W41","c0":"#b59607"},"geometry":{"type":"Point","coordinates":[18.258398,50.086671]}},{"type":"Feature","properties":{"lines":"W41","arr":["W41"],"mode":"bus","angle":13.5,"l0":"W41","c0":"#b59607"},"geometry":{"type":"Point","coordinates":[18.23882,50.094277]}},{"type":"Feature","properties":{"lines":"W41","arr":["W41"],"mode":"bus","angle":9,"mi":8,"l0":"W41","c0":"#b59607"},"geometry":{"type":"Point","coordinates":[18.251495,50.092827]}},{"type":"Feature","properties":{"lines":"W41","arr":["W41"],"mode":"bus","angle":71.7,"mi":10,"l0":"W41","c0":"#b59607"},"geometry":{"type":"Point","coordinates":[18.257198,50.08964]}},{"type":"Feature","properties":{"lines":"W41","arr":["W41"],"mode":"bus","angle":63,"extra":1,"ei":0,"l0":"W41","c0":"#b59607"},"geometry":{"type":"Point","coordinates":[18.257993,50.088533]}},{"type":"Feature","properties":{"lines":"W41","arr":["W41"],"mode":"bus","angle":17.5,"extra":1,"ei":0,"l0":"W41","c0":"#b59607"},"geometry":{"type":"Point","coordinates":[18.255375,50.092431]}},{"type":"Feature","properties":{"lines":"W41","arr":["W41"],"mode":"bus","angle":9,"extra":1,"ei":1,"l0":"W41","c0":"#b59607"},"geometry":{"type":"Point","coordinates":[18.249559,50.093022]}},{"type":"Feature","properties":{"lines":"W41","arr":["W41"],"mode":"bus","angle":7.9,"extra":1,"ei":2,"l0":"W41","c0":"#b59607"},"geometry":{"type":"Point","coordinates":[18.246648,50.093302]}},{"type":"Feature","properties":{"lines":"W41","arr":["W41"],"mode":"bus","angle":-1.1,"extra":1,"ei":0,"l0":"W41","c0":"#b59607"},"geometry":{"type":"Point","coordinates":[18.23382,50.094488]}},{"type":"Feature","properties":{"lines":"W41","arr":["W41"],"mode":"bus","angle":3.3,"extra":1,"ei":1,"l0":"W41","c0":"#b59607"},"geometry":{"type":"Point","coordinates":[18.236755,50.094603]}},{"type":"Feature","properties":{"lines":"W41","arr":["W41"],"mode":"bus","angle":11.8,"extra":1,"ei":2,"l0":"W41","c0":"#b59607"},"geometry":{"type":"Point","coordinates":[18.242493,50.093776]}},{"type":"Feature","properties":{"lines":"W41","arr":["W41"],"mode":"bus","angle":29.8,"mi":1,"l0":"W41","c0":"#b59607"},"geometry":{"type":"Point","coordinates":[18.230519,50.094978]}},{"type":"Feature","properties":{"lines":"W41","arr":["W41"],"mode":"bus","angle":2.9,"extra":1,"ei":0,"l0":"W41","c0":"#b59607"},"geometry":{"type":"Point","coordinates":[18.224737,50.09577]}},{"type":"Feature","properties":{"lines":"W41","arr":["W41"],"mode":"bus","angle":10.9,"extra":1,"ei":1,"l0":"W41","c0":"#b59607"},"geometry":{"type":"Point","coordinates":[18.227655,50.095531]}},{"type":"Feature","properties":{"lines":"W41","arr":["W41"],"mode":"bus","angle":-78.5,"mi":7,"l0":"W41","c0":"#b59607"},"geometry":{"type":"Point","coordinates":[18.22242,50.094584]}},{"type":"Feature","properties":{"lines":"W41","arr":["W41"],"mode":"bus","angle":61.3,"mi":6,"l0":"W41","c0":"#b59607"},"geometry":{"type":"Point","coordinates":[18.22235,50.092888]}},{"type":"Feature","properties":{"lines":"W41","arr":["W41"],"mode":"bus","angle":-3.1,"side":-1,"mi":3,"l0":"W41","c0":"#b59607"},"geometry":{"type":"Point","coordinates":[18.224165,50.092274]}},{"type":"Feature","properties":{"lines":"W41","arr":["W41"],"mode":"bus","angle":-82.6,"mi":2,"l0":"W41","c0":"#b59607"},"geometry":{"type":"Point","coordinates":[18.224453,50.092787]}},{"type":"Feature","properties":{"lines":"W41","arr":["W41"],"mode":"bus","angle":20,"mi":4,"l0":"W41","c0":"#b59607"},"geometry":{"type":"Point","coordinates":[18.223354,50.093395]}},{"type":"Feature","properties":{"lines":"W41","arr":["W41"],"mode":"bus","angle":-28.5,"mi":5,"l0":"W41","c0":"#b59607"},"geometry":{"type":"Point","coordinates":[18.223201,50.095579]}},{"type":"Feature","properties":{"lines":"W41","arr":["W41"],"mode":"bus","angle":-75.7,"mi":11,"l0":"W41","c0":"#b59607"},"geometry":{"type":"Point","coordinates":[18.258399,50.087598]}},{"type":"Feature","properties":{"lines":"W41","arr":["W41"],"mode":"bus","angle":53.9,"mi":9,"l0":"W41","c0":"#b59607"},"geometry":{"type":"Point","coordinates":[18.256522,50.091778]}},{"type":"Feature","properties":{"lines":"201, 202, 207, 210, W41, W42, W59","arr":["201","202","207","210","W41","W42","W59"],"mode":"bus","angle":-22.3,"side":-1,"l0":"201, ","c0":"#1da8b6","l1":"202, ","c1":"#095d97","l2":"207, ","c2":"#f661b9","l3":"210, ","c3":"#126804","l4":"W41, ","c4":"#b59607","l5":"W42, ","c5":"#fe6761","l6":"W59","c6":"#b20b42"},"geometry":{"type":"Point","coordinates":[18.453383,50.008031]}},{"type":"Feature","properties":{"lines":"201, 202, 207, 210, W41, W42, W59","arr":["201","202","207","210","W41","W42","W59"],"mode":"bus","angle":-23.3,"side":-1,"extra":1,"ei":0,"l0":"201, ","c0":"#1da8b6","l1":"202, ","c1":"#095d97","l2":"207, ","c2":"#f661b9","l3":"210, ","c3":"#126804","l4":"W41, ","c4":"#b59607","l5":"W42, ","c5":"#fe6761","l6":"W59","c6":"#b20b42"},"geometry":{"type":"Point","coordinates":[18.448969,50.006885]}},{"type":"Feature","properties":{"lines":"201, 202, 207, 210, W41, W42, W59","arr":["201","202","207","210","W41","W42","W59"],"mode":"bus","angle":-21.6,"side":-1,"extra":1,"ei":1,"l0":"201, ","c0":"#1da8b6","l1":"202, ","c1":"#095d97","l2":"207, ","c2":"#f661b9","l3":"210, ","c3":"#126804","l4":"W41, ","c4":"#b59607","l5":"W42, ","c5":"#fe6761","l6":"W59","c6":"#b20b42"},"geometry":{"type":"Point","coordinates":[18.457156,50.009012]}},{"type":"Feature","properties":{"lines":"201, 205, 206, 207, 210, W41, W50, W51, W52","arr":["201","205","206","207","210","W41","W50","W51","W52"],"mode":"bus","angle":-20.3,"side":-1,"l0":"201, ","c0":"#1da8b6","l1":"205, ","c1":"#6895fc","l2":"206, ","c2":"#7c5001","l3":"207, ","c3":"#f661b9","l4":"210, ","c4":"#126804","l5":"W41, ","c5":"#b59607","l6":"W50, ","c6":"#066559","l7":"W51, ","c7":"#7b3aa8","l8":"W52","c8":"#02af5a"},"geometry":{"type":"Point","coordinates":[18.461929,50.010194]}},{"type":"Feature","properties":{"lines":"201, 205, 206, 207, 210, W41, W50, W51, W52","arr":["201","205","206","207","210","W41","W50","W51","W52"],"mode":"bus","angle":-10.2,"side":-1,"extra":1,"ei":0,"l0":"201, ","c0":"#1da8b6","l1":"205, ","c1":"#6895fc","l2":"206, ","c2":"#7c5001","l3":"207, ","c3":"#f661b9","l4":"210, ","c4":"#126804","l5":"W41, ","c5":"#b59607","l6":"W50, ","c6":"#066559","l7":"W51, ","c7":"#7b3aa8","l8":"W52","c8":"#02af5a"},"geometry":{"type":"Point","coordinates":[18.463724,50.010564]}},{"type":"Feature","properties":{"lines":"W41, W52","arr":["W41","W52"],"mode":"bus","angle":55.2,"side":-1,"l0":"W41, ","c0":"#b59607","l1":"W52","c1":"#02af5a"},"geometry":{"type":"Point","coordinates":[18.474701,50.012541]}},{"type":"Feature","properties":{"lines":"203, 208, 209, W10, W41, W52","arr":["203","208","209","W10","W41","W52"],"mode":"bus","angle":-75.2,"l0":"203, ","c0":"#f57145","l1":"208, ","c1":"#0357b2","l2":"209, ","c2":"#b11526","l3":"W10, ","c3":"#6b5806","l4":"W41, ","c4":"#b59607","l5":"W52","c5":"#02af5a"},"geometry":{"type":"Point","coordinates":[18.47457,50.01196]}},{"type":"Feature","properties":{"lines":"202, 205, 206, W42, W50, W51","arr":["202","205","206","W42","W50","W51"],"mode":"bus","angle":-5,"l0":"202, ","c0":"#095d97","l1":"205, ","c1":"#6895fc","l2":"206, ","c2":"#7c5001","l3":"W42, ","c3":"#fe6761","l4":"W50, ","c4":"#066559","l5":"W51","c5":"#7b3aa8"},"geometry":{"type":"Point","coordinates":[18.474189,50.007619]}},{"type":"Feature","properties":{"lines":"201, 202, 205, 206, 207, 210, W42, W50, W51","arr":["201","202","205","206","207","210","W42","W50","W51"],"mode":"bus","angle":3.1,"l0":"201, ","c0":"#1da8b6","l1":"202, ","c1":"#095d97","l2":"205, ","c2":"#6895fc","l3":"206, ","c3":"#7c5001","l4":"207, ","c4":"#f661b9","l5":"210, ","c5":"#126804","l6":"W42, ","c6":"#fe6761","l7":"W50, ","c7":"#066559","l8":"W51","c8":"#7b3aa8"},"geometry":{"type":"Point","coordinates":[18.472417,50.007636]}},{"type":"Feature","properties":{"lines":"W42","arr":["W42"],"mode":"bus","angle":-14.5,"mi":4,"l0":"W42","c0":"#fe6761"},"geometry":{"type":"Point","coordinates":[18.472278,50.005525]}},{"type":"Feature","properties":{"lines":"W42","arr":["W42"],"mode":"bus","angle":-71.4,"extra":1,"ei":0,"l0":"W42","c0":"#fe6761"},"geometry":{"type":"Point","coordinates":[18.473398,50.006677]}},{"type":"Feature","properties":{"lines":"W42","arr":["W42"],"mode":"bus","angle":-44.2,"mi":1,"l0":"W42","c0":"#fe6761"},"geometry":{"type":"Point","coordinates":[18.46938,50.005393]}},{"type":"Feature","properties":{"lines":"W42","arr":["W42"],"mode":"bus","angle":-26.3,"extra":1,"ei":0,"l0":"W42","c0":"#fe6761"},"geometry":{"type":"Point","coordinates":[18.46771,50.003908]}},{"type":"Feature","properties":{"lines":"W42","arr":["W42"],"mode":"bus","angle":72,"extra":1,"ei":1,"l0":"W42","c0":"#fe6761"},"geometry":{"type":"Point","coordinates":[18.470741,50.006866]}},{"type":"Feature","properties":{"lines":"W42","arr":["W42"],"mode":"bus","angle":29.6,"l0":"W42","c0":"#fe6761"},"geometry":{"type":"Point","coordinates":[18.464207,50.004443]}},{"type":"Feature","properties":{"lines":"W42","arr":["W42"],"mode":"bus","angle":28.2,"extra":1,"ei":0,"l0":"W42","c0":"#fe6761"},"geometry":{"type":"Point","coordinates":[18.465679,50.003614]}},{"type":"Feature","properties":{"lines":"W42","arr":["W42"],"mode":"bus","angle":62.4,"mi":2,"l0":"W42","c0":"#fe6761"},"geometry":{"type":"Point","coordinates":[18.460554,50.006741]}},{"type":"Feature","properties":{"lines":"W42","arr":["W42"],"mode":"bus","angle":-65,"mi":3,"l0":"W42","c0":"#fe6761"},"geometry":{"type":"Point","coordinates":[18.459539,50.008981]}},{"type":"Feature","properties":{"lines":"W42","arr":["W42"],"mode":"bus","angle":71.6,"extra":1,"ei":0,"l0":"W42","c0":"#fe6761"},"geometry":{"type":"Point","coordinates":[18.461391,50.005474]}},{"type":"Feature","properties":{"lines":"W42","arr":["W42"],"mode":"bus","angle":-48.8,"mi":2,"l0":"W42","c0":"#fe6761"},"geometry":{"type":"Point","coordinates":[18.416446,50.013209]}},{"type":"Feature","properties":{"lines":"W42","arr":["W42"],"mode":"bus","angle":-26.2,"mi":2,"l0":"W42","c0":"#fe6761"},"geometry":{"type":"Point","coordinates":[18.339607,50.010404]}},{"type":"Feature","properties":{"lines":"W42","arr":["W42"],"mode":"bus","angle":-35.9,"l0":"W42","c0":"#fe6761"},"geometry":{"type":"Point","coordinates":[18.415701,50.012223]}},{"type":"Feature","properties":{"lines":"W42","arr":["W42"],"mode":"bus","angle":-38.5,"mi":1,"l0":"W42","c0":"#fe6761"},"geometry":{"type":"Point","coordinates":[18.413875,50.011019]}},{"type":"Feature","properties":{"lines":"W42","arr":["W42"],"mode":"bus","angle":86.1,"mi":3,"l0":"W42","c0":"#fe6761"},"geometry":{"type":"Point","coordinates":[18.417486,50.013249]}},{"type":"Feature","properties":{"lines":"W42","arr":["W42"],"mode":"bus","angle":-66.4,"mi":4,"l0":"W42","c0":"#fe6761"},"geometry":{"type":"Point","coordinates":[18.41264,50.00811]}},{"type":"Feature","properties":{"lines":"W42","arr":["W42"],"mode":"bus","angle":83.4,"extra":1,"ei":0,"l0":"W42","c0":"#fe6761"},"geometry":{"type":"Point","coordinates":[18.412671,50.009822]}},{"type":"Feature","properties":{"lines":"W42","arr":["W42"],"mode":"bus","angle":-66.4,"extra":1,"ei":1,"l0":"W42","c0":"#fe6761"},"geometry":{"type":"Point","coordinates":[18.411444,50.006364]}},{"type":"Feature","properties":{"lines":"W42, W50","arr":["W42","W50"],"mode":"bus","angle":81.1,"l0":"W42, ","c0":"#fe6761","l1":"W50","c1":"#066559"},"geometry":{"type":"Point","coordinates":[18.409863,50.008441]}},{"type":"Feature","properties":{"lines":"W42, W50","arr":["W42","W50"],"mode":"bus","angle":66.3,"extra":1,"ei":0,"l0":"W42, ","c0":"#fe6761","l1":"W50","c1":"#066559"},"geometry":{"type":"Point","coordinates":[18.408871,50.005976]}},{"type":"Feature","properties":{"lines":"W42, W50","arr":["W42","W50"],"mode":"bus","angle":44.8,"extra":1,"ei":1,"l0":"W42, ","c0":"#fe6761","l1":"W50","c1":"#066559"},"geometry":{"type":"Point","coordinates":[18.408893,50.009432]}},{"type":"Feature","properties":{"lines":"W42, W50","arr":["W42","W50"],"mode":"bus","angle":53.5,"extra":1,"ei":2,"l0":"W42, ","c0":"#fe6761","l1":"W50","c1":"#066559"},"geometry":{"type":"Point","coordinates":[18.406893,50.010815]}},{"type":"Feature","properties":{"lines":"W42","arr":["W42"],"mode":"bus","angle":10.2,"mi":13,"l0":"W42","c0":"#fe6761"},"geometry":{"type":"Point","coordinates":[18.352443,50.018832]}},{"type":"Feature","properties":{"lines":"W42","arr":["W42"],"mode":"bus","angle":-11.7,"extra":1,"ei":0,"l0":"W42","c0":"#fe6761"},"geometry":{"type":"Point","coordinates":[18.354877,50.018827]}},{"type":"Feature","properties":{"lines":"W42","arr":["W42"],"mode":"bus","angle":36.1,"extra":1,"ei":1,"l0":"W42","c0":"#fe6761"},"geometry":{"type":"Point","coordinates":[18.349327,50.019699]}},{"type":"Feature","properties":{"lines":"W42","arr":["W42"],"mode":"bus","angle":38.6,"mi":11,"l0":"W42","c0":"#fe6761"},"geometry":{"type":"Point","coordinates":[18.341164,50.021461]}},{"type":"Feature","properties":{"lines":"W42","arr":["W42"],"mode":"bus","angle":36.9,"extra":1,"ei":0,"l0":"W42","c0":"#fe6761"},"geometry":{"type":"Point","coordinates":[18.344725,50.020365]}},{"type":"Feature","properties":{"lines":"W42","arr":["W42"],"mode":"bus","angle":54.4,"extra":1,"ei":1,"l0":"W42","c0":"#fe6761"},"geometry":{"type":"Point","coordinates":[18.339851,50.022336]}},{"type":"Feature","properties":{"lines":"W42","arr":["W42"],"mode":"bus","angle":65.5,"extra":1,"ei":2,"l0":"W42","c0":"#fe6761"},"geometry":{"type":"Point","coordinates":[18.33844,50.023992]}},{"type":"Feature","properties":{"lines":"W42","arr":["W42"],"mode":"bus","angle":74.5,"mi":14,"l0":"W42","c0":"#fe6761"},"geometry":{"type":"Point","coordinates":[18.337583,50.025048]}},{"type":"Feature","properties":{"lines":"W42","arr":["W42"],"mode":"bus","angle":-33.5,"mi":15,"l0":"W42","c0":"#fe6761"},"geometry":{"type":"Point","coordinates":[18.334728,50.025784]}},{"type":"Feature","properties":{"lines":"W42","arr":["W42"],"mode":"bus","angle":-51.4,"mi":12,"l0":"W42","c0":"#fe6761"},"geometry":{"type":"Point","coordinates":[18.327879,50.01434]}},{"type":"Feature","properties":{"lines":"W42","arr":["W42"],"mode":"bus","angle":-28.2,"mi":4,"l0":"W42","c0":"#fe6761"},"geometry":{"type":"Point","coordinates":[18.343032,50.018571]}},{"type":"Feature","properties":{"lines":"W42","arr":["W42"],"mode":"bus","angle":57.1,"mi":6,"l0":"W42","c0":"#fe6761"},"geometry":{"type":"Point","coordinates":[18.345187,50.017715]}},{"type":"Feature","properties":{"lines":"W42","arr":["W42"],"mode":"bus","angle":64.2,"extra":1,"ei":0,"l0":"W42","c0":"#fe6761"},"geometry":{"type":"Point","coordinates":[18.344008,50.018866]}},{"type":"Feature","properties":{"lines":"W42","arr":["W42"],"mode":"bus","angle":-43.8,"mi":1,"l0":"W42","c0":"#fe6761"},"geometry":{"type":"Point","coordinates":[18.34461,50.015641]}},{"type":"Feature","properties":{"lines":"W42","arr":["W42"],"mode":"bus","angle":63.5,"mi":3,"l0":"W42","c0":"#fe6761"},"geometry":{"type":"Point","coordinates":[18.345586,50.012415]}},{"type":"Feature","properties":{"lines":"W42","arr":["W42"],"mode":"bus","angle":61.4,"extra":1,"ei":0,"l0":"W42","c0":"#fe6761"},"geometry":{"type":"Point","coordinates":[18.344071,50.014277]}},{"type":"Feature","properties":{"lines":"W42","arr":["W42"],"mode":"bus","angle":63.2,"extra":1,"ei":1,"l0":"W42","c0":"#fe6761"},"geometry":{"type":"Point","coordinates":[18.346773,50.010922]}},{"type":"Feature","properties":{"lines":"W42","arr":["W42"],"mode":"bus","angle":-29.8,"mi":8,"l0":"W42","c0":"#fe6761"},"geometry":{"type":"Point","coordinates":[18.34518,50.009685]}},{"type":"Feature","properties":{"lines":"W42","arr":["W42"],"mode":"bus","angle":65.5,"mi":10,"l0":"W42","c0":"#fe6761"},"geometry":{"type":"Point","coordinates":[18.344972,50.008901]}},{"type":"Feature","properties":{"lines":"W42","arr":["W42"],"mode":"bus","angle":47.8,"mi":9,"l0":"W42","c0":"#fe6761"},"geometry":{"type":"Point","coordinates":[18.341788,50.008294]}},{"type":"Feature","properties":{"lines":"W42","arr":["W42"],"mode":"bus","angle":-20.4,"extra":1,"ei":0,"l0":"W42","c0":"#fe6761"},"geometry":{"type":"Point","coordinates":[18.34403,50.007938]}},{"type":"Feature","properties":{"lines":"W42","arr":["W42"],"mode":"bus","angle":65.3,"extra":1,"ei":1,"l0":"W42","c0":"#fe6761"},"geometry":{"type":"Point","coordinates":[18.340243,50.01026]}},{"type":"Feature","properties":{"lines":"W42","arr":["W42"],"mode":"bus","angle":64.7,"l0":"W42","c0":"#fe6761"},"geometry":{"type":"Point","coordinates":[18.338527,50.011106]}},{"type":"Feature","properties":{"lines":"W42","arr":["W42"],"mode":"bus","angle":-41.6,"mi":5,"l0":"W42","c0":"#fe6761"},"geometry":{"type":"Point","coordinates":[18.33546,50.01057]}},{"type":"Feature","properties":{"lines":"W42","arr":["W42"],"mode":"bus","angle":76.6,"mi":7,"l0":"W42","c0":"#fe6761"},"geometry":{"type":"Point","coordinates":[18.330783,50.012127]}},{"type":"Feature","properties":{"lines":"W42","arr":["W42"],"mode":"bus","angle":57.7,"extra":1,"ei":0,"l0":"W42","c0":"#fe6761"},"geometry":{"type":"Point","coordinates":[18.332224,50.009994]}},{"type":"Feature","properties":{"lines":"W42","arr":["W42"],"mode":"bus","angle":70.6,"extra":1,"ei":1,"l0":"W42","c0":"#fe6761"},"geometry":{"type":"Point","coordinates":[18.330152,50.013501]}},{"type":"Feature","properties":{"lines":"W42","arr":["W42"],"mode":"bus","angle":-54.7,"mi":16,"l0":"W42","c0":"#fe6761"},"geometry":{"type":"Point","coordinates":[18.319726,50.007146]}},{"type":"Feature","properties":{"lines":"W42","arr":["W42"],"mode":"bus","angle":-53.5,"extra":1,"ei":0,"l0":"W42","c0":"#fe6761"},"geometry":{"type":"Point","coordinates":[18.325698,50.012481]}},{"type":"Feature","properties":{"lines":"W42","arr":["W42"],"mode":"bus","angle":-54.5,"extra":1,"ei":1,"l0":"W42","c0":"#fe6761"},"geometry":{"type":"Point","coordinates":[18.323955,50.010959]}},{"type":"Feature","properties":{"lines":"W42","arr":["W42"],"mode":"bus","angle":-54.5,"extra":1,"ei":2,"l0":"W42","c0":"#fe6761"},"geometry":{"type":"Point","coordinates":[18.322246,50.009421]}},{"type":"Feature","properties":{"lines":"W42","arr":["W42"],"mode":"bus","angle":-54,"extra":1,"ei":3,"l0":"W42","c0":"#fe6761"},"geometry":{"type":"Point","coordinates":[18.317126,50.004804]}},{"type":"Feature","properties":{"lines":"W42","arr":["W42"],"mode":"bus","angle":-52.3,"extra":1,"ei":4,"l0":"W42","c0":"#fe6761"},"geometry":{"type":"Point","coordinates":[18.315399,50.003275]}},{"type":"Feature","properties":{"lines":"W42","arr":["W42"],"mode":"bus","angle":-12.1,"extra":1,"ei":5,"l0":"W42","c0":"#fe6761"},"geometry":{"type":"Point","coordinates":[18.312714,50.002652]}},{"type":"Feature","properties":{"lines":"W42","arr":["W42"],"mode":"bus","angle":22.5,"mi":1,"l0":"W42","c0":"#fe6761"},"geometry":{"type":"Point","coordinates":[18.301973,50.00328]}},{"type":"Feature","properties":{"lines":"W42","arr":["W42"],"mode":"bus","angle":-21.7,"extra":1,"ei":0,"l0":"W42","c0":"#fe6761"},"geometry":{"type":"Point","coordinates":[18.310056,50.002075]}},{"type":"Feature","properties":{"lines":"W42","arr":["W42"],"mode":"bus","angle":22.1,"extra":1,"ei":1,"l0":"W42","c0":"#fe6761"},"geometry":{"type":"Point","coordinates":[18.307243,50.001891]}},{"type":"Feature","properties":{"lines":"W42","arr":["W42"],"mode":"bus","angle":22.3,"extra":1,"ei":2,"l0":"W42","c0":"#fe6761"},"geometry":{"type":"Point","coordinates":[18.30452,50.002608]}},{"type":"Feature","properties":{"lines":"W42","arr":["W42"],"mode":"bus","angle":-65.5,"extra":1,"ei":3,"l0":"W42","c0":"#fe6761"},"geometry":{"type":"Point","coordinates":[18.299398,50.003314]}},{"type":"Feature","properties":{"lines":"W42","arr":["W42"],"mode":"bus","angle":-65.2,"extra":1,"ei":4,"l0":"W42","c0":"#fe6761"},"geometry":{"type":"Point","coordinates":[18.298167,50.001599]}},{"type":"Feature","properties":{"lines":"W42","arr":["W42"],"mode":"bus","angle":-65.1,"extra":1,"ei":5,"l0":"W42","c0":"#fe6761"},"geometry":{"type":"Point","coordinates":[18.296924,49.999887]}},{"type":"Feature","properties":{"lines":"W42","arr":["W42"],"mode":"bus","angle":41.5,"l0":"W42","c0":"#fe6761"},"geometry":{"type":"Point","coordinates":[18.295249,50.006302]}},{"type":"Feature","properties":{"lines":"W42","arr":["W42"],"mode":"bus","angle":38.8,"extra":1,"ei":0,"l0":"W42","c0":"#fe6761"},"geometry":{"type":"Point","coordinates":[18.298707,50.004362]}},{"type":"Feature","properties":{"lines":"W42","arr":["W42"],"mode":"bus","angle":41.5,"extra":1,"ei":1,"l0":"W42","c0":"#fe6761"},"geometry":{"type":"Point","coordinates":[18.292075,50.008103]}},{"type":"Feature","properties":{"lines":"W42","arr":["W42"],"mode":"bus","angle":73.9,"mi":2,"l0":"W42","c0":"#fe6761"},"geometry":{"type":"Point","coordinates":[18.287289,50.001343]}},{"type":"Feature","properties":{"lines":"W42","arr":["W42"],"mode":"bus","angle":-81.4,"extra":1,"ei":0,"l0":"W42","c0":"#fe6761"},"geometry":{"type":"Point","coordinates":[18.290485,50.008078]}},{"type":"Feature","properties":{"lines":"W42","arr":["W42"],"mode":"bus","angle":-67.6,"extra":1,"ei":1,"l0":"W42","c0":"#fe6761"},"geometry":{"type":"Point","coordinates":[18.289735,50.006256]}},{"type":"Feature","properties":{"lines":"W42","arr":["W42"],"mode":"bus","angle":-61.2,"extra":1,"ei":2,"l0":"W42","c0":"#fe6761"},"geometry":{"type":"Point","coordinates":[18.288436,50.004562]}},{"type":"Feature","properties":{"lines":"W42","arr":["W42"],"mode":"bus","angle":-85,"extra":1,"ei":3,"l0":"W42","c0":"#fe6761"},"geometry":{"type":"Point","coordinates":[18.287134,50.002892]}},{"type":"Feature","properties":{"lines":"W42","arr":["W42"],"mode":"bus","angle":-89.7,"extra":1,"ei":4,"l0":"W42","c0":"#fe6761"},"geometry":{"type":"Point","coordinates":[18.288944,49.999542]}},{"type":"Feature","properties":{"lines":"W42","arr":["W42"],"mode":"bus","angle":0.2,"extra":1,"ei":5,"l0":"W42","c0":"#fe6761"},"geometry":{"type":"Point","coordinates":[18.290526,49.998477]}},{"type":"Feature","properties":{"lines":"W42","arr":["W42"],"mode":"bus","angle":-24.6,"extra":1,"ei":6,"l0":"W42","c0":"#fe6761"},"geometry":{"type":"Point","coordinates":[18.293181,49.999091]}},{"type":"Feature","properties":{"lines":"W42","arr":["W42"],"mode":"bus","angle":12.6,"extra":1,"ei":7,"l0":"W42","c0":"#fe6761"},"geometry":{"type":"Point","coordinates":[18.296046,49.999329]}},{"type":"Feature","properties":{"lines":"201, 205, 206, 207, 210, W42, W50, W51","arr":["201","205","206","207","210","W42","W50","W51"],"mode":"bus","angle":50.6,"side":-1,"l0":"201, ","c0":"#1da8b6","l1":"205, ","c1":"#6895fc","l2":"206, ","c2":"#7c5001","l3":"207, ","c3":"#f661b9","l4":"210, ","c4":"#126804","l5":"W42, ","c5":"#fe6761","l6":"W50, ","c6":"#066559","l7":"W51","c7":"#7b3aa8"},"geometry":{"type":"Point","coordinates":[18.474278,50.007476]}},{"type":"Feature","properties":{"lines":"W50, W52","arr":["W50","W52"],"mode":"bus","angle":-61.8,"l0":"W50, ","c0":"#066559","l1":"W52","c1":"#02af5a"},"geometry":{"type":"Point","coordinates":[18.437401,50.013063]}},{"type":"Feature","properties":{"lines":"W50","arr":["W50"],"mode":"bus","angle":-61.2,"l0":"W50","c0":"#066559"},"geometry":{"type":"Point","coordinates":[18.438954,50.014936]}},{"type":"Feature","properties":{"lines":"W50","arr":["W50"],"mode":"bus","angle":-16.9,"mi":1,"l0":"W50","c0":"#066559"},"geometry":{"type":"Point","coordinates":[18.444153,50.015906]}},{"type":"Feature","properties":{"lines":"W50","arr":["W50"],"mode":"bus","angle":-16.9,"extra":1,"ei":0,"l0":"W50","c0":"#066559"},"geometry":{"type":"Point","coordinates":[18.441545,50.015398]}},{"type":"Feature","properties":{"lines":"W50","arr":["W50"],"mode":"bus","angle":-16.8,"extra":1,"ei":1,"l0":"W50","c0":"#066559"},"geometry":{"type":"Point","coordinates":[18.44718,50.016494]}},{"type":"Feature","properties":{"lines":"W50, W51, W59","arr":["W50","W51","W59"],"mode":"bus","angle":46.2,"mi":1,"l0":"W50, ","c0":"#066559","l1":"W51, ","c1":"#7b3aa8","l2":"W59","c2":"#b20b42"},"geometry":{"type":"Point","coordinates":[18.449877,50.013658]}},{"type":"Feature","properties":{"lines":"W50, W51, W59","arr":["W50","W51","W59"],"mode":"bus","angle":68.2,"extra":1,"ei":0,"l0":"W50, ","c0":"#066559","l1":"W51, ","c1":"#7b3aa8","l2":"W59","c2":"#b20b42"},"geometry":{"type":"Point","coordinates":[18.448736,50.015813]}},{"type":"Feature","properties":{"lines":"W50, W51, W59","arr":["W50","W51","W59"],"mode":"bus","angle":-2.9,"extra":1,"ei":1,"l0":"W50, ","c0":"#066559","l1":"W51, ","c1":"#7b3aa8","l2":"W59","c2":"#b20b42"},"geometry":{"type":"Point","coordinates":[18.451856,50.013354]}},{"type":"Feature","properties":{"lines":"W50, W51, W59","arr":["W50","W51","W59"],"mode":"bus","angle":-38.4,"extra":1,"ei":2,"l0":"W50, ","c0":"#066559","l1":"W51, ","c1":"#7b3aa8","l2":"W59","c2":"#b20b42"},"geometry":{"type":"Point","coordinates":[18.454288,50.014346]}},{"type":"Feature","properties":{"lines":"W50, W51, W59","arr":["W50","W51","W59"],"mode":"bus","angle":5.5,"l0":"W50, ","c0":"#066559","l1":"W51, ","c1":"#7b3aa8","l2":"W59","c2":"#b20b42"},"geometry":{"type":"Point","coordinates":[18.456858,50.014309]}},{"type":"Feature","properties":{"lines":"W50, W51, W59","arr":["W50","W51","W59"],"mode":"bus","angle":6.7,"extra":1,"ei":0,"l0":"W50, ","c0":"#066559","l1":"W51, ","c1":"#7b3aa8","l2":"W59","c2":"#b20b42"},"geometry":{"type":"Point","coordinates":[18.458775,50.014183]}},{"type":"Feature","properties":{"lines":"205, 206, W50, W51, W52, W59","arr":["205","206","W50","W51","W52","W59"],"mode":"bus","angle":80.9,"l0":"205, ","c0":"#6895fc","l1":"206, ","c1":"#7c5001","l2":"W50, ","c2":"#066559","l3":"W51, ","c3":"#7b3aa8","l4":"W52, ","c4":"#02af5a","l5":"W59","c5":"#b20b42"},"geometry":{"type":"Point","coordinates":[18.45958,50.012206]}},{"type":"Feature","properties":{"lines":"205, 206, W50, W51, W52, W59","arr":["205","206","W50","W51","W52","W59"],"mode":"bus","angle":-65.1,"mi":1,"l0":"205, ","c0":"#6895fc","l1":"206, ","c1":"#7c5001","l2":"W50, ","c2":"#066559","l3":"W51, ","c3":"#7b3aa8","l4":"W52, ","c4":"#02af5a","l5":"W59","c5":"#b20b42"},"geometry":{"type":"Point","coordinates":[18.45925,50.010256]}},{"type":"Feature","properties":{"lines":"201, 205, 206, 207, 210, W50, W51","arr":["201","205","206","207","210","W50","W51"],"mode":"bus","angle":18,"side":-1,"l0":"201, ","c0":"#1da8b6","l1":"205, ","c1":"#6895fc","l2":"206, ","c2":"#7c5001","l3":"207, ","c3":"#f661b9","l4":"210, ","c4":"#126804","l5":"W50, ","c5":"#066559","l6":"W51","c6":"#7b3aa8"},"geometry":{"type":"Point","coordinates":[18.464944,50.010497]}},{"type":"Feature","properties":{"lines":"201, 202, 205, 206, 207, 210, W50, W51","arr":["201","202","205","206","207","210","W50","W51"],"mode":"bus","angle":20.7,"l0":"201, ","c0":"#1da8b6","l1":"202, ","c1":"#095d97","l2":"205, ","c2":"#6895fc","l3":"206, ","c3":"#7c5001","l4":"207, ","c4":"#f661b9","l5":"210, ","c5":"#126804","l6":"W50, ","c6":"#066559","l7":"W51","c7":"#7b3aa8"},"geometry":{"type":"Point","coordinates":[18.469111,50.010162]}},{"type":"Feature","properties":{"lines":"201, 202, 205, 206, 207, 210, W50, W51","arr":["201","202","205","206","207","210","W50","W51"],"mode":"bus","angle":-1.3,"extra":1,"ei":0,"l0":"201, ","c0":"#1da8b6","l1":"202, ","c1":"#095d97","l2":"205, ","c2":"#6895fc","l3":"206, ","c3":"#7c5001","l4":"207, ","c4":"#f661b9","l5":"210, ","c5":"#126804","l6":"W50, ","c6":"#066559","l7":"W51","c7":"#7b3aa8"},"geometry":{"type":"Point","coordinates":[18.466962,50.010221]}},{"type":"Feature","properties":{"lines":"W50","arr":["W50"],"mode":"bus","angle":51.4,"l0":"W50","c0":"#066559"},"geometry":{"type":"Point","coordinates":[18.470537,49.985897]}},{"type":"Feature","properties":{"lines":"W50","arr":["W50"],"mode":"bus","angle":50.6,"extra":1,"ei":0,"l0":"W50","c0":"#066559"},"geometry":{"type":"Point","coordinates":[18.461467,49.995491]}},{"type":"Feature","properties":{"lines":"W50","arr":["W50"],"mode":"bus","angle":74,"extra":1,"ei":1,"l0":"W50","c0":"#066559"},"geometry":{"type":"Point","coordinates":[18.463423,49.994106]}},{"type":"Feature","properties":{"lines":"W50","arr":["W50"],"mode":"bus","angle":41.2,"extra":1,"ei":2,"l0":"W50","c0":"#066559"},"geometry":{"type":"Point","coordinates":[18.464357,49.992413]}},{"type":"Feature","properties":{"lines":"W50","arr":["W50"],"mode":"bus","angle":72,"extra":1,"ei":3,"l0":"W50","c0":"#066559"},"geometry":{"type":"Point","coordinates":[18.465845,49.990851]}},{"type":"Feature","properties":{"lines":"W50","arr":["W50"],"mode":"bus","angle":72.5,"extra":1,"ei":4,"l0":"W50","c0":"#066559"},"geometry":{"type":"Point","coordinates":[18.46714,49.989227]}},{"type":"Feature","properties":{"lines":"W50","arr":["W50"],"mode":"bus","angle":62.5,"extra":1,"ei":5,"l0":"W50","c0":"#066559"},"geometry":{"type":"Point","coordinates":[18.468558,49.987575]}},{"type":"Feature","properties":{"lines":"W50","arr":["W50"],"mode":"bus","angle":55.5,"extra":1,"ei":6,"l0":"W50","c0":"#066559"},"geometry":{"type":"Point","coordinates":[18.47209,49.984567]}},{"type":"Feature","properties":{"lines":"W50","arr":["W50"],"mode":"bus","angle":71.7,"extra":1,"ei":7,"l0":"W50","c0":"#066559"},"geometry":{"type":"Point","coordinates":[18.473186,49.982824]}},{"type":"Feature","properties":{"lines":"W50","arr":["W50"],"mode":"bus","angle":71.7,"extra":1,"ei":8,"l0":"W50","c0":"#066559"},"geometry":{"type":"Point","coordinates":[18.474103,49.981029]}},{"type":"Feature","properties":{"lines":"W50","arr":["W50"],"mode":"bus","angle":71.6,"extra":1,"ei":9,"l0":"W50","c0":"#066559"},"geometry":{"type":"Point","coordinates":[18.475029,49.979237]}},{"type":"Feature","properties":{"lines":"W50","arr":["W50"],"mode":"bus","angle":71.5,"extra":1,"ei":10,"l0":"W50","c0":"#066559"},"geometry":{"type":"Point","coordinates":[18.475961,49.977445]}},{"type":"Feature","properties":{"lines":"W50","arr":["W50"],"mode":"bus","angle":65.1,"extra":1,"ei":11,"l0":"W50","c0":"#066559"},"geometry":{"type":"Point","coordinates":[18.477026,49.975685]}},{"type":"Feature","properties":{"lines":"W50","arr":["W50"],"mode":"bus","angle":-56.7,"mi":1,"l0":"W50","c0":"#066559"},"geometry":{"type":"Point","coordinates":[18.483859,49.980076]}},{"type":"Feature","properties":{"lines":"W50","arr":["W50"],"mode":"bus","angle":-56.4,"extra":1,"ei":0,"l0":"W50","c0":"#066559"},"geometry":{"type":"Point","coordinates":[18.478816,49.975226]}},{"type":"Feature","properties":{"lines":"W50","arr":["W50"],"mode":"bus","angle":-56.3,"extra":1,"ei":1,"l0":"W50","c0":"#066559"},"geometry":{"type":"Point","coordinates":[18.480451,49.976796]}},{"type":"Feature","properties":{"lines":"W50","arr":["W50"],"mode":"bus","angle":-56.3,"extra":1,"ei":2,"l0":"W50","c0":"#066559"},"geometry":{"type":"Point","coordinates":[18.482086,49.978367]}},{"type":"Feature","properties":{"lines":"W50","arr":["W50"],"mode":"bus","angle":-57.1,"extra":1,"ei":3,"l0":"W50","c0":"#066559"},"geometry":{"type":"Point","coordinates":[18.485327,49.98152]}},{"type":"Feature","properties":{"lines":"W50","arr":["W50"],"mode":"bus","angle":-56.9,"extra":1,"ei":4,"l0":"W50","c0":"#066559"},"geometry":{"type":"Point","coordinates":[18.48693,49.983104]}},{"type":"Feature","properties":{"lines":"W50","arr":["W50"],"mode":"bus","angle":-56.8,"extra":1,"ei":5,"l0":"W50","c0":"#066559"},"geometry":{"type":"Point","coordinates":[18.488543,49.984684]}},{"type":"Feature","properties":{"lines":"W50","arr":["W50"],"mode":"bus","angle":52.4,"l0":"W50","c0":"#066559"},"geometry":{"type":"Point","coordinates":[18.495561,49.981991]}},{"type":"Feature","properties":{"lines":"W50","arr":["W50"],"mode":"bus","angle":30.8,"extra":1,"ei":0,"l0":"W50","c0":"#066559"},"geometry":{"type":"Point","coordinates":[18.490911,49.985281]}},{"type":"Feature","properties":{"lines":"W50","arr":["W50"],"mode":"bus","angle":51.6,"extra":1,"ei":1,"l0":"W50","c0":"#066559"},"geometry":{"type":"Point","coordinates":[18.493088,49.984031]}},{"type":"Feature","properties":{"lines":"W50","arr":["W50"],"mode":"bus","angle":52.4,"extra":1,"ei":2,"l0":"W50","c0":"#066559"},"geometry":{"type":"Point","coordinates":[18.496694,49.981045]}},{"type":"Feature","properties":{"lines":"W50","arr":["W50"],"mode":"bus","angle":47.1,"extra":1,"ei":3,"l0":"W50","c0":"#066559"},"geometry":{"type":"Point","coordinates":[18.498565,49.979588]}},{"type":"Feature","properties":{"lines":"W50","arr":["W50"],"mode":"bus","angle":38.7,"extra":1,"ei":4,"l0":"W50","c0":"#066559"},"geometry":{"type":"Point","coordinates":[18.500785,49.978355]}},{"type":"Feature","properties":{"lines":"201, W50, W51","arr":["201","W50","W51"],"mode":"bus","angle":38.4,"l0":"201, ","c0":"#1da8b6","l1":"W50, ","c1":"#066559","l2":"W51","c2":"#7b3aa8"},"geometry":{"type":"Point","coordinates":[18.470665,50.00783]}},{"type":"Feature","properties":{"lines":"W09, W50","arr":["W09","W50"],"mode":"bus","angle":48.5,"l0":"W09, ","c0":"#11a2e3","l1":"W50","c1":"#066559"},"geometry":{"type":"Point","coordinates":[18.501552,49.977898]}},{"type":"Feature","properties":{"lines":"W51","arr":["W51"],"mode":"bus","angle":5.4,"mi":1,"l0":"W51","c0":"#7b3aa8"},"geometry":{"type":"Point","coordinates":[18.474044,49.974643]}},{"type":"Feature","properties":{"lines":"W51","arr":["W51"],"mode":"bus","angle":-16.1,"mi":1,"l0":"W51","c0":"#7b3aa8"},"geometry":{"type":"Point","coordinates":[18.499755,49.9693]}},{"type":"Feature","properties":{"lines":"W51","arr":["W51"],"mode":"bus","angle":5.3,"extra":1,"ei":0,"l0":"W51","c0":"#7b3aa8"},"geometry":{"type":"Point","coordinates":[18.4716,49.974791]}},{"type":"Feature","properties":{"lines":"W51","arr":["W51"],"mode":"bus","angle":9.4,"extra":1,"ei":1,"l0":"W51","c0":"#7b3aa8"},"geometry":{"type":"Point","coordinates":[18.47746,49.974428]}},{"type":"Feature","properties":{"lines":"W51","arr":["W51"],"mode":"bus","angle":21.9,"l0":"W51","c0":"#7b3aa8"},"geometry":{"type":"Point","coordinates":[18.487478,49.971723]}},{"type":"Feature","properties":{"lines":"W51","arr":["W51"],"mode":"bus","angle":14.8,"mi":2,"l0":"W51","c0":"#7b3aa8"},"geometry":{"type":"Point","coordinates":[18.464442,49.975655]}},{"type":"Feature","properties":{"lines":"W51","arr":["W51"],"mode":"bus","angle":14.6,"extra":1,"ei":0,"l0":"W51","c0":"#7b3aa8"},"geometry":{"type":"Point","coordinates":[18.495217,49.96925]}},{"type":"Feature","properties":{"lines":"W51","arr":["W51"],"mode":"bus","angle":35.4,"extra":1,"ei":1,"l0":"W51","c0":"#7b3aa8"},"geometry":{"type":"Point","coordinates":[18.492758,49.970266]}},{"type":"Feature","properties":{"lines":"W51","arr":["W51"],"mode":"bus","angle":20.9,"extra":1,"ei":2,"l0":"W51","c0":"#7b3aa8"},"geometry":{"type":"Point","coordinates":[18.490117,49.971079]}},{"type":"Feature","properties":{"lines":"W51","arr":["W51"],"mode":"bus","angle":23.7,"extra":1,"ei":3,"l0":"W51","c0":"#7b3aa8"},"geometry":{"type":"Point","coordinates":[18.484669,49.972509]}},{"type":"Feature","properties":{"lines":"W51","arr":["W51"],"mode":"bus","angle":21.8,"extra":1,"ei":4,"l0":"W51","c0":"#7b3aa8"},"geometry":{"type":"Point","coordinates":[18.48197,49.973264]}},{"type":"Feature","properties":{"lines":"W51","arr":["W51"],"mode":"bus","angle":25.8,"extra":1,"ei":5,"l0":"W51","c0":"#7b3aa8"},"geometry":{"type":"Point","coordinates":[18.479232,49.973946]}},{"type":"Feature","properties":{"lines":"W51","arr":["W51"],"mode":"bus","angle":11.4,"extra":1,"ei":0,"l0":"W51","c0":"#7b3aa8"},"geometry":{"type":"Point","coordinates":[18.466916,49.975308]}},{"type":"Feature","properties":{"lines":"W51","arr":["W51"],"mode":"bus","angle":30.8,"extra":1,"ei":1,"l0":"W51","c0":"#7b3aa8"},"geometry":{"type":"Point","coordinates":[18.461419,49.976565]}},{"type":"Feature","properties":{"lines":"W51","arr":["W51"],"mode":"bus","angle":11.7,"l0":"W51","c0":"#7b3aa8"},"geometry":{"type":"Point","coordinates":[18.469247,49.975003]}},{"type":"Feature","properties":{"lines":"W51, W59","arr":["W51","W59"],"mode":"bus","angle":-40.7,"l0":"W51, ","c0":"#7b3aa8","l1":"W59","c1":"#b20b42"},"geometry":{"type":"Point","coordinates":[18.454096,50.018829]}},{"type":"Feature","properties":{"lines":"W51, W59","arr":["W51","W59"],"mode":"bus","angle":-22.5,"extra":1,"ei":0,"l0":"W51, ","c0":"#7b3aa8","l1":"W59","c1":"#b20b42"},"geometry":{"type":"Point","coordinates":[18.449567,50.016982]}},{"type":"Feature","properties":{"lines":"W51, W59","arr":["W51","W59"],"mode":"bus","angle":-35.8,"extra":1,"ei":1,"l0":"W51, ","c0":"#7b3aa8","l1":"W59","c1":"#b20b42"},"geometry":{"type":"Point","coordinates":[18.45214,50.017888]}},{"type":"Feature","properties":{"lines":"W51, W59","arr":["W51","W59"],"mode":"bus","angle":-26.8,"extra":1,"ei":2,"l0":"W51, ","c0":"#7b3aa8","l1":"W59","c1":"#b20b42"},"geometry":{"type":"Point","coordinates":[18.456701,50.020259]}},{"type":"Feature","properties":{"lines":"W51, W59","arr":["W51","W59"],"mode":"bus","angle":-30.5,"extra":1,"ei":3,"l0":"W51, ","c0":"#7b3aa8","l1":"W59","c1":"#b20b42"},"geometry":{"type":"Point","coordinates":[18.45862,50.021618]}},{"type":"Feature","properties":{"lines":"205, 206, W51, W52, W59","arr":["205","206","W51","W52","W59"],"mode":"bus","angle":-69.9,"l0":"205, ","c0":"#6895fc","l1":"206, ","c1":"#7c5001","l2":"W51, ","c2":"#7b3aa8","l3":"W52, ","c3":"#02af5a","l4":"W59","c4":"#b20b42"},"geometry":{"type":"Point","coordinates":[18.459216,50.022016]}},{"type":"Feature","properties":{"lines":"W51","arr":["W51"],"mode":"bus","angle":24.8,"l0":"W51","c0":"#7b3aa8"},"geometry":{"type":"Point","coordinates":[18.446006,50.026836]}},{"type":"Feature","properties":{"lines":"W51","arr":["W51"],"mode":"bus","angle":-82.7,"mi":1,"l0":"W51","c0":"#7b3aa8"},"geometry":{"type":"Point","coordinates":[18.428562,50.036456]}},{"type":"Feature","properties":{"lines":"W51","arr":["W51"],"mode":"bus","angle":77.3,"extra":1,"ei":0,"l0":"W51","c0":"#7b3aa8"},"geometry":{"type":"Point","coordinates":[18.428241,50.032296]}},{"type":"Feature","properties":{"lines":"W51","arr":["W51"],"mode":"bus","angle":-83,"extra":1,"ei":1,"l0":"W51","c0":"#7b3aa8"},"geometry":{"type":"Point","coordinates":[18.428114,50.034159]}},{"type":"Feature","properties":{"lines":"W51","arr":["W51"],"mode":"bus","angle":-82,"extra":1,"ei":2,"l0":"W51","c0":"#7b3aa8"},"geometry":{"type":"Point","coordinates":[18.428867,50.037905]}},{"type":"Feature","properties":{"lines":"W51","arr":["W51"],"mode":"bus","angle":-84.8,"extra":1,"ei":3,"l0":"W51","c0":"#7b3aa8"},"geometry":{"type":"Point","coordinates":[18.428121,50.039512]}},{"type":"Feature","properties":{"lines":"W51","arr":["W51"],"mode":"bus","angle":11.6,"extra":1,"ei":0,"l0":"W51","c0":"#7b3aa8"},"geometry":{"type":"Point","coordinates":[18.432966,50.029376]}},{"type":"Feature","properties":{"lines":"W51","arr":["W51"],"mode":"bus","angle":21,"extra":1,"ei":1,"l0":"W51","c0":"#7b3aa8"},"geometry":{"type":"Point","coordinates":[18.435844,50.029065]}},{"type":"Feature","properties":{"lines":"W51","arr":["W51"],"mode":"bus","angle":7.8,"extra":1,"ei":2,"l0":"W51","c0":"#7b3aa8"},"geometry":{"type":"Point","coordinates":[18.438712,50.02866]}},{"type":"Feature","properties":{"lines":"W51","arr":["W51"],"mode":"bus","angle":14.9,"extra":1,"ei":3,"l0":"W51","c0":"#7b3aa8"},"geometry":{"type":"Point","coordinates":[18.441539,50.028154]}},{"type":"Feature","properties":{"lines":"W51","arr":["W51"],"mode":"bus","angle":24.8,"extra":1,"ei":4,"l0":"W51","c0":"#7b3aa8"},"geometry":{"type":"Point","coordinates":[18.444205,50.02737]}},{"type":"Feature","properties":{"lines":"W51","arr":["W51"],"mode":"bus","angle":20.4,"extra":1,"ei":5,"l0":"W51","c0":"#7b3aa8"},"geometry":{"type":"Point","coordinates":[18.449538,50.025796]}},{"type":"Feature","properties":{"lines":"W51","arr":["W51"],"mode":"bus","angle":20.5,"extra":1,"ei":6,"l0":"W51","c0":"#7b3aa8"},"geometry":{"type":"Point","coordinates":[18.452295,50.025133]}},{"type":"Feature","properties":{"lines":"W51","arr":["W51"],"mode":"bus","angle":40.5,"extra":1,"ei":7,"l0":"W51","c0":"#7b3aa8"},"geometry":{"type":"Point","coordinates":[18.454355,50.023978]}},{"type":"Feature","properties":{"lines":"W51","arr":["W51"],"mode":"bus","angle":21.4,"extra":1,"ei":8,"l0":"W51","c0":"#7b3aa8"},"geometry":{"type":"Point","coordinates":[18.456968,50.023129]}},{"type":"Feature","properties":{"lines":"W51","arr":["W51"],"mode":"bus","angle":66.1,"l0":"W51","c0":"#7b3aa8"},"geometry":{"type":"Point","coordinates":[18.430177,50.030632]}},{"type":"Feature","properties":{"lines":"W51","arr":["W51"],"mode":"bus","angle":39.5,"extra":1,"ei":0,"l0":"W51","c0":"#7b3aa8"},"geometry":{"type":"Point","coordinates":[18.43131,50.029565]}},{"type":"Feature","properties":{"lines":"203, 210, W51","arr":["203","210","W51"],"mode":"bus","angle":3.2,"l0":"203, ","c0":"#f57145","l1":"210, ","c1":"#126804","l2":"W51","c2":"#7b3aa8"},"geometry":{"type":"Point","coordinates":[18.416351,50.043343]}},{"type":"Feature","properties":{"lines":"203, 210, W51","arr":["203","210","W51"],"mode":"bus","angle":7.9,"extra":1,"ei":0,"l0":"203, ","c0":"#f57145","l1":"210, ","c1":"#126804","l2":"W51","c2":"#7b3aa8"},"geometry":{"type":"Point","coordinates":[18.426703,50.041388]}},{"type":"Feature","properties":{"lines":"203, 210, W51","arr":["203","210","W51"],"mode":"bus","angle":8.1,"extra":1,"ei":1,"l0":"203, ","c0":"#f57145","l1":"210, ","c1":"#126804","l2":"W51","c2":"#7b3aa8"},"geometry":{"type":"Point","coordinates":[18.42379,50.041662]}},{"type":"Feature","properties":{"lines":"203, 210, W51","arr":["203","210","W51"],"mode":"bus","angle":36.8,"extra":1,"ei":2,"l0":"203, ","c0":"#f57145","l1":"210, ","c1":"#126804","l2":"W51","c2":"#7b3aa8"},"geometry":{"type":"Point","coordinates":[18.42119,50.042458]}},{"type":"Feature","properties":{"lines":"203, 210, W51","arr":["203","210","W51"],"mode":"bus","angle":4,"extra":1,"ei":3,"l0":"203, ","c0":"#f57145","l1":"210, ","c1":"#126804","l2":"W51","c2":"#7b3aa8"},"geometry":{"type":"Point","coordinates":[18.418595,50.043251]}},{"type":"Feature","properties":{"lines":"203, 210, W51","arr":["203","210","W51"],"mode":"bus","angle":-9.8,"extra":1,"ei":4,"l0":"203, ","c0":"#f57145","l1":"210, ","c1":"#126804","l2":"W51","c2":"#7b3aa8"},"geometry":{"type":"Point","coordinates":[18.412727,50.043341]}},{"type":"Feature","properties":{"lines":"203, 210, W51","arr":["203","210","W51"],"mode":"bus","angle":-10.3,"extra":1,"ei":5,"l0":"203, ","c0":"#f57145","l1":"210, ","c1":"#126804","l2":"W51","c2":"#7b3aa8"},"geometry":{"type":"Point","coordinates":[18.409837,50.042984]}},{"type":"Feature","properties":{"lines":"203, 210, W51","arr":["203","210","W51"],"mode":"bus","angle":-11.1,"extra":1,"ei":6,"l0":"203, ","c0":"#f57145","l1":"210, ","c1":"#126804","l2":"W51","c2":"#7b3aa8"},"geometry":{"type":"Point","coordinates":[18.406944,50.042634]}},{"type":"Feature","properties":{"lines":"203, 210, W51","arr":["203","210","W51"],"mode":"bus","angle":21.4,"extra":1,"ei":7,"l0":"203, ","c0":"#f57145","l1":"210, ","c1":"#126804","l2":"W51","c2":"#7b3aa8"},"geometry":{"type":"Point","coordinates":[18.404071,50.042425]}},{"type":"Feature","properties":{"lines":"201, 202, 203, 204, 210, W51, W52","arr":["201","202","203","204","210","W51","W52"],"mode":"bus","angle":-15.9,"side":-1,"l0":"201, ","c0":"#1da8b6","l1":"202, ","c1":"#095d97","l2":"203, ","c2":"#f57145","l3":"204, ","c3":"#992492","l4":"210, ","c4":"#126804","l5":"W51, ","c5":"#7b3aa8","l6":"W52","c6":"#02af5a"},"geometry":{"type":"Point","coordinates":[18.397875,50.040466]}},{"type":"Feature","properties":{"lines":"W52","arr":["W52"],"mode":"bus","angle":-86.8,"l0":"W52","c0":"#02af5a"},"geometry":{"type":"Point","coordinates":[18.382985,50.027271]}},{"type":"Feature","properties":{"lines":"W52","arr":["W52"],"mode":"bus","angle":-66.4,"extra":1,"ei":0,"l0":"W52","c0":"#02af5a"},"geometry":{"type":"Point","coordinates":[18.377702,50.014312]}},{"type":"Feature","properties":{"lines":"W52","arr":["W52"],"mode":"bus","angle":-58.3,"extra":1,"ei":1,"l0":"W52","c0":"#02af5a"},"geometry":{"type":"Point","coordinates":[18.379073,50.015978]}},{"type":"Feature","properties":{"lines":"W52","arr":["W52"],"mode":"bus","angle":-62.7,"extra":1,"ei":2,"l0":"W52","c0":"#02af5a"},"geometry":{"type":"Point","coordinates":[18.380604,50.01759]}},{"type":"Feature","properties":{"lines":"W52","arr":["W52"],"mode":"bus","angle":-75.4,"extra":1,"ei":3,"l0":"W52","c0":"#02af5a"},"geometry":{"type":"Point","coordinates":[18.381468,50.019388]}},{"type":"Feature","properties":{"lines":"W52","arr":["W52"],"mode":"bus","angle":-75.6,"extra":1,"ei":4,"l0":"W52","c0":"#02af5a"},"geometry":{"type":"Point","coordinates":[18.382193,50.021218]}},{"type":"Feature","properties":{"lines":"W52","arr":["W52"],"mode":"bus","angle":-79.8,"extra":1,"ei":5,"l0":"W52","c0":"#02af5a"},"geometry":{"type":"Point","coordinates":[18.382901,50.023051]}},{"type":"Feature","properties":{"lines":"W52","arr":["W52"],"mode":"bus","angle":89.1,"extra":1,"ei":6,"l0":"W52","c0":"#02af5a"},"geometry":{"type":"Point","coordinates":[18.383022,50.024935]}},{"type":"Feature","properties":{"lines":"W52","arr":["W52"],"mode":"bus","angle":-81.2,"extra":1,"ei":7,"l0":"W52","c0":"#02af5a"},"geometry":{"type":"Point","coordinates":[18.383214,50.028701]}},{"type":"Feature","properties":{"lines":"W52","arr":["W52"],"mode":"bus","angle":-77,"extra":1,"ei":8,"l0":"W52","c0":"#02af5a"},"geometry":{"type":"Point","coordinates":[18.38371,50.030562]}},{"type":"Feature","properties":{"lines":"W52","arr":["W52"],"mode":"bus","angle":-70.7,"extra":1,"ei":9,"l0":"W52","c0":"#02af5a"},"geometry":{"type":"Point","coordinates":[18.384566,50.032369]}},{"type":"Feature","properties":{"lines":"W52","arr":["W52"],"mode":"bus","angle":-44.8,"extra":1,"ei":10,"l0":"W52","c0":"#02af5a"},"geometry":{"type":"Point","coordinates":[18.386115,50.033943]}},{"type":"Feature","properties":{"lines":"W52","arr":["W52"],"mode":"bus","angle":-53.9,"extra":1,"ei":11,"l0":"W52","c0":"#02af5a"},"geometry":{"type":"Point","coordinates":[18.388116,50.035322]}},{"type":"Feature","properties":{"lines":"W52","arr":["W52"],"mode":"bus","angle":-36,"extra":1,"ei":12,"l0":"W52","c0":"#02af5a"},"geometry":{"type":"Point","coordinates":[18.390056,50.036724]}},{"type":"Feature","properties":{"lines":"W52","arr":["W52"],"mode":"bus","angle":-25.7,"extra":1,"ei":13,"l0":"W52","c0":"#02af5a"},"geometry":{"type":"Point","coordinates":[18.392517,50.037754]}},{"type":"Feature","properties":{"lines":"201, 202, 204, 210, W52","arr":["201","202","204","210","W52"],"mode":"bus","angle":62.1,"l0":"201, ","c0":"#1da8b6","l1":"202, ","c1":"#095d97","l2":"204, ","c2":"#992492","l3":"210, ","c3":"#126804","l4":"W52","c4":"#02af5a"},"geometry":{"type":"Point","coordinates":[18.403115,50.026432]}},{"type":"Feature","properties":{"lines":"201, 202, 204, 210, W52","arr":["201","202","204","210","W52"],"mode":"bus","angle":72.3,"extra":1,"ei":0,"l0":"201, ","c0":"#1da8b6","l1":"202, ","c1":"#095d97","l2":"204, ","c2":"#992492","l3":"210, ","c3":"#126804","l4":"W52","c4":"#02af5a"},"geometry":{"type":"Point","coordinates":[18.394794,50.039024]}},{"type":"Feature","properties":{"lines":"201, 202, 204, 210, W52","arr":["201","202","204","210","W52"],"mode":"bus","angle":71.2,"side":-1,"extra":1,"ei":1,"l0":"201, ","c0":"#1da8b6","l1":"202, ","c1":"#095d97","l2":"204, ","c2":"#992492","l3":"210, ","c3":"#126804","l4":"W52","c4":"#02af5a"},"geometry":{"type":"Point","coordinates":[18.395989,50.037306]}},{"type":"Feature","properties":{"lines":"201, 202, 204, 210, W52","arr":["201","202","204","210","W52"],"mode":"bus","angle":77,"extra":1,"ei":2,"l0":"201, ","c0":"#1da8b6","l1":"202, ","c1":"#095d97","l2":"204, ","c2":"#992492","l3":"210, ","c3":"#126804","l4":"W52","c4":"#02af5a"},"geometry":{"type":"Point","coordinates":[18.39687,50.035511]}},{"type":"Feature","properties":{"lines":"201, 202, 204, 210, W52","arr":["201","202","204","210","W52"],"mode":"bus","angle":60.3,"extra":1,"ei":3,"l0":"201, ","c0":"#1da8b6","l1":"202, ","c1":"#095d97","l2":"204, ","c2":"#992492","l3":"210, ","c3":"#126804","l4":"W52","c4":"#02af5a"},"geometry":{"type":"Point","coordinates":[18.397884,50.033744]}},{"type":"Feature","properties":{"lines":"201, 202, 204, 210, W52","arr":["201","202","204","210","W52"],"mode":"bus","angle":62.7,"extra":1,"ei":4,"l0":"201, ","c0":"#1da8b6","l1":"202, ","c1":"#095d97","l2":"204, ","c2":"#992492","l3":"210, ","c3":"#126804","l4":"W52","c4":"#02af5a"},"geometry":{"type":"Point","coordinates":[18.399286,50.032086]}},{"type":"Feature","properties":{"lines":"201, 202, 204, 210, W52","arr":["201","202","204","210","W52"],"mode":"bus","angle":69.1,"extra":1,"ei":5,"l0":"201, ","c0":"#1da8b6","l1":"202, ","c1":"#095d97","l2":"204, ","c2":"#992492","l3":"210, ","c3":"#126804","l4":"W52","c4":"#02af5a"},"geometry":{"type":"Point","coordinates":[18.400589,50.030394]}},{"type":"Feature","properties":{"lines":"201, 202, 204, 210, W52","arr":["201","202","204","210","W52"],"mode":"bus","angle":69.4,"extra":1,"ei":6,"l0":"201, ","c0":"#1da8b6","l1":"202, ","c1":"#095d97","l2":"204, ","c2":"#992492","l3":"210, ","c3":"#126804","l4":"W52","c4":"#02af5a"},"geometry":{"type":"Point","coordinates":[18.401635,50.028629]}},{"type":"Feature","properties":{"lines":"201, 202, 204, 210, W52","arr":["201","202","204","210","W52"],"mode":"bus","angle":60.6,"extra":1,"ei":7,"l0":"201, ","c0":"#1da8b6","l1":"202, ","c1":"#095d97","l2":"204, ","c2":"#992492","l3":"210, ","c3":"#126804","l4":"W52","c4":"#02af5a"},"geometry":{"type":"Point","coordinates":[18.404164,50.025225]}},{"type":"Feature","properties":{"lines":"201, 202, 204, 210, W52","arr":["201","202","204","210","W52"],"mode":"bus","angle":59.2,"extra":1,"ei":8,"l0":"201, ","c0":"#1da8b6","l1":"202, ","c1":"#095d97","l2":"204, ","c2":"#992492","l3":"210, ","c3":"#126804","l4":"W52","c4":"#02af5a"},"geometry":{"type":"Point","coordinates":[18.405654,50.023597]}},{"type":"Feature","properties":{"lines":"201, 202, 204, 210, W52","arr":["201","202","204","210","W52"],"mode":"bus","angle":61.4,"extra":1,"ei":9,"l0":"201, ","c0":"#1da8b6","l1":"202, ","c1":"#095d97","l2":"204, ","c2":"#992492","l3":"210, ","c3":"#126804","l4":"W52","c4":"#02af5a"},"geometry":{"type":"Point","coordinates":[18.407134,50.021965]}},{"type":"Feature","properties":{"lines":"201, 202, 204, 210, W52","arr":["201","202","204","210","W52"],"mode":"bus","angle":61.1,"extra":1,"ei":10,"l0":"201, ","c0":"#1da8b6","l1":"202, ","c1":"#095d97","l2":"204, ","c2":"#992492","l3":"210, ","c3":"#126804","l4":"W52","c4":"#02af5a"},"geometry":{"type":"Point","coordinates":[18.408555,50.020311]}},{"type":"Feature","properties":{"lines":"201, 202, 204, 210, W52","arr":["201","202","204","210","W52"],"mode":"bus","angle":62.3,"extra":1,"ei":11,"l0":"201, ","c0":"#1da8b6","l1":"202, ","c1":"#095d97","l2":"204, ","c2":"#992492","l3":"210, ","c3":"#126804","l4":"W52","c4":"#02af5a"},"geometry":{"type":"Point","coordinates":[18.409964,50.018653]}},{"type":"Feature","properties":{"lines":"201, 202, 204, 210, W52","arr":["201","202","204","210","W52"],"mode":"bus","angle":60.7,"extra":1,"ei":12,"l0":"201, ","c0":"#1da8b6","l1":"202, ","c1":"#095d97","l2":"204, ","c2":"#992492","l3":"210, ","c3":"#126804","l4":"W52","c4":"#02af5a"},"geometry":{"type":"Point","coordinates":[18.411358,50.016989]}},{"type":"Feature","properties":{"lines":"201, 202, 204, 210, W52","arr":["201","202","204","210","W52"],"mode":"bus","angle":43.7,"extra":1,"ei":13,"l0":"201, ","c0":"#1da8b6","l1":"202, ","c1":"#095d97","l2":"204, ","c2":"#992492","l3":"210, ","c3":"#126804","l4":"W52","c4":"#02af5a"},"geometry":{"type":"Point","coordinates":[18.413082,50.015467]}},{"type":"Feature","properties":{"lines":"201, 202, 204, 210, W52","arr":["201","202","204","210","W52"],"mode":"bus","angle":30.6,"extra":1,"ei":14,"l0":"201, ","c0":"#1da8b6","l1":"202, ","c1":"#095d97","l2":"204, ","c2":"#992492","l3":"210, ","c3":"#126804","l4":"W52","c4":"#02af5a"},"geometry":{"type":"Point","coordinates":[18.415413,50.014326]}},{"type":"Feature","properties":{"lines":"W52","arr":["W52"],"mode":"bus","angle":79.9,"mi":1,"l0":"W52","c0":"#02af5a"},"geometry":{"type":"Point","coordinates":[18.398806,50.039106]}},{"type":"Feature","properties":{"lines":"W52","arr":["W52"],"mode":"bus","angle":-63,"l0":"W52","c0":"#02af5a"},"geometry":{"type":"Point","coordinates":[18.396211,50.037979]}},{"type":"Feature","properties":{"lines":"W52","arr":["W52"],"mode":"bus","angle":70.2,"l0":"W52","c0":"#02af5a"},"geometry":{"type":"Point","coordinates":[18.435885,50.007802]}},{"type":"Feature","properties":{"lines":"W52","arr":["W52"],"mode":"bus","angle":69.1,"extra":1,"ei":0,"l0":"W52","c0":"#02af5a"},"geometry":{"type":"Point","coordinates":[18.437292,50.003833]}},{"type":"Feature","properties":{"lines":"W52","arr":["W52"],"mode":"bus","angle":81.5,"extra":1,"ei":1,"l0":"W52","c0":"#02af5a"},"geometry":{"type":"Point","coordinates":[18.436246,50.005591]}},{"type":"Feature","properties":{"lines":"W52","arr":["W52"],"mode":"bus","angle":57.8,"extra":1,"ei":2,"l0":"W52","c0":"#02af5a"},"geometry":{"type":"Point","coordinates":[18.434741,50.009154]}},{"type":"Feature","properties":{"lines":"W52","arr":["W52"],"mode":"bus","angle":53.9,"extra":1,"ei":3,"l0":"W52","c0":"#02af5a"},"geometry":{"type":"Point","coordinates":[18.433824,50.010909]}},{"type":"Feature","properties":{"lines":"W52, W53","arr":["W52","W53"],"mode":"bus","angle":22,"l0":"W52, ","c0":"#02af5a","l1":"W53","c1":"#f57145"},"geometry":{"type":"Point","coordinates":[18.445314,50.000043]}},{"type":"Feature","properties":{"lines":"W52, W53","arr":["W52","W53"],"mode":"bus","angle":43,"extra":1,"ei":0,"l0":"W52, ","c0":"#02af5a","l1":"W53","c1":"#f57145"},"geometry":{"type":"Point","coordinates":[18.438944,50.002314]}},{"type":"Feature","properties":{"lines":"W52, W53","arr":["W52","W53"],"mode":"bus","angle":28.4,"extra":1,"ei":1,"l0":"W52, ","c0":"#02af5a","l1":"W53","c1":"#f57145"},"geometry":{"type":"Point","coordinates":[18.441233,50.001136]}},{"type":"Feature","properties":{"lines":"W52, W53","arr":["W52","W53"],"mode":"bus","angle":7.3,"extra":1,"ei":2,"l0":"W52, ","c0":"#02af5a","l1":"W53","c1":"#f57145"},"geometry":{"type":"Point","coordinates":[18.44946,49.999117]}},{"type":"Feature","properties":{"lines":"W52, W53","arr":["W52","W53"],"mode":"bus","angle":6.3,"extra":1,"ei":3,"l0":"W52, ","c0":"#02af5a","l1":"W53","c1":"#f57145"},"geometry":{"type":"Point","coordinates":[18.452385,49.998904]}},{"type":"Feature","properties":{"lines":"205, 206, W52","arr":["205","206","W52"],"mode":"bus","angle":-71.6,"l0":"205, ","c0":"#6895fc","l1":"206, ","c1":"#7c5001","l2":"W52","c2":"#02af5a"},"geometry":{"type":"Point","coordinates":[18.459165,50.017998]}},{"type":"Feature","properties":{"lines":"205, 206, W52","arr":["205","206","W52"],"mode":"bus","angle":-79.8,"extra":1,"ei":0,"l0":"205, ","c0":"#6895fc","l1":"206, ","c1":"#7c5001","l2":"W52","c2":"#02af5a"},"geometry":{"type":"Point","coordinates":[18.459592,50.015071]}},{"type":"Feature","properties":{"lines":"205, 206, W52","arr":["205","206","W52"],"mode":"bus","angle":-84.3,"extra":1,"ei":1,"l0":"205, ","c0":"#6895fc","l1":"206, ","c1":"#7c5001","l2":"W52","c2":"#02af5a"},"geometry":{"type":"Point","coordinates":[18.458662,50.020474]}},{"type":"Feature","properties":{"lines":"W52","arr":["W52"],"mode":"bus","angle":18.5,"l0":"W52","c0":"#02af5a"},"geometry":{"type":"Point","coordinates":[18.47043,50.022126]}},{"type":"Feature","properties":{"lines":"W52","arr":["W52"],"mode":"bus","angle":36.4,"extra":1,"ei":0,"l0":"W52","c0":"#02af5a"},"geometry":{"type":"Point","coordinates":[18.478849,50.019681]}},{"type":"Feature","properties":{"lines":"W52","arr":["W52"],"mode":"bus","angle":23.5,"extra":1,"ei":1,"l0":"W52","c0":"#02af5a"},"geometry":{"type":"Point","coordinates":[18.476437,50.020758]}},{"type":"Feature","properties":{"lines":"W52","arr":["W52"],"mode":"bus","angle":26.7,"extra":1,"ei":2,"l0":"W52","c0":"#02af5a"},"geometry":{"type":"Point","coordinates":[18.473639,50.021311]}},{"type":"Feature","properties":{"lines":"W52","arr":["W52"],"mode":"bus","angle":17.8,"extra":1,"ei":3,"l0":"W52","c0":"#02af5a"},"geometry":{"type":"Point","coordinates":[18.468125,50.022614]}},{"type":"Feature","properties":{"lines":"W52","arr":["W52"],"mode":"bus","angle":-4,"extra":1,"ei":4,"l0":"W52","c0":"#02af5a"},"geometry":{"type":"Point","coordinates":[18.465219,50.022736]}},{"type":"Feature","properties":{"lines":"W52","arr":["W52"],"mode":"bus","angle":3.9,"extra":1,"ei":5,"l0":"W52","c0":"#02af5a"},"geometry":{"type":"Point","coordinates":[18.46228,50.022792]}},{"type":"Feature","properties":{"lines":"201, 202, 203, W10, W52","arr":["201","202","203","W10","W52"],"mode":"bus","angle":-63.3,"l0":"201, ","c0":"#1da8b6","l1":"202, ","c1":"#095d97","l2":"203, ","c2":"#f57145","l3":"W10, ","c3":"#6b5806","l4":"W52","c4":"#02af5a"},"geometry":{"type":"Point","coordinates":[18.477898,50.016318]}},{"type":"Feature","properties":{"lines":"201, 202, 203, W10, W52","arr":["201","202","203","W10","W52"],"mode":"bus","angle":-64.3,"extra":1,"ei":0,"l0":"201, ","c0":"#1da8b6","l1":"202, ","c1":"#095d97","l2":"203, ","c2":"#f57145","l3":"W10, ","c3":"#6b5806","l4":"W52","c4":"#02af5a"},"geometry":{"type":"Point","coordinates":[18.479407,50.018286]}},{"type":"Feature","properties":{"lines":"201, 202, 203, W10, W52","arr":["201","202","203","W10","W52"],"mode":"bus","angle":-63.9,"extra":1,"ei":1,"l0":"201, ","c0":"#1da8b6","l1":"202, ","c1":"#095d97","l2":"203, ","c2":"#f57145","l3":"W10, ","c3":"#6b5806","l4":"W52","c4":"#02af5a"},"geometry":{"type":"Point","coordinates":[18.476821,50.014893]}},{"type":"Feature","properties":{"lines":"202, 203, W10, W52","arr":["202","203","W10","W52"],"mode":"bus","angle":-58.3,"l0":"202, ","c0":"#095d97","l1":"203, ","c1":"#f57145","l2":"W10, ","c2":"#6b5806","l3":"W52","c3":"#02af5a"},"geometry":{"type":"Point","coordinates":[18.475582,50.01334]}},{"type":"Feature","properties":{"lines":"208, 209, W52","arr":["208","209","W52"],"mode":"bus","angle":-24.9,"l0":"208, ","c0":"#0357b2","l1":"209, ","c1":"#b11526","l2":"W52","c2":"#02af5a"},"geometry":{"type":"Point","coordinates":[18.486088,50.014454]}},{"type":"Feature","properties":{"lines":"208, 209, W52","arr":["208","209","W52"],"mode":"bus","angle":-14.6,"extra":1,"ei":0,"l0":"208, ","c0":"#0357b2","l1":"209, ","c1":"#b11526","l2":"W52","c2":"#02af5a"},"geometry":{"type":"Point","coordinates":[18.495346,50.016014]}},{"type":"Feature","properties":{"lines":"208, 209, W52","arr":["208","209","W52"],"mode":"bus","angle":-14.2,"extra":1,"ei":1,"l0":"208, ","c0":"#0357b2","l1":"209, ","c1":"#b11526","l2":"W52","c2":"#02af5a"},"geometry":{"type":"Point","coordinates":[18.492486,50.015567]}},{"type":"Feature","properties":{"lines":"208, 209, W52","arr":["208","209","W52"],"mode":"bus","angle":-14,"extra":1,"ei":2,"l0":"208, ","c0":"#0357b2","l1":"209, ","c1":"#b11526","l2":"W52","c2":"#02af5a"},"geometry":{"type":"Point","coordinates":[18.489628,50.015112]}},{"type":"Feature","properties":{"lines":"208, 209, W52","arr":["208","209","W52"],"mode":"bus","angle":-24.8,"extra":1,"ei":3,"l0":"208, ","c0":"#0357b2","l1":"209, ","c1":"#b11526","l2":"W52","c2":"#02af5a"},"geometry":{"type":"Point","coordinates":[18.484097,50.013861]}},{"type":"Feature","properties":{"lines":"208, 209, W52","arr":["208","209","W52"],"mode":"bus","angle":-28.7,"extra":1,"ei":4,"l0":"208, ","c0":"#0357b2","l1":"209, ","c1":"#b11526","l2":"W52","c2":"#02af5a"},"geometry":{"type":"Point","coordinates":[18.481468,50.013013]}},{"type":"Feature","properties":{"lines":"208, 209, W52","arr":["208","209","W52"],"mode":"bus","angle":1,"extra":1,"ei":5,"l0":"208, ","c0":"#0357b2","l1":"209, ","c1":"#b11526","l2":"W52","c2":"#02af5a"},"geometry":{"type":"Point","coordinates":[18.478779,50.012304]}},{"type":"Feature","properties":{"lines":"208, 209, W52","arr":["208","209","W52"],"mode":"bus","angle":14.6,"extra":1,"ei":6,"l0":"208, ","c0":"#0357b2","l1":"209, ","c1":"#b11526","l2":"W52","c2":"#02af5a"},"geometry":{"type":"Point","coordinates":[18.475888,50.01265]}},{"type":"Feature","properties":{"lines":"W52","arr":["W52"],"mode":"bus","angle":66.8,"l0":"W52","c0":"#02af5a"},"geometry":{"type":"Point","coordinates":[18.47561,50.012875]}},{"type":"Feature","properties":{"lines":"201, 203, W10, W52","arr":["201","203","W10","W52"],"mode":"bus","angle":-68.1,"side":-1,"l0":"201, ","c0":"#1da8b6","l1":"203, ","c1":"#f57145","l2":"W10, ","c2":"#6b5806","l3":"W52","c3":"#02af5a"},"geometry":{"type":"Point","coordinates":[18.475667,50.013315]}},{"type":"Feature","properties":{"lines":"W53","arr":["W53"],"mode":"bus","angle":63.3,"l0":"W53","c0":"#f57145"},"geometry":{"type":"Point","coordinates":[18.449704,49.980015]}},{"type":"Feature","properties":{"lines":"W53","arr":["W53"],"mode":"bus","angle":56.7,"mi":1,"l0":"W53","c0":"#f57145"},"geometry":{"type":"Point","coordinates":[18.443108,49.986588]}},{"type":"Feature","properties":{"lines":"W53","arr":["W53"],"mode":"bus","angle":60.4,"extra":1,"ei":0,"l0":"W53","c0":"#f57145"},"geometry":{"type":"Point","coordinates":[18.448503,49.981418]}},{"type":"Feature","properties":{"lines":"W53","arr":["W53"],"mode":"bus","angle":53.6,"extra":1,"ei":1,"l0":"W53","c0":"#f57145"},"geometry":{"type":"Point","coordinates":[18.446958,49.983024]}},{"type":"Feature","properties":{"lines":"W53","arr":["W53"],"mode":"bus","angle":55.1,"extra":1,"ei":2,"l0":"W53","c0":"#f57145"},"geometry":{"type":"Point","coordinates":[18.445258,49.984565]}},{"type":"Feature","properties":{"lines":"W53","arr":["W53"],"mode":"bus","angle":47.8,"extra":1,"ei":3,"l0":"W53","c0":"#f57145"},"geometry":{"type":"Point","coordinates":[18.441846,49.987638]}},{"type":"Feature","properties":{"lines":"W53","arr":["W53"],"mode":"bus","angle":70.2,"extra":1,"ei":4,"l0":"W53","c0":"#f57145"},"geometry":{"type":"Point","coordinates":[18.440037,49.989121]}},{"type":"Feature","properties":{"lines":"W53","arr":["W53"],"mode":"bus","angle":81.2,"extra":1,"ei":5,"l0":"W53","c0":"#f57145"},"geometry":{"type":"Point","coordinates":[18.440031,49.990695]}},{"type":"Feature","properties":{"lines":"W53","arr":["W53"],"mode":"bus","angle":67.4,"extra":1,"ei":6,"l0":"W53","c0":"#f57145"},"geometry":{"type":"Point","coordinates":[18.439145,49.992459]}},{"type":"Feature","properties":{"lines":"W53","arr":["W53"],"mode":"bus","angle":74.1,"mi":2,"l0":"W53","c0":"#f57145"},"geometry":{"type":"Point","coordinates":[18.424576,49.991888]}},{"type":"Feature","properties":{"lines":"W53","arr":["W53"],"mode":"bus","angle":9.9,"extra":1,"ei":0,"l0":"W53","c0":"#f57145"},"geometry":{"type":"Point","coordinates":[18.427704,49.98885]}},{"type":"Feature","properties":{"lines":"W53","arr":["W53"],"mode":"bus","angle":79.5,"extra":1,"ei":1,"l0":"W53","c0":"#f57145"},"geometry":{"type":"Point","coordinates":[18.425813,49.990054]}},{"type":"Feature","properties":{"lines":"W53","arr":["W53"],"mode":"bus","angle":-60.3,"extra":1,"ei":2,"l0":"W53","c0":"#f57145"},"geometry":{"type":"Point","coordinates":[18.424129,49.993305]}},{"type":"Feature","properties":{"lines":"W53","arr":["W53"],"mode":"bus","angle":-53.2,"extra":1,"ei":3,"l0":"W53","c0":"#f57145"},"geometry":{"type":"Point","coordinates":[18.425854,49.994835]}},{"type":"Feature","properties":{"lines":"W53","arr":["W53"],"mode":"bus","angle":-48.1,"l0":"W53","c0":"#f57145"},"geometry":{"type":"Point","coordinates":[18.434186,49.996735]}},{"type":"Feature","properties":{"lines":"W53","arr":["W53"],"mode":"bus","angle":-20.4,"extra":1,"ei":0,"l0":"W53","c0":"#f57145"},"geometry":{"type":"Point","coordinates":[18.428344,49.996099]}},{"type":"Feature","properties":{"lines":"W53","arr":["W53"],"mode":"bus","angle":-2.5,"extra":1,"ei":1,"l0":"W53","c0":"#f57145"},"geometry":{"type":"Point","coordinates":[18.431135,49.996398]}},{"type":"Feature","properties":{"lines":"W53","arr":["W53"],"mode":"bus","angle":-45.7,"extra":1,"ei":2,"l0":"W53","c0":"#f57145"},"geometry":{"type":"Point","coordinates":[18.435931,49.997952]}},{"type":"Feature","properties":{"lines":"W53","arr":["W53"],"mode":"bus","angle":-49.1,"extra":1,"ei":3,"l0":"W53","c0":"#f57145"},"geometry":{"type":"Point","coordinates":[18.437861,49.999376]}},{"type":"Feature","properties":{"lines":"W53","arr":["W53"],"mode":"bus","angle":77,"mi":1,"l0":"W53","c0":"#f57145"},"geometry":{"type":"Point","coordinates":[18.438033,50.001586]}},{"type":"Feature","properties":{"lines":"W59","arr":["W59"],"mode":"bus","angle":15.1,"mi":1,"l0":"W59","c0":"#b20b42"},"geometry":{"type":"Point","coordinates":[18.427062,50.067664]}},{"type":"Feature","properties":{"lines":"W59","arr":["W59"],"mode":"bus","angle":73.3,"l0":"W59","c0":"#b20b42"},"geometry":{"type":"Point","coordinates":[18.427751,50.067313]}},{"type":"Feature","properties":{"lines":"201, 202, 203, W59","arr":["201","202","203","W59"],"mode":"bus","angle":-64.4,"l0":"201, ","c0":"#1da8b6","l1":"202, ","c1":"#095d97","l2":"203, ","c2":"#f57145","l3":"W59","c3":"#b20b42"},"geometry":{"type":"Point","coordinates":[18.471984,50.049215]}},{"type":"Feature","properties":{"lines":"201, 202, 203, W59","arr":["201","202","203","W59"],"mode":"bus","angle":-85.3,"side":-1,"extra":1,"ei":0,"l0":"201, ","c0":"#1da8b6","l1":"202, ","c1":"#095d97","l2":"203, ","c2":"#f57145","l3":"W59","c3":"#b20b42"},"geometry":{"type":"Point","coordinates":[18.471399,50.047951]}},{"type":"Feature","properties":{"lines":"201, 202, 203","arr":["201","202","203"],"mode":"bus","angle":-16.8,"l0":"201, ","c0":"#1da8b6","l1":"202, ","c1":"#095d97","l2":"203","c2":"#f57145"},"geometry":{"type":"Point","coordinates":[18.458061,50.046717]}},{"type":"Feature","properties":{"lines":"201, 202, 203, W59","arr":["201","202","203","W59"],"mode":"bus","angle":-6.1,"mi":1,"l0":"201, ","c0":"#1da8b6","l1":"202, ","c1":"#095d97","l2":"203, ","c2":"#f57145","l3":"W59","c3":"#b20b42"},"geometry":{"type":"Point","coordinates":[18.466281,50.047729]}},{"type":"Feature","properties":{"lines":"201, 202, 203, W59","arr":["201","202","203","W59"],"mode":"bus","angle":-6.2,"extra":1,"ei":0,"l0":"201, ","c0":"#1da8b6","l1":"202, ","c1":"#095d97","l2":"203, ","c2":"#f57145","l3":"W59","c3":"#b20b42"},"geometry":{"type":"Point","coordinates":[18.462654,50.047471]}},{"type":"Feature","properties":{"lines":"201, 202, 203, W59","arr":["201","202","203","W59"],"mode":"bus","angle":-4.5,"extra":1,"ei":1,"l0":"201, ","c0":"#1da8b6","l1":"202, ","c1":"#095d97","l2":"203, ","c2":"#f57145","l3":"W59","c3":"#b20b42"},"geometry":{"type":"Point","coordinates":[18.468506,50.047884]}},{"type":"Feature","properties":{"lines":"W59","arr":["W59"],"mode":"bus","angle":-85.7,"mi":1,"l0":"W59","c0":"#b20b42"},"geometry":{"type":"Point","coordinates":[18.461328,50.046442]}},{"type":"Feature","properties":{"lines":"W59","arr":["W59"],"mode":"bus","angle":84.1,"l0":"W59","c0":"#b20b42"},"geometry":{"type":"Point","coordinates":[18.460473,50.045357]}},{"type":"Feature","properties":{"lines":"W59","arr":["W59"],"mode":"bus","angle":-7.1,"mi":2,"l0":"W59","c0":"#b20b42"},"geometry":{"type":"Point","coordinates":[18.458678,50.044272]}},{"type":"Feature","properties":{"lines":"205, 206","arr":["205","206"],"mode":"bus","angle":67.8,"l0":"205, ","c0":"#6895fc","l1":"206","c1":"#7c5001"},"geometry":{"type":"Point","coordinates":[18.455737,50.045383]}},{"type":"Feature","properties":{"lines":"205, 206","arr":["205","206"],"mode":"bus","angle":71,"side":-1,"extra":1,"ei":0,"l0":"205, ","c0":"#6895fc","l1":"206","c1":"#7c5001"},"geometry":{"type":"Point","coordinates":[18.454981,50.04655]}},{"type":"Feature","properties":{"lines":"205, 206, W59","arr":["205","206","W59"],"mode":"bus","angle":74.1,"l0":"205, ","c0":"#6895fc","l1":"206, ","c1":"#7c5001","l2":"W59","c2":"#b20b42"},"geometry":{"type":"Point","coordinates":[18.461339,50.033719]}},{"type":"Feature","properties":{"lines":"205, 206, W59","arr":["205","206","W59"],"mode":"bus","angle":66.2,"extra":1,"ei":0,"l0":"205, ","c0":"#6895fc","l1":"206, ","c1":"#7c5001","l2":"W59","c2":"#b20b42"},"geometry":{"type":"Point","coordinates":[18.457278,50.043073]}},{"type":"Feature","properties":{"lines":"205, 206, W59","arr":["205","206","W59"],"mode":"bus","angle":47.1,"extra":1,"ei":1,"l0":"205, ","c0":"#6895fc","l1":"206, ","c1":"#7c5001","l2":"W59","c2":"#b20b42"},"geometry":{"type":"Point","coordinates":[18.458557,50.041376]}},{"type":"Feature","properties":{"lines":"205, 206, W59","arr":["205","206","W59"],"mode":"bus","angle":65.1,"extra":1,"ei":2,"l0":"205, ","c0":"#6895fc","l1":"206, ","c1":"#7c5001","l2":"W59","c2":"#b20b42"},"geometry":{"type":"Point","coordinates":[18.459416,50.039745]}},{"type":"Feature","properties":{"lines":"205, 206, W59","arr":["205","206","W59"],"mode":"bus","angle":60,"extra":1,"ei":3,"l0":"205, ","c0":"#6895fc","l1":"206, ","c1":"#7c5001","l2":"W59","c2":"#b20b42"},"geometry":{"type":"Point","coordinates":[18.46066,50.038034]}},{"type":"Feature","properties":{"lines":"205, 206, W59","arr":["205","206","W59"],"mode":"bus","angle":-74,"extra":1,"ei":4,"l0":"205, ","c0":"#6895fc","l1":"206, ","c1":"#7c5001","l2":"W59","c2":"#b20b42"},"geometry":{"type":"Point","coordinates":[18.46144,50.036395]}},{"type":"Feature","properties":{"lines":"205, 206, W59","arr":["205","206","W59"],"mode":"bus","angle":-78.8,"extra":1,"ei":5,"l0":"205, ","c0":"#6895fc","l1":"206, ","c1":"#7c5001","l2":"W59","c2":"#b20b42"},"geometry":{"type":"Point","coordinates":[18.461088,50.03086]}},{"type":"Feature","properties":{"lines":"205, 206, W59","arr":["205","206","W59"],"mode":"bus","angle":-70.5,"extra":1,"ei":6,"l0":"205, ","c0":"#6895fc","l1":"206, ","c1":"#7c5001","l2":"W59","c2":"#b20b42"},"geometry":{"type":"Point","coordinates":[18.460954,50.028995]}},{"type":"Feature","properties":{"lines":"205, 206, W59","arr":["205","206","W59"],"mode":"bus","angle":-72.1,"extra":1,"ei":7,"l0":"205, ","c0":"#6895fc","l1":"206, ","c1":"#7c5001","l2":"W59","c2":"#b20b42"},"geometry":{"type":"Point","coordinates":[18.459861,50.027242]}},{"type":"Feature","properties":{"lines":"205, 206, W59","arr":["205","206","W59"],"mode":"bus","angle":67.5,"extra":1,"ei":8,"l0":"205, ","c0":"#6895fc","l1":"206, ","c1":"#7c5001","l2":"W59","c2":"#b20b42"},"geometry":{"type":"Point","coordinates":[18.459506,50.025405]}},{"type":"Feature","properties":{"lines":"205, 206, W59","arr":["205","206","W59"],"mode":"bus","angle":-83.8,"extra":1,"ei":9,"l0":"205, ","c0":"#6895fc","l1":"206, ","c1":"#7c5001","l2":"W59","c2":"#b20b42"},"geometry":{"type":"Point","coordinates":[18.46008,50.023622]}},{"type":"Feature","properties":{"lines":"201, 202, 204, 207, 210, W59","arr":["201","202","204","207","210","W59"],"mode":"bus","angle":39.6,"l0":"201, ","c0":"#1da8b6","l1":"202, ","c1":"#095d97","l2":"204, ","c2":"#992492","l3":"207, ","c3":"#f661b9","l4":"210, ","c4":"#126804","l5":"W59","c5":"#b20b42"},"geometry":{"type":"Point","coordinates":[18.453415,50.003779]}},{"type":"Feature","properties":{"lines":"201, 202, 204, 207, 210, W59","arr":["201","202","204","207","210","W59"],"mode":"bus","angle":31.8,"extra":1,"ei":0,"l0":"201, ","c0":"#1da8b6","l1":"202, ","c1":"#095d97","l2":"204, ","c2":"#992492","l3":"207, ","c3":"#f661b9","l4":"210, ","c4":"#126804","l5":"W59","c5":"#b20b42"},"geometry":{"type":"Point","coordinates":[18.449052,50.005561]}},{"type":"Feature","properties":{"lines":"201, 202, 204, 207, 210, W59","arr":["201","202","204","207","210","W59"],"mode":"bus","angle":31.2,"extra":1,"ei":1,"l0":"201, ","c0":"#1da8b6","l1":"202, ","c1":"#095d97","l2":"204, ","c2":"#992492","l3":"207, ","c3":"#f661b9","l4":"210, ","c4":"#126804","l5":"W59","c5":"#b20b42"},"geometry":{"type":"Point","coordinates":[18.451568,50.00458]}},{"type":"Feature","properties":{"lines":"201, 202, 204, 207, 210, W59","arr":["201","202","204","207","210","W59"],"mode":"bus","angle":43.8,"extra":1,"ei":2,"l0":"201, ","c0":"#1da8b6","l1":"202, ","c1":"#095d97","l2":"204, ","c2":"#992492","l3":"207, ","c3":"#f661b9","l4":"210, ","c4":"#126804","l5":"W59","c5":"#b20b42"},"geometry":{"type":"Point","coordinates":[18.456071,50.002167]}},{"type":"Feature","properties":{"lines":"201, 202, 204, 207, 210, W59","arr":["201","202","204","207","210","W59"],"mode":"bus","angle":37.7,"extra":1,"ei":3,"l0":"201, ","c0":"#1da8b6","l1":"202, ","c1":"#095d97","l2":"204, ","c2":"#992492","l3":"207, ","c3":"#f661b9","l4":"210, ","c4":"#126804","l5":"W59","c5":"#b20b42"},"geometry":{"type":"Point","coordinates":[18.458237,50.000891]}},{"type":"Feature","properties":{"lines":"W10, W59","arr":["W10","W59"],"mode":"bus","angle":35.3,"l0":"W10, ","c0":"#6b5806","l1":"W59","c1":"#b20b42"},"geometry":{"type":"Point","coordinates":[18.505763,49.985903]}},{"type":"Feature","properties":{"lines":"W09, W10, W59","arr":["W09","W10","W59"],"mode":"bus","angle":27.6,"l0":"W09, ","c0":"#11a2e3","l1":"W10, ","c1":"#6b5806","l2":"W59","c2":"#b20b42"},"geometry":{"type":"Point","coordinates":[18.517811,49.978986]}},{"type":"Feature","properties":{"lines":"W09, W10, W59","arr":["W09","W10","W59"],"mode":"bus","angle":37.9,"mi":3,"l0":"W09, ","c0":"#11a2e3","l1":"W10, ","c1":"#6b5806","l2":"W59","c2":"#b20b42"},"geometry":{"type":"Point","coordinates":[18.542489,49.968332]}},{"type":"Feature","properties":{"lines":"W09, W10, W59","arr":["W09","W10","W59"],"mode":"bus","angle":46.9,"mi":2,"l0":"W09, ","c0":"#11a2e3","l1":"W10, ","c1":"#6b5806","l2":"W59","c2":"#b20b42"},"geometry":{"type":"Point","coordinates":[18.53362,49.973721]}},{"type":"Feature","properties":{"lines":"W09, W10, W59","arr":["W09","W10","W59"],"mode":"bus","angle":-51.5,"l0":"W09, ","c0":"#11a2e3","l1":"W10, ","c1":"#6b5806","l2":"W59","c2":"#b20b42"},"geometry":{"type":"Point","coordinates":[18.539014,49.970058]}},{"type":"Feature","properties":{"lines":"W09, W10, W59","arr":["W09","W10","W59"],"mode":"bus","angle":38.9,"mi":1,"l0":"W09, ","c0":"#11a2e3","l1":"W10, ","c1":"#6b5806","l2":"W59","c2":"#b20b42"},"geometry":{"type":"Point","coordinates":[18.535946,49.9716]}},{"type":"Feature","properties":{"lines":"W09, W10, W59","arr":["W09","W10","W59"],"mode":"bus","angle":34.3,"extra":1,"ei":0,"l0":"W09, ","c0":"#11a2e3","l1":"W10, ","c1":"#6b5806","l2":"W59","c2":"#b20b42"},"geometry":{"type":"Point","coordinates":[18.507371,49.985198]}},{"type":"Feature","properties":{"lines":"W09, W10, W59","arr":["W09","W10","W59"],"mode":"bus","angle":34.8,"extra":1,"ei":1,"l0":"W09, ","c0":"#11a2e3","l1":"W10, ","c1":"#6b5806","l2":"W59","c2":"#b20b42"},"geometry":{"type":"Point","coordinates":[18.509792,49.984123]}},{"type":"Feature","properties":{"lines":"W09, W10, W59","arr":["W09","W10","W59"],"mode":"bus","angle":45.7,"extra":1,"ei":2,"l0":"W09, ","c0":"#11a2e3","l1":"W10, ","c1":"#6b5806","l2":"W59","c2":"#b20b42"},"geometry":{"type":"Point","coordinates":[18.512127,49.982979]}},{"type":"Feature","properties":{"lines":"W09, W10, W59","arr":["W09","W10","W59"],"mode":"bus","angle":47.9,"extra":1,"ei":3,"l0":"W09, ","c0":"#11a2e3","l1":"W10, ","c1":"#6b5806","l2":"W59","c2":"#b20b42"},"geometry":{"type":"Point","coordinates":[18.514106,49.981581]}},{"type":"Feature","properties":{"lines":"W09, W10, W59","arr":["W09","W10","W59"],"mode":"bus","angle":55.6,"extra":1,"ei":4,"l0":"W09, ","c0":"#11a2e3","l1":"W10, ","c1":"#6b5806","l2":"W59","c2":"#b20b42"},"geometry":{"type":"Point","coordinates":[18.515878,49.980079]}},{"type":"Feature","properties":{"lines":"W09, W10, W59","arr":["W09","W10","W59"],"mode":"bus","angle":30.9,"extra":1,"ei":5,"l0":"W09, ","c0":"#11a2e3","l1":"W10, ","c1":"#6b5806","l2":"W59","c2":"#b20b42"},"geometry":{"type":"Point","coordinates":[18.520658,49.977948]}},{"type":"Feature","properties":{"lines":"W09, W10, W59","arr":["W09","W10","W59"],"mode":"bus","angle":22.9,"extra":1,"ei":6,"l0":"W09, ","c0":"#11a2e3","l1":"W10, ","c1":"#6b5806","l2":"W59","c2":"#b20b42"},"geometry":{"type":"Point","coordinates":[18.523204,49.977003]}},{"type":"Feature","properties":{"lines":"W09, W10, W59","arr":["W09","W10","W59"],"mode":"bus","angle":13.5,"extra":1,"ei":7,"l0":"W09, ","c0":"#11a2e3","l1":"W10, ","c1":"#6b5806","l2":"W59","c2":"#b20b42"},"geometry":{"type":"Point","coordinates":[18.526049,49.976523]}},{"type":"Feature","properties":{"lines":"W09, W10, W59","arr":["W09","W10","W59"],"mode":"bus","angle":23.8,"extra":1,"ei":8,"l0":"W09, ","c0":"#11a2e3","l1":"W10, ","c1":"#6b5806","l2":"W59","c2":"#b20b42"},"geometry":{"type":"Point","coordinates":[18.528888,49.976034]}},{"type":"Feature","properties":{"lines":"W09, W10, W59","arr":["W09","W10","W59"],"mode":"bus","angle":40.5,"extra":1,"ei":9,"l0":"W09, ","c0":"#11a2e3","l1":"W10, ","c1":"#6b5806","l2":"W59","c2":"#b20b42"},"geometry":{"type":"Point","coordinates":[18.531262,49.974933]}},{"type":"Feature","properties":{"lines":"W09, W10, W59","arr":["W09","W10","W59"],"mode":"bus","angle":32.4,"extra":1,"ei":0,"l0":"W09, ","c0":"#11a2e3","l1":"W10, ","c1":"#6b5806","l2":"W59","c2":"#b20b42"},"geometry":{"type":"Point","coordinates":[18.54489,49.967267]}},{"type":"Feature","properties":{"lines":"W09, W59","arr":["W09","W59"],"mode":"bus","angle":88.6,"l0":"W09, ","c0":"#11a2e3","l1":"W59","c1":"#b20b42"},"geometry":{"type":"Point","coordinates":[18.54585,49.962301]}},{"type":"Feature","properties":{"lines":"W09, W59","arr":["W09","W59"],"mode":"bus","angle":-80.8,"extra":1,"ei":0,"l0":"W09, ","c0":"#11a2e3","l1":"W59","c1":"#b20b42"},"geometry":{"type":"Point","coordinates":[18.54581,49.959031]}},{"type":"Feature","properties":{"lines":"W09, W59","arr":["W09","W59"],"mode":"bus","angle":88.1,"extra":1,"ei":1,"l0":"W09, ","c0":"#11a2e3","l1":"W59","c1":"#b20b42"},"geometry":{"type":"Point","coordinates":[18.545923,49.960911]}},{"type":"Feature","properties":{"lines":"W09, W59","arr":["W09","W59"],"mode":"bus","angle":-86.3,"extra":1,"ei":2,"l0":"W09, ","c0":"#11a2e3","l1":"W59","c1":"#b20b42"},"geometry":{"type":"Point","coordinates":[18.545973,49.964685]}},{"type":"Feature","properties":{"lines":"W09, W59","arr":["W09","W59"],"mode":"bus","angle":-82.2,"mi":1,"l0":"W09, ","c0":"#11a2e3","l1":"W59","c1":"#b20b42"},"geometry":{"type":"Point","coordinates":[18.545474,49.957654]}},{"type":"Feature","properties":{"lines":"201, 202, 203, W10","arr":["201","202","203","W10"],"mode":"bus","angle":-63.9,"l0":"201, ","c0":"#1da8b6","l1":"202, ","c1":"#095d97","l2":"203, ","c2":"#f57145","l3":"W10","c3":"#6b5806"},"geometry":{"type":"Point","coordinates":[18.487218,50.028584]}},{"type":"Feature","properties":{"lines":"201, 202, 203, W10","arr":["201","202","203","W10"],"mode":"bus","angle":-63.8,"extra":1,"ei":0,"l0":"201, ","c0":"#1da8b6","l1":"202, ","c1":"#095d97","l2":"203, ","c2":"#f57145","l3":"W10","c3":"#6b5806"},"geometry":{"type":"Point","coordinates":[18.480688,50.019986]}},{"type":"Feature","properties":{"lines":"201, 202, 203, W10","arr":["201","202","203","W10"],"mode":"bus","angle":-64,"extra":1,"ei":1,"l0":"201, ","c0":"#1da8b6","l1":"202, ","c1":"#095d97","l2":"203, ","c2":"#f57145","l3":"W10","c3":"#6b5806"},"geometry":{"type":"Point","coordinates":[18.481975,50.021684]}},{"type":"Feature","properties":{"lines":"201, 202, 203, W10","arr":["201","202","203","W10"],"mode":"bus","angle":-64.4,"extra":1,"ei":2,"l0":"201, ","c0":"#1da8b6","l1":"202, ","c1":"#095d97","l2":"203, ","c2":"#f57145","l3":"W10","c3":"#6b5806"},"geometry":{"type":"Point","coordinates":[18.48327,50.023381]}},{"type":"Feature","properties":{"lines":"201, 202, 203, W10","arr":["201","202","203","W10"],"mode":"bus","angle":-64,"extra":1,"ei":3,"l0":"201, ","c0":"#1da8b6","l1":"202, ","c1":"#095d97","l2":"203, ","c2":"#f57145","l3":"W10","c3":"#6b5806"},"geometry":{"type":"Point","coordinates":[18.484555,50.02508]}},{"type":"Feature","properties":{"lines":"201, 202, 203, W10","arr":["201","202","203","W10"],"mode":"bus","angle":-64,"extra":1,"ei":4,"l0":"201, ","c0":"#1da8b6","l1":"202, ","c1":"#095d97","l2":"203, ","c2":"#f57145","l3":"W10","c3":"#6b5806"},"geometry":{"type":"Point","coordinates":[18.485847,50.026777]}},{"type":"Feature","properties":{"lines":"201, 202, 203, W10","arr":["201","202","203","W10"],"mode":"bus","angle":-64,"extra":1,"ei":5,"l0":"201, ","c0":"#1da8b6","l1":"202, ","c1":"#095d97","l2":"203, ","c2":"#f57145","l3":"W10","c3":"#6b5806"},"geometry":{"type":"Point","coordinates":[18.488422,50.030173]}},{"type":"Feature","properties":{"lines":"201, 202, 203, W10","arr":["201","202","203","W10"],"mode":"bus","angle":-64.1,"extra":1,"ei":6,"l0":"201, ","c0":"#1da8b6","l1":"202, ","c1":"#095d97","l2":"203, ","c2":"#f57145","l3":"W10","c3":"#6b5806"},"geometry":{"type":"Point","coordinates":[18.48971,50.031872]}},{"type":"Feature","properties":{"lines":"201, 202, 203, W10","arr":["201","202","203","W10"],"mode":"bus","angle":-63.7,"extra":1,"ei":7,"l0":"201, ","c0":"#1da8b6","l1":"202, ","c1":"#095d97","l2":"203, ","c2":"#f57145","l3":"W10","c3":"#6b5806"},"geometry":{"type":"Point","coordinates":[18.49101,50.033566]}},{"type":"Feature","properties":{"lines":"201, 202, 203, W10","arr":["201","202","203","W10"],"mode":"bus","angle":-64.3,"extra":1,"ei":8,"l0":"201, ","c0":"#1da8b6","l1":"202, ","c1":"#095d97","l2":"203, ","c2":"#f57145","l3":"W10","c3":"#6b5806"},"geometry":{"type":"Point","coordinates":[18.492309,50.035261]}},{"type":"Feature","properties":{"lines":"201, 202, 203, W10","arr":["201","202","203","W10"],"mode":"bus","angle":-63.9,"extra":1,"ei":9,"l0":"201, ","c0":"#1da8b6","l1":"202, ","c1":"#095d97","l2":"203, ","c2":"#f57145","l3":"W10","c3":"#6b5806"},"geometry":{"type":"Point","coordinates":[18.493598,50.036959]}},{"type":"Feature","properties":{"lines":"201, 202, 205, 206, 210","arr":["201","202","205","206","210"],"mode":"bus","angle":69.7,"l0":"201, ","c0":"#1da8b6","l1":"202, ","c1":"#095d97","l2":"205, ","c2":"#6895fc","l3":"206, ","c3":"#7c5001","l4":"210","c4":"#126804"},"geometry":{"type":"Point","coordinates":[18.451439,50.050379]}},{"type":"Feature","properties":{"lines":"201, 202, 205, 206, 210","arr":["201","202","205","206","210"],"mode":"bus","angle":51.8,"extra":1,"ei":0,"l0":"201, ","c0":"#1da8b6","l1":"202, ","c1":"#095d97","l2":"205, ","c2":"#6895fc","l3":"206, ","c3":"#7c5001","l4":"210","c4":"#126804"},"geometry":{"type":"Point","coordinates":[18.453301,50.047718]}},{"type":"Feature","properties":{"lines":"201, 202, 205, 206, 210","arr":["201","202","205","206","210"],"mode":"bus","angle":24.4,"extra":1,"ei":1,"l0":"201, ","c0":"#1da8b6","l1":"202, ","c1":"#095d97","l2":"205, ","c2":"#6895fc","l3":"206, ","c3":"#7c5001","l4":"210","c4":"#126804"},"geometry":{"type":"Point","coordinates":[18.447971,50.051787]}},{"type":"Feature","properties":{"lines":"201, 202, 205, 206, 210","arr":["201","202","205","206","210"],"mode":"bus","angle":66.1,"mi":1,"l0":"201, ","c0":"#1da8b6","l1":"202, ","c1":"#095d97","l2":"205, ","c2":"#6895fc","l3":"206, ","c3":"#7c5001","l4":"210","c4":"#126804"},"geometry":{"type":"Point","coordinates":[18.446354,50.052695]}},{"type":"Feature","properties":{"lines":"201, 202, 204, 205, 206, 207","arr":["201","202","204","205","206","207"],"mode":"bus","angle":-34.7,"l0":"201, ","c0":"#1da8b6","l1":"202, ","c1":"#095d97","l2":"204, ","c2":"#992492","l3":"205, ","c3":"#6895fc","l4":"206, ","c4":"#7c5001","l5":"207","c5":"#f661b9"},"geometry":{"type":"Point","coordinates":[18.415592,50.05709]}},{"type":"Feature","properties":{"lines":"201, 202","arr":["201","202"],"mode":"bus","angle":5.8,"l0":"201, ","c0":"#1da8b6","l1":"202","c1":"#095d97"},"geometry":{"type":"Point","coordinates":[18.406919,50.057978]}},{"type":"Feature","properties":{"lines":"201, 202","arr":["201","202"],"mode":"bus","angle":-24.8,"extra":1,"ei":0,"l0":"201, ","c0":"#1da8b6","l1":"202","c1":"#095d97"},"geometry":{"type":"Point","coordinates":[18.41467,50.058461]}},{"type":"Feature","properties":{"lines":"201, 202","arr":["201","202"],"mode":"bus","angle":-9.6,"extra":1,"ei":1,"l0":"201, ","c0":"#1da8b6","l1":"202","c1":"#095d97"},"geometry":{"type":"Point","coordinates":[18.411965,50.057726]}},{"type":"Feature","properties":{"lines":"201, 202","arr":["201","202"],"mode":"bus","angle":6,"extra":1,"ei":2,"l0":"201, ","c0":"#1da8b6","l1":"202","c1":"#095d97"},"geometry":{"type":"Point","coordinates":[18.409034,50.057841]}},{"type":"Feature","properties":{"lines":"201, 202","arr":["201","202"],"mode":"bus","angle":10.5,"extra":1,"ei":3,"l0":"201, ","c0":"#1da8b6","l1":"202","c1":"#095d97"},"geometry":{"type":"Point","coordinates":[18.40319,50.058287]}},{"type":"Feature","properties":{"lines":"201, 202","arr":["201","202"],"mode":"bus","angle":33.7,"extra":1,"ei":4,"l0":"201, ","c0":"#1da8b6","l1":"202","c1":"#095d97"},"geometry":{"type":"Point","coordinates":[18.400351,50.058728]}},{"type":"Feature","properties":{"lines":"201, 202","arr":["201","202"],"mode":"bus","angle":-23.8,"l0":"201, ","c0":"#1da8b6","l1":"202","c1":"#095d97"},"geometry":{"type":"Point","coordinates":[18.389581,50.055772]}},{"type":"Feature","properties":{"lines":"201, 202","arr":["201","202"],"mode":"bus","angle":-35.9,"extra":1,"ei":0,"l0":"201, ","c0":"#1da8b6","l1":"202","c1":"#095d97"},"geometry":{"type":"Point","coordinates":[18.396824,50.059164]}},{"type":"Feature","properties":{"lines":"201, 202","arr":["201","202"],"mode":"bus","angle":-35.9,"extra":1,"ei":1,"l0":"201, ","c0":"#1da8b6","l1":"202","c1":"#095d97"},"geometry":{"type":"Point","coordinates":[18.394439,50.058058]}},{"type":"Feature","properties":{"lines":"201, 202","arr":["201","202"],"mode":"bus","angle":-47.1,"extra":1,"ei":2,"l0":"201, ","c0":"#1da8b6","l1":"202","c1":"#095d97"},"geometry":{"type":"Point","coordinates":[18.392419,50.05671]}},{"type":"Feature","properties":{"lines":"201, 202","arr":["201","202"],"mode":"bus","angle":-24.5,"extra":1,"ei":3,"l0":"201, ","c0":"#1da8b6","l1":"202","c1":"#095d97"},"geometry":{"type":"Point","coordinates":[18.387133,50.055083]}},{"type":"Feature","properties":{"lines":"201, 202","arr":["201","202"],"mode":"bus","angle":-23.1,"extra":1,"ei":4,"l0":"201, ","c0":"#1da8b6","l1":"202","c1":"#095d97"},"geometry":{"type":"Point","coordinates":[18.384476,50.05427]}},{"type":"Feature","properties":{"lines":"201, 202","arr":["201","202"],"mode":"bus","angle":-13.9,"extra":1,"ei":5,"l0":"201, ","c0":"#1da8b6","l1":"202","c1":"#095d97"},"geometry":{"type":"Point","coordinates":[18.38168,50.053684]}},{"type":"Feature","properties":{"lines":"201, 202, 203","arr":["201","202","203"],"mode":"bus","angle":52.4,"mi":1,"l0":"201, ","c0":"#1da8b6","l1":"202, ","c1":"#095d97","l2":"203","c2":"#f57145"},"geometry":{"type":"Point","coordinates":[18.383522,50.049411]}},{"type":"Feature","properties":{"lines":"201, 202, 203","arr":["201","202","203"],"mode":"bus","angle":52.2,"extra":1,"ei":0,"l0":"201, ","c0":"#1da8b6","l1":"202, ","c1":"#095d97","l2":"203","c2":"#f57145"},"geometry":{"type":"Point","coordinates":[18.380774,50.052454]}},{"type":"Feature","properties":{"lines":"201, 202, 203","arr":["201","202","203"],"mode":"bus","angle":64.8,"extra":1,"ei":1,"l0":"201, ","c0":"#1da8b6","l1":"202, ","c1":"#095d97","l2":"203","c2":"#f57145"},"geometry":{"type":"Point","coordinates":[18.382359,50.050873]}},{"type":"Feature","properties":{"lines":"201, 202, 203","arr":["201","202","203"],"mode":"bus","angle":34.1,"extra":1,"ei":2,"l0":"201, ","c0":"#1da8b6","l1":"202, ","c1":"#095d97","l2":"203","c2":"#f57145"},"geometry":{"type":"Point","coordinates":[18.386185,50.048143]}},{"type":"Feature","properties":{"lines":"201, 202, 203","arr":["201","202","203"],"mode":"bus","angle":87.8,"extra":1,"ei":3,"l0":"201, ","c0":"#1da8b6","l1":"202, ","c1":"#095d97","l2":"203","c2":"#f57145"},"geometry":{"type":"Point","coordinates":[18.388311,50.046935]}},{"type":"Feature","properties":{"lines":"201, 202, 203","arr":["201","202","203"],"mode":"bus","angle":-12.8,"l0":"201, ","c0":"#1da8b6","l1":"202, ","c1":"#095d97","l2":"203","c2":"#f57145"},"geometry":{"type":"Point","coordinates":[18.392255,50.043758]}},{"type":"Feature","properties":{"lines":"201, 202, 203","arr":["201","202","203"],"mode":"bus","angle":85.9,"extra":1,"ei":0,"l0":"201, ","c0":"#1da8b6","l1":"202, ","c1":"#095d97","l2":"203","c2":"#f57145"},"geometry":{"type":"Point","coordinates":[18.388233,50.045548]}},{"type":"Feature","properties":{"lines":"201, 202, 203","arr":["201","202","203"],"mode":"bus","angle":43.3,"extra":1,"ei":1,"l0":"201, ","c0":"#1da8b6","l1":"202, ","c1":"#095d97","l2":"203","c2":"#f57145"},"geometry":{"type":"Point","coordinates":[18.389285,50.043838]}},{"type":"Feature","properties":{"lines":"201, 202, 203","arr":["201","202","203"],"mode":"bus","angle":68.1,"extra":1,"ei":2,"l0":"201, ","c0":"#1da8b6","l1":"202, ","c1":"#095d97","l2":"203","c2":"#f57145"},"geometry":{"type":"Point","coordinates":[18.394557,50.043222]}},{"type":"Feature","properties":{"lines":"201, 202, 203","arr":["201","202","203"],"mode":"bus","angle":-73.6,"extra":1,"ei":3,"l0":"201, ","c0":"#1da8b6","l1":"202, ","c1":"#095d97","l2":"203","c2":"#f57145"},"geometry":{"type":"Point","coordinates":[18.394303,50.041366]}},{"type":"Feature","properties":{"lines":"202, 203, 204, 205, 206, 207, 208, 209, W09, W10, W11","arr":["202","203","204","205","206","207","208","209","W09","W10","W11"],"mode":"bus","angle":-29.3,"l0":"202, ","c0":"#095d97","l1":"203, ","c1":"#f57145","l2":"204, ","c2":"#992492","l3":"205, ","c3":"#6895fc","l4":"206, ","c4":"#7c5001","l5":"207, ","c5":"#f661b9","l6":"208, ","c6":"#0357b2","l7":"209, ","c7":"#b11526","l8":"W09, ","c8":"#11a2e3","l9":"W10, ","c9":"#6b5806","l10":"W11","c10":"#4d4aba"},"geometry":{"type":"Point","coordinates":[18.465836,50.000181]}},{"type":"Feature","properties":{"lines":"202","arr":["202"],"mode":"bus","angle":-33.3,"l0":"202","c0":"#095d97"},"geometry":{"type":"Point","coordinates":[18.474913,50.01293]}},{"type":"Feature","properties":{"lines":"202, 204, 207","arr":["202","204","207"],"mode":"bus","angle":63.3,"side":-1,"l0":"202, ","c0":"#095d97","l1":"204, ","c1":"#992492","l2":"207","c2":"#f661b9"},"geometry":{"type":"Point","coordinates":[18.461424,49.999106]}},{"type":"Feature","properties":{"lines":"203","arr":["203"],"mode":"bus","angle":41.2,"l0":"203","c0":"#f57145"},"geometry":{"type":"Point","coordinates":[18.363076,50.059403]}},{"type":"Feature","properties":{"lines":"203","arr":["203"],"mode":"bus","angle":31.6,"mi":1,"l0":"203","c0":"#f57145"},"geometry":{"type":"Point","coordinates":[18.371928,50.055724]}},{"type":"Feature","properties":{"lines":"203","arr":["203"],"mode":"bus","angle":32,"extra":1,"ei":0,"l0":"203","c0":"#f57145"},"geometry":{"type":"Point","coordinates":[18.365528,50.058297]}},{"type":"Feature","properties":{"lines":"203","arr":["203"],"mode":"bus","angle":32.1,"extra":1,"ei":1,"l0":"203","c0":"#f57145"},"geometry":{"type":"Point","coordinates":[18.368024,50.057295]}},{"type":"Feature","properties":{"lines":"203","arr":["203"],"mode":"bus","angle":40.5,"extra":1,"ei":2,"l0":"203","c0":"#f57145"},"geometry":{"type":"Point","coordinates":[18.375349,50.054143]}},{"type":"Feature","properties":{"lines":"203","arr":["203"],"mode":"bus","angle":16.8,"extra":1,"ei":3,"l0":"203","c0":"#f57145"},"geometry":{"type":"Point","coordinates":[18.377729,50.053057]}},{"type":"Feature","properties":{"lines":"203","arr":["203"],"mode":"bus","angle":-26.1,"mi":1,"l0":"203","c0":"#f57145"},"geometry":{"type":"Point","coordinates":[18.377254,50.041205]}},{"type":"Feature","properties":{"lines":"203","arr":["203"],"mode":"bus","angle":3.9,"extra":1,"ei":0,"l0":"203","c0":"#f57145"},"geometry":{"type":"Point","coordinates":[18.366175,50.037659]}},{"type":"Feature","properties":{"lines":"203","arr":["203"],"mode":"bus","angle":1.8,"extra":1,"ei":1,"l0":"203","c0":"#f57145"},"geometry":{"type":"Point","coordinates":[18.369105,50.03748]}},{"type":"Feature","properties":{"lines":"203","arr":["203"],"mode":"bus","angle":-25.6,"extra":1,"ei":2,"l0":"203","c0":"#f57145"},"geometry":{"type":"Point","coordinates":[18.371774,50.038208]}},{"type":"Feature","properties":{"lines":"203","arr":["203"],"mode":"bus","angle":-39,"extra":1,"ei":3,"l0":"203","c0":"#f57145"},"geometry":{"type":"Point","coordinates":[18.374328,50.039135]}},{"type":"Feature","properties":{"lines":"203","arr":["203"],"mode":"bus","angle":-37.2,"extra":1,"ei":4,"l0":"203","c0":"#f57145"},"geometry":{"type":"Point","coordinates":[18.380221,50.042895]}},{"type":"Feature","properties":{"lines":"203","arr":["203"],"mode":"bus","angle":-20.7,"extra":1,"ei":5,"l0":"203","c0":"#f57145"},"geometry":{"type":"Point","coordinates":[18.382821,50.043731]}},{"type":"Feature","properties":{"lines":"203","arr":["203"],"mode":"bus","angle":-32.4,"extra":1,"ei":6,"l0":"203","c0":"#f57145"},"geometry":{"type":"Point","coordinates":[18.385356,50.044681]}},{"type":"Feature","properties":{"lines":"203","arr":["203"],"mode":"bus","angle":-62.8,"extra":1,"ei":7,"l0":"203","c0":"#f57145"},"geometry":{"type":"Point","coordinates":[18.387287,50.046041]}},{"type":"Feature","properties":{"lines":"203","arr":["203"],"mode":"bus","angle":60.9,"l0":"203","c0":"#f57145"},"geometry":{"type":"Point","coordinates":[18.36543,50.036829]}},{"type":"Feature","properties":{"lines":"203, 210","arr":["203","210"],"mode":"bus","angle":-20.5,"l0":"203, ","c0":"#f57145","l1":"210","c1":"#126804"},"geometry":{"type":"Point","coordinates":[18.441228,50.044409]}},{"type":"Feature","properties":{"lines":"203, 210","arr":["203","210"],"mode":"bus","angle":-20.5,"extra":1,"ei":0,"l0":"203, ","c0":"#f57145","l1":"210","c1":"#126804"},"geometry":{"type":"Point","coordinates":[18.429698,50.041633]}},{"type":"Feature","properties":{"lines":"203, 210","arr":["203","210"],"mode":"bus","angle":-20.7,"extra":1,"ei":1,"l0":"203, ","c0":"#f57145","l1":"210","c1":"#126804"},"geometry":{"type":"Point","coordinates":[18.432463,50.042282]}},{"type":"Feature","properties":{"lines":"203, 210","arr":["203","210"],"mode":"bus","angle":-21,"extra":1,"ei":2,"l0":"203, ","c0":"#f57145","l1":"210","c1":"#126804"},"geometry":{"type":"Point","coordinates":[18.435218,50.042948]}},{"type":"Feature","properties":{"lines":"203, 210","arr":["203","210"],"mode":"bus","angle":-21.3,"extra":1,"ei":3,"l0":"203, ","c0":"#f57145","l1":"210","c1":"#126804"},"geometry":{"type":"Point","coordinates":[18.437971,50.043616]}},{"type":"Feature","properties":{"lines":"203, 210","arr":["203","210"],"mode":"bus","angle":-20.9,"extra":1,"ei":4,"l0":"203, ","c0":"#f57145","l1":"210","c1":"#126804"},"geometry":{"type":"Point","coordinates":[18.443475,50.044958]}},{"type":"Feature","properties":{"lines":"203, 210","arr":["203","210"],"mode":"bus","angle":-25.5,"extra":1,"ei":5,"l0":"203, ","c0":"#f57145","l1":"210","c1":"#126804"},"geometry":{"type":"Point","coordinates":[18.446224,50.045632]}},{"type":"Feature","properties":{"lines":"203, 210","arr":["203","210"],"mode":"bus","angle":-22.4,"extra":1,"ei":6,"l0":"203, ","c0":"#f57145","l1":"210","c1":"#126804"},"geometry":{"type":"Point","coordinates":[18.448781,50.046554]}},{"type":"Feature","properties":{"lines":"203, 210","arr":["203","210"],"mode":"bus","angle":5.6,"extra":1,"ei":7,"l0":"203, ","c0":"#f57145","l1":"210","c1":"#126804"},"geometry":{"type":"Point","coordinates":[18.451665,50.046716]}},{"type":"Feature","properties":{"lines":"203, 208, 209, W10","arr":["203","208","209","W10"],"mode":"bus","angle":-64.7,"l0":"203, ","c0":"#f57145","l1":"208, ","c1":"#0357b2","l2":"209, ","c2":"#b11526","l3":"W10","c3":"#6b5806"},"geometry":{"type":"Point","coordinates":[18.474875,50.012413]}},{"type":"Feature","properties":{"lines":"204","arr":["204"],"mode":"bus","angle":-12.4,"l0":"204","c0":"#992492"},"geometry":{"type":"Point","coordinates":[18.431017,50.06762]}},{"type":"Feature","properties":{"lines":"204","arr":["204"],"mode":"bus","angle":-56,"mi":1,"l0":"204","c0":"#992492"},"geometry":{"type":"Point","coordinates":[18.43085,50.063372]}},{"type":"Feature","properties":{"lines":"204","arr":["204"],"mode":"bus","angle":-23.4,"extra":1,"ei":0,"l0":"204","c0":"#992492"},"geometry":{"type":"Point","coordinates":[18.426557,50.060592]}},{"type":"Feature","properties":{"lines":"204","arr":["204"],"mode":"bus","angle":-45,"extra":1,"ei":1,"l0":"204","c0":"#992492"},"geometry":{"type":"Point","coordinates":[18.429207,50.061396]}},{"type":"Feature","properties":{"lines":"204","arr":["204"],"mode":"bus","angle":-44.6,"extra":1,"ei":2,"l0":"204","c0":"#992492"},"geometry":{"type":"Point","coordinates":[18.43218,50.064554]}},{"type":"Feature","properties":{"lines":"204","arr":["204"],"mode":"bus","angle":45.3,"extra":1,"ei":3,"l0":"204","c0":"#992492"},"geometry":{"type":"Point","coordinates":[18.432819,50.066057]}},{"type":"Feature","properties":{"lines":"205","arr":["205"],"mode":"bus","angle":14.1,"mi":2,"l0":"205","c0":"#6895fc"},"geometry":{"type":"Point","coordinates":[18.430579,50.068604]}},{"type":"Feature","properties":{"lines":"205","arr":["205"],"mode":"bus","angle":78.7,"extra":1,"ei":0,"l0":"205","c0":"#6895fc"},"geometry":{"type":"Point","coordinates":[18.425793,50.07495]}},{"type":"Feature","properties":{"lines":"205","arr":["205"],"mode":"bus","angle":81.2,"extra":1,"ei":1,"l0":"205","c0":"#6895fc"},"geometry":{"type":"Point","coordinates":[18.426218,50.073081]}},{"type":"Feature","properties":{"lines":"205","arr":["205"],"mode":"bus","angle":78.6,"extra":1,"ei":2,"l0":"205","c0":"#6895fc"},"geometry":{"type":"Point","coordinates":[18.42716,50.071298]}},{"type":"Feature","properties":{"lines":"205","arr":["205"],"mode":"bus","angle":60.7,"extra":1,"ei":3,"l0":"205","c0":"#6895fc"},"geometry":{"type":"Point","coordinates":[18.427724,50.069487]}},{"type":"Feature","properties":{"lines":"205","arr":["205"],"mode":"bus","angle":-15,"extra":1,"ei":4,"l0":"205","c0":"#6895fc"},"geometry":{"type":"Point","coordinates":[18.433194,50.068742]}},{"type":"Feature","properties":{"lines":"205","arr":["205"],"mode":"bus","angle":-10.8,"extra":1,"ei":5,"l0":"205","c0":"#6895fc"},"geometry":{"type":"Point","coordinates":[18.436033,50.069236]}},{"type":"Feature","properties":{"lines":"205","arr":["205"],"mode":"bus","angle":-9.1,"extra":1,"ei":6,"l0":"205","c0":"#6895fc"},"geometry":{"type":"Point","coordinates":[18.438926,50.069588]}},{"type":"Feature","properties":{"lines":"205","arr":["205"],"mode":"bus","angle":-0.9,"extra":1,"ei":7,"l0":"205","c0":"#6895fc"},"geometry":{"type":"Point","coordinates":[18.441865,50.069655]}},{"type":"Feature","properties":{"lines":"205","arr":["205"],"mode":"bus","angle":-5.6,"l0":"205","c0":"#6895fc"},"geometry":{"type":"Point","coordinates":[18.453122,50.06877]}},{"type":"Feature","properties":{"lines":"205","arr":["205"],"mode":"bus","angle":1,"extra":1,"ei":0,"l0":"205","c0":"#6895fc"},"geometry":{"type":"Point","coordinates":[18.461713,50.069541]}},{"type":"Feature","properties":{"lines":"205","arr":["205"],"mode":"bus","angle":-14.6,"extra":1,"ei":1,"l0":"205","c0":"#6895fc"},"geometry":{"type":"Point","coordinates":[18.458804,50.069581]}},{"type":"Feature","properties":{"lines":"205","arr":["205"],"mode":"bus","angle":-12.3,"extra":1,"ei":2,"l0":"205","c0":"#6895fc"},"geometry":{"type":"Point","coordinates":[18.456022,50.068969]}},{"type":"Feature","properties":{"lines":"205","arr":["205"],"mode":"bus","angle":10.9,"extra":1,"ei":3,"l0":"205","c0":"#6895fc"},"geometry":{"type":"Point","coordinates":[18.450166,50.068636]}},{"type":"Feature","properties":{"lines":"205","arr":["205"],"mode":"bus","angle":18.8,"extra":1,"ei":4,"l0":"205","c0":"#6895fc"},"geometry":{"type":"Point","coordinates":[18.447447,50.069346]}},{"type":"Feature","properties":{"lines":"205","arr":["205"],"mode":"bus","angle":8.7,"extra":1,"ei":5,"l0":"205","c0":"#6895fc"},"geometry":{"type":"Point","coordinates":[18.444703,50.070014]}},{"type":"Feature","properties":{"lines":"205","arr":["205"],"mode":"bus","angle":-22.3,"mi":1,"l0":"205","c0":"#6895fc"},"geometry":{"type":"Point","coordinates":[18.465328,50.070192]}},{"type":"Feature","properties":{"lines":"205","arr":["205"],"mode":"bus","angle":-27.1,"extra":1,"ei":0,"l0":"205","c0":"#6895fc"},"geometry":{"type":"Point","coordinates":[18.467121,50.070902]}},{"type":"Feature","properties":{"lines":"205","arr":["205"],"mode":"bus","angle":-36.4,"side":-1,"l0":"205","c0":"#6895fc"},"geometry":{"type":"Point","coordinates":[18.463297,50.079797]}},{"type":"Feature","properties":{"lines":"205","arr":["205"],"mode":"bus","angle":-14.8,"mi":1,"l0":"205","c0":"#6895fc"},"geometry":{"type":"Point","coordinates":[18.416483,50.065457]}},{"type":"Feature","properties":{"lines":"205","arr":["205"],"mode":"bus","angle":-38.3,"l0":"205","c0":"#6895fc"},"geometry":{"type":"Point","coordinates":[18.421538,50.066426]}},{"type":"Feature","properties":{"lines":"205","arr":["205"],"mode":"bus","angle":-10.8,"extra":1,"ei":0,"l0":"205","c0":"#6895fc"},"geometry":{"type":"Point","coordinates":[18.418297,50.065797]}},{"type":"Feature","properties":{"lines":"207, 209","arr":["207","209"],"mode":"bus","angle":52,"mi":1,"l0":"207, ","c0":"#f661b9","l1":"209","c1":"#b11526"},"geometry":{"type":"Point","coordinates":[18.5002,50.045041]}},{"type":"Feature","properties":{"lines":"207, 208","arr":["207","208"],"mode":"bus","angle":-30.5,"l0":"207, ","c0":"#f661b9","l1":"208","c1":"#0357b2"},"geometry":{"type":"Point","coordinates":[18.523394,50.017441]}},{"type":"Feature","properties":{"lines":"207, 208","arr":["207","208"],"mode":"bus","angle":10.2,"extra":1,"ei":0,"l0":"207, ","c0":"#f661b9","l1":"208","c1":"#0357b2"},"geometry":{"type":"Point","coordinates":[18.518721,50.016534]}},{"type":"Feature","properties":{"lines":"207, 208","arr":["207","208"],"mode":"bus","angle":-18.5,"extra":1,"ei":1,"l0":"207, ","c0":"#f661b9","l1":"208","c1":"#0357b2"},"geometry":{"type":"Point","coordinates":[18.521643,50.016709]}},{"type":"Feature","properties":{"lines":"207, 208","arr":["207","208"],"mode":"bus","angle":-1.8,"extra":1,"ei":2,"l0":"207, ","c0":"#f661b9","l1":"208","c1":"#0357b2"},"geometry":{"type":"Point","coordinates":[18.527091,50.017771]}},{"type":"Feature","properties":{"lines":"207","arr":["207"],"mode":"bus","angle":-62.1,"l0":"207","c0":"#f661b9"},"geometry":{"type":"Point","coordinates":[18.529517,50.008698]}},{"type":"Feature","properties":{"lines":"207","arr":["207"],"mode":"bus","angle":80.9,"extra":1,"ei":0,"l0":"207","c0":"#f661b9"},"geometry":{"type":"Point","coordinates":[18.528889,50.016982]}},{"type":"Feature","properties":{"lines":"207","arr":["207"],"mode":"bus","angle":73,"extra":1,"ei":1,"l0":"207","c0":"#f661b9"},"geometry":{"type":"Point","coordinates":[18.529719,50.015171]}},{"type":"Feature","properties":{"lines":"207","arr":["207"],"mode":"bus","angle":75.1,"extra":1,"ei":2,"l0":"207","c0":"#f661b9"},"geometry":{"type":"Point","coordinates":[18.530568,50.013362]}},{"type":"Feature","properties":{"lines":"207","arr":["207"],"mode":"bus","angle":-44.5,"extra":1,"ei":3,"l0":"207","c0":"#f661b9"},"geometry":{"type":"Point","coordinates":[18.529935,50.011645]}},{"type":"Feature","properties":{"lines":"207","arr":["207"],"mode":"bus","angle":76.2,"extra":1,"ei":4,"l0":"207","c0":"#f661b9"},"geometry":{"type":"Point","coordinates":[18.529136,50.01004]}},{"type":"Feature","properties":{"lines":"207","arr":["207"],"mode":"bus","angle":-34.7,"extra":1,"ei":5,"l0":"207","c0":"#f661b9"},"geometry":{"type":"Point","coordinates":[18.527255,50.006857]}},{"type":"Feature","properties":{"lines":"207","arr":["207"],"mode":"bus","angle":-59.4,"extra":1,"ei":6,"l0":"207","c0":"#f661b9"},"geometry":{"type":"Point","coordinates":[18.525026,50.005675]}},{"type":"Feature","properties":{"lines":"207","arr":["207"],"mode":"bus","angle":82.5,"extra":1,"ei":7,"l0":"207","c0":"#f661b9"},"geometry":{"type":"Point","coordinates":[18.524388,50.00387]}},{"type":"Feature","properties":{"lines":"207","arr":["207"],"mode":"bus","angle":-41,"extra":1,"ei":8,"l0":"207","c0":"#f661b9"},"geometry":{"type":"Point","coordinates":[18.523005,50.002341]}},{"type":"Feature","properties":{"lines":"207, W11","arr":["207","W11"],"mode":"bus","angle":5.5,"l0":"207, ","c0":"#f661b9","l1":"W11","c1":"#4d4aba"},"geometry":{"type":"Point","coordinates":[18.516915,50.001441]}},{"type":"Feature","properties":{"lines":"207, W11","arr":["207","W11"],"mode":"bus","angle":10.9,"extra":1,"ei":0,"l0":"207, ","c0":"#f661b9","l1":"W11","c1":"#4d4aba"},"geometry":{"type":"Point","coordinates":[18.512579,50.002092]}},{"type":"Feature","properties":{"lines":"207, W11","arr":["207","W11"],"mode":"bus","angle":9.5,"extra":1,"ei":1,"l0":"207, ","c0":"#f661b9","l1":"W11","c1":"#4d4aba"},"geometry":{"type":"Point","coordinates":[18.521142,50.000822]}},{"type":"Feature","properties":{"lines":"207, W11","arr":["207","W11"],"mode":"bus","angle":27.7,"l0":"207, ","c0":"#f661b9","l1":"W11","c1":"#4d4aba"},"geometry":{"type":"Point","coordinates":[18.494301,50.006415]}},{"type":"Feature","properties":{"lines":"207, W11","arr":["207","W11"],"mode":"bus","angle":11.1,"extra":1,"ei":0,"l0":"207, ","c0":"#f661b9","l1":"W11","c1":"#4d4aba"},"geometry":{"type":"Point","coordinates":[18.509681,50.002425]}},{"type":"Feature","properties":{"lines":"207, W11","arr":["207","W11"],"mode":"bus","angle":15,"extra":1,"ei":1,"l0":"207, ","c0":"#f661b9","l1":"W11","c1":"#4d4aba"},"geometry":{"type":"Point","coordinates":[18.506813,50.002848]}},{"type":"Feature","properties":{"lines":"207, W11","arr":["207","W11"],"mode":"bus","angle":30.4,"extra":1,"ei":2,"l0":"207, ","c0":"#f661b9","l1":"W11","c1":"#4d4aba"},"geometry":{"type":"Point","coordinates":[18.50406,50.003497]}},{"type":"Feature","properties":{"lines":"207, W11","arr":["207","W11"],"mode":"bus","angle":15.1,"extra":1,"ei":3,"l0":"207, ","c0":"#f661b9","l1":"W11","c1":"#4d4aba"},"geometry":{"type":"Point","coordinates":[18.501468,50.004375]}},{"type":"Feature","properties":{"lines":"207, W11","arr":["207","W11"],"mode":"bus","angle":25.2,"extra":1,"ei":4,"l0":"207, ","c0":"#f661b9","l1":"W11","c1":"#4d4aba"},"geometry":{"type":"Point","coordinates":[18.49864,50.00488]}},{"type":"Feature","properties":{"lines":"207, W11","arr":["207","W11"],"mode":"bus","angle":29.2,"extra":1,"ei":5,"l0":"207, ","c0":"#f661b9","l1":"W11","c1":"#4d4aba"},"geometry":{"type":"Point","coordinates":[18.496056,50.005785]}},{"type":"Feature","properties":{"lines":"207, W11","arr":["207","W11"],"mode":"bus","angle":24.1,"extra":1,"ei":6,"l0":"207, ","c0":"#f661b9","l1":"W11","c1":"#4d4aba"},"geometry":{"type":"Point","coordinates":[18.490695,50.007323]}},{"type":"Feature","properties":{"lines":"207, W11","arr":["207","W11"],"mode":"bus","angle":-24.9,"extra":1,"ei":7,"l0":"207, ","c0":"#f661b9","l1":"W11","c1":"#4d4aba"},"geometry":{"type":"Point","coordinates":[18.487911,50.007413]}},{"type":"Feature","properties":{"lines":"207, W11","arr":["207","W11"],"mode":"bus","angle":-65.3,"extra":1,"ei":8,"l0":"207, ","c0":"#f661b9","l1":"W11","c1":"#4d4aba"},"geometry":{"type":"Point","coordinates":[18.485632,50.006289]}},{"type":"Feature","properties":{"lines":"207, W11","arr":["207","W11"],"mode":"bus","angle":-59.4,"extra":1,"ei":9,"l0":"207, ","c0":"#f661b9","l1":"W11","c1":"#4d4aba"},"geometry":{"type":"Point","coordinates":[18.484816,50.004483]}},{"type":"Feature","properties":{"lines":"207, W11","arr":["207","W11"],"mode":"bus","angle":-1.4,"extra":1,"ei":10,"l0":"207, ","c0":"#f661b9","l1":"W11","c1":"#4d4aba"},"geometry":{"type":"Point","coordinates":[18.482471,50.00349]}},{"type":"Feature","properties":{"lines":"207, W11","arr":["207","W11"],"mode":"bus","angle":-69.9,"l0":"207, ","c0":"#f661b9","l1":"W11","c1":"#4d4aba"},"geometry":{"type":"Point","coordinates":[18.478997,50.002976]}},{"type":"Feature","properties":{"lines":"207, W11","arr":["207","W11"],"mode":"bus","angle":-73.9,"extra":1,"ei":0,"l0":"207, ","c0":"#f661b9","l1":"W11","c1":"#4d4aba"},"geometry":{"type":"Point","coordinates":[18.478309,50.001827]}},{"type":"Feature","properties":{"lines":"207, W09, W10, W11","arr":["207","W09","W10","W11"],"mode":"bus","angle":23.8,"l0":"207, ","c0":"#f661b9","l1":"W09, ","c1":"#11a2e3","l2":"W10, ","c2":"#6b5806","l3":"W11","c3":"#4d4aba"},"geometry":{"type":"Point","coordinates":[18.475281,50.002452]}},{"type":"Feature","properties":{"lines":"207","arr":["207"],"mode":"bus","angle":24.6,"l0":"207","c0":"#f661b9"},"geometry":{"type":"Point","coordinates":[18.475662,50.003281]}},{"type":"Feature","properties":{"lines":"207","arr":["207"],"mode":"bus","angle":25.9,"extra":1,"ei":0,"l0":"207","c0":"#f661b9"},"geometry":{"type":"Point","coordinates":[18.473951,50.003804]}},{"type":"Feature","properties":{"lines":"W11","arr":["W11"],"mode":"bus","angle":36.2,"l0":"W11","c0":"#4d4aba"},"geometry":{"type":"Point","coordinates":[18.523927,50.000117]}},{"type":"Feature","properties":{"lines":"208","arr":["208"],"mode":"bus","angle":-44,"l0":"208","c0":"#0357b2"},"geometry":{"type":"Point","coordinates":[18.5794,50.019919]}},{"type":"Feature","properties":{"lines":"208","arr":["208"],"mode":"bus","angle":-10.9,"l0":"208","c0":"#0357b2"},"geometry":{"type":"Point","coordinates":[18.565762,50.0169]}},{"type":"Feature","properties":{"lines":"208","arr":["208"],"mode":"bus","angle":-16.5,"extra":1,"ei":0,"l0":"208","c0":"#0357b2"},"geometry":{"type":"Point","coordinates":[18.575672,50.017918]}},{"type":"Feature","properties":{"lines":"208","arr":["208"],"mode":"bus","angle":-2.4,"extra":1,"ei":1,"l0":"208","c0":"#0357b2"},"geometry":{"type":"Point","coordinates":[18.572745,50.017986]}},{"type":"Feature","properties":{"lines":"208","arr":["208"],"mode":"bus","angle":-15.8,"extra":1,"ei":2,"l0":"208","c0":"#0357b2"},"geometry":{"type":"Point","coordinates":[18.569873,50.017592]}},{"type":"Feature","properties":{"lines":"208","arr":["208"],"mode":"bus","angle":4,"extra":1,"ei":3,"l0":"208","c0":"#0357b2"},"geometry":{"type":"Point","coordinates":[18.561251,50.016432]}},{"type":"Feature","properties":{"lines":"208","arr":["208"],"mode":"bus","angle":-39.8,"extra":1,"ei":4,"l0":"208","c0":"#0357b2"},"geometry":{"type":"Point","coordinates":[18.558413,50.016294]}},{"type":"Feature","properties":{"lines":"208","arr":["208"],"mode":"bus","angle":-28.1,"extra":1,"ei":5,"l0":"208","c0":"#0357b2"},"geometry":{"type":"Point","coordinates":[18.556328,50.014966]}},{"type":"Feature","properties":{"lines":"208","arr":["208"],"mode":"bus","angle":-3.7,"l0":"208","c0":"#0357b2"},"geometry":{"type":"Point","coordinates":[18.542206,50.015584]}},{"type":"Feature","properties":{"lines":"208","arr":["208"],"mode":"bus","angle":3,"extra":1,"ei":0,"l0":"208","c0":"#0357b2"},"geometry":{"type":"Point","coordinates":[18.553737,50.01493]}},{"type":"Feature","properties":{"lines":"208","arr":["208"],"mode":"bus","angle":-10.4,"extra":1,"ei":1,"l0":"208","c0":"#0357b2"},"geometry":{"type":"Point","coordinates":[18.55082,50.015073]}},{"type":"Feature","properties":{"lines":"208","arr":["208"],"mode":"bus","angle":22.3,"extra":1,"ei":2,"l0":"208","c0":"#0357b2"},"geometry":{"type":"Point","coordinates":[18.54796,50.015133]}},{"type":"Feature","properties":{"lines":"208","arr":["208"],"mode":"bus","angle":5.7,"extra":1,"ei":3,"l0":"208","c0":"#0357b2"},"geometry":{"type":"Point","coordinates":[18.545069,50.01544]}},{"type":"Feature","properties":{"lines":"208","arr":["208"],"mode":"bus","angle":19.3,"extra":1,"ei":4,"l0":"208","c0":"#0357b2"},"geometry":{"type":"Point","coordinates":[18.539225,50.015479]}},{"type":"Feature","properties":{"lines":"208","arr":["208"],"mode":"bus","angle":27.2,"extra":1,"ei":5,"l0":"208","c0":"#0357b2"},"geometry":{"type":"Point","coordinates":[18.536611,50.016346]}},{"type":"Feature","properties":{"lines":"208","arr":["208"],"mode":"bus","angle":25.1,"extra":1,"ei":6,"l0":"208","c0":"#0357b2"},"geometry":{"type":"Point","coordinates":[18.533954,50.01716]}},{"type":"Feature","properties":{"lines":"208","arr":["208"],"mode":"bus","angle":8.7,"extra":1,"ei":7,"l0":"208","c0":"#0357b2"},"geometry":{"type":"Point","coordinates":[18.531147,50.017699]}},{"type":"Feature","properties":{"lines":"208, 209","arr":["208","209"],"mode":"bus","angle":-27.7,"side":-1,"l0":"208, ","c0":"#0357b2","l1":"209","c1":"#b11526"},"geometry":{"type":"Point","coordinates":[18.47535,50.012479]}},{"type":"Feature","properties":{"lines":"300, 301, 304","arr":["300","301","304"],"mode":"bus","angle":14.5,"mi":2,"l0":"300, ","c0":"#4d4aba","l1":"301, ","c1":"#b0045c","l2":"304","c2":"#03636c"},"geometry":{"type":"Point","coordinates":[18.728657,50.166019]}},{"type":"Feature","properties":{"lines":"300, 301, 304","arr":["300","301","304"],"mode":"bus","angle":-0.7,"extra":1,"ei":0,"l0":"300, ","c0":"#4d4aba","l1":"301, ","c1":"#b0045c","l2":"304","c2":"#03636c"},"geometry":{"type":"Point","coordinates":[18.737319,50.165646]}},{"type":"Feature","properties":{"lines":"300, 301, 304","arr":["300","301","304"],"mode":"bus","angle":-5.5,"extra":1,"ei":1,"l0":"300, ","c0":"#4d4aba","l1":"301, ","c1":"#b0045c","l2":"304","c2":"#03636c"},"geometry":{"type":"Point","coordinates":[18.734383,50.165724]}},{"type":"Feature","properties":{"lines":"300, 301, 304","arr":["300","301","304"],"mode":"bus","angle":7.7,"extra":1,"ei":2,"l0":"300, ","c0":"#4d4aba","l1":"301, ","c1":"#b0045c","l2":"304","c2":"#03636c"},"geometry":{"type":"Point","coordinates":[18.731462,50.16565]}},{"type":"Feature","properties":{"lines":"300, 301, 304","arr":["300","301","304"],"mode":"bus","angle":30.7,"extra":1,"ei":3,"l0":"300, ","c0":"#4d4aba","l1":"301, ","c1":"#b0045c","l2":"304","c2":"#03636c"},"geometry":{"type":"Point","coordinates":[18.725913,50.166812]}},{"type":"Feature","properties":{"lines":"300, 301, 304","arr":["300","301","304"],"mode":"bus","angle":-25.2,"extra":1,"ei":4,"l0":"300, ","c0":"#4d4aba","l1":"301, ","c1":"#b0045c","l2":"304","c2":"#03636c"},"geometry":{"type":"Point","coordinates":[18.723249,50.166856]}},{"type":"Feature","properties":{"lines":"300, 301, 304","arr":["300","301","304"],"mode":"bus","angle":20.2,"extra":1,"ei":5,"l0":"300, ","c0":"#4d4aba","l1":"301, ","c1":"#b0045c","l2":"304","c2":"#03636c"},"geometry":{"type":"Point","coordinates":[18.720468,50.167136]}},{"type":"Feature","properties":{"lines":"300, 301, 304","arr":["300","301","304"],"mode":"bus","angle":16.8,"l0":"300, ","c0":"#4d4aba","l1":"301, ","c1":"#b0045c","l2":"304","c2":"#03636c"},"geometry":{"type":"Point","coordinates":[18.715496,50.168047]}},{"type":"Feature","properties":{"lines":"300, 301, 304","arr":["300","301","304"],"mode":"bus","angle":17.4,"mi":1,"l0":"300, ","c0":"#4d4aba","l1":"301, ","c1":"#b0045c","l2":"304","c2":"#03636c"},"geometry":{"type":"Point","coordinates":[18.707434,50.169344]}},{"type":"Feature","properties":{"lines":"300, 301, 304","arr":["300","301","304"],"mode":"bus","angle":18.4,"extra":1,"ei":0,"l0":"300, ","c0":"#4d4aba","l1":"301, ","c1":"#b0045c","l2":"304","c2":"#03636c"},"geometry":{"type":"Point","coordinates":[18.717838,50.167731]}},{"type":"Feature","properties":{"lines":"300, 301, 304","arr":["300","301","304"],"mode":"bus","angle":12.5,"extra":1,"ei":1,"l0":"300, ","c0":"#4d4aba","l1":"301, ","c1":"#b0045c","l2":"304","c2":"#03636c"},"geometry":{"type":"Point","coordinates":[18.712123,50.16861]}},{"type":"Feature","properties":{"lines":"300, 301, 304","arr":["300","301","304"],"mode":"bus","angle":17.4,"extra":1,"ei":0,"l0":"300, ","c0":"#4d4aba","l1":"301, ","c1":"#b0045c","l2":"304","c2":"#03636c"},"geometry":{"type":"Point","coordinates":[18.705417,50.169751]}},{"type":"Feature","properties":{"lines":"301, 304","arr":["301","304"],"mode":"bus","angle":16.9,"l0":"301, ","c0":"#b0045c","l1":"304","c1":"#03636c"},"geometry":{"type":"Point","coordinates":[18.690285,50.172745]}},{"type":"Feature","properties":{"lines":"301, 304","arr":["301","304"],"mode":"bus","angle":17.4,"extra":1,"ei":0,"l0":"301, ","c0":"#b0045c","l1":"304","c1":"#03636c"},"geometry":{"type":"Point","coordinates":[18.702441,50.170338]}},{"type":"Feature","properties":{"lines":"301, 304","arr":["301","304"],"mode":"bus","angle":17.3,"extra":1,"ei":1,"l0":"301, ","c0":"#b0045c","l1":"304","c1":"#03636c"},"geometry":{"type":"Point","coordinates":[18.699626,50.17089]}},{"type":"Feature","properties":{"lines":"301, 304","arr":["301","304"],"mode":"bus","angle":17.5,"extra":1,"ei":2,"l0":"301, ","c0":"#b0045c","l1":"304","c1":"#03636c"},"geometry":{"type":"Point","coordinates":[18.696818,50.171458]}},{"type":"Feature","properties":{"lines":"301, 304","arr":["301","304"],"mode":"bus","angle":16.9,"extra":1,"ei":3,"l0":"301, ","c0":"#b0045c","l1":"304","c1":"#03636c"},"geometry":{"type":"Point","coordinates":[18.694007,50.17202]}},{"type":"Feature","properties":{"lines":"301, 304","arr":["301","304"],"mode":"bus","angle":18.2,"extra":1,"ei":4,"l0":"301, ","c0":"#b0045c","l1":"304","c1":"#03636c"},"geometry":{"type":"Point","coordinates":[18.688375,50.173121]}},{"type":"Feature","properties":{"lines":"301, 304","arr":["301","304"],"mode":"bus","angle":16.6,"extra":1,"ei":5,"l0":"301, ","c0":"#b0045c","l1":"304","c1":"#03636c"},"geometry":{"type":"Point","coordinates":[18.685571,50.173696]}},{"type":"Feature","properties":{"lines":"301, 304","arr":["301","304"],"mode":"bus","angle":11.4,"extra":1,"ei":6,"l0":"301, ","c0":"#b0045c","l1":"304","c1":"#03636c"},"geometry":{"type":"Point","coordinates":[18.682734,50.174191]}},{"type":"Feature","properties":{"lines":"301, 304","arr":["301","304"],"mode":"bus","angle":11.4,"extra":1,"ei":7,"l0":"301, ","c0":"#b0045c","l1":"304","c1":"#03636c"},"geometry":{"type":"Point","coordinates":[18.679849,50.174565]}},{"type":"Feature","properties":{"lines":"301, 304","arr":["301","304"],"mode":"bus","angle":-1.3,"extra":1,"ei":8,"l0":"301, ","c0":"#b0045c","l1":"304","c1":"#03636c"},"geometry":{"type":"Point","coordinates":[18.67696,50.174929]}},{"type":"Feature","properties":{"lines":"300","arr":["300"],"mode":"bus","angle":-46.6,"l0":"300","c0":"#4d4aba"},"geometry":{"type":"Point","coordinates":[18.694492,50.15717]}},{"type":"Feature","properties":{"lines":"300","arr":["300"],"mode":"bus","angle":-79.9,"extra":1,"ei":0,"l0":"300","c0":"#4d4aba"},"geometry":{"type":"Point","coordinates":[18.703598,50.169135]}},{"type":"Feature","properties":{"lines":"300","arr":["300"],"mode":"bus","angle":-79.1,"extra":1,"ei":1,"l0":"300","c0":"#4d4aba"},"geometry":{"type":"Point","coordinates":[18.703058,50.167279]}},{"type":"Feature","properties":{"lines":"300","arr":["300"],"mode":"bus","angle":-56.2,"extra":1,"ei":2,"l0":"300","c0":"#4d4aba"},"geometry":{"type":"Point","coordinates":[18.702139,50.165513]}},{"type":"Feature","properties":{"lines":"300","arr":["300"],"mode":"bus","angle":-56.8,"extra":1,"ei":3,"l0":"300","c0":"#4d4aba"},"geometry":{"type":"Point","coordinates":[18.700528,50.163933]}},{"type":"Feature","properties":{"lines":"300","arr":["300"],"mode":"bus","angle":-56.8,"extra":1,"ei":4,"l0":"300","c0":"#4d4aba"},"geometry":{"type":"Point","coordinates":[18.698916,50.162353]}},{"type":"Feature","properties":{"lines":"300","arr":["300"],"mode":"bus","angle":-56.8,"extra":1,"ei":5,"l0":"300","c0":"#4d4aba"},"geometry":{"type":"Point","coordinates":[18.697304,50.160772]}},{"type":"Feature","properties":{"lines":"300","arr":["300"],"mode":"bus","angle":-70.1,"extra":1,"ei":6,"l0":"300","c0":"#4d4aba"},"geometry":{"type":"Point","coordinates":[18.695773,50.159163]}},{"type":"Feature","properties":{"lines":"300","arr":["300"],"mode":"bus","angle":-33.7,"extra":1,"ei":7,"l0":"300","c0":"#4d4aba"},"geometry":{"type":"Point","coordinates":[18.692789,50.156028]}},{"type":"Feature","properties":{"lines":"300","arr":["300"],"mode":"bus","angle":-2.9,"extra":1,"ei":8,"l0":"300","c0":"#4d4aba"},"geometry":{"type":"Point","coordinates":[18.689889,50.15595]}},{"type":"Feature","properties":{"lines":"300","arr":["300"],"mode":"bus","angle":-58.1,"extra":1,"ei":9,"l0":"300","c0":"#4d4aba"},"geometry":{"type":"Point","coordinates":[18.687439,50.155092]}},{"type":"Feature","properties":{"lines":"300","arr":["300"],"mode":"bus","angle":-30.3,"extra":1,"ei":10,"l0":"300","c0":"#4d4aba"},"geometry":{"type":"Point","coordinates":[18.685077,50.154007]}},{"type":"Feature","properties":{"lines":"300","arr":["300"],"mode":"bus","angle":-30.3,"extra":1,"ei":11,"l0":"300","c0":"#4d4aba"},"geometry":{"type":"Point","coordinates":[18.682526,50.153064]}},{"type":"Feature","properties":{"lines":"300","arr":["300"],"mode":"bus","angle":-54.5,"extra":1,"ei":12,"l0":"300","c0":"#4d4aba"},"geometry":{"type":"Point","coordinates":[18.680532,50.151719]}},{"type":"Feature","properties":{"lines":"300","arr":["300"],"mode":"bus","angle":-69.1,"extra":1,"ei":13,"l0":"300","c0":"#4d4aba"},"geometry":{"type":"Point","coordinates":[18.679174,50.150069]}},{"type":"Feature","properties":{"lines":"300, 301, 302, 304, 305","arr":["300","301","302","304","305"],"mode":"bus","angle":-33.1,"l0":"300, ","c0":"#4d4aba","l1":"301, ","c1":"#b0045c","l2":"302, ","c2":"#999f01","l3":"304, ","c3":"#03636c","l4":"305","c4":"#119efc"},"geometry":{"type":"Point","coordinates":[18.674534,50.146945]}},{"type":"Feature","properties":{"lines":"300, 301, 302, 304, 305","arr":["300","301","302","304","305"],"mode":"bus","angle":-30.2,"extra":1,"ei":0,"l0":"300, ","c0":"#4d4aba","l1":"301, ","c1":"#b0045c","l2":"302, ","c2":"#999f01","l3":"304, ","c3":"#03636c","l4":"305","c4":"#119efc"},"geometry":{"type":"Point","coordinates":[18.672426,50.146095]}},{"type":"Feature","properties":{"lines":"300, 301, 302, 304, 305","arr":["300","301","302","304","305"],"mode":"bus","angle":-47.3,"extra":1,"ei":1,"l0":"300, ","c0":"#4d4aba","l1":"301, ","c1":"#b0045c","l2":"302, ","c2":"#999f01","l3":"304, ","c3":"#03636c","l4":"305","c4":"#119efc"},"geometry":{"type":"Point","coordinates":[18.676832,50.14853]}},{"type":"Feature","properties":{"lines":"300, 302, 304, 305","arr":["300","302","304","305"],"mode":"bus","angle":88.8,"l0":"300, ","c0":"#4d4aba","l1":"302, ","c1":"#999f01","l2":"304, ","c2":"#03636c","l3":"305","c3":"#119efc"},"geometry":{"type":"Point","coordinates":[18.669186,50.137565]}},{"type":"Feature","properties":{"lines":"300, 302, 304, 305","arr":["300","302","304","305"],"mode":"bus","angle":-80.1,"extra":1,"ei":0,"l0":"300, ","c0":"#4d4aba","l1":"302, ","c1":"#999f01","l2":"304, ","c2":"#03636c","l3":"305","c3":"#119efc"},"geometry":{"type":"Point","coordinates":[18.670715,50.144703]}},{"type":"Feature","properties":{"lines":"300, 302, 304, 305","arr":["300","302","304","305"],"mode":"bus","angle":-76.6,"extra":1,"ei":1,"l0":"300, ","c0":"#4d4aba","l1":"302, ","c1":"#999f01","l2":"304, ","c2":"#03636c","l3":"305","c3":"#119efc"},"geometry":{"type":"Point","coordinates":[18.670181,50.142846]}},{"type":"Feature","properties":{"lines":"300, 302, 304, 305","arr":["300","302","304","305"],"mode":"bus","angle":-78.5,"extra":1,"ei":2,"l0":"300, ","c0":"#4d4aba","l1":"302, ","c1":"#999f01","l2":"304, ","c2":"#03636c","l3":"305","c3":"#119efc"},"geometry":{"type":"Point","coordinates":[18.669298,50.141046]}},{"type":"Feature","properties":{"lines":"300, 302, 304, 305","arr":["300","302","304","305"],"mode":"bus","angle":-89.6,"extra":1,"ei":3,"l0":"300, ","c0":"#4d4aba","l1":"302, ","c1":"#999f01","l2":"304, ","c2":"#03636c","l3":"305","c3":"#119efc"},"geometry":{"type":"Point","coordinates":[18.669201,50.13916]}},{"type":"Feature","properties":{"lines":"300, 302, 304, 305","arr":["300","302","304","305"],"mode":"bus","angle":80,"extra":1,"ei":4,"l0":"300, ","c0":"#4d4aba","l1":"302, ","c1":"#999f01","l2":"304, ","c2":"#03636c","l3":"305","c3":"#119efc"},"geometry":{"type":"Point","coordinates":[18.669551,50.135397]}},{"type":"Feature","properties":{"lines":"300, 302, 304, 305","arr":["300","302","304","305"],"mode":"bus","angle":77.1,"extra":1,"ei":5,"l0":"300, ","c0":"#4d4aba","l1":"302, ","c1":"#999f01","l2":"304, ","c2":"#03636c","l3":"305","c3":"#119efc"},"geometry":{"type":"Point","coordinates":[18.670181,50.133553]}},{"type":"Feature","properties":{"lines":"300, 302, 304, 305","arr":["300","302","304","305"],"mode":"bus","angle":50.6,"extra":1,"ei":6,"l0":"300, ","c0":"#4d4aba","l1":"302, ","c1":"#999f01","l2":"304, ","c2":"#03636c","l3":"305","c3":"#119efc"},"geometry":{"type":"Point","coordinates":[18.671142,50.131797]}},{"type":"Feature","properties":{"lines":"300, 302, 304, 305","arr":["300","302","304","305"],"mode":"bus","angle":63,"extra":1,"ei":7,"l0":"300, ","c0":"#4d4aba","l1":"302, ","c1":"#999f01","l2":"304, ","c2":"#03636c","l3":"305","c3":"#119efc"},"geometry":{"type":"Point","coordinates":[18.67294,50.130309]}},{"type":"Feature","properties":{"lines":"300, 302, 304, 306","arr":["300","302","304","306"],"mode":"bus","angle":-19.3,"l0":"300, ","c0":"#4d4aba","l1":"302, ","c1":"#999f01","l2":"304, ","c2":"#03636c","l3":"306","c3":"#126804"},"geometry":{"type":"Point","coordinates":[18.66504,50.127608]}},{"type":"Feature","properties":{"lines":"300, 302, 304, 306","arr":["300","302","304","306"],"mode":"bus","angle":-19.5,"extra":1,"ei":0,"l0":"300, ","c0":"#4d4aba","l1":"302, ","c1":"#999f01","l2":"304, ","c2":"#03636c","l3":"306","c3":"#126804"},"geometry":{"type":"Point","coordinates":[18.658062,50.126027]}},{"type":"Feature","properties":{"lines":"300, 302, 304, 306","arr":["300","302","304","306"],"mode":"bus","angle":-19.6,"extra":1,"ei":1,"l0":"300, ","c0":"#4d4aba","l1":"302, ","c1":"#999f01","l2":"304, ","c2":"#03636c","l3":"306","c3":"#126804"},"geometry":{"type":"Point","coordinates":[18.660838,50.126655]}},{"type":"Feature","properties":{"lines":"300, 302, 304, 306","arr":["300","302","304","306"],"mode":"bus","angle":-15.5,"extra":1,"ei":2,"l0":"300, ","c0":"#4d4aba","l1":"302, ","c1":"#999f01","l2":"304, ","c2":"#03636c","l3":"306","c3":"#126804"},"geometry":{"type":"Point","coordinates":[18.669178,50.128518]}},{"type":"Feature","properties":{"lines":"300, 302, 304, 306","arr":["300","302","304","306"],"mode":"bus","angle":-29.8,"extra":1,"ei":3,"l0":"300, ","c0":"#4d4aba","l1":"302, ","c1":"#999f01","l2":"304, ","c2":"#03636c","l3":"306","c3":"#126804"},"geometry":{"type":"Point","coordinates":[18.671952,50.129122]}},{"type":"Feature","properties":{"lines":"300, 302, 304, 306","arr":["300","302","304","306"],"mode":"bus","angle":-19.9,"mi":1,"l0":"300, ","c0":"#4d4aba","l1":"302, ","c1":"#999f01","l2":"304, ","c2":"#03636c","l3":"306","c3":"#126804"},"geometry":{"type":"Point","coordinates":[18.65579,50.125506]}},{"type":"Feature","properties":{"lines":"300, 301, 302, 306","arr":["300","301","302","306"],"mode":"bus","angle":24.3,"l0":"300, ","c0":"#4d4aba","l1":"301, ","c1":"#b0045c","l2":"302, ","c2":"#999f01","l3":"306","c3":"#126804"},"geometry":{"type":"Point","coordinates":[18.624865,50.121193]}},{"type":"Feature","properties":{"lines":"300, 301, 302, 306","arr":["300","301","302","306"],"mode":"bus","angle":-19.2,"extra":1,"ei":0,"l0":"300, ","c0":"#4d4aba","l1":"301, ","c1":"#b0045c","l2":"302, ","c2":"#999f01","l3":"306","c3":"#126804"},"geometry":{"type":"Point","coordinates":[18.653516,50.124989]}},{"type":"Feature","properties":{"lines":"300, 301, 302, 306","arr":["300","301","302","306"],"mode":"bus","angle":-19.4,"extra":1,"ei":1,"l0":"300, ","c0":"#4d4aba","l1":"301, ","c1":"#b0045c","l2":"302, ","c2":"#999f01","l3":"306","c3":"#126804"},"geometry":{"type":"Point","coordinates":[18.65074,50.12436]}},{"type":"Feature","properties":{"lines":"300, 301, 302, 306","arr":["300","301","302","306"],"mode":"bus","angle":-19.3,"extra":1,"ei":2,"l0":"300, ","c0":"#4d4aba","l1":"301, ","c1":"#b0045c","l2":"302, ","c2":"#999f01","l3":"306","c3":"#126804"},"geometry":{"type":"Point","coordinates":[18.647964,50.123731]}},{"type":"Feature","properties":{"lines":"300, 301, 302, 306","arr":["300","301","302","306"],"mode":"bus","angle":-19.3,"extra":1,"ei":3,"l0":"300, ","c0":"#4d4aba","l1":"301, ","c1":"#b0045c","l2":"302, ","c2":"#999f01","l3":"306","c3":"#126804"},"geometry":{"type":"Point","coordinates":[18.645187,50.123104]}},{"type":"Feature","properties":{"lines":"300, 301, 302, 306","arr":["300","301","302","306"],"mode":"bus","angle":-19.4,"extra":1,"ei":4,"l0":"300, ","c0":"#4d4aba","l1":"301, ","c1":"#b0045c","l2":"302, ","c2":"#999f01","l3":"306","c3":"#126804"},"geometry":{"type":"Point","coordinates":[18.642411,50.122475]}},{"type":"Feature","properties":{"lines":"300, 301, 302, 306","arr":["300","301","302","306"],"mode":"bus","angle":-19.8,"extra":1,"ei":5,"l0":"300, ","c0":"#4d4aba","l1":"301, ","c1":"#b0045c","l2":"302, ","c2":"#999f01","l3":"306","c3":"#126804"},"geometry":{"type":"Point","coordinates":[18.639637,50.121843]}},{"type":"Feature","properties":{"lines":"300, 301, 302, 306","arr":["300","301","302","306"],"mode":"bus","angle":0.9,"extra":1,"ei":6,"l0":"300, ","c0":"#4d4aba","l1":"301, ","c1":"#b0045c","l2":"302, ","c2":"#999f01","l3":"306","c3":"#126804"},"geometry":{"type":"Point","coordinates":[18.636809,50.121368]}},{"type":"Feature","properties":{"lines":"300, 301, 302, 306","arr":["300","301","302","306"],"mode":"bus","angle":-9.1,"extra":1,"ei":7,"l0":"300, ","c0":"#4d4aba","l1":"301, ","c1":"#b0045c","l2":"302, ","c2":"#999f01","l3":"306","c3":"#126804"},"geometry":{"type":"Point","coordinates":[18.633875,50.121461]}},{"type":"Feature","properties":{"lines":"300, 301, 302, 306","arr":["300","301","302","306"],"mode":"bus","angle":-21.1,"extra":1,"ei":8,"l0":"300, ","c0":"#4d4aba","l1":"301, ","c1":"#b0045c","l2":"302, ","c2":"#999f01","l3":"306","c3":"#126804"},"geometry":{"type":"Point","coordinates":[18.631156,50.120752]}},{"type":"Feature","properties":{"lines":"300, 301, 302, 306","arr":["300","301","302","306"],"mode":"bus","angle":2.1,"extra":1,"ei":9,"l0":"300, ","c0":"#4d4aba","l1":"301, ","c1":"#b0045c","l2":"302, ","c2":"#999f01","l3":"306","c3":"#126804"},"geometry":{"type":"Point","coordinates":[18.628247,50.12061]}},{"type":"Feature","properties":{"lines":"300, 301, 302, 306","arr":["300","301","302","306"],"mode":"bus","angle":8,"extra":1,"ei":10,"l0":"300, ","c0":"#4d4aba","l1":"301, ","c1":"#b0045c","l2":"302, ","c2":"#999f01","l3":"306","c3":"#126804"},"geometry":{"type":"Point","coordinates":[18.622679,50.121716]}},{"type":"Feature","properties":{"lines":"300, 301, 302, 306","arr":["300","301","302","306"],"mode":"bus","angle":-6.7,"extra":1,"ei":11,"l0":"300, ","c0":"#4d4aba","l1":"301, ","c1":"#b0045c","l2":"302, ","c2":"#999f01","l3":"306","c3":"#126804"},"geometry":{"type":"Point","coordinates":[18.619751,50.12158]}},{"type":"Feature","properties":{"lines":"300, 301, 302, 306","arr":["300","301","302","306"],"mode":"bus","angle":-6.7,"extra":1,"ei":12,"l0":"300, ","c0":"#4d4aba","l1":"301, ","c1":"#b0045c","l2":"302, ","c2":"#999f01","l3":"306","c3":"#126804"},"geometry":{"type":"Point","coordinates":[18.616827,50.12136]}},{"type":"Feature","properties":{"lines":"300, 301, 302, 306","arr":["300","301","302","306"],"mode":"bus","angle":-25.3,"extra":1,"ei":13,"l0":"300, ","c0":"#4d4aba","l1":"301, ","c1":"#b0045c","l2":"302, ","c2":"#999f01","l3":"306","c3":"#126804"},"geometry":{"type":"Point","coordinates":[18.613965,50.120971]}},{"type":"Feature","properties":{"lines":"300, 301, 302, 306","arr":["300","301","302","306"],"mode":"bus","angle":-27.1,"extra":1,"ei":14,"l0":"300, ","c0":"#4d4aba","l1":"301, ","c1":"#b0045c","l2":"302, ","c2":"#999f01","l3":"306","c3":"#126804"},"geometry":{"type":"Point","coordinates":[18.611345,50.12011]}},{"type":"Feature","properties":{"lines":"300, 301, 302, 306","arr":["300","301","302","306"],"mode":"bus","angle":-26.3,"extra":1,"ei":15,"l0":"300, ","c0":"#4d4aba","l1":"301, ","c1":"#b0045c","l2":"302, ","c2":"#999f01","l3":"306","c3":"#126804"},"geometry":{"type":"Point","coordinates":[18.608725,50.119248]}},{"type":"Feature","properties":{"lines":"300, 301, 302, 306","arr":["300","301","302","306"],"mode":"bus","angle":-15,"extra":1,"ei":16,"l0":"300, ","c0":"#4d4aba","l1":"301, ","c1":"#b0045c","l2":"302, ","c2":"#999f01","l3":"306","c3":"#126804"},"geometry":{"type":"Point","coordinates":[18.60594,50.11865]}},{"type":"Feature","properties":{"lines":"300, 301, 302, 306","arr":["300","301","302","306"],"mode":"bus","angle":-15,"extra":1,"ei":17,"l0":"300, ","c0":"#4d4aba","l1":"301, ","c1":"#b0045c","l2":"302, ","c2":"#999f01","l3":"306","c3":"#126804"},"geometry":{"type":"Point","coordinates":[18.603096,50.118162]}},{"type":"Feature","properties":{"lines":"300, 301, 302, 306","arr":["300","301","302","306"],"mode":"bus","angle":-14.8,"extra":1,"ei":18,"l0":"300, ","c0":"#4d4aba","l1":"301, ","c1":"#b0045c","l2":"302, ","c2":"#999f01","l3":"306","c3":"#126804"},"geometry":{"type":"Point","coordinates":[18.600252,50.117673]}},{"type":"Feature","properties":{"lines":"300, 301, 302, 306","arr":["300","301","302","306"],"mode":"bus","angle":-14.6,"extra":1,"ei":19,"l0":"300, ","c0":"#4d4aba","l1":"301, ","c1":"#b0045c","l2":"302, ","c2":"#999f01","l3":"306","c3":"#126804"},"geometry":{"type":"Point","coordinates":[18.597404,50.117195]}},{"type":"Feature","properties":{"lines":"300, 301, 302, 306","arr":["300","301","302","306"],"mode":"bus","angle":-78.4,"l0":"300, ","c0":"#4d4aba","l1":"301, ","c1":"#b0045c","l2":"302, ","c2":"#999f01","l3":"306","c3":"#126804"},"geometry":{"type":"Point","coordinates":[18.56028,50.097938]}},{"type":"Feature","properties":{"lines":"305, 306","arr":["305","306"],"mode":"bus","angle":-1.7,"mi":3,"l0":"305, ","c0":"#119efc","l1":"306","c1":"#126804"},"geometry":{"type":"Point","coordinates":[18.678067,50.130537]}},{"type":"Feature","properties":{"lines":"305, 306","arr":["305","306"],"mode":"bus","angle":4.2,"mi":2,"l0":"305, ","c0":"#119efc","l1":"306","c1":"#126804"},"geometry":{"type":"Point","coordinates":[18.686141,50.130575]}},{"type":"Feature","properties":{"lines":"305, 306","arr":["305","306"],"mode":"bus","angle":-0.2,"extra":1,"ei":0,"l0":"305, ","c0":"#119efc","l1":"306","c1":"#126804"},"geometry":{"type":"Point","coordinates":[18.684041,50.130636]}},{"type":"Feature","properties":{"lines":"305, 306","arr":["305","306"],"mode":"bus","angle":-28.5,"extra":1,"ei":0,"l0":"305, ","c0":"#119efc","l1":"306","c1":"#126804"},"geometry":{"type":"Point","coordinates":[18.674854,50.130224]}},{"type":"Feature","properties":{"lines":"305, 306","arr":["305","306"],"mode":"bus","angle":-1.5,"extra":1,"ei":1,"l0":"305, ","c0":"#119efc","l1":"306","c1":"#126804"},"geometry":{"type":"Point","coordinates":[18.680662,50.13058]}},{"type":"Feature","properties":{"lines":"301, 304","arr":["301","304"],"mode":"bus","angle":51.7,"mi":1,"l0":"301, ","c0":"#b0045c","l1":"304","c1":"#03636c"},"geometry":{"type":"Point","coordinates":[18.653027,50.126977]}},{"type":"Feature","properties":{"lines":"301, 304","arr":["301","304"],"mode":"bus","angle":41.3,"l0":"301, ","c0":"#b0045c","l1":"304","c1":"#03636c"},"geometry":{"type":"Point","coordinates":[18.64895,50.130199]}},{"type":"Feature","properties":{"lines":"301, 304","arr":["301","304"],"mode":"bus","angle":41.3,"extra":1,"ei":0,"l0":"301, ","c0":"#b0045c","l1":"304","c1":"#03636c"},"geometry":{"type":"Point","coordinates":[18.65038,50.129393]}},{"type":"Feature","properties":{"lines":"301, 304, 309","arr":["301","304","309"],"mode":"bus","angle":-20.7,"l0":"301, ","c0":"#b0045c","l1":"304, ","c1":"#03636c","l2":"309","c2":"#f57145"},"geometry":{"type":"Point","coordinates":[18.620797,50.139671]}},{"type":"Feature","properties":{"lines":"301, 304, 309","arr":["301","304","309"],"mode":"bus","angle":-69.6,"mi":1,"l0":"301, ","c0":"#b0045c","l1":"304, ","c1":"#03636c","l2":"309","c2":"#f57145"},"geometry":{"type":"Point","coordinates":[18.619949,50.140838]}},{"type":"Feature","properties":{"lines":"301, 304, 309","arr":["301","304","309"],"mode":"bus","angle":-69.7,"extra":1,"ei":0,"l0":"301, ","c0":"#b0045c","l1":"304, ","c1":"#03636c","l2":"309","c2":"#f57145"},"geometry":{"type":"Point","coordinates":[18.620683,50.142108]}},{"type":"Feature","properties":{"lines":"301","arr":["301"],"mode":"bus","angle":-20.5,"l0":"301","c0":"#b0045c"},"geometry":{"type":"Point","coordinates":[18.655074,50.143118]}},{"type":"Feature","properties":{"lines":"301","arr":["301"],"mode":"bus","angle":-40.4,"extra":1,"ei":0,"l0":"301","c0":"#b0045c"},"geometry":{"type":"Point","coordinates":[18.641134,50.139604]}},{"type":"Feature","properties":{"lines":"301","arr":["301"],"mode":"bus","angle":-33.1,"extra":1,"ei":1,"l0":"301","c0":"#b0045c"},"geometry":{"type":"Point","coordinates":[18.643393,50.140814]}},{"type":"Feature","properties":{"lines":"301","arr":["301"],"mode":"bus","angle":-13.5,"extra":1,"ei":2,"l0":"301","c0":"#b0045c"},"geometry":{"type":"Point","coordinates":[18.646201,50.141347]}},{"type":"Feature","properties":{"lines":"301","arr":["301"],"mode":"bus","angle":-13.5,"extra":1,"ei":3,"l0":"301","c0":"#b0045c"},"geometry":{"type":"Point","coordinates":[18.649064,50.141787]}},{"type":"Feature","properties":{"lines":"301","arr":["301"],"mode":"bus","angle":-21.6,"extra":1,"ei":4,"l0":"301","c0":"#b0045c"},"geometry":{"type":"Point","coordinates":[18.651882,50.142319]}},{"type":"Feature","properties":{"lines":"301","arr":["301"],"mode":"bus","angle":-20.5,"extra":1,"ei":5,"l0":"301","c0":"#b0045c"},"geometry":{"type":"Point","coordinates":[18.65738,50.143671]}},{"type":"Feature","properties":{"lines":"301","arr":["301"],"mode":"bus","angle":-14.2,"extra":1,"ei":6,"l0":"301","c0":"#b0045c"},"geometry":{"type":"Point","coordinates":[18.660166,50.144278]}},{"type":"Feature","properties":{"lines":"301","arr":["301"],"mode":"bus","angle":-12,"extra":1,"ei":7,"l0":"301","c0":"#b0045c"},"geometry":{"type":"Point","coordinates":[18.663043,50.144677]}},{"type":"Feature","properties":{"lines":"301","arr":["301"],"mode":"bus","angle":-12.2,"extra":1,"ei":8,"l0":"301","c0":"#b0045c"},"geometry":{"type":"Point","coordinates":[18.665923,50.145069]}},{"type":"Feature","properties":{"lines":"301","arr":["301"],"mode":"bus","angle":-10.1,"extra":1,"ei":9,"l0":"301","c0":"#b0045c"},"geometry":{"type":"Point","coordinates":[18.668802,50.145465]}},{"type":"Feature","properties":{"lines":"301, 302, 304, 305","arr":["301","302","304","305"],"mode":"bus","angle":-5.8,"l0":"301, ","c0":"#b0045c","l1":"302, ","c1":"#999f01","l2":"304, ","c2":"#03636c","l3":"305","c3":"#119efc"},"geometry":{"type":"Point","coordinates":[18.668835,50.153793]}},{"type":"Feature","properties":{"lines":"301, 302, 304, 305","arr":["301","302","304","305"],"mode":"bus","angle":-72.9,"extra":1,"ei":0,"l0":"301, ","c0":"#b0045c","l1":"302, ","c1":"#999f01","l2":"304, ","c2":"#03636c","l3":"305","c3":"#119efc"},"geometry":{"type":"Point","coordinates":[18.663068,50.158121]}},{"type":"Feature","properties":{"lines":"301, 302, 304, 305","arr":["301","302","304","305"],"mode":"bus","angle":-86.2,"extra":1,"ei":1,"l0":"301, ","c0":"#b0045c","l1":"302, ","c1":"#999f01","l2":"304, ","c2":"#03636c","l3":"305","c3":"#119efc"},"geometry":{"type":"Point","coordinates":[18.662375,50.156286]}},{"type":"Feature","properties":{"lines":"301, 302, 304, 305","arr":["301","302","304","305"],"mode":"bus","angle":42.6,"extra":1,"ei":2,"l0":"301, ","c0":"#b0045c","l1":"302, ","c1":"#999f01","l2":"304, ","c2":"#03636c","l3":"305","c3":"#119efc"},"geometry":{"type":"Point","coordinates":[18.663843,50.154726]}},{"type":"Feature","properties":{"lines":"301, 302, 304, 305","arr":["301","302","304","305"],"mode":"bus","angle":12.8,"extra":1,"ei":3,"l0":"301, ","c0":"#b0045c","l1":"302, ","c1":"#999f01","l2":"304, ","c2":"#03636c","l3":"305","c3":"#119efc"},"geometry":{"type":"Point","coordinates":[18.666311,50.153737]}},{"type":"Feature","properties":{"lines":"301, 302, 304, 305","arr":["301","302","304","305"],"mode":"bus","angle":16,"extra":1,"ei":4,"l0":"301, ","c0":"#b0045c","l1":"302, ","c1":"#999f01","l2":"304, ","c2":"#03636c","l3":"305","c3":"#119efc"},"geometry":{"type":"Point","coordinates":[18.672162,50.153919]}},{"type":"Feature","properties":{"lines":"301, 302, 304, 305","arr":["301","302","304","305"],"mode":"bus","angle":57.2,"extra":1,"ei":5,"l0":"301, ","c0":"#b0045c","l1":"302, ","c1":"#999f01","l2":"304, ","c2":"#03636c","l3":"305","c3":"#119efc"},"geometry":{"type":"Point","coordinates":[18.674282,50.152692]}},{"type":"Feature","properties":{"lines":"301, 302, 304, 305","arr":["301","302","304","305"],"mode":"bus","angle":62,"extra":1,"ei":6,"l0":"301, ","c0":"#b0045c","l1":"302, ","c1":"#999f01","l2":"304, ","c2":"#03636c","l3":"305","c3":"#119efc"},"geometry":{"type":"Point","coordinates":[18.675701,50.151038]}},{"type":"Feature","properties":{"lines":"301, 302, 304, 305","arr":["301","302","304","305"],"mode":"bus","angle":69.8,"extra":1,"ei":7,"l0":"301, ","c0":"#b0045c","l1":"302, ","c1":"#999f01","l2":"304, ","c2":"#03636c","l3":"305","c3":"#119efc"},"geometry":{"type":"Point","coordinates":[18.677036,50.149357]}},{"type":"Feature","properties":{"lines":"301, 302, 303, 304, 305, 309","arr":["301","302","303","304","305","309"],"mode":"bus","angle":-80.9,"l0":"301, ","c0":"#b0045c","l1":"302, ","c1":"#999f01","l2":"303, ","c2":"#e16cd6","l3":"304, ","c3":"#03636c","l4":"305, ","c4":"#119efc","l5":"309","c5":"#f57145"},"geometry":{"type":"Point","coordinates":[18.663698,50.159321]}},{"type":"Feature","properties":{"lines":"301, 303, 304, 305, 309","arr":["301","303","304","305","309"],"mode":"bus","angle":88.6,"mi":1,"l0":"301, ","c0":"#b0045c","l1":"303, ","c1":"#e16cd6","l2":"304, ","c2":"#03636c","l3":"305, ","c3":"#119efc","l4":"309","c4":"#f57145"},"geometry":{"type":"Point","coordinates":[18.663681,50.161796]}},{"type":"Feature","properties":{"lines":"301, 303, 304, 305, 309","arr":["301","303","304","305","309"],"mode":"bus","angle":88.5,"extra":1,"ei":0,"l0":"301, ","c0":"#b0045c","l1":"303, ","c1":"#e16cd6","l2":"304, ","c2":"#03636c","l3":"305, ","c3":"#119efc","l4":"309","c4":"#f57145"},"geometry":{"type":"Point","coordinates":[18.663728,50.160589]}},{"type":"Feature","properties":{"lines":"303","arr":["303"],"mode":"bus","angle":23.5,"l0":"303","c0":"#e16cd6"},"geometry":{"type":"Point","coordinates":[18.658656,50.166928]}},{"type":"Feature","properties":{"lines":"303","arr":["303"],"mode":"bus","angle":36.2,"extra":1,"ei":0,"l0":"303","c0":"#e16cd6"},"geometry":{"type":"Point","coordinates":[18.662157,50.164841]}},{"type":"Feature","properties":{"lines":"303","arr":["303"],"mode":"bus","angle":46.4,"extra":1,"ei":1,"l0":"303","c0":"#e16cd6"},"geometry":{"type":"Point","coordinates":[18.660292,50.166277]}},{"type":"Feature","properties":{"lines":"303","arr":["303"],"mode":"bus","angle":45.2,"extra":1,"ei":2,"l0":"303","c0":"#e16cd6"},"geometry":{"type":"Point","coordinates":[18.655173,50.16801]}},{"type":"Feature","properties":{"lines":"301, 304, 305, 309","arr":["301","304","305","309"],"mode":"bus","angle":-7.3,"side":-1,"l0":"301, ","c0":"#b0045c","l1":"304, ","c1":"#03636c","l2":"305, ","c2":"#119efc","l3":"309","c3":"#f57145"},"geometry":{"type":"Point","coordinates":[18.663824,50.163998]}},{"type":"Feature","properties":{"lines":"301, 303, 304, 305, 309","arr":["301","303","304","305","309"],"mode":"bus","angle":51.2,"l0":"301, ","c0":"#b0045c","l1":"303, ","c1":"#e16cd6","l2":"304, ","c2":"#03636c","l3":"305, ","c3":"#119efc","l4":"309","c4":"#f57145"},"geometry":{"type":"Point","coordinates":[18.667246,50.16249]}},{"type":"Feature","properties":{"lines":"301, 303, 304, 305, 309","arr":["301","303","304","305","309"],"mode":"bus","angle":63.5,"extra":1,"ei":0,"l0":"301, ","c0":"#b0045c","l1":"303, ","c1":"#e16cd6","l2":"304, ","c2":"#03636c","l3":"305, ","c3":"#119efc","l4":"309","c4":"#f57145"},"geometry":{"type":"Point","coordinates":[18.668402,50.161101]}},{"type":"Feature","properties":{"lines":"301, 303, 304, 305, 309","arr":["301","303","304","305","309"],"mode":"bus","angle":33.2,"extra":1,"ei":1,"l0":"301, ","c0":"#b0045c","l1":"303, ","c1":"#e16cd6","l2":"304, ","c2":"#03636c","l3":"305, ","c3":"#119efc","l4":"309","c4":"#f57145"},"geometry":{"type":"Point","coordinates":[18.664521,50.163812]}},{"type":"Feature","properties":{"lines":"302, 303, 305, 309","arr":["302","303","305","309"],"mode":"bus","angle":-20.5,"l0":"302, ","c0":"#999f01","l1":"303, ","c1":"#e16cd6","l2":"305, ","c2":"#119efc","l3":"309","c3":"#f57145"},"geometry":{"type":"Point","coordinates":[18.665715,50.159454]}},{"type":"Feature","properties":{"lines":"302, 303, 305, 309","arr":["302","303","305","309"],"mode":"bus","angle":-20.5,"extra":1,"ei":0,"l0":"302, ","c0":"#999f01","l1":"303, ","c1":"#e16cd6","l2":"305, ","c2":"#119efc","l3":"309","c3":"#f57145"},"geometry":{"type":"Point","coordinates":[18.66774,50.159939]}},{"type":"Feature","properties":{"lines":"301, 304","arr":["301","304"],"mode":"bus","angle":-40.1,"l0":"301, ","c0":"#b0045c","l1":"304","c1":"#03636c"},"geometry":{"type":"Point","coordinates":[18.672094,50.16111]}},{"type":"Feature","properties":{"lines":"301, 304","arr":["301","304"],"mode":"bus","angle":-20.3,"extra":1,"ei":0,"l0":"301, ","c0":"#b0045c","l1":"304","c1":"#03636c"},"geometry":{"type":"Point","coordinates":[18.670439,50.160584]}},{"type":"Feature","properties":{"lines":"301, 304","arr":["301","304"],"mode":"bus","angle":-85.8,"mi":1,"l0":"301, ","c0":"#b0045c","l1":"304","c1":"#03636c"},"geometry":{"type":"Point","coordinates":[18.675937,50.16822]}},{"type":"Feature","properties":{"lines":"301, 304","arr":["301","304"],"mode":"bus","angle":-86.6,"extra":1,"ei":0,"l0":"301, ","c0":"#b0045c","l1":"304","c1":"#03636c"},"geometry":{"type":"Point","coordinates":[18.675347,50.162514]}},{"type":"Feature","properties":{"lines":"301, 304","arr":["301","304"],"mode":"bus","angle":-86.3,"extra":1,"ei":1,"l0":"301, ","c0":"#b0045c","l1":"304","c1":"#03636c"},"geometry":{"type":"Point","coordinates":[18.675533,50.164399]}},{"type":"Feature","properties":{"lines":"301, 304","arr":["301","304"],"mode":"bus","angle":-86.6,"extra":1,"ei":2,"l0":"301, ","c0":"#b0045c","l1":"304","c1":"#03636c"},"geometry":{"type":"Point","coordinates":[18.67572,50.166283]}},{"type":"Feature","properties":{"lines":"301, 304","arr":["301","304"],"mode":"bus","angle":-87.1,"extra":1,"ei":3,"l0":"301, ","c0":"#b0045c","l1":"304","c1":"#03636c"},"geometry":{"type":"Point","coordinates":[18.67609,50.170053]}},{"type":"Feature","properties":{"lines":"301, 304","arr":["301","304"],"mode":"bus","angle":-86.8,"extra":1,"ei":4,"l0":"301, ","c0":"#b0045c","l1":"304","c1":"#03636c"},"geometry":{"type":"Point","coordinates":[18.676238,50.171939]}},{"type":"Feature","properties":{"lines":"301, 304","arr":["301","304"],"mode":"bus","angle":-86.1,"extra":1,"ei":5,"l0":"301, ","c0":"#b0045c","l1":"304","c1":"#03636c"},"geometry":{"type":"Point","coordinates":[18.676435,50.173823]}},{"type":"Feature","properties":{"lines":"301, 303, 304","arr":["301","303","304"],"mode":"bus","angle":7.4,"l0":"301, ","c0":"#b0045c","l1":"303, ","c1":"#e16cd6","l2":"304","c2":"#03636c"},"geometry":{"type":"Point","coordinates":[18.66382,50.164082]}},{"type":"Feature","properties":{"lines":"301","arr":["301"],"mode":"bus","angle":0.4,"mi":1,"l0":"301","c0":"#b0045c"},"geometry":{"type":"Point","coordinates":[18.545466,50.10209]}},{"type":"Feature","properties":{"lines":"303","arr":["303"],"mode":"bus","angle":62.9,"l0":"303","c0":"#e16cd6"},"geometry":{"type":"Point","coordinates":[18.650324,50.175622]}},{"type":"Feature","properties":{"lines":"303","arr":["303"],"mode":"bus","angle":-67.6,"extra":1,"ei":0,"l0":"303","c0":"#e16cd6"},"geometry":{"type":"Point","coordinates":[18.654128,50.16998]}},{"type":"Feature","properties":{"lines":"303","arr":["303"],"mode":"bus","angle":59.9,"extra":1,"ei":1,"l0":"303","c0":"#e16cd6"},"geometry":{"type":"Point","coordinates":[18.653428,50.171741]}},{"type":"Feature","properties":{"lines":"303","arr":["303"],"mode":"bus","angle":66.5,"extra":1,"ei":2,"l0":"303","c0":"#e16cd6"},"geometry":{"type":"Point","coordinates":[18.652032,50.173403]}},{"type":"Feature","properties":{"lines":"303","arr":["303"],"mode":"bus","angle":82.6,"extra":1,"ei":3,"l0":"303","c0":"#e16cd6"},"geometry":{"type":"Point","coordinates":[18.649616,50.176827]}},{"type":"Feature","properties":{"lines":"303","arr":["303"],"mode":"bus","angle":-67.1,"extra":1,"ei":4,"l0":"303","c0":"#e16cd6"},"geometry":{"type":"Point","coordinates":[18.649465,50.178692]}},{"type":"Feature","properties":{"lines":"303","arr":["303"],"mode":"bus","angle":-65.8,"extra":1,"ei":5,"l0":"303","c0":"#e16cd6"},"geometry":{"type":"Point","coordinates":[18.650869,50.180351]}},{"type":"Feature","properties":{"lines":"303","arr":["303"],"mode":"bus","angle":89.7,"extra":1,"ei":6,"l0":"303","c0":"#e16cd6"},"geometry":{"type":"Point","coordinates":[18.651143,50.182218]}},{"type":"Feature","properties":{"lines":"303","arr":["303"],"mode":"bus","angle":81.7,"mi":4,"l0":"303","c0":"#e16cd6"},"geometry":{"type":"Point","coordinates":[18.650751,50.19021]}},{"type":"Feature","properties":{"lines":"303","arr":["303"],"mode":"bus","angle":-48.1,"mi":5,"l0":"303","c0":"#e16cd6"},"geometry":{"type":"Point","coordinates":[18.647941,50.19752]}},{"type":"Feature","properties":{"lines":"303","arr":["303"],"mode":"bus","angle":-85.3,"extra":1,"ei":0,"l0":"303","c0":"#e16cd6"},"geometry":{"type":"Point","coordinates":[18.651027,50.183387]}},{"type":"Feature","properties":{"lines":"303","arr":["303"],"mode":"bus","angle":82.7,"extra":1,"ei":1,"l0":"303","c0":"#e16cd6"},"geometry":{"type":"Point","coordinates":[18.650769,50.185263]}},{"type":"Feature","properties":{"lines":"303","arr":["303"],"mode":"bus","angle":-83.5,"extra":1,"ei":2,"l0":"303","c0":"#e16cd6"},"geometry":{"type":"Point","coordinates":[18.650666,50.187147]}},{"type":"Feature","properties":{"lines":"303","arr":["303"],"mode":"bus","angle":82.4,"extra":1,"ei":3,"l0":"303","c0":"#e16cd6"},"geometry":{"type":"Point","coordinates":[18.651025,50.189006]}},{"type":"Feature","properties":{"lines":"303","arr":["303"],"mode":"bus","angle":-81.1,"extra":1,"ei":4,"l0":"303","c0":"#e16cd6"},"geometry":{"type":"Point","coordinates":[18.65113,50.192726]}},{"type":"Feature","properties":{"lines":"303","arr":["303"],"mode":"bus","angle":66.6,"extra":1,"ei":5,"l0":"303","c0":"#e16cd6"},"geometry":{"type":"Point","coordinates":[18.650334,50.19451]}},{"type":"Feature","properties":{"lines":"303","arr":["303"],"mode":"bus","angle":62.6,"extra":1,"ei":6,"l0":"303","c0":"#e16cd6"},"geometry":{"type":"Point","coordinates":[18.649024,50.1962]}},{"type":"Feature","properties":{"lines":"303","arr":["303"],"mode":"bus","angle":-30.1,"mi":2,"l0":"303","c0":"#e16cd6"},"geometry":{"type":"Point","coordinates":[18.638837,50.19487]}},{"type":"Feature","properties":{"lines":"303","arr":["303"],"mode":"bus","angle":-13.9,"extra":1,"ei":0,"l0":"303","c0":"#e16cd6"},"geometry":{"type":"Point","coordinates":[18.64581,50.197625]}},{"type":"Feature","properties":{"lines":"303","arr":["303"],"mode":"bus","angle":-32.9,"extra":1,"ei":1,"l0":"303","c0":"#e16cd6"},"geometry":{"type":"Point","coordinates":[18.643266,50.19669]}},{"type":"Feature","properties":{"lines":"303","arr":["303"],"mode":"bus","angle":-33.2,"extra":1,"ei":2,"l0":"303","c0":"#e16cd6"},"geometry":{"type":"Point","coordinates":[18.640797,50.195662]}},{"type":"Feature","properties":{"lines":"303","arr":["303"],"mode":"bus","angle":-27.8,"extra":1,"ei":3,"l0":"303","c0":"#e16cd6"},"geometry":{"type":"Point","coordinates":[18.63569,50.193787]}},{"type":"Feature","properties":{"lines":"303","arr":["303"],"mode":"bus","angle":-25.5,"extra":1,"ei":4,"l0":"303","c0":"#e16cd6"},"geometry":{"type":"Point","coordinates":[18.633071,50.192924]}},{"type":"Feature","properties":{"lines":"303","arr":["303"],"mode":"bus","angle":-23.5,"extra":1,"ei":5,"l0":"303","c0":"#e16cd6"},"geometry":{"type":"Point","coordinates":[18.6304,50.192131]}},{"type":"Feature","properties":{"lines":"303","arr":["303"],"mode":"bus","angle":-66.4,"side":-1,"mi":1,"l0":"303","c0":"#e16cd6"},"geometry":{"type":"Point","coordinates":[18.621763,50.188694]}},{"type":"Feature","properties":{"lines":"303","arr":["303"],"mode":"bus","angle":-54.8,"mi":6,"l0":"303","c0":"#e16cd6"},"geometry":{"type":"Point","coordinates":[18.614973,50.180131]}},{"type":"Feature","properties":{"lines":"303","arr":["303"],"mode":"bus","angle":-53.7,"extra":1,"ei":0,"l0":"303","c0":"#e16cd6"},"geometry":{"type":"Point","coordinates":[18.613182,50.178583]}},{"type":"Feature","properties":{"lines":"303","arr":["303"],"mode":"bus","angle":-58.3,"extra":1,"ei":1,"l0":"303","c0":"#e16cd6"},"geometry":{"type":"Point","coordinates":[18.616653,50.181632]}},{"type":"Feature","properties":{"lines":"303","arr":["303"],"mode":"bus","angle":-24.4,"l0":"303","c0":"#e16cd6"},"geometry":{"type":"Point","coordinates":[18.626393,50.190958]}},{"type":"Feature","properties":{"lines":"303","arr":["303"],"mode":"bus","angle":-24.6,"extra":1,"ei":0,"l0":"303","c0":"#e16cd6"},"geometry":{"type":"Point","coordinates":[18.628863,50.191683]}},{"type":"Feature","properties":{"lines":"303","arr":["303"],"mode":"bus","angle":-24.5,"extra":1,"ei":1,"l0":"303","c0":"#e16cd6"},"geometry":{"type":"Point","coordinates":[18.6235,50.190124]}},{"type":"Feature","properties":{"lines":"303","arr":["303"],"mode":"bus","angle":-66.5,"mi":3,"l0":"303","c0":"#e16cd6"},"geometry":{"type":"Point","coordinates":[18.619774,50.186294]}},{"type":"Feature","properties":{"lines":"303","arr":["303"],"mode":"bus","angle":-66.3,"extra":1,"ei":0,"l0":"303","c0":"#e16cd6"},"geometry":{"type":"Point","coordinates":[18.621672,50.189152]}},{"type":"Feature","properties":{"lines":"303","arr":["303"],"mode":"bus","angle":-67.1,"extra":1,"ei":1,"l0":"303","c0":"#e16cd6"},"geometry":{"type":"Point","coordinates":[18.620517,50.187415]}},{"type":"Feature","properties":{"lines":"303","arr":["303"],"mode":"bus","angle":-67.1,"extra":1,"ei":2,"l0":"303","c0":"#e16cd6"},"geometry":{"type":"Point","coordinates":[18.618182,50.183948]}},{"type":"Feature","properties":{"lines":"303","arr":["303"],"mode":"bus","angle":57.2,"l0":"303","c0":"#e16cd6"},"geometry":{"type":"Point","coordinates":[18.604423,50.165762]}},{"type":"Feature","properties":{"lines":"303","arr":["303"],"mode":"bus","angle":-68.4,"extra":1,"ei":0,"l0":"303","c0":"#e16cd6"},"geometry":{"type":"Point","coordinates":[18.611741,50.17695]}},{"type":"Feature","properties":{"lines":"303","arr":["303"],"mode":"bus","angle":-66.8,"extra":1,"ei":1,"l0":"303","c0":"#e16cd6"},"geometry":{"type":"Point","coordinates":[18.61065,50.175196]}},{"type":"Feature","properties":{"lines":"303","arr":["303"],"mode":"bus","angle":-60.9,"extra":1,"ei":2,"l0":"303","c0":"#e16cd6"},"geometry":{"type":"Point","coordinates":[18.609284,50.173525]}},{"type":"Feature","properties":{"lines":"303","arr":["303"],"mode":"bus","angle":-61.8,"extra":1,"ei":3,"l0":"303","c0":"#e16cd6"},"geometry":{"type":"Point","coordinates":[18.607873,50.171867]}},{"type":"Feature","properties":{"lines":"303","arr":["303"],"mode":"bus","angle":-61.5,"extra":1,"ei":4,"l0":"303","c0":"#e16cd6"},"geometry":{"type":"Point","coordinates":[18.606479,50.170204]}},{"type":"Feature","properties":{"lines":"303","arr":["303"],"mode":"bus","angle":-61.2,"extra":1,"ei":5,"l0":"303","c0":"#e16cd6"},"geometry":{"type":"Point","coordinates":[18.605076,50.168544]}},{"type":"Feature","properties":{"lines":"303","arr":["303"],"mode":"bus","angle":-76.9,"extra":1,"ei":6,"l0":"303","c0":"#e16cd6"},"geometry":{"type":"Point","coordinates":[18.604572,50.163278]}},{"type":"Feature","properties":{"lines":"303","arr":["303"],"mode":"bus","angle":-54.1,"extra":1,"ei":7,"l0":"303","c0":"#e16cd6"},"geometry":{"type":"Point","coordinates":[18.603322,50.161591]}},{"type":"Feature","properties":{"lines":"303","arr":["303"],"mode":"bus","angle":-54.7,"extra":1,"ei":8,"l0":"303","c0":"#e16cd6"},"geometry":{"type":"Point","coordinates":[18.601746,50.159998]}},{"type":"Feature","properties":{"lines":"303","arr":["303"],"mode":"bus","angle":-54.7,"extra":1,"ei":9,"l0":"303","c0":"#e16cd6"},"geometry":{"type":"Point","coordinates":[18.599434,50.158865]}},{"type":"Feature","properties":{"lines":"303","arr":["303"],"mode":"bus","angle":-89.2,"extra":1,"ei":10,"l0":"303","c0":"#e16cd6"},"geometry":{"type":"Point","coordinates":[18.59906,50.157041]}},{"type":"Feature","properties":{"lines":"303","arr":["303"],"mode":"bus","angle":-86.2,"extra":1,"ei":11,"l0":"303","c0":"#e16cd6"},"geometry":{"type":"Point","coordinates":[18.598709,50.155169]}},{"type":"Feature","properties":{"lines":"304, 309","arr":["304","309"],"mode":"bus","angle":-19.9,"side":-1,"l0":"304, ","c0":"#03636c","l1":"309","c1":"#f57145"},"geometry":{"type":"Point","coordinates":[18.634632,50.136333]}},{"type":"Feature","properties":{"lines":"304, 309","arr":["304","309"],"mode":"bus","angle":45.4,"mi":1,"l0":"304, ","c0":"#03636c","l1":"309","c1":"#f57145"},"geometry":{"type":"Point","coordinates":[18.63055,50.13835]}},{"type":"Feature","properties":{"lines":"304, 309","arr":["304","309"],"mode":"bus","angle":45.4,"extra":1,"ei":0,"l0":"304, ","c0":"#03636c","l1":"309","c1":"#f57145"},"geometry":{"type":"Point","coordinates":[18.632773,50.136901]}},{"type":"Feature","properties":{"lines":"304, 309","arr":["304","309"],"mode":"bus","angle":68.8,"extra":1,"ei":1,"l0":"304, ","c0":"#03636c","l1":"309","c1":"#f57145"},"geometry":{"type":"Point","coordinates":[18.629235,50.13985]}},{"type":"Feature","properties":{"lines":"305, 306","arr":["305","306"],"mode":"bus","angle":82.7,"l0":"305, ","c0":"#119efc","l1":"306","c1":"#126804"},"geometry":{"type":"Point","coordinates":[18.689513,50.065464]}},{"type":"Feature","properties":{"lines":"305, 306","arr":["305","306"],"mode":"bus","angle":-72.9,"l0":"305, ","c0":"#119efc","l1":"306","c1":"#126804"},"geometry":{"type":"Point","coordinates":[18.688392,50.054142]}},{"type":"Feature","properties":{"lines":"305, 306","arr":["305","306"],"mode":"bus","angle":-71.3,"extra":1,"ei":0,"l0":"305, ","c0":"#119efc","l1":"306","c1":"#126804"},"geometry":{"type":"Point","coordinates":[18.6873,50.052063]}},{"type":"Feature","properties":{"lines":"305, 306","arr":["305","306"],"mode":"bus","angle":-86.2,"extra":1,"ei":1,"l0":"305, ","c0":"#119efc","l1":"306","c1":"#126804"},"geometry":{"type":"Point","coordinates":[18.688946,50.055683]}},{"type":"Feature","properties":{"lines":"305, 306","arr":["305","306"],"mode":"bus","angle":34.8,"extra":1,"ei":0,"l0":"305, ","c0":"#119efc","l1":"306","c1":"#126804"},"geometry":{"type":"Point","coordinates":[18.687278,50.072017]}},{"type":"Feature","properties":{"lines":"305, 306","arr":["305","306"],"mode":"bus","angle":84.7,"extra":1,"ei":1,"l0":"305, ","c0":"#119efc","l1":"306","c1":"#126804"},"geometry":{"type":"Point","coordinates":[18.688583,50.070483]}},{"type":"Feature","properties":{"lines":"305, 306","arr":["305","306"],"mode":"bus","angle":83.3,"extra":1,"ei":2,"l0":"305, ","c0":"#119efc","l1":"306","c1":"#126804"},"geometry":{"type":"Point","coordinates":[18.688898,50.068606]}},{"type":"Feature","properties":{"lines":"305, 306","arr":["305","306"],"mode":"bus","angle":82.6,"extra":1,"ei":3,"l0":"305, ","c0":"#119efc","l1":"306","c1":"#126804"},"geometry":{"type":"Point","coordinates":[18.689257,50.066731]}},{"type":"Feature","properties":{"lines":"305, 306","arr":["305","306"],"mode":"bus","angle":-61.6,"extra":1,"ei":4,"l0":"305, ","c0":"#119efc","l1":"306","c1":"#126804"},"geometry":{"type":"Point","coordinates":[18.689238,50.063052]}},{"type":"Feature","properties":{"lines":"305, 306","arr":["305","306"],"mode":"bus","angle":-83.9,"extra":1,"ei":5,"l0":"305, ","c0":"#119efc","l1":"306","c1":"#126804"},"geometry":{"type":"Point","coordinates":[18.68808,50.061337]}},{"type":"Feature","properties":{"lines":"305, 306","arr":["305","306"],"mode":"bus","angle":-85.4,"extra":1,"ei":6,"l0":"305, ","c0":"#119efc","l1":"306","c1":"#126804"},"geometry":{"type":"Point","coordinates":[18.687751,50.05946]}},{"type":"Feature","properties":{"lines":"305, 306","arr":["305","306"],"mode":"bus","angle":-84.2,"mi":1,"l0":"305, ","c0":"#119efc","l1":"306","c1":"#126804"},"geometry":{"type":"Point","coordinates":[18.683212,50.092346]}},{"type":"Feature","properties":{"lines":"305, 306","arr":["305","306"],"mode":"bus","angle":88.6,"mi":2,"l0":"305, ","c0":"#119efc","l1":"306","c1":"#126804"},"geometry":{"type":"Point","coordinates":[18.682974,50.079694]}},{"type":"Feature","properties":{"lines":"305, 306","arr":["305","306"],"mode":"bus","angle":64.5,"mi":4,"l0":"305, ","c0":"#119efc","l1":"306","c1":"#126804"},"geometry":{"type":"Point","coordinates":[18.684889,50.074459]}},{"type":"Feature","properties":{"lines":"305, 306","arr":["305","306"],"mode":"bus","angle":75.4,"extra":1,"ei":0,"l0":"305, ","c0":"#119efc","l1":"306","c1":"#126804"},"geometry":{"type":"Point","coordinates":[18.683214,50.077757]}},{"type":"Feature","properties":{"lines":"305, 306","arr":["305","306"],"mode":"bus","angle":77.8,"extra":1,"ei":1,"l0":"305, ","c0":"#119efc","l1":"306","c1":"#126804"},"geometry":{"type":"Point","coordinates":[18.682579,50.081497]}},{"type":"Feature","properties":{"lines":"305, 306","arr":["305","306"],"mode":"bus","angle":-88.4,"extra":1,"ei":0,"l0":"305, ","c0":"#119efc","l1":"306","c1":"#126804"},"geometry":{"type":"Point","coordinates":[18.682141,50.085572]}},{"type":"Feature","properties":{"lines":"305, 306","arr":["305","306"],"mode":"bus","angle":-85.8,"extra":1,"ei":1,"l0":"305, ","c0":"#119efc","l1":"306","c1":"#126804"},"geometry":{"type":"Point","coordinates":[18.682453,50.087448]}},{"type":"Feature","properties":{"lines":"305, 306","arr":["305","306"],"mode":"bus","angle":-84.3,"extra":1,"ei":2,"l0":"305, ","c0":"#119efc","l1":"306","c1":"#126804"},"geometry":{"type":"Point","coordinates":[18.682669,50.089332]}},{"type":"Feature","properties":{"lines":"305, 306","arr":["305","306"],"mode":"bus","angle":74.8,"extra":1,"ei":3,"l0":"305, ","c0":"#119efc","l1":"306","c1":"#126804"},"geometry":{"type":"Point","coordinates":[18.682235,50.094846]}},{"type":"Feature","properties":{"lines":"305, 306","arr":["305","306"],"mode":"bus","angle":78.1,"extra":1,"ei":4,"l0":"305, ","c0":"#119efc","l1":"306","c1":"#126804"},"geometry":{"type":"Point","coordinates":[18.68162,50.096693]}},{"type":"Feature","properties":{"lines":"305, 306","arr":["305","306"],"mode":"bus","angle":76,"side":-1,"extra":1,"ei":5,"l0":"305, ","c0":"#119efc","l1":"306","c1":"#126804"},"geometry":{"type":"Point","coordinates":[18.681201,50.09856]}},{"type":"Feature","properties":{"lines":"305, 306","arr":["305","306"],"mode":"bus","angle":88.3,"l0":"305, ","c0":"#119efc","l1":"306","c1":"#126804"},"geometry":{"type":"Point","coordinates":[18.682187,50.083585]}},{"type":"Feature","properties":{"lines":"305, 306","arr":["305","306"],"mode":"bus","angle":75.7,"mi":3,"l0":"305, ","c0":"#119efc","l1":"306","c1":"#126804"},"geometry":{"type":"Point","coordinates":[18.683643,50.076608]}},{"type":"Feature","properties":{"lines":"305, 306","arr":["305","306"],"mode":"bus","angle":-75.2,"mi":6,"l0":"305, ","c0":"#119efc","l1":"306","c1":"#126804"},"geometry":{"type":"Point","coordinates":[18.680743,50.099439]}},{"type":"Feature","properties":{"lines":"305, 306","arr":["305","306"],"mode":"bus","angle":54,"l0":"305, ","c0":"#119efc","l1":"306","c1":"#126804"},"geometry":{"type":"Point","coordinates":[18.71826,50.105161]}},{"type":"Feature","properties":{"lines":"305, 306","arr":["305","306"],"mode":"bus","angle":58.2,"l0":"305, ","c0":"#119efc","l1":"306","c1":"#126804"},"geometry":{"type":"Point","coordinates":[18.711362,50.119409]}},{"type":"Feature","properties":{"lines":"305, 306","arr":["305","306"],"mode":"bus","angle":-2.8,"mi":5,"l0":"305, ","c0":"#119efc","l1":"306","c1":"#126804"},"geometry":{"type":"Point","coordinates":[18.689712,50.097702]}},{"type":"Feature","properties":{"lines":"305, 306","arr":["305","306"],"mode":"bus","angle":27.9,"extra":1,"ei":0,"l0":"305, ","c0":"#119efc","l1":"306","c1":"#126804"},"geometry":{"type":"Point","coordinates":[18.682511,50.098346]}},{"type":"Feature","properties":{"lines":"305, 306","arr":["305","306"],"mode":"bus","angle":1.7,"extra":1,"ei":1,"l0":"305, ","c0":"#119efc","l1":"306","c1":"#126804"},"geometry":{"type":"Point","coordinates":[18.685193,50.097625]}},{"type":"Feature","properties":{"lines":"305, 306","arr":["305","306"],"mode":"bus","angle":-9.4,"extra":1,"ei":2,"l0":"305, ","c0":"#119efc","l1":"306","c1":"#126804"},"geometry":{"type":"Point","coordinates":[18.693989,50.097905]}},{"type":"Feature","properties":{"lines":"305, 306","arr":["305","306"],"mode":"bus","angle":-3.1,"extra":1,"ei":3,"l0":"305, ","c0":"#119efc","l1":"306","c1":"#126804"},"geometry":{"type":"Point","coordinates":[18.696924,50.098036]}},{"type":"Feature","properties":{"lines":"305, 306","arr":["305","306"],"mode":"bus","angle":84.7,"extra":1,"ei":0,"l0":"305, ","c0":"#119efc","l1":"306","c1":"#126804"},"geometry":{"type":"Point","coordinates":[18.71668,50.109749]}},{"type":"Feature","properties":{"lines":"305, 306","arr":["305","306"],"mode":"bus","angle":83,"extra":1,"ei":1,"l0":"305, ","c0":"#119efc","l1":"306","c1":"#126804"},"geometry":{"type":"Point","coordinates":[18.716334,50.111624]}},{"type":"Feature","properties":{"lines":"305, 306","arr":["305","306"],"mode":"bus","angle":78.8,"extra":1,"ei":2,"l0":"305, ","c0":"#119efc","l1":"306","c1":"#126804"},"geometry":{"type":"Point","coordinates":[18.715839,50.113485]}},{"type":"Feature","properties":{"lines":"305, 306","arr":["305","306"],"mode":"bus","angle":72.6,"extra":1,"ei":3,"l0":"305, ","c0":"#119efc","l1":"306","c1":"#126804"},"geometry":{"type":"Point","coordinates":[18.715147,50.115318]}},{"type":"Feature","properties":{"lines":"305, 306","arr":["305","306"],"mode":"bus","angle":55.5,"extra":1,"ei":4,"l0":"305, ","c0":"#119efc","l1":"306","c1":"#126804"},"geometry":{"type":"Point","coordinates":[18.714033,50.117055]}},{"type":"Feature","properties":{"lines":"305, 306","arr":["305","306"],"mode":"bus","angle":77.8,"extra":1,"ei":5,"l0":"305, ","c0":"#119efc","l1":"306","c1":"#126804"},"geometry":{"type":"Point","coordinates":[18.710236,50.122051]}},{"type":"Feature","properties":{"lines":"305, 306","arr":["305","306"],"mode":"bus","angle":83.1,"extra":1,"ei":6,"l0":"305, ","c0":"#119efc","l1":"306","c1":"#126804"},"geometry":{"type":"Point","coordinates":[18.709698,50.123907]}},{"type":"Feature","properties":{"lines":"305, 306","arr":["305","306"],"mode":"bus","angle":-88.4,"extra":1,"ei":7,"l0":"305, ","c0":"#119efc","l1":"306","c1":"#126804"},"geometry":{"type":"Point","coordinates":[18.709478,50.125787]}},{"type":"Feature","properties":{"lines":"305, 306","arr":["305","306"],"mode":"bus","angle":-86.3,"extra":1,"ei":8,"l0":"305, ","c0":"#119efc","l1":"306","c1":"#126804"},"geometry":{"type":"Point","coordinates":[18.709636,50.127673]}},{"type":"Feature","properties":{"lines":"305, 306","arr":["305","306"],"mode":"bus","angle":-75.3,"extra":1,"ei":9,"l0":"305, ","c0":"#119efc","l1":"306","c1":"#126804"},"geometry":{"type":"Point","coordinates":[18.709955,50.129546]}},{"type":"Feature","properties":{"lines":"305, 306","arr":["305","306"],"mode":"bus","angle":-10,"mi":3,"l0":"305, ","c0":"#119efc","l1":"306","c1":"#126804"},"geometry":{"type":"Point","coordinates":[18.715675,50.098799]}},{"type":"Feature","properties":{"lines":"305, 306","arr":["305","306"],"mode":"bus","angle":11.9,"extra":1,"ei":0,"l0":"305, ","c0":"#119efc","l1":"306","c1":"#126804"},"geometry":{"type":"Point","coordinates":[18.700055,50.097915]}},{"type":"Feature","properties":{"lines":"305, 306","arr":["305","306"],"mode":"bus","angle":8.8,"extra":1,"ei":1,"l0":"305, ","c0":"#119efc","l1":"306","c1":"#126804"},"geometry":{"type":"Point","coordinates":[18.702925,50.097497]}},{"type":"Feature","properties":{"lines":"305, 306","arr":["305","306"],"mode":"bus","angle":-15,"extra":1,"ei":2,"l0":"305, ","c0":"#119efc","l1":"306","c1":"#126804"},"geometry":{"type":"Point","coordinates":[18.70582,50.097656]}},{"type":"Feature","properties":{"lines":"305, 306","arr":["305","306"],"mode":"bus","angle":-9.9,"extra":1,"ei":3,"l0":"305, ","c0":"#119efc","l1":"306","c1":"#126804"},"geometry":{"type":"Point","coordinates":[18.708708,50.098017]}},{"type":"Feature","properties":{"lines":"305, 306","arr":["305","306"],"mode":"bus","angle":-9.9,"extra":1,"ei":4,"l0":"305, ","c0":"#119efc","l1":"306","c1":"#126804"},"geometry":{"type":"Point","coordinates":[18.711608,50.098342]}},{"type":"Feature","properties":{"lines":"305, 306","arr":["305","306"],"mode":"bus","angle":6.8,"extra":1,"ei":5,"l0":"305, ","c0":"#119efc","l1":"306","c1":"#126804"},"geometry":{"type":"Point","coordinates":[18.720329,50.098898]}},{"type":"Feature","properties":{"lines":"305, 306","arr":["305","306"],"mode":"bus","angle":3.8,"extra":1,"ei":6,"l0":"305, ","c0":"#119efc","l1":"306","c1":"#126804"},"geometry":{"type":"Point","coordinates":[18.723258,50.098703]}},{"type":"Feature","properties":{"lines":"305, 306","arr":["305","306"],"mode":"bus","angle":-19.9,"extra":1,"ei":7,"l0":"305, ","c0":"#119efc","l1":"306","c1":"#126804"},"geometry":{"type":"Point","coordinates":[18.725966,50.099351]}},{"type":"Feature","properties":{"lines":"305, 306","arr":["305","306"],"mode":"bus","angle":-47.2,"extra":1,"ei":8,"l0":"305, ","c0":"#119efc","l1":"306","c1":"#126804"},"geometry":{"type":"Point","coordinates":[18.728499,50.100203]}},{"type":"Feature","properties":{"lines":"305, 306","arr":["305","306"],"mode":"bus","angle":-16.4,"extra":1,"ei":9,"l0":"305, ","c0":"#119efc","l1":"306","c1":"#126804"},"geometry":{"type":"Point","coordinates":[18.730699,50.101334]}},{"type":"Feature","properties":{"lines":"305, 306","arr":["305","306"],"mode":"bus","angle":54.3,"mi":1,"l0":"305, ","c0":"#119efc","l1":"306","c1":"#126804"},"geometry":{"type":"Point","coordinates":[18.722066,50.101797]}},{"type":"Feature","properties":{"lines":"305, 306","arr":["305","306"],"mode":"bus","angle":79.3,"mi":2,"l0":"305, ","c0":"#119efc","l1":"306","c1":"#126804"},"geometry":{"type":"Point","coordinates":[18.716865,50.107315]}},{"type":"Feature","properties":{"lines":"305, 306","arr":["305","306"],"mode":"bus","angle":59,"extra":1,"ei":0,"l0":"305, ","c0":"#119efc","l1":"306","c1":"#126804"},"geometry":{"type":"Point","coordinates":[18.724176,50.099889]}},{"type":"Feature","properties":{"lines":"305, 306","arr":["305","306"],"mode":"bus","angle":53.9,"extra":1,"ei":1,"l0":"305, ","c0":"#119efc","l1":"306","c1":"#126804"},"geometry":{"type":"Point","coordinates":[18.720748,50.102959]}},{"type":"Feature","properties":{"lines":"305, 306","arr":["305","306"],"mode":"bus","angle":-89.3,"extra":1,"ei":0,"l0":"305, ","c0":"#119efc","l1":"306","c1":"#126804"},"geometry":{"type":"Point","coordinates":[18.716645,50.108633]}},{"type":"Feature","properties":{"lines":"305, 306","arr":["305","306"],"mode":"bus","angle":5.1,"mi":4,"l0":"305, ","c0":"#119efc","l1":"306","c1":"#126804"},"geometry":{"type":"Point","coordinates":[18.701048,50.131491]}},{"type":"Feature","properties":{"lines":"305, 306","arr":["305","306"],"mode":"bus","angle":-2.3,"l0":"305, ","c0":"#119efc","l1":"306","c1":"#126804"},"geometry":{"type":"Point","coordinates":[18.689485,50.130468]}},{"type":"Feature","properties":{"lines":"305, 306","arr":["305","306"],"mode":"bus","angle":4.9,"extra":1,"ei":0,"l0":"305, ","c0":"#119efc","l1":"306","c1":"#126804"},"geometry":{"type":"Point","coordinates":[18.708947,50.130695]}},{"type":"Feature","properties":{"lines":"305, 306","arr":["305","306"],"mode":"bus","angle":16.7,"extra":1,"ei":1,"l0":"305, ","c0":"#119efc","l1":"306","c1":"#126804"},"geometry":{"type":"Point","coordinates":[18.706108,50.13115]}},{"type":"Feature","properties":{"lines":"305, 306","arr":["305","306"],"mode":"bus","angle":4.4,"extra":1,"ei":2,"l0":"305, ","c0":"#119efc","l1":"306","c1":"#126804"},"geometry":{"type":"Point","coordinates":[18.703192,50.131382]}},{"type":"Feature","properties":{"lines":"305, 306","arr":["305","306"],"mode":"bus","angle":5,"extra":1,"ei":3,"l0":"305, ","c0":"#119efc","l1":"306","c1":"#126804"},"geometry":{"type":"Point","coordinates":[18.697325,50.131702]}},{"type":"Feature","properties":{"lines":"305, 306","arr":["305","306"],"mode":"bus","angle":-7.9,"extra":1,"ei":4,"l0":"305, ","c0":"#119efc","l1":"306","c1":"#126804"},"geometry":{"type":"Point","coordinates":[18.694392,50.131812]}},{"type":"Feature","properties":{"lines":"305","arr":["305"],"mode":"bus","angle":7,"l0":"305","c0":"#119efc"},"geometry":{"type":"Point","coordinates":[18.723238,50.129854]}},{"type":"Feature","properties":{"lines":"305","arr":["305"],"mode":"bus","angle":-4,"extra":1,"ei":0,"l0":"305","c0":"#119efc"},"geometry":{"type":"Point","coordinates":[18.711883,50.130617]}},{"type":"Feature","properties":{"lines":"305","arr":["305"],"mode":"bus","angle":6.6,"extra":1,"ei":1,"l0":"305","c0":"#119efc"},"geometry":{"type":"Point","coordinates":[18.714821,50.130671]}},{"type":"Feature","properties":{"lines":"305","arr":["305"],"mode":"bus","angle":12.3,"extra":1,"ei":2,"l0":"305","c0":"#119efc"},"geometry":{"type":"Point","coordinates":[18.717705,50.130297]}},{"type":"Feature","properties":{"lines":"305","arr":["305"],"mode":"bus","angle":3.8,"extra":1,"ei":3,"l0":"305","c0":"#119efc"},"geometry":{"type":"Point","coordinates":[18.72062,50.130062]}},{"type":"Feature","properties":{"lines":"305","arr":["305"],"mode":"bus","angle":11.1,"extra":1,"ei":4,"l0":"305","c0":"#119efc"},"geometry":{"type":"Point","coordinates":[18.726476,50.129709]}},{"type":"Feature","properties":{"lines":"305","arr":["305"],"mode":"bus","angle":10,"extra":1,"ei":5,"l0":"305","c0":"#119efc"},"geometry":{"type":"Point","coordinates":[18.729334,50.129258]}},{"type":"Feature","properties":{"lines":"305","arr":["305"],"mode":"bus","angle":2,"extra":1,"ei":6,"l0":"305","c0":"#119efc"},"geometry":{"type":"Point","coordinates":[18.732272,50.12926]}},{"type":"Feature","properties":{"lines":"305","arr":["305"],"mode":"bus","angle":-4.6,"extra":1,"ei":7,"l0":"305","c0":"#119efc"},"geometry":{"type":"Point","coordinates":[18.735213,50.129238]}},{"type":"Feature","properties":{"lines":"305, 306","arr":["305","306"],"mode":"bus","angle":-25.1,"mi":1,"l0":"305, ","c0":"#119efc","l1":"306","c1":"#126804"},"geometry":{"type":"Point","coordinates":[18.691253,50.130721]}},{"type":"Feature","properties":{"lines":"305","arr":["305"],"mode":"bus","angle":-23.2,"side":-1,"l0":"305","c0":"#119efc"},"geometry":{"type":"Point","coordinates":[18.725789,50.099159]}},{"type":"Feature","properties":{"lines":"307, B10, B12, L-1, L-4","arr":["307","B10","B12","L-1","L-4"],"mode":"bus","angle":68.1,"l0":"307, ","c0":"#ab0377","l1":"B10, ","c1":"#9789ff","l2":"B12, ","c2":"#02af5a","l3":"L-1, ","c3":"#f57145","l4":"L-4","c4":"#10a5d2"},"geometry":{"type":"Point","coordinates":[18.690967,49.964332]}},{"type":"Feature","properties":{"lines":"307, B10, B12, L-1, L-4","arr":["307","B10","B12","L-1","L-4"],"mode":"bus","angle":67.9,"extra":1,"ei":0,"l0":"307, ","c0":"#ab0377","l1":"B10, ","c1":"#9789ff","l2":"B12, ","c2":"#02af5a","l3":"L-1, ","c3":"#f57145","l4":"L-4","c4":"#10a5d2"},"geometry":{"type":"Point","coordinates":[18.691697,49.963177]}},{"type":"Feature","properties":{"lines":"307, B10, B12, L-1","arr":["307","B10","B12","L-1"],"mode":"bus","angle":73.4,"l0":"307, ","c0":"#ab0377","l1":"B10, ","c1":"#9789ff","l2":"B12, ","c2":"#02af5a","l3":"L-1","c3":"#f57145"},"geometry":{"type":"Point","coordinates":[18.693077,49.960838]}},{"type":"Feature","properties":{"lines":"307, B10, B12, L-1","arr":["307","B10","B12","L-1"],"mode":"bus","angle":69.5,"extra":1,"ei":0,"l0":"307, ","c0":"#ab0377","l1":"B10, ","c1":"#9789ff","l2":"B12, ","c2":"#02af5a","l3":"L-1","c3":"#f57145"},"geometry":{"type":"Point","coordinates":[18.692417,49.961979]}},{"type":"Feature","properties":{"lines":"307, B10, B11, B12, L-1","arr":["307","B10","B11","B12","L-1"],"mode":"bus","angle":-1.9,"l0":"307, ","c0":"#ab0377","l1":"B10, ","c1":"#9789ff","l2":"B11, ","c2":"#b11526","l3":"B12, ","c3":"#02af5a","l4":"L-1","c4":"#f57145"},"geometry":{"type":"Point","coordinates":[18.694295,49.958579]}},{"type":"Feature","properties":{"lines":"307, B10, B11, B12, L-1","arr":["307","B10","B11","B12","L-1"],"mode":"bus","angle":-10,"mi":1,"l0":"307, ","c0":"#ab0377","l1":"B10, ","c1":"#9789ff","l2":"B11, ","c2":"#b11526","l3":"B12, ","c3":"#02af5a","l4":"L-1","c4":"#f57145"},"geometry":{"type":"Point","coordinates":[18.699099,49.958932]}},{"type":"Feature","properties":{"lines":"307, B10, B11, B12, L-1","arr":["307","B10","B11","B12","L-1"],"mode":"bus","angle":-10.4,"extra":1,"ei":0,"l0":"307, ","c0":"#ab0377","l1":"B10, ","c1":"#9789ff","l2":"B11, ","c2":"#b11526","l3":"B12, ","c3":"#02af5a","l4":"L-1","c4":"#f57145"},"geometry":{"type":"Point","coordinates":[18.702884,49.959352]}},{"type":"Feature","properties":{"lines":"307, B10, B11, B12, L-1","arr":["307","B10","B11","B12","L-1"],"mode":"bus","angle":-8.7,"extra":1,"ei":1,"l0":"307, ","c0":"#ab0377","l1":"B10, ","c1":"#9789ff","l2":"B11, ","c2":"#b11526","l3":"B12, ","c3":"#02af5a","l4":"L-1","c4":"#f57145"},"geometry":{"type":"Point","coordinates":[18.697084,49.958704]}},{"type":"Feature","properties":{"lines":"307, B10, B11, B12, L-1","arr":["307","B10","B11","B12","L-1"],"mode":"bus","angle":6.8,"extra":1,"ei":2,"l0":"307, ","c0":"#ab0377","l1":"B10, ","c1":"#9789ff","l2":"B11, ","c2":"#b11526","l3":"B12, ","c3":"#02af5a","l4":"L-1","c4":"#f57145"},"geometry":{"type":"Point","coordinates":[18.69415,49.958626]}},{"type":"Feature","properties":{"lines":"307, B10, B11, B12, L-1, L-4, L-6","arr":["307","B10","B11","B12","L-1","L-4","L-6"],"mode":"bus","angle":-10.5,"l0":"307, ","c0":"#ab0377","l1":"B10, ","c1":"#9789ff","l2":"B11, ","c2":"#b11526","l3":"B12, ","c3":"#02af5a","l4":"L-1, ","c4":"#f57145","l5":"L-4, ","c5":"#10a5d2","l6":"L-6","c6":"#066559"},"geometry":{"type":"Point","coordinates":[18.710358,49.960212]}},{"type":"Feature","properties":{"lines":"307, B10, B11, B12, L-1, L-4, L-6","arr":["307","B10","B11","B12","L-1","L-4","L-6"],"mode":"bus","angle":-10.1,"extra":1,"ei":0,"l0":"307, ","c0":"#ab0377","l1":"B10, ","c1":"#9789ff","l2":"B11, ","c2":"#b11526","l3":"B12, ","c3":"#02af5a","l4":"L-1, ","c4":"#f57145","l5":"L-4, ","c5":"#10a5d2","l6":"L-6","c6":"#066559"},"geometry":{"type":"Point","coordinates":[18.705782,49.959686]}},{"type":"Feature","properties":{"lines":"307, B10, B11, B12, L-1, L-4, L-6","arr":["307","B10","B11","B12","L-1","L-4","L-6"],"mode":"bus","angle":-12.6,"extra":1,"ei":1,"l0":"307, ","c0":"#ab0377","l1":"B10, ","c1":"#9789ff","l2":"B11, ","c2":"#b11526","l3":"B12, ","c3":"#02af5a","l4":"L-1, ","c4":"#f57145","l5":"L-4, ","c5":"#10a5d2","l6":"L-6","c6":"#066559"},"geometry":{"type":"Point","coordinates":[18.714461,49.960735]}},{"type":"Feature","properties":{"lines":"307, B10, B11, B12, L-1, L-2, L-4, L-6","arr":["307","B10","B11","B12","L-1","L-2","L-4","L-6"],"mode":"bus","angle":-10.9,"l0":"307, ","c0":"#ab0377","l1":"B10, ","c1":"#9789ff","l2":"B11, ","c2":"#b11526","l3":"B12, ","c3":"#02af5a","l4":"L-1, ","c4":"#f57145","l5":"L-2, ","c5":"#7c5001","l6":"L-4, ","c6":"#10a5d2","l7":"L-6","c7":"#066559"},"geometry":{"type":"Point","coordinates":[18.717074,49.96111]}},{"type":"Feature","properties":{"lines":"307, B10, B11, B12, L-1, L-2, L-4, L-5, L-6","arr":["307","B10","B11","B12","L-1","L-2","L-4","L-5","L-6"],"mode":"bus","angle":-83.8,"l0":"307, ","c0":"#ab0377","l1":"B10, ","c1":"#9789ff","l2":"B11, ","c2":"#b11526","l3":"B12, ","c3":"#02af5a","l4":"L-1, ","c4":"#f57145","l5":"L-2, ","c5":"#7c5001","l6":"L-4, ","c6":"#10a5d2","l7":"L-5, ","c7":"#0357b2","l8":"L-6","c8":"#066559"},"geometry":{"type":"Point","coordinates":[18.718173,49.962122]}},{"type":"Feature","properties":{"lines":"307, B10, B11, B12, L-1, L-2, L-3, L-4, L-5, L-6, L-7","arr":["307","B10","B11","B12","L-1","L-2","L-3","L-4","L-5","L-6","L-7"],"mode":"bus","angle":86.7,"l0":"307, ","c0":"#ab0377","l1":"B10, ","c1":"#9789ff","l2":"B11, ","c2":"#b11526","l3":"B12, ","c3":"#02af5a","l4":"L-1, ","c4":"#f57145","l5":"L-2, ","c5":"#7c5001","l6":"L-3, ","c6":"#b59607","l7":"L-4, ","c7":"#10a5d2","l8":"L-5, ","c8":"#0357b2","l9":"L-6, ","c9":"#066559","l10":"L-7","c10":"#ff5e9b"},"geometry":{"type":"Point","coordinates":[18.718304,49.963745]}},{"type":"Feature","properties":{"lines":"307, B10, B11, B12, L-1, L-2, L-4, L-5, L-6, L-7","arr":["307","B10","B11","B12","L-1","L-2","L-4","L-5","L-6","L-7"],"mode":"bus","angle":89.2,"l0":"307, ","c0":"#ab0377","l1":"B10, ","c1":"#9789ff","l2":"B11, ","c2":"#b11526","l3":"B12, ","c3":"#02af5a","l4":"L-1, ","c4":"#f57145","l5":"L-2, ","c5":"#7c5001","l6":"L-4, ","c6":"#10a5d2","l7":"L-5, ","c7":"#0357b2","l8":"L-6, ","c8":"#066559","l9":"L-7","c9":"#ff5e9b"},"geometry":{"type":"Point","coordinates":[18.718314,49.963191]}},{"type":"Feature","properties":{"lines":"307, B10, B11, B12, L-6","arr":["307","B10","B11","B12","L-6"],"mode":"bus","angle":-68.7,"l0":"307, ","c0":"#ab0377","l1":"B10, ","c1":"#9789ff","l2":"B11, ","c2":"#b11526","l3":"B12, ","c3":"#02af5a","l4":"L-6","c4":"#066559"},"geometry":{"type":"Point","coordinates":[18.717544,49.964225]}},{"type":"Feature","properties":{"lines":"307, L-3, L-4","arr":["307","L-3","L-4"],"mode":"bus","angle":89.8,"l0":"307, ","c0":"#ab0377","l1":"L-3, ","c1":"#b59607","l2":"L-4","c2":"#10a5d2"},"geometry":{"type":"Point","coordinates":[18.718149,49.965792]}},{"type":"Feature","properties":{"lines":"307, L-3, L-4","arr":["307","L-3","L-4"],"mode":"bus","angle":-42.3,"extra":1,"ei":0,"l0":"307, ","c0":"#ab0377","l1":"L-3, ","c1":"#b59607","l2":"L-4","c2":"#10a5d2"},"geometry":{"type":"Point","coordinates":[18.719097,49.966873]}},{"type":"Feature","properties":{"lines":"L-3","arr":["L-3"],"mode":"bus","angle":-10.5,"l0":"L-3","c0":"#b59607"},"geometry":{"type":"Point","coordinates":[18.743782,49.974096]}},{"type":"Feature","properties":{"lines":"L-3","arr":["L-3"],"mode":"bus","angle":76.2,"mi":1,"l0":"L-3","c0":"#b59607"},"geometry":{"type":"Point","coordinates":[18.760994,49.99268]}},{"type":"Feature","properties":{"lines":"L-3","arr":["L-3"],"mode":"bus","angle":-29.3,"mi":1,"l0":"L-3","c0":"#b59607"},"geometry":{"type":"Point","coordinates":[18.721997,49.968103]}},{"type":"Feature","properties":{"lines":"L-3","arr":["L-3"],"mode":"bus","angle":2.9,"extra":1,"ei":0,"l0":"L-3","c0":"#b59607"},"geometry":{"type":"Point","coordinates":[18.749167,49.979337]}},{"type":"Feature","properties":{"lines":"L-3","arr":["L-3"],"mode":"bus","angle":-63,"extra":1,"ei":1,"l0":"L-3","c0":"#b59607"},"geometry":{"type":"Point","coordinates":[18.747321,49.978015]}},{"type":"Feature","properties":{"lines":"L-3","arr":["L-3"],"mode":"bus","angle":-69.5,"extra":1,"ei":2,"l0":"L-3","c0":"#b59607"},"geometry":{"type":"Point","coordinates":[18.746222,49.976265]}},{"type":"Feature","properties":{"lines":"L-3","arr":["L-3"],"mode":"bus","angle":-55.4,"extra":1,"ei":3,"l0":"L-3","c0":"#b59607"},"geometry":{"type":"Point","coordinates":[18.739681,49.973225]}},{"type":"Feature","properties":{"lines":"L-3","arr":["L-3"],"mode":"bus","angle":-50.1,"extra":1,"ei":4,"l0":"L-3","c0":"#b59607"},"geometry":{"type":"Point","coordinates":[18.737976,49.971686]}},{"type":"Feature","properties":{"lines":"L-3","arr":["L-3"],"mode":"bus","angle":-43.5,"extra":1,"ei":5,"l0":"L-3","c0":"#b59607"},"geometry":{"type":"Point","coordinates":[18.735819,49.970403]}},{"type":"Feature","properties":{"lines":"L-3","arr":["L-3"],"mode":"bus","angle":85.5,"extra":1,"ei":0,"l0":"L-3","c0":"#b59607"},"geometry":{"type":"Point","coordinates":[18.760368,49.99435]}},{"type":"Feature","properties":{"lines":"L-3","arr":["L-3"],"mode":"bus","angle":75.3,"extra":1,"ei":1,"l0":"L-3","c0":"#b59607"},"geometry":{"type":"Point","coordinates":[18.76176,49.990681]}},{"type":"Feature","properties":{"lines":"307, L-4","arr":["307","L-4"],"mode":"bus","angle":84.2,"side":-1,"l0":"307, ","c0":"#ab0377","l1":"L-4","c1":"#10a5d2"},"geometry":{"type":"Point","coordinates":[18.717411,49.970863]}},{"type":"Feature","properties":{"lines":"307, L-4","arr":["307","L-4"],"mode":"bus","angle":64.5,"extra":1,"ei":0,"l0":"307, ","c0":"#ab0377","l1":"L-4","c1":"#10a5d2"},"geometry":{"type":"Point","coordinates":[18.718793,49.967909]}},{"type":"Feature","properties":{"lines":"307, L-4","arr":["307","L-4"],"mode":"bus","angle":78.3,"extra":1,"ei":1,"l0":"307, ","c0":"#ab0377","l1":"L-4","c1":"#10a5d2"},"geometry":{"type":"Point","coordinates":[18.717779,49.969675]}},{"type":"Feature","properties":{"lines":"307, L-4","arr":["307","L-4"],"mode":"bus","angle":84.8,"extra":1,"ei":2,"l0":"307, ","c0":"#ab0377","l1":"L-4","c1":"#10a5d2"},"geometry":{"type":"Point","coordinates":[18.717169,49.973431]}},{"type":"Feature","properties":{"lines":"307, L-4","arr":["307","L-4"],"mode":"bus","angle":84.6,"side":-1,"extra":1,"ei":0,"l0":"307, ","c0":"#ab0377","l1":"L-4","c1":"#10a5d2"},"geometry":{"type":"Point","coordinates":[18.717219,49.972113]}},{"type":"Feature","properties":{"lines":"307, L-4","arr":["307","L-4"],"mode":"bus","angle":79.1,"l0":"307, ","c0":"#ab0377","l1":"L-4","c1":"#10a5d2"},"geometry":{"type":"Point","coordinates":[18.714087,49.983623]}},{"type":"Feature","properties":{"lines":"307, L-4","arr":["307","L-4"],"mode":"bus","angle":84.4,"extra":1,"ei":0,"l0":"307, ","c0":"#ab0377","l1":"L-4","c1":"#10a5d2"},"geometry":{"type":"Point","coordinates":[18.716813,49.975869]}},{"type":"Feature","properties":{"lines":"307, L-4","arr":["307","L-4"],"mode":"bus","angle":84.4,"extra":1,"ei":1,"l0":"307, ","c0":"#ab0377","l1":"L-4","c1":"#10a5d2"},"geometry":{"type":"Point","coordinates":[18.716531,49.977749]}},{"type":"Feature","properties":{"lines":"307, L-4","arr":["307","L-4"],"mode":"bus","angle":76.9,"extra":1,"ei":2,"l0":"307, ","c0":"#ab0377","l1":"L-4","c1":"#10a5d2"},"geometry":{"type":"Point","coordinates":[18.716153,49.97962]}},{"type":"Feature","properties":{"lines":"307, L-4","arr":["307","L-4"],"mode":"bus","angle":68,"extra":1,"ei":3,"l0":"307, ","c0":"#ab0377","l1":"L-4","c1":"#10a5d2"},"geometry":{"type":"Point","coordinates":[18.715182,49.981401]}},{"type":"Feature","properties":{"lines":"307, L-4","arr":["307","L-4"],"mode":"bus","angle":79.2,"extra":1,"ei":4,"l0":"307, ","c0":"#ab0377","l1":"L-4","c1":"#10a5d2"},"geometry":{"type":"Point","coordinates":[18.713668,49.985038]}},{"type":"Feature","properties":{"lines":"307, L-4","arr":["307","L-4"],"mode":"bus","angle":79.1,"extra":1,"ei":5,"l0":"307, ","c0":"#ab0377","l1":"L-4","c1":"#10a5d2"},"geometry":{"type":"Point","coordinates":[18.713114,49.986893]}},{"type":"Feature","properties":{"lines":"307, L-4","arr":["307","L-4"],"mode":"bus","angle":79.1,"extra":1,"ei":6,"l0":"307, ","c0":"#ab0377","l1":"L-4","c1":"#10a5d2"},"geometry":{"type":"Point","coordinates":[18.712559,49.988747]}},{"type":"Feature","properties":{"lines":"307, L-4","arr":["307","L-4"],"mode":"bus","angle":79,"extra":1,"ei":7,"l0":"307, ","c0":"#ab0377","l1":"L-4","c1":"#10a5d2"},"geometry":{"type":"Point","coordinates":[18.712002,49.990602]}},{"type":"Feature","properties":{"lines":"307","arr":["307"],"mode":"bus","angle":-89.6,"l0":"307","c0":"#ab0377"},"geometry":{"type":"Point","coordinates":[18.711261,49.993053]}},{"type":"Feature","properties":{"lines":"307","arr":["307"],"mode":"bus","angle":81.8,"mi":1,"l0":"307","c0":"#ab0377"},"geometry":{"type":"Point","coordinates":[18.710453,50.003913]}},{"type":"Feature","properties":{"lines":"307","arr":["307"],"mode":"bus","angle":-88.7,"side":-1,"extra":1,"ei":0,"l0":"307","c0":"#ab0377"},"geometry":{"type":"Point","coordinates":[18.711582,49.994645]}},{"type":"Feature","properties":{"lines":"307","arr":["307"],"mode":"bus","angle":89.8,"extra":1,"ei":1,"l0":"307","c0":"#ab0377"},"geometry":{"type":"Point","coordinates":[18.711559,49.996534]}},{"type":"Feature","properties":{"lines":"307","arr":["307"],"mode":"bus","angle":89.1,"extra":1,"ei":2,"l0":"307","c0":"#ab0377"},"geometry":{"type":"Point","coordinates":[18.71156,49.998422]}},{"type":"Feature","properties":{"lines":"307","arr":["307"],"mode":"bus","angle":81.7,"extra":1,"ei":3,"l0":"307","c0":"#ab0377"},"geometry":{"type":"Point","coordinates":[18.711261,50.000299]}},{"type":"Feature","properties":{"lines":"307","arr":["307"],"mode":"bus","angle":81.8,"extra":1,"ei":4,"l0":"307","c0":"#ab0377"},"geometry":{"type":"Point","coordinates":[18.710843,50.002168]}},{"type":"Feature","properties":{"lines":"307","arr":["307"],"mode":"bus","angle":81.8,"extra":1,"ei":5,"l0":"307","c0":"#ab0377"},"geometry":{"type":"Point","coordinates":[18.710005,50.005907]}},{"type":"Feature","properties":{"lines":"307","arr":["307"],"mode":"bus","angle":81.9,"extra":1,"ei":6,"l0":"307","c0":"#ab0377"},"geometry":{"type":"Point","coordinates":[18.709586,50.007776]}},{"type":"Feature","properties":{"lines":"307","arr":["307"],"mode":"bus","angle":81.9,"extra":1,"ei":7,"l0":"307","c0":"#ab0377"},"geometry":{"type":"Point","coordinates":[18.709166,50.009645]}},{"type":"Feature","properties":{"lines":"307","arr":["307"],"mode":"bus","angle":81.8,"extra":1,"ei":8,"l0":"307","c0":"#ab0377"},"geometry":{"type":"Point","coordinates":[18.708749,50.011515]}},{"type":"Feature","properties":{"lines":"307","arr":["307"],"mode":"bus","angle":81.8,"extra":1,"ei":9,"l0":"307","c0":"#ab0377"},"geometry":{"type":"Point","coordinates":[18.708329,50.013384]}},{"type":"Feature","properties":{"lines":"307","arr":["307"],"mode":"bus","angle":-89.1,"mi":2,"l0":"307","c0":"#ab0377"},"geometry":{"type":"Point","coordinates":[18.707436,50.018004]}},{"type":"Feature","properties":{"lines":"307","arr":["307"],"mode":"bus","angle":59.2,"l0":"307","c0":"#ab0377"},"geometry":{"type":"Point","coordinates":[18.696328,50.043856]}},{"type":"Feature","properties":{"lines":"307","arr":["307"],"mode":"bus","angle":82.4,"extra":1,"ei":0,"l0":"307","c0":"#ab0377"},"geometry":{"type":"Point","coordinates":[18.707974,50.015005]}},{"type":"Feature","properties":{"lines":"307","arr":["307"],"mode":"bus","angle":-87.9,"side":-1,"extra":1,"ei":1,"l0":"307","c0":"#ab0377"},"geometry":{"type":"Point","coordinates":[18.707655,50.020655]}},{"type":"Feature","properties":{"lines":"307","arr":["307"],"mode":"bus","angle":-89.1,"extra":1,"ei":0,"l0":"307","c0":"#ab0377"},"geometry":{"type":"Point","coordinates":[18.707473,50.019462]}},{"type":"Feature","properties":{"lines":"307","arr":["307"],"mode":"bus","angle":82,"side":-1,"extra":1,"ei":1,"l0":"307","c0":"#ab0377"},"geometry":{"type":"Point","coordinates":[18.70809,50.013825]}},{"type":"Feature","properties":{"lines":"307","arr":["307"],"mode":"bus","angle":-51,"side":-1,"mi":2,"l0":"307","c0":"#ab0377"},"geometry":{"type":"Point","coordinates":[18.690069,50.04277]}},{"type":"Feature","properties":{"lines":"307","arr":["307"],"mode":"bus","angle":-87,"l0":"307","c0":"#ab0377"},"geometry":{"type":"Point","coordinates":[18.708471,50.010893]}},{"type":"Feature","properties":{"lines":"307","arr":["307"],"mode":"bus","angle":-69.5,"mi":1,"l0":"307","c0":"#ab0377"},"geometry":{"type":"Point","coordinates":[18.697819,50.045267]}},{"type":"Feature","properties":{"lines":"307","arr":["307"],"mode":"bus","angle":89.7,"extra":1,"ei":0,"l0":"307","c0":"#ab0377"},"geometry":{"type":"Point","coordinates":[18.698259,50.046425]}},{"type":"Feature","properties":{"lines":"307, B10, B11, B12, L-4, L-6","arr":["307","B10","B11","B12","L-4","L-6"],"mode":"bus","angle":-18.6,"l0":"307, ","c0":"#ab0377","l1":"B10, ","c1":"#9789ff","l2":"B11, ","c2":"#b11526","l3":"B12, ","c3":"#02af5a","l4":"L-4, ","c4":"#10a5d2","l5":"L-6","c5":"#066559"},"geometry":{"type":"Point","coordinates":[18.717501,49.961182]}},{"type":"Feature","properties":{"lines":"307, B10, B12, L-1, L-4","arr":["307","B10","B12","L-1","L-4"],"mode":"bus","angle":3.1,"mi":1,"l0":"307, ","c0":"#ab0377","l1":"B10, ","c1":"#9789ff","l2":"B12, ","c2":"#02af5a","l3":"L-1, ","c3":"#f57145","l4":"L-4","c4":"#10a5d2"},"geometry":{"type":"Point","coordinates":[18.689881,49.965487]}},{"type":"Feature","properties":{"lines":"308","arr":["308"],"mode":"bus","angle":-69.3,"mi":2,"l0":"308","c0":"#999f01"},"geometry":{"type":"Point","coordinates":[18.777593,50.043328]}},{"type":"Feature","properties":{"lines":"308","arr":["308"],"mode":"bus","angle":-68.9,"extra":1,"ei":0,"l0":"308","c0":"#999f01"},"geometry":{"type":"Point","coordinates":[18.776679,50.041824]}},{"type":"Feature","properties":{"lines":"308","arr":["308"],"mode":"bus","angle":74.1,"extra":1,"ei":1,"l0":"308","c0":"#999f01"},"geometry":{"type":"Point","coordinates":[18.777788,50.045412]}},{"type":"Feature","properties":{"lines":"308","arr":["308"],"mode":"bus","angle":-34.3,"mi":3,"l0":"308","c0":"#999f01"},"geometry":{"type":"Point","coordinates":[18.781802,50.046669]}},{"type":"Feature","properties":{"lines":"308","arr":["308"],"mode":"bus","angle":-17.3,"extra":1,"ei":0,"l0":"308","c0":"#999f01"},"geometry":{"type":"Point","coordinates":[18.782233,50.048129]}},{"type":"Feature","properties":{"lines":"308","arr":["308"],"mode":"bus","angle":-17.7,"extra":1,"ei":1,"l0":"308","c0":"#999f01"},"geometry":{"type":"Point","coordinates":[18.778992,50.046087]}},{"type":"Feature","properties":{"lines":"308","arr":["308"],"mode":"bus","angle":-88.6,"l0":"308","c0":"#999f01"},"geometry":{"type":"Point","coordinates":[18.783579,50.043756]}},{"type":"Feature","properties":{"lines":"308","arr":["308"],"mode":"bus","angle":86.9,"extra":1,"ei":0,"l0":"308","c0":"#999f01"},"geometry":{"type":"Point","coordinates":[18.783644,50.047446]}},{"type":"Feature","properties":{"lines":"308","arr":["308"],"mode":"bus","angle":-86.4,"extra":1,"ei":1,"l0":"308","c0":"#999f01"},"geometry":{"type":"Point","coordinates":[18.783745,50.04556]}},{"type":"Feature","properties":{"lines":"308","arr":["308"],"mode":"bus","angle":84.4,"extra":1,"ei":2,"l0":"308","c0":"#999f01"},"geometry":{"type":"Point","coordinates":[18.783586,50.041789]}},{"type":"Feature","properties":{"lines":"308","arr":["308"],"mode":"bus","angle":73.2,"extra":1,"ei":3,"l0":"308","c0":"#999f01"},"geometry":{"type":"Point","coordinates":[18.784261,50.039968]}},{"type":"Feature","properties":{"lines":"308","arr":["308"],"mode":"bus","angle":25.5,"mi":1,"l0":"308","c0":"#999f01"},"geometry":{"type":"Point","coordinates":[18.786428,50.03852]}},{"type":"Feature","properties":{"lines":"308","arr":["308"],"mode":"bus","angle":-45.9,"mi":4,"l0":"308","c0":"#999f01"},"geometry":{"type":"Point","coordinates":[18.787141,50.034429]}},{"type":"Feature","properties":{"lines":"308","arr":["308"],"mode":"bus","angle":87,"extra":1,"ei":0,"l0":"308","c0":"#999f01"},"geometry":{"type":"Point","coordinates":[18.788625,50.037069]}},{"type":"Feature","properties":{"lines":"308","arr":["308"],"mode":"bus","angle":-60.6,"extra":1,"ei":1,"l0":"308","c0":"#999f01"},"geometry":{"type":"Point","coordinates":[18.785486,50.031931]}},{"type":"Feature","properties":{"lines":"308","arr":["308"],"mode":"bus","angle":17.1,"l0":"308","c0":"#999f01"},"geometry":{"type":"Point","coordinates":[18.76822,50.034961]}},{"type":"Feature","properties":{"lines":"308","arr":["308"],"mode":"bus","angle":22.1,"extra":1,"ei":0,"l0":"308","c0":"#999f01"},"geometry":{"type":"Point","coordinates":[18.783382,50.031436]}},{"type":"Feature","properties":{"lines":"308","arr":["308"],"mode":"bus","angle":21.8,"extra":1,"ei":1,"l0":"308","c0":"#999f01"},"geometry":{"type":"Point","coordinates":[18.780652,50.032142]}},{"type":"Feature","properties":{"lines":"308","arr":["308"],"mode":"bus","angle":22.2,"extra":1,"ei":2,"l0":"308","c0":"#999f01"},"geometry":{"type":"Point","coordinates":[18.777922,50.03285]}},{"type":"Feature","properties":{"lines":"308","arr":["308"],"mode":"bus","angle":21.8,"extra":1,"ei":3,"l0":"308","c0":"#999f01"},"geometry":{"type":"Point","coordinates":[18.77519,50.033553]}},{"type":"Feature","properties":{"lines":"308","arr":["308"],"mode":"bus","angle":16.1,"extra":1,"ei":4,"l0":"308","c0":"#999f01"},"geometry":{"type":"Point","coordinates":[18.772393,50.034136]}},{"type":"Feature","properties":{"lines":"308","arr":["308"],"mode":"bus","angle":4.4,"extra":1,"ei":5,"l0":"308","c0":"#999f01"},"geometry":{"type":"Point","coordinates":[18.76391,50.035679]}},{"type":"Feature","properties":{"lines":"308","arr":["308"],"mode":"bus","angle":4.5,"extra":1,"ei":6,"l0":"308","c0":"#999f01"},"geometry":{"type":"Point","coordinates":[18.760973,50.035817]}},{"type":"Feature","properties":{"lines":"308","arr":["308"],"mode":"bus","angle":4.8,"extra":1,"ei":7,"l0":"308","c0":"#999f01"},"geometry":{"type":"Point","coordinates":[18.758037,50.035952]}},{"type":"Feature","properties":{"lines":"308","arr":["308"],"mode":"bus","angle":17.4,"extra":1,"ei":8,"l0":"308","c0":"#999f01"},"geometry":{"type":"Point","coordinates":[18.755191,50.036411]}},{"type":"Feature","properties":{"lines":"308","arr":["308"],"mode":"bus","angle":17.3,"extra":1,"ei":9,"l0":"308","c0":"#999f01"},"geometry":{"type":"Point","coordinates":[18.752379,50.036971]}},{"type":"Feature","properties":{"lines":"308","arr":["308"],"mode":"bus","angle":57.5,"l0":"308","c0":"#999f01"},"geometry":{"type":"Point","coordinates":[18.704171,50.046734]}},{"type":"Feature","properties":{"lines":"308","arr":["308"],"mode":"bus","angle":43,"extra":1,"ei":0,"l0":"308","c0":"#999f01"},"geometry":{"type":"Point","coordinates":[18.702455,50.047919]}},{"type":"Feature","properties":{"lines":"308","arr":["308"],"mode":"bus","angle":-81,"extra":1,"ei":1,"l0":"308","c0":"#999f01"},"geometry":{"type":"Point","coordinates":[18.7044,50.044644]}},{"type":"Feature","properties":{"lines":"309","arr":["309"],"mode":"bus","angle":-11,"l0":"309","c0":"#f57145"},"geometry":{"type":"Point","coordinates":[18.658978,50.158683]}},{"type":"Feature","properties":{"lines":"309","arr":["309"],"mode":"bus","angle":-57.9,"extra":1,"ei":0,"l0":"309","c0":"#f57145"},"geometry":{"type":"Point","coordinates":[18.656248,50.15746]}},{"type":"Feature","properties":{"lines":"309","arr":["309"],"mode":"bus","angle":-19.6,"extra":1,"ei":1,"l0":"309","c0":"#f57145"},"geometry":{"type":"Point","coordinates":[18.661195,50.159176]}},{"type":"Feature","properties":{"lines":"309","arr":["309"],"mode":"bus","angle":-10.6,"l0":"309","c0":"#f57145"},"geometry":{"type":"Point","coordinates":[18.645128,50.155424]}},{"type":"Feature","properties":{"lines":"309","arr":["309"],"mode":"bus","angle":-10.7,"extra":1,"ei":0,"l0":"309","c0":"#f57145"},"geometry":{"type":"Point","coordinates":[18.654286,50.156532]}},{"type":"Feature","properties":{"lines":"309","arr":["309"],"mode":"bus","angle":-10.7,"extra":1,"ei":1,"l0":"309","c0":"#f57145"},"geometry":{"type":"Point","coordinates":[18.651393,50.156183]}},{"type":"Feature","properties":{"lines":"309","arr":["309"],"mode":"bus","angle":-10.8,"extra":1,"ei":2,"l0":"309","c0":"#f57145"},"geometry":{"type":"Point","coordinates":[18.6485,50.155831]}},{"type":"Feature","properties":{"lines":"309","arr":["309"],"mode":"bus","angle":-14.4,"extra":1,"ei":3,"l0":"309","c0":"#f57145"},"geometry":{"type":"Point","coordinates":[18.642723,50.155104]}},{"type":"Feature","properties":{"lines":"309","arr":["309"],"mode":"bus","angle":-24.6,"extra":1,"ei":4,"l0":"309","c0":"#f57145"},"geometry":{"type":"Point","coordinates":[18.639943,50.154488]}},{"type":"Feature","properties":{"lines":"309","arr":["309"],"mode":"bus","angle":-31,"extra":1,"ei":5,"l0":"309","c0":"#f57145"},"geometry":{"type":"Point","coordinates":[18.637334,50.153614]}},{"type":"Feature","properties":{"lines":"309","arr":["309"],"mode":"bus","angle":-86,"l0":"309","c0":"#f57145"},"geometry":{"type":"Point","coordinates":[18.639664,50.146439]}},{"type":"Feature","properties":{"lines":"309","arr":["309"],"mode":"bus","angle":54.4,"extra":1,"ei":0,"l0":"309","c0":"#f57145"},"geometry":{"type":"Point","coordinates":[18.636831,50.151609]}},{"type":"Feature","properties":{"lines":"309","arr":["309"],"mode":"bus","angle":61.6,"extra":1,"ei":1,"l0":"309","c0":"#f57145"},"geometry":{"type":"Point","coordinates":[18.638168,50.149931]}},{"type":"Feature","properties":{"lines":"309","arr":["309"],"mode":"bus","angle":72.5,"extra":1,"ei":2,"l0":"309","c0":"#f57145"},"geometry":{"type":"Point","coordinates":[18.639569,50.148278]}},{"type":"Feature","properties":{"lines":"309","arr":["309"],"mode":"bus","angle":-85.6,"extra":1,"ei":3,"l0":"309","c0":"#f57145"},"geometry":{"type":"Point","coordinates":[18.639438,50.144529]}},{"type":"Feature","properties":{"lines":"309","arr":["309"],"mode":"bus","angle":54,"extra":1,"ei":4,"l0":"309","c0":"#f57145"},"geometry":{"type":"Point","coordinates":[18.640545,50.142871]}},{"type":"Feature","properties":{"lines":"309","arr":["309"],"mode":"bus","angle":48.2,"extra":1,"ei":5,"l0":"309","c0":"#f57145"},"geometry":{"type":"Point","coordinates":[18.642651,50.141564]}},{"type":"Feature","properties":{"lines":"309","arr":["309"],"mode":"bus","angle":87.6,"l0":"309","c0":"#f57145"},"geometry":{"type":"Point","coordinates":[18.645918,50.136175]}},{"type":"Feature","properties":{"lines":"309","arr":["309"],"mode":"bus","angle":54.3,"extra":1,"ei":0,"l0":"309","c0":"#f57145"},"geometry":{"type":"Point","coordinates":[18.64429,50.140065]}},{"type":"Feature","properties":{"lines":"309","arr":["309"],"mode":"bus","angle":-88.7,"extra":1,"ei":1,"l0":"309","c0":"#f57145"},"geometry":{"type":"Point","coordinates":[18.645632,50.138482]}},{"type":"Feature","properties":{"lines":"309","arr":["309"],"mode":"bus","angle":-37,"extra":1,"ei":2,"l0":"309","c0":"#f57145"},"geometry":{"type":"Point","coordinates":[18.646084,50.134904]}},{"type":"Feature","properties":{"lines":"309","arr":["309"],"mode":"bus","angle":84,"extra":1,"ei":3,"l0":"309","c0":"#f57145"},"geometry":{"type":"Point","coordinates":[18.645446,50.133282]}},{"type":"Feature","properties":{"lines":"309","arr":["309"],"mode":"bus","angle":-78.3,"extra":1,"ei":4,"l0":"309","c0":"#f57145"},"geometry":{"type":"Point","coordinates":[18.646372,50.131594]}},{"type":"Feature","properties":{"lines":"B10, B11, C11, C16, C18, M10, S11, S13, W09","arr":["B10","B11","C11","C16","C18","M10","S11","S13","W09"],"mode":"bus","angle":-48.3,"side":-1,"l0":"B10, ","c0":"#9789ff","l1":"B11, ","c1":"#b11526","l2":"C11, ","c2":"#f661b9","l3":"C16, ","c3":"#999f01","l4":"C18, ","c4":"#fe6761","l5":"M10, ","c5":"#126804","l6":"S11, ","c6":"#05617d","l7":"S13, ","c7":"#1cab97","l8":"W09","c8":"#11a2e3"},"geometry":{"type":"Point","coordinates":[18.564852,49.943525]}},{"type":"Feature","properties":{"lines":"B10, B11, C11, C12, C14, C16, C18, S13","arr":["B10","B11","C11","C12","C14","C16","C18","S13"],"mode":"bus","angle":-71.6,"mi":2,"l0":"B10, ","c0":"#9789ff","l1":"B11, ","c1":"#b11526","l2":"C11, ","c2":"#f661b9","l3":"C12, ","c3":"#8e4604","l4":"C14, ","c4":"#7b3aa8","l5":"C16, ","c5":"#999f01","l6":"C18, ","c6":"#fe6761","l7":"S13","c7":"#1cab97"},"geometry":{"type":"Point","coordinates":[18.557487,49.943713]}},{"type":"Feature","properties":{"lines":"B10, B11, C11, C12, C14, C16, C18, S13","arr":["B10","B11","C11","C12","C14","C16","C18","S13"],"mode":"bus","angle":-22.1,"l0":"B10, ","c0":"#9789ff","l1":"B11, ","c1":"#b11526","l2":"C11, ","c2":"#f661b9","l3":"C12, ","c3":"#8e4604","l4":"C14, ","c4":"#7b3aa8","l5":"C16, ","c5":"#999f01","l6":"C18, ","c6":"#fe6761","l7":"S13","c7":"#1cab97"},"geometry":{"type":"Point","coordinates":[18.561442,49.94613]}},{"type":"Feature","properties":{"lines":"B10, B11, C11, C12, C14, C16, C18, S13","arr":["B10","B11","C11","C12","C14","C16","C18","S13"],"mode":"bus","angle":-23,"extra":1,"ei":0,"l0":"B10, ","c0":"#9789ff","l1":"B11, ","c1":"#b11526","l2":"C11, ","c2":"#f661b9","l3":"C12, ","c3":"#8e4604","l4":"C14, ","c4":"#7b3aa8","l5":"C16, ","c5":"#999f01","l6":"C18, ","c6":"#fe6761","l7":"S13","c7":"#1cab97"},"geometry":{"type":"Point","coordinates":[18.559006,49.945471]}},{"type":"Feature","properties":{"lines":"B10, B11, C11, C12, C14, C16, C18, S13","arr":["B10","B11","C11","C12","C14","C16","C18","S13"],"mode":"bus","angle":-22.8,"extra":1,"ei":1,"l0":"B10, ","c0":"#9789ff","l1":"B11, ","c1":"#b11526","l2":"C11, ","c2":"#f661b9","l3":"C12, ","c3":"#8e4604","l4":"C14, ","c4":"#7b3aa8","l5":"C16, ","c5":"#999f01","l6":"C18, ","c6":"#fe6761","l7":"S13","c7":"#1cab97"},"geometry":{"type":"Point","coordinates":[18.564434,49.946935]}},{"type":"Feature","properties":{"lines":"B10, B11, C11, C12, C14, C16, C18, S13","arr":["B10","B11","C11","C12","C14","C16","C18","S13"],"mode":"bus","angle":62.5,"mi":1,"l0":"B10, ","c0":"#9789ff","l1":"B11, ","c1":"#b11526","l2":"C11, ","c2":"#f661b9","l3":"C12, ","c3":"#8e4604","l4":"C14, ","c4":"#7b3aa8","l5":"C16, ","c5":"#999f01","l6":"C18, ","c6":"#fe6761","l7":"S13","c7":"#1cab97"},"geometry":{"type":"Point","coordinates":[18.566057,49.945593]}},{"type":"Feature","properties":{"lines":"B10, B11, C11, C12, C14, C16, C18, S13","arr":["B10","B11","C11","C12","C14","C16","C18","S13"],"mode":"bus","angle":50.5,"extra":1,"ei":0,"l0":"B10, ","c0":"#9789ff","l1":"B11, ","c1":"#b11526","l2":"C11, ","c2":"#f661b9","l3":"C12, ","c3":"#8e4604","l4":"C14, ","c4":"#7b3aa8","l5":"C16, ","c5":"#999f01","l6":"C18, ","c6":"#fe6761","l7":"S13","c7":"#1cab97"},"geometry":{"type":"Point","coordinates":[18.567071,49.944606]}},{"type":"Feature","properties":{"lines":"B10, B11, C11, C14, C18, S13","arr":["B10","B11","C11","C14","C18","S13"],"mode":"bus","angle":61.6,"side":-1,"l0":"B10, ","c0":"#9789ff","l1":"B11, ","c1":"#b11526","l2":"C11, ","c2":"#f661b9","l3":"C14, ","c3":"#7b3aa8","l4":"C18, ","c4":"#fe6761","l5":"S13","c5":"#1cab97"},"geometry":{"type":"Point","coordinates":[18.567815,49.944087]}},{"type":"Feature","properties":{"lines":"B10, B11, B13, B14, C11, C12, C13, C14, C16, C18, M10, R10, R11, S11, S12, S12A, S13, S14, S15, W09, W11","arr":["B10","B11","B13","B14","C11","C12","C13","C14","C16","C18","M10","R10","R11","S11","S12","S12A","S13","S14","S15","W09","W11"],"mode":"bus","angle":80.8,"l0":"B10, ","c0":"#9789ff","l1":"B11, ","c1":"#b11526","l2":"B13, ","c2":"#992492","l3":"B14, ","c3":"#9789ff","l4":"C11, ","c4":"#f661b9","l5":"C12, ","c5":"#8e4604","l6":"C13, ","c6":"#52ac3c","l7":"C14, ","c7":"#7b3aa8","l8":"C16, ","c8":"#999f01","l9":"C18, ","c9":"#fe6761","l10":"M10, ","c10":"#126804","l11":"R10, ","c11":"#b0045c","l12":"R11, ","c12":"#126804","l13":"S11, ","c13":"#05617d","l14":"S12, ","c14":"#a72d06","l15":"S12A, ","c15":"#ff627e","l16":"S13, ","c16":"#1cab97","l17":"S14, ","c17":"#79a620","l18":"S15, ","c18":"#5a5d02","l19":"W09, ","c19":"#11a2e3","l20":"W11","c20":"#4d4aba"},"geometry":{"type":"Point","coordinates":[18.573793,49.945495]}},{"type":"Feature","properties":{"lines":"B10, B11, B13, B14, C11, C12, C13, C14, C18, M10, R10, R11, S11, S12, S12A, S13, S14, S15, W09, W11","arr":["B10","B11","B13","B14","C11","C12","C13","C14","C18","M10","R10","R11","S11","S12","S12A","S13","S14","S15","W09","W11"],"mode":"bus","angle":-54.5,"l0":"B10, ","c0":"#9789ff","l1":"B11, ","c1":"#b11526","l2":"B13, ","c2":"#992492","l3":"B14, ","c3":"#9789ff","l4":"C11, ","c4":"#f661b9","l5":"C12, ","c5":"#8e4604","l6":"C13, ","c6":"#52ac3c","l7":"C14, ","c7":"#7b3aa8","l8":"C18, ","c8":"#fe6761","l9":"M10, ","c9":"#126804","l10":"R10, ","c10":"#b0045c","l11":"R11, ","c11":"#126804","l12":"S11, ","c12":"#05617d","l13":"S12, ","c13":"#a72d06","l14":"S12A, ","c14":"#ff627e","l15":"S13, ","c15":"#1cab97","l16":"S14, ","c16":"#79a620","l17":"S15, ","c17":"#5a5d02","l18":"W09, ","c18":"#11a2e3","l19":"W11","c19":"#4d4aba"},"geometry":{"type":"Point","coordinates":[18.573081,49.945249]}},{"type":"Feature","properties":{"lines":"B10, B11, B12, B13, C10, C15, C16, C19, M10, S10, S11, S12, S12A, S13, S14, S15, W11","arr":["B10","B11","B12","B13","C10","C15","C16","C19","M10","S10","S11","S12","S12A","S13","S14","S15","W11"],"mode":"bus","angle":2.4,"side":-1,"l0":"B10, ","c0":"#9789ff","l1":"B11, ","c1":"#b11526","l2":"B12, ","c2":"#02af5a","l3":"B13, ","c3":"#992492","l4":"C10, ","c4":"#ff627e","l5":"C15, ","c5":"#6895fc","l6":"C16, ","c6":"#999f01","l7":"C19, ","c7":"#e47e2b","l8":"M10, ","c8":"#126804","l9":"S10, ","c9":"#cf8a11","l10":"S11, ","c10":"#05617d","l11":"S12, ","c11":"#a72d06","l12":"S12A, ","c12":"#ff627e","l13":"S13, ","c13":"#1cab97","l14":"S14, ","c14":"#79a620","l15":"S15, ","c15":"#5a5d02","l16":"W11","c16":"#4d4aba"},"geometry":{"type":"Point","coordinates":[18.608387,49.952668]}},{"type":"Feature","properties":{"lines":"B10, B11, B12, B13, C10, C15, C16, C19, M10, S10, S11, S12, S12A, S13, S14, S15, W11","arr":["B10","B11","B12","B13","C10","C15","C16","C19","M10","S10","S11","S12","S12A","S13","S14","S15","W11"],"mode":"bus","angle":-26.1,"side":-1,"extra":1,"ei":0,"l0":"B10, ","c0":"#9789ff","l1":"B11, ","c1":"#b11526","l2":"B12, ","c2":"#02af5a","l3":"B13, ","c3":"#992492","l4":"C10, ","c4":"#ff627e","l5":"C15, ","c5":"#6895fc","l6":"C16, ","c6":"#999f01","l7":"C19, ","c7":"#e47e2b","l8":"M10, ","c8":"#126804","l9":"S10, ","c9":"#cf8a11","l10":"S11, ","c10":"#05617d","l11":"S12, ","c11":"#a72d06","l12":"S12A, ","c12":"#ff627e","l13":"S13, ","c13":"#1cab97","l14":"S14, ","c14":"#79a620","l15":"S15, ","c15":"#5a5d02","l16":"W11","c16":"#4d4aba"},"geometry":{"type":"Point","coordinates":[18.603812,49.952579]}},{"type":"Feature","properties":{"lines":"B10, B11, B12, B13, C10, C15, C16, C19, M10, S10, S11, S12, S12A, S13, S14, S15, W11","arr":["B10","B11","B12","B13","C10","C15","C16","C19","M10","S10","S11","S12","S12A","S13","S14","S15","W11"],"mode":"bus","angle":-49.5,"side":-1,"extra":1,"ei":1,"l0":"B10, ","c0":"#9789ff","l1":"B11, ","c1":"#b11526","l2":"B12, ","c2":"#02af5a","l3":"B13, ","c3":"#992492","l4":"C10, ","c4":"#ff627e","l5":"C15, ","c5":"#6895fc","l6":"C16, ","c6":"#999f01","l7":"C19, ","c7":"#e47e2b","l8":"M10, ","c8":"#126804","l9":"S10, ","c9":"#cf8a11","l10":"S11, ","c10":"#05617d","l11":"S12, ","c11":"#a72d06","l12":"S12A, ","c12":"#ff627e","l13":"S13, ","c13":"#1cab97","l14":"S14, ","c14":"#79a620","l15":"S15, ","c15":"#5a5d02","l16":"W11","c16":"#4d4aba"},"geometry":{"type":"Point","coordinates":[18.612089,49.953574]}},{"type":"Feature","properties":{"lines":"B12, C10, C11, C12, C19, M10, S16","arr":["B12","C10","C11","C12","C19","M10","S16"],"mode":"bus","angle":34.5,"l0":"B12, ","c0":"#02af5a","l1":"C10, ","c1":"#ff627e","l2":"C11, ","c2":"#f661b9","l3":"C12, ","c3":"#8e4604","l4":"C19, ","c4":"#e47e2b","l5":"M10, ","c5":"#126804","l6":"S16","c6":"#10a5d2"},"geometry":{"type":"Point","coordinates":[18.623261,49.94955]}},{"type":"Feature","properties":{"lines":"B10, B11, B13, C15, S10, S11, S12, S12A, S13, S14, S15, S16, W11","arr":["B10","B11","B13","C15","S10","S11","S12","S12A","S13","S14","S15","S16","W11"],"mode":"bus","angle":-37.5,"side":-1,"l0":"B10, ","c0":"#9789ff","l1":"B11, ","c1":"#b11526","l2":"B13, ","c2":"#992492","l3":"C15, ","c3":"#6895fc","l4":"S10, ","c4":"#cf8a11","l5":"S11, ","c5":"#05617d","l6":"S12, ","c6":"#a72d06","l7":"S12A, ","c7":"#ff627e","l8":"S13, ","c8":"#1cab97","l9":"S14, ","c9":"#79a620","l10":"S15, ","c10":"#5a5d02","l11":"S16, ","c11":"#10a5d2","l12":"W11","c12":"#4d4aba"},"geometry":{"type":"Point","coordinates":[18.619409,49.95571]}},{"type":"Feature","properties":{"lines":"B10, B11, B13, C15, S10, S11, S12, S12A, S13, S14, S15, S16, W11","arr":["B10","B11","B13","C15","S10","S11","S12","S12A","S13","S14","S15","S16","W11"],"mode":"bus","angle":-9.2,"side":-1,"extra":1,"ei":0,"l0":"B10, ","c0":"#9789ff","l1":"B11, ","c1":"#b11526","l2":"B13, ","c2":"#992492","l3":"C15, ","c3":"#6895fc","l4":"S10, ","c4":"#cf8a11","l5":"S11, ","c5":"#05617d","l6":"S12, ","c6":"#a72d06","l7":"S12A, ","c7":"#ff627e","l8":"S13, ","c8":"#1cab97","l9":"S14, ","c9":"#79a620","l10":"S15, ","c10":"#5a5d02","l11":"S16, ","c11":"#10a5d2","l12":"W11","c12":"#4d4aba"},"geometry":{"type":"Point","coordinates":[18.61542,49.955051]}},{"type":"Feature","properties":{"lines":"B10, B11, B13, C15, S10, S11, S12, S12A, S13, S14, S15, S16, W11","arr":["B10","B11","B13","C15","S10","S11","S12","S12A","S13","S14","S15","S16","W11"],"mode":"bus","angle":52.3,"extra":1,"ei":1,"l0":"B10, ","c0":"#9789ff","l1":"B11, ","c1":"#b11526","l2":"B13, ","c2":"#992492","l3":"C15, ","c3":"#6895fc","l4":"S10, ","c4":"#cf8a11","l5":"S11, ","c5":"#05617d","l6":"S12, ","c6":"#a72d06","l7":"S12A, ","c7":"#ff627e","l8":"S13, ","c8":"#1cab97","l9":"S14, ","c9":"#79a620","l10":"S15, ","c10":"#5a5d02","l11":"S16, ","c11":"#10a5d2","l12":"W11","c12":"#4d4aba"},"geometry":{"type":"Point","coordinates":[18.620285,49.958261]}},{"type":"Feature","properties":{"lines":"B10, B11, B13, C15, S10, S11, S12, S12A, S13, S14, S15, S16, W11","arr":["B10","B11","B13","C15","S10","S11","S12","S12A","S13","S14","S15","S16","W11"],"mode":"bus","angle":-9.1,"extra":1,"ei":0,"l0":"B10, ","c0":"#9789ff","l1":"B11, ","c1":"#b11526","l2":"B13, ","c2":"#992492","l3":"C15, ","c3":"#6895fc","l4":"S10, ","c4":"#cf8a11","l5":"S11, ","c5":"#05617d","l6":"S12, ","c6":"#a72d06","l7":"S12A, ","c7":"#ff627e","l8":"S13, ","c8":"#1cab97","l9":"S14, ","c9":"#79a620","l10":"S15, ","c10":"#5a5d02","l11":"S16, ","c11":"#10a5d2","l12":"W11","c12":"#4d4aba"},"geometry":{"type":"Point","coordinates":[18.617584,49.955341]}},{"type":"Feature","properties":{"lines":"B10, B11, B13, S10, S11, S12, S12A, S13, S14, S15, S16, W11","arr":["B10","B11","B13","S10","S11","S12","S12A","S13","S14","S15","S16","W11"],"mode":"bus","angle":-46.3,"l0":"B10, ","c0":"#9789ff","l1":"B11, ","c1":"#b11526","l2":"B13, ","c2":"#992492","l3":"S10, ","c3":"#cf8a11","l4":"S11, ","c4":"#05617d","l5":"S12, ","c5":"#a72d06","l6":"S12A, ","c6":"#ff627e","l7":"S13, ","c7":"#1cab97","l8":"S14, ","c8":"#79a620","l9":"S15, ","c9":"#5a5d02","l10":"S16, ","c10":"#10a5d2","l11":"W11","c11":"#4d4aba"},"geometry":{"type":"Point","coordinates":[18.621143,49.960101]}},{"type":"Feature","properties":{"lines":"B10, B11, B13, S10, S11, S12, S12A, S13, S14, S15, S16, W11","arr":["B10","B11","B13","S10","S11","S12","S12A","S13","S14","S15","S16","W11"],"mode":"bus","angle":-44.6,"side":-1,"extra":1,"ei":0,"l0":"B10, ","c0":"#9789ff","l1":"B11, ","c1":"#b11526","l2":"B13, ","c2":"#992492","l3":"S10, ","c3":"#cf8a11","l4":"S11, ","c4":"#05617d","l5":"S12, ","c5":"#a72d06","l6":"S12A, ","c6":"#ff627e","l7":"S13, ","c7":"#1cab97","l8":"S14, ","c8":"#79a620","l9":"S15, ","c9":"#5a5d02","l10":"S16, ","c10":"#10a5d2","l11":"W11","c11":"#4d4aba"},"geometry":{"type":"Point","coordinates":[18.622868,49.961123]}},{"type":"Feature","properties":{"lines":"B10, B11, B13, S10, S11, S12, S12A, S13, S14, S15, S16, W11","arr":["B10","B11","B13","S10","S11","S12","S12A","S13","S14","S15","S16","W11"],"mode":"bus","angle":-45.4,"extra":1,"ei":0,"l0":"B10, ","c0":"#9789ff","l1":"B11, ","c1":"#b11526","l2":"B13, ","c2":"#992492","l3":"S10, ","c3":"#cf8a11","l4":"S11, ","c4":"#05617d","l5":"S12, ","c5":"#a72d06","l6":"S12A, ","c6":"#ff627e","l7":"S13, ","c7":"#1cab97","l8":"S14, ","c8":"#79a620","l9":"S15, ","c9":"#5a5d02","l10":"S16, ","c10":"#10a5d2","l11":"W11","c11":"#4d4aba"},"geometry":{"type":"Point","coordinates":[18.619776,49.959192]}},{"type":"Feature","properties":{"lines":"B10, B11, B13","arr":["B10","B11","B13"],"mode":"bus","angle":11.3,"side":-1,"l0":"B10, ","c0":"#9789ff","l1":"B11, ","c1":"#b11526","l2":"B13","c2":"#992492"},"geometry":{"type":"Point","coordinates":[18.650608,49.958415]}},{"type":"Feature","properties":{"lines":"B10, B11, B13","arr":["B10","B11","B13"],"mode":"bus","angle":-26.9,"l0":"B10, ","c0":"#9789ff","l1":"B11, ","c1":"#b11526","l2":"B13","c2":"#992492"},"geometry":{"type":"Point","coordinates":[18.631654,49.962157]}},{"type":"Feature","properties":{"lines":"B10, B11, B13","arr":["B10","B11","B13"],"mode":"bus","angle":-5.8,"side":-1,"extra":1,"ei":0,"l0":"B10, ","c0":"#9789ff","l1":"B11, ","c1":"#b11526","l2":"B13","c2":"#992492"},"geometry":{"type":"Point","coordinates":[18.662845,49.958486]}},{"type":"Feature","properties":{"lines":"B10, B11, B13","arr":["B10","B11","B13"],"mode":"bus","angle":-2.1,"side":-1,"extra":1,"ei":1,"l0":"B10, ","c0":"#9789ff","l1":"B11, ","c1":"#b11526","l2":"B13","c2":"#992492"},"geometry":{"type":"Point","coordinates":[18.659904,49.95842]}},{"type":"Feature","properties":{"lines":"B10, B11, B13","arr":["B10","B11","B13"],"mode":"bus","angle":-3.8,"side":-1,"extra":1,"ei":2,"l0":"B10, ","c0":"#9789ff","l1":"B11, ","c1":"#b11526","l2":"B13","c2":"#992492"},"geometry":{"type":"Point","coordinates":[18.656963,49.958331]}},{"type":"Feature","properties":{"lines":"B10, B11, B13","arr":["B10","B11","B13"],"mode":"bus","angle":0,"side":-1,"extra":1,"ei":3,"l0":"B10, ","c0":"#9789ff","l1":"B11, ","c1":"#b11526","l2":"B13","c2":"#992492"},"geometry":{"type":"Point","coordinates":[18.654022,49.958257]}},{"type":"Feature","properties":{"lines":"B10, B11, B13","arr":["B10","B11","B13"],"mode":"bus","angle":21.2,"side":-1,"extra":1,"ei":4,"l0":"B10, ","c0":"#9789ff","l1":"B11, ","c1":"#b11526","l2":"B13","c2":"#992492"},"geometry":{"type":"Point","coordinates":[18.648254,49.958861]}},{"type":"Feature","properties":{"lines":"B10, B11, B13","arr":["B10","B11","B13"],"mode":"bus","angle":25.1,"side":-1,"extra":1,"ei":5,"l0":"B10, ","c0":"#9789ff","l1":"B11, ","c1":"#b11526","l2":"B13","c2":"#992492"},"geometry":{"type":"Point","coordinates":[18.64557,49.959635]}},{"type":"Feature","properties":{"lines":"B10, B11, B13","arr":["B10","B11","B13"],"mode":"bus","angle":28.8,"side":-1,"extra":1,"ei":6,"l0":"B10, ","c0":"#9789ff","l1":"B11, ","c1":"#b11526","l2":"B13","c2":"#992492"},"geometry":{"type":"Point","coordinates":[18.64293,49.960471]}},{"type":"Feature","properties":{"lines":"B10, B11, B13","arr":["B10","B11","B13"],"mode":"bus","angle":29.2,"side":-1,"extra":1,"ei":7,"l0":"B10, ","c0":"#9789ff","l1":"B11, ","c1":"#b11526","l2":"B13","c2":"#992492"},"geometry":{"type":"Point","coordinates":[18.64053,49.961558]}},{"type":"Feature","properties":{"lines":"B10, B11, B13","arr":["B10","B11","B13"],"mode":"bus","angle":22.9,"extra":1,"ei":0,"l0":"B10, ","c0":"#9789ff","l1":"B11, ","c1":"#b11526","l2":"B13","c2":"#992492"},"geometry":{"type":"Point","coordinates":[18.636181,49.962534]}},{"type":"Feature","properties":{"lines":"B10, B11, B13","arr":["B10","B11","B13"],"mode":"bus","angle":-17.9,"extra":1,"ei":1,"l0":"B10, ","c0":"#9789ff","l1":"B11, ","c1":"#b11526","l2":"B13","c2":"#992492"},"geometry":{"type":"Point","coordinates":[18.633311,49.962654]}},{"type":"Feature","properties":{"lines":"B10, B11, B13","arr":["B10","B11","B13"],"mode":"bus","angle":-4,"extra":1,"ei":2,"l0":"B10, ","c0":"#9789ff","l1":"B11, ","c1":"#b11526","l2":"B13","c2":"#992492"},"geometry":{"type":"Point","coordinates":[18.627821,49.961371]}},{"type":"Feature","properties":{"lines":"B10, B11, B13","arr":["B10","B11","B13"],"mode":"bus","angle":6.9,"extra":1,"ei":3,"l0":"B10, ","c0":"#9789ff","l1":"B11, ","c1":"#b11526","l2":"B13","c2":"#992492"},"geometry":{"type":"Point","coordinates":[18.624896,49.961545]}},{"type":"Feature","properties":{"lines":"B10, B11","arr":["B10","B11"],"mode":"bus","angle":-12.1,"l0":"B10, ","c0":"#9789ff","l1":"B11","c1":"#b11526"},"geometry":{"type":"Point","coordinates":[18.664885,49.958711]}},{"type":"Feature","properties":{"lines":"B10, B11, B12","arr":["B10","B11","B12"],"mode":"bus","angle":0.9,"side":-1,"l0":"B10, ","c0":"#9789ff","l1":"B11, ","c1":"#b11526","l2":"B12","c2":"#02af5a"},"geometry":{"type":"Point","coordinates":[18.667392,49.958863]}},{"type":"Feature","properties":{"lines":"B10, B12","arr":["B10","B12"],"mode":"bus","angle":-71.6,"l0":"B10, ","c0":"#9789ff","l1":"B12","c1":"#02af5a"},"geometry":{"type":"Point","coordinates":[18.670414,49.961673]}},{"type":"Feature","properties":{"lines":"B10, B12","arr":["B10","B12"],"mode":"bus","angle":-49.8,"mi":1,"l0":"B10, ","c0":"#9789ff","l1":"B12","c1":"#02af5a"},"geometry":{"type":"Point","coordinates":[18.672188,49.964191]}},{"type":"Feature","properties":{"lines":"B10, B12","arr":["B10","B12"],"mode":"bus","angle":-73.8,"extra":1,"ei":0,"l0":"B10, ","c0":"#9789ff","l1":"B12","c1":"#02af5a"},"geometry":{"type":"Point","coordinates":[18.669599,49.960096]}},{"type":"Feature","properties":{"lines":"B10, B12","arr":["B10","B12"],"mode":"bus","angle":-5.2,"mi":4,"l0":"B10, ","c0":"#9789ff","l1":"B12","c1":"#02af5a"},"geometry":{"type":"Point","coordinates":[18.66934,49.959125]}},{"type":"Feature","properties":{"lines":"B10, B12","arr":["B10","B12"],"mode":"bus","angle":2.9,"side":-1,"mi":2,"l0":"B10, ","c0":"#9789ff","l1":"B12","c1":"#02af5a"},"geometry":{"type":"Point","coordinates":[18.673063,49.964532]}},{"type":"Feature","properties":{"lines":"B10, B12","arr":["B10","B12"],"mode":"bus","angle":15.6,"mi":3,"l0":"B10, ","c0":"#9789ff","l1":"B12","c1":"#02af5a"},"geometry":{"type":"Point","coordinates":[18.673148,49.964558]}},{"type":"Feature","properties":{"lines":"B10, B12, L-4","arr":["B10","B12","L-4"],"mode":"bus","angle":-4.1,"l0":"B10, ","c0":"#9789ff","l1":"B12, ","c1":"#02af5a","l2":"L-4","c2":"#10a5d2"},"geometry":{"type":"Point","coordinates":[18.681495,49.964406]}},{"type":"Feature","properties":{"lines":"B10, B12, L-4","arr":["B10","B12","L-4"],"mode":"bus","angle":4.4,"extra":1,"ei":0,"l0":"B10, ","c0":"#9789ff","l1":"B12, ","c1":"#02af5a","l2":"L-4","c2":"#10a5d2"},"geometry":{"type":"Point","coordinates":[18.674946,49.964369]}},{"type":"Feature","properties":{"lines":"B10, B12, L-4","arr":["B10","B12","L-4"],"mode":"bus","angle":1.7,"extra":1,"ei":1,"l0":"B10, ","c0":"#9789ff","l1":"B12, ","c1":"#02af5a","l2":"L-4","c2":"#10a5d2"},"geometry":{"type":"Point","coordinates":[18.677882,49.964406]}},{"type":"Feature","properties":{"lines":"B10, B12, L-4","arr":["B10","B12","L-4"],"mode":"bus","angle":-17.5,"extra":1,"ei":2,"l0":"B10, ","c0":"#9789ff","l1":"B12, ","c1":"#02af5a","l2":"L-4","c2":"#10a5d2"},"geometry":{"type":"Point","coordinates":[18.683715,49.964699]}},{"type":"Feature","properties":{"lines":"B10, B12, L-4","arr":["B10","B12","L-4"],"mode":"bus","angle":0.5,"extra":1,"ei":3,"l0":"B10, ","c0":"#9789ff","l1":"B12, ","c1":"#02af5a","l2":"L-4","c2":"#10a5d2"},"geometry":{"type":"Point","coordinates":[18.686473,49.965195]}},{"type":"Feature","properties":{"lines":"B10, B11, B12, B13, C10, C11, C12, C15, C19, M10, S10, S11, S12, S12A, S13, S14, S15, W11","arr":["B10","B11","B12","B13","C10","C11","C12","C15","C19","M10","S10","S11","S12","S12A","S13","S14","S15","W11"],"mode":"bus","angle":2.4,"l0":"B10, ","c0":"#9789ff","l1":"B11, ","c1":"#b11526","l2":"B12, ","c2":"#02af5a","l3":"B13, ","c3":"#992492","l4":"C10, ","c4":"#ff627e","l5":"C11, ","c5":"#f661b9","l6":"C12, ","c6":"#8e4604","l7":"C15, ","c7":"#6895fc","l8":"C19, ","c8":"#e47e2b","l9":"M10, ","c9":"#126804","l10":"S10, ","c10":"#cf8a11","l11":"S11, ","c11":"#05617d","l12":"S12, ","c12":"#a72d06","l13":"S12A, ","c13":"#ff627e","l14":"S13, ","c14":"#1cab97","l15":"S14, ","c15":"#79a620","l16":"S15, ","c16":"#5a5d02","l17":"W11","c17":"#4d4aba"},"geometry":{"type":"Point","coordinates":[18.608435,49.952767]}},{"type":"Feature","properties":{"lines":"B10, B11, B12, B13, C10, C11, C12, C15, C19, M10, S10, S11, S12, S12A, S13, S14, S15, W11","arr":["B10","B11","B12","B13","C10","C11","C12","C15","C19","M10","S10","S11","S12","S12A","S13","S14","S15","W11"],"mode":"bus","angle":-48.8,"extra":1,"ei":0,"l0":"B10, ","c0":"#9789ff","l1":"B11, ","c1":"#b11526","l2":"B12, ","c2":"#02af5a","l3":"B13, ","c3":"#992492","l4":"C10, ","c4":"#ff627e","l5":"C11, ","c5":"#f661b9","l6":"C12, ","c6":"#8e4604","l7":"C15, ","c7":"#6895fc","l8":"C19, ","c8":"#e47e2b","l9":"M10, ","c9":"#126804","l10":"S10, ","c10":"#cf8a11","l11":"S11, ","c11":"#05617d","l12":"S12, ","c12":"#a72d06","l13":"S12A, ","c13":"#ff627e","l14":"S13, ","c14":"#1cab97","l15":"S14, ","c15":"#79a620","l16":"S15, ","c16":"#5a5d02","l17":"W11","c17":"#4d4aba"},"geometry":{"type":"Point","coordinates":[18.612167,49.953792]}},{"type":"Feature","properties":{"lines":"B10, B11, B12, B13, C10, C11, C12, C15, C19, M10, S10, S11, S12, S12A, S13, S14, S15, W11","arr":["B10","B11","B12","B13","C10","C11","C12","C15","C19","M10","S10","S11","S12","S12A","S13","S14","S15","W11"],"mode":"bus","angle":-21.5,"extra":1,"ei":1,"l0":"B10, ","c0":"#9789ff","l1":"B11, ","c1":"#b11526","l2":"B12, ","c2":"#02af5a","l3":"B13, ","c3":"#992492","l4":"C10, ","c4":"#ff627e","l5":"C11, ","c5":"#f661b9","l6":"C12, ","c6":"#8e4604","l7":"C15, ","c7":"#6895fc","l8":"C19, ","c8":"#e47e2b","l9":"M10, ","c9":"#126804","l10":"S10, ","c10":"#cf8a11","l11":"S11, ","c11":"#05617d","l12":"S12, ","c12":"#a72d06","l13":"S12A, ","c13":"#ff627e","l14":"S13, ","c14":"#1cab97","l15":"S14, ","c15":"#79a620","l16":"S15, ","c16":"#5a5d02","l17":"W11","c17":"#4d4aba"},"geometry":{"type":"Point","coordinates":[18.603968,49.95273]}},{"type":"Feature","properties":{"lines":"B10, B11, C12, C16, C18, S13","arr":["B10","B11","C12","C16","C18","S13"],"mode":"bus","angle":52.7,"l0":"B10, ","c0":"#9789ff","l1":"B11, ","c1":"#b11526","l2":"C12, ","c2":"#8e4604","l3":"C16, ","c3":"#999f01","l4":"C18, ","c4":"#fe6761","l5":"S13","c5":"#1cab97"},"geometry":{"type":"Point","coordinates":[18.567926,49.944112]}},{"type":"Feature","properties":{"lines":"B11","arr":["B11"],"mode":"bus","angle":1,"mi":1,"l0":"B11","c0":"#b11526"},"geometry":{"type":"Point","coordinates":[18.693187,49.958572]}},{"type":"Feature","properties":{"lines":"B11","arr":["B11"],"mode":"bus","angle":-12.5,"l0":"B11","c0":"#b11526"},"geometry":{"type":"Point","coordinates":[18.687616,49.957773]}},{"type":"Feature","properties":{"lines":"B11","arr":["B11"],"mode":"bus","angle":-14,"extra":1,"ei":0,"l0":"B11","c0":"#b11526"},"geometry":{"type":"Point","coordinates":[18.691368,49.95842]}},{"type":"Feature","properties":{"lines":"B11","arr":["B11"],"mode":"bus","angle":5.5,"extra":1,"ei":1,"l0":"B11","c0":"#b11526"},"geometry":{"type":"Point","coordinates":[18.685625,49.957729]}},{"type":"Feature","properties":{"lines":"B11","arr":["B11"],"mode":"bus","angle":-44,"extra":1,"ei":2,"l0":"B11","c0":"#b11526"},"geometry":{"type":"Point","coordinates":[18.682813,49.957637]}},{"type":"Feature","properties":{"lines":"B11","arr":["B11"],"mode":"bus","angle":5.9,"mi":2,"l0":"B11","c0":"#b11526"},"geometry":{"type":"Point","coordinates":[18.67603,49.958369]}},{"type":"Feature","properties":{"lines":"B11","arr":["B11"],"mode":"bus","angle":18.7,"extra":1,"ei":0,"l0":"B11","c0":"#b11526"},"geometry":{"type":"Point","coordinates":[18.681333,49.957966]}},{"type":"Feature","properties":{"lines":"B11","arr":["B11"],"mode":"bus","angle":5.9,"extra":1,"ei":0,"l0":"B11","c0":"#b11526"},"geometry":{"type":"Point","coordinates":[18.670365,49.958771]}},{"type":"Feature","properties":{"lines":"B11","arr":["B11"],"mode":"bus","angle":5.6,"extra":1,"ei":0,"l0":"B11","c0":"#b11526"},"geometry":{"type":"Point","coordinates":[18.673707,49.958516]}},{"type":"Feature","properties":{"lines":"B11, C11, S11","arr":["B11","C11","S11"],"mode":"bus","angle":-83,"side":-1,"l0":"B11, ","c0":"#b11526","l1":"C11, ","c1":"#f661b9","l2":"S11","c2":"#05617d"},"geometry":{"type":"Point","coordinates":[18.602762,49.955037]}},{"type":"Feature","properties":{"lines":"B11, C11, S11","arr":["B11","C11","S11"],"mode":"bus","angle":-88.4,"side":-1,"mi":1,"l0":"B11, ","c0":"#b11526","l1":"C11, ","c1":"#f661b9","l2":"S11","c2":"#05617d"},"geometry":{"type":"Point","coordinates":[18.602449,49.953525]}},{"type":"Feature","properties":{"lines":"B11, C11, C16, S11","arr":["B11","C11","C16","S11"],"mode":"bus","angle":36.5,"side":-1,"l0":"B11, ","c0":"#b11526","l1":"C11, ","c1":"#f661b9","l2":"C16, ","c2":"#999f01","l3":"S11","c3":"#05617d"},"geometry":{"type":"Point","coordinates":[18.602612,49.95571]}},{"type":"Feature","properties":{"lines":"B11, C11, C16, S11, S13","arr":["B11","C11","C16","S11","S13"],"mode":"bus","angle":-83.3,"side":-1,"l0":"B11, ","c0":"#b11526","l1":"C11, ","c1":"#f661b9","l2":"C16, ","c2":"#999f01","l3":"S11, ","c3":"#05617d","l4":"S13","c4":"#1cab97"},"geometry":{"type":"Point","coordinates":[18.602059,49.95552]}},{"type":"Feature","properties":{"lines":"B11, C11","arr":["B11","C11"],"mode":"bus","angle":4.2,"side":-1,"l0":"B11, ","c0":"#b11526","l1":"C11","c1":"#f661b9"},"geometry":{"type":"Point","coordinates":[18.602395,49.955102]}},{"type":"Feature","properties":{"lines":"B11, C11, S11, S13","arr":["B11","C11","S11","S13"],"mode":"bus","angle":-87.4,"side":-1,"l0":"B11, ","c0":"#b11526","l1":"C11, ","c1":"#f661b9","l2":"S11, ","c2":"#05617d","l3":"S13","c3":"#1cab97"},"geometry":{"type":"Point","coordinates":[18.602902,49.955588]}},{"type":"Feature","properties":{"lines":"B11, C11, S13","arr":["B11","C11","S13"],"mode":"bus","angle":6.9,"mi":1,"l0":"B11, ","c0":"#b11526","l1":"C11, ","c1":"#f661b9","l2":"S13","c2":"#1cab97"},"geometry":{"type":"Point","coordinates":[18.597532,49.956445]}},{"type":"Feature","properties":{"lines":"B11, C11, C16, S13","arr":["B11","C11","C16","S13"],"mode":"bus","angle":7.6,"mi":2,"l0":"B11, ","c0":"#b11526","l1":"C11, ","c1":"#f661b9","l2":"C16, ","c2":"#999f01","l3":"S13","c3":"#1cab97"},"geometry":{"type":"Point","coordinates":[18.599769,49.956257]}},{"type":"Feature","properties":{"lines":"B11, C11, S13","arr":["B11","C11","S13"],"mode":"bus","angle":88.9,"side":-1,"l0":"B11, ","c0":"#b11526","l1":"C11, ","c1":"#f661b9","l2":"S13","c2":"#1cab97"},"geometry":{"type":"Point","coordinates":[18.597148,49.956175]}},{"type":"Feature","properties":{"lines":"B11, C11, C16, S13","arr":["B11","C11","C16","S13"],"mode":"bus","angle":-77.2,"l0":"B11, ","c0":"#b11526","l1":"C11, ","c1":"#f661b9","l2":"C16, ","c2":"#999f01","l3":"S13","c3":"#1cab97"},"geometry":{"type":"Point","coordinates":[18.596989,49.953932]}},{"type":"Feature","properties":{"lines":"B11, C11, C16, S13","arr":["B11","C11","C16","S13"],"mode":"bus","angle":74.2,"mi":1,"l0":"B11, ","c0":"#b11526","l1":"C11, ","c1":"#f661b9","l2":"C16, ","c2":"#999f01","l3":"S13","c3":"#1cab97"},"geometry":{"type":"Point","coordinates":[18.596566,49.951222]}},{"type":"Feature","properties":{"lines":"B11, B13, B14, C10, C11, C19, R10, R11, W10","arr":["B11","B13","B14","C10","C11","C19","R10","R11","W10"],"mode":"bus","angle":21.8,"l0":"B11, ","c0":"#b11526","l1":"B13, ","c1":"#992492","l2":"B14, ","c2":"#9789ff","l3":"C10, ","c3":"#ff627e","l4":"C11, ","c4":"#f661b9","l5":"C19, ","c5":"#e47e2b","l6":"R10, ","c6":"#b0045c","l7":"R11, ","c7":"#126804","l8":"W10","c8":"#6b5806"},"geometry":{"type":"Point","coordinates":[18.590161,49.949725]}},{"type":"Feature","properties":{"lines":"B11, B13, B14, C10, C11, C17, C19, R10, R11, W10","arr":["B11","B13","B14","C10","C11","C17","C19","R10","R11","W10"],"mode":"bus","angle":7.5,"l0":"B11, ","c0":"#b11526","l1":"B13, ","c1":"#992492","l2":"B14, ","c2":"#9789ff","l3":"C10, ","c3":"#ff627e","l4":"C11, ","c4":"#f661b9","l5":"C17, ","c5":"#4d4aba","l6":"C19, ","c6":"#e47e2b","l7":"R10, ","c7":"#b0045c","l8":"R11, ","c8":"#126804","l9":"W10","c9":"#6b5806"},"geometry":{"type":"Point","coordinates":[18.589367,49.949914]}},{"type":"Feature","properties":{"lines":"B11, B13, B14, C10, C11, C16, C17, C19, R10, R11, W10","arr":["B11","B13","B14","C10","C11","C16","C17","C19","R10","R11","W10"],"mode":"bus","angle":-28.7,"l0":"B11, ","c0":"#b11526","l1":"B13, ","c1":"#992492","l2":"B14, ","c2":"#9789ff","l3":"C10, ","c3":"#ff627e","l4":"C11, ","c4":"#f661b9","l5":"C16, ","c5":"#999f01","l6":"C17, ","c6":"#4d4aba","l7":"C19, ","c7":"#e47e2b","l8":"R10, ","c8":"#b0045c","l9":"R11, ","c9":"#126804","l10":"W10","c10":"#6b5806"},"geometry":{"type":"Point","coordinates":[18.581603,49.949477]}},{"type":"Feature","properties":{"lines":"B11, B13, B14, C10, C11, C16, C17, C19, R10, R11, W10","arr":["B11","B13","B14","C10","C11","C16","C17","C19","R10","R11","W10"],"mode":"bus","angle":21.5,"extra":1,"ei":0,"l0":"B11, ","c0":"#b11526","l1":"B13, ","c1":"#992492","l2":"B14, ","c2":"#9789ff","l3":"C10, ","c3":"#ff627e","l4":"C11, ","c4":"#f661b9","l5":"C16, ","c5":"#999f01","l6":"C17, ","c6":"#4d4aba","l7":"C19, ","c7":"#e47e2b","l8":"R10, ","c8":"#b0045c","l9":"R11, ","c9":"#126804","l10":"W10","c10":"#6b5806"},"geometry":{"type":"Point","coordinates":[18.587573,49.950106]}},{"type":"Feature","properties":{"lines":"B11, B13, B14, C10, C11, C16, C17, C19, R10, R11, W10","arr":["B11","B13","B14","C10","C11","C16","C17","C19","R10","R11","W10"],"mode":"bus","angle":0.6,"extra":1,"ei":1,"l0":"B11, ","c0":"#b11526","l1":"B13, ","c1":"#992492","l2":"B14, ","c2":"#9789ff","l3":"C10, ","c3":"#ff627e","l4":"C11, ","c4":"#f661b9","l5":"C16, ","c5":"#999f01","l6":"C17, ","c6":"#4d4aba","l7":"C19, ","c7":"#e47e2b","l8":"R10, ","c8":"#b0045c","l9":"R11, ","c9":"#126804","l10":"W10","c10":"#6b5806"},"geometry":{"type":"Point","coordinates":[18.584716,49.950063]}},{"type":"Feature","properties":{"lines":"B11, B13, B14, C10, C11, C16, C17, C19, R10, R11, W10","arr":["B11","B13","B14","C10","C11","C16","C17","C19","R10","R11","W10"],"mode":"bus","angle":-15.9,"extra":1,"ei":2,"l0":"B11, ","c0":"#b11526","l1":"B13, ","c1":"#992492","l2":"B14, ","c2":"#9789ff","l3":"C10, ","c3":"#ff627e","l4":"C11, ","c4":"#f661b9","l5":"C16, ","c5":"#999f01","l6":"C17, ","c6":"#4d4aba","l7":"C19, ","c7":"#e47e2b","l8":"R10, ","c8":"#b0045c","l9":"R11, ","c9":"#126804","l10":"W10","c10":"#6b5806"},"geometry":{"type":"Point","coordinates":[18.579377,49.948781]}},{"type":"Feature","properties":{"lines":"B11, B13, B14, C10, C11, C16, C17, C19, R10, R11, W10","arr":["B11","B13","B14","C10","C11","C16","C17","C19","R10","R11","W10"],"mode":"bus","angle":65,"extra":1,"ei":3,"l0":"B11, ","c0":"#b11526","l1":"B13, ","c1":"#992492","l2":"B14, ","c2":"#9789ff","l3":"C10, ","c3":"#ff627e","l4":"C11, ","c4":"#f661b9","l5":"C16, ","c5":"#999f01","l6":"C17, ","c6":"#4d4aba","l7":"C19, ","c7":"#e47e2b","l8":"R10, ","c8":"#b0045c","l9":"R11, ","c9":"#126804","l10":"W10","c10":"#6b5806"},"geometry":{"type":"Point","coordinates":[18.577044,49.949471]}},{"type":"Feature","properties":{"lines":"B11, B13, B14, C13, C16, R10, R11, S11, S13","arr":["B11","B13","B14","C13","C16","R10","R11","S11","S13"],"mode":"bus","angle":-61.1,"l0":"B11, ","c0":"#b11526","l1":"B13, ","c1":"#992492","l2":"B14, ","c2":"#9789ff","l3":"C13, ","c3":"#52ac3c","l4":"C16, ","c4":"#999f01","l5":"R10, ","c5":"#b0045c","l6":"R11, ","c6":"#126804","l7":"S11, ","c7":"#05617d","l8":"S13","c8":"#1cab97"},"geometry":{"type":"Point","coordinates":[18.575274,49.9489]}},{"type":"Feature","properties":{"lines":"B11, B13, B14, C11, C13, C16, R10, R11, S11, S13","arr":["B11","B13","B14","C11","C13","C16","R10","R11","S11","S13"],"mode":"bus","angle":-87.3,"l0":"B11, ","c0":"#b11526","l1":"B13, ","c1":"#992492","l2":"B14, ","c2":"#9789ff","l3":"C11, ","c3":"#f661b9","l4":"C13, ","c4":"#52ac3c","l5":"C16, ","c5":"#999f01","l6":"R10, ","c6":"#b0045c","l7":"R11, ","c7":"#126804","l8":"S11, ","c8":"#05617d","l9":"S13","c9":"#1cab97"},"geometry":{"type":"Point","coordinates":[18.574098,49.946722]}},{"type":"Feature","properties":{"lines":"B11, B13, B14, C10, C16, C17, C19, W10","arr":["B11","B13","B14","C10","C16","C17","C19","W10"],"mode":"bus","angle":25.8,"l0":"B11, ","c0":"#b11526","l1":"B13, ","c1":"#992492","l2":"B14, ","c2":"#9789ff","l3":"C10, ","c3":"#ff627e","l4":"C16, ","c4":"#999f01","l5":"C17, ","c5":"#4d4aba","l6":"C19, ","c6":"#e47e2b","l7":"W10","c7":"#6b5806"},"geometry":{"type":"Point","coordinates":[18.589423,49.949868]}},{"type":"Feature","properties":{"lines":"B11, C16, S13","arr":["B11","C16","S13"],"mode":"bus","angle":70.2,"l0":"B11, ","c0":"#b11526","l1":"C16, ","c1":"#999f01","l2":"S13","c2":"#1cab97"},"geometry":{"type":"Point","coordinates":[18.596913,49.950539]}},{"type":"Feature","properties":{"lines":"B11, C16","arr":["B11","C16"],"mode":"bus","angle":-47.4,"side":-1,"l0":"B11, ","c0":"#b11526","l1":"C16","c1":"#999f01"},"geometry":{"type":"Point","coordinates":[18.597435,49.956285]}},{"type":"Feature","properties":{"lines":"B11, C16, S11","arr":["B11","C16","S11"],"mode":"bus","angle":86.2,"side":-1,"l0":"B11, ","c0":"#b11526","l1":"C16, ","c1":"#999f01","l2":"S11","c2":"#05617d"},"geometry":{"type":"Point","coordinates":[18.602292,49.953829]}},{"type":"Feature","properties":{"lines":"B12, B15, C14, C16, C17, C18, R10, R11, S10, S16","arr":["B12","B15","C14","C16","C17","C18","R10","R11","S10","S16"],"mode":"bus","angle":-49.5,"mi":1,"l0":"B12, ","c0":"#02af5a","l1":"B15, ","c1":"#05617d","l2":"C14, ","c2":"#7b3aa8","l3":"C16, ","c3":"#999f01","l4":"C17, ","c4":"#4d4aba","l5":"C18, ","c5":"#fe6761","l6":"R10, ","c6":"#b0045c","l7":"R11, ","c7":"#126804","l8":"S10, ","c8":"#cf8a11","l9":"S16","c9":"#10a5d2"},"geometry":{"type":"Point","coordinates":[18.607117,49.944315]}},{"type":"Feature","properties":{"lines":"B12, B15, C14, C16, C17, C18, R10, R11, S10, S16","arr":["B12","B15","C14","C16","C17","C18","R10","R11","S10","S16"],"mode":"bus","angle":-10,"l0":"B12, ","c0":"#02af5a","l1":"B15, ","c1":"#05617d","l2":"C14, ","c2":"#7b3aa8","l3":"C16, ","c3":"#999f01","l4":"C17, ","c4":"#4d4aba","l5":"C18, ","c5":"#fe6761","l6":"R10, ","c6":"#b0045c","l7":"R11, ","c7":"#126804","l8":"S10, ","c8":"#cf8a11","l9":"S16","c9":"#10a5d2"},"geometry":{"type":"Point","coordinates":[18.599714,49.940701]}},{"type":"Feature","properties":{"lines":"B12, B15, C11, C12, C14, C16, C17, C18, R10, R11, S10, S16","arr":["B12","B15","C11","C12","C14","C16","C17","C18","R10","R11","S10","S16"],"mode":"bus","angle":-30.8,"l0":"B12, ","c0":"#02af5a","l1":"B15, ","c1":"#05617d","l2":"C11, ","c2":"#f661b9","l3":"C12, ","c3":"#8e4604","l4":"C14, ","c4":"#7b3aa8","l5":"C16, ","c5":"#999f01","l6":"C17, ","c6":"#4d4aba","l7":"C18, ","c7":"#fe6761","l8":"R10, ","c8":"#b0045c","l9":"R11, ","c9":"#126804","l10":"S10, ","c10":"#cf8a11","l11":"S16","c11":"#10a5d2"},"geometry":{"type":"Point","coordinates":[18.603839,49.942002]}},{"type":"Feature","properties":{"lines":"B12, B15, C11, C12, C14, C16, C17, C18, R10, R11, S10, S16","arr":["B12","B15","C11","C12","C14","C16","C17","C18","R10","R11","S10","S16"],"mode":"bus","angle":-29.6,"extra":1,"ei":0,"l0":"B12, ","c0":"#02af5a","l1":"B15, ","c1":"#05617d","l2":"C11, ","c2":"#f661b9","l3":"C12, ","c3":"#8e4604","l4":"C14, ","c4":"#7b3aa8","l5":"C16, ","c5":"#999f01","l6":"C17, ","c6":"#4d4aba","l7":"C18, ","c7":"#fe6761","l8":"R10, ","c8":"#b0045c","l9":"R11, ","c9":"#126804","l10":"S10, ","c10":"#cf8a11","l11":"S16","c11":"#10a5d2"},"geometry":{"type":"Point","coordinates":[18.601583,49.941174]}},{"type":"Feature","properties":{"lines":"B12, B15, C11, C12, C14, C16, C17, C18, R10, R11, S10, S16","arr":["B12","B15","C11","C12","C14","C16","C17","C18","R10","R11","S10","S16"],"mode":"bus","angle":-50.3,"extra":1,"ei":1,"l0":"B12, ","c0":"#02af5a","l1":"B15, ","c1":"#05617d","l2":"C11, ","c2":"#f661b9","l3":"C12, ","c3":"#8e4604","l4":"C14, ","c4":"#7b3aa8","l5":"C16, ","c5":"#999f01","l6":"C17, ","c6":"#4d4aba","l7":"C18, ","c7":"#fe6761","l8":"R10, ","c8":"#b0045c","l9":"R11, ","c9":"#126804","l10":"S10, ","c10":"#cf8a11","l11":"S16","c11":"#10a5d2"},"geometry":{"type":"Point","coordinates":[18.6061,49.94351]}},{"type":"Feature","properties":{"lines":"B12, C16, C17, C18, S16","arr":["B12","C16","C17","C18","S16"],"mode":"bus","angle":80,"l0":"B12, ","c0":"#02af5a","l1":"C16, ","c1":"#999f01","l2":"C17, ","c2":"#4d4aba","l3":"C18, ","c3":"#fe6761","l4":"S16","c4":"#10a5d2"},"geometry":{"type":"Point","coordinates":[18.598916,49.940931]}},{"type":"Feature","properties":{"lines":"B12, C11, C16, C17, C18, S16","arr":["B12","C11","C16","C17","C18","S16"],"mode":"bus","angle":86.1,"mi":1,"l0":"B12, ","c0":"#02af5a","l1":"C11, ","c1":"#f661b9","l2":"C16, ","c2":"#999f01","l3":"C17, ","c3":"#4d4aba","l4":"C18, ","c4":"#fe6761","l5":"S16","c5":"#10a5d2"},"geometry":{"type":"Point","coordinates":[18.598793,49.941835]}},{"type":"Feature","properties":{"lines":"B12, C11, C16, C17, C18, S16","arr":["B12","C11","C16","C17","C18","S16"],"mode":"bus","angle":-34,"l0":"B12, ","c0":"#02af5a","l1":"C11, ","c1":"#f661b9","l2":"C16, ","c2":"#999f01","l3":"C17, ","c3":"#4d4aba","l4":"C18, ","c4":"#fe6761","l5":"S16","c5":"#10a5d2"},"geometry":{"type":"Point","coordinates":[18.595508,49.941541]}},{"type":"Feature","properties":{"lines":"B12, C11, C16, C17, C18, S16","arr":["B12","C11","C16","C17","C18","S16"],"mode":"bus","angle":-22.9,"extra":1,"ei":0,"l0":"B12, ","c0":"#02af5a","l1":"C11, ","c1":"#f661b9","l2":"C16, ","c2":"#999f01","l3":"C17, ","c3":"#4d4aba","l4":"C18, ","c4":"#fe6761","l5":"S16","c5":"#10a5d2"},"geometry":{"type":"Point","coordinates":[18.593746,49.940899]}},{"type":"Feature","properties":{"lines":"B12, C15, C17, C18, S10, S15, S16","arr":["B12","C15","C17","C18","S10","S15","S16"],"mode":"bus","angle":-88.8,"l0":"B12, ","c0":"#02af5a","l1":"C15, ","c1":"#6895fc","l2":"C17, ","c2":"#4d4aba","l3":"C18, ","c3":"#fe6761","l4":"S10, ","c4":"#cf8a11","l5":"S15, ","c5":"#5a5d02","l6":"S16","c6":"#10a5d2"},"geometry":{"type":"Point","coordinates":[18.590786,49.944864]}},{"type":"Feature","properties":{"lines":"B12, C15, C17, C18, S10, S15, S16","arr":["B12","C15","C17","C18","S10","S15","S16"],"mode":"bus","angle":74.1,"extra":1,"ei":0,"l0":"B12, ","c0":"#02af5a","l1":"C15, ","c1":"#6895fc","l2":"C17, ","c2":"#4d4aba","l3":"C18, ","c3":"#fe6761","l4":"S10, ","c4":"#cf8a11","l5":"S15, ","c5":"#5a5d02","l6":"S16","c6":"#10a5d2"},"geometry":{"type":"Point","coordinates":[18.591953,49.941489]}},{"type":"Feature","properties":{"lines":"B12, C15, C17, C18, S10, S15, S16","arr":["B12","C15","C17","C18","S10","S15","S16"],"mode":"bus","angle":74.6,"extra":1,"ei":1,"l0":"B12, ","c0":"#02af5a","l1":"C15, ","c1":"#6895fc","l2":"C17, ","c2":"#4d4aba","l3":"C18, ","c3":"#fe6761","l4":"S10, ","c4":"#cf8a11","l5":"S15, ","c5":"#5a5d02","l6":"S16","c6":"#10a5d2"},"geometry":{"type":"Point","coordinates":[18.591149,49.943306]}},{"type":"Feature","properties":{"lines":"B12, C15, C17, C18, S10, S15, S16","arr":["B12","C15","C17","C18","S10","S15","S16"],"mode":"bus","angle":-89.3,"extra":1,"ei":2,"l0":"B12, ","c0":"#02af5a","l1":"C15, ","c1":"#6895fc","l2":"C17, ","c2":"#4d4aba","l3":"C18, ","c3":"#fe6761","l4":"S10, ","c4":"#cf8a11","l5":"S15, ","c5":"#5a5d02","l6":"S16","c6":"#10a5d2"},"geometry":{"type":"Point","coordinates":[18.590639,49.947048]}},{"type":"Feature","properties":{"lines":"B12, C15, C17, C18, S10, S15, S16","arr":["B12","C15","C17","C18","S10","S15","S16"],"mode":"bus","angle":63.6,"extra":1,"ei":3,"l0":"B12, ","c0":"#02af5a","l1":"C15, ","c1":"#6895fc","l2":"C17, ","c2":"#4d4aba","l3":"C18, ","c3":"#fe6761","l4":"S10, ","c4":"#cf8a11","l5":"S15, ","c5":"#5a5d02","l6":"S16","c6":"#10a5d2"},"geometry":{"type":"Point","coordinates":[18.590477,49.948879]}},{"type":"Feature","properties":{"lines":"B12, C10, C11, C12, C16, C19, M10, S16","arr":["B12","C10","C11","C12","C16","C19","M10","S16"],"mode":"bus","angle":33.6,"mi":1,"l0":"B12, ","c0":"#02af5a","l1":"C10, ","c1":"#ff627e","l2":"C11, ","c2":"#f661b9","l3":"C12, ","c3":"#8e4604","l4":"C16, ","c4":"#999f01","l5":"C19, ","c5":"#e47e2b","l6":"M10, ","c6":"#126804","l7":"S16","c7":"#10a5d2"},"geometry":{"type":"Point","coordinates":[18.620445,49.951359]}},{"type":"Feature","properties":{"lines":"B12, C10, C11, C12, C16, C19, M10, S16","arr":["B12","C10","C11","C12","C16","C19","M10","S16"],"mode":"bus","angle":26.8,"l0":"B12, ","c0":"#02af5a","l1":"C10, ","c1":"#ff627e","l2":"C11, ","c2":"#f661b9","l3":"C12, ","c3":"#8e4604","l4":"C16, ","c4":"#999f01","l5":"C19, ","c5":"#e47e2b","l6":"M10, ","c6":"#126804","l7":"S16","c7":"#10a5d2"},"geometry":{"type":"Point","coordinates":[18.616229,49.954218]}},{"type":"Feature","properties":{"lines":"B12, C10, C11, C12, C16, C19, M10, S16","arr":["B12","C10","C11","C12","C16","C19","M10","S16"],"mode":"bus","angle":60.7,"extra":1,"ei":0,"l0":"B12, ","c0":"#02af5a","l1":"C10, ","c1":"#ff627e","l2":"C11, ","c2":"#f661b9","l3":"C12, ","c3":"#8e4604","l4":"C16, ","c4":"#999f01","l5":"C19, ","c5":"#e47e2b","l6":"M10, ","c6":"#126804","l7":"S16","c7":"#10a5d2"},"geometry":{"type":"Point","coordinates":[18.621895,49.950583]}},{"type":"Feature","properties":{"lines":"C10, C16, C19, M10, S16","arr":["C10","C16","C19","M10","S16"],"mode":"bus","angle":86.7,"side":-1,"l0":"C10, ","c0":"#ff627e","l1":"C16, ","c1":"#999f01","l2":"C19, ","c2":"#e47e2b","l3":"M10, ","c3":"#126804","l4":"S16","c4":"#10a5d2"},"geometry":{"type":"Point","coordinates":[18.623205,49.949113]}},{"type":"Feature","properties":{"lines":"B12","arr":["B12"],"mode":"bus","angle":-59.2,"side":-1,"mi":1,"l0":"B12","c0":"#02af5a"},"geometry":{"type":"Point","coordinates":[18.665259,49.95863]}},{"type":"Feature","properties":{"lines":"B12","arr":["B12"],"mode":"bus","angle":-65.4,"side":-1,"l0":"B12","c0":"#02af5a"},"geometry":{"type":"Point","coordinates":[18.665073,49.958704]}},{"type":"Feature","properties":{"lines":"B12","arr":["B12"],"mode":"bus","angle":-9.8,"l0":"B12","c0":"#02af5a"},"geometry":{"type":"Point","coordinates":[18.623806,49.949511]}},{"type":"Feature","properties":{"lines":"B12, B14","arr":["B12","B14"],"mode":"bus","angle":64.4,"l0":"B12, ","c0":"#02af5a","l1":"B14","c1":"#9789ff"},"geometry":{"type":"Point","coordinates":[18.634738,49.945853]}},{"type":"Feature","properties":{"lines":"B12, B14","arr":["B12","B14"],"mode":"bus","angle":-43.3,"extra":1,"ei":0,"l0":"B12, ","c0":"#02af5a","l1":"B14","c1":"#9789ff"},"geometry":{"type":"Point","coordinates":[18.624659,49.949879]}},{"type":"Feature","properties":{"lines":"B12, B14","arr":["B12","B14"],"mode":"bus","angle":-9.1,"extra":1,"ei":1,"l0":"B12, ","c0":"#02af5a","l1":"B14","c1":"#9789ff"},"geometry":{"type":"Point","coordinates":[18.626995,49.950977]}},{"type":"Feature","properties":{"lines":"B12, B14","arr":["B12","B14"],"mode":"bus","angle":27.7,"extra":1,"ei":2,"l0":"B12, ","c0":"#02af5a","l1":"B14","c1":"#9789ff"},"geometry":{"type":"Point","coordinates":[18.629867,49.951009]}},{"type":"Feature","properties":{"lines":"B12, B14","arr":["B12","B14"],"mode":"bus","angle":41.3,"extra":1,"ei":3,"l0":"B12, ","c0":"#02af5a","l1":"B14","c1":"#9789ff"},"geometry":{"type":"Point","coordinates":[18.632017,49.94973]}},{"type":"Feature","properties":{"lines":"B12, B14","arr":["B12","B14"],"mode":"bus","angle":56.2,"extra":1,"ei":4,"l0":"B12, ","c0":"#02af5a","l1":"B14","c1":"#9789ff"},"geometry":{"type":"Point","coordinates":[18.633858,49.948267]}},{"type":"Feature","properties":{"lines":"B12, B14","arr":["B12","B14"],"mode":"bus","angle":52.8,"extra":1,"ei":5,"l0":"B12, ","c0":"#02af5a","l1":"B14","c1":"#9789ff"},"geometry":{"type":"Point","coordinates":[18.635896,49.944836]}},{"type":"Feature","properties":{"lines":"B12, B14","arr":["B12","B14"],"mode":"bus","angle":46.5,"extra":1,"ei":6,"l0":"B12, ","c0":"#02af5a","l1":"B14","c1":"#9789ff"},"geometry":{"type":"Point","coordinates":[18.637831,49.943414]}},{"type":"Feature","properties":{"lines":"B12, B14","arr":["B12","B14"],"mode":"bus","angle":42.7,"extra":1,"ei":7,"l0":"B12, ","c0":"#02af5a","l1":"B14","c1":"#9789ff"},"geometry":{"type":"Point","coordinates":[18.639885,49.942063]}},{"type":"Feature","properties":{"lines":"B12, B14","arr":["B12","B14"],"mode":"bus","angle":33,"extra":1,"ei":8,"l0":"B12, ","c0":"#02af5a","l1":"B14","c1":"#9789ff"},"geometry":{"type":"Point","coordinates":[18.642082,49.940816]}},{"type":"Feature","properties":{"lines":"B12, B14","arr":["B12","B14"],"mode":"bus","angle":38.9,"extra":1,"ei":9,"l0":"B12, ","c0":"#02af5a","l1":"B14","c1":"#9789ff"},"geometry":{"type":"Point","coordinates":[18.644778,49.94019]}},{"type":"Feature","properties":{"lines":"B12, B14","arr":["B12","B14"],"mode":"bus","angle":-29,"extra":1,"ei":10,"l0":"B12, ","c0":"#02af5a","l1":"B14","c1":"#9789ff"},"geometry":{"type":"Point","coordinates":[18.647017,49.939604]}},{"type":"Feature","properties":{"lines":"B12","arr":["B12"],"mode":"bus","angle":89.2,"l0":"B12","c0":"#02af5a"},"geometry":{"type":"Point","coordinates":[18.646361,49.93714]}},{"type":"Feature","properties":{"lines":"B12","arr":["B12"],"mode":"bus","angle":89.4,"extra":1,"ei":0,"l0":"B12","c0":"#02af5a"},"geometry":{"type":"Point","coordinates":[18.646338,49.938374]}},{"type":"Feature","properties":{"lines":"B13, B14, B15","arr":["B13","B14","B15"],"mode":"bus","angle":-76.2,"l0":"B13, ","c0":"#992492","l1":"B14, ","c1":"#9789ff","l2":"B15","c2":"#05617d"},"geometry":{"type":"Point","coordinates":[18.647484,49.933239]}},{"type":"Feature","properties":{"lines":"B12, B13, B14, B15","arr":["B12","B13","B14","B15"],"mode":"bus","angle":8.6,"l0":"B12, ","c0":"#02af5a","l1":"B13, ","c1":"#992492","l2":"B14, ","c2":"#9789ff","l3":"B15","c3":"#05617d"},"geometry":{"type":"Point","coordinates":[18.652954,49.943699]}},{"type":"Feature","properties":{"lines":"B12, B13, B14, B15","arr":["B12","B13","B14","B15"],"mode":"bus","angle":78.1,"extra":1,"ei":0,"l0":"B12, ","c0":"#02af5a","l1":"B13, ","c1":"#992492","l2":"B14, ","c2":"#9789ff","l3":"B15","c3":"#05617d"},"geometry":{"type":"Point","coordinates":[18.647076,49.935915]}},{"type":"Feature","properties":{"lines":"B12, B13, B14, B15","arr":["B12","B13","B14","B15"],"mode":"bus","angle":-83.3,"extra":1,"ei":1,"l0":"B12, ","c0":"#02af5a","l1":"B13, ","c1":"#992492","l2":"B14, ","c2":"#9789ff","l3":"B15","c3":"#05617d"},"geometry":{"type":"Point","coordinates":[18.646923,49.937792]}},{"type":"Feature","properties":{"lines":"B12, B13, B14, B15","arr":["B12","B13","B14","B15"],"mode":"bus","angle":-79.5,"extra":1,"ei":2,"l0":"B12, ","c0":"#02af5a","l1":"B13, ","c1":"#992492","l2":"B14, ","c2":"#9789ff","l3":"B15","c3":"#05617d"},"geometry":{"type":"Point","coordinates":[18.647442,49.939651]}},{"type":"Feature","properties":{"lines":"B12, B13, B14, B15","arr":["B12","B13","B14","B15"],"mode":"bus","angle":-78.4,"extra":1,"ei":3,"l0":"B12, ","c0":"#02af5a","l1":"B13, ","c1":"#992492","l2":"B14, ","c2":"#9789ff","l3":"B15","c3":"#05617d"},"geometry":{"type":"Point","coordinates":[18.647981,49.941508]}},{"type":"Feature","properties":{"lines":"B12, B13, B14, B15","arr":["B12","B13","B14","B15"],"mode":"bus","angle":-44.3,"extra":1,"ei":4,"l0":"B12, ","c0":"#02af5a","l1":"B13, ","c1":"#992492","l2":"B14, ","c2":"#9789ff","l3":"B15","c3":"#05617d"},"geometry":{"type":"Point","coordinates":[18.649702,49.942977]}},{"type":"Feature","properties":{"lines":"B12, B13, B14, B15","arr":["B12","B13","B14","B15"],"mode":"bus","angle":8.6,"extra":1,"ei":5,"l0":"B12, ","c0":"#02af5a","l1":"B13, ","c1":"#992492","l2":"B14, ","c2":"#9789ff","l3":"B15","c3":"#05617d"},"geometry":{"type":"Point","coordinates":[18.655138,49.943487]}},{"type":"Feature","properties":{"lines":"B12, B13, B14, B15","arr":["B12","B13","B14","B15"],"mode":"bus","angle":-71.6,"extra":1,"ei":6,"l0":"B12, ","c0":"#02af5a","l1":"B13, ","c1":"#992492","l2":"B14, ","c2":"#9789ff","l3":"B15","c3":"#05617d"},"geometry":{"type":"Point","coordinates":[18.657437,49.944053]}},{"type":"Feature","properties":{"lines":"B12, B13, B14, B15","arr":["B12","B13","B14","B15"],"mode":"bus","angle":-78.4,"extra":1,"ei":7,"l0":"B12, ","c0":"#02af5a","l1":"B13, ","c1":"#992492","l2":"B14, ","c2":"#9789ff","l3":"B15","c3":"#05617d"},"geometry":{"type":"Point","coordinates":[18.658213,49.945872]}},{"type":"Feature","properties":{"lines":"B12, B13, B14, B15","arr":["B12","B13","B14","B15"],"mode":"bus","angle":-42.9,"extra":1,"ei":8,"l0":"B12, ","c0":"#02af5a","l1":"B13, ","c1":"#992492","l2":"B14, ","c2":"#9789ff","l3":"B15","c3":"#05617d"},"geometry":{"type":"Point","coordinates":[18.659632,49.947459]}},{"type":"Feature","properties":{"lines":"B12, B13, B14, B15","arr":["B12","B13","B14","B15"],"mode":"bus","angle":-28.4,"extra":1,"ei":9,"l0":"B12, ","c0":"#02af5a","l1":"B13, ","c1":"#992492","l2":"B14, ","c2":"#9789ff","l3":"B15","c3":"#05617d"},"geometry":{"type":"Point","coordinates":[18.661832,49.948709]}},{"type":"Feature","properties":{"lines":"B12, B13","arr":["B12","B13"],"mode":"bus","angle":-82.3,"l0":"B12, ","c0":"#02af5a","l1":"B13","c1":"#992492"},"geometry":{"type":"Point","coordinates":[18.664079,49.95409]}},{"type":"Feature","properties":{"lines":"B12, B13","arr":["B12","B13"],"mode":"bus","angle":-75.6,"extra":1,"ei":0,"l0":"B12, ","c0":"#02af5a","l1":"B13","c1":"#992492"},"geometry":{"type":"Point","coordinates":[18.664569,49.950834]}},{"type":"Feature","properties":{"lines":"B12, B13","arr":["B12","B13"],"mode":"bus","angle":76.7,"extra":1,"ei":1,"l0":"B12, ","c0":"#02af5a","l1":"B13","c1":"#992492"},"geometry":{"type":"Point","coordinates":[18.664362,49.95269]}},{"type":"Feature","properties":{"lines":"B12, B13","arr":["B12","B13"],"mode":"bus","angle":-82.3,"extra":1,"ei":2,"l0":"B12, ","c0":"#02af5a","l1":"B13","c1":"#992492"},"geometry":{"type":"Point","coordinates":[18.664718,49.95641]}},{"type":"Feature","properties":{"lines":"B12, B13","arr":["B12","B13"],"mode":"bus","angle":-81.3,"extra":1,"ei":3,"l0":"B12, ","c0":"#02af5a","l1":"B13","c1":"#992492"},"geometry":{"type":"Point","coordinates":[18.665098,49.958283]}},{"type":"Feature","properties":{"lines":"B12, C11, C17, C18, S16","arr":["B12","C11","C17","C18","S16"],"mode":"bus","angle":-89.8,"l0":"B12, ","c0":"#02af5a","l1":"C11, ","c1":"#f661b9","l2":"C17, ","c2":"#4d4aba","l3":"C18, ","c3":"#fe6761","l4":"S16","c4":"#10a5d2"},"geometry":{"type":"Point","coordinates":[18.598831,49.940937]}},{"type":"Feature","properties":{"lines":"B12, B15, C11, C12, C17, C18, R10, R11, S10, S16","arr":["B12","B15","C11","C12","C17","C18","R10","R11","S10","S16"],"mode":"bus","angle":-14.3,"side":-1,"l0":"B12, ","c0":"#02af5a","l1":"B15, ","c1":"#05617d","l2":"C11, ","c2":"#f661b9","l3":"C12, ","c3":"#8e4604","l4":"C17, ","c4":"#4d4aba","l5":"C18, ","c5":"#fe6761","l6":"R10, ","c6":"#b0045c","l7":"R11, ","c7":"#126804","l8":"S10, ","c8":"#cf8a11","l9":"S16","c9":"#10a5d2"},"geometry":{"type":"Point","coordinates":[18.599679,49.940631]}},{"type":"Feature","properties":{"lines":"B12, B15, C11, C12, C17, C18, R10, R11, S10","arr":["B12","B15","C11","C12","C17","C18","R10","R11","S10"],"mode":"bus","angle":-46.9,"side":-1,"l0":"B12, ","c0":"#02af5a","l1":"B15, ","c1":"#05617d","l2":"C11, ","c2":"#f661b9","l3":"C12, ","c3":"#8e4604","l4":"C17, ","c4":"#4d4aba","l5":"C18, ","c5":"#fe6761","l6":"R10, ","c6":"#b0045c","l7":"R11, ","c7":"#126804","l8":"S10","c8":"#cf8a11"},"geometry":{"type":"Point","coordinates":[18.606978,49.944104]}},{"type":"Feature","properties":{"lines":"B12, B14, B15, C10, C11, C12, C13, C14, C17, C18, C19, M10, R10, R11, S10, S16, W09, W10","arr":["B12","B14","B15","C10","C11","C12","C13","C14","C17","C18","C19","M10","R10","R11","S10","S16","W09","W10"],"mode":"bus","angle":-2.6,"side":-1,"l0":"B12, ","c0":"#02af5a","l1":"B14, ","c1":"#9789ff","l2":"B15, ","c2":"#05617d","l3":"C10, ","c3":"#ff627e","l4":"C11, ","c4":"#f661b9","l5":"C12, ","c5":"#8e4604","l6":"C13, ","c6":"#52ac3c","l7":"C14, ","c7":"#7b3aa8","l8":"C17, ","c8":"#4d4aba","l9":"C18, ","c9":"#fe6761","l10":"C19, ","c10":"#e47e2b","l11":"M10, ","c11":"#126804","l12":"R10, ","c12":"#b0045c","l13":"R11, ","c13":"#126804","l14":"S10, ","c14":"#cf8a11","l15":"S16, ","c15":"#10a5d2","l16":"W09, ","c16":"#11a2e3","l17":"W10","c17":"#6b5806"},"geometry":{"type":"Point","coordinates":[18.609863,49.945224]}},{"type":"Feature","properties":{"lines":"B12, B14, B15, C10, C11, C12, C13, C14, C16, C17, C18, C19, M10, R10, R11, S10, S16, W09, W10","arr":["B12","B14","B15","C10","C11","C12","C13","C14","C16","C17","C18","C19","M10","R10","R11","S10","S16","W09","W10"],"mode":"bus","angle":5.6,"l0":"B12, ","c0":"#02af5a","l1":"B14, ","c1":"#9789ff","l2":"B15, ","c2":"#05617d","l3":"C10, ","c3":"#ff627e","l4":"C11, ","c4":"#f661b9","l5":"C12, ","c5":"#8e4604","l6":"C13, ","c6":"#52ac3c","l7":"C14, ","c7":"#7b3aa8","l8":"C16, ","c8":"#999f01","l9":"C17, ","c9":"#4d4aba","l10":"C18, ","c10":"#fe6761","l11":"C19, ","c11":"#e47e2b","l12":"M10, ","c12":"#126804","l13":"R10, ","c13":"#b0045c","l14":"R11, ","c14":"#126804","l15":"S10, ","c15":"#cf8a11","l16":"S16, ","c16":"#10a5d2","l17":"W09, ","c17":"#11a2e3","l18":"W10","c18":"#6b5806"},"geometry":{"type":"Point","coordinates":[18.610572,49.94562]}},{"type":"Feature","properties":{"lines":"B13, B14","arr":["B13","B14"],"mode":"bus","angle":37.6,"l0":"B13, ","c0":"#992492","l1":"B14","c1":"#9789ff"},"geometry":{"type":"Point","coordinates":[18.6531,49.926601]}},{"type":"Feature","properties":{"lines":"B13, B14","arr":["B13","B14"],"mode":"bus","angle":81.4,"extra":1,"ei":0,"l0":"B13, ","c0":"#992492","l1":"B14","c1":"#9789ff"},"geometry":{"type":"Point","coordinates":[18.657717,49.922379]}},{"type":"Feature","properties":{"lines":"B13, B14","arr":["B13","B14"],"mode":"bus","angle":66.5,"extra":1,"ei":1,"l0":"B13, ","c0":"#992492","l1":"B14","c1":"#9789ff"},"geometry":{"type":"Point","coordinates":[18.65671,49.924149]}},{"type":"Feature","properties":{"lines":"B13, B14","arr":["B13","B14"],"mode":"bus","angle":39.1,"extra":1,"ei":2,"l0":"B13, ","c0":"#992492","l1":"B14","c1":"#9789ff"},"geometry":{"type":"Point","coordinates":[18.655006,49.925656]}},{"type":"Feature","properties":{"lines":"B13, B14","arr":["B13","B14"],"mode":"bus","angle":53.6,"extra":1,"ei":3,"l0":"B13, ","c0":"#992492","l1":"B14","c1":"#9789ff"},"geometry":{"type":"Point","coordinates":[18.650798,49.928255]}},{"type":"Feature","properties":{"lines":"B13, B14","arr":["B13","B14"],"mode":"bus","angle":47.8,"extra":1,"ei":4,"l0":"B13, ","c0":"#992492","l1":"B14","c1":"#9789ff"},"geometry":{"type":"Point","coordinates":[18.648825,49.92965]}},{"type":"Feature","properties":{"lines":"B13, B14","arr":["B13","B14"],"mode":"bus","angle":71,"extra":1,"ei":5,"l0":"B13, ","c0":"#992492","l1":"B14","c1":"#9789ff"},"geometry":{"type":"Point","coordinates":[18.647277,49.931245]}},{"type":"Feature","properties":{"lines":"B13","arr":["B13"],"mode":"bus","angle":71.5,"l0":"B13","c0":"#992492"},"geometry":{"type":"Point","coordinates":[18.665154,49.958657]}},{"type":"Feature","properties":{"lines":"B13","arr":["B13"],"mode":"bus","angle":18.5,"side":-1,"mi":1,"l0":"B13","c0":"#992492"},"geometry":{"type":"Point","coordinates":[18.664723,49.958627]}},{"type":"Feature","properties":{"lines":"B13, C11, C13, C19","arr":["B13","C11","C13","C19"],"mode":"bus","angle":-34.2,"l0":"B13, ","c0":"#992492","l1":"C11, ","c1":"#f661b9","l2":"C13, ","c2":"#52ac3c","l3":"C19","c3":"#e47e2b"},"geometry":{"type":"Point","coordinates":[18.573399,49.949609]}},{"type":"Feature","properties":{"lines":"B13, C11, C13","arr":["B13","C11","C13"],"mode":"bus","angle":-23.7,"mi":1,"l0":"B13, ","c0":"#992492","l1":"C11, ","c1":"#f661b9","l2":"C13","c2":"#52ac3c"},"geometry":{"type":"Point","coordinates":[18.571245,49.94877]}},{"type":"Feature","properties":{"lines":"B13, C11, C13","arr":["B13","C11","C13"],"mode":"bus","angle":67.6,"l0":"B13, ","c0":"#992492","l1":"C11, ","c1":"#f661b9","l2":"C13","c2":"#52ac3c"},"geometry":{"type":"Point","coordinates":[18.570823,49.948092]}},{"type":"Feature","properties":{"lines":"B13, C11, C13","arr":["B13","C11","C13"],"mode":"bus","angle":-2.8,"mi":2,"l0":"B13, ","c0":"#992492","l1":"C11, ","c1":"#f661b9","l2":"C13","c2":"#52ac3c"},"geometry":{"type":"Point","coordinates":[18.572677,49.947952]}},{"type":"Feature","properties":{"lines":"B14, C10, C11, C12, C19, M10, S16","arr":["B14","C10","C11","C12","C19","M10","S16"],"mode":"bus","angle":-61.7,"side":-1,"l0":"B14, ","c0":"#9789ff","l1":"C10, ","c1":"#ff627e","l2":"C11, ","c2":"#f661b9","l3":"C12, ","c3":"#8e4604","l4":"C19, ","c4":"#e47e2b","l5":"M10, ","c5":"#126804","l6":"S16","c6":"#10a5d2"},"geometry":{"type":"Point","coordinates":[18.623327,49.948982]}},{"type":"Feature","properties":{"lines":"B14, C10, C11, C12, C16, C19, M10, S16","arr":["B14","C10","C11","C12","C16","C19","M10","S16"],"mode":"bus","angle":-4.5,"l0":"B14, ","c0":"#9789ff","l1":"C10, ","c1":"#ff627e","l2":"C11, ","c2":"#f661b9","l3":"C12, ","c3":"#8e4604","l4":"C16, ","c4":"#999f01","l5":"C19, ","c5":"#e47e2b","l6":"M10, ","c6":"#126804","l7":"S16","c7":"#10a5d2"},"geometry":{"type":"Point","coordinates":[18.61846,49.946265]}},{"type":"Feature","properties":{"lines":"B14, C10, C11, C12, C16, C19, M10, S16","arr":["B14","C10","C11","C12","C16","C19","M10","S16"],"mode":"bus","angle":-29.2,"extra":1,"ei":0,"l0":"B14, ","c0":"#9789ff","l1":"C10, ","c1":"#ff627e","l2":"C11, ","c2":"#f661b9","l3":"C12, ","c3":"#8e4604","l4":"C16, ","c4":"#999f01","l5":"C19, ","c5":"#e47e2b","l6":"M10, ","c6":"#126804","l7":"S16","c7":"#10a5d2"},"geometry":{"type":"Point","coordinates":[18.613562,49.945751]}},{"type":"Feature","properties":{"lines":"B14, C10, C11, C12, C16, C19, M10, S16","arr":["B14","C10","C11","C12","C16","C19","M10","S16"],"mode":"bus","angle":-3.3,"extra":1,"ei":1,"l0":"B14, ","c0":"#9789ff","l1":"C10, ","c1":"#ff627e","l2":"C11, ","c2":"#f661b9","l3":"C12, ","c3":"#8e4604","l4":"C16, ","c4":"#999f01","l5":"C19, ","c5":"#e47e2b","l6":"M10, ","c6":"#126804","l7":"S16","c7":"#10a5d2"},"geometry":{"type":"Point","coordinates":[18.616376,49.946182]}},{"type":"Feature","properties":{"lines":"B14, C10, C11, C12, C16, C19, M10, S16","arr":["B14","C10","C11","C12","C16","C19","M10","S16"],"mode":"bus","angle":-44.5,"extra":1,"ei":2,"l0":"B14, ","c0":"#9789ff","l1":"C10, ","c1":"#ff627e","l2":"C11, ","c2":"#f661b9","l3":"C12, ","c3":"#8e4604","l4":"C16, ","c4":"#999f01","l5":"C19, ","c5":"#e47e2b","l6":"M10, ","c6":"#126804","l7":"S16","c7":"#10a5d2"},"geometry":{"type":"Point","coordinates":[18.621907,49.947175]}},{"type":"Feature","properties":{"lines":"B15","arr":["B15"],"mode":"bus","angle":13.9,"l0":"B15","c0":"#05617d"},"geometry":{"type":"Point","coordinates":[18.624379,49.926172]}},{"type":"Feature","properties":{"lines":"B15","arr":["B15"],"mode":"bus","angle":-12.6,"extra":1,"ei":0,"l0":"B15","c0":"#05617d"},"geometry":{"type":"Point","coordinates":[18.645724,49.931285]}},{"type":"Feature","properties":{"lines":"B15","arr":["B15"],"mode":"bus","angle":-29.2,"extra":1,"ei":1,"l0":"B15","c0":"#05617d"},"geometry":{"type":"Point","coordinates":[18.642919,49.930742]}},{"type":"Feature","properties":{"lines":"B15","arr":["B15"],"mode":"bus","angle":-32.1,"extra":1,"ei":2,"l0":"B15","c0":"#05617d"},"geometry":{"type":"Point","coordinates":[18.640417,49.929748]}},{"type":"Feature","properties":{"lines":"B15","arr":["B15"],"mode":"bus","angle":-45.7,"extra":1,"ei":3,"l0":"B15","c0":"#05617d"},"geometry":{"type":"Point","coordinates":[18.638086,49.928606]}},{"type":"Feature","properties":{"lines":"B15","arr":["B15"],"mode":"bus","angle":-47.1,"extra":1,"ei":4,"l0":"B15","c0":"#05617d"},"geometry":{"type":"Point","coordinates":[18.636075,49.927226]}},{"type":"Feature","properties":{"lines":"B15","arr":["B15"],"mode":"bus","angle":-40.2,"extra":1,"ei":5,"l0":"B15","c0":"#05617d"},"geometry":{"type":"Point","coordinates":[18.63404,49.925863]}},{"type":"Feature","properties":{"lines":"B15","arr":["B15"],"mode":"bus","angle":6.6,"extra":1,"ei":6,"l0":"B15","c0":"#05617d"},"geometry":{"type":"Point","coordinates":[18.631272,49.925471]}},{"type":"Feature","properties":{"lines":"B15","arr":["B15"],"mode":"bus","angle":7.3,"extra":1,"ei":7,"l0":"B15","c0":"#05617d"},"geometry":{"type":"Point","coordinates":[18.628355,49.925724]}},{"type":"Feature","properties":{"lines":"B15","arr":["B15"],"mode":"bus","angle":14.4,"extra":1,"ei":8,"l0":"B15","c0":"#05617d"},"geometry":{"type":"Point","coordinates":[18.622589,49.926468]}},{"type":"Feature","properties":{"lines":"B15","arr":["B15"],"mode":"bus","angle":24.1,"extra":1,"ei":9,"l0":"B15","c0":"#05617d"},"geometry":{"type":"Point","coordinates":[18.619759,49.926981]}},{"type":"Feature","properties":{"lines":"B15","arr":["B15"],"mode":"bus","angle":29.7,"extra":1,"ei":10,"l0":"B15","c0":"#05617d"},"geometry":{"type":"Point","coordinates":[18.617198,49.927911]}},{"type":"Feature","properties":{"lines":"B15","arr":["B15"],"mode":"bus","angle":27.7,"extra":1,"ei":11,"l0":"B15","c0":"#05617d"},"geometry":{"type":"Point","coordinates":[18.61465,49.928857]}},{"type":"Feature","properties":{"lines":"B15","arr":["B15"],"mode":"bus","angle":-41.1,"extra":1,"ei":12,"l0":"B15","c0":"#05617d"},"geometry":{"type":"Point","coordinates":[18.612001,49.928531]}},{"type":"Feature","properties":{"lines":"B15","arr":["B15"],"mode":"bus","angle":-26,"extra":1,"ei":13,"l0":"B15","c0":"#05617d"},"geometry":{"type":"Point","coordinates":[18.609793,49.927288]}},{"type":"Feature","properties":{"lines":"B15","arr":["B15"],"mode":"bus","angle":17.9,"extra":1,"ei":14,"l0":"B15","c0":"#05617d"},"geometry":{"type":"Point","coordinates":[18.606954,49.927519]}},{"type":"Feature","properties":{"lines":"B15","arr":["B15"],"mode":"bus","angle":0.1,"extra":1,"ei":15,"l0":"B15","c0":"#05617d"},"geometry":{"type":"Point","coordinates":[18.604088,49.927861]}},{"type":"Feature","properties":{"lines":"B15","arr":["B15"],"mode":"bus","angle":-16.9,"extra":1,"ei":16,"l0":"B15","c0":"#05617d"},"geometry":{"type":"Point","coordinates":[18.601224,49.927485]}},{"type":"Feature","properties":{"lines":"B15, C12, C14, R10, R11","arr":["B15","C12","C14","R10","R11"],"mode":"bus","angle":72.3,"l0":"B15, ","c0":"#05617d","l1":"C12, ","c1":"#8e4604","l2":"C14, ","c2":"#7b3aa8","l3":"R10, ","c3":"#b0045c","l4":"R11","c4":"#126804"},"geometry":{"type":"Point","coordinates":[18.598765,49.933444]}},{"type":"Feature","properties":{"lines":"B15, C12, C14, R10, R11","arr":["B15","C12","C14","R10","R11"],"mode":"bus","angle":77,"l0":"B15, ","c0":"#05617d","l1":"C12, ","c1":"#8e4604","l2":"C14, ","c2":"#7b3aa8","l3":"R10, ","c3":"#b0045c","l4":"R11","c4":"#126804"},"geometry":{"type":"Point","coordinates":[18.599968,49.924152]}},{"type":"Feature","properties":{"lines":"B15, C12, C14, R10, R11","arr":["B15","C12","C14","R10","R11"],"mode":"bus","angle":-89.6,"extra":1,"ei":0,"l0":"B15, ","c0":"#05617d","l1":"C12, ","c1":"#8e4604","l2":"C14, ","c2":"#7b3aa8","l3":"R10, ","c3":"#b0045c","l4":"R11","c4":"#126804"},"geometry":{"type":"Point","coordinates":[18.600134,49.92622]}},{"type":"Feature","properties":{"lines":"B15, C12, C14, R10, R11","arr":["B15","C12","C14","R10","R11"],"mode":"bus","angle":64,"extra":1,"ei":1,"l0":"B15, ","c0":"#05617d","l1":"C12, ","c1":"#8e4604","l2":"C14, ","c2":"#7b3aa8","l3":"R10, ","c3":"#b0045c","l4":"R11","c4":"#126804"},"geometry":{"type":"Point","coordinates":[18.601039,49.922608]}},{"type":"Feature","properties":{"lines":"B15, C12, C14, R10, R11","arr":["B15","C12","C14","R10","R11"],"mode":"bus","angle":58.9,"extra":1,"ei":0,"l0":"B15, ","c0":"#05617d","l1":"C12, ","c1":"#8e4604","l2":"C14, ","c2":"#7b3aa8","l3":"R10, ","c3":"#b0045c","l4":"R11","c4":"#126804"},"geometry":{"type":"Point","coordinates":[18.593904,49.937789]}},{"type":"Feature","properties":{"lines":"B15, C12, C14, R10, R11","arr":["B15","C12","C14","R10","R11"],"mode":"bus","angle":53.6,"extra":1,"ei":1,"l0":"B15, ","c0":"#05617d","l1":"C12, ","c1":"#8e4604","l2":"C14, ","c2":"#7b3aa8","l3":"R10, ","c3":"#b0045c","l4":"R11","c4":"#126804"},"geometry":{"type":"Point","coordinates":[18.59543,49.936174]}},{"type":"Feature","properties":{"lines":"B15, C12, C14, R10, R11","arr":["B15","C12","C14","R10","R11"],"mode":"bus","angle":53.2,"extra":1,"ei":2,"l0":"B15, ","c0":"#05617d","l1":"C12, ","c1":"#8e4604","l2":"C14, ","c2":"#7b3aa8","l3":"R10, ","c3":"#b0045c","l4":"R11","c4":"#126804"},"geometry":{"type":"Point","coordinates":[18.597401,49.934773]}},{"type":"Feature","properties":{"lines":"B15, C12, C14, R10, R11","arr":["B15","C12","C14","R10","R11"],"mode":"bus","angle":87.3,"extra":1,"ei":3,"l0":"B15, ","c0":"#05617d","l1":"C12, ","c1":"#8e4604","l2":"C14, ","c2":"#7b3aa8","l3":"R10, ","c3":"#b0045c","l4":"R11","c4":"#126804"},"geometry":{"type":"Point","coordinates":[18.598712,49.931274]}},{"type":"Feature","properties":{"lines":"B15, C12, C14, R10, R11","arr":["B15","C12","C14","R10","R11"],"mode":"bus","angle":62.2,"extra":1,"ei":4,"l0":"B15, ","c0":"#05617d","l1":"C12, ","c1":"#8e4604","l2":"C14, ","c2":"#7b3aa8","l3":"R10, ","c3":"#b0045c","l4":"R11","c4":"#126804"},"geometry":{"type":"Point","coordinates":[18.599853,49.929564]}},{"type":"Feature","properties":{"lines":"B15, C12, C14, R10, R11","arr":["B15","C12","C14","R10","R11"],"mode":"bus","angle":-81.5,"extra":1,"ei":5,"l0":"B15, ","c0":"#05617d","l1":"C12, ","c1":"#8e4604","l2":"C14, ","c2":"#7b3aa8","l3":"R10, ","c3":"#b0045c","l4":"R11","c4":"#126804"},"geometry":{"type":"Point","coordinates":[18.60015,49.927724]}},{"type":"Feature","properties":{"lines":"B15, C12, C14","arr":["B15","C12","C14"],"mode":"bus","angle":52.7,"l0":"B15, ","c0":"#05617d","l1":"C12, ","c1":"#8e4604","l2":"C14","c2":"#7b3aa8"},"geometry":{"type":"Point","coordinates":[18.602135,49.92312]}},{"type":"Feature","properties":{"lines":"B15, C12, R10, R11","arr":["B15","C12","R10","R11"],"mode":"bus","angle":-83.2,"side":-1,"l0":"B15, ","c0":"#05617d","l1":"C12, ","c1":"#8e4604","l2":"R10, ","c2":"#b0045c","l3":"R11","c3":"#126804"},"geometry":{"type":"Point","coordinates":[18.593056,49.93877]}},{"type":"Feature","properties":{"lines":"B15, C12, R10, R11, S10","arr":["B15","C12","R10","R11","S10"],"mode":"bus","angle":-21.9,"side":-1,"l0":"B15, ","c0":"#05617d","l1":"C12, ","c1":"#8e4604","l2":"R10, ","c2":"#b0045c","l3":"R11, ","c3":"#126804","l4":"S10","c4":"#cf8a11"},"geometry":{"type":"Point","coordinates":[18.595946,49.939792]}},{"type":"Feature","properties":{"lines":"B15, C14, R10, R11, S10","arr":["B15","C14","R10","R11","S10"],"mode":"bus","angle":-24.1,"l0":"B15, ","c0":"#05617d","l1":"C14, ","c1":"#7b3aa8","l2":"R10, ","c2":"#b0045c","l3":"R11, ","c3":"#126804","l4":"S10","c4":"#cf8a11"},"geometry":{"type":"Point","coordinates":[18.596073,49.939926]}},{"type":"Feature","properties":{"lines":"C10, C11, C12, C19, M10, S16","arr":["C10","C11","C12","C19","M10","S16"],"mode":"bus","angle":-3.6,"side":-1,"l0":"C10, ","c0":"#ff627e","l1":"C11, ","c1":"#f661b9","l2":"C12, ","c2":"#8e4604","l3":"C19, ","c3":"#e47e2b","l4":"M10, ","c4":"#126804","l5":"S16","c5":"#10a5d2"},"geometry":{"type":"Point","coordinates":[18.610983,49.945279]}},{"type":"Feature","properties":{"lines":"C10, C13, C17, C19, S11, S13, W10","arr":["C10","C13","C17","C19","S11","S13","W10"],"mode":"bus","angle":-60.8,"l0":"C10, ","c0":"#ff627e","l1":"C13, ","c1":"#52ac3c","l2":"C17, ","c2":"#4d4aba","l3":"C19, ","c3":"#e47e2b","l4":"S11, ","c4":"#05617d","l5":"S13, ","c5":"#1cab97","l6":"W10","c6":"#6b5806"},"geometry":{"type":"Point","coordinates":[18.57477,49.952407]}},{"type":"Feature","properties":{"lines":"C10, C13, C15, C17, S11, S13","arr":["C10","C13","C15","C17","S11","S13"],"mode":"bus","angle":-21.1,"side":-1,"l0":"C10, ","c0":"#ff627e","l1":"C13, ","c1":"#52ac3c","l2":"C15, ","c2":"#6895fc","l3":"C17, ","c3":"#4d4aba","l4":"S11, ","c4":"#05617d","l5":"S13","c5":"#1cab97"},"geometry":{"type":"Point","coordinates":[18.575664,49.954789]}},{"type":"Feature","properties":{"lines":"C10, C13, C15, C17, S13","arr":["C10","C13","C15","C17","S13"],"mode":"bus","angle":-77.2,"mi":5,"l0":"C10, ","c0":"#ff627e","l1":"C13, ","c1":"#52ac3c","l2":"C15, ","c2":"#6895fc","l3":"C17, ","c3":"#4d4aba","l4":"S13","c4":"#1cab97"},"geometry":{"type":"Point","coordinates":[18.575291,49.960584]}},{"type":"Feature","properties":{"lines":"C10, C13, C15, C17, S13","arr":["C10","C13","C15","C17","S13"],"mode":"bus","angle":85.7,"extra":1,"ei":0,"l0":"C10, ","c0":"#ff627e","l1":"C13, ","c1":"#52ac3c","l2":"C15, ","c2":"#6895fc","l3":"C17, ","c3":"#4d4aba","l4":"S13","c4":"#1cab97"},"geometry":{"type":"Point","coordinates":[18.575462,49.96551]}},{"type":"Feature","properties":{"lines":"C10, C13, C15, C17, S13","arr":["C10","C13","C15","C17","S13"],"mode":"bus","angle":89.3,"extra":1,"ei":1,"l0":"C10, ","c0":"#ff627e","l1":"C13, ","c1":"#52ac3c","l2":"C15, ","c2":"#6895fc","l3":"C17, ","c3":"#4d4aba","l4":"S13","c4":"#1cab97"},"geometry":{"type":"Point","coordinates":[18.575651,49.963626]}},{"type":"Feature","properties":{"lines":"C10, C13, C15, C17, S13","arr":["C10","C13","C15","C17","S13"],"mode":"bus","angle":-83.1,"extra":1,"ei":2,"l0":"C10, ","c0":"#ff627e","l1":"C13, ","c1":"#52ac3c","l2":"C15, ","c2":"#6895fc","l3":"C17, ","c3":"#4d4aba","l4":"S13","c4":"#1cab97"},"geometry":{"type":"Point","coordinates":[18.575535,49.961743]}},{"type":"Feature","properties":{"lines":"C10, C13, C15, C17, S13","arr":["C10","C13","C15","C17","S13"],"mode":"bus","angle":76.5,"extra":1,"ei":3,"l0":"C10, ","c0":"#ff627e","l1":"C13, ","c1":"#52ac3c","l2":"C15, ","c2":"#6895fc","l3":"C17, ","c3":"#4d4aba","l4":"S13","c4":"#1cab97"},"geometry":{"type":"Point","coordinates":[18.574717,49.958079]}},{"type":"Feature","properties":{"lines":"C10, C13, C15, C17, S13","arr":["C10","C13","C15","C17","S13"],"mode":"bus","angle":69.3,"extra":1,"ei":4,"l0":"C10, ","c0":"#ff627e","l1":"C13, ","c1":"#52ac3c","l2":"C15, ","c2":"#6895fc","l3":"C17, ","c3":"#4d4aba","l4":"S13","c4":"#1cab97"},"geometry":{"type":"Point","coordinates":[18.575655,49.956291]}},{"type":"Feature","properties":{"lines":"C10, C13, C15, C17, S13","arr":["C10","C13","C15","C17","S13"],"mode":"bus","angle":-65.4,"mi":3,"l0":"C10, ","c0":"#ff627e","l1":"C13, ","c1":"#52ac3c","l2":"C15, ","c2":"#6895fc","l3":"C17, ","c3":"#4d4aba","l4":"S13","c4":"#1cab97"},"geometry":{"type":"Point","coordinates":[18.57465,49.965394]}},{"type":"Feature","properties":{"lines":"C10, C13, C15, C17, S13","arr":["C10","C13","C15","C17","S13"],"mode":"bus","angle":37.1,"mi":1,"l0":"C10, ","c0":"#ff627e","l1":"C13, ","c1":"#52ac3c","l2":"C15, ","c2":"#6895fc","l3":"C17, ","c3":"#4d4aba","l4":"S13","c4":"#1cab97"},"geometry":{"type":"Point","coordinates":[18.5734,49.96476]}},{"type":"Feature","properties":{"lines":"C10, C13, C15, C17, S13","arr":["C10","C13","C15","C17","S13"],"mode":"bus","angle":-80,"l0":"C10, ","c0":"#ff627e","l1":"C13, ","c1":"#52ac3c","l2":"C15, ","c2":"#6895fc","l3":"C17, ","c3":"#4d4aba","l4":"S13","c4":"#1cab97"},"geometry":{"type":"Point","coordinates":[18.57123,49.963213]}},{"type":"Feature","properties":{"lines":"C10, C13, C15, C17, S13","arr":["C10","C13","C15","C17","S13"],"mode":"bus","angle":-46,"mi":4,"l0":"C10, ","c0":"#ff627e","l1":"C13, ","c1":"#52ac3c","l2":"C15, ","c2":"#6895fc","l3":"C17, ","c3":"#4d4aba","l4":"S13","c4":"#1cab97"},"geometry":{"type":"Point","coordinates":[18.565993,49.963728]}},{"type":"Feature","properties":{"lines":"C10, C13, C15, C17, S13","arr":["C10","C13","C15","C17","S13"],"mode":"bus","angle":39.4,"mi":2,"l0":"C10, ","c0":"#ff627e","l1":"C13, ","c1":"#52ac3c","l2":"C15, ","c2":"#6895fc","l3":"C17, ","c3":"#4d4aba","l4":"S13","c4":"#1cab97"},"geometry":{"type":"Point","coordinates":[18.568567,49.962058]}},{"type":"Feature","properties":{"lines":"C11, C15","arr":["C11","C15"],"mode":"bus","angle":-70.2,"l0":"C11, ","c0":"#f661b9","l1":"C15","c1":"#6895fc"},"geometry":{"type":"Point","coordinates":[18.58535,49.936664]}},{"type":"Feature","properties":{"lines":"C11, C12, C14, C15, C16, R10, R11, S11, S16","arr":["C11","C12","C14","C15","C16","R10","R11","S11","S16"],"mode":"bus","angle":-87.2,"l0":"C11, ","c0":"#f661b9","l1":"C12, ","c1":"#8e4604","l2":"C14, ","c2":"#7b3aa8","l3":"C15, ","c3":"#6895fc","l4":"C16, ","c4":"#999f01","l5":"R10, ","c5":"#b0045c","l6":"R11, ","c6":"#126804","l7":"S11, ","c7":"#05617d","l8":"S16","c8":"#10a5d2"},"geometry":{"type":"Point","coordinates":[18.584289,49.93729]}},{"type":"Feature","properties":{"lines":"C11, C12, C14, C15, C16, S15","arr":["C11","C12","C14","C15","C16","S15"],"mode":"bus","angle":-10.6,"l0":"C11, ","c0":"#f661b9","l1":"C12, ","c1":"#8e4604","l2":"C14, ","c2":"#7b3aa8","l3":"C15, ","c3":"#6895fc","l4":"C16, ","c4":"#999f01","l5":"S15","c5":"#5a5d02"},"geometry":{"type":"Point","coordinates":[18.588169,49.93781]}},{"type":"Feature","properties":{"lines":"C11, C12, C14, C15, C16, S15","arr":["C11","C12","C14","C15","C16","S15"],"mode":"bus","angle":0.9,"extra":1,"ei":0,"l0":"C11, ","c0":"#f661b9","l1":"C12, ","c1":"#8e4604","l2":"C14, ","c2":"#7b3aa8","l3":"C15, ","c3":"#6895fc","l4":"C16, ","c4":"#999f01","l5":"S15","c5":"#5a5d02"},"geometry":{"type":"Point","coordinates":[18.585856,49.937704]}},{"type":"Feature","properties":{"lines":"C11, C12, C14, C15, C16, S15","arr":["C11","C12","C14","C15","C16","S15"],"mode":"bus","angle":-22.4,"extra":1,"ei":1,"l0":"C11, ","c0":"#f661b9","l1":"C12, ","c1":"#8e4604","l2":"C14, ","c2":"#7b3aa8","l3":"C15, ","c3":"#6895fc","l4":"C16, ","c4":"#999f01","l5":"S15","c5":"#5a5d02"},"geometry":{"type":"Point","coordinates":[18.59156,49.938497]}},{"type":"Feature","properties":{"lines":"C11, C12, C15, S15","arr":["C11","C12","C15","S15"],"mode":"bus","angle":-19.5,"side":-1,"l0":"C11, ","c0":"#f661b9","l1":"C12, ","c1":"#8e4604","l2":"C15, ","c2":"#6895fc","l3":"S15","c3":"#5a5d02"},"geometry":{"type":"Point","coordinates":[18.592053,49.938599]}},{"type":"Feature","properties":{"lines":"C11, C15, C16, S10, S15","arr":["C11","C15","C16","S10","S15"],"mode":"bus","angle":81,"l0":"C11, ","c0":"#f661b9","l1":"C15, ","c1":"#6895fc","l2":"C16, ","c2":"#999f01","l3":"S10, ","c3":"#cf8a11","l4":"S15","c4":"#5a5d02"},"geometry":{"type":"Point","coordinates":[18.592658,49.939898]}},{"type":"Feature","properties":{"lines":"C11","arr":["C11"],"mode":"bus","angle":-79.2,"l0":"C11","c0":"#f661b9"},"geometry":{"type":"Point","coordinates":[18.564924,49.946482]}},{"type":"Feature","properties":{"lines":"C11, C13","arr":["C11","C13"],"mode":"bus","angle":68.5,"l0":"C11, ","c0":"#f661b9","l1":"C13","c1":"#52ac3c"},"geometry":{"type":"Point","coordinates":[18.571282,49.94851]}},{"type":"Feature","properties":{"lines":"C13","arr":["C13"],"mode":"bus","angle":86,"l0":"C13","c0":"#52ac3c"},"geometry":{"type":"Point","coordinates":[18.572066,49.948726]}},{"type":"Feature","properties":{"lines":"C11, C16, S15, S16","arr":["C11","C16","S15","S16"],"mode":"bus","angle":67.5,"l0":"C11, ","c0":"#f661b9","l1":"C16, ","c1":"#999f01","l2":"S15, ","c2":"#5a5d02","l3":"S16","c3":"#10a5d2"},"geometry":{"type":"Point","coordinates":[18.583315,49.941823]}},{"type":"Feature","properties":{"lines":"C11, C16, S15, S16","arr":["C11","C16","S15","S16"],"mode":"bus","angle":48.8,"extra":1,"ei":0,"l0":"C11, ","c0":"#f661b9","l1":"C16, ","c1":"#999f01","l2":"S15, ","c2":"#5a5d02","l3":"S16","c3":"#10a5d2"},"geometry":{"type":"Point","coordinates":[18.580235,49.944371]}},{"type":"Feature","properties":{"lines":"C11, C16, S15, S16","arr":["C11","C16","S15","S16"],"mode":"bus","angle":51.5,"extra":1,"ei":1,"l0":"C11, ","c0":"#f661b9","l1":"C16, ","c1":"#999f01","l2":"S15, ","c2":"#5a5d02","l3":"S16","c3":"#10a5d2"},"geometry":{"type":"Point","coordinates":[18.582178,49.942952]}},{"type":"Feature","properties":{"lines":"C11, C16, S15, S16","arr":["C11","C16","S15","S16"],"mode":"bus","angle":80.2,"extra":1,"ei":2,"l0":"C11, ","c0":"#f661b9","l1":"C16, ","c1":"#999f01","l2":"S15, ","c2":"#5a5d02","l3":"S16","c3":"#10a5d2"},"geometry":{"type":"Point","coordinates":[18.584281,49.939482]}},{"type":"Feature","properties":{"lines":"C12, C14","arr":["C12","C14"],"mode":"bus","angle":-59.8,"l0":"C12, ","c0":"#8e4604","l1":"C14","c1":"#7b3aa8"},"geometry":{"type":"Point","coordinates":[18.577676,49.934716]}},{"type":"Feature","properties":{"lines":"C12, C14","arr":["C12","C14"],"mode":"bus","angle":-47.7,"extra":1,"ei":0,"l0":"C12, ","c0":"#8e4604","l1":"C14","c1":"#7b3aa8"},"geometry":{"type":"Point","coordinates":[18.583171,49.93619]}},{"type":"Feature","properties":{"lines":"C12, C14","arr":["C12","C14"],"mode":"bus","angle":-0.6,"extra":1,"ei":1,"l0":"C12, ","c0":"#8e4604","l1":"C14","c1":"#7b3aa8"},"geometry":{"type":"Point","coordinates":[18.580749,49.935453]}},{"type":"Feature","properties":{"lines":"C12, C14","arr":["C12","C14"],"mode":"bus","angle":-57.3,"extra":1,"ei":2,"l0":"C12, ","c0":"#8e4604","l1":"C14","c1":"#7b3aa8"},"geometry":{"type":"Point","coordinates":[18.576482,49.933483]}},{"type":"Feature","properties":{"lines":"C12, C14","arr":["C12","C14"],"mode":"bus","angle":-65.6,"extra":1,"ei":3,"l0":"C12, ","c0":"#8e4604","l1":"C14","c1":"#7b3aa8"},"geometry":{"type":"Point","coordinates":[18.57529,49.931764]}},{"type":"Feature","properties":{"lines":"C12","arr":["C12"],"mode":"bus","angle":-20.5,"side":-1,"l0":"C12","c0":"#8e4604"},"geometry":{"type":"Point","coordinates":[18.547775,49.936954]}},{"type":"Feature","properties":{"lines":"C12","arr":["C12"],"mode":"bus","angle":12,"side":-1,"l0":"C12","c0":"#8e4604"},"geometry":{"type":"Point","coordinates":[18.592713,49.938652]}},{"type":"Feature","properties":{"lines":"C12, C13, C14","arr":["C12","C13","C14"],"mode":"bus","angle":45,"l0":"C12, ","c0":"#8e4604","l1":"C13, ","c1":"#52ac3c","l2":"C14","c2":"#7b3aa8"},"geometry":{"type":"Point","coordinates":[18.598428,49.948472]}},{"type":"Feature","properties":{"lines":"C12, C13, C14","arr":["C12","C13","C14"],"mode":"bus","angle":74.5,"extra":1,"ei":0,"l0":"C12, ","c0":"#8e4604","l1":"C13, ","c1":"#52ac3c","l2":"C14","c2":"#7b3aa8"},"geometry":{"type":"Point","coordinates":[18.599697,49.947491]}},{"type":"Feature","properties":{"lines":"C12, C13, C14","arr":["C12","C13","C14"],"mode":"bus","angle":-1.4,"mi":1,"l0":"C12, ","c0":"#8e4604","l1":"C13, ","c1":"#52ac3c","l2":"C14","c2":"#7b3aa8"},"geometry":{"type":"Point","coordinates":[18.600128,49.947259]}},{"type":"Feature","properties":{"lines":"C13, C14","arr":["C13","C14"],"mode":"bus","angle":9.7,"mi":1,"l0":"C13, ","c0":"#52ac3c","l1":"C14","c1":"#7b3aa8"},"geometry":{"type":"Point","coordinates":[18.603486,49.947271]}},{"type":"Feature","properties":{"lines":"C12, C14","arr":["C12","C14"],"mode":"bus","angle":32,"l0":"C12, ","c0":"#8e4604","l1":"C14","c1":"#7b3aa8"},"geometry":{"type":"Point","coordinates":[18.561006,49.93371]}},{"type":"Feature","properties":{"lines":"C12, C14","arr":["C12","C14"],"mode":"bus","angle":8.5,"extra":1,"ei":0,"l0":"C12, ","c0":"#8e4604","l1":"C14","c1":"#7b3aa8"},"geometry":{"type":"Point","coordinates":[18.549649,49.936857]}},{"type":"Feature","properties":{"lines":"C12, C14","arr":["C12","C14"],"mode":"bus","angle":18.8,"extra":1,"ei":1,"l0":"C12, ","c0":"#8e4604","l1":"C14","c1":"#7b3aa8"},"geometry":{"type":"Point","coordinates":[18.552457,49.936303]}},{"type":"Feature","properties":{"lines":"C12, C14","arr":["C12","C14"],"mode":"bus","angle":11.1,"extra":1,"ei":2,"l0":"C12, ","c0":"#8e4604","l1":"C14","c1":"#7b3aa8"},"geometry":{"type":"Point","coordinates":[18.555277,49.935771]}},{"type":"Feature","properties":{"lines":"C12, C14","arr":["C12","C14"],"mode":"bus","angle":31.9,"extra":1,"ei":3,"l0":"C12, ","c0":"#8e4604","l1":"C14","c1":"#7b3aa8"},"geometry":{"type":"Point","coordinates":[18.557902,49.934961]}},{"type":"Feature","properties":{"lines":"C12, C14","arr":["C12","C14"],"mode":"bus","angle":38.5,"extra":1,"ei":4,"l0":"C12, ","c0":"#8e4604","l1":"C14","c1":"#7b3aa8"},"geometry":{"type":"Point","coordinates":[18.562794,49.932867]}},{"type":"Feature","properties":{"lines":"C12, C14","arr":["C12","C14"],"mode":"bus","angle":36.7,"extra":1,"ei":5,"l0":"C12, ","c0":"#8e4604","l1":"C14","c1":"#7b3aa8"},"geometry":{"type":"Point","coordinates":[18.565079,49.931676]}},{"type":"Feature","properties":{"lines":"C12, C14","arr":["C12","C14"],"mode":"bus","angle":14.8,"extra":1,"ei":6,"l0":"C12, ","c0":"#8e4604","l1":"C14","c1":"#7b3aa8"},"geometry":{"type":"Point","coordinates":[18.567827,49.931042]}},{"type":"Feature","properties":{"lines":"C12, C14","arr":["C12","C14"],"mode":"bus","angle":10,"extra":1,"ei":7,"l0":"C12, ","c0":"#8e4604","l1":"C14","c1":"#7b3aa8"},"geometry":{"type":"Point","coordinates":[18.570684,49.930586]}},{"type":"Feature","properties":{"lines":"C13, C14","arr":["C13","C14"],"mode":"bus","angle":64.2,"side":-1,"l0":"C13, ","c0":"#52ac3c","l1":"C14","c1":"#7b3aa8"},"geometry":{"type":"Point","coordinates":[18.597058,49.949969]}},{"type":"Feature","properties":{"lines":"C13, S10","arr":["C13","S10"],"mode":"bus","angle":-6.3,"l0":"C13, ","c0":"#52ac3c","l1":"S10","c1":"#cf8a11"},"geometry":{"type":"Point","coordinates":[18.610402,49.945323]}},{"type":"Feature","properties":{"lines":"C14, C15, C16, S15","arr":["C14","C15","C16","S15"],"mode":"bus","angle":-36.2,"l0":"C14, ","c0":"#7b3aa8","l1":"C15, ","c1":"#6895fc","l2":"C16, ","c2":"#999f01","l3":"S15","c3":"#5a5d02"},"geometry":{"type":"Point","coordinates":[18.592162,49.938719]}},{"type":"Feature","properties":{"lines":"C14","arr":["C14"],"mode":"bus","angle":0.2,"l0":"C14","c0":"#7b3aa8"},"geometry":{"type":"Point","coordinates":[18.547777,49.937028]}},{"type":"Feature","properties":{"lines":"C15, S11, S13","arr":["C15","S11","S13"],"mode":"bus","angle":-17.3,"l0":"C15, ","c0":"#6895fc","l1":"S11, ","c1":"#05617d","l2":"S13","c2":"#1cab97"},"geometry":{"type":"Point","coordinates":[18.591995,49.959804]}},{"type":"Feature","properties":{"lines":"C15, S11, S13","arr":["C15","S11","S13"],"mode":"bus","angle":3.3,"extra":1,"ei":0,"l0":"C15, ","c0":"#6895fc","l1":"S11, ","c1":"#05617d","l2":"S13","c2":"#1cab97"},"geometry":{"type":"Point","coordinates":[18.607449,49.957665]}},{"type":"Feature","properties":{"lines":"C15, S11, S13","arr":["C15","S11","S13"],"mode":"bus","angle":2.9,"extra":1,"ei":1,"l0":"C15, ","c0":"#6895fc","l1":"S11, ","c1":"#05617d","l2":"S13","c2":"#1cab97"},"geometry":{"type":"Point","coordinates":[18.60451,49.95777]}},{"type":"Feature","properties":{"lines":"C15, S11, S13","arr":["C15","S11","S13"],"mode":"bus","angle":3.3,"extra":1,"ei":2,"l0":"C15, ","c0":"#6895fc","l1":"S11, ","c1":"#05617d","l2":"S13","c2":"#1cab97"},"geometry":{"type":"Point","coordinates":[18.60157,49.957876]}},{"type":"Feature","properties":{"lines":"C15, S11, S13","arr":["C15","S11","S13"],"mode":"bus","angle":45.4,"extra":1,"ei":3,"l0":"C15, ","c0":"#6895fc","l1":"S11, ","c1":"#05617d","l2":"S13","c2":"#1cab97"},"geometry":{"type":"Point","coordinates":[18.599189,49.958826]}},{"type":"Feature","properties":{"lines":"C15, S11, S13","arr":["C15","S11","S13"],"mode":"bus","angle":17.3,"extra":1,"ei":4,"l0":"C15, ","c0":"#6895fc","l1":"S11, ","c1":"#05617d","l2":"S13","c2":"#1cab97"},"geometry":{"type":"Point","coordinates":[18.59651,49.959548]}},{"type":"Feature","properties":{"lines":"C15, S11, S13","arr":["C15","S11","S13"],"mode":"bus","angle":5,"extra":1,"ei":5,"l0":"C15, ","c0":"#6895fc","l1":"S11, ","c1":"#05617d","l2":"S13","c2":"#1cab97"},"geometry":{"type":"Point","coordinates":[18.587925,49.959529]}},{"type":"Feature","properties":{"lines":"C15, S11, S13","arr":["C15","S11","S13"],"mode":"bus","angle":-26.4,"extra":1,"ei":6,"l0":"C15, ","c0":"#6895fc","l1":"S11, ","c1":"#05617d","l2":"S13","c2":"#1cab97"},"geometry":{"type":"Point","coordinates":[18.585169,49.958971]}},{"type":"Feature","properties":{"lines":"C15, S11, S13","arr":["C15","S11","S13"],"mode":"bus","angle":-27.8,"extra":1,"ei":7,"l0":"C15, ","c0":"#6895fc","l1":"S11, ","c1":"#05617d","l2":"S13","c2":"#1cab97"},"geometry":{"type":"Point","coordinates":[18.58254,49.958121]}},{"type":"Feature","properties":{"lines":"C15, S11, S13","arr":["C15","S11","S13"],"mode":"bus","angle":-31.8,"extra":1,"ei":8,"l0":"C15, ","c0":"#6895fc","l1":"S11, ","c1":"#05617d","l2":"S13","c2":"#1cab97"},"geometry":{"type":"Point","coordinates":[18.579995,49.957173]}},{"type":"Feature","properties":{"lines":"C15, S11, S13","arr":["C15","S11","S13"],"mode":"bus","angle":-45.6,"extra":1,"ei":9,"l0":"C15, ","c0":"#6895fc","l1":"S11, ","c1":"#05617d","l2":"S13","c2":"#1cab97"},"geometry":{"type":"Point","coordinates":[18.577903,49.955859]}},{"type":"Feature","properties":{"lines":"C15","arr":["C15"],"mode":"bus","angle":-10.4,"l0":"C15","c0":"#6895fc"},"geometry":{"type":"Point","coordinates":[18.614199,49.958397]}},{"type":"Feature","properties":{"lines":"C15","arr":["C15"],"mode":"bus","angle":-11.5,"extra":1,"ei":0,"l0":"C15","c0":"#6895fc"},"geometry":{"type":"Point","coordinates":[18.610354,49.957902]}},{"type":"Feature","properties":{"lines":"C15","arr":["C15"],"mode":"bus","angle":6.1,"extra":1,"ei":1,"l0":"C15","c0":"#6895fc"},"geometry":{"type":"Point","coordinates":[18.616155,49.958433]}},{"type":"Feature","properties":{"lines":"C15","arr":["C15"],"mode":"bus","angle":-28.4,"extra":1,"ei":2,"l0":"C15","c0":"#6895fc"},"geometry":{"type":"Point","coordinates":[18.618968,49.958782]}},{"type":"Feature","properties":{"lines":"C19","arr":["C19"],"mode":"bus","angle":-71.6,"l0":"C19","c0":"#e47e2b"},"geometry":{"type":"Point","coordinates":[18.568566,49.960153]}},{"type":"Feature","properties":{"lines":"C19, S13","arr":["C19","S13"],"mode":"bus","angle":79.8,"l0":"C19, ","c0":"#e47e2b","l1":"S13","c1":"#1cab97"},"geometry":{"type":"Point","coordinates":[18.570632,49.957998]}},{"type":"Feature","properties":{"lines":"C19, S13","arr":["C19","S13"],"mode":"bus","angle":89,"extra":1,"ei":0,"l0":"C19, ","c0":"#e47e2b","l1":"S13","c1":"#1cab97"},"geometry":{"type":"Point","coordinates":[18.570911,49.956734]}},{"type":"Feature","properties":{"lines":"C19, W10","arr":["C19","W10"],"mode":"bus","angle":-7.4,"l0":"C19, ","c0":"#e47e2b","l1":"W10","c1":"#6b5806"},"geometry":{"type":"Point","coordinates":[18.566829,49.955065]}},{"type":"Feature","properties":{"lines":"C19, W10","arr":["C19","W10"],"mode":"bus","angle":-14.2,"extra":1,"ei":0,"l0":"C19, ","c0":"#e47e2b","l1":"W10","c1":"#6b5806"},"geometry":{"type":"Point","coordinates":[18.569388,49.955615]}},{"type":"Feature","properties":{"lines":"C19, W10","arr":["C19","W10"],"mode":"bus","angle":44.1,"extra":1,"ei":1,"l0":"C19, ","c0":"#e47e2b","l1":"W10","c1":"#6b5806"},"geometry":{"type":"Point","coordinates":[18.56396,49.955738]}},{"type":"Feature","properties":{"lines":"C19, S13, W10","arr":["C19","S13","W10"],"mode":"bus","angle":-63.6,"l0":"C19, ","c0":"#e47e2b","l1":"S13, ","c1":"#1cab97","l2":"W10","c2":"#6b5806"},"geometry":{"type":"Point","coordinates":[18.572646,49.954977]}},{"type":"Feature","properties":{"lines":"L-1, L-2, L-4, L-5, L-6","arr":["L-1","L-2","L-4","L-5","L-6"],"mode":"bus","angle":86,"side":-1,"l0":"L-1, ","c0":"#f57145","l1":"L-2, ","c1":"#7c5001","l2":"L-4, ","c2":"#10a5d2","l3":"L-5, ","c3":"#0357b2","l4":"L-6","c4":"#066559"},"geometry":{"type":"Point","coordinates":[18.718011,49.960859]}},{"type":"Feature","properties":{"lines":"L-1, L-2, L-5, L-6","arr":["L-1","L-2","L-5","L-6"],"mode":"bus","angle":-80.3,"l0":"L-1, ","c0":"#f57145","l1":"L-2, ","c1":"#7c5001","l2":"L-5, ","c2":"#0357b2","l3":"L-6","c3":"#066559"},"geometry":{"type":"Point","coordinates":[18.717016,49.953228]}},{"type":"Feature","properties":{"lines":"L-1, L-2, L-5, L-6","arr":["L-1","L-2","L-5","L-6"],"mode":"bus","angle":-54.6,"extra":1,"ei":0,"l0":"L-1, ","c0":"#f57145","l1":"L-2, ","c1":"#7c5001","l2":"L-5, ","c2":"#0357b2","l3":"L-6","c3":"#066559"},"geometry":{"type":"Point","coordinates":[18.713248,49.946569]}},{"type":"Feature","properties":{"lines":"L-1, L-2, L-5, L-6","arr":["L-1","L-2","L-5","L-6"],"mode":"bus","angle":-67.2,"extra":1,"ei":1,"l0":"L-1, ","c0":"#f57145","l1":"L-2, ","c1":"#7c5001","l2":"L-5, ","c2":"#0357b2","l3":"L-6","c3":"#066559"},"geometry":{"type":"Point","coordinates":[18.714532,49.948263]}},{"type":"Feature","properties":{"lines":"L-1, L-2, L-5, L-6","arr":["L-1","L-2","L-5","L-6"],"mode":"bus","angle":-67,"extra":1,"ei":2,"l0":"L-1, ","c0":"#f57145","l1":"L-2, ","c1":"#7c5001","l2":"L-5, ","c2":"#0357b2","l3":"L-6","c3":"#066559"},"geometry":{"type":"Point","coordinates":[18.715673,49.950004]}},{"type":"Feature","properties":{"lines":"L-1, L-2, L-5, L-6","arr":["L-1","L-2","L-5","L-6"],"mode":"bus","angle":-80.4,"extra":1,"ei":3,"l0":"L-1, ","c0":"#f57145","l1":"L-2, ","c1":"#7c5001","l2":"L-5, ","c2":"#0357b2","l3":"L-6","c3":"#066559"},"geometry":{"type":"Point","coordinates":[18.716647,49.951778]}},{"type":"Feature","properties":{"lines":"L-1, L-2, L-5, L-6","arr":["L-1","L-2","L-5","L-6"],"mode":"bus","angle":-71.9,"extra":1,"ei":4,"l0":"L-1, ","c0":"#f57145","l1":"L-2, ","c1":"#7c5001","l2":"L-5, ","c2":"#0357b2","l3":"L-6","c3":"#066559"},"geometry":{"type":"Point","coordinates":[18.717976,49.955449]}},{"type":"Feature","properties":{"lines":"L-1, L-2, L-5, L-6","arr":["L-1","L-2","L-5","L-6"],"mode":"bus","angle":71.8,"extra":1,"ei":5,"l0":"L-1, ","c0":"#f57145","l1":"L-2, ","c1":"#7c5001","l2":"L-5, ","c2":"#0357b2","l3":"L-6","c3":"#066559"},"geometry":{"type":"Point","coordinates":[18.718242,49.957291]}},{"type":"Feature","properties":{"lines":"L-1, L-2, L-5, L-6","arr":["L-1","L-2","L-5","L-6"],"mode":"bus","angle":-85.7,"extra":1,"ei":6,"l0":"L-1, ","c0":"#f57145","l1":"L-2, ","c1":"#7c5001","l2":"L-5, ","c2":"#0357b2","l3":"L-6","c3":"#066559"},"geometry":{"type":"Point","coordinates":[18.717879,49.959132]}},{"type":"Feature","properties":{"lines":"L-1, L-2, L-5, L-6","arr":["L-1","L-2","L-5","L-6"],"mode":"bus","angle":-82.4,"side":-1,"extra":1,"ei":7,"l0":"L-1, ","c0":"#f57145","l1":"L-2, ","c1":"#7c5001","l2":"L-5, ","c2":"#0357b2","l3":"L-6","c3":"#066559"},"geometry":{"type":"Point","coordinates":[18.718112,49.961012]}},{"type":"Feature","properties":{"lines":"L-1, L-2, L-6","arr":["L-1","L-2","L-6"],"mode":"bus","angle":-50.2,"l0":"L-1, ","c0":"#f57145","l1":"L-2, ","c1":"#7c5001","l2":"L-6","c2":"#066559"},"geometry":{"type":"Point","coordinates":[18.708184,49.942571]}},{"type":"Feature","properties":{"lines":"L-1, L-2, L-6","arr":["L-1","L-2","L-6"],"mode":"bus","angle":-50.6,"extra":1,"ei":0,"l0":"L-1, ","c0":"#f57145","l1":"L-2, ","c1":"#7c5001","l2":"L-6","c2":"#066559"},"geometry":{"type":"Point","coordinates":[18.705185,49.940227]}},{"type":"Feature","properties":{"lines":"L-1, L-2, L-6","arr":["L-1","L-2","L-6"],"mode":"bus","angle":-50.4,"extra":1,"ei":1,"l0":"L-1, ","c0":"#f57145","l1":"L-2, ","c1":"#7c5001","l2":"L-6","c2":"#066559"},"geometry":{"type":"Point","coordinates":[18.710784,49.944608]}},{"type":"Feature","properties":{"lines":"L-1, L-2, L-6","arr":["L-1","L-2","L-6"],"mode":"bus","angle":-50.6,"mi":1,"l0":"L-1, ","c0":"#f57145","l1":"L-2, ","c1":"#7c5001","l2":"L-6","c2":"#066559"},"geometry":{"type":"Point","coordinates":[18.700901,49.936874]}},{"type":"Feature","properties":{"lines":"L-1, L-2, L-6","arr":["L-1","L-2","L-6"],"mode":"bus","angle":-50.5,"extra":1,"ei":0,"l0":"L-1, ","c0":"#f57145","l1":"L-2, ","c1":"#7c5001","l2":"L-6","c2":"#066559"},"geometry":{"type":"Point","coordinates":[18.703316,49.938767]}},{"type":"Feature","properties":{"lines":"L-1, L-2, L-6","arr":["L-1","L-2","L-6"],"mode":"bus","angle":-50.6,"extra":1,"ei":1,"l0":"L-1, ","c0":"#f57145","l1":"L-2, ","c1":"#7c5001","l2":"L-6","c2":"#066559"},"geometry":{"type":"Point","coordinates":[18.699584,49.935846]}},{"type":"Feature","properties":{"lines":"L-1, L-2, L-6","arr":["L-1","L-2","L-6"],"mode":"bus","angle":-50.6,"extra":1,"ei":2,"l0":"L-1, ","c0":"#f57145","l1":"L-2, ","c1":"#7c5001","l2":"L-6","c2":"#066559"},"geometry":{"type":"Point","coordinates":[18.697715,49.934387]}},{"type":"Feature","properties":{"lines":"L-1","arr":["L-1"],"mode":"bus","angle":-78.7,"l0":"L-1","c0":"#f57145"},"geometry":{"type":"Point","coordinates":[18.694936,49.928952]}},{"type":"Feature","properties":{"lines":"L-1","arr":["L-1"],"mode":"bus","angle":-61.6,"extra":1,"ei":0,"l0":"L-1","c0":"#f57145"},"geometry":{"type":"Point","coordinates":[18.69656,49.933373]}},{"type":"Feature","properties":{"lines":"L-1","arr":["L-1"],"mode":"bus","angle":-78.7,"extra":1,"ei":1,"l0":"L-1","c0":"#f57145"},"geometry":{"type":"Point","coordinates":[18.695748,49.931567]}},{"type":"Feature","properties":{"lines":"L-1","arr":["L-1"],"mode":"bus","angle":-78.6,"extra":1,"ei":2,"l0":"L-1","c0":"#f57145"},"geometry":{"type":"Point","coordinates":[18.69402,49.926011]}},{"type":"Feature","properties":{"lines":"L-1","arr":["L-1"],"mode":"bus","angle":-78.9,"extra":1,"ei":3,"l0":"L-1","c0":"#f57145"},"geometry":{"type":"Point","coordinates":[18.69344,49.92416]}},{"type":"Feature","properties":{"lines":"L-1, L-6","arr":["L-1","L-6"],"mode":"bus","angle":-76.1,"l0":"L-1, ","c0":"#f57145","l1":"L-6","c1":"#066559"},"geometry":{"type":"Point","coordinates":[18.686857,49.91849]}},{"type":"Feature","properties":{"lines":"L-1, L-6","arr":["L-1","L-6"],"mode":"bus","angle":-49.7,"extra":1,"ei":0,"l0":"L-1, ","c0":"#f57145","l1":"L-6","c1":"#066559"},"geometry":{"type":"Point","coordinates":[18.692081,49.923077]}},{"type":"Feature","properties":{"lines":"L-1, L-6","arr":["L-1","L-6"],"mode":"bus","angle":-44.8,"extra":1,"ei":1,"l0":"L-1, ","c0":"#f57145","l1":"L-6","c1":"#066559"},"geometry":{"type":"Point","coordinates":[18.690159,49.921647]}},{"type":"Feature","properties":{"lines":"L-1, L-6","arr":["L-1","L-6"],"mode":"bus","angle":-45.6,"extra":1,"ei":2,"l0":"L-1, ","c0":"#f57145","l1":"L-6","c1":"#066559"},"geometry":{"type":"Point","coordinates":[18.687835,49.920491]}},{"type":"Feature","properties":{"lines":"L-1, L-6","arr":["L-1","L-6"],"mode":"bus","angle":-46.3,"extra":1,"ei":3,"l0":"L-1, ","c0":"#f57145","l1":"L-6","c1":"#066559"},"geometry":{"type":"Point","coordinates":[18.685666,49.91707]}},{"type":"Feature","properties":{"lines":"L-1, L-6","arr":["L-1","L-6"],"mode":"bus","angle":-43.9,"extra":1,"ei":4,"l0":"L-1, ","c0":"#f57145","l1":"L-6","c1":"#066559"},"geometry":{"type":"Point","coordinates":[18.683403,49.915866]}},{"type":"Feature","properties":{"lines":"L-1, L-6","arr":["L-1","L-6"],"mode":"bus","angle":-74.5,"extra":1,"ei":5,"l0":"L-1, ","c0":"#f57145","l1":"L-6","c1":"#066559"},"geometry":{"type":"Point","coordinates":[18.681948,49.914253]}},{"type":"Feature","properties":{"lines":"L-2, L-6","arr":["L-2","L-6"],"mode":"bus","angle":-71.4,"mi":1,"l0":"L-2, ","c0":"#7c5001","l1":"L-6","c1":"#066559"},"geometry":{"type":"Point","coordinates":[18.686651,49.907544]}},{"type":"Feature","properties":{"lines":"L-2, L-6","arr":["L-2","L-6"],"mode":"bus","angle":76.4,"extra":1,"ei":0,"l0":"L-2, ","c0":"#7c5001","l1":"L-6","c1":"#066559"},"geometry":{"type":"Point","coordinates":[18.681402,49.911863]}},{"type":"Feature","properties":{"lines":"L-2, L-6","arr":["L-2","L-6"],"mode":"bus","angle":8.5,"extra":1,"ei":1,"l0":"L-2, ","c0":"#7c5001","l1":"L-6","c1":"#066559"},"geometry":{"type":"Point","coordinates":[18.683588,49.910794]}},{"type":"Feature","properties":{"lines":"L-2, L-6","arr":["L-2","L-6"],"mode":"bus","angle":49.1,"extra":1,"ei":2,"l0":"L-2, ","c0":"#7c5001","l1":"L-6","c1":"#066559"},"geometry":{"type":"Point","coordinates":[18.68627,49.910155]}},{"type":"Feature","properties":{"lines":"L-2, L-6","arr":["L-2","L-6"],"mode":"bus","angle":-85.3,"extra":1,"ei":3,"l0":"L-2, ","c0":"#7c5001","l1":"L-6","c1":"#066559"},"geometry":{"type":"Point","coordinates":[18.685027,49.904809]}},{"type":"Feature","properties":{"lines":"L-2, L-6","arr":["L-2","L-6"],"mode":"bus","angle":79.1,"extra":1,"ei":4,"l0":"L-2, ","c0":"#7c5001","l1":"L-6","c1":"#066559"},"geometry":{"type":"Point","coordinates":[18.68502,49.902925]}},{"type":"Feature","properties":{"lines":"L-2, L-6","arr":["L-2","L-6"],"mode":"bus","angle":60.8,"extra":1,"ei":5,"l0":"L-2, ","c0":"#7c5001","l1":"L-6","c1":"#066559"},"geometry":{"type":"Point","coordinates":[18.686194,49.901204]}},{"type":"Feature","properties":{"lines":"L-1, L-2","arr":["L-1","L-2"],"mode":"bus","angle":-48.8,"mi":3,"l0":"L-1, ","c0":"#f57145","l1":"L-2","c1":"#7c5001"},"geometry":{"type":"Point","coordinates":[18.676014,49.912985]}},{"type":"Feature","properties":{"lines":"L-1, L-2","arr":["L-1","L-2"],"mode":"bus","angle":-11.6,"extra":1,"ei":0,"l0":"L-1, ","c0":"#f57145","l1":"L-2","c1":"#7c5001"},"geometry":{"type":"Point","coordinates":[18.677523,49.913732]}},{"type":"Feature","properties":{"lines":"L-1, L-2, L-6","arr":["L-1","L-2","L-6"],"mode":"bus","angle":37.9,"l0":"L-1, ","c0":"#f57145","l1":"L-2, ","c1":"#7c5001","l2":"L-6","c2":"#066559"},"geometry":{"type":"Point","coordinates":[18.679584,49.91314]}},{"type":"Feature","properties":{"lines":"L-1, L-2","arr":["L-1","L-2"],"mode":"bus","angle":-19.9,"l0":"L-1, ","c0":"#f57145","l1":"L-2","c1":"#7c5001"},"geometry":{"type":"Point","coordinates":[18.668187,49.908114]}},{"type":"Feature","properties":{"lines":"L-1, L-2","arr":["L-1","L-2"],"mode":"bus","angle":-31.7,"extra":1,"ei":0,"l0":"L-1, ","c0":"#f57145","l1":"L-2","c1":"#7c5001"},"geometry":{"type":"Point","coordinates":[18.661852,49.905696]}},{"type":"Feature","properties":{"lines":"L-1, L-2","arr":["L-1","L-2"],"mode":"bus","angle":-16,"extra":1,"ei":1,"l0":"L-1, ","c0":"#f57145","l1":"L-2","c1":"#7c5001"},"geometry":{"type":"Point","coordinates":[18.664465,49.906517]}},{"type":"Feature","properties":{"lines":"L-1, L-2","arr":["L-1","L-2"],"mode":"bus","angle":-56.4,"extra":1,"ei":2,"l0":"L-1, ","c0":"#f57145","l1":"L-2","c1":"#7c5001"},"geometry":{"type":"Point","coordinates":[18.671801,49.909457]}},{"type":"Feature","properties":{"lines":"L-1, L-2","arr":["L-1","L-2"],"mode":"bus","angle":-38.8,"extra":1,"ei":3,"l0":"L-1, ","c0":"#f57145","l1":"L-2","c1":"#7c5001"},"geometry":{"type":"Point","coordinates":[18.672957,49.911146]}},{"type":"Feature","properties":{"lines":"L-1, L-2","arr":["L-1","L-2"],"mode":"bus","angle":64.1,"mi":1,"l0":"L-1, ","c0":"#f57145","l1":"L-2","c1":"#7c5001"},"geometry":{"type":"Point","coordinates":[18.659465,49.906611]}},{"type":"Feature","properties":{"lines":"L-1, L-2","arr":["L-1","L-2"],"mode":"bus","angle":41.5,"extra":1,"ei":0,"l0":"L-1, ","c0":"#f57145","l1":"L-2","c1":"#7c5001"},"geometry":{"type":"Point","coordinates":[18.658069,49.907391]}},{"type":"Feature","properties":{"lines":"L-1, L-2","arr":["L-1","L-2"],"mode":"bus","angle":85.5,"mi":2,"l0":"L-1, ","c0":"#f57145","l1":"L-2","c1":"#7c5001"},"geometry":{"type":"Point","coordinates":[18.660716,49.904386]}},{"type":"Feature","properties":{"lines":"L-1","arr":["L-1"],"mode":"bus","angle":-39.3,"mi":1,"l0":"L-1","c0":"#f57145"},"geometry":{"type":"Point","coordinates":[18.652932,49.897576]}},{"type":"Feature","properties":{"lines":"L-1","arr":["L-1"],"mode":"bus","angle":-33.5,"extra":1,"ei":0,"l0":"L-1","c0":"#f57145"},"geometry":{"type":"Point","coordinates":[18.658554,49.903501]}},{"type":"Feature","properties":{"lines":"L-1","arr":["L-1"],"mode":"bus","angle":-61.7,"extra":1,"ei":1,"l0":"L-1","c0":"#f57145"},"geometry":{"type":"Point","coordinates":[18.656733,49.902047]}},{"type":"Feature","properties":{"lines":"L-1","arr":["L-1"],"mode":"bus","angle":-60.3,"extra":1,"ei":2,"l0":"L-1","c0":"#f57145"},"geometry":{"type":"Point","coordinates":[18.655492,49.900336]}},{"type":"Feature","properties":{"lines":"L-1","arr":["L-1"],"mode":"bus","angle":-59.7,"extra":1,"ei":3,"l0":"L-1","c0":"#f57145"},"geometry":{"type":"Point","coordinates":[18.654147,49.89866]}},{"type":"Feature","properties":{"lines":"L-1","arr":["L-1"],"mode":"bus","angle":-40.4,"extra":1,"ei":4,"l0":"L-1","c0":"#f57145"},"geometry":{"type":"Point","coordinates":[18.649983,49.89608]}},{"type":"Feature","properties":{"lines":"L-1","arr":["L-1"],"mode":"bus","angle":-40.7,"extra":1,"ei":5,"l0":"L-1","c0":"#f57145"},"geometry":{"type":"Point","coordinates":[18.647578,49.894994]}},{"type":"Feature","properties":{"lines":"L-1","arr":["L-1"],"mode":"bus","angle":-51.1,"extra":1,"ei":6,"l0":"L-1","c0":"#f57145"},"geometry":{"type":"Point","coordinates":[18.64567,49.89356]}},{"type":"Feature","properties":{"lines":"L-1","arr":["L-1"],"mode":"bus","angle":45,"mi":2,"l0":"L-1","c0":"#f57145"},"geometry":{"type":"Point","coordinates":[18.641299,49.894399]}},{"type":"Feature","properties":{"lines":"L-1","arr":["L-1"],"mode":"bus","angle":56.4,"extra":1,"ei":0,"l0":"L-1","c0":"#f57145"},"geometry":{"type":"Point","coordinates":[18.643201,49.893155]}},{"type":"Feature","properties":{"lines":"L-1","arr":["L-1"],"mode":"bus","angle":67.6,"extra":1,"ei":1,"l0":"L-1","c0":"#f57145"},"geometry":{"type":"Point","coordinates":[18.639608,49.895985]}},{"type":"Feature","properties":{"lines":"L-1","arr":["L-1"],"mode":"bus","angle":-53.1,"l0":"L-1","c0":"#f57145"},"geometry":{"type":"Point","coordinates":[18.646754,49.903133]}},{"type":"Feature","properties":{"lines":"L-1","arr":["L-1"],"mode":"bus","angle":-46.6,"extra":1,"ei":0,"l0":"L-1","c0":"#f57145"},"geometry":{"type":"Point","coordinates":[18.639866,49.897153]}},{"type":"Feature","properties":{"lines":"L-1","arr":["L-1"],"mode":"bus","angle":-60.7,"extra":1,"ei":1,"l0":"L-1","c0":"#f57145"},"geometry":{"type":"Point","coordinates":[18.641645,49.898651]}},{"type":"Feature","properties":{"lines":"L-1","arr":["L-1"],"mode":"bus","angle":-44.2,"extra":1,"ei":2,"l0":"L-1","c0":"#f57145"},"geometry":{"type":"Point","coordinates":[18.643554,49.900056]}},{"type":"Feature","properties":{"lines":"L-1","arr":["L-1"],"mode":"bus","angle":-68.2,"extra":1,"ei":3,"l0":"L-1","c0":"#f57145"},"geometry":{"type":"Point","coordinates":[18.645138,49.90163]}},{"type":"Feature","properties":{"lines":"L-1","arr":["L-1"],"mode":"bus","angle":81.7,"extra":1,"ei":4,"l0":"L-1","c0":"#f57145"},"geometry":{"type":"Point","coordinates":[18.647854,49.90488]}},{"type":"Feature","properties":{"lines":"L-1","arr":["L-1"],"mode":"bus","angle":-53.7,"extra":1,"ei":5,"l0":"L-1","c0":"#f57145"},"geometry":{"type":"Point","coordinates":[18.649118,49.906496]}},{"type":"Feature","properties":{"lines":"L-1","arr":["L-1"],"mode":"bus","angle":-70.2,"extra":1,"ei":6,"l0":"L-1","c0":"#f57145"},"geometry":{"type":"Point","coordinates":[18.650255,49.908199]}},{"type":"Feature","properties":{"lines":"L-1","arr":["L-1"],"mode":"bus","angle":-45.6,"extra":1,"ei":7,"l0":"L-1","c0":"#f57145"},"geometry":{"type":"Point","coordinates":[18.65222,49.909586]}},{"type":"Feature","properties":{"lines":"L-1","arr":["L-1"],"mode":"bus","angle":37.9,"mi":3,"l0":"L-1","c0":"#f57145"},"geometry":{"type":"Point","coordinates":[18.655192,49.908749]}},{"type":"Feature","properties":{"lines":"L-6","arr":["L-6"],"mode":"bus","angle":-1.1,"mi":2,"l0":"L-6","c0":"#066559"},"geometry":{"type":"Point","coordinates":[18.69656,49.923506]}},{"type":"Feature","properties":{"lines":"L-6","arr":["L-6"],"mode":"bus","angle":-3.9,"extra":1,"ei":0,"l0":"L-6","c0":"#066559"},"geometry":{"type":"Point","coordinates":[18.698399,49.923583]}},{"type":"Feature","properties":{"lines":"L-2","arr":["L-2"],"mode":"bus","angle":-5.1,"l0":"L-2","c0":"#7c5001"},"geometry":{"type":"Point","coordinates":[18.699285,49.934292]}},{"type":"Feature","properties":{"lines":"L-2","arr":["L-2"],"mode":"bus","angle":-88.3,"mi":1,"l0":"L-2","c0":"#7c5001"},"geometry":{"type":"Point","coordinates":[18.700828,49.928927]}},{"type":"Feature","properties":{"lines":"L-2","arr":["L-2"],"mode":"bus","angle":-87.9,"extra":1,"ei":0,"l0":"L-2","c0":"#7c5001"},"geometry":{"type":"Point","coordinates":[18.700985,49.933448]}},{"type":"Feature","properties":{"lines":"L-2","arr":["L-2"],"mode":"bus","angle":-89,"extra":1,"ei":1,"l0":"L-2","c0":"#7c5001"},"geometry":{"type":"Point","coordinates":[18.700912,49.93156]}},{"type":"Feature","properties":{"lines":"L-2","arr":["L-2"],"mode":"bus","angle":-87.9,"extra":1,"ei":2,"l0":"L-2","c0":"#7c5001"},"geometry":{"type":"Point","coordinates":[18.700663,49.925902]}},{"type":"Feature","properties":{"lines":"L-2","arr":["L-2"],"mode":"bus","angle":-85.8,"extra":1,"ei":3,"l0":"L-2","c0":"#7c5001"},"geometry":{"type":"Point","coordinates":[18.699956,49.924191]}},{"type":"Feature","properties":{"lines":"L-2, L-6","arr":["L-2","L-6"],"mode":"bus","angle":58.7,"l0":"L-2, ","c0":"#7c5001","l1":"L-6","c1":"#066559"},"geometry":{"type":"Point","coordinates":[18.706701,49.923199]}},{"type":"Feature","properties":{"lines":"L-2, L-6","arr":["L-2","L-6"],"mode":"bus","angle":2.6,"extra":1,"ei":0,"l0":"L-2, ","c0":"#7c5001","l1":"L-6","c1":"#066559"},"geometry":{"type":"Point","coordinates":[18.701329,49.923558]}},{"type":"Feature","properties":{"lines":"L-2, L-6","arr":["L-2","L-6"],"mode":"bus","angle":2.1,"extra":1,"ei":1,"l0":"L-2, ","c0":"#7c5001","l1":"L-6","c1":"#066559"},"geometry":{"type":"Point","coordinates":[18.704128,49.924088]}},{"type":"Feature","properties":{"lines":"L-2, L-6","arr":["L-2","L-6"],"mode":"bus","angle":-85.6,"extra":1,"ei":2,"l0":"L-2, ","c0":"#7c5001","l1":"L-6","c1":"#066559"},"geometry":{"type":"Point","coordinates":[18.705752,49.92147]}},{"type":"Feature","properties":{"lines":"L-2, L-6","arr":["L-2","L-6"],"mode":"bus","angle":83.7,"extra":1,"ei":3,"l0":"L-2, ","c0":"#7c5001","l1":"L-6","c1":"#066559"},"geometry":{"type":"Point","coordinates":[18.706052,49.919592]}},{"type":"Feature","properties":{"lines":"L-2, L-6","arr":["L-2","L-6"],"mode":"bus","angle":86.9,"l0":"L-2, ","c0":"#7c5001","l1":"L-6","c1":"#066559"},"geometry":{"type":"Point","coordinates":[18.708881,49.910447]}},{"type":"Feature","properties":{"lines":"L-2, L-6","arr":["L-2","L-6"],"mode":"bus","angle":86.5,"extra":1,"ei":0,"l0":"L-2, ","c0":"#7c5001","l1":"L-6","c1":"#066559"},"geometry":{"type":"Point","coordinates":[18.710124,49.903339]}},{"type":"Feature","properties":{"lines":"L-2, L-6","arr":["L-2","L-6"],"mode":"bus","angle":69,"extra":1,"ei":1,"l0":"L-2, ","c0":"#7c5001","l1":"L-6","c1":"#066559"},"geometry":{"type":"Point","coordinates":[18.709705,49.905204]}},{"type":"Feature","properties":{"lines":"L-2, L-6","arr":["L-2","L-6"],"mode":"bus","angle":65.3,"extra":1,"ei":2,"l0":"L-2, ","c0":"#7c5001","l1":"L-6","c1":"#066559"},"geometry":{"type":"Point","coordinates":[18.708378,49.906889]}},{"type":"Feature","properties":{"lines":"L-2, L-6","arr":["L-2","L-6"],"mode":"bus","angle":-77.5,"extra":1,"ei":3,"l0":"L-2, ","c0":"#7c5001","l1":"L-6","c1":"#066559"},"geometry":{"type":"Point","coordinates":[18.708189,49.908737]}},{"type":"Feature","properties":{"lines":"L-2, L-6","arr":["L-2","L-6"],"mode":"bus","angle":86.9,"extra":1,"ei":4,"l0":"L-2, ","c0":"#7c5001","l1":"L-6","c1":"#066559"},"geometry":{"type":"Point","coordinates":[18.708715,49.912415]}},{"type":"Feature","properties":{"lines":"L-2, L-6","arr":["L-2","L-6"],"mode":"bus","angle":74.6,"extra":1,"ei":5,"l0":"L-2, ","c0":"#7c5001","l1":"L-6","c1":"#066559"},"geometry":{"type":"Point","coordinates":[18.708057,49.914249]}},{"type":"Feature","properties":{"lines":"L-2, L-6","arr":["L-2","L-6"],"mode":"bus","angle":74.6,"extra":1,"ei":6,"l0":"L-2, ","c0":"#7c5001","l1":"L-6","c1":"#066559"},"geometry":{"type":"Point","coordinates":[18.707276,49.91607]}},{"type":"Feature","properties":{"lines":"L-2, L-6","arr":["L-2","L-6"],"mode":"bus","angle":75.2,"extra":1,"ei":7,"l0":"L-2, ","c0":"#7c5001","l1":"L-6","c1":"#066559"},"geometry":{"type":"Point","coordinates":[18.706504,49.917893]}},{"type":"Feature","properties":{"lines":"L-6","arr":["L-6"],"mode":"bus","angle":59.7,"mi":2,"l0":"L-6","c0":"#066559"},"geometry":{"type":"Point","coordinates":[18.710209,49.901615]}},{"type":"Feature","properties":{"lines":"L-2","arr":["L-2"],"mode":"bus","angle":-26.1,"mi":3,"l0":"L-2","c0":"#7c5001"},"geometry":{"type":"Point","coordinates":[18.697944,49.899758]}},{"type":"Feature","properties":{"lines":"L-2","arr":["L-2"],"mode":"bus","angle":-38.8,"extra":1,"ei":0,"l0":"L-2","c0":"#7c5001"},"geometry":{"type":"Point","coordinates":[18.690017,49.898678]}},{"type":"Feature","properties":{"lines":"L-2","arr":["L-2"],"mode":"bus","angle":-38.8,"extra":1,"ei":1,"l0":"L-2","c0":"#7c5001"},"geometry":{"type":"Point","coordinates":[18.69231,49.899862]}},{"type":"Feature","properties":{"lines":"L-2","arr":["L-2"],"mode":"bus","angle":-38.8,"extra":1,"ei":2,"l0":"L-2","c0":"#7c5001"},"geometry":{"type":"Point","coordinates":[18.694604,49.901046]}},{"type":"Feature","properties":{"lines":"L-2","arr":["L-2"],"mode":"bus","angle":69.7,"extra":1,"ei":3,"l0":"L-2","c0":"#7c5001"},"geometry":{"type":"Point","coordinates":[18.696377,49.900448]}},{"type":"Feature","properties":{"lines":"L-2","arr":["L-2"],"mode":"bus","angle":-11.6,"extra":1,"ei":4,"l0":"L-2","c0":"#7c5001"},"geometry":{"type":"Point","coordinates":[18.700977,49.900347]}},{"type":"Feature","properties":{"lines":"L-2","arr":["L-2"],"mode":"bus","angle":-33.8,"extra":1,"ei":5,"l0":"L-2","c0":"#7c5001"},"geometry":{"type":"Point","coordinates":[18.703457,49.90135]}},{"type":"Feature","properties":{"lines":"L-2","arr":["L-2"],"mode":"bus","angle":-7,"extra":1,"ei":6,"l0":"L-2","c0":"#7c5001"},"geometry":{"type":"Point","coordinates":[18.705964,49.902307]}},{"type":"Feature","properties":{"lines":"L-2","arr":["L-2"],"mode":"bus","angle":-8.2,"extra":1,"ei":7,"l0":"L-2","c0":"#7c5001"},"geometry":{"type":"Point","coordinates":[18.70889,49.902456]}},{"type":"Feature","properties":{"lines":"L-2, L-6","arr":["L-2","L-6"],"mode":"bus","angle":61,"l0":"L-2, ","c0":"#7c5001","l1":"L-6","c1":"#066559"},"geometry":{"type":"Point","coordinates":[18.687797,49.899336]}},{"type":"Feature","properties":{"lines":"L-2, L-6","arr":["L-2","L-6"],"mode":"bus","angle":61,"extra":1,"ei":0,"l0":"L-2, ","c0":"#7c5001","l1":"L-6","c1":"#066559"},"geometry":{"type":"Point","coordinates":[18.688854,49.898105]}},{"type":"Feature","properties":{"lines":"L-2","arr":["L-2"],"mode":"bus","angle":-77,"l0":"L-2","c0":"#7c5001"},"geometry":{"type":"Point","coordinates":[18.684879,49.8991]}},{"type":"Feature","properties":{"lines":"L-2","arr":["L-2"],"mode":"bus","angle":15,"mi":1,"l0":"L-2","c0":"#7c5001"},"geometry":{"type":"Point","coordinates":[18.674978,49.89535]}},{"type":"Feature","properties":{"lines":"L-2","arr":["L-2"],"mode":"bus","angle":-33.7,"extra":1,"ei":0,"l0":"L-2","c0":"#7c5001"},"geometry":{"type":"Point","coordinates":[18.682102,49.896771]}},{"type":"Feature","properties":{"lines":"L-2","arr":["L-2"],"mode":"bus","angle":-21.6,"extra":1,"ei":1,"l0":"L-2","c0":"#7c5001"},"geometry":{"type":"Point","coordinates":[18.679459,49.896163]}},{"type":"Feature","properties":{"lines":"L-2","arr":["L-2"],"mode":"bus","angle":-28,"extra":1,"ei":2,"l0":"L-2","c0":"#7c5001"},"geometry":{"type":"Point","coordinates":[18.676852,49.895294]}},{"type":"Feature","properties":{"lines":"L-2","arr":["L-2"],"mode":"bus","angle":-36.8,"extra":1,"ei":3,"l0":"L-2","c0":"#7c5001"},"geometry":{"type":"Point","coordinates":[18.671306,49.894704]}},{"type":"Feature","properties":{"lines":"L-2","arr":["L-2"],"mode":"bus","angle":-35.8,"extra":1,"ei":4,"l0":"L-2","c0":"#7c5001"},"geometry":{"type":"Point","coordinates":[18.669185,49.893402]}},{"type":"Feature","properties":{"lines":"L-2","arr":["L-2"],"mode":"bus","angle":64.4,"mi":2,"l0":"L-2","c0":"#7c5001"},"geometry":{"type":"Point","coordinates":[18.664919,49.898612]}},{"type":"Feature","properties":{"lines":"L-2","arr":["L-2"],"mode":"bus","angle":55.3,"extra":1,"ei":0,"l0":"L-2","c0":"#7c5001"},"geometry":{"type":"Point","coordinates":[18.660523,49.9031]}},{"type":"Feature","properties":{"lines":"L-2","arr":["L-2"],"mode":"bus","angle":50.1,"extra":1,"ei":1,"l0":"L-2","c0":"#7c5001"},"geometry":{"type":"Point","coordinates":[18.662401,49.901691]}},{"type":"Feature","properties":{"lines":"L-2","arr":["L-2"],"mode":"bus","angle":63.1,"extra":1,"ei":2,"l0":"L-2","c0":"#7c5001"},"geometry":{"type":"Point","coordinates":[18.663837,49.900047]}},{"type":"Feature","properties":{"lines":"L-2","arr":["L-2"],"mode":"bus","angle":67.8,"extra":1,"ei":3,"l0":"L-2","c0":"#7c5001"},"geometry":{"type":"Point","coordinates":[18.664932,49.896758]}},{"type":"Feature","properties":{"lines":"L-2","arr":["L-2"],"mode":"bus","angle":72,"extra":1,"ei":4,"l0":"L-2","c0":"#7c5001"},"geometry":{"type":"Point","coordinates":[18.665746,49.894952]}},{"type":"Feature","properties":{"lines":"L-2","arr":["L-2"],"mode":"bus","angle":70.9,"extra":1,"ei":5,"l0":"L-2","c0":"#7c5001"},"geometry":{"type":"Point","coordinates":[18.666768,49.893182]}},{"type":"Feature","properties":{"lines":"L-2","arr":["L-2"],"mode":"bus","angle":-85.4,"mi":1,"l0":"L-2","c0":"#7c5001"},"geometry":{"type":"Point","coordinates":[18.715982,49.962942]}},{"type":"Feature","properties":{"lines":"L-2","arr":["L-2"],"mode":"bus","angle":-8.7,"l0":"L-2","c0":"#7c5001"},"geometry":{"type":"Point","coordinates":[18.709704,49.964525]}},{"type":"Feature","properties":{"lines":"L-2","arr":["L-2"],"mode":"bus","angle":-1.2,"extra":1,"ei":0,"l0":"L-2","c0":"#7c5001"},"geometry":{"type":"Point","coordinates":[18.714292,49.964897]}},{"type":"Feature","properties":{"lines":"L-2","arr":["L-2"],"mode":"bus","angle":-8.3,"extra":1,"ei":1,"l0":"L-2","c0":"#7c5001"},"geometry":{"type":"Point","coordinates":[18.705549,49.964119]}},{"type":"Feature","properties":{"lines":"L-2, L-4, L-6","arr":["L-2","L-4","L-6"],"mode":"bus","angle":83.6,"l0":"L-2, ","c0":"#7c5001","l1":"L-4, ","c1":"#10a5d2","l2":"L-6","c2":"#066559"},"geometry":{"type":"Point","coordinates":[18.703661,49.962755]}},{"type":"Feature","properties":{"lines":"L-3","arr":["L-3"],"mode":"bus","angle":35.5,"l0":"L-3","c0":"#b59607"},"geometry":{"type":"Point","coordinates":[18.72567,49.968194]}},{"type":"Feature","properties":{"lines":"L-3","arr":["L-3"],"mode":"bus","angle":-18.9,"mi":2,"l0":"L-3","c0":"#b59607"},"geometry":{"type":"Point","coordinates":[18.730978,49.968744]}},{"type":"Feature","properties":{"lines":"L-3","arr":["L-3"],"mode":"bus","angle":-27.6,"extra":1,"ei":0,"l0":"L-3","c0":"#b59607"},"geometry":{"type":"Point","coordinates":[18.728225,49.968132]}},{"type":"Feature","properties":{"lines":"L-3","arr":["L-3"],"mode":"bus","angle":-23.3,"extra":1,"ei":1,"l0":"L-3","c0":"#b59607"},"geometry":{"type":"Point","coordinates":[18.733719,49.969445]}},{"type":"Feature","properties":{"lines":"L-3","arr":["L-3"],"mode":"bus","angle":-54.7,"mi":2,"l0":"L-3","c0":"#b59607"},"geometry":{"type":"Point","coordinates":[18.756016,49.980527]}},{"type":"Feature","properties":{"lines":"L-3","arr":["L-3"],"mode":"bus","angle":-17.8,"extra":1,"ei":0,"l0":"L-3","c0":"#b59607"},"geometry":{"type":"Point","coordinates":[18.758725,49.982651]}},{"type":"Feature","properties":{"lines":"L-3","arr":["L-3"],"mode":"bus","angle":-10,"extra":1,"ei":1,"l0":"L-3","c0":"#b59607"},"geometry":{"type":"Point","coordinates":[18.752134,49.979303]}},{"type":"Feature","properties":{"lines":"L-3","arr":["L-3"],"mode":"bus","angle":84.4,"l0":"L-3","c0":"#b59607"},"geometry":{"type":"Point","coordinates":[18.759418,49.986817]}},{"type":"Feature","properties":{"lines":"L-3","arr":["L-3"],"mode":"bus","angle":-42.7,"extra":1,"ei":0,"l0":"L-3","c0":"#b59607"},"geometry":{"type":"Point","coordinates":[18.760947,49.989493]}},{"type":"Feature","properties":{"lines":"L-3","arr":["L-3"],"mode":"bus","angle":73.2,"extra":1,"ei":1,"l0":"L-3","c0":"#b59607"},"geometry":{"type":"Point","coordinates":[18.760065,49.984223]}},{"type":"Feature","properties":{"lines":"L-3","arr":["L-3"],"mode":"bus","angle":-17,"l0":"L-3","c0":"#b59607"},"geometry":{"type":"Point","coordinates":[18.736201,49.995617]}},{"type":"Feature","properties":{"lines":"L-3","arr":["L-3"],"mode":"bus","angle":2.8,"extra":1,"ei":0,"l0":"L-3","c0":"#b59607"},"geometry":{"type":"Point","coordinates":[18.759161,49.995694]}},{"type":"Feature","properties":{"lines":"L-3","arr":["L-3"],"mode":"bus","angle":-1.2,"extra":1,"ei":1,"l0":"L-3","c0":"#b59607"},"geometry":{"type":"Point","coordinates":[18.756218,49.995664]}},{"type":"Feature","properties":{"lines":"L-3","arr":["L-3"],"mode":"bus","angle":-1.2,"extra":1,"ei":2,"l0":"L-3","c0":"#b59607"},"geometry":{"type":"Point","coordinates":[18.753274,49.995623]}},{"type":"Feature","properties":{"lines":"L-3","arr":["L-3"],"mode":"bus","angle":9.4,"extra":1,"ei":3,"l0":"L-3","c0":"#b59607"},"geometry":{"type":"Point","coordinates":[18.75034,49.995692]}},{"type":"Feature","properties":{"lines":"L-3","arr":["L-3"],"mode":"bus","angle":9.2,"extra":1,"ei":4,"l0":"L-3","c0":"#b59607"},"geometry":{"type":"Point","coordinates":[18.747435,49.995996]}},{"type":"Feature","properties":{"lines":"L-3","arr":["L-3"],"mode":"bus","angle":10.1,"extra":1,"ei":5,"l0":"L-3","c0":"#b59607"},"geometry":{"type":"Point","coordinates":[18.744533,49.996316]}},{"type":"Feature","properties":{"lines":"L-3","arr":["L-3"],"mode":"bus","angle":2.9,"extra":1,"ei":6,"l0":"L-3","c0":"#b59607"},"geometry":{"type":"Point","coordinates":[18.74161,49.996533]}},{"type":"Feature","properties":{"lines":"L-3","arr":["L-3"],"mode":"bus","angle":-16.2,"extra":1,"ei":7,"l0":"L-3","c0":"#b59607"},"geometry":{"type":"Point","coordinates":[18.738763,49.996103]}},{"type":"Feature","properties":{"lines":"L-3","arr":["L-3"],"mode":"bus","angle":-26,"extra":1,"ei":8,"l0":"L-3","c0":"#b59607"},"geometry":{"type":"Point","coordinates":[18.733212,49.99487]}},{"type":"Feature","properties":{"lines":"L-3","arr":["L-3"],"mode":"bus","angle":-25.2,"side":-1,"extra":1,"ei":9,"l0":"L-3","c0":"#b59607"},"geometry":{"type":"Point","coordinates":[18.730563,49.994047]}},{"type":"Feature","properties":{"lines":"L-3","arr":["L-3"],"mode":"bus","angle":-26.1,"extra":1,"ei":10,"l0":"L-3","c0":"#b59607"},"geometry":{"type":"Point","coordinates":[18.727977,49.99315]}},{"type":"Feature","properties":{"lines":"L-3","arr":["L-3"],"mode":"bus","angle":-17.6,"extra":1,"ei":11,"l0":"L-3","c0":"#b59607"},"geometry":{"type":"Point","coordinates":[18.725229,49.992479]}},{"type":"Feature","properties":{"lines":"L-3","arr":["L-3"],"mode":"bus","angle":-7,"extra":1,"ei":12,"l0":"L-3","c0":"#b59607"},"geometry":{"type":"Point","coordinates":[18.722378,49.992039]}},{"type":"Feature","properties":{"lines":"L-3","arr":["L-3"],"mode":"bus","angle":0.4,"extra":1,"ei":13,"l0":"L-3","c0":"#b59607"},"geometry":{"type":"Point","coordinates":[18.719443,49.991933]}},{"type":"Feature","properties":{"lines":"L-3","arr":["L-3"],"mode":"bus","angle":0.6,"extra":1,"ei":14,"l0":"L-3","c0":"#b59607"},"geometry":{"type":"Point","coordinates":[18.7165,49.991948]}},{"type":"Feature","properties":{"lines":"L-3","arr":["L-3"],"mode":"bus","angle":13.1,"extra":1,"ei":15,"l0":"L-3","c0":"#b59607"},"geometry":{"type":"Point","coordinates":[18.713606,49.992252]}},{"type":"Feature","properties":{"lines":"L-4","arr":["L-4"],"mode":"bus","angle":-8.3,"l0":"L-4","c0":"#10a5d2"},"geometry":{"type":"Point","coordinates":[18.697672,49.963413]}},{"type":"Feature","properties":{"lines":"L-4","arr":["L-4"],"mode":"bus","angle":-8.2,"extra":1,"ei":0,"l0":"L-4","c0":"#10a5d2"},"geometry":{"type":"Point","coordinates":[18.69335,49.963008]}},{"type":"Feature","properties":{"lines":"L-4","arr":["L-4"],"mode":"bus","angle":-7.3,"extra":1,"ei":1,"l0":"L-4","c0":"#10a5d2"},"geometry":{"type":"Point","coordinates":[18.702092,49.963814]}},{"type":"Feature","properties":{"lines":"L-4, L-6","arr":["L-4","L-6"],"mode":"bus","angle":82.6,"l0":"L-4, ","c0":"#10a5d2","l1":"L-6","c1":"#066559"},"geometry":{"type":"Point","coordinates":[18.70411,49.960651]}},{"type":"Feature","properties":{"lines":"L-4, L-6","arr":["L-4","L-6"],"mode":"bus","angle":74.1,"mi":1,"l0":"L-4, ","c0":"#10a5d2","l1":"L-6","c1":"#066559"},"geometry":{"type":"Point","coordinates":[18.704981,49.960415]}},{"type":"Feature","properties":{"lines":"L-4","arr":["L-4"],"mode":"bus","angle":-7.5,"l0":"L-4","c0":"#10a5d2"},"geometry":{"type":"Point","coordinates":[18.703846,49.992142]}},{"type":"Feature","properties":{"lines":"L-4","arr":["L-4"],"mode":"bus","angle":-21.6,"extra":1,"ei":0,"l0":"L-4","c0":"#10a5d2"},"geometry":{"type":"Point","coordinates":[18.698178,49.990858]}},{"type":"Feature","properties":{"lines":"L-4","arr":["L-4"],"mode":"bus","angle":-18,"extra":1,"ei":1,"l0":"L-4","c0":"#10a5d2"},"geometry":{"type":"Point","coordinates":[18.700805,49.991702]}},{"type":"Feature","properties":{"lines":"L-4","arr":["L-4"],"mode":"bus","angle":-1.7,"extra":1,"ei":2,"l0":"L-4","c0":"#10a5d2"},"geometry":{"type":"Point","coordinates":[18.706601,49.992306]}},{"type":"Feature","properties":{"lines":"L-4","arr":["L-4"],"mode":"bus","angle":2.1,"extra":1,"ei":3,"l0":"L-4","c0":"#10a5d2"},"geometry":{"type":"Point","coordinates":[18.70953,49.992163]}},{"type":"Feature","properties":{"lines":"L-4","arr":["L-4"],"mode":"bus","angle":-42.4,"mi":2,"l0":"L-4","c0":"#10a5d2"},"geometry":{"type":"Point","coordinates":[18.688179,49.984183]}},{"type":"Feature","properties":{"lines":"L-4","arr":["L-4"],"mode":"bus","angle":6.8,"extra":1,"ei":0,"l0":"L-4","c0":"#10a5d2"},"geometry":{"type":"Point","coordinates":[18.676861,49.982547]}},{"type":"Feature","properties":{"lines":"L-4","arr":["L-4"],"mode":"bus","angle":-18.8,"extra":1,"ei":1,"l0":"L-4","c0":"#10a5d2"},"geometry":{"type":"Point","coordinates":[18.679781,49.982695]}},{"type":"Feature","properties":{"lines":"L-4","arr":["L-4"],"mode":"bus","angle":-12.3,"extra":1,"ei":2,"l0":"L-4","c0":"#10a5d2"},"geometry":{"type":"Point","coordinates":[18.682566,49.98329]}},{"type":"Feature","properties":{"lines":"L-4","arr":["L-4"],"mode":"bus","angle":-11.6,"extra":1,"ei":3,"l0":"L-4","c0":"#10a5d2"},"geometry":{"type":"Point","coordinates":[18.685444,49.983691]}},{"type":"Feature","properties":{"lines":"L-4","arr":["L-4"],"mode":"bus","angle":-59.2,"extra":1,"ei":4,"l0":"L-4","c0":"#10a5d2"},"geometry":{"type":"Point","coordinates":[18.689784,49.985786]}},{"type":"Feature","properties":{"lines":"L-4","arr":["L-4"],"mode":"bus","angle":-47,"extra":1,"ei":5,"l0":"L-4","c0":"#10a5d2"},"geometry":{"type":"Point","coordinates":[18.69162,49.987255]}},{"type":"Feature","properties":{"lines":"L-4","arr":["L-4"],"mode":"bus","angle":-52.1,"extra":1,"ei":6,"l0":"L-4","c0":"#10a5d2"},"geometry":{"type":"Point","coordinates":[18.693526,49.988693]}},{"type":"Feature","properties":{"lines":"L-4","arr":["L-4"],"mode":"bus","angle":-37.4,"extra":1,"ei":7,"l0":"L-4","c0":"#10a5d2"},"geometry":{"type":"Point","coordinates":[18.695673,49.989975]}},{"type":"Feature","properties":{"lines":"L-4","arr":["L-4"],"mode":"bus","angle":23.6,"mi":1,"l0":"L-4","c0":"#10a5d2"},"geometry":{"type":"Point","coordinates":[18.669419,49.985686]}},{"type":"Feature","properties":{"lines":"L-4","arr":["L-4"],"mode":"bus","angle":71.9,"l0":"L-4","c0":"#10a5d2"},"geometry":{"type":"Point","coordinates":[18.674989,49.983979]}},{"type":"Feature","properties":{"lines":"L-4","arr":["L-4"],"mode":"bus","angle":9,"extra":1,"ei":0,"l0":"L-4","c0":"#10a5d2"},"geometry":{"type":"Point","coordinates":[18.672297,49.985109]}},{"type":"Feature","properties":{"lines":"L-4","arr":["L-4"],"mode":"bus","angle":32.8,"extra":1,"ei":1,"l0":"L-4","c0":"#10a5d2"},"geometry":{"type":"Point","coordinates":[18.666788,49.986405]}},{"type":"Feature","properties":{"lines":"S15","arr":["S15"],"mode":"bus","angle":22.3,"mi":1,"l0":"S15","c0":"#5a5d02"},"geometry":{"type":"Point","coordinates":[18.663634,49.987746]}},{"type":"Feature","properties":{"lines":"L-5","arr":["L-5"],"mode":"bus","angle":44.8,"side":-1,"l0":"L-5","c0":"#0357b2"},"geometry":{"type":"Point","coordinates":[18.727025,49.936019]}},{"type":"Feature","properties":{"lines":"L-5","arr":["L-5"],"mode":"bus","angle":69.5,"side":-1,"extra":1,"ei":0,"l0":"L-5","c0":"#0357b2"},"geometry":{"type":"Point","coordinates":[18.714185,49.944413]}},{"type":"Feature","properties":{"lines":"L-5","arr":["L-5"],"mode":"bus","angle":40.4,"side":-1,"extra":1,"ei":1,"l0":"L-5","c0":"#0357b2"},"geometry":{"type":"Point","coordinates":[18.715837,49.942879]}},{"type":"Feature","properties":{"lines":"L-5","arr":["L-5"],"mode":"bus","angle":42.8,"side":-1,"extra":1,"ei":2,"l0":"L-5","c0":"#0357b2"},"geometry":{"type":"Point","coordinates":[18.718161,49.941721]}},{"type":"Feature","properties":{"lines":"L-5","arr":["L-5"],"mode":"bus","angle":45.3,"side":-1,"extra":1,"ei":3,"l0":"L-5","c0":"#0357b2"},"geometry":{"type":"Point","coordinates":[18.720232,49.940379]}},{"type":"Feature","properties":{"lines":"L-5","arr":["L-5"],"mode":"bus","angle":45.3,"side":-1,"extra":1,"ei":4,"l0":"L-5","c0":"#0357b2"},"geometry":{"type":"Point","coordinates":[18.722303,49.939036]}},{"type":"Feature","properties":{"lines":"L-5","arr":["L-5"],"mode":"bus","angle":44.8,"side":-1,"extra":1,"ei":5,"l0":"L-5","c0":"#0357b2"},"geometry":{"type":"Point","coordinates":[18.724385,49.937701]}},{"type":"Feature","properties":{"lines":"L-5","arr":["L-5"],"mode":"bus","angle":44.8,"side":-1,"extra":1,"ei":6,"l0":"L-5","c0":"#0357b2"},"geometry":{"type":"Point","coordinates":[18.728563,49.93504]}},{"type":"Feature","properties":{"lines":"L-5","arr":["L-5"],"mode":"bus","angle":49.1,"side":-1,"extra":1,"ei":7,"l0":"L-5","c0":"#0357b2"},"geometry":{"type":"Point","coordinates":[18.730623,49.933691]}},{"type":"Feature","properties":{"lines":"L-5","arr":["L-5"],"mode":"bus","angle":51.9,"side":-1,"extra":1,"ei":8,"l0":"L-5","c0":"#0357b2"},"geometry":{"type":"Point","coordinates":[18.732439,49.932205]}},{"type":"Feature","properties":{"lines":"L-5","arr":["L-5"],"mode":"bus","angle":74,"side":-1,"extra":1,"ei":9,"l0":"L-5","c0":"#0357b2"},"geometry":{"type":"Point","coordinates":[18.733917,49.930591]}},{"type":"Feature","properties":{"lines":"L-5","arr":["L-5"],"mode":"bus","angle":84.9,"side":-1,"extra":1,"ei":10,"l0":"L-5","c0":"#0357b2"},"geometry":{"type":"Point","coordinates":[18.734273,49.928719]}},{"type":"Feature","properties":{"lines":"L-5","arr":["L-5"],"mode":"bus","angle":-48.8,"extra":1,"ei":11,"l0":"L-5","c0":"#0357b2"},"geometry":{"type":"Point","coordinates":[18.732566,49.927712]}},{"type":"Feature","properties":{"lines":"L-5","arr":["L-5"],"mode":"bus","angle":-88,"extra":1,"ei":12,"l0":"L-5","c0":"#0357b2"},"geometry":{"type":"Point","coordinates":[18.730719,49.926399]}},{"type":"Feature","properties":{"lines":"L-5","arr":["L-5"],"mode":"bus","angle":10.6,"mi":3,"l0":"L-5","c0":"#0357b2"},"geometry":{"type":"Point","coordinates":[18.713363,49.945671]}},{"type":"Feature","properties":{"lines":"L-5","arr":["L-5"],"mode":"bus","angle":13.8,"side":-1,"mi":1,"l0":"L-5","c0":"#0357b2"},"geometry":{"type":"Point","coordinates":[18.749453,49.914241]}},{"type":"Feature","properties":{"lines":"L-5","arr":["L-5"],"mode":"bus","angle":-49.5,"mi":2,"l0":"L-5","c0":"#0357b2"},"geometry":{"type":"Point","coordinates":[18.720489,49.951044]}},{"type":"Feature","properties":{"lines":"L-5","arr":["L-5"],"mode":"bus","angle":42.5,"extra":1,"ei":0,"l0":"L-5","c0":"#0357b2"},"geometry":{"type":"Point","coordinates":[18.721246,49.952252]}},{"type":"Feature","properties":{"lines":"L-5","arr":["L-5"],"mode":"bus","angle":-4.8,"extra":1,"ei":1,"l0":"L-5","c0":"#0357b2"},"geometry":{"type":"Point","coordinates":[18.717449,49.950045]}},{"type":"Feature","properties":{"lines":"L-5","arr":["L-5"],"mode":"bus","angle":-36.2,"mi":2,"l0":"L-5","c0":"#0357b2"},"geometry":{"type":"Point","coordinates":[18.728561,49.924763]}},{"type":"Feature","properties":{"lines":"L-5","arr":["L-5"],"mode":"bus","angle":-44.4,"extra":1,"ei":0,"l0":"L-5","c0":"#0357b2"},"geometry":{"type":"Point","coordinates":[18.727108,49.923855]}},{"type":"Feature","properties":{"lines":"L-5","arr":["L-5"],"mode":"bus","angle":34.2,"l0":"L-5","c0":"#0357b2"},"geometry":{"type":"Point","coordinates":[18.730051,49.920659]}},{"type":"Feature","properties":{"lines":"L-5","arr":["L-5"],"mode":"bus","angle":53.7,"extra":1,"ei":0,"l0":"L-5","c0":"#0357b2"},"geometry":{"type":"Point","coordinates":[18.726703,49.922333]}},{"type":"Feature","properties":{"lines":"L-5","arr":["L-5"],"mode":"bus","angle":34.2,"extra":1,"ei":1,"l0":"L-5","c0":"#0357b2"},"geometry":{"type":"Point","coordinates":[18.733819,49.919016]}},{"type":"Feature","properties":{"lines":"L-5","arr":["L-5"],"mode":"bus","angle":19.3,"l0":"L-5","c0":"#0357b2"},"geometry":{"type":"Point","coordinates":[18.748645,49.914646]}},{"type":"Feature","properties":{"lines":"L-5","arr":["L-5"],"mode":"bus","angle":34.8,"extra":1,"ei":0,"l0":"L-5","c0":"#0357b2"},"geometry":{"type":"Point","coordinates":[18.73601,49.918056]}},{"type":"Feature","properties":{"lines":"L-5","arr":["L-5"],"mode":"bus","angle":33.2,"extra":1,"ei":1,"l0":"L-5","c0":"#0357b2"},"geometry":{"type":"Point","coordinates":[18.738451,49.917001]}},{"type":"Feature","properties":{"lines":"L-5","arr":["L-5"],"mode":"bus","angle":18.3,"extra":1,"ei":2,"l0":"L-5","c0":"#0357b2"},"geometry":{"type":"Point","coordinates":[18.741129,49.916242]}},{"type":"Feature","properties":{"lines":"L-5","arr":["L-5"],"mode":"bus","angle":18.2,"extra":1,"ei":3,"l0":"L-5","c0":"#0357b2"},"geometry":{"type":"Point","coordinates":[18.743924,49.915648]}},{"type":"Feature","properties":{"lines":"L-5","arr":["L-5"],"mode":"bus","angle":18.3,"extra":1,"ei":4,"l0":"L-5","c0":"#0357b2"},"geometry":{"type":"Point","coordinates":[18.746718,49.915053]}},{"type":"Feature","properties":{"lines":"L-5","arr":["L-5"],"mode":"bus","angle":-15.7,"extra":1,"ei":5,"l0":"L-5","c0":"#0357b2"},"geometry":{"type":"Point","coordinates":[18.752366,49.91469]}},{"type":"Feature","properties":{"lines":"L-5","arr":["L-5"],"mode":"bus","angle":-16.1,"extra":1,"ei":6,"l0":"L-5","c0":"#0357b2"},"geometry":{"type":"Point","coordinates":[18.755194,49.915215]}},{"type":"Feature","properties":{"lines":"L-5","arr":["L-5"],"mode":"bus","angle":-20.3,"extra":1,"ei":7,"l0":"L-5","c0":"#0357b2"},"geometry":{"type":"Point","coordinates":[18.757994,49.915794]}},{"type":"Feature","properties":{"lines":"L-5","arr":["L-5"],"mode":"bus","angle":-10.8,"extra":1,"ei":8,"l0":"L-5","c0":"#0357b2"},"geometry":{"type":"Point","coordinates":[18.760788,49.916376]}},{"type":"Feature","properties":{"lines":"L-5","arr":["L-5"],"mode":"bus","angle":-33.9,"l0":"L-5","c0":"#0357b2"},"geometry":{"type":"Point","coordinates":[18.763706,49.916893]}},{"type":"Feature","properties":{"lines":"L-5","arr":["L-5"],"mode":"bus","angle":84.9,"mi":1,"l0":"L-5","c0":"#0357b2"},"geometry":{"type":"Point","coordinates":[18.73525,49.922762]}},{"type":"Feature","properties":{"lines":"L-5","arr":["L-5"],"mode":"bus","angle":-83.2,"extra":1,"ei":0,"l0":"L-5","c0":"#0357b2"},"geometry":{"type":"Point","coordinates":[18.73503,49.919444]}},{"type":"Feature","properties":{"lines":"L-5","arr":["L-5"],"mode":"bus","angle":-89.4,"extra":1,"ei":1,"l0":"L-5","c0":"#0357b2"},"geometry":{"type":"Point","coordinates":[18.735414,49.921314]}},{"type":"Feature","properties":{"lines":"L-5","arr":["L-5"],"mode":"bus","angle":84.9,"extra":1,"ei":2,"l0":"L-5","c0":"#0357b2"},"geometry":{"type":"Point","coordinates":[18.734926,49.925077]}},{"type":"Feature","properties":{"lines":"L-5","arr":["L-5"],"mode":"bus","angle":84.9,"extra":1,"ei":3,"l0":"L-5","c0":"#0357b2"},"geometry":{"type":"Point","coordinates":[18.734663,49.926958]}},{"type":"Feature","properties":{"lines":"L-5","arr":["L-5"],"mode":"bus","angle":-40.9,"l0":"L-5","c0":"#0357b2"},"geometry":{"type":"Point","coordinates":[18.716861,49.948921]}},{"type":"Feature","properties":{"lines":"L-5","arr":["L-5"],"mode":"bus","angle":-72.7,"extra":1,"ei":0,"l0":"L-5","c0":"#0357b2"},"geometry":{"type":"Point","coordinates":[18.714201,49.946719]}},{"type":"Feature","properties":{"lines":"L-5","arr":["L-5"],"mode":"bus","angle":-67,"extra":1,"ei":1,"l0":"L-5","c0":"#0357b2"},"geometry":{"type":"Point","coordinates":[18.719474,49.951164]}},{"type":"Feature","properties":{"lines":"L-5","arr":["L-5"],"mode":"bus","angle":5.6,"mi":1,"l0":"L-5","c0":"#0357b2"},"geometry":{"type":"Point","coordinates":[18.716514,49.950058]}},{"type":"Feature","properties":{"lines":"L-6","arr":["L-6"],"mode":"bus","angle":11.2,"mi":1,"l0":"L-6","c0":"#066559"},"geometry":{"type":"Point","coordinates":[18.707144,49.949319]}},{"type":"Feature","properties":{"lines":"L-6","arr":["L-6"],"mode":"bus","angle":16.1,"extra":1,"ei":0,"l0":"L-6","c0":"#066559"},"geometry":{"type":"Point","coordinates":[18.713123,49.948548]}},{"type":"Feature","properties":{"lines":"L-6","arr":["L-6"],"mode":"bus","angle":11.2,"extra":1,"ei":1,"l0":"L-6","c0":"#066559"},"geometry":{"type":"Point","coordinates":[18.710238,49.948924]}},{"type":"Feature","properties":{"lines":"L-6","arr":["L-6"],"mode":"bus","angle":-30,"extra":1,"ei":2,"l0":"L-6","c0":"#066559"},"geometry":{"type":"Point","coordinates":[18.704463,49.949661]}},{"type":"Feature","properties":{"lines":"L-6","arr":["L-6"],"mode":"bus","angle":61,"extra":1,"ei":3,"l0":"L-6","c0":"#066559"},"geometry":{"type":"Point","coordinates":[18.704043,49.947844]}},{"type":"Feature","properties":{"lines":"L-6","arr":["L-6"],"mode":"bus","angle":-16.2,"l0":"L-6","c0":"#066559"},"geometry":{"type":"Point","coordinates":[18.709358,49.947713]}},{"type":"Feature","properties":{"lines":"L-6","arr":["L-6"],"mode":"bus","angle":-16.2,"extra":1,"ei":0,"l0":"L-6","c0":"#066559"},"geometry":{"type":"Point","coordinates":[18.706717,49.947221]}},{"type":"Feature","properties":{"lines":"L-6","arr":["L-6"],"mode":"bus","angle":-16.2,"extra":1,"ei":1,"l0":"L-6","c0":"#066559"},"geometry":{"type":"Point","coordinates":[18.712372,49.948274]}},{"type":"Feature","properties":{"lines":"L-6","arr":["L-6"],"mode":"bus","angle":19.3,"mi":4,"l0":"L-6","c0":"#066559"},"geometry":{"type":"Point","coordinates":[18.691916,49.935656]}},{"type":"Feature","properties":{"lines":"L-6","arr":["L-6"],"mode":"bus","angle":-15.8,"extra":1,"ei":0,"l0":"L-6","c0":"#066559"},"geometry":{"type":"Point","coordinates":[18.687392,49.935759]}},{"type":"Feature","properties":{"lines":"L-6","arr":["L-6"],"mode":"bus","angle":31.1,"extra":1,"ei":1,"l0":"L-6","c0":"#066559"},"geometry":{"type":"Point","coordinates":[18.695483,49.934295]}},{"type":"Feature","properties":{"lines":"L-6","arr":["L-6"],"mode":"bus","angle":-89.2,"l0":"L-6","c0":"#066559"},"geometry":{"type":"Point","coordinates":[18.685808,49.928377]}},{"type":"Feature","properties":{"lines":"L-6","arr":["L-6"],"mode":"bus","angle":81,"extra":1,"ei":0,"l0":"L-6","c0":"#066559"},"geometry":{"type":"Point","coordinates":[18.686246,49.934543]}},{"type":"Feature","properties":{"lines":"L-6","arr":["L-6"],"mode":"bus","angle":-83.2,"extra":1,"ei":1,"l0":"L-6","c0":"#066559"},"geometry":{"type":"Point","coordinates":[18.686325,49.932661]}},{"type":"Feature","properties":{"lines":"L-6","arr":["L-6"],"mode":"bus","angle":-82.3,"extra":1,"ei":2,"l0":"L-6","c0":"#066559"},"geometry":{"type":"Point","coordinates":[18.685959,49.930787]}},{"type":"Feature","properties":{"lines":"L-6","arr":["L-6"],"mode":"bus","angle":-12.9,"extra":1,"ei":3,"l0":"L-6","c0":"#066559"},"geometry":{"type":"Point","coordinates":[18.681316,49.928014]}},{"type":"Feature","properties":{"lines":"L-6","arr":["L-6"],"mode":"bus","angle":-20.9,"extra":1,"ei":4,"l0":"L-6","c0":"#066559"},"geometry":{"type":"Point","coordinates":[18.678566,49.92734]}},{"type":"Feature","properties":{"lines":"L-6","arr":["L-6"],"mode":"bus","angle":-20.5,"extra":1,"ei":5,"l0":"L-6","c0":"#066559"},"geometry":{"type":"Point","coordinates":[18.675811,49.926675]}},{"type":"Feature","properties":{"lines":"L-6","arr":["L-6"],"mode":"bus","angle":89.4,"mi":1,"l0":"L-6","c0":"#066559"},"geometry":{"type":"Point","coordinates":[18.675596,49.923541]}},{"type":"Feature","properties":{"lines":"L-6","arr":["L-6"],"mode":"bus","angle":-66.8,"extra":1,"ei":0,"l0":"L-6","c0":"#066559"},"geometry":{"type":"Point","coordinates":[18.675385,49.921419]}},{"type":"Feature","properties":{"lines":"L-6","arr":["L-6"],"mode":"bus","angle":-89.2,"extra":1,"ei":1,"l0":"L-6","c0":"#066559"},"geometry":{"type":"Point","coordinates":[18.675633,49.925168]}},{"type":"Feature","properties":{"lines":"L-6","arr":["L-6"],"mode":"bus","angle":-57.9,"mi":3,"l0":"L-6","c0":"#066559"},"geometry":{"type":"Point","coordinates":[18.675718,49.916898]}},{"type":"Feature","properties":{"lines":"L-6","arr":["L-6"],"mode":"bus","angle":55.1,"extra":1,"ei":0,"l0":"L-6","c0":"#066559"},"geometry":{"type":"Point","coordinates":[18.677236,49.914568]}},{"type":"Feature","properties":{"lines":"L-6","arr":["L-6"],"mode":"bus","angle":79.6,"extra":1,"ei":1,"l0":"L-6","c0":"#066559"},"geometry":{"type":"Point","coordinates":[18.675249,49.919728]}},{"type":"Feature","properties":{"lines":"L-6","arr":["L-6"],"mode":"bus","angle":-76,"mi":1,"l0":"L-6","c0":"#066559"},"geometry":{"type":"Point","coordinates":[18.709797,49.898286]}},{"type":"Feature","properties":{"lines":"L-6","arr":["L-6"],"mode":"bus","angle":89.5,"extra":1,"ei":0,"l0":"L-6","c0":"#066559"},"geometry":{"type":"Point","coordinates":[18.709573,49.896371]}},{"type":"Feature","properties":{"lines":"L-6","arr":["L-6"],"mode":"bus","angle":-65.7,"extra":1,"ei":1,"l0":"L-6","c0":"#066559"},"geometry":{"type":"Point","coordinates":[18.710352,49.900003]}},{"type":"Feature","properties":{"lines":"L-6","arr":["L-6"],"mode":"bus","angle":59.7,"l0":"L-6","c0":"#066559"},"geometry":{"type":"Point","coordinates":[18.71042,49.89386]}},{"type":"Feature","properties":{"lines":"L-6","arr":["L-6"],"mode":"bus","angle":-22.8,"mi":4,"l0":"L-6","c0":"#066559"},"geometry":{"type":"Point","coordinates":[18.720302,49.89455]}},{"type":"Feature","properties":{"lines":"L-6","arr":["L-6"],"mode":"bus","angle":87.1,"extra":1,"ei":0,"l0":"L-6","c0":"#066559"},"geometry":{"type":"Point","coordinates":[18.736243,49.90172]}},{"type":"Feature","properties":{"lines":"L-6","arr":["L-6"],"mode":"bus","angle":-30.5,"extra":1,"ei":1,"l0":"L-6","c0":"#066559"},"geometry":{"type":"Point","coordinates":[18.735267,49.900125]}},{"type":"Feature","properties":{"lines":"L-6","arr":["L-6"],"mode":"bus","angle":-30.2,"extra":1,"ei":2,"l0":"L-6","c0":"#066559"},"geometry":{"type":"Point","coordinates":[18.732725,49.899172]}},{"type":"Feature","properties":{"lines":"L-6","arr":["L-6"],"mode":"bus","angle":-30.2,"extra":1,"ei":3,"l0":"L-6","c0":"#066559"},"geometry":{"type":"Point","coordinates":[18.730192,49.89821]}},{"type":"Feature","properties":{"lines":"L-6","arr":["L-6"],"mode":"bus","angle":-30.3,"extra":1,"ei":4,"l0":"L-6","c0":"#066559"},"geometry":{"type":"Point","coordinates":[18.727647,49.897261]}},{"type":"Feature","properties":{"lines":"L-6","arr":["L-6"],"mode":"bus","angle":-30.4,"extra":1,"ei":5,"l0":"L-6","c0":"#066559"},"geometry":{"type":"Point","coordinates":[18.725105,49.896308]}},{"type":"Feature","properties":{"lines":"L-6","arr":["L-6"],"mode":"bus","angle":-31.2,"extra":1,"ei":6,"l0":"L-6","c0":"#066559"},"geometry":{"type":"Point","coordinates":[18.722561,49.895358]}},{"type":"Feature","properties":{"lines":"L-6","arr":["L-6"],"mode":"bus","angle":-20.4,"extra":1,"ei":7,"l0":"L-6","c0":"#066559"},"geometry":{"type":"Point","coordinates":[18.717216,49.893803]}},{"type":"Feature","properties":{"lines":"L-6","arr":["L-6"],"mode":"bus","angle":-20.6,"extra":1,"ei":8,"l0":"L-6","c0":"#066559"},"geometry":{"type":"Point","coordinates":[18.714459,49.893141]}},{"type":"Feature","properties":{"lines":"L-6","arr":["L-6"],"mode":"bus","angle":-20.5,"extra":1,"ei":9,"l0":"L-6","c0":"#066559"},"geometry":{"type":"Point","coordinates":[18.711702,49.892477]}},{"type":"Feature","properties":{"lines":"L-6","arr":["L-6"],"mode":"bus","angle":-20.4,"extra":1,"ei":10,"l0":"L-6","c0":"#066559"},"geometry":{"type":"Point","coordinates":[18.708942,49.89182]}},{"type":"Feature","properties":{"lines":"L-6","arr":["L-6"],"mode":"bus","angle":-20.6,"extra":1,"ei":11,"l0":"L-6","c0":"#066559"},"geometry":{"type":"Point","coordinates":[18.706183,49.891161]}},{"type":"Feature","properties":{"lines":"L-6","arr":["L-6"],"mode":"bus","angle":-31.1,"extra":1,"ei":12,"l0":"L-6","c0":"#066559"},"geometry":{"type":"Point","coordinates":[18.70353,49.890356]}},{"type":"Feature","properties":{"lines":"L-6","arr":["L-6"],"mode":"bus","angle":-40.6,"extra":1,"ei":13,"l0":"L-6","c0":"#066559"},"geometry":{"type":"Point","coordinates":[18.701047,49.889344]}},{"type":"Feature","properties":{"lines":"L-6","arr":["L-6"],"mode":"bus","angle":59.5,"mi":3,"l0":"L-6","c0":"#066559"},"geometry":{"type":"Point","coordinates":[18.699683,49.890716]}},{"type":"Feature","properties":{"lines":"L-6","arr":["L-6"],"mode":"bus","angle":34.9,"mi":5,"l0":"L-6","c0":"#066559"},"geometry":{"type":"Point","coordinates":[18.69262,49.894625]}},{"type":"Feature","properties":{"lines":"L-6","arr":["L-6"],"mode":"bus","angle":61,"extra":1,"ei":0,"l0":"L-6","c0":"#066559"},"geometry":{"type":"Point","coordinates":[18.689585,49.89726]}},{"type":"Feature","properties":{"lines":"L-6","arr":["L-6"],"mode":"bus","angle":55.3,"extra":1,"ei":1,"l0":"L-6","c0":"#066559"},"geometry":{"type":"Point","coordinates":[18.691047,49.895622]}},{"type":"Feature","properties":{"lines":"L-6","arr":["L-6"],"mode":"bus","angle":33.7,"extra":1,"ei":2,"l0":"L-6","c0":"#066559"},"geometry":{"type":"Point","coordinates":[18.695669,49.893324]}},{"type":"Feature","properties":{"lines":"L-6","arr":["L-6"],"mode":"bus","angle":35.7,"extra":1,"ei":3,"l0":"L-6","c0":"#066559"},"geometry":{"type":"Point","coordinates":[18.69811,49.892269]}},{"type":"Feature","properties":{"lines":"L-7","arr":["L-7"],"mode":"bus","angle":15.9,"l0":"L-7","c0":"#ff5e9b"},"geometry":{"type":"Point","coordinates":[18.726487,49.961443]}},{"type":"Feature","properties":{"lines":"L-7","arr":["L-7"],"mode":"bus","angle":15.6,"extra":1,"ei":0,"l0":"L-7","c0":"#ff5e9b"},"geometry":{"type":"Point","coordinates":[18.719776,49.962693]}},{"type":"Feature","properties":{"lines":"L-7","arr":["L-7"],"mode":"bus","angle":16.7,"extra":1,"ei":1,"l0":"L-7","c0":"#ff5e9b"},"geometry":{"type":"Point","coordinates":[18.722605,49.962171]}},{"type":"Feature","properties":{"lines":"L-7","arr":["L-7"],"mode":"bus","angle":15.8,"extra":1,"ei":2,"l0":"L-7","c0":"#ff5e9b"},"geometry":{"type":"Point","coordinates":[18.728252,49.961122]}},{"type":"Feature","properties":{"lines":"L-7","arr":["L-7"],"mode":"bus","angle":-2.6,"extra":1,"ei":3,"l0":"L-7","c0":"#ff5e9b"},"geometry":{"type":"Point","coordinates":[18.73116,49.960949]}},{"type":"Feature","properties":{"lines":"L-7","arr":["L-7"],"mode":"bus","angle":-3.1,"extra":1,"ei":4,"l0":"L-7","c0":"#ff5e9b"},"geometry":{"type":"Point","coordinates":[18.734101,49.961041]}},{"type":"Feature","properties":{"lines":"L-7","arr":["L-7"],"mode":"bus","angle":28.1,"mi":1,"l0":"L-7","c0":"#ff5e9b"},"geometry":{"type":"Point","coordinates":[18.739256,49.958314]}},{"type":"Feature","properties":{"lines":"L-7","arr":["L-7"],"mode":"bus","angle":40.5,"extra":1,"ei":0,"l0":"L-7","c0":"#ff5e9b"},"geometry":{"type":"Point","coordinates":[18.735761,49.96037]}},{"type":"Feature","properties":{"lines":"L-7","arr":["L-7"],"mode":"bus","angle":20.7,"extra":1,"ei":1,"l0":"L-7","c0":"#ff5e9b"},"geometry":{"type":"Point","coordinates":[18.742338,49.956665]}},{"type":"Feature","properties":{"lines":"L-7","arr":["L-7"],"mode":"bus","angle":-6.4,"l0":"L-7","c0":"#ff5e9b"},"geometry":{"type":"Point","coordinates":[18.758432,49.959208]}},{"type":"Feature","properties":{"lines":"L-7","arr":["L-7"],"mode":"bus","angle":-24.3,"extra":1,"ei":0,"l0":"L-7","c0":"#ff5e9b"},"geometry":{"type":"Point","coordinates":[18.745823,49.956623]}},{"type":"Feature","properties":{"lines":"L-7","arr":["L-7"],"mode":"bus","angle":-0.6,"extra":1,"ei":1,"l0":"L-7","c0":"#ff5e9b"},"geometry":{"type":"Point","coordinates":[18.748728,49.956813]}},{"type":"Feature","properties":{"lines":"L-7","arr":["L-7"],"mode":"bus","angle":-24.4,"extra":1,"ei":2,"l0":"L-7","c0":"#ff5e9b"},"geometry":{"type":"Point","coordinates":[18.751532,49.957333]}},{"type":"Feature","properties":{"lines":"L-7","arr":["L-7"],"mode":"bus","angle":-33.9,"extra":1,"ei":3,"l0":"L-7","c0":"#ff5e9b"},"geometry":{"type":"Point","coordinates":[18.754087,49.958265]}},{"type":"Feature","properties":{"lines":"L-7","arr":["L-7"],"mode":"bus","angle":-3.1,"extra":1,"ei":4,"l0":"L-7","c0":"#ff5e9b"},"geometry":{"type":"Point","coordinates":[18.756555,49.959096]}},{"type":"Feature","properties":{"lines":"L-7","arr":["L-7"],"mode":"bus","angle":-9.1,"extra":1,"ei":5,"l0":"L-7","c0":"#ff5e9b"},"geometry":{"type":"Point","coordinates":[18.762406,49.959513]}},{"type":"Feature","properties":{"lines":"L-7","arr":["L-7"],"mode":"bus","angle":-23.5,"extra":1,"ei":6,"l0":"L-7","c0":"#ff5e9b"},"geometry":{"type":"Point","coordinates":[18.765229,49.960029]}},{"type":"Feature","properties":{"lines":"L-7","arr":["L-7"],"mode":"bus","angle":-24.7,"extra":1,"ei":7,"l0":"L-7","c0":"#ff5e9b"},"geometry":{"type":"Point","coordinates":[18.767906,49.960815]}},{"type":"Feature","properties":{"lines":"L-7","arr":["L-7"],"mode":"bus","angle":-38.9,"extra":1,"ei":8,"l0":"L-7","c0":"#ff5e9b"},"geometry":{"type":"Point","coordinates":[18.770503,49.961695]}},{"type":"Feature","properties":{"lines":"L-7","arr":["L-7"],"mode":"bus","angle":-80.9,"l0":"L-7","c0":"#ff5e9b"},"geometry":{"type":"Point","coordinates":[18.773699,49.960847]}},{"type":"Feature","properties":{"lines":"L-7","arr":["L-7"],"mode":"bus","angle":57.6,"extra":1,"ei":0,"l0":"L-7","c0":"#ff5e9b"},"geometry":{"type":"Point","coordinates":[18.772738,49.96186]}},{"type":"Feature","properties":{"lines":"M10","arr":["M10"],"mode":"bus","angle":-23.4,"mi":3,"l0":"M10","c0":"#126804"},"geometry":{"type":"Point","coordinates":[18.545162,49.943669]}},{"type":"Feature","properties":{"lines":"M10","arr":["M10"],"mode":"bus","angle":71.2,"mi":2,"l0":"M10","c0":"#126804"},"geometry":{"type":"Point","coordinates":[18.544701,49.943059]}},{"type":"Feature","properties":{"lines":"M10","arr":["M10"],"mode":"bus","angle":83.7,"mi":1,"l0":"M10","c0":"#126804"},"geometry":{"type":"Point","coordinates":[18.54593,49.940747]}},{"type":"Feature","properties":{"lines":"M10","arr":["M10"],"mode":"bus","angle":-19.1,"l0":"M10","c0":"#126804"},"geometry":{"type":"Point","coordinates":[18.541023,49.938186]}},{"type":"Feature","properties":{"lines":"M10","arr":["M10"],"mode":"bus","angle":-2.7,"extra":1,"ei":0,"l0":"M10","c0":"#126804"},"geometry":{"type":"Point","coordinates":[18.544165,49.938705]}},{"type":"Feature","properties":{"lines":"M10","arr":["M10"],"mode":"bus","angle":-35.5,"extra":1,"ei":1,"l0":"M10","c0":"#126804"},"geometry":{"type":"Point","coordinates":[18.5388,49.937316]}},{"type":"Feature","properties":{"lines":"M10","arr":["M10"],"mode":"bus","angle":-22.6,"mi":4,"l0":"M10","c0":"#126804"},"geometry":{"type":"Point","coordinates":[18.529412,49.935576]}},{"type":"Feature","properties":{"lines":"M10","arr":["M10"],"mode":"bus","angle":0,"extra":1,"ei":0,"l0":"M10","c0":"#126804"},"geometry":{"type":"Point","coordinates":[18.5356,49.936412]}},{"type":"Feature","properties":{"lines":"M10","arr":["M10"],"mode":"bus","angle":-12.5,"extra":1,"ei":1,"l0":"M10","c0":"#126804"},"geometry":{"type":"Point","coordinates":[18.532732,49.936055]}},{"type":"Feature","properties":{"lines":"M10","arr":["M10"],"mode":"bus","angle":37.1,"extra":1,"ei":2,"l0":"M10","c0":"#126804"},"geometry":{"type":"Point","coordinates":[18.527296,49.936172]}},{"type":"Feature","properties":{"lines":"M10","arr":["M10"],"mode":"bus","angle":35.1,"extra":1,"ei":3,"l0":"M10","c0":"#126804"},"geometry":{"type":"Point","coordinates":[18.524852,49.937204]}},{"type":"Feature","properties":{"lines":"R10, R11, S11","arr":["R10","R11","S11"],"mode":"bus","angle":51.8,"mi":1,"l0":"R10, ","c0":"#b0045c","l1":"R11, ","c1":"#126804","l2":"S11","c2":"#05617d"},"geometry":{"type":"Point","coordinates":[18.578717,49.939209]}},{"type":"Feature","properties":{"lines":"R10, R11, S11","arr":["R10","R11","S11"],"mode":"bus","angle":-83.3,"l0":"R10, ","c0":"#b0045c","l1":"R11, ","c1":"#126804","l2":"S11","c2":"#05617d"},"geometry":{"type":"Point","coordinates":[18.576768,49.943088]}},{"type":"Feature","properties":{"lines":"R10, R11, S11","arr":["R10","R11","S11"],"mode":"bus","angle":2.6,"extra":1,"ei":0,"l0":"R10, ","c0":"#b0045c","l1":"R11, ","c1":"#126804","l2":"S11","c2":"#05617d"},"geometry":{"type":"Point","coordinates":[18.582915,49.937773]}},{"type":"Feature","properties":{"lines":"R10, R11, S11","arr":["R10","R11","S11"],"mode":"bus","angle":30.6,"extra":1,"ei":1,"l0":"R10, ","c0":"#b0045c","l1":"R11, ","c1":"#126804","l2":"S11","c2":"#05617d"},"geometry":{"type":"Point","coordinates":[18.580208,49.938442]}},{"type":"Feature","properties":{"lines":"R10, R11, S11","arr":["R10","R11","S11"],"mode":"bus","angle":66.2,"extra":1,"ei":2,"l0":"R10, ","c0":"#b0045c","l1":"R11, ","c1":"#126804","l2":"S11","c2":"#05617d"},"geometry":{"type":"Point","coordinates":[18.576734,49.941401]}},{"type":"Feature","properties":{"lines":"R10, R11","arr":["R10","R11"],"mode":"bus","angle":72.7,"l0":"R10, ","c0":"#b0045c","l1":"R11","c1":"#126804"},"geometry":{"type":"Point","coordinates":[18.611345,49.910149]}},{"type":"Feature","properties":{"lines":"R10, R11","arr":["R10","R11"],"mode":"bus","angle":67.3,"extra":1,"ei":0,"l0":"R10, ","c0":"#b0045c","l1":"R11","c1":"#126804"},"geometry":{"type":"Point","coordinates":[18.602526,49.920538]}},{"type":"Feature","properties":{"lines":"R10, R11","arr":["R10","R11"],"mode":"bus","angle":45.2,"extra":1,"ei":1,"l0":"R10, ","c0":"#b0045c","l1":"R11","c1":"#126804"},"geometry":{"type":"Point","coordinates":[18.603873,49.918872]}},{"type":"Feature","properties":{"lines":"R10, R11","arr":["R10","R11"],"mode":"bus","angle":73.7,"extra":1,"ei":2,"l0":"R10, ","c0":"#b0045c","l1":"R11","c1":"#126804"},"geometry":{"type":"Point","coordinates":[18.605829,49.917537]}},{"type":"Feature","properties":{"lines":"R10, R11","arr":["R10","R11"],"mode":"bus","angle":66.4,"extra":1,"ei":3,"l0":"R10, ","c0":"#b0045c","l1":"R11","c1":"#126804"},"geometry":{"type":"Point","coordinates":[18.60639,49.915687]}},{"type":"Feature","properties":{"lines":"R10, R11","arr":["R10","R11"],"mode":"bus","angle":62.9,"extra":1,"ei":4,"l0":"R10, ","c0":"#b0045c","l1":"R11","c1":"#126804"},"geometry":{"type":"Point","coordinates":[18.608122,49.91417]}},{"type":"Feature","properties":{"lines":"R10, R11","arr":["R10","R11"],"mode":"bus","angle":66.1,"extra":1,"ei":5,"l0":"R10, ","c0":"#b0045c","l1":"R11","c1":"#126804"},"geometry":{"type":"Point","coordinates":[18.609323,49.912445]}},{"type":"Feature","properties":{"lines":"R10, R11","arr":["R10","R11"],"mode":"bus","angle":-59.9,"extra":1,"ei":6,"l0":"R10, ","c0":"#b0045c","l1":"R11","c1":"#126804"},"geometry":{"type":"Point","coordinates":[18.609997,49.907374]}},{"type":"Feature","properties":{"lines":"R10, R11","arr":["R10","R11"],"mode":"bus","angle":-47.4,"extra":1,"ei":7,"l0":"R10, ","c0":"#b0045c","l1":"R11","c1":"#126804"},"geometry":{"type":"Point","coordinates":[18.608393,49.905803]}},{"type":"Feature","properties":{"lines":"R10, R11","arr":["R10","R11"],"mode":"bus","angle":-51.9,"extra":1,"ei":8,"l0":"R10, ","c0":"#b0045c","l1":"R11","c1":"#126804"},"geometry":{"type":"Point","coordinates":[18.606482,49.904368]}},{"type":"Feature","properties":{"lines":"R10, R11","arr":["R10","R11"],"mode":"bus","angle":-57,"extra":1,"ei":9,"l0":"R10, ","c0":"#b0045c","l1":"R11","c1":"#126804"},"geometry":{"type":"Point","coordinates":[18.60481,49.902821]}},{"type":"Feature","properties":{"lines":"R10, R11","arr":["R10","R11"],"mode":"bus","angle":-59,"extra":1,"ei":10,"l0":"R10, ","c0":"#b0045c","l1":"R11","c1":"#126804"},"geometry":{"type":"Point","coordinates":[18.602959,49.901362]}},{"type":"Feature","properties":{"lines":"R10, R11","arr":["R10","R11"],"mode":"bus","angle":86.7,"extra":1,"ei":11,"l0":"R10, ","c0":"#b0045c","l1":"R11","c1":"#126804"},"geometry":{"type":"Point","coordinates":[18.602372,49.899557]}},{"type":"Feature","properties":{"lines":"R10, R11","arr":["R10","R11"],"mode":"bus","angle":87.2,"l0":"R10, ","c0":"#b0045c","l1":"R11","c1":"#126804"},"geometry":{"type":"Point","coordinates":[18.603476,49.888942]}},{"type":"Feature","properties":{"lines":"R10, R11","arr":["R10","R11"],"mode":"bus","angle":85.9,"extra":1,"ei":0,"l0":"R10, ","c0":"#b0045c","l1":"R11","c1":"#126804"},"geometry":{"type":"Point","coordinates":[18.602555,49.898025]}},{"type":"Feature","properties":{"lines":"R10, R11","arr":["R10","R11"],"mode":"bus","angle":85.9,"extra":1,"ei":1,"l0":"R10, ","c0":"#b0045c","l1":"R11","c1":"#126804"},"geometry":{"type":"Point","coordinates":[18.602765,49.896141]}},{"type":"Feature","properties":{"lines":"R10, R11","arr":["R10","R11"],"mode":"bus","angle":85.6,"extra":1,"ei":2,"l0":"R10, ","c0":"#b0045c","l1":"R11","c1":"#126804"},"geometry":{"type":"Point","coordinates":[18.602986,49.894258]}},{"type":"Feature","properties":{"lines":"R10, R11","arr":["R10","R11"],"mode":"bus","angle":76.9,"extra":1,"ei":3,"l0":"R10, ","c0":"#b0045c","l1":"R11","c1":"#126804"},"geometry":{"type":"Point","coordinates":[18.603319,49.892385]}},{"type":"Feature","properties":{"lines":"R10, R11","arr":["R10","R11"],"mode":"bus","angle":-88.4,"extra":1,"ei":4,"l0":"R10, ","c0":"#b0045c","l1":"R11","c1":"#126804"},"geometry":{"type":"Point","coordinates":[18.603532,49.890511]}},{"type":"Feature","properties":{"lines":"R10, R11","arr":["R10","R11"],"mode":"bus","angle":87.5,"extra":1,"ei":5,"l0":"R10, ","c0":"#b0045c","l1":"R11","c1":"#126804"},"geometry":{"type":"Point","coordinates":[18.604291,49.88681]}},{"type":"Feature","properties":{"lines":"R10, R11","arr":["R10","R11"],"mode":"bus","angle":-64.3,"extra":1,"ei":6,"l0":"R10, ","c0":"#b0045c","l1":"R11","c1":"#126804"},"geometry":{"type":"Point","coordinates":[18.603409,49.885041]}},{"type":"Feature","properties":{"lines":"R10, R11","arr":["R10","R11"],"mode":"bus","angle":-83.1,"extra":1,"ei":7,"l0":"R10, ","c0":"#b0045c","l1":"R11","c1":"#126804"},"geometry":{"type":"Point","coordinates":[18.602849,49.883197]}},{"type":"Feature","properties":{"lines":"R10, R11","arr":["R10","R11"],"mode":"bus","angle":-83.4,"extra":1,"ei":8,"l0":"R10, ","c0":"#b0045c","l1":"R11","c1":"#126804"},"geometry":{"type":"Point","coordinates":[18.602486,49.881323]}},{"type":"Feature","properties":{"lines":"R10, R11","arr":["R10","R11"],"mode":"bus","angle":-83.3,"extra":1,"ei":9,"l0":"R10, ","c0":"#b0045c","l1":"R11","c1":"#126804"},"geometry":{"type":"Point","coordinates":[18.602145,49.879447]}},{"type":"Feature","properties":{"lines":"R10","arr":["R10"],"mode":"bus","angle":-83.6,"mi":1,"l0":"R10","c0":"#b0045c"},"geometry":{"type":"Point","coordinates":[18.602018,49.878754]}},{"type":"Feature","properties":{"lines":"R10","arr":["R10"],"mode":"bus","angle":28,"l0":"R10","c0":"#b0045c"},"geometry":{"type":"Point","coordinates":[18.614697,49.876368]}},{"type":"Feature","properties":{"lines":"R10","arr":["R10"],"mode":"bus","angle":39.1,"extra":1,"ei":0,"l0":"R10","c0":"#b0045c"},"geometry":{"type":"Point","coordinates":[18.62395,49.871774]}},{"type":"Feature","properties":{"lines":"R10","arr":["R10"],"mode":"bus","angle":39.3,"extra":1,"ei":1,"l0":"R10","c0":"#b0045c"},"geometry":{"type":"Point","coordinates":[18.621668,49.872967]}},{"type":"Feature","properties":{"lines":"R10","arr":["R10"],"mode":"bus","angle":39.2,"extra":1,"ei":2,"l0":"R10","c0":"#b0045c"},"geometry":{"type":"Point","coordinates":[18.619389,49.874162]}},{"type":"Feature","properties":{"lines":"R10","arr":["R10"],"mode":"bus","angle":38.7,"extra":1,"ei":3,"l0":"R10","c0":"#b0045c"},"geometry":{"type":"Point","coordinates":[18.617092,49.875344]}},{"type":"Feature","properties":{"lines":"R10","arr":["R10"],"mode":"bus","angle":28.4,"extra":1,"ei":4,"l0":"R10","c0":"#b0045c"},"geometry":{"type":"Point","coordinates":[18.612052,49.877276]}},{"type":"Feature","properties":{"lines":"R10","arr":["R10"],"mode":"bus","angle":0.6,"extra":1,"ei":5,"l0":"R10","c0":"#b0045c"},"geometry":{"type":"Point","coordinates":[18.609246,49.877739]}},{"type":"Feature","properties":{"lines":"R10","arr":["R10"],"mode":"bus","angle":0.6,"extra":1,"ei":6,"l0":"R10","c0":"#b0045c"},"geometry":{"type":"Point","coordinates":[18.606302,49.877759]}},{"type":"Feature","properties":{"lines":"R10","arr":["R10"],"mode":"bus","angle":0.9,"extra":1,"ei":7,"l0":"R10","c0":"#b0045c"},"geometry":{"type":"Point","coordinates":[18.603358,49.877786]}},{"type":"Feature","properties":{"lines":"S10, S11, S12, S12A, S13, S14, S15, S16, W11","arr":["S10","S11","S12","S12A","S13","S14","S15","S16","W11"],"mode":"bus","angle":48.7,"l0":"S10, ","c0":"#cf8a11","l1":"S11, ","c1":"#05617d","l2":"S12, ","c2":"#a72d06","l3":"S12A, ","c3":"#ff627e","l4":"S13, ","c4":"#1cab97","l5":"S14, ","c5":"#79a620","l6":"S15, ","c6":"#5a5d02","l7":"S16, ","c7":"#10a5d2","l8":"W11","c8":"#4d4aba"},"geometry":{"type":"Point","coordinates":[18.619403,49.966263]}},{"type":"Feature","properties":{"lines":"S10, S11, S12, S12A, S13, S14, S15, S16, W11","arr":["S10","S11","S12","S12A","S13","S14","S15","S16","W11"],"mode":"bus","angle":51.1,"mi":2,"l0":"S10, ","c0":"#cf8a11","l1":"S11, ","c1":"#05617d","l2":"S12, ","c2":"#a72d06","l3":"S12A, ","c3":"#ff627e","l4":"S13, ","c4":"#1cab97","l5":"S14, ","c5":"#79a620","l6":"S15, ","c6":"#5a5d02","l7":"S16, ","c7":"#10a5d2","l8":"W11","c8":"#4d4aba"},"geometry":{"type":"Point","coordinates":[18.612612,49.973304]}},{"type":"Feature","properties":{"lines":"S10, S11, S12, S12A, S13, S14, S15, S16, W11","arr":["S10","S11","S12","S12A","S13","S14","S15","S16","W11"],"mode":"bus","angle":43.6,"extra":1,"ei":0,"l0":"S10, ","c0":"#cf8a11","l1":"S11, ","c1":"#05617d","l2":"S12, ","c2":"#a72d06","l3":"S12A, ","c3":"#ff627e","l4":"S13, ","c4":"#1cab97","l5":"S14, ","c5":"#79a620","l6":"S15, ","c6":"#5a5d02","l7":"S16, ","c7":"#10a5d2","l8":"W11","c8":"#4d4aba"},"geometry":{"type":"Point","coordinates":[18.611121,49.974221]}},{"type":"Feature","properties":{"lines":"S10, S11, S12, S12A, S13, S14, S15, S16, W11","arr":["S10","S11","S12","S12A","S13","S14","S15","S16","W11"],"mode":"bus","angle":55.4,"extra":1,"ei":0,"l0":"S10, ","c0":"#cf8a11","l1":"S11, ","c1":"#05617d","l2":"S12, ","c2":"#a72d06","l3":"S12A, ","c3":"#ff627e","l4":"S13, ","c4":"#1cab97","l5":"S14, ","c5":"#79a620","l6":"S15, ","c6":"#5a5d02","l7":"S16, ","c7":"#10a5d2","l8":"W11","c8":"#4d4aba"},"geometry":{"type":"Point","coordinates":[18.61537,49.970297]}},{"type":"Feature","properties":{"lines":"S10, S11, S12, S12A, S13, S14, S15, S16, W11","arr":["S10","S11","S12","S12A","S13","S14","S15","S16","W11"],"mode":"bus","angle":67,"extra":1,"ei":1,"l0":"S10, ","c0":"#cf8a11","l1":"S11, ","c1":"#05617d","l2":"S12, ","c2":"#a72d06","l3":"S12A, ","c3":"#ff627e","l4":"S13, ","c4":"#1cab97","l5":"S14, ","c5":"#79a620","l6":"S15, ","c6":"#5a5d02","l7":"S16, ","c7":"#10a5d2","l8":"W11","c8":"#4d4aba"},"geometry":{"type":"Point","coordinates":[18.616845,49.968671]}},{"type":"Feature","properties":{"lines":"S10, S11, S12, S12A, S13, S14, S15, S16, W11","arr":["S10","S11","S12","S12A","S13","S14","S15","S16","W11"],"mode":"bus","angle":89,"extra":1,"ei":2,"l0":"S10, ","c0":"#cf8a11","l1":"S11, ","c1":"#05617d","l2":"S12, ","c2":"#a72d06","l3":"S12A, ","c3":"#ff627e","l4":"S13, ","c4":"#1cab97","l5":"S14, ","c5":"#79a620","l6":"S15, ","c6":"#5a5d02","l7":"S16, ","c7":"#10a5d2","l8":"W11","c8":"#4d4aba"},"geometry":{"type":"Point","coordinates":[18.621515,49.964002]}},{"type":"Feature","properties":{"lines":"S10, S11, S12, S12A, S13, S14, S15, S16, W11","arr":["S10","S11","S12","S12A","S13","S14","S15","S16","W11"],"mode":"bus","angle":52,"extra":1,"ei":3,"l0":"S10, ","c0":"#cf8a11","l1":"S11, ","c1":"#05617d","l2":"S12, ","c2":"#a72d06","l3":"S12A, ","c3":"#ff627e","l4":"S13, ","c4":"#1cab97","l5":"S14, ","c5":"#79a620","l6":"S15, ","c6":"#5a5d02","l7":"S16, ","c7":"#10a5d2","l8":"W11","c8":"#4d4aba"},"geometry":{"type":"Point","coordinates":[18.622216,49.962228]}},{"type":"Feature","properties":{"lines":"S10, S11, S12, S12A, S13, S14, S15, S16, W11","arr":["S10","S11","S12","S12A","S13","S14","S15","S16","W11"],"mode":"bus","angle":49.4,"mi":1,"l0":"S10, ","c0":"#cf8a11","l1":"S11, ","c1":"#05617d","l2":"S12, ","c2":"#a72d06","l3":"S12A, ","c3":"#ff627e","l4":"S13, ","c4":"#1cab97","l5":"S14, ","c5":"#79a620","l6":"S15, ","c6":"#5a5d02","l7":"S16, ","c7":"#10a5d2","l8":"W11","c8":"#4d4aba"},"geometry":{"type":"Point","coordinates":[18.622304,49.965257]}},{"type":"Feature","properties":{"lines":"S10, S13, W11","arr":["S10","S13","W11"],"mode":"bus","angle":59.6,"mi":1,"l0":"S10, ","c0":"#cf8a11","l1":"S13, ","c1":"#1cab97","l2":"W11","c2":"#4d4aba"},"geometry":{"type":"Point","coordinates":[18.6096,49.975557]}},{"type":"Feature","properties":{"lines":"S10, S13, W11","arr":["S10","S13","W11"],"mode":"bus","angle":63.7,"mi":2,"l0":"S10, ","c0":"#cf8a11","l1":"S13, ","c1":"#1cab97","l2":"W11","c2":"#4d4aba"},"geometry":{"type":"Point","coordinates":[18.605002,49.983568]}},{"type":"Feature","properties":{"lines":"S10, S13, W11","arr":["S10","S13","W11"],"mode":"bus","angle":77.1,"l0":"S10, ","c0":"#cf8a11","l1":"S13, ","c1":"#1cab97","l2":"W11","c2":"#4d4aba"},"geometry":{"type":"Point","coordinates":[18.608044,49.978702]}},{"type":"Feature","properties":{"lines":"S10, S13, W11","arr":["S10","S13","W11"],"mode":"bus","angle":77.3,"extra":1,"ei":0,"l0":"S10, ","c0":"#cf8a11","l1":"S13, ","c1":"#1cab97","l2":"W11","c2":"#4d4aba"},"geometry":{"type":"Point","coordinates":[18.608557,49.977249]}},{"type":"Feature","properties":{"lines":"S10, S13, W11","arr":["S10","S13","W11"],"mode":"bus","angle":69.8,"extra":1,"ei":1,"l0":"S10, ","c0":"#cf8a11","l1":"S13, ","c1":"#1cab97","l2":"W11","c2":"#4d4aba"},"geometry":{"type":"Point","coordinates":[18.606913,49.980868]}},{"type":"Feature","properties":{"lines":"S10, S13, W11","arr":["S10","S13","W11"],"mode":"bus","angle":63.7,"extra":1,"ei":0,"l0":"S10, ","c0":"#cf8a11","l1":"S13, ","c1":"#1cab97","l2":"W11","c2":"#4d4aba"},"geometry":{"type":"Point","coordinates":[18.606135,49.982095]}},{"type":"Feature","properties":{"lines":"S10, S13, W11","arr":["S10","S13","W11"],"mode":"bus","angle":63.9,"extra":1,"ei":1,"l0":"S10, ","c0":"#cf8a11","l1":"S13, ","c1":"#1cab97","l2":"W11","c2":"#4d4aba"},"geometry":{"type":"Point","coordinates":[18.603534,49.985484]}},{"type":"Feature","properties":{"lines":"S10, S13","arr":["S10","S13"],"mode":"bus","angle":-5.5,"l0":"S10, ","c0":"#cf8a11","l1":"S13","c1":"#1cab97"},"geometry":{"type":"Point","coordinates":[18.605302,49.985841]}},{"type":"Feature","properties":{"lines":"S10, S13","arr":["S10","S13"],"mode":"bus","angle":-12.2,"mi":1,"l0":"S10, ","c0":"#cf8a11","l1":"S13","c1":"#1cab97"},"geometry":{"type":"Point","coordinates":[18.615006,49.988026]}},{"type":"Feature","properties":{"lines":"S10, S13","arr":["S10","S13"],"mode":"bus","angle":-22.9,"extra":1,"ei":0,"l0":"S10, ","c0":"#cf8a11","l1":"S13","c1":"#1cab97"},"geometry":{"type":"Point","coordinates":[18.608302,49.98665]}},{"type":"Feature","properties":{"lines":"S10, S13","arr":["S10","S13"],"mode":"bus","angle":-18.4,"extra":1,"ei":1,"l0":"S10, ","c0":"#cf8a11","l1":"S13","c1":"#1cab97"},"geometry":{"type":"Point","coordinates":[18.611152,49.987112]}},{"type":"Feature","properties":{"lines":"S10, S13","arr":["S10","S13"],"mode":"bus","angle":-16.6,"extra":1,"ei":2,"l0":"S10, ","c0":"#cf8a11","l1":"S13","c1":"#1cab97"},"geometry":{"type":"Point","coordinates":[18.619695,49.988058]}},{"type":"Feature","properties":{"lines":"S10, S13","arr":["S10","S13"],"mode":"bus","angle":-8.4,"extra":1,"ei":3,"l0":"S10, ","c0":"#cf8a11","l1":"S13","c1":"#1cab97"},"geometry":{"type":"Point","coordinates":[18.62254,49.988521]}},{"type":"Feature","properties":{"lines":"S10, S11, S12, S14, S15, S16","arr":["S10","S11","S12","S14","S15","S16"],"mode":"bus","angle":-2.2,"l0":"S10, ","c0":"#cf8a11","l1":"S11, ","c1":"#05617d","l2":"S12, ","c2":"#a72d06","l3":"S14, ","c3":"#79a620","l4":"S15, ","c4":"#5a5d02","l5":"S16","c5":"#10a5d2"},"geometry":{"type":"Point","coordinates":[18.625497,49.988598]}},{"type":"Feature","properties":{"lines":"S10, S12A","arr":["S10","S12A"],"mode":"bus","angle":-42.4,"l0":"S10, ","c0":"#cf8a11","l1":"S12A","c1":"#ff627e"},"geometry":{"type":"Point","coordinates":[18.636388,49.994312]}},{"type":"Feature","properties":{"lines":"S10, S12A","arr":["S10","S12A"],"mode":"bus","angle":-48.9,"extra":1,"ei":0,"l0":"S10, ","c0":"#cf8a11","l1":"S12A","c1":"#ff627e"},"geometry":{"type":"Point","coordinates":[18.628375,49.989702]}},{"type":"Feature","properties":{"lines":"S10, S12A","arr":["S10","S12A"],"mode":"bus","angle":2.1,"extra":1,"ei":1,"l0":"S10, ","c0":"#cf8a11","l1":"S12A","c1":"#ff627e"},"geometry":{"type":"Point","coordinates":[18.630856,49.990489]}},{"type":"Feature","properties":{"lines":"S10, S12A","arr":["S10","S12A"],"mode":"bus","angle":-79.7,"extra":1,"ei":2,"l0":"S10, ","c0":"#cf8a11","l1":"S12A","c1":"#ff627e"},"geometry":{"type":"Point","coordinates":[18.632711,49.991605]}},{"type":"Feature","properties":{"lines":"S10, S12A","arr":["S10","S12A"],"mode":"bus","angle":-38.4,"extra":1,"ei":3,"l0":"S10, ","c0":"#cf8a11","l1":"S12A","c1":"#ff627e"},"geometry":{"type":"Point","coordinates":[18.63417,49.993191]}},{"type":"Feature","properties":{"lines":"S10, S12A","arr":["S10","S12A"],"mode":"bus","angle":-31.2,"extra":1,"ei":4,"l0":"S10, ","c0":"#cf8a11","l1":"S12A","c1":"#ff627e"},"geometry":{"type":"Point","coordinates":[18.63891,49.995415]}},{"type":"Feature","properties":{"lines":"S10, S12A","arr":["S10","S12A"],"mode":"bus","angle":-31.6,"extra":1,"ei":5,"l0":"S10, ","c0":"#cf8a11","l1":"S12A","c1":"#ff627e"},"geometry":{"type":"Point","coordinates":[18.641421,49.996401]}},{"type":"Feature","properties":{"lines":"S10, S12A","arr":["S10","S12A"],"mode":"bus","angle":-30.6,"extra":1,"ei":6,"l0":"S10, ","c0":"#cf8a11","l1":"S12A","c1":"#ff627e"},"geometry":{"type":"Point","coordinates":[18.643942,49.997377]}},{"type":"Feature","properties":{"lines":"S10, S12A","arr":["S10","S12A"],"mode":"bus","angle":-22.5,"extra":1,"ei":7,"l0":"S10, ","c0":"#cf8a11","l1":"S12A","c1":"#ff627e"},"geometry":{"type":"Point","coordinates":[18.646492,49.998319]}},{"type":"Feature","properties":{"lines":"S10, S12A, S15","arr":["S10","S12A","S15"],"mode":"bus","angle":-31,"l0":"S10, ","c0":"#cf8a11","l1":"S12A, ","c1":"#ff627e","l2":"S15","c2":"#5a5d02"},"geometry":{"type":"Point","coordinates":[18.653075,50.003119]}},{"type":"Feature","properties":{"lines":"S10, S12A, S15","arr":["S10","S12A","S15"],"mode":"bus","angle":-42.2,"extra":1,"ei":0,"l0":"S10, ","c0":"#cf8a11","l1":"S12A, ","c1":"#ff627e","l2":"S15","c2":"#5a5d02"},"geometry":{"type":"Point","coordinates":[18.648817,49.999062]}},{"type":"Feature","properties":{"lines":"S10, S12A, S15","arr":["S10","S12A","S15"],"mode":"bus","angle":-60.3,"extra":1,"ei":1,"l0":"S10, ","c0":"#cf8a11","l1":"S12A, ","c1":"#ff627e","l2":"S15","c2":"#5a5d02"},"geometry":{"type":"Point","coordinates":[18.650476,50.000608]}},{"type":"Feature","properties":{"lines":"S10, S12A, S15","arr":["S10","S12A","S15"],"mode":"bus","angle":-60.7,"extra":1,"ei":2,"l0":"S10, ","c0":"#cf8a11","l1":"S12A, ","c1":"#ff627e","l2":"S15","c2":"#5a5d02"},"geometry":{"type":"Point","coordinates":[18.651589,50.002349]}},{"type":"Feature","properties":{"lines":"S10, S12A, S15","arr":["S10","S12A","S15"],"mode":"bus","angle":-53.5,"extra":1,"ei":3,"l0":"S10, ","c0":"#cf8a11","l1":"S12A, ","c1":"#ff627e","l2":"S15","c2":"#5a5d02"},"geometry":{"type":"Point","coordinates":[18.655582,50.005038]}},{"type":"Feature","properties":{"lines":"S10, S12A, S15","arr":["S10","S12A","S15"],"mode":"bus","angle":-72.6,"extra":1,"ei":4,"l0":"S10, ","c0":"#cf8a11","l1":"S12A, ","c1":"#ff627e","l2":"S15","c2":"#5a5d02"},"geometry":{"type":"Point","coordinates":[18.657,50.006682]}},{"type":"Feature","properties":{"lines":"S10, S11","arr":["S10","S11"],"mode":"bus","angle":-52.9,"mi":3,"l0":"S10, ","c0":"#cf8a11","l1":"S11","c1":"#05617d"},"geometry":{"type":"Point","coordinates":[18.665356,50.012229]}},{"type":"Feature","properties":{"lines":"S10, S11","arr":["S10","S11"],"mode":"bus","angle":-68.5,"extra":1,"ei":0,"l0":"S10, ","c0":"#cf8a11","l1":"S11","c1":"#05617d"},"geometry":{"type":"Point","coordinates":[18.658071,50.00908]}},{"type":"Feature","properties":{"lines":"S10, S11","arr":["S10","S11"],"mode":"bus","angle":-39.2,"extra":1,"ei":1,"l0":"S10, ","c0":"#cf8a11","l1":"S11","c1":"#05617d"},"geometry":{"type":"Point","coordinates":[18.660083,50.010421]}},{"type":"Feature","properties":{"lines":"S10, S11","arr":["S10","S11"],"mode":"bus","angle":-23.2,"extra":1,"ei":2,"l0":"S10, ","c0":"#cf8a11","l1":"S11","c1":"#05617d"},"geometry":{"type":"Point","coordinates":[18.662621,50.011361]}},{"type":"Feature","properties":{"lines":"S10, S11","arr":["S10","S11"],"mode":"bus","angle":-77,"extra":1,"ei":3,"l0":"S10, ","c0":"#cf8a11","l1":"S11","c1":"#05617d"},"geometry":{"type":"Point","coordinates":[18.666221,50.013927]}},{"type":"Feature","properties":{"lines":"S10, S11","arr":["S10","S11"],"mode":"bus","angle":-61,"extra":1,"ei":4,"l0":"S10, ","c0":"#cf8a11","l1":"S11","c1":"#05617d"},"geometry":{"type":"Point","coordinates":[18.667104,50.01572]}},{"type":"Feature","properties":{"lines":"S10, S11","arr":["S10","S11"],"mode":"bus","angle":-69.4,"extra":1,"ei":5,"l0":"S10, ","c0":"#cf8a11","l1":"S11","c1":"#05617d"},"geometry":{"type":"Point","coordinates":[18.668337,50.017427]}},{"type":"Feature","properties":{"lines":"S10, S11","arr":["S10","S11"],"mode":"bus","angle":12.9,"mi":1,"l0":"S10, ","c0":"#cf8a11","l1":"S11","c1":"#05617d"},"geometry":{"type":"Point","coordinates":[18.67084,50.021822]}},{"type":"Feature","properties":{"lines":"S11, S12A, S15","arr":["S11","S12A","S15"],"mode":"bus","angle":26.4,"l0":"S11, ","c0":"#05617d","l1":"S12A, ","c1":"#ff627e","l2":"S15","c2":"#5a5d02"},"geometry":{"type":"Point","coordinates":[18.634567,50.010611]}},{"type":"Feature","properties":{"lines":"S11, S12A, S15","arr":["S11","S12A","S15"],"mode":"bus","angle":-6,"extra":1,"ei":0,"l0":"S11, ","c0":"#05617d","l1":"S12A, ","c1":"#ff627e","l2":"S15","c2":"#5a5d02"},"geometry":{"type":"Point","coordinates":[18.656186,50.008115]}},{"type":"Feature","properties":{"lines":"S11, S12A, S15","arr":["S11","S12A","S15"],"mode":"bus","angle":-9.6,"extra":1,"ei":1,"l0":"S11, ","c0":"#05617d","l1":"S12A, ","c1":"#ff627e","l2":"S15","c2":"#5a5d02"},"geometry":{"type":"Point","coordinates":[18.65326,50.007903]}},{"type":"Feature","properties":{"lines":"S11, S12A, S15","arr":["S11","S12A","S15"],"mode":"bus","angle":6.6,"extra":1,"ei":2,"l0":"S11, ","c0":"#05617d","l1":"S12A, ","c1":"#ff627e","l2":"S15","c2":"#5a5d02"},"geometry":{"type":"Point","coordinates":[18.650411,50.007563]}},{"type":"Feature","properties":{"lines":"S11, S12A, S15","arr":["S11","S12A","S15"],"mode":"bus","angle":7,"extra":1,"ei":3,"l0":"S11, ","c0":"#05617d","l1":"S12A, ","c1":"#ff627e","l2":"S15","c2":"#5a5d02"},"geometry":{"type":"Point","coordinates":[18.647489,50.007794]}},{"type":"Feature","properties":{"lines":"S11, S12A, S15","arr":["S11","S12A","S15"],"mode":"bus","angle":12.8,"extra":1,"ei":4,"l0":"S11, ","c0":"#05617d","l1":"S12A, ","c1":"#ff627e","l2":"S15","c2":"#5a5d02"},"geometry":{"type":"Point","coordinates":[18.644572,50.008041]}},{"type":"Feature","properties":{"lines":"S11, S12A, S15","arr":["S11","S12A","S15"],"mode":"bus","angle":18.1,"extra":1,"ei":5,"l0":"S11, ","c0":"#05617d","l1":"S12A, ","c1":"#ff627e","l2":"S15","c2":"#5a5d02"},"geometry":{"type":"Point","coordinates":[18.641757,50.008591]}},{"type":"Feature","properties":{"lines":"S11, S12A, S15","arr":["S11","S12A","S15"],"mode":"bus","angle":26.2,"extra":1,"ei":6,"l0":"S11, ","c0":"#05617d","l1":"S12A, ","c1":"#ff627e","l2":"S15","c2":"#5a5d02"},"geometry":{"type":"Point","coordinates":[18.639097,50.009381]}},{"type":"Feature","properties":{"lines":"S11, S12A, S15","arr":["S11","S12A","S15"],"mode":"bus","angle":22.1,"extra":1,"ei":7,"l0":"S11, ","c0":"#05617d","l1":"S12A, ","c1":"#ff627e","l2":"S15","c2":"#5a5d02"},"geometry":{"type":"Point","coordinates":[18.636353,50.010062]}},{"type":"Feature","properties":{"lines":"S11, S12A, S15","arr":["S11","S12A","S15"],"mode":"bus","angle":14.6,"extra":1,"ei":8,"l0":"S11, ","c0":"#05617d","l1":"S12A, ","c1":"#ff627e","l2":"S15","c2":"#5a5d02"},"geometry":{"type":"Point","coordinates":[18.630915,50.011461]}},{"type":"Feature","properties":{"lines":"S11, S12A, S15","arr":["S11","S12A","S15"],"mode":"bus","angle":24.1,"extra":1,"ei":9,"l0":"S11, ","c0":"#05617d","l1":"S12A, ","c1":"#ff627e","l2":"S15","c2":"#5a5d02"},"geometry":{"type":"Point","coordinates":[18.628187,50.012165]}},{"type":"Feature","properties":{"lines":"S11, S12A, S15","arr":["S11","S12A","S15"],"mode":"bus","angle":23.5,"extra":1,"ei":10,"l0":"S11, ","c0":"#05617d","l1":"S12A, ","c1":"#ff627e","l2":"S15","c2":"#5a5d02"},"geometry":{"type":"Point","coordinates":[18.625488,50.01292]}},{"type":"Feature","properties":{"lines":"S11, S12A, S15","arr":["S11","S12A","S15"],"mode":"bus","angle":13.5,"extra":1,"ei":11,"l0":"S11, ","c0":"#05617d","l1":"S12A, ","c1":"#ff627e","l2":"S15","c2":"#5a5d02"},"geometry":{"type":"Point","coordinates":[18.622778,50.013655]}},{"type":"Feature","properties":{"lines":"S11, S12A, S15","arr":["S11","S12A","S15"],"mode":"bus","angle":2.4,"extra":1,"ei":12,"l0":"S11, ","c0":"#05617d","l1":"S12A, ","c1":"#ff627e","l2":"S15","c2":"#5a5d02"},"geometry":{"type":"Point","coordinates":[18.619841,50.013763]}},{"type":"Feature","properties":{"lines":"S11, S12A, S15","arr":["S11","S12A","S15"],"mode":"bus","angle":23.7,"extra":1,"ei":13,"l0":"S11, ","c0":"#05617d","l1":"S12A, ","c1":"#ff627e","l2":"S15","c2":"#5a5d02"},"geometry":{"type":"Point","coordinates":[18.617021,50.014221]}},{"type":"Feature","properties":{"lines":"S11, S12A, S15","arr":["S11","S12A","S15"],"mode":"bus","angle":23.5,"extra":1,"ei":14,"l0":"S11, ","c0":"#05617d","l1":"S12A, ","c1":"#ff627e","l2":"S15","c2":"#5a5d02"},"geometry":{"type":"Point","coordinates":[18.614325,50.014979]}},{"type":"Feature","properties":{"lines":"S11, S12A, S15","arr":["S11","S12A","S15"],"mode":"bus","angle":29.3,"l0":"S11, ","c0":"#05617d","l1":"S12A, ","c1":"#ff627e","l2":"S15","c2":"#5a5d02"},"geometry":{"type":"Point","coordinates":[18.608447,50.01669]}},{"type":"Feature","properties":{"lines":"S11, S12A, S15","arr":["S11","S12A","S15"],"mode":"bus","angle":23.8,"extra":1,"ei":0,"l0":"S11, ","c0":"#05617d","l1":"S12A, ","c1":"#ff627e","l2":"S15","c2":"#5a5d02"},"geometry":{"type":"Point","coordinates":[18.610696,50.015999]}},{"type":"Feature","properties":{"lines":"S11, S12A, S15","arr":["S11","S12A","S15"],"mode":"bus","angle":3.5,"extra":1,"ei":1,"l0":"S11, ","c0":"#05617d","l1":"S12A, ","c1":"#ff627e","l2":"S15","c2":"#5a5d02"},"geometry":{"type":"Point","coordinates":[18.605333,50.017445]}},{"type":"Feature","properties":{"lines":"S11","arr":["S11"],"mode":"bus","angle":-39.5,"side":-1,"l0":"S11","c0":"#05617d"},"geometry":{"type":"Point","coordinates":[18.60489,50.017304]}},{"type":"Feature","properties":{"lines":"S11, S12, S15","arr":["S11","S12","S15"],"mode":"bus","angle":-85.8,"l0":"S11, ","c0":"#05617d","l1":"S12, ","c1":"#a72d06","l2":"S15","c2":"#5a5d02"},"geometry":{"type":"Point","coordinates":[18.60477,50.009786]}},{"type":"Feature","properties":{"lines":"S11, S12, S15","arr":["S11","S12","S15"],"mode":"bus","angle":-68.6,"extra":1,"ei":0,"l0":"S11, ","c0":"#05617d","l1":"S12, ","c1":"#a72d06","l2":"S15","c2":"#5a5d02"},"geometry":{"type":"Point","coordinates":[18.604223,50.016612]}},{"type":"Feature","properties":{"lines":"S11, S12, S15","arr":["S11","S12","S15"],"mode":"bus","angle":84.3,"extra":1,"ei":1,"l0":"S11, ","c0":"#05617d","l1":"S12, ","c1":"#a72d06","l2":"S15","c2":"#5a5d02"},"geometry":{"type":"Point","coordinates":[18.603953,50.014756]}},{"type":"Feature","properties":{"lines":"S11, S12, S15","arr":["S11","S12","S15"],"mode":"bus","angle":84.3,"extra":1,"ei":2,"l0":"S11, ","c0":"#05617d","l1":"S12, ","c1":"#a72d06","l2":"S15","c2":"#5a5d02"},"geometry":{"type":"Point","coordinates":[18.604244,50.012876]}},{"type":"Feature","properties":{"lines":"S11, S12, S15","arr":["S11","S12","S15"],"mode":"bus","angle":80.9,"extra":1,"ei":3,"l0":"S11, ","c0":"#05617d","l1":"S12, ","c1":"#a72d06","l2":"S15","c2":"#5a5d02"},"geometry":{"type":"Point","coordinates":[18.604801,50.011025]}},{"type":"Feature","properties":{"lines":"S11, S12, S15","arr":["S11","S12","S15"],"mode":"bus","angle":85,"extra":1,"ei":4,"l0":"S11, ","c0":"#05617d","l1":"S12, ","c1":"#a72d06","l2":"S15","c2":"#5a5d02"},"geometry":{"type":"Point","coordinates":[18.604734,50.00726]}},{"type":"Feature","properties":{"lines":"S11, S12, S15","arr":["S11","S12","S15"],"mode":"bus","angle":85.2,"extra":1,"ei":5,"l0":"S11, ","c0":"#05617d","l1":"S12, ","c1":"#a72d06","l2":"S15","c2":"#5a5d02"},"geometry":{"type":"Point","coordinates":[18.604979,50.005378]}},{"type":"Feature","properties":{"lines":"S11, S12, S15","arr":["S11","S12","S15"],"mode":"bus","angle":81.7,"extra":1,"ei":6,"l0":"S11, ","c0":"#05617d","l1":"S12, ","c1":"#a72d06","l2":"S15","c2":"#5a5d02"},"geometry":{"type":"Point","coordinates":[18.605219,50.003496]}},{"type":"Feature","properties":{"lines":"S11, S12, S15","arr":["S11","S12","S15"],"mode":"bus","angle":69.2,"mi":1,"l0":"S11, ","c0":"#05617d","l1":"S12, ","c1":"#a72d06","l2":"S15","c2":"#5a5d02"},"geometry":{"type":"Point","coordinates":[18.606424,49.999791]}},{"type":"Feature","properties":{"lines":"S11, S12, S15","arr":["S11","S12","S15"],"mode":"bus","angle":78.1,"extra":1,"ei":0,"l0":"S11, ","c0":"#05617d","l1":"S12, ","c1":"#a72d06","l2":"S15","c2":"#5a5d02"},"geometry":{"type":"Point","coordinates":[18.605925,50.001053]}},{"type":"Feature","properties":{"lines":"S11, S12, S15","arr":["S11","S12","S15"],"mode":"bus","angle":-30.1,"l0":"S11, ","c0":"#05617d","l1":"S12, ","c1":"#a72d06","l2":"S15","c2":"#5a5d02"},"geometry":{"type":"Point","coordinates":[18.609247,49.998277]}},{"type":"Feature","properties":{"lines":"S11, S12, S13, S14, S15, S16","arr":["S11","S12","S13","S14","S15","S16"],"mode":"bus","angle":56.3,"mi":1,"l0":"S11, ","c0":"#05617d","l1":"S12, ","c1":"#a72d06","l2":"S13, ","c2":"#1cab97","l3":"S14, ","c3":"#79a620","l4":"S15, ","c4":"#5a5d02","l5":"S16","c5":"#10a5d2"},"geometry":{"type":"Point","coordinates":[18.618241,49.994319]}},{"type":"Feature","properties":{"lines":"S11, S12, S13, S14, S15, S16","arr":["S11","S12","S13","S14","S15","S16"],"mode":"bus","angle":62.2,"extra":1,"ei":0,"l0":"S11, ","c0":"#05617d","l1":"S12, ","c1":"#a72d06","l2":"S13, ","c2":"#1cab97","l3":"S14, ","c3":"#79a620","l4":"S15, ","c4":"#5a5d02","l5":"S16","c5":"#10a5d2"},"geometry":{"type":"Point","coordinates":[18.611219,49.99809]}},{"type":"Feature","properties":{"lines":"S11, S12, S13, S14, S15, S16","arr":["S11","S12","S13","S14","S15","S16"],"mode":"bus","angle":31.8,"extra":1,"ei":1,"l0":"S11, ","c0":"#05617d","l1":"S12, ","c1":"#a72d06","l2":"S13, ","c2":"#1cab97","l3":"S14, ","c3":"#79a620","l4":"S15, ","c4":"#5a5d02","l5":"S16","c5":"#10a5d2"},"geometry":{"type":"Point","coordinates":[18.613322,49.996849]}},{"type":"Feature","properties":{"lines":"S11, S12, S13, S14, S15, S16","arr":["S11","S12","S13","S14","S15","S16"],"mode":"bus","angle":21.8,"extra":1,"ei":2,"l0":"S11, ","c0":"#05617d","l1":"S12, ","c1":"#a72d06","l2":"S13, ","c2":"#1cab97","l3":"S14, ","c3":"#79a620","l4":"S15, ","c4":"#5a5d02","l5":"S16","c5":"#10a5d2"},"geometry":{"type":"Point","coordinates":[18.615945,49.996006]}},{"type":"Feature","properties":{"lines":"S11, S12, S13, S14, S15, S16","arr":["S11","S12","S13","S14","S15","S16"],"mode":"bus","angle":59.2,"extra":1,"ei":3,"l0":"S11, ","c0":"#05617d","l1":"S12, ","c1":"#a72d06","l2":"S13, ","c2":"#1cab97","l3":"S14, ","c3":"#79a620","l4":"S15, ","c4":"#5a5d02","l5":"S16","c5":"#10a5d2"},"geometry":{"type":"Point","coordinates":[18.619416,49.993027]}},{"type":"Feature","properties":{"lines":"S11, S12, S13, S14, S15, S16","arr":["S11","S12","S13","S14","S15","S16"],"mode":"bus","angle":42.8,"extra":1,"ei":4,"l0":"S11, ","c0":"#05617d","l1":"S12, ","c1":"#a72d06","l2":"S13, ","c2":"#1cab97","l3":"S14, ","c3":"#79a620","l4":"S15, ","c4":"#5a5d02","l5":"S16","c5":"#10a5d2"},"geometry":{"type":"Point","coordinates":[18.621736,49.991971]}},{"type":"Feature","properties":{"lines":"S11, S12, S13, S14, S15, S16","arr":["S11","S12","S13","S14","S15","S16"],"mode":"bus","angle":78.7,"extra":1,"ei":5,"l0":"S11, ","c0":"#05617d","l1":"S12, ","c1":"#a72d06","l2":"S13, ","c2":"#1cab97","l3":"S14, ","c3":"#79a620","l4":"S15, ","c4":"#5a5d02","l5":"S16","c5":"#10a5d2"},"geometry":{"type":"Point","coordinates":[18.622902,49.990255]}},{"type":"Feature","properties":{"lines":"S11, S12, S12A, S14, S15, S16","arr":["S11","S12","S12A","S14","S15","S16"],"mode":"bus","angle":-45.6,"l0":"S11, ","c0":"#05617d","l1":"S12, ","c1":"#a72d06","l2":"S12A, ","c2":"#ff627e","l3":"S14, ","c3":"#79a620","l4":"S15, ","c4":"#5a5d02","l5":"S16","c5":"#10a5d2"},"geometry":{"type":"Point","coordinates":[18.619752,49.981756]}},{"type":"Feature","properties":{"lines":"S11, S12, S12A, S14, S15, S16","arr":["S11","S12","S12A","S14","S15","S16"],"mode":"bus","angle":-75.7,"extra":1,"ei":0,"l0":"S11, ","c0":"#05617d","l1":"S12, ","c1":"#a72d06","l2":"S12A, ","c2":"#ff627e","l3":"S14, ","c3":"#79a620","l4":"S15, ","c4":"#5a5d02","l5":"S16","c5":"#10a5d2"},"geometry":{"type":"Point","coordinates":[18.627622,49.988146]}},{"type":"Feature","properties":{"lines":"S11, S12, S12A, S14, S15, S16","arr":["S11","S12","S12A","S14","S15","S16"],"mode":"bus","angle":-61.5,"extra":1,"ei":1,"l0":"S11, ","c0":"#05617d","l1":"S12, ","c1":"#a72d06","l2":"S12A, ","c2":"#ff627e","l3":"S14, ","c3":"#79a620","l4":"S15, ","c4":"#5a5d02","l5":"S16","c5":"#10a5d2"},"geometry":{"type":"Point","coordinates":[18.626157,49.986511]}},{"type":"Feature","properties":{"lines":"S11, S12, S12A, S14, S15, S16","arr":["S11","S12","S12A","S14","S15","S16"],"mode":"bus","angle":-61.4,"extra":1,"ei":2,"l0":"S11, ","c0":"#05617d","l1":"S12, ","c1":"#a72d06","l2":"S12A, ","c2":"#ff627e","l3":"S14, ","c3":"#79a620","l4":"S15, ","c4":"#5a5d02","l5":"S16","c5":"#10a5d2"},"geometry":{"type":"Point","coordinates":[18.624717,49.984864]}},{"type":"Feature","properties":{"lines":"S11, S12, S12A, S14, S15, S16","arr":["S11","S12","S12A","S14","S15","S16"],"mode":"bus","angle":-31.7,"extra":1,"ei":3,"l0":"S11, ","c0":"#05617d","l1":"S12, ","c1":"#a72d06","l2":"S12A, ","c2":"#ff627e","l3":"S14, ","c3":"#79a620","l4":"S15, ","c4":"#5a5d02","l5":"S16","c5":"#10a5d2"},"geometry":{"type":"Point","coordinates":[18.622946,49.983414]}},{"type":"Feature","properties":{"lines":"S11, S12, S12A, S14, S15, S16","arr":["S11","S12","S12A","S14","S15","S16"],"mode":"bus","angle":-52,"extra":1,"ei":4,"l0":"S11, ","c0":"#05617d","l1":"S12, ","c1":"#a72d06","l2":"S12A, ","c2":"#ff627e","l3":"S14, ","c3":"#79a620","l4":"S15, ","c4":"#5a5d02","l5":"S16","c5":"#10a5d2"},"geometry":{"type":"Point","coordinates":[18.616734,49.979444]}},{"type":"Feature","properties":{"lines":"S11, S12, S12A, S14, S15, S16","arr":["S11","S12","S12A","S14","S15","S16"],"mode":"bus","angle":-50.7,"extra":1,"ei":5,"l0":"S11, ","c0":"#05617d","l1":"S12, ","c1":"#a72d06","l2":"S12A, ","c2":"#ff627e","l3":"S14, ","c3":"#79a620","l4":"S15, ","c4":"#5a5d02","l5":"S16","c5":"#10a5d2"},"geometry":{"type":"Point","coordinates":[18.614879,49.977977]}},{"type":"Feature","properties":{"lines":"S11, S12, S12A, S14, S15, S16","arr":["S11","S12","S12A","S14","S15","S16"],"mode":"bus","angle":-58.3,"extra":1,"ei":6,"l0":"S11, ","c0":"#05617d","l1":"S12, ","c1":"#a72d06","l2":"S12A, ","c2":"#ff627e","l3":"S14, ","c3":"#79a620","l4":"S15, ","c4":"#5a5d02","l5":"S16","c5":"#10a5d2"},"geometry":{"type":"Point","coordinates":[18.613011,49.976519]}},{"type":"Feature","properties":{"lines":"S11, S12, S12A, S14, S15, S16","arr":["S11","S12","S12A","S14","S15","S16"],"mode":"bus","angle":-30.8,"extra":1,"ei":7,"l0":"S11, ","c0":"#05617d","l1":"S12, ","c1":"#a72d06","l2":"S12A, ","c2":"#ff627e","l3":"S14, ","c3":"#79a620","l4":"S15, ","c4":"#5a5d02","l5":"S16","c5":"#10a5d2"},"geometry":{"type":"Point","coordinates":[18.610953,49.975235]}},{"type":"Feature","properties":{"lines":"S11, S13","arr":["S11","S13"],"mode":"bus","angle":-4.3,"mi":1,"l0":"S11, ","c0":"#05617d","l1":"S13","c1":"#1cab97"},"geometry":{"type":"Point","coordinates":[18.605698,49.956096]}},{"type":"Feature","properties":{"lines":"S11, S13","arr":["S11","S13"],"mode":"bus","angle":-81.9,"l0":"S11, ","c0":"#05617d","l1":"S13","c1":"#1cab97"},"geometry":{"type":"Point","coordinates":[18.608869,49.957011]}},{"type":"Feature","properties":{"lines":"S11, S12, S14, S15, S16","arr":["S11","S12","S14","S15","S16"],"mode":"bus","angle":63.7,"l0":"S11, ","c0":"#05617d","l1":"S12, ","c1":"#a72d06","l2":"S14, ","c2":"#79a620","l3":"S15, ","c3":"#5a5d02","l4":"S16","c4":"#10a5d2"},"geometry":{"type":"Point","coordinates":[18.624748,49.986403]}},{"type":"Feature","properties":{"lines":"S11, S12, S14, S15, S16","arr":["S11","S12","S14","S15","S16"],"mode":"bus","angle":-89.3,"mi":1,"l0":"S11, ","c0":"#05617d","l1":"S12, ","c1":"#a72d06","l2":"S14, ","c2":"#79a620","l3":"S15, ","c3":"#5a5d02","l4":"S16","c4":"#10a5d2"},"geometry":{"type":"Point","coordinates":[18.623571,49.987731]}},{"type":"Feature","properties":{"lines":"S11, S12, S13, S14, S15, S16","arr":["S11","S12","S13","S14","S15","S16"],"mode":"bus","angle":-30.4,"l0":"S11, ","c0":"#05617d","l1":"S12, ","c1":"#a72d06","l2":"S13, ","c2":"#1cab97","l3":"S14, ","c3":"#79a620","l4":"S15, ","c4":"#5a5d02","l5":"S16","c5":"#10a5d2"},"geometry":{"type":"Point","coordinates":[18.610321,49.99866]}},{"type":"Feature","properties":{"lines":"S12, S12A","arr":["S12","S12A"],"mode":"bus","angle":66.4,"l0":"S12, ","c0":"#a72d06","l1":"S12A","c1":"#ff627e"},"geometry":{"type":"Point","coordinates":[18.595464,50.021485]}},{"type":"Feature","properties":{"lines":"S12, S12A","arr":["S12","S12A"],"mode":"bus","angle":22,"extra":1,"ei":0,"l0":"S12, ","c0":"#a72d06","l1":"S12A","c1":"#ff627e"},"geometry":{"type":"Point","coordinates":[18.590532,50.026576]}},{"type":"Feature","properties":{"lines":"S12, S12A","arr":["S12","S12A"],"mode":"bus","angle":48.1,"extra":1,"ei":1,"l0":"S12, ","c0":"#a72d06","l1":"S12A","c1":"#ff627e"},"geometry":{"type":"Point","coordinates":[18.593059,50.025653]}},{"type":"Feature","properties":{"lines":"S12, S12A","arr":["S12","S12A"],"mode":"bus","angle":75.1,"extra":1,"ei":2,"l0":"S12, ","c0":"#a72d06","l1":"S12A","c1":"#ff627e"},"geometry":{"type":"Point","coordinates":[18.5946,50.024055]}},{"type":"Feature","properties":{"lines":"S12, S12A","arr":["S12","S12A"],"mode":"bus","angle":28.8,"extra":1,"ei":3,"l0":"S12, ","c0":"#a72d06","l1":"S12A","c1":"#ff627e"},"geometry":{"type":"Point","coordinates":[18.598763,50.019547]}},{"type":"Feature","properties":{"lines":"S12, S12A","arr":["S12","S12A"],"mode":"bus","angle":29.7,"extra":1,"ei":4,"l0":"S12, ","c0":"#a72d06","l1":"S12A","c1":"#ff627e"},"geometry":{"type":"Point","coordinates":[18.601307,50.018596]}},{"type":"Feature","properties":{"lines":"S12, S12A","arr":["S12","S12A"],"mode":"bus","angle":27.1,"extra":1,"ei":5,"l0":"S12, ","c0":"#a72d06","l1":"S12A","c1":"#ff627e"},"geometry":{"type":"Point","coordinates":[18.603912,50.017716]}},{"type":"Feature","properties":{"lines":"S13","arr":["S13"],"mode":"bus","angle":88.8,"l0":"S13","c0":"#1cab97"},"geometry":{"type":"Point","coordinates":[18.59725,49.956243]}},{"type":"Feature","properties":{"lines":"S13","arr":["S13"],"mode":"bus","angle":81.7,"l0":"S13","c0":"#1cab97"},"geometry":{"type":"Point","coordinates":[18.56993,49.96089]}},{"type":"Feature","properties":{"lines":"S15","arr":["S15"],"mode":"bus","angle":60,"l0":"S15","c0":"#5a5d02"},"geometry":{"type":"Point","coordinates":[18.653784,49.992482]}},{"type":"Feature","properties":{"lines":"S15","arr":["S15"],"mode":"bus","angle":22.9,"extra":1,"ei":0,"l0":"S15","c0":"#5a5d02"},"geometry":{"type":"Point","coordinates":[18.660341,49.988597]}},{"type":"Feature","properties":{"lines":"S15","arr":["S15"],"mode":"bus","angle":31.8,"extra":1,"ei":1,"l0":"S15","c0":"#5a5d02"},"geometry":{"type":"Point","coordinates":[18.657693,49.989418]}},{"type":"Feature","properties":{"lines":"S15","arr":["S15"],"mode":"bus","angle":28.5,"extra":1,"ei":2,"l0":"S15","c0":"#5a5d02"},"geometry":{"type":"Point","coordinates":[18.655111,49.990319]}},{"type":"Feature","properties":{"lines":"S15","arr":["S15"],"mode":"bus","angle":61.8,"extra":1,"ei":3,"l0":"S15","c0":"#5a5d02"},"geometry":{"type":"Point","coordinates":[18.652766,49.993615]}},{"type":"Feature","properties":{"lines":"S15","arr":["S15"],"mode":"bus","angle":51.8,"extra":1,"ei":4,"l0":"S15","c0":"#5a5d02"},"geometry":{"type":"Point","coordinates":[18.651579,49.995323]}},{"type":"Feature","properties":{"lines":"S15","arr":["S15"],"mode":"bus","angle":51.3,"extra":1,"ei":5,"l0":"S15","c0":"#5a5d02"},"geometry":{"type":"Point","coordinates":[18.649742,49.996799]}},{"type":"Feature","properties":{"lines":"S15","arr":["S15"],"mode":"bus","angle":53.1,"extra":1,"ei":6,"l0":"S15","c0":"#5a5d02"},"geometry":{"type":"Point","coordinates":[18.647894,49.998269]}},{"type":"Feature","properties":{"lines":"W09, W10, W11","arr":["W09","W10","W11"],"mode":"bus","angle":-22.2,"side":-1,"l0":"W09, ","c0":"#11a2e3","l1":"W10, ","c1":"#6b5806","l2":"W11","c2":"#4d4aba"},"geometry":{"type":"Point","coordinates":[18.471974,50.003086]}},{"type":"Feature","properties":{"lines":"W09, W10","arr":["W09","W10"],"mode":"bus","angle":63.5,"l0":"W09, ","c0":"#11a2e3","l1":"W10","c1":"#6b5806"},"geometry":{"type":"Point","coordinates":[18.481173,49.998563]}},{"type":"Feature","properties":{"lines":"W09, W10","arr":["W09","W10"],"mode":"bus","angle":55.9,"extra":1,"ei":0,"l0":"W09, ","c0":"#11a2e3","l1":"W10","c1":"#6b5806"},"geometry":{"type":"Point","coordinates":[18.479098,50.000864]}},{"type":"Feature","properties":{"lines":"W09, W10","arr":["W09","W10"],"mode":"bus","angle":41.2,"extra":1,"ei":1,"l0":"W09, ","c0":"#11a2e3","l1":"W10","c1":"#6b5806"},"geometry":{"type":"Point","coordinates":[18.483812,49.996127]}},{"type":"Feature","properties":{"lines":"W09","arr":["W09"],"mode":"bus","angle":-5.9,"l0":"W09","c0":"#11a2e3"},"geometry":{"type":"Point","coordinates":[18.505601,49.985589]}},{"type":"Feature","properties":{"lines":"W09","arr":["W09"],"mode":"bus","angle":-72.1,"l0":"W09","c0":"#11a2e3"},"geometry":{"type":"Point","coordinates":[18.543359,49.9522]}},{"type":"Feature","properties":{"lines":"W09","arr":["W09"],"mode":"bus","angle":90,"extra":1,"ei":0,"l0":"W09","c0":"#11a2e3"},"geometry":{"type":"Point","coordinates":[18.54577,49.956227]}},{"type":"Feature","properties":{"lines":"W09","arr":["W09"],"mode":"bus","angle":-67,"extra":1,"ei":1,"l0":"W09","c0":"#11a2e3"},"geometry":{"type":"Point","coordinates":[18.544876,49.954443]}},{"type":"Feature","properties":{"lines":"W09","arr":["W09"],"mode":"bus","angle":88.8,"extra":1,"ei":2,"l0":"W09","c0":"#11a2e3"},"geometry":{"type":"Point","coordinates":[18.543031,49.950891]}},{"type":"Feature","properties":{"lines":"W09","arr":["W09"],"mode":"bus","angle":86.3,"extra":1,"ei":3,"l0":"W09","c0":"#11a2e3"},"geometry":{"type":"Point","coordinates":[18.543226,49.949006]}},{"type":"Feature","properties":{"lines":"W09","arr":["W09"],"mode":"bus","angle":71.9,"extra":1,"ei":4,"l0":"W09","c0":"#11a2e3"},"geometry":{"type":"Point","coordinates":[18.543732,49.947159]}},{"type":"Feature","properties":{"lines":"W09","arr":["W09"],"mode":"bus","angle":65.6,"mi":1,"l0":"W09","c0":"#11a2e3"},"geometry":{"type":"Point","coordinates":[18.544677,49.945403]}},{"type":"Feature","properties":{"lines":"W10","arr":["W10"],"mode":"bus","angle":40.7,"mi":2,"l0":"W10","c0":"#6b5806"},"geometry":{"type":"Point","coordinates":[18.558943,49.960449]}},{"type":"Feature","properties":{"lines":"W10","arr":["W10"],"mode":"bus","angle":34.9,"mi":1,"l0":"W10","c0":"#6b5806"},"geometry":{"type":"Point","coordinates":[18.549212,49.965363]}},{"type":"Feature","properties":{"lines":"W10","arr":["W10"],"mode":"bus","angle":58.5,"extra":1,"ei":0,"l0":"W10","c0":"#6b5806"},"geometry":{"type":"Point","coordinates":[18.562323,49.956917]}},{"type":"Feature","properties":{"lines":"W10","arr":["W10"],"mode":"bus","angle":63.5,"extra":1,"ei":1,"l0":"W10","c0":"#6b5806"},"geometry":{"type":"Point","coordinates":[18.5612,49.958658]}},{"type":"Feature","properties":{"lines":"W10","arr":["W10"],"mode":"bus","angle":36.3,"extra":1,"ei":2,"l0":"W10","c0":"#6b5806"},"geometry":{"type":"Point","coordinates":[18.557214,49.961383]}},{"type":"Feature","properties":{"lines":"W10","arr":["W10"],"mode":"bus","angle":40.4,"extra":1,"ei":3,"l0":"W10","c0":"#6b5806"},"geometry":{"type":"Point","coordinates":[18.554852,49.962506]}},{"type":"Feature","properties":{"lines":"W10","arr":["W10"],"mode":"bus","angle":31.7,"extra":1,"ei":0,"l0":"W10","c0":"#6b5806"},"geometry":{"type":"Point","coordinates":[18.550738,49.96468]}},{"type":"Feature","properties":{"lines":"W10","arr":["W10"],"mode":"bus","angle":36.7,"l0":"W10","c0":"#6b5806"},"geometry":{"type":"Point","coordinates":[18.552124,49.964159]}},{"type":"Feature","properties":{"lines":"W11","arr":["W11"],"mode":"bus","angle":-10.4,"l0":"W11","c0":"#4d4aba"},"geometry":{"type":"Point","coordinates":[18.589279,49.985487]}},{"type":"Feature","properties":{"lines":"W11","arr":["W11"],"mode":"bus","angle":62.3,"extra":1,"ei":0,"l0":"W11","c0":"#4d4aba"},"geometry":{"type":"Point","coordinates":[18.602553,49.986731]}},{"type":"Feature","properties":{"lines":"W11","arr":["W11"],"mode":"bus","angle":13.2,"extra":1,"ei":1,"l0":"W11","c0":"#4d4aba"},"geometry":{"type":"Point","coordinates":[18.600491,49.987932]}},{"type":"Feature","properties":{"lines":"W11","arr":["W11"],"mode":"bus","angle":-12.4,"extra":1,"ei":2,"l0":"W11","c0":"#4d4aba"},"geometry":{"type":"Point","coordinates":[18.597563,49.98785]}},{"type":"Feature","properties":{"lines":"W11","arr":["W11"],"mode":"bus","angle":1.1,"extra":1,"ei":3,"l0":"W11","c0":"#4d4aba"},"geometry":{"type":"Point","coordinates":[18.59474,49.987411]}},{"type":"Feature","properties":{"lines":"W11","arr":["W11"],"mode":"bus","angle":-48.6,"extra":1,"ei":4,"l0":"W11","c0":"#4d4aba"},"geometry":{"type":"Point","coordinates":[18.592167,49.986754]}},{"type":"Feature","properties":{"lines":"W11","arr":["W11"],"mode":"bus","angle":-0.8,"extra":1,"ei":5,"l0":"W11","c0":"#4d4aba"},"geometry":{"type":"Point","coordinates":[18.58699,49.985398]}},{"type":"Feature","properties":{"lines":"W11","arr":["W11"],"mode":"bus","angle":27.8,"extra":1,"ei":6,"l0":"W11","c0":"#4d4aba"},"geometry":{"type":"Point","coordinates":[18.584135,49.985738]}},{"type":"Feature","properties":{"lines":"W11","arr":["W11"],"mode":"bus","angle":3.8,"extra":1,"ei":7,"l0":"W11","c0":"#4d4aba"},"geometry":{"type":"Point","coordinates":[18.581249,49.986002]}},{"type":"Feature","properties":{"lines":"W11","arr":["W11"],"mode":"bus","angle":24.7,"extra":1,"ei":8,"l0":"W11","c0":"#4d4aba"},"geometry":{"type":"Point","coordinates":[18.578699,49.986786]}},{"type":"Feature","properties":{"lines":"W11","arr":["W11"],"mode":"bus","angle":19.1,"extra":1,"ei":9,"l0":"W11","c0":"#4d4aba"},"geometry":{"type":"Point","coordinates":[18.575925,49.987417]}},{"type":"Feature","properties":{"lines":"W11","arr":["W11"],"mode":"bus","angle":-40.3,"l0":"W11","c0":"#4d4aba"},"geometry":{"type":"Point","coordinates":[18.569878,49.982742]}},{"type":"Feature","properties":{"lines":"W11","arr":["W11"],"mode":"bus","angle":-68,"extra":1,"ei":0,"l0":"W11","c0":"#4d4aba"},"geometry":{"type":"Point","coordinates":[18.572676,49.986663]}},{"type":"Feature","properties":{"lines":"W11","arr":["W11"],"mode":"bus","angle":-72.3,"extra":1,"ei":1,"l0":"W11","c0":"#4d4aba"},"geometry":{"type":"Point","coordinates":[18.571632,49.984898]}},{"type":"Feature","properties":{"lines":"W11","arr":["W11"],"mode":"bus","angle":-31.8,"extra":1,"ei":2,"l0":"W11","c0":"#4d4aba"},"geometry":{"type":"Point","coordinates":[18.568204,49.982018]}},{"type":"Feature","properties":{"lines":"W11","arr":["W11"],"mode":"bus","angle":-39.7,"extra":1,"ei":3,"l0":"W11","c0":"#4d4aba"},"geometry":{"type":"Point","coordinates":[18.565826,49.98091]}},{"type":"Feature","properties":{"lines":"W11","arr":["W11"],"mode":"bus","angle":-30.4,"extra":1,"ei":4,"l0":"W11","c0":"#4d4aba"},"geometry":{"type":"Point","coordinates":[18.563582,49.979689]}},{"type":"Feature","properties":{"lines":"W11","arr":["W11"],"mode":"bus","angle":31.5,"l0":"W11","c0":"#4d4aba"},"geometry":{"type":"Point","coordinates":[18.548516,49.992892]}},{"type":"Feature","properties":{"lines":"W11","arr":["W11"],"mode":"bus","angle":65.3,"extra":1,"ei":0,"l0":"W11","c0":"#4d4aba"},"geometry":{"type":"Point","coordinates":[18.562644,49.98045]}},{"type":"Feature","properties":{"lines":"W11","arr":["W11"],"mode":"bus","angle":55.6,"extra":1,"ei":1,"l0":"W11","c0":"#4d4aba"},"geometry":{"type":"Point","coordinates":[18.561298,49.982125]}},{"type":"Feature","properties":{"lines":"W11","arr":["W11"],"mode":"bus","angle":70.3,"extra":1,"ei":2,"l0":"W11","c0":"#4d4aba"},"geometry":{"type":"Point","coordinates":[18.559932,49.983782]}},{"type":"Feature","properties":{"lines":"W11","arr":["W11"],"mode":"bus","angle":67.1,"extra":1,"ei":3,"l0":"W11","c0":"#4d4aba"},"geometry":{"type":"Point","coordinates":[18.558791,49.985518]}},{"type":"Feature","properties":{"lines":"W11","arr":["W11"],"mode":"bus","angle":87,"extra":1,"ei":4,"l0":"W11","c0":"#4d4aba"},"geometry":{"type":"Point","coordinates":[18.558558,49.987391]}},{"type":"Feature","properties":{"lines":"W11","arr":["W11"],"mode":"bus","angle":35.1,"extra":1,"ei":5,"l0":"W11","c0":"#4d4aba"},"geometry":{"type":"Point","coordinates":[18.557591,49.989018]}},{"type":"Feature","properties":{"lines":"W11","arr":["W11"],"mode":"bus","angle":34.8,"extra":1,"ei":6,"l0":"W11","c0":"#4d4aba"},"geometry":{"type":"Point","coordinates":[18.555177,49.990099]}},{"type":"Feature","properties":{"lines":"W11","arr":["W11"],"mode":"bus","angle":35.2,"extra":1,"ei":7,"l0":"W11","c0":"#4d4aba"},"geometry":{"type":"Point","coordinates":[18.552762,49.99118]}},{"type":"Feature","properties":{"lines":"W11","arr":["W11"],"mode":"bus","angle":31.6,"extra":1,"ei":8,"l0":"W11","c0":"#4d4aba"},"geometry":{"type":"Point","coordinates":[18.550284,49.992199]}},{"type":"Feature","properties":{"lines":"W11","arr":["W11"],"mode":"bus","angle":43.3,"extra":1,"ei":9,"l0":"W11","c0":"#4d4aba"},"geometry":{"type":"Point","coordinates":[18.545487,49.994365]}},{"type":"Feature","properties":{"lines":"W11","arr":["W11"],"mode":"bus","angle":42.5,"extra":1,"ei":10,"l0":"W11","c0":"#4d4aba"},"geometry":{"type":"Point","coordinates":[18.543342,49.995658]}},{"type":"Feature","properties":{"lines":"W11","arr":["W11"],"mode":"bus","angle":43.7,"extra":1,"ei":11,"l0":"W11","c0":"#4d4aba"},"geometry":{"type":"Point","coordinates":[18.541013,49.996808]}},{"type":"Feature","properties":{"lines":"W11","arr":["W11"],"mode":"bus","angle":30.7,"extra":1,"ei":12,"l0":"W11","c0":"#4d4aba"},"geometry":{"type":"Point","coordinates":[18.538916,49.998126]}},{"type":"Feature","properties":{"lines":"W11","arr":["W11"],"mode":"bus","angle":-9.7,"extra":1,"ei":13,"l0":"W11","c0":"#4d4aba"},"geometry":{"type":"Point","coordinates":[18.536055,49.998246]}},{"type":"Feature","properties":{"lines":"W11","arr":["W11"],"mode":"bus","angle":-9,"extra":1,"ei":14,"l0":"W11","c0":"#4d4aba"},"geometry":{"type":"Point","coordinates":[18.533129,49.998131]}},{"type":"Feature","properties":{"lines":"W11","arr":["W11"],"mode":"bus","angle":13.2,"extra":1,"ei":15,"l0":"W11","c0":"#4d4aba"},"geometry":{"type":"Point","coordinates":[18.530234,49.998291]}},{"type":"Feature","properties":{"lines":"W11","arr":["W11"],"mode":"bus","angle":15.3,"extra":1,"ei":16,"l0":"W11","c0":"#4d4aba"},"geometry":{"type":"Point","coordinates":[18.527363,49.998707]}},{"type":"Feature","properties":{"lines":"C19","arr":["C19"],"mode":"bus","angle":-41.2,"mi":1,"l0":"C19","c0":"#e47e2b"},"geometry":{"type":"Point","coordinates":[18.566223,49.95785]}},{"type":"Feature","properties":{"lines":"C19","arr":["C19"],"mode":"bus","angle":-41.2,"extra":1,"ei":0,"l0":"C19","c0":"#e47e2b"},"geometry":{"type":"Point","coordinates":[18.564693,49.956993]}},{"type":"Feature","properties":{"lines":"01","arr":["01"],"mode":"bus","angle":-80.3,"l0":"01","c0":"#076734"},"geometry":{"type":"Point","coordinates":[18.701285,50.02957]}},{"type":"Feature","properties":{"lines":"W38, W50, W51","arr":["W38","W50","W51"],"mode":"bus","angle":65.8,"l0":"W38, ","c0":"#e47e2b","l1":"W50, ","c1":"#066559","l2":"W51","c2":"#7b3aa8"},"geometry":{"type":"Point","coordinates":[18.500724,49.973785]}}]}