{"type":"FeatureCollection","features":[{"type":"Feature","properties":{"mode":"bus","n":12,"arr":["1","26","27","28","29","33","36","43","46","48","52","A"],"lines":"1, 26, 27, 28, 29, 33, 36, 43, 46, 48, 52, A"},"geometry":{"type":"LineString","coordinates":[[18.514704,50.097921],[18.514809,50.097827]]}},{"type":"Feature","properties":{"mode":"bus","n":12,"arr":["1","26","27","28","29","33","36","43","46","48","52","A"],"lines":"1, 26, 27, 28, 29, 33, 36, 43, 46, 48, 52, A"},"geometry":{"type":"LineString","coordinates":[[18.514787,50.098132],[18.514953,50.098184]]}},{"type":"Feature","properties":{"mode":"bus","n":7,"arr":["1","26","27","28","29","36","46"],"lines":"1, 26, 27, 28, 29, 36, 46"},"geometry":{"type":"LineString","coordinates":[[18.514809,50.097827],[18.514914,50.097792],[18.51507,50.09779]]}},{"type":"Feature","properties":{"mode":"bus","n":13,"arr":["1","26","27","28","29","33","36","43","46","48","52","A","N8"],"lines":"1, 26, 27, 28, 29, 33, 36, 43, 46, 48, 52, A, N8"},"geometry":{"type":"LineString","coordinates":[[18.51507,50.09779],[18.515251,50.097865]]}},{"type":"Feature","properties":{"mode":"bus","n":13,"arr":["1","26","27","28","29","33","36","43","46","48","52","A","N8"],"lines":"1, 26, 27, 28, 29, 33, 36, 43, 46, 48, 52, A, N8"},"geometry":{"type":"LineString","coordinates":[[18.515154,50.09816],[18.515246,50.098109],[18.515307,50.098022]]}},{"type":"Feature","properties":{"mode":"bus","n":8,"arr":["1","27","33","43","48","52","A","N8"],"lines":"1, 27, 33, 43, 48, 52, A, N8"},"geometry":{"type":"LineString","coordinates":[[18.515251,50.097865],[18.5153,50.097929],[18.515307,50.098022]]}},{"type":"Feature","properties":{"mode":"bus","n":10,"arr":["1","27","33","34","43","46","48","52","A","N8"],"lines":"1, 27, 33, 34, 43, 46, 48, 52, A, N8"},"geometry":{"type":"LineString","coordinates":[[18.529673,50.101816],[18.529619,50.101769],[18.529506,50.101735],[18.529146,50.101768],[18.527962,50.101624],[18.527007,50.101529],[18.52668,50.10152],[18.525967,50.10141],[18.525786,50.101363],[18.525644,50.10136],[18.525304,50.101374],[18.525132,50.101416],[18.524499,50.101475],[18.522508,50.101779],[18.522168,50.1018],[18.52137,50.101937],[18.52028,50.102021],[18.519463,50.102027],[18.517254,50.101877]]}},{"type":"Feature","properties":{"mode":"bus","n":15,"arr":["1","2","3","4","6","7","8","10","14","33","43","48","A","N6","W10"],"lines":"1, 2, 3, 4, 6, 7, 8, 10, 14, 33, 43, 48, A, N6, W10"},"geometry":{"type":"LineString","coordinates":[[18.532519,50.089613],[18.532659,50.089639]]}},{"type":"Feature","properties":{"mode":"bus","n":15,"arr":["1","2","3","4","6","7","8","10","14","33","43","48","A","N6","W10"],"lines":"1, 2, 3, 4, 6, 7, 8, 10, 14, 33, 43, 48, A, N6, W10"},"geometry":{"type":"LineString","coordinates":[[18.53247,50.089492],[18.532482,50.089475]]}},{"type":"Feature","properties":{"mode":"bus","n":10,"arr":["1","2","3","4","6","7","8","A","N6","W10"],"lines":"1, 2, 3, 4, 6, 7, 8, A, N6, W10"},"geometry":{"type":"LineString","coordinates":[[18.53247,50.089492],[18.532468,50.089562],[18.532519,50.089613]]}},{"type":"Feature","properties":{"mode":"bus","n":10,"arr":["1","2","3","4","6","7","8","A","N6","W10"],"lines":"1, 2, 3, 4, 6, 7, 8, A, N6, W10"},"geometry":{"type":"LineString","coordinates":[[18.529181,50.085376],[18.529123,50.085328],[18.529101,50.085264]]}},{"type":"Feature","properties":{"mode":"bus","n":10,"arr":["1","2","3","4","6","7","8","A","N6","W10"],"lines":"1, 2, 3, 4, 6, 7, 8, A, N6, W10"},"geometry":{"type":"LineString","coordinates":[[18.532482,50.089475],[18.532453,50.089362],[18.53215,50.089097],[18.532091,50.088991]]}},{"type":"Feature","properties":{"mode":"bus","n":10,"arr":["1","2","3","4","6","7","8","A","N6","W10"],"lines":"1, 2, 3, 4, 6, 7, 8, A, N6, W10"},"geometry":{"type":"LineString","coordinates":[[18.529324,50.085408],[18.529566,50.085606]]}},{"type":"Feature","properties":{"mode":"bus","n":10,"arr":["1","2","3","4","6","7","8","A","N6","W10"],"lines":"1, 2, 3, 4, 6, 7, 8, A, N6, W10"},"geometry":{"type":"LineString","coordinates":[[18.529148,50.085182],[18.529131,50.085001]]}},{"type":"Feature","properties":{"mode":"bus","n":11,"arr":["1","2","3","4","6","7","8","52","A","N6","W10"],"lines":"1, 2, 3, 4, 6, 7, 8, 52, A, N6, W10"},"geometry":{"type":"LineString","coordinates":[[18.529181,50.085376],[18.529324,50.085408]]}},{"type":"Feature","properties":{"mode":"bus","n":11,"arr":["1","2","3","4","6","7","8","52","A","N6","W10"],"lines":"1, 2, 3, 4, 6, 7, 8, 52, A, N6, W10"},"geometry":{"type":"LineString","coordinates":[[18.529101,50.085264],[18.529148,50.085182]]}},{"type":"Feature","properties":{"mode":"bus","n":11,"arr":["1","2","3","6","7","8","9","52","A","N6","W10"],"lines":"1, 2, 3, 6, 7, 8, 9, 52, A, N6, W10"},"geometry":{"type":"LineString","coordinates":[[18.529385,50.085135],[18.529295,50.085129]]}},{"type":"Feature","properties":{"mode":"bus","n":11,"arr":["1","2","3","6","7","8","9","52","A","N6","W10"],"lines":"1, 2, 3, 6, 7, 8, 9, 52, A, N6, W10"},"geometry":{"type":"LineString","coordinates":[[18.529535,50.085258],[18.529509,50.085335]]}},{"type":"Feature","properties":{"mode":"bus","n":10,"arr":["1","2","3","6","7","8","9","A","N6","W10"],"lines":"1, 2, 3, 6, 7, 8, 9, A, N6, W10"},"geometry":{"type":"LineString","coordinates":[[18.529535,50.085258],[18.529482,50.085176],[18.529385,50.085135]]}},{"type":"Feature","properties":{"mode":"bus","n":10,"arr":["1","2","3","6","7","8","9","A","N6","W10"],"lines":"1, 2, 3, 6, 7, 8, 9, A, N6, W10"},"geometry":{"type":"LineString","coordinates":[[18.529295,50.085129],[18.529131,50.085001]]}},{"type":"Feature","properties":{"mode":"bus","n":10,"arr":["1","2","3","6","7","8","9","A","N6","W10"],"lines":"1, 2, 3, 6, 7, 8, 9, A, N6, W10"},"geometry":{"type":"LineString","coordinates":[[18.529509,50.085335],[18.529566,50.085606]]}},{"type":"Feature","properties":{"mode":"bus","n":10,"arr":["1","2","3","6","7","8","9","A","N6","W10"],"lines":"1, 2, 3, 6, 7, 8, 9, A, N6, W10"},"geometry":{"type":"LineString","coordinates":[[18.532091,50.088991],[18.532245,50.089061],[18.532451,50.089224],[18.532546,50.08934],[18.532684,50.089423]]}},{"type":"Feature","properties":{"mode":"bus","n":15,"arr":["1","2","3","6","7","8","9","10","14","33","43","48","A","N6","W10"],"lines":"1, 2, 3, 6, 7, 8, 9, 10, 14, 33, 43, 48, A, N6, W10"},"geometry":{"type":"LineString","coordinates":[[18.532684,50.089423],[18.532772,50.089461]]}},{"type":"Feature","properties":{"mode":"bus","n":7,"arr":["1","2","3","6","33","43","48"],"lines":"1, 2, 3, 6, 33, 43, 48"},"geometry":{"type":"LineString","coordinates":[[18.532772,50.089461],[18.532806,50.089514],[18.532796,50.089569]]}},{"type":"Feature","properties":{"mode":"bus","n":13,"arr":["1","2","3","4","6","8","10","14","33","43","48","A","W10"],"lines":"1, 2, 3, 4, 6, 8, 10, 14, 33, 43, 48, A, W10"},"geometry":{"type":"LineString","coordinates":[[18.532659,50.089639],[18.532745,50.089614],[18.532796,50.089569]]}},{"type":"Feature","properties":{"mode":"bus","n":22,"arr":["1","2","3","4","5","7","9","10","14","16","17","18","19","22","24","27","34","43","45","51","301","A"],"lines":"1, 2, 3, 4, 5, 7, 9, 10, 14, 16, 17, 18, 19, 22, 24, 27, 34, 43, 45, 51, 301, A"},"geometry":{"type":"LineString","coordinates":[[18.534821,50.100309],[18.534586,50.100313]]}},{"type":"Feature","properties":{"mode":"bus","n":13,"arr":["1","3","6","24","27","33","34","43","45","46","48","52","A"],"lines":"1, 3, 6, 24, 27, 33, 34, 43, 45, 46, 48, 52, A"},"geometry":{"type":"LineString","coordinates":[[18.529621,50.101982],[18.529522,50.102016]]}},{"type":"Feature","properties":{"mode":"bus","n":6,"arr":["1","27","34","43","52","A"],"lines":"1, 27, 34, 43, 52, A"},"geometry":{"type":"LineString","coordinates":[[18.529522,50.102016],[18.529355,50.101999],[18.529264,50.10193],[18.529016,50.101852],[18.528346,50.101753]]}},{"type":"Feature","properties":{"mode":"bus","n":12,"arr":["2","10","14","23","26","32","41","49","300","301","N6","PR"],"lines":"2, 10, 14, 23, 26, 32, 41, 49, 300, 301, N6, PR"},"geometry":{"type":"LineString","coordinates":[[18.546206,50.101885],[18.546099,50.101914]]}},{"type":"Feature","properties":{"mode":"bus","n":11,"arr":["2","10","12","13","14","23","26","49","301","N6","PR"],"lines":"2, 10, 12, 13, 14, 23, 26, 49, 301, N6, PR"},"geometry":{"type":"LineString","coordinates":[[18.546407,50.101935],[18.546305,50.101891],[18.546206,50.101885]]}},{"type":"Feature","properties":{"mode":"bus","n":8,"arr":["2","3","4","5","6","8","N6","W10"],"lines":"2, 3, 4, 5, 6, 8, N6, W10"},"geometry":{"type":"LineString","coordinates":[[18.518002,50.070312],[18.518163,50.070398],[18.518231,50.070406],[18.518264,50.070414],[18.518289,50.07043],[18.518566,50.070698]]}},{"type":"Feature","properties":{"mode":"bus","n":8,"arr":["2","3","4","5","6","8","N6","W10"],"lines":"2, 3, 4, 5, 6, 8, N6, W10"},"geometry":{"type":"LineString","coordinates":[[18.520677,50.073581],[18.5208,50.07379],[18.521631,50.074921],[18.521846,50.075152]]}},{"type":"Feature","properties":{"mode":"bus","n":8,"arr":["2","3","5","6","8","9","N6","W10"],"lines":"2, 3, 5, 6, 8, 9, N6, W10"},"geometry":{"type":"LineString","coordinates":[[18.517997,50.070114],[18.517968,50.070163]]}},{"type":"Feature","properties":{"mode":"bus","n":7,"arr":["2","3","6","8","9","22","W10"],"lines":"2, 3, 6, 8, 9, 22, W10"},"geometry":{"type":"LineString","coordinates":[[18.518231,50.070012],[18.518437,50.070042],[18.518569,50.070154],[18.518577,50.070245],[18.518496,50.07041],[18.518566,50.070698]]}},{"type":"Feature","properties":{"mode":"bus","n":7,"arr":["2","3","6","8","9","22","W10"],"lines":"2, 3, 6, 8, 9, 22, W10"},"geometry":{"type":"LineString","coordinates":[[18.520677,50.073581],[18.520865,50.073769],[18.52112,50.074107],[18.521728,50.074939],[18.521846,50.075152]]}},{"type":"Feature","properties":{"mode":"bus","n":7,"arr":["4","10","33","43","48","52","A"],"lines":"4, 10, 33, 43, 48, 52, A"},"geometry":{"type":"LineString","coordinates":[[18.518295,50.091662],[18.518156,50.091716]]}},{"type":"Feature","properties":{"mode":"bus","n":7,"arr":["4","10","33","43","48","52","A"],"lines":"4, 10, 33, 43, 48, 52, A"},"geometry":{"type":"LineString","coordinates":[[18.518507,50.091733],[18.518467,50.091698]]}},{"type":"Feature","properties":{"mode":"bus","n":6,"arr":["4","10","33","43","48","A"],"lines":"4, 10, 33, 43, 48, A"},"geometry":{"type":"LineString","coordinates":[[18.518467,50.091698],[18.518295,50.091662]]}},{"type":"Feature","properties":{"mode":"bus","n":6,"arr":["4","10","33","43","48","A"],"lines":"4, 10, 33, 43, 48, A"},"geometry":{"type":"LineString","coordinates":[[18.518507,50.091733],[18.518632,50.091772],[18.519217,50.091805],[18.519383,50.091835]]}},{"type":"Feature","properties":{"mode":"bus","n":8,"arr":["4","14","26","28","29","36","46","A"],"lines":"4, 14, 26, 28, 29, 36, 46, A"},"geometry":{"type":"LineString","coordinates":[[18.529494,50.095831],[18.529628,50.095847],[18.529739,50.09592]]}},{"type":"Feature","properties":{"mode":"bus","n":12,"arr":["4","7","16","26","27","28","29","36","45","46","51","A"],"lines":"4, 7, 16, 26, 27, 28, 29, 36, 45, 46, 51, A"},"geometry":{"type":"LineString","coordinates":[[18.53671,50.095337],[18.536764,50.095285],[18.536867,50.095264],[18.536993,50.095177],[18.536981,50.094732],[18.537048,50.094534],[18.537152,50.094434]]}},{"type":"Feature","properties":{"mode":"bus","n":5,"arr":["5","6","8","N6","W10"],"lines":"5, 6, 8, N6, W10"},"geometry":{"type":"LineString","coordinates":[[18.517968,50.070163],[18.51797,50.070265],[18.518002,50.070312]]}},{"type":"Feature","properties":{"mode":"bus","n":5,"arr":["5","6","8","N6","W10"],"lines":"5, 6, 8, N6, W10"},"geometry":{"type":"LineString","coordinates":[[18.517997,50.070114],[18.517993,50.070026],[18.51792,50.069898],[18.517895,50.069769]]}},{"type":"Feature","properties":{"mode":"bus","n":14,"arr":["5","12","13","15","23","27","29","33","36","41","43","N8","S12","S12A"],"lines":"5, 12, 13, 15, 23, 27, 29, 33, 36, 41, 43, N8, S12, S12A"},"geometry":{"type":"LineString","coordinates":[[18.548568,50.076744],[18.548592,50.07695],[18.548606,50.076982],[18.548641,50.077007],[18.548761,50.077063],[18.548825,50.077158],[18.548783,50.077433]]}},{"type":"Feature","properties":{"mode":"bus","n":15,"arr":["5","12","13","15","23","27","29","33","36","41","43","46A","N8","S12","S12A"],"lines":"5, 12, 13, 15, 23, 27, 29, 33, 36, 41, 43, 46A, N8, S12, S12A"},"geometry":{"type":"LineString","coordinates":[[18.548783,50.077433],[18.548722,50.077512],[18.548644,50.077559],[18.548442,50.077605],[18.548253,50.077818]]}},{"type":"Feature","properties":{"mode":"bus","n":14,"arr":["5","12","13","15","23","24","27","29","33","36","41","43","46A","N8"],"lines":"5, 12, 13, 15, 23, 24, 27, 29, 33, 36, 41, 43, 46A, N8"},"geometry":{"type":"LineString","coordinates":[[18.546723,50.086509],[18.547199,50.086753],[18.547636,50.087031],[18.547683,50.0872],[18.54765,50.08726],[18.547575,50.087308]]}},{"type":"Feature","properties":{"mode":"bus","n":16,"arr":["5","12","13","15","23","24","27","29","30","33","36","41","43","46A","49","N8"],"lines":"5, 12, 13, 15, 23, 24, 27, 29, 30, 33, 36, 41, 43, 46A, 49, N8"},"geometry":{"type":"LineString","coordinates":[[18.547575,50.087308],[18.546883,50.087438],[18.546386,50.087451],[18.546124,50.087374],[18.545988,50.087305],[18.545542,50.086927],[18.545364,50.086883],[18.545131,50.086872]]}},{"type":"Feature","properties":{"mode":"bus","n":18,"arr":["5","12","13","15","23","24","27","29","30","33","36","41","43","46A","49","N8","S12","S12A"],"lines":"5, 12, 13, 15, 23, 24, 27, 29, 30, 33, 36, 41, 43, 46A, 49, N8, S12, S12A"},"geometry":{"type":"LineString","coordinates":[[18.544485,50.087137],[18.544092,50.087414],[18.544073,50.087496],[18.543933,50.087644],[18.543855,50.087844]]}},{"type":"Feature","properties":{"mode":"bus","n":18,"arr":["5","12","13","15","23","24","27","29","30","33","36","41","43","46A","49","N8","S12","S12A"],"lines":"5, 12, 13, 15, 23, 24, 27, 29, 30, 33, 36, 41, 43, 46A, 49, N8, S12, S12A"},"geometry":{"type":"LineString","coordinates":[[18.543927,50.088375],[18.543988,50.088494],[18.544012,50.088674]]}},{"type":"Feature","properties":{"mode":"bus","n":8,"arr":["7","14","16","27","45","51","300","301"],"lines":"7, 14, 16, 27, 45, 51, 300, 301"},"geometry":{"type":"LineString","coordinates":[[18.534192,50.100071],[18.534172,50.099961]]}},{"type":"Feature","properties":{"mode":"bus","n":8,"arr":["7","14","16","27","45","51","300","301"],"lines":"7, 14, 16, 27, 45, 51, 300, 301"},"geometry":{"type":"LineString","coordinates":[[18.535059,50.100148],[18.535057,50.100011],[18.534975,50.09992]]}},{"type":"Feature","properties":{"mode":"bus","n":7,"arr":["7","14","27","45","51","300","301"],"lines":"7, 14, 27, 45, 51, 300, 301"},"geometry":{"type":"LineString","coordinates":[[18.534447,50.099758],[18.534579,50.09975]]}},{"type":"Feature","properties":{"mode":"bus","n":12,"arr":["7","9","26","27","28","29","36","45","46","51","A","N8"],"lines":"7, 9, 26, 27, 28, 29, 36, 45, 46, 51, A, N8"},"geometry":{"type":"LineString","coordinates":[[18.53674,50.095428],[18.536792,50.095455]]}},{"type":"Feature","properties":{"mode":"bus","n":11,"arr":["9","26","27","28","29","36","45","46","51","A","N8"],"lines":"9, 26, 27, 28, 29, 36, 45, 46, 51, A, N8"},"geometry":{"type":"LineString","coordinates":[[18.536792,50.095455],[18.536893,50.095454],[18.536929,50.095449],[18.536958,50.095435],[18.536981,50.09542],[18.53701,50.095406],[18.537046,50.095403],[18.537178,50.095411]]}},{"type":"Feature","properties":{"mode":"bus","n":11,"arr":["9","26","27","28","29","36","45","46","51","A","N8"],"lines":"9, 26, 27, 28, 29, 36, 45, 46, 51, A, N8"},"geometry":{"type":"LineString","coordinates":[[18.53674,50.095428],[18.53654,50.095401]]}},{"type":"Feature","properties":{"mode":"bus","n":9,"arr":["9","14","26","28","29","36","46","A","N8"],"lines":"9, 14, 26, 28, 29, 36, 46, A, N8"},"geometry":{"type":"LineString","coordinates":[[18.529724,50.096072],[18.529742,50.096052]]}},{"type":"Feature","properties":{"mode":"bus","n":9,"arr":["9","14","26","28","29","36","46","A","N8"],"lines":"9, 14, 26, 28, 29, 36, 46, A, N8"},"geometry":{"type":"LineString","coordinates":[[18.529365,50.096111],[18.529535,50.096144]]}},{"type":"Feature","properties":{"mode":"bus","n":9,"arr":["9","14","26","28","29","36","46","A","N8"],"lines":"9, 14, 26, 28, 29, 36, 46, A, N8"},"geometry":{"type":"LineString","coordinates":[[18.529273,50.095981],[18.529303,50.095913]]}},{"type":"Feature","properties":{"mode":"bus","n":8,"arr":["9","26","28","29","36","46","A","N8"],"lines":"9, 26, 28, 29, 36, 46, A, N8"},"geometry":{"type":"LineString","coordinates":[[18.529535,50.096144],[18.529639,50.096124],[18.529724,50.096072]]}},{"type":"Feature","properties":{"mode":"bus","n":8,"arr":["9","26","28","29","36","46","A","N8"],"lines":"9, 26, 28, 29, 36, 46, A, N8"},"geometry":{"type":"LineString","coordinates":[[18.529742,50.096052],[18.530025,50.095977]]}},{"type":"Feature","properties":{"mode":"bus","n":7,"arr":["9","10","33","43","48","52","A"],"lines":"9, 10, 33, 43, 48, 52, A"},"geometry":{"type":"LineString","coordinates":[[18.518141,50.091855],[18.518213,50.091905]]}},{"type":"Feature","properties":{"mode":"bus","n":5,"arr":["10","23","28","204","205"],"lines":"10, 23, 28, 204, 205"},"geometry":{"type":"LineString","coordinates":[[18.422768,50.066924],[18.422694,50.067012]]}},{"type":"Feature","properties":{"mode":"bus","n":5,"arr":["10","23","28","204","205"],"lines":"10, 23, 28, 204, 205"},"geometry":{"type":"LineString","coordinates":[[18.415887,50.07415],[18.41673,50.073273],[18.416969,50.072905],[18.417065,50.072594],[18.417172,50.071],[18.417276,50.070523],[18.417523,50.069899],[18.418245,50.068602],[18.418444,50.068359],[18.418637,50.06821],[18.41887,50.068092],[18.420867,50.067365],[18.421197,50.067259],[18.421709,50.067135],[18.422374,50.067066]]}},{"type":"Feature","properties":{"mode":"bus","n":5,"arr":["10","14","33","43","48"],"lines":"10, 14, 33, 43, 48"},"geometry":{"type":"LineString","coordinates":[[18.532482,50.089475],[18.532574,50.089424],[18.532684,50.089423]]}},{"type":"Feature","properties":{"mode":"bus","n":5,"arr":["10","14","33","43","48"],"lines":"10, 14, 33, 43, 48"},"geometry":{"type":"LineString","coordinates":[[18.531995,50.089591],[18.532162,50.089606],[18.532391,50.089592],[18.532519,50.089613]]}},{"type":"Feature","properties":{"mode":"bus","n":5,"arr":["10","14","33","43","48"],"lines":"10, 14, 33, 43, 48"},"geometry":{"type":"LineString","coordinates":[[18.525651,50.092088],[18.525788,50.091529],[18.52603,50.091013],[18.526207,50.090711],[18.526315,50.090595],[18.526548,50.09042],[18.526901,50.090251],[18.527197,50.09017],[18.531995,50.089591],[18.53247,50.089492]]}},{"type":"Feature","properties":{"mode":"bus","n":8,"arr":["12","13","14","26","49","301","N6","PR"],"lines":"12, 13, 14, 26, 49, 301, N6, PR"},"geometry":{"type":"LineString","coordinates":[[18.546426,50.102103],[18.54646,50.102025],[18.546407,50.101935]]}},{"type":"Feature","properties":{"mode":"bus","n":9,"arr":["12","13","14","23","26","49","301","N6","PR"],"lines":"12, 13, 14, 23, 26, 49, 301, N6, PR"},"geometry":{"type":"LineString","coordinates":[[18.546289,50.102167],[18.546426,50.102103]]}},{"type":"Feature","properties":{"mode":"bus","n":6,"arr":["12","13","14","26","49","N6"],"lines":"12, 13, 14, 26, 49, N6"},"geometry":{"type":"LineString","coordinates":[[18.547133,50.113171],[18.54742,50.113526],[18.547527,50.113556],[18.547591,50.113617],[18.547568,50.113813],[18.547639,50.11411]]}},{"type":"Feature","properties":{"mode":"bus","n":6,"arr":["12","34","43","45","48","PR"],"lines":"12, 34, 43, 45, 48, PR"},"geometry":{"type":"LineString","coordinates":[[18.519848,50.120099],[18.519764,50.120082]]}},{"type":"Feature","properties":{"mode":"bus","n":6,"arr":["12","34","43","45","48","PR"],"lines":"12, 34, 43, 45, 48, PR"},"geometry":{"type":"LineString","coordinates":[[18.519861,50.119903],[18.519806,50.119907]]}},{"type":"Feature","properties":{"mode":"bus","n":5,"arr":["12","43","45","48","PR"],"lines":"12, 43, 45, 48, PR"},"geometry":{"type":"LineString","coordinates":[[18.519806,50.119907],[18.519741,50.119932],[18.519701,50.119982]]}},{"type":"Feature","properties":{"mode":"bus","n":5,"arr":["12","43","45","48","PR"],"lines":"12, 43, 45, 48, PR"},"geometry":{"type":"LineString","coordinates":[[18.52015,50.119838],[18.519861,50.119903]]}},{"type":"Feature","properties":{"mode":"bus","n":18,"arr":["12","15","22","23","24","27","29","30","32","33","36","41","43","46A","49","N8","S12","S12A"],"lines":"12, 15, 22, 23, 24, 27, 29, 30, 32, 33, 36, 41, 43, 46A, 49, N8, S12, S12A"},"geometry":{"type":"LineString","coordinates":[[18.544485,50.087137],[18.544046,50.087264],[18.543742,50.08727],[18.543607,50.08734],[18.543571,50.087407],[18.543582,50.087484],[18.543781,50.087654],[18.543855,50.087844]]}},{"type":"Feature","properties":{"mode":"bus","n":14,"arr":["12","15","22","23","27","29","32","33","36","41","43","N8","S12","S12A"],"lines":"12, 15, 22, 23, 27, 29, 32, 33, 36, 41, 43, N8, S12, S12A"},"geometry":{"type":"LineString","coordinates":[[18.548568,50.076744],[18.548453,50.076945],[18.548428,50.07697],[18.548388,50.076985],[18.548299,50.077004],[18.548194,50.077057],[18.548141,50.077109],[18.54809,50.077244],[18.548093,50.077453],[18.548161,50.077528],[18.548225,50.077562],[18.548251,50.077583],[18.548259,50.077609],[18.548253,50.077818]]}},{"type":"Feature","properties":{"mode":"bus","n":6,"arr":["14","26","32","41","49","N6"],"lines":"14, 26, 32, 41, 49, N6"},"geometry":{"type":"LineString","coordinates":[[18.547133,50.113171],[18.547247,50.113458],[18.547253,50.113562],[18.547197,50.113626],[18.547199,50.113694],[18.547259,50.113755],[18.547383,50.113787],[18.547455,50.11385],[18.547639,50.11411]]}},{"type":"Feature","properties":{"mode":"bus","n":9,"arr":["14","23","26","32","41","49","301","N6","PR"],"lines":"14, 23, 26, 32, 41, 49, 301, N6, PR"},"geometry":{"type":"LineString","coordinates":[[18.546077,50.102129],[18.546175,50.102166],[18.546289,50.102167]]}},{"type":"Feature","properties":{"mode":"bus","n":8,"arr":["14","23","26","32","41","49","N6","PR"],"lines":"14, 23, 26, 32, 41, 49, N6, PR"},"geometry":{"type":"LineString","coordinates":[[18.546099,50.101914],[18.546014,50.102007],[18.546023,50.102072],[18.546077,50.102129]]}},{"type":"Feature","properties":{"mode":"bus","n":6,"arr":["14","27","45","51","300","301"],"lines":"14, 27, 45, 51, 300, 301"},"geometry":{"type":"LineString","coordinates":[[18.534975,50.09992],[18.534746,50.099786],[18.534579,50.09975]]}},{"type":"Feature","properties":{"mode":"bus","n":5,"arr":["14","16","27","45","51"],"lines":"14, 16, 27, 45, 51"},"geometry":{"type":"LineString","coordinates":[[18.534821,50.100309],[18.534973,50.100242],[18.535059,50.100148]]}},{"type":"Feature","properties":{"mode":"bus","n":5,"arr":["14","16","27","45","51"],"lines":"14, 16, 27, 45, 51"},"geometry":{"type":"LineString","coordinates":[[18.532886,50.098956],[18.53405,50.09968]]}},{"type":"Feature","properties":{"mode":"bus","n":5,"arr":["15","16","45","48","52"],"lines":"15, 16, 45, 48, 52"},"geometry":{"type":"LineString","coordinates":[[18.611975,50.079749],[18.612063,50.079784],[18.612167,50.079788]]}},{"type":"Feature","properties":{"mode":"bus","n":5,"arr":["15","45","48","51","52"],"lines":"15, 45, 48, 51, 52"},"geometry":{"type":"LineString","coordinates":[[18.611919,50.079674],[18.611942,50.079591],[18.612038,50.079533],[18.61217,50.079523],[18.612284,50.079565]]}},{"type":"Feature","properties":{"mode":"bus","n":6,"arr":["16","42","45","46","48","52"],"lines":"16, 42, 45, 46, 48, 52"},"geometry":{"type":"LineString","coordinates":[[18.577887,50.091211],[18.578488,50.091286],[18.578721,50.091288],[18.579117,50.091261],[18.579537,50.091194],[18.582941,50.090291],[18.583414,50.090155],[18.583805,50.090012],[18.584393,50.089711],[18.584893,50.089346],[18.585964,50.088257],[18.586563,50.087703],[18.586863,50.08736],[18.58704,50.087279],[18.58709,50.0872]]}},{"type":"Feature","properties":{"mode":"bus","n":5,"arr":["16","45","46","48","52"],"lines":"16, 45, 46, 48, 52"},"geometry":{"type":"LineString","coordinates":[[18.574941,50.090819],[18.575138,50.09074],[18.575509,50.090511],[18.575622,50.090479],[18.575856,50.090458],[18.576131,50.090542],[18.57681,50.090861],[18.577305,50.091062],[18.577887,50.091211]]}},{"type":"Feature","properties":{"mode":"bus","n":5,"arr":["16","45","46","48","52"],"lines":"16, 45, 46, 48, 52"},"geometry":{"type":"LineString","coordinates":[[18.559321,50.096113],[18.559416,50.096078],[18.559474,50.096018]]}},{"type":"Feature","properties":{"mode":"bus","n":5,"arr":["16","45","46","48","52"],"lines":"16, 45, 46, 48, 52"},"geometry":{"type":"LineString","coordinates":[[18.559936,50.095848],[18.559591,50.095903],[18.559481,50.095949]]}},{"type":"Feature","properties":{"mode":"bus","n":9,"arr":["16","45","46","48","52","300","301","302","306"],"lines":"16, 45, 46, 48, 52, 300, 301, 302, 306"},"geometry":{"type":"LineString","coordinates":[[18.559474,50.096018],[18.559481,50.095949]]}},{"type":"Feature","properties":{"mode":"bus","n":9,"arr":["16","45","46","48","52","300","301","302","306"],"lines":"16, 45, 46, 48, 52, 300, 301, 302, 306"},"geometry":{"type":"LineString","coordinates":[[18.558429,50.096112],[18.559088,50.096069],[18.559211,50.096116],[18.559321,50.096113]]}},{"type":"Feature","properties":{"mode":"bus","n":5,"arr":["26","28","29","36","46"],"lines":"26, 28, 29, 36, 46"},"geometry":{"type":"LineString","coordinates":[[18.529303,50.095913],[18.529383,50.095856],[18.529494,50.095831]]}},{"type":"Feature","properties":{"mode":"bus","n":5,"arr":["26","28","29","36","46"],"lines":"26, 28, 29, 36, 46"},"geometry":{"type":"LineString","coordinates":[[18.526183,50.096521],[18.526524,50.096493],[18.529215,50.096114],[18.529365,50.096111]]}},{"type":"Feature","properties":{"mode":"bus","n":5,"arr":["26","28","29","36","46"],"lines":"26, 28, 29, 36, 46"},"geometry":{"type":"LineString","coordinates":[[18.515307,50.098022],[18.515538,50.097945],[18.516432,50.097876],[18.517555,50.097693]]}},{"type":"Feature","properties":{"mode":"bus","n":5,"arr":["26","28","29","36","46"],"lines":"26, 28, 29, 36, 46"},"geometry":{"type":"LineString","coordinates":[[18.515251,50.097865],[18.515511,50.097901],[18.515675,50.097893],[18.517381,50.097697],[18.517555,50.097693],[18.519689,50.097433],[18.526183,50.096521],[18.526749,50.096401],[18.529088,50.096077],[18.529273,50.095981]]}},{"type":"Feature","properties":{"mode":"bus","n":6,"arr":["33","43","46","48","52","A"],"lines":"33, 43, 46, 48, 52, A"},"geometry":{"type":"LineString","coordinates":[[18.514787,50.098132],[18.514704,50.09805],[18.514704,50.097921]]}},{"type":"Feature","properties":{"mode":"bus","n":5,"arr":["33","43","48","52","A"],"lines":"33, 43, 48, 52, A"},"geometry":{"type":"LineString","coordinates":[[18.518156,50.091716],[18.518118,50.091779],[18.518141,50.091855]]}},{"type":"Feature","properties":{"mode":"bus","n":5,"arr":["33","43","48","52","A"],"lines":"33, 43, 48, 52, A"},"geometry":{"type":"LineString","coordinates":[[18.514809,50.097827],[18.514805,50.097654],[18.514675,50.097155],[18.514776,50.09675],[18.51487,50.096587]]}},{"type":"Feature","properties":{"mode":"bus","n":5,"arr":["33","43","48","52","A"],"lines":"33, 43, 48, 52, A"},"geometry":{"type":"LineString","coordinates":[[18.515085,50.095938],[18.515093,50.0958],[18.515299,50.095138],[18.515443,50.094814],[18.515574,50.094644],[18.515705,50.09453],[18.516175,50.094262]]}},{"type":"Feature","properties":{"mode":"bus","n":5,"arr":["33","43","48","52","A"],"lines":"33, 43, 48, 52, A"},"geometry":{"type":"LineString","coordinates":[[18.518213,50.091905],[18.518234,50.091979],[18.518181,50.092185],[18.517835,50.092969],[18.517746,50.093108],[18.517433,50.093396],[18.516782,50.09381],[18.51666,50.093912]]}},{"type":"Feature","properties":{"mode":"bus","n":6,"arr":["34","41","43","45","48","PR"],"lines":"34, 41, 43, 45, 48, PR"},"geometry":{"type":"LineString","coordinates":[[18.520003,50.119989],[18.519996,50.120032]]}},{"type":"Feature","properties":{"mode":"bus","n":6,"arr":["42","45","46","48","51","52"],"lines":"42, 45, 46, 48, 51, 52"},"geometry":{"type":"LineString","coordinates":[[18.58701,50.087084],[18.586898,50.087056]]}},{"type":"Feature","properties":{"mode":"bus","n":6,"arr":["42","45","46","48","51","52"],"lines":"42, 45, 46, 48, 51, 52"},"geometry":{"type":"LineString","coordinates":[[18.577374,50.089071],[18.577958,50.088619],[18.578352,50.088374],[18.578556,50.088288],[18.579247,50.088135],[18.581707,50.087674],[18.582282,50.087587],[18.583481,50.087538],[18.584459,50.087531],[18.584904,50.08749],[18.586116,50.087283],[18.586678,50.087147],[18.586743,50.087086]]}},{"type":"Feature","properties":{"mode":"bus","n":9,"arr":["45","46","48","51","52","300","301","302","306"],"lines":"45, 46, 48, 51, 52, 300, 301, 302, 306"},"geometry":{"type":"LineString","coordinates":[[18.558429,50.096112],[18.55899,50.095991],[18.559025,50.095977],[18.559044,50.095954],[18.559064,50.095901],[18.559166,50.095842],[18.559343,50.09584]]}},{"type":"Feature","properties":{"mode":"bus","n":5,"arr":["45","46","48","51","52"],"lines":"45, 46, 48, 51, 52"},"geometry":{"type":"LineString","coordinates":[[18.574941,50.090819],[18.575071,50.090697],[18.575435,50.09046],[18.575493,50.090351],[18.575497,50.09027],[18.575547,50.090211],[18.575656,50.090164],[18.576053,50.090095],[18.577374,50.089071]]}},{"type":"Feature","properties":{"mode":"bus","n":5,"arr":["45","46","48","51","52"],"lines":"45, 46, 48, 51, 52"},"geometry":{"type":"LineString","coordinates":[[18.559343,50.09584],[18.559936,50.095848]]}},{"type":"Feature","properties":{"mode":"bus","n":16,"arr":["01","02","03","04","05","06","07","08","09","52","305","306","307","S10","S11","ZL"],"lines":"01, 02, 03, 04, 05, 06, 07, 08, 09, 52, 305, 306, 307, S10, S11, ZL"},"geometry":{"type":"LineString","coordinates":[[18.692293,50.047095],[18.692299,50.04707]]}},{"type":"Feature","properties":{"mode":"bus","n":16,"arr":["01","02","03","04","05","06","07","08","09","52","305","306","307","S10","S11","ZL"],"lines":"01, 02, 03, 04, 05, 06, 07, 08, 09, 52, 305, 306, 307, S10, S11, ZL"},"geometry":{"type":"LineString","coordinates":[[18.69341,50.047332],[18.692626,50.047144],[18.692419,50.047125],[18.692356,50.047137]]}},{"type":"Feature","properties":{"mode":"bus","n":15,"arr":["01","02","03","04","05","06","07","08","09","52","305","306","S10","S11","ZL"],"lines":"01, 02, 03, 04, 05, 06, 07, 08, 09, 52, 305, 306, S10, S11, ZL"},"geometry":{"type":"LineString","coordinates":[[18.692364,50.047041],[18.692626,50.047144]]}},{"type":"Feature","properties":{"mode":"bus","n":12,"arr":["01","03","04","05","06","07","08","09","307","S10","S11","ZL"],"lines":"01, 03, 04, 05, 06, 07, 08, 09, 307, S10, S11, ZL"},"geometry":{"type":"LineString","coordinates":[[18.689514,50.042878],[18.689589,50.042816],[18.689705,50.042791]]}},{"type":"Feature","properties":{"mode":"bus","n":5,"arr":["01","05","07","08","ZL"],"lines":"01, 05, 07, 08, ZL"},"geometry":{"type":"LineString","coordinates":[[18.689705,50.042791],[18.689836,50.042817]]}},{"type":"Feature","properties":{"mode":"bus","n":11,"arr":["01","03","04","05","06","07","08","09","S10","S11","ZL"],"lines":"01, 03, 04, 05, 06, 07, 08, 09, S10, S11, ZL"},"geometry":{"type":"LineString","coordinates":[[18.689836,50.042817],[18.689913,50.042892]]}},{"type":"Feature","properties":{"mode":"bus","n":10,"arr":["01","03","04","05","06","07","09","S10","S11","ZL"],"lines":"01, 03, 04, 05, 06, 07, 09, S10, S11, ZL"},"geometry":{"type":"LineString","coordinates":[[18.689913,50.042892],[18.689895,50.04299]]}},{"type":"Feature","properties":{"mode":"bus","n":12,"arr":["01","02","03","04","05","06","07","08","09","S10","S11","ZL"],"lines":"01, 02, 03, 04, 05, 06, 07, 08, 09, S10, S11, ZL"},"geometry":{"type":"LineString","coordinates":[[18.689895,50.04299],[18.689807,50.043045],[18.689729,50.043055],[18.689692,50.043065],[18.689666,50.043084],[18.689471,50.043303]]}},{"type":"Feature","properties":{"mode":"bus","n":12,"arr":["01","02","03","04","05","06","07","08","09","S10","S11","ZL"],"lines":"01, 02, 03, 04, 05, 06, 07, 08, 09, S10, S11, ZL"},"geometry":{"type":"LineString","coordinates":[[18.688609,50.045094],[18.688637,50.045318],[18.688645,50.04534],[18.688664,50.045356],[18.688693,50.045367],[18.689296,50.045519]]}},{"type":"Feature","properties":{"mode":"bus","n":12,"arr":["01","02","03","04","05","06","07","08","09","S10","S11","ZL"],"lines":"01, 02, 03, 04, 05, 06, 07, 08, 09, S10, S11, ZL"},"geometry":{"type":"LineString","coordinates":[[18.692248,50.046954],[18.692043,50.046831]]}},{"type":"Feature","properties":{"mode":"bus","n":13,"arr":["01","02","03","04","05","06","07","08","09","307","S10","S11","ZL"],"lines":"01, 02, 03, 04, 05, 06, 07, 08, 09, 307, S10, S11, ZL"},"geometry":{"type":"LineString","coordinates":[[18.692356,50.047137],[18.692293,50.047095]]}},{"type":"Feature","properties":{"mode":"bus","n":13,"arr":["01","02","03","04","05","06","07","08","09","307","S10","S11","ZL"],"lines":"01, 02, 03, 04, 05, 06, 07, 08, 09, 307, S10, S11, ZL"},"geometry":{"type":"LineString","coordinates":[[18.692299,50.04707],[18.691484,50.046314],[18.691056,50.045614],[18.691039,50.045596],[18.691013,50.045586],[18.69098,50.045584],[18.690314,50.045617],[18.689667,50.045578],[18.689296,50.045519],[18.688811,50.045489],[18.688714,50.045497],[18.688659,50.04554],[18.688564,50.045562],[18.688464,50.045545],[18.688404,50.045505],[18.688387,50.045425],[18.688535,50.045269],[18.688609,50.045094],[18.688678,50.044764],[18.689016,50.043992],[18.689471,50.043303],[18.689469,50.043227],[18.689561,50.043058],[18.689566,50.043031],[18.689551,50.043005],[18.689506,50.042958]]}},{"type":"Feature","properties":{"mode":"bus","n":11,"arr":["01","03","04","05","06","08","09","307","S10","S11","ZL"],"lines":"01, 03, 04, 05, 06, 08, 09, 307, S10, S11, ZL"},"geometry":{"type":"LineString","coordinates":[[18.689506,50.042958],[18.689514,50.042878]]}},{"type":"Feature","properties":{"mode":"bus","n":5,"arr":["01","02","09","S10","S11"],"lines":"01, 02, 09, S10, S11"},"geometry":{"type":"LineString","coordinates":[[18.684511,50.028049],[18.68451,50.027955],[18.684441,50.027858],[18.683362,50.027139]]}},{"type":"Feature","properties":{"mode":"bus","n":5,"arr":["01","02","09","S10","S11"],"lines":"01, 02, 09, S10, S11"},"geometry":{"type":"LineString","coordinates":[[18.672506,50.022598],[18.679872,50.025843],[18.680456,50.026043],[18.681572,50.026345],[18.683362,50.027139],[18.684071,50.027481],[18.684479,50.027737],[18.684716,50.027853],[18.68484,50.027863],[18.684961,50.027907]]}},{"type":"Feature","properties":{"mode":"bus","n":5,"arr":["06","07","09","307","308"],"lines":"06, 07, 09, 307, 308"},"geometry":{"type":"LineString","coordinates":[[18.698162,50.047088],[18.698052,50.04707],[18.698004,50.047036],[18.697975,50.047022],[18.69794,50.047018],[18.697855,50.047017],[18.697403,50.047158],[18.69695,50.04733],[18.696398,50.047433],[18.695716,50.047465],[18.694376,50.047463]]}},{"type":"Feature","properties":{"mode":"bus","n":5,"arr":["06","07","09","307","308"],"lines":"06, 07, 09, 307, 308"},"geometry":{"type":"LineString","coordinates":[[18.698257,50.046851],[18.698318,50.046915],[18.698336,50.046947],[18.698331,50.04698],[18.698302,50.047044]]}},{"type":"Feature","properties":{"mode":"bus","n":16,"arr":["201","203","205","206","208","209","210","W09","W10","W11","W36","W41","W42","W50","W51","W52"],"lines":"201, 203, 205, 206, 208, 209, 210, W09, W10, W11, 36, 41, 42, 50, 51, 52"},"geometry":{"type":"LineString","coordinates":[[18.471972,50.00346],[18.471866,50.003449],[18.471756,50.003384],[18.47174,50.003315],[18.471782,50.003235],[18.471726,50.003129],[18.47132,50.002743],[18.471229,50.002611]]}},{"type":"Feature","properties":{"mode":"bus","n":16,"arr":["201","203","205","206","208","209","210","W09","W10","W11","W36","W41","W42","W50","W51","W52"],"lines":"201, 203, 205, 206, 208, 209, 210, W09, W10, W11, 36, 41, 42, 50, 51, 52"},"geometry":{"type":"LineString","coordinates":[[18.470315,50.002007],[18.470192,50.001986],[18.46959,50.001701],[18.467619,50.000908],[18.467346,50.000868]]}},{"type":"Feature","properties":{"mode":"bus","n":19,"arr":["B10","B11","C11","C13","C14","C16","C18","M10","R10","R11","S11","S12","S12A","S13","S14","S15","W09","W11","W36"],"lines":"B10, B11, C11, C13, C14, C16, C18, M10, R10, R11, S11, S12, S12A, S13, S14, S15, W09, W11, 36"},"geometry":{"type":"LineString","coordinates":[[18.571918,49.943936],[18.572007,49.94389],[18.572082,49.94388],[18.572193,49.943898],[18.572272,49.943952]]}},{"type":"Feature","properties":{"mode":"bus","n":11,"arr":["B10","B11","C11","C14","C16","C18","M10","S11","S13","W09","W36"],"lines":"B10, B11, C11, C14, C16, C18, M10, S11, S13, W09, 36"},"geometry":{"type":"LineString","coordinates":[[18.572272,49.943952],[18.572295,49.944024],[18.572256,49.944093]]}},{"type":"Feature","properties":{"mode":"bus","n":11,"arr":["B10","B11","C11","C14","C16","C18","M10","S11","S13","W09","W36"],"lines":"B10, B11, C11, C14, C16, C18, M10, S11, S13, W09, 36"},"geometry":{"type":"LineString","coordinates":[[18.567968,49.943857],[18.568115,49.943862]]}},{"type":"Feature","properties":{"mode":"bus","n":11,"arr":["B10","B11","C11","C14","C16","C18","M10","S11","S13","W09","W36"],"lines":"B10, B11, C11, C14, C16, C18, M10, S11, S13, W09, 36"},"geometry":{"type":"LineString","coordinates":[[18.571258,49.943995],[18.571398,49.943967],[18.571774,49.943969],[18.571918,49.943936]]}},{"type":"Feature","properties":{"mode":"bus","n":19,"arr":["B10","B11","C12","C13","C14","C16","C18","M10","R10","R11","S11","S12","S12A","S13","S14","S15","W09","W11","W36"],"lines":"B10, B11, C12, C13, C14, C16, C18, M10, R10, R11, S11, S12, S12A, S13, S14, S15, W09, W11, 36"},"geometry":{"type":"LineString","coordinates":[[18.572201,49.944127],[18.572256,49.944093]]}},{"type":"Feature","properties":{"mode":"bus","n":20,"arr":["B10","B11","C11","C12","C13","C14","C16","C18","M10","R10","R11","S11","S12","S12A","S13","S14","S15","W09","W11","W36"],"lines":"B10, B11, C11, C12, C13, C14, C16, C18, M10, R10, R11, S11, S12, S12A, S13, S14, S15, W09, W11, 36"},"geometry":{"type":"LineString","coordinates":[[18.571923,49.944098],[18.57195,49.944116]]}},{"type":"Feature","properties":{"mode":"bus","n":20,"arr":["B10","B11","C11","C12","C13","C14","C16","C18","M10","R10","R11","S11","S12","S12A","S13","S14","S15","W09","W11","W36"],"lines":"B10, B11, C11, C12, C13, C14, C16, C18, M10, R10, R11, S11, S12, S12A, S13, S14, S15, W09, W11, 36"},"geometry":{"type":"LineString","coordinates":[[18.572214,49.944449],[18.572508,49.944737]]}},{"type":"Feature","properties":{"mode":"bus","n":20,"arr":["B10","B11","C11","C12","C13","C14","C16","C18","M10","R10","R11","S11","S12","S12A","S13","S14","S15","W09","W11","W36"],"lines":"B10, B11, C11, C12, C13, C14, C16, C18, M10, R10, R11, S11, S12, S12A, S13, S14, S15, W09, W11, 36"},"geometry":{"type":"LineString","coordinates":[[18.573206,49.944968],[18.572946,49.944823]]}},{"type":"Feature","properties":{"mode":"bus","n":15,"arr":["B10","C13","C14","C18","M10","R10","R11","S11","S12","S12A","S14","S15","W09","W11","W36"],"lines":"B10, C13, C14, C18, M10, R10, R11, S11, S12, S12A, S14, S15, W09, W11, 36"},"geometry":{"type":"LineString","coordinates":[[18.571923,49.944098],[18.571879,49.944005],[18.571918,49.943936]]}},{"type":"Feature","properties":{"mode":"bus","n":15,"arr":["B10","C13","C14","C18","M10","R10","R11","S11","S12","S12A","S14","S15","W09","W11","W36"],"lines":"B10, C13, C14, C18, M10, R10, R11, S11, S12, S12A, S14, S15, W09, W11, 36"},"geometry":{"type":"LineString","coordinates":[[18.572272,49.943952],[18.572448,49.944004],[18.573199,49.94407]]}},{"type":"Feature","properties":{"mode":"bus","n":26,"arr":["B10","B11","B12","B13","B14","C10","C13","C14","C15","C16","C17","C18","C19","M10","R10","R11","S10","S12","S12A","S14","S15","S16","W09","W10","W11","W36"],"lines":"B10, B11, B12, B13, B14, C10, C13, C14, C15, C16, C17, C18, C19, M10, R10, R11, S10, S12, S12A, S14, S15, S16, W09, W10, W11, 36"},"geometry":{"type":"LineString","coordinates":[[18.589942,49.949387],[18.589791,49.949391],[18.589646,49.949459]]}},{"type":"Feature","properties":{"mode":"bus","n":26,"arr":["B10","B11","B12","B13","B14","C10","C13","C14","C15","C16","C17","C18","C19","M10","R10","R11","S10","S12","S12A","S14","S15","S16","W09","W10","W11","W36"],"lines":"B10, B11, B12, B13, B14, C10, C13, C14, C15, C16, C17, C18, C19, M10, R10, R11, S10, S12, S12A, S14, S15, S16, W09, W10, W11, 36"},"geometry":{"type":"LineString","coordinates":[[18.590144,49.949528],[18.590081,49.949442]]}},{"type":"Feature","properties":{"mode":"bus","n":19,"arr":["B10","B11","B13","B14","C10","C13","C14","C16","C19","M10","R10","R11","S12","S12A","S14","W09","W10","W11","W36"],"lines":"B10, B11, B13, B14, C10, C13, C14, C16, C19, M10, R10, R11, S12, S12A, S14, W09, W10, W11, 36"},"geometry":{"type":"LineString","coordinates":[[18.590081,49.949442],[18.589942,49.949387]]}},{"type":"Feature","properties":{"mode":"bus","n":23,"arr":["B10","B11","B12","B13","B14","C10","C15","C16","C19","M10","R10","R11","S10","S11","S12","S12A","S13","S14","S15","W09","W10","W11","W36"],"lines":"B10, B11, B12, B13, B14, C10, C15, C16, C19, M10, R10, R11, S10, S11, S12, S12A, S13, S14, S15, W09, W10, W11, 36"},"geometry":{"type":"LineString","coordinates":[[18.602661,49.951999],[18.602688,49.95194],[18.602667,49.951819]]}},{"type":"Feature","properties":{"mode":"bus","n":6,"arr":["B14","R10","R11","W09","W10","W36"],"lines":"B14, R10, R11, W09, W10, 36"},"geometry":{"type":"LineString","coordinates":[[18.602555,49.952086],[18.602661,49.951999]]}},{"type":"Feature","properties":{"mode":"bus","n":6,"arr":["B14","R10","R11","W09","W10","W36"],"lines":"B14, R10, R11, W09, W10, 36"},"geometry":{"type":"LineString","coordinates":[[18.601925,49.951635],[18.602037,49.951614],[18.602796,49.951585],[18.604014,49.950919],[18.604854,49.950514]]}},{"type":"Feature","properties":{"mode":"bus","n":6,"arr":["B14","R10","R11","W09","W10","W36"],"lines":"B14, R10, R11, W09, W10, 36"},"geometry":{"type":"LineString","coordinates":[[18.602701,49.951783],[18.602773,49.951718],[18.603914,49.951101],[18.604654,49.950659],[18.604854,49.950514],[18.60545,49.950182],[18.605783,49.949948],[18.606029,49.949647],[18.606623,49.948512],[18.606717,49.948257],[18.606758,49.948007],[18.606748,49.947785],[18.606672,49.94748],[18.606264,49.946634]]}},{"type":"Feature","properties":{"mode":"bus","n":21,"arr":["B10","B12","B13","B14","C10","C12","C15","C19","M10","R10","R11","S10","S12","S12A","S13","S14","S15","W09","W10","W11","W36"],"lines":"B10, B12, B13, B14, C10, C12, C15, C19, M10, R10, R11, S10, S12, S12A, S13, S14, S15, W09, W10, W11, 36"},"geometry":{"type":"LineString","coordinates":[[18.602241,49.952126],[18.602401,49.95213],[18.602555,49.952086]]}},{"type":"Feature","properties":{"mode":"bus","n":21,"arr":["B10","B12","B13","B14","C10","C12","C15","C19","M10","R10","R11","S10","S12","S12A","S13","S14","S15","W09","W10","W11","W36"],"lines":"B10, B12, B13, B14, C10, C12, C15, C19, M10, R10, R11, S10, S12, S12A, S13, S14, S15, W09, W10, W11, 36"},"geometry":{"type":"LineString","coordinates":[[18.59725,49.950223],[18.599114,49.950566],[18.599627,49.95067],[18.600013,49.950781],[18.600552,49.95099],[18.601925,49.951635]]}},{"type":"Feature","properties":{"mode":"bus","n":24,"arr":["B10","B11","B12","B13","B14","C10","C12","C15","C16","C19","M10","R10","R11","S10","S11","S12","S12A","S13","S14","S15","W09","W10","W11","W36"],"lines":"B10, B11, B12, B13, B14, C10, C12, C15, C16, C19, M10, R10, R11, S10, S11, S12, S12A, S13, S14, S15, W09, W10, W11, 36"},"geometry":{"type":"LineString","coordinates":[[18.602006,49.951817],[18.60198,49.951892],[18.602013,49.952002],[18.602125,49.952089],[18.602241,49.952126]]}},{"type":"Feature","properties":{"mode":"bus","n":17,"arr":["B10","B12","C12","C13","C15","C17","C18","M10","S10","S12","S12A","S14","S15","S16","W09","W11","W36"],"lines":"B10, B12, C12, C13, C15, C17, C18, M10, S10, S12, S12A, S14, S15, S16, W09, W11, 36"},"geometry":{"type":"LineString","coordinates":[[18.589835,49.949731],[18.590003,49.949713],[18.590121,49.949633]]}},{"type":"Feature","properties":{"mode":"bus","n":16,"arr":["B10","B12","C12","C13","C15","C18","M10","S10","S12","S12A","S14","S15","S16","W09","W11","W36"],"lines":"B10, B12, C12, C13, C15, C18, M10, S10, S12, S12A, S14, S15, S16, W09, W11, 36"},"geometry":{"type":"LineString","coordinates":[[18.589685,49.949686],[18.589835,49.949731]]}},{"type":"Feature","properties":{"mode":"bus","n":24,"arr":["B10","B11","B12","B13","B14","C10","C12","C13","C15","C16","C17","C18","C19","M10","S10","S12","S12A","S14","S15","S16","W09","W10","W11","W36"],"lines":"B10, B11, B12, B13, B14, C10, C12, C13, C15, C16, C17, C18, C19, M10, S10, S12, S12A, S14, S15, S16, W09, W10, W11, 36"},"geometry":{"type":"LineString","coordinates":[[18.589612,49.949605],[18.589685,49.949686]]}},{"type":"Feature","properties":{"mode":"bus","n":13,"arr":["202","203","205","206","208","209","W10","W36","W41","W42","W50","W51","W52"],"lines":"202, 203, 205, 206, 208, 209, W10, 36, 41, 42, 50, 51, 52"},"geometry":{"type":"LineString","coordinates":[[18.47207,50.003209],[18.471935,50.003185],[18.471853,50.003139],[18.471668,50.002957]]}},{"type":"Feature","properties":{"mode":"bus","n":14,"arr":["202","203","205","206","207","208","209","W10","W36","W41","W42","W50","W51","W52"],"lines":"202, 203, 205, 206, 207, 208, 209, W10, 36, 41, 42, 50, 51, 52"},"geometry":{"type":"LineString","coordinates":[[18.472164,50.003296],[18.47207,50.003209]]}},{"type":"Feature","properties":{"mode":"bus","n":16,"arr":["202","203","205","206","207","208","209","W09","W10","W11","W36","W41","W42","W50","W51","W52"],"lines":"202, 203, 205, 206, 207, 208, 209, W09, W10, W11, 36, 41, 42, 50, 51, 52"},"geometry":{"type":"LineString","coordinates":[[18.472109,50.003417],[18.472164,50.003358],[18.472164,50.003296]]}},{"type":"Feature","properties":{"mode":"bus","n":14,"arr":["201","202","203","205","206","208","209","W10","W36","W41","W42","W50","W51","W52"],"lines":"201, 202, 203, 205, 206, 208, 209, W10, 36, 41, 42, 50, 51, 52"},"geometry":{"type":"LineString","coordinates":[[18.474984,50.007916],[18.474978,50.007838],[18.474812,50.007709],[18.474708,50.007522],[18.474639,50.007482]]}},{"type":"Feature","properties":{"mode":"bus","n":5,"arr":["201","203","W10","W41","W52"],"lines":"201, 203, W10, 41, 52"},"geometry":{"type":"LineString","coordinates":[[18.475451,50.012734],[18.475432,50.012649],[18.475345,50.012579],[18.475213,50.012546],[18.47514,50.012549],[18.475116,50.012547],[18.475097,50.01254],[18.475083,50.012527],[18.474906,50.012283]]}},{"type":"Feature","properties":{"mode":"bus","n":7,"arr":["201","203","208","209","W10","W41","W52"],"lines":"201, 203, 208, 209, W10, 41, 52"},"geometry":{"type":"LineString","coordinates":[[18.475387,50.012838],[18.475451,50.012734]]}},{"type":"Feature","properties":{"mode":"bus","n":7,"arr":["201","203","208","209","W10","W41","W52"],"lines":"201, 203, 208, 209, W10, 41, 52"},"geometry":{"type":"LineString","coordinates":[[18.474477,50.007505],[18.474453,50.00753]]}},{"type":"Feature","properties":{"mode":"bus","n":7,"arr":["201","203","208","209","W10","W41","W52"],"lines":"201, 203, 208, 209, W10, 41, 52"},"geometry":{"type":"LineString","coordinates":[[18.474906,50.012283],[18.474516,50.011658],[18.47446,50.011457],[18.474441,50.011167],[18.474461,50.010968],[18.474553,50.010638],[18.475231,50.009412],[18.475318,50.009159],[18.475342,50.008881],[18.475306,50.008677],[18.475112,50.008262]]}},{"type":"Feature","properties":{"mode":"bus","n":6,"arr":["203","208","209","W10","W41","W52"],"lines":"203, 208, 209, W10, 41, 52"},"geometry":{"type":"LineString","coordinates":[[18.475196,50.012903],[18.47501,50.012868],[18.474898,50.012759]]}},{"type":"Feature","properties":{"mode":"bus","n":6,"arr":["203","208","209","W10","W41","W52"],"lines":"203, 208, 209, W10, 41, 52"},"geometry":{"type":"LineString","coordinates":[[18.474485,50.007633],[18.474443,50.007583],[18.474453,50.00753]]}},{"type":"Feature","properties":{"mode":"bus","n":6,"arr":["203","208","209","W10","W41","W52"],"lines":"203, 208, 209, W10, 41, 52"},"geometry":{"type":"LineString","coordinates":[[18.474746,50.012245],[18.474563,50.011946],[18.474505,50.011776],[18.474516,50.011658]]}},{"type":"Feature","properties":{"mode":"bus","n":6,"arr":["203","208","209","W10","W41","W52"],"lines":"203, 208, 209, W10, 41, 52"},"geometry":{"type":"LineString","coordinates":[[18.475112,50.008262],[18.474905,50.008022],[18.474819,50.007965]]}},{"type":"Feature","properties":{"mode":"bus","n":8,"arr":["202","205","206","207","W41","W50","W51","W52"],"lines":"202, 205, 206, 207, 41, 50, 51, 52"},"geometry":{"type":"LineString","coordinates":[[18.465257,50.010772],[18.465176,50.010801],[18.46507,50.010804],[18.464975,50.010773],[18.464928,50.010726],[18.464897,50.010706],[18.464855,50.010698],[18.463683,50.010643],[18.46314,50.01056],[18.459516,50.009716]]}},{"type":"Feature","properties":{"mode":"bus","n":8,"arr":["202","205","206","207","W41","W50","W51","W52"],"lines":"202, 205, 206, 207, 41, 50, 51, 52"},"geometry":{"type":"LineString","coordinates":[[18.465321,50.010707],[18.465324,50.010642],[18.465275,50.010575]]}},{"type":"Feature","properties":{"mode":"bus","n":10,"arr":["202","205","206","207","W41","W42","W50","W51","W52","W59"],"lines":"202, 205, 206, 207, 41, 42, 50, 51, 52, 59"},"geometry":{"type":"LineString","coordinates":[[18.459516,50.009716],[18.459444,50.009742]]}},{"type":"Feature","properties":{"mode":"bus","n":10,"arr":["202","205","206","207","W41","W42","W50","W51","W52","W59"],"lines":"202, 205, 206, 207, 41, 42, 50, 51, 52, 59"},"geometry":{"type":"LineString","coordinates":[[18.45925,50.009719],[18.459175,50.009632]]}},{"type":"Feature","properties":{"mode":"bus","n":11,"arr":["201","205","206","207","210","W41","W42","W50","W51","W52","W59"],"lines":"201, 205, 206, 207, 210, 41, 42, 50, 51, 52, 59"},"geometry":{"type":"LineString","coordinates":[[18.459245,50.009518],[18.459319,50.009492]]}},{"type":"Feature","properties":{"mode":"bus","n":11,"arr":["201","205","206","207","210","W41","W42","W50","W51","W52","W59"],"lines":"201, 205, 206, 207, 210, 41, 42, 50, 51, 52, 59"},"geometry":{"type":"LineString","coordinates":[[18.459507,50.009516],[18.459579,50.009598]]}},{"type":"Feature","properties":{"mode":"bus","n":10,"arr":["201","205","206","207","210","W41","W50","W51","W52","W59"],"lines":"201, 205, 206, 207, 210, 41, 50, 51, 52, 59"},"geometry":{"type":"LineString","coordinates":[[18.459319,50.009492],[18.459402,50.009487],[18.459507,50.009516]]}},{"type":"Feature","properties":{"mode":"bus","n":12,"arr":["202","203","205","206","208","209","W10","W41","W42","W50","W51","W52"],"lines":"202, 203, 205, 206, 208, 209, W10, 41, 42, 50, 51, 52"},"geometry":{"type":"LineString","coordinates":[[18.474819,50.007965],[18.474728,50.007913],[18.474654,50.007761],[18.474485,50.007633]]}},{"type":"Feature","properties":{"mode":"bus","n":6,"arr":["202","205","206","W42","W50","W51"],"lines":"202, 205, 206, 42, 50, 51"},"geometry":{"type":"LineString","coordinates":[[18.474819,50.007965],[18.474925,50.007957],[18.474984,50.007916]]}},{"type":"Feature","properties":{"mode":"bus","n":6,"arr":["202","205","206","W42","W50","W51"],"lines":"202, 205, 206, 42, 50, 51"},"geometry":{"type":"LineString","coordinates":[[18.474485,50.007633],[18.473893,50.0076]]}},{"type":"Feature","properties":{"mode":"bus","n":7,"arr":["205","206","207","210","W42","W50","W51"],"lines":"205, 206, 207, 210, 42, 50, 51"},"geometry":{"type":"LineString","coordinates":[[18.47045,50.007733],[18.470483,50.00775]]}},{"type":"Feature","properties":{"mode":"bus","n":7,"arr":["202","205","206","207","W50","W51","W52"],"lines":"202, 205, 206, 207, 50, 51, 52"},"geometry":{"type":"LineString","coordinates":[[18.459175,50.009632],[18.459188,50.009569],[18.459245,50.009518]]}},{"type":"Feature","properties":{"mode":"bus","n":6,"arr":["205","206","207","210","W50","W51"],"lines":"205, 206, 207, 210, 50, 51"},"geometry":{"type":"LineString","coordinates":[[18.470417,50.008201],[18.470294,50.007882],[18.470259,50.007838],[18.47025,50.007815],[18.470259,50.007792],[18.470284,50.007762],[18.470302,50.007747],[18.470327,50.007737],[18.470357,50.007734],[18.47045,50.007733]]}},{"type":"Feature","properties":{"mode":"bus","n":6,"arr":["202","205","206","207","W50","W51"],"lines":"202, 205, 206, 207, 50, 51"},"geometry":{"type":"LineString","coordinates":[[18.465257,50.010772],[18.465321,50.010707]]}},{"type":"Feature","properties":{"mode":"bus","n":6,"arr":["202","205","206","207","W50","W51"],"lines":"202, 205, 206, 207, 50, 51"},"geometry":{"type":"LineString","coordinates":[[18.465275,50.010575],[18.465388,50.010454],[18.465521,50.010364]]}},{"type":"Feature","properties":{"mode":"bus","n":5,"arr":["205","206","W51","W52","W59"],"lines":"205, 206, 51, 52, 59"},"geometry":{"type":"LineString","coordinates":[[18.459524,50.022576],[18.459412,50.022344],[18.459405,50.022333],[18.459399,50.022328],[18.459393,50.022328],[18.459388,50.022334],[18.459382,50.022345],[18.459332,50.022486],[18.459257,50.022544]]}},{"type":"Feature","properties":{"mode":"bus","n":5,"arr":["205","206","W51","W52","W59"],"lines":"205, 206, 51, 52, 59"},"geometry":{"type":"LineString","coordinates":[[18.459387,50.022652],[18.459336,50.022645]]}},{"type":"Feature","properties":{"mode":"bus","n":5,"arr":["205","206","W51","W52","W59"],"lines":"205, 206, 51, 52, 59"},"geometry":{"type":"LineString","coordinates":[[18.459395,50.02231],[18.459058,50.021717]]}},{"type":"Feature","properties":{"mode":"bus","n":5,"arr":["203","208","209","W10","W52"],"lines":"203, 208, 209, W10, 52"},"geometry":{"type":"LineString","coordinates":[[18.474898,50.012759],[18.474909,50.012668],[18.474996,50.012584]]}},{"type":"Feature","properties":{"mode":"bus","n":8,"arr":["201","203","205","206","207","208","209","210"],"lines":"201, 203, 205, 206, 207, 208, 209, 210"},"geometry":{"type":"LineString","coordinates":[[18.474639,50.007482],[18.474545,50.00748],[18.474477,50.007505]]}},{"type":"Feature","properties":{"mode":"bus","n":10,"arr":["203","205","206","207","208","209","210","W09","W10","W11"],"lines":"203, 205, 206, 207, 208, 209, 210, W09, W10, W11"},"geometry":{"type":"LineString","coordinates":[[18.472109,50.003417],[18.471972,50.00346]]}},{"type":"Feature","properties":{"mode":"bus","n":5,"arr":["300","301","302","304","305"],"lines":"300, 301, 302, 304, 305"},"geometry":{"type":"LineString","coordinates":[[18.677379,50.149001],[18.677478,50.148982],[18.677562,50.148919],[18.677569,50.148839],[18.677519,50.148781],[18.677412,50.148745],[18.677257,50.148766],[18.677167,50.148734],[18.676778,50.148496],[18.675445,50.147421],[18.675082,50.147188],[18.673202,50.146394],[18.671804,50.145869],[18.671395,50.145692],[18.671201,50.145577]]}},{"type":"Feature","properties":{"mode":"bus","n":5,"arr":["300","301","302","304","305"],"lines":"300, 301, 302, 304, 305"},"geometry":{"type":"LineString","coordinates":[[18.677213,50.148949],[18.677173,50.148861],[18.676959,50.148713],[18.676778,50.148496]]}},{"type":"Feature","properties":{"mode":"bus","n":5,"arr":["300","302","304","305","306"],"lines":"300, 302, 304, 305, 306"},"geometry":{"type":"LineString","coordinates":[[18.673236,50.129671],[18.673291,50.129771]]}},{"type":"Feature","properties":{"mode":"bus","n":5,"arr":["300","302","304","305","306"],"lines":"300, 302, 304, 305, 306"},"geometry":{"type":"LineString","coordinates":[[18.673627,50.12971],[18.673608,50.129621],[18.673563,50.129586],[18.673471,50.129557],[18.673326,50.129575]]}},{"type":"Feature","properties":{"mode":"bus","n":5,"arr":["300","302","304","305","306"],"lines":"300, 302, 304, 305, 306"},"geometry":{"type":"LineString","coordinates":[[18.673406,50.129809],[18.67355,50.129786]]}},{"type":"Feature","properties":{"mode":"bus","n":5,"arr":["307","B10","B11","B12","L-1"],"lines":"307, B10, B11, B12, L-1"},"geometry":{"type":"LineString","coordinates":[[18.694768,49.958602],[18.694247,49.958577],[18.693821,49.958582],[18.693754,49.958542],[18.693672,49.958532],[18.693582,49.958552],[18.693538,49.958591],[18.693535,49.958638],[18.69354,49.95866],[18.693558,49.958679],[18.693605,49.958711]]}},{"type":"Feature","properties":{"mode":"bus","n":5,"arr":["307","B10","B11","B12","L-1"],"lines":"307, B10, B11, B12, L-1"},"geometry":{"type":"LineString","coordinates":[[18.693734,49.958717],[18.69383,49.958663],[18.69426,49.958613],[18.694768,49.958602],[18.695968,49.958623],[18.696852,49.958683],[18.700753,49.95912],[18.701341,49.959165],[18.704332,49.959523]]}},{"type":"Feature","properties":{"mode":"bus","n":9,"arr":["307","B10","B11","B12","L-1","L-2","L-4","L-5","L-6"],"lines":"307, B10, B11, B12, L-1, L-2, L-4, L-5, L-6"},"geometry":{"type":"LineString","coordinates":[[18.717809,49.96116],[18.717867,49.961117],[18.717961,49.961093]]}},{"type":"Feature","properties":{"mode":"bus","n":9,"arr":["307","B10","B11","B12","L-1","L-2","L-4","L-5","L-6"],"lines":"307, B10, B11, B12, L-1, L-2, L-4, L-5, L-6"},"geometry":{"type":"LineString","coordinates":[[18.718092,49.961636],[18.718127,49.961335],[18.718221,49.961239],[18.718211,49.961188],[18.718131,49.961118]]}},{"type":"Feature","properties":{"mode":"bus","n":9,"arr":["307","B10","B11","B12","L-1","L-2","L-4","L-5","L-6"],"lines":"307, B10, B11, B12, L-1, L-2, L-4, L-5, L-6"},"geometry":{"type":"LineString","coordinates":[[18.718364,49.962883],[18.718291,49.962817],[18.718074,49.961527],[18.717991,49.96138],[18.717972,49.96136],[18.717941,49.961347],[18.717873,49.96133],[18.717794,49.961257]]}},{"type":"Feature","properties":{"mode":"bus","n":8,"arr":["307","B10","B11","B12","L-1","L-2","L-4","L-6"],"lines":"307, B10, B11, B12, L-1, L-2, L-4, L-6"},"geometry":{"type":"LineString","coordinates":[[18.717961,49.961093],[18.718131,49.961118]]}},{"type":"Feature","properties":{"mode":"bus","n":8,"arr":["307","B10","B11","B12","L-1","L-2","L-4","L-6"],"lines":"307, B10, B11, B12, L-1, L-2, L-4, L-6"},"geometry":{"type":"LineString","coordinates":[[18.716352,49.961005],[18.717197,49.961128],[18.717809,49.96116]]}},{"type":"Feature","properties":{"mode":"bus","n":6,"arr":["B10","B11","C16","C18","S11","S13"],"lines":"B10, B11, C16, C18, S11, S13"},"geometry":{"type":"LineString","coordinates":[[18.57195,49.944116],[18.572092,49.944149],[18.572201,49.944127]]}},{"type":"Feature","properties":{"mode":"bus","n":17,"arr":["B10","B11","B12","B13","C10","C15","C16","C19","M10","S10","S11","S12","S12A","S13","S14","S15","W11"],"lines":"B10, B11, B12, B13, C10, C15, C16, C19, M10, S10, S11, S12, S12A, S13, S14, S15, W11"},"geometry":{"type":"LineString","coordinates":[[18.602667,49.951819],[18.602582,49.951738],[18.602448,49.951685],[18.602286,49.951676],[18.602134,49.951714]]}},{"type":"Feature","properties":{"mode":"bus","n":17,"arr":["B10","B11","B12","B13","C10","C15","C16","C19","M10","S10","S11","S12","S12A","S13","S14","S15","W11"],"lines":"B10, B11, B12, B13, C10, C15, C16, C19, M10, S10, S11, S12, S12A, S13, S14, S15, W11"},"geometry":{"type":"LineString","coordinates":[[18.613329,49.954478],[18.611518,49.953137],[18.611014,49.952898],[18.610479,49.952744],[18.610078,49.952675],[18.609512,49.952643],[18.605062,49.952757],[18.604605,49.952734],[18.604146,49.952672],[18.60349,49.952467],[18.602661,49.951999]]}},{"type":"Feature","properties":{"mode":"bus","n":18,"arr":["B10","B11","B12","B13","C10","C15","C16","C19","M10","S10","S11","S12","S12A","S13","S14","S15","S16","W11"],"lines":"B10, B11, B12, B13, C10, C15, C16, C19, M10, S10, S11, S12, S12A, S13, S14, S15, S16, W11"},"geometry":{"type":"LineString","coordinates":[[18.613911,49.954598],[18.613694,49.954555],[18.6136,49.954577],[18.613551,49.954581],[18.613506,49.954568],[18.613329,49.954478]]}},{"type":"Feature","properties":{"mode":"bus","n":12,"arr":["B10","B11","B13","C15","S10","S11","S12","S12A","S13","S14","S15","W11"],"lines":"B10, B11, B13, C15, S10, S11, S12, S12A, S13, S14, S15, W11"},"geometry":{"type":"LineString","coordinates":[[18.613996,49.954668],[18.613911,49.954598]]}},{"type":"Feature","properties":{"mode":"bus","n":19,"arr":["B10","B11","B12","B13","C10","C11","C12","C15","C19","M10","S10","S11","S12","S12A","S13","S14","S15","S16","W11"],"lines":"B10, B11, B12, B13, C10, C11, C12, C15, C19, M10, S10, S11, S12, S12A, S13, S14, S15, S16, W11"},"geometry":{"type":"LineString","coordinates":[[18.614016,49.954791],[18.613996,49.954668]]}},{"type":"Feature","properties":{"mode":"bus","n":19,"arr":["B10","B11","B12","B13","C10","C11","C12","C15","C19","M10","S10","S11","S12","S12A","S13","S14","S15","S16","W11"],"lines":"B10, B11, B12, B13, C10, C11, C12, C15, C19, M10, S10, S11, S12, S12A, S13, S14, S15, S16, W11"},"geometry":{"type":"LineString","coordinates":[[18.613137,49.954502],[18.613396,49.954677],[18.61342,49.954701],[18.613426,49.954729],[18.613423,49.954784],[18.613518,49.954894],[18.613667,49.954941],[18.61375,49.954943],[18.613926,49.954892]]}},{"type":"Feature","properties":{"mode":"bus","n":13,"arr":["B11","B13","B14","C10","C11","C13","C17","C19","R10","R11","S11","S13","W10"],"lines":"B11, B13, B14, C10, C11, C13, C17, C19, R10, R11, S11, S13, W10"},"geometry":{"type":"LineString","coordinates":[[18.574967,49.950507],[18.575124,49.950453]]}},{"type":"Feature","properties":{"mode":"bus","n":13,"arr":["B11","B13","B14","C10","C11","C13","C17","C19","R10","R11","S11","S13","W10"],"lines":"B11, B13, B14, C10, C11, C13, C17, C19, R10, R11, S11, S13, W10"},"geometry":{"type":"LineString","coordinates":[[18.574767,49.950277],[18.574724,49.950356],[18.574798,49.95047]]}},{"type":"Feature","properties":{"mode":"bus","n":6,"arr":["B11","B13","B14","C11","R10","R11"],"lines":"B11, B13, B14, C11, R10, R11"},"geometry":{"type":"LineString","coordinates":[[18.574798,49.95047],[18.574967,49.950507]]}},{"type":"Feature","properties":{"mode":"bus","n":10,"arr":["B11","B14","C10","C17","C19","R10","R11","S11","S13","W10"],"lines":"B11, B14, C10, C17, C19, R10, R11, S11, S13, W10"},"geometry":{"type":"LineString","coordinates":[[18.574831,49.950239],[18.574767,49.950277]]}},{"type":"Feature","properties":{"mode":"bus","n":11,"arr":["B11","B13","B14","C10","C13","C16","C17","C19","S11","S13","W10"],"lines":"B11, B13, B14, C10, C13, C16, C17, C19, S11, S13, W10"},"geometry":{"type":"LineString","coordinates":[[18.575023,49.950225],[18.575146,49.950292]]}},{"type":"Feature","properties":{"mode":"bus","n":12,"arr":["B11","B12","B13","B14","C10","C15","C16","C17","C19","S10","S15","W10"],"lines":"B11, B12, B13, B14, C10, C15, C16, C17, C19, S10, S15, W10"},"geometry":{"type":"LineString","coordinates":[[18.589646,49.949459],[18.58961,49.949517],[18.589612,49.949605]]}},{"type":"Feature","properties":{"mode":"bus","n":7,"arr":["B12","C10","C11","C12","C19","M10","S16"],"lines":"B12, C10, C11, C12, C19, M10, S16"},"geometry":{"type":"LineString","coordinates":[[18.617311,49.953367],[18.617461,49.953182],[18.617617,49.953075],[18.61767,49.95294],[18.617868,49.952759]]}},{"type":"Feature","properties":{"mode":"bus","n":7,"arr":["B12","C10","C11","C12","C19","M10","S16"],"lines":"B12, C10, C11, C12, C19, M10, S16"},"geometry":{"type":"LineString","coordinates":[[18.614068,49.954598],[18.614114,49.954568],[18.614524,49.95446]]}},{"type":"Feature","properties":{"mode":"bus","n":7,"arr":["B12","C10","C11","C12","C19","M10","S16"],"lines":"B12, C10, C11, C12, C19, M10, S16"},"geometry":{"type":"LineString","coordinates":[[18.62271,49.9498],[18.623167,49.949577],[18.623508,49.949474],[18.623613,49.949371],[18.623573,49.949242]]}},{"type":"Feature","properties":{"mode":"bus","n":6,"arr":["B12","C10","C16","C19","M10","S16"],"lines":"B12, C10, C16, C19, M10, S16"},"geometry":{"type":"LineString","coordinates":[[18.617311,49.953367],[18.617315,49.953162],[18.617235,49.953005],[18.617279,49.952925],[18.617397,49.952877],[18.617534,49.952889],[18.617868,49.952759]]}},{"type":"Feature","properties":{"mode":"bus","n":6,"arr":["B12","C10","C16","C19","M10","S16"],"lines":"B12, C10, C16, C19, M10, S16"},"geometry":{"type":"LineString","coordinates":[[18.614007,49.954534],[18.614154,49.954474],[18.614325,49.954448],[18.614524,49.95446]]}},{"type":"Feature","properties":{"mode":"bus","n":6,"arr":["B12","C10","C16","C19","M10","S16"],"lines":"B12, C10, C16, C19, M10, S16"},"geometry":{"type":"LineString","coordinates":[[18.62271,49.9498],[18.623019,49.949501]]}},{"type":"Feature","properties":{"mode":"bus","n":6,"arr":["B12","C10","C11","C12","C19","M10"],"lines":"B12, C10, C11, C12, C19, M10"},"geometry":{"type":"LineString","coordinates":[[18.613926,49.954892],[18.614016,49.954791]]}},{"type":"Feature","properties":{"mode":"bus","n":7,"arr":["B14","C10","C11","C12","C19","M10","S16"],"lines":"B14, C10, C11, C12, C19, M10, S16"},"geometry":{"type":"LineString","coordinates":[[18.612202,49.945414],[18.61204,49.945376],[18.611759,49.945348],[18.61172,49.945339],[18.611692,49.94532],[18.611648,49.945275],[18.611559,49.945251],[18.611464,49.945259],[18.611388,49.945296]]}},{"type":"Feature","properties":{"mode":"bus","n":7,"arr":["B14","C10","C11","C12","C19","M10","S16"],"lines":"B14, C10, C11, C12, C19, M10, S16"},"geometry":{"type":"LineString","coordinates":[[18.623573,49.949242],[18.623365,49.949036],[18.62312,49.948708]]}},{"type":"Feature","properties":{"mode":"bus","n":6,"arr":["B14","C10","C16","C19","M10","S16"],"lines":"B14, C10, C16, C19, M10, S16"},"geometry":{"type":"LineString","coordinates":[[18.612202,49.945414],[18.611738,49.945418],[18.611706,49.945422],[18.611681,49.945435],[18.61164,49.945467],[18.611539,49.945488],[18.611423,49.945464],[18.611379,49.945421],[18.611351,49.945403],[18.611314,49.945394],[18.61093,49.945361]]}},{"type":"Feature","properties":{"mode":"bus","n":5,"arr":["B15","C12","C14","R10","R11"],"lines":"B15, C12, C14, R10, R11"},"geometry":{"type":"LineString","coordinates":[[18.600119,49.927537],[18.600156,49.927351],[18.600212,49.927286],[18.600224,49.927264],[18.60022,49.927242],[18.6002,49.927198],[18.600133,49.927162],[18.600109,49.927078],[18.600139,49.926107],[18.599882,49.924828],[18.599874,49.924672],[18.599935,49.924238],[18.600063,49.923937],[18.600223,49.92369],[18.601941,49.921404]]}},{"type":"Feature","properties":{"mode":"bus","n":5,"arr":["B15","C12","C14","R10","R11"],"lines":"B15, C12, C14, R10, R11"},"geometry":{"type":"LineString","coordinates":[[18.593092,49.938574],[18.593399,49.938324],[18.59544,49.936164],[18.597251,49.9349],[18.597592,49.934602],[18.597858,49.934279],[18.598038,49.93411],[18.598534,49.933739],[18.598759,49.933461],[18.598833,49.933199],[18.598842,49.933026],[18.598706,49.931349],[18.598781,49.93089],[18.598947,49.930563],[18.599132,49.930307],[18.599643,49.929793],[18.600002,49.929367],[18.600212,49.928912],[18.600265,49.928449],[18.600119,49.927537],[18.600026,49.927367],[18.599947,49.92734],[18.599894,49.927265],[18.599929,49.927194],[18.600023,49.927125],[18.600093,49.926965]]}},{"type":"Feature","properties":{"mode":"bus","n":7,"arr":["B15","C11","C14","C15","R10","R11","S15"],"lines":"B15, C11, C14, C15, R10, R11, S15"},"geometry":{"type":"LineString","coordinates":[[18.592849,49.938983],[18.592774,49.939006]]}},{"type":"Feature","properties":{"mode":"bus","n":8,"arr":["B15","C14","C15","C16","R10","R11","S10","S15"],"lines":"B15, C14, C15, C16, R10, R11, S10, S15"},"geometry":{"type":"LineString","coordinates":[[18.592549,49.938956],[18.592515,49.938916]]}},{"type":"Feature","properties":{"mode":"bus","n":5,"arr":["B15","C14","R10","R11","S10"],"lines":"B15, C14, R10, R11, S10"},"geometry":{"type":"LineString","coordinates":[[18.592638,49.938741],[18.592523,49.938813],[18.592515,49.938916]]}},{"type":"Feature","properties":{"mode":"bus","n":5,"arr":["B15","C14","R10","R11","S10"],"lines":"B15, C14, R10, R11, S10"},"geometry":{"type":"LineString","coordinates":[[18.599159,49.940624],[18.597961,49.940442],[18.597446,49.940329],[18.594736,49.939542],[18.593102,49.93903]]}},{"type":"Feature","properties":{"mode":"bus","n":8,"arr":["B15","C11","C14","C15","R10","R11","S10","S15"],"lines":"B15, C11, C14, C15, R10, R11, S10, S15"},"geometry":{"type":"LineString","coordinates":[[18.592741,49.938731],[18.592638,49.938741]]}},{"type":"Feature","properties":{"mode":"bus","n":5,"arr":["C11","C14","C15","S10","S15"],"lines":"C11, C14, C15, S10, S15"},"geometry":{"type":"LineString","coordinates":[[18.592933,49.938838],[18.592923,49.938818]]}},{"type":"Feature","properties":{"mode":"bus","n":8,"arr":["C10","C13","C15","C17","C19","S11","S13","W10"],"lines":"C10, C13, C15, C17, C19, S11, S13, W10"},"geometry":{"type":"LineString","coordinates":[[18.575162,49.954645],[18.575101,49.954548],[18.574968,49.95449]]}},{"type":"Feature","properties":{"mode":"bus","n":8,"arr":["C10","C13","C15","C17","C19","S11","S13","W10"],"lines":"C10, C13, C15, C17, C19, S11, S13, W10"},"geometry":{"type":"LineString","coordinates":[[18.574684,49.954787],[18.574867,49.954841],[18.575001,49.954825],[18.575107,49.95477]]}},{"type":"Feature","properties":{"mode":"bus","n":8,"arr":["C10","C13","C15","C17","C19","S11","S13","W10"],"lines":"C10, C13, C15, C17, C19, S11, S13, W10"},"geometry":{"type":"LineString","coordinates":[[18.574867,49.954443],[18.574837,49.954484],[18.574697,49.954527],[18.574647,49.954566],[18.574604,49.954662]]}},{"type":"Feature","properties":{"mode":"bus","n":6,"arr":["C10","C13","C15","C17","S11","S13"],"lines":"C10, C13, C15, C17, S11, S13"},"geometry":{"type":"LineString","coordinates":[[18.574604,49.954662],[18.574684,49.954787]]}},{"type":"Feature","properties":{"mode":"bus","n":6,"arr":["C10","C13","C15","C17","S11","S13"],"lines":"C10, C13, C15, C17, S11, S13"},"geometry":{"type":"LineString","coordinates":[[18.576182,49.954912],[18.575357,49.954717],[18.575162,49.954645]]}},{"type":"Feature","properties":{"mode":"bus","n":6,"arr":["C10","C13","C15","C17","S11","S13"],"lines":"C10, C13, C15, C17, S11, S13"},"geometry":{"type":"LineString","coordinates":[[18.575107,49.95477],[18.576093,49.954979]]}},{"type":"Feature","properties":{"mode":"bus","n":5,"arr":["L-1","L-2","L-4","L-5","L-6"],"lines":"L-1, L-2, L-4, L-5, L-6"},"geometry":{"type":"LineString","coordinates":[[18.717794,49.961257],[18.717809,49.96116]]}},{"type":"Feature","properties":{"mode":"bus","n":5,"arr":["L-1","L-2","L-4","L-5","L-6"],"lines":"L-1, L-2, L-4, L-5, L-6"},"geometry":{"type":"LineString","coordinates":[[18.718013,49.960619],[18.71801,49.961022],[18.717961,49.961093]]}},{"type":"Feature","properties":{"mode":"bus","n":9,"arr":["S10","S11","S12","S12A","S13","S14","S15","S16","W11"],"lines":"S10, S11, S12, S12A, S13, S14, S15, S16, W11"},"geometry":{"type":"LineString","coordinates":[[18.614786,49.97077],[18.614631,49.971039],[18.614623,49.971073],[18.614636,49.971106],[18.614686,49.971175],[18.614656,49.971267],[18.614541,49.971338],[18.614415,49.971353],[18.614185,49.971564],[18.614045,49.971629]]}},{"type":"Feature","properties":{"mode":"bus","n":9,"arr":["S10","S11","S12","S12A","S13","S14","S15","S16","W11"],"lines":"S10, S11, S12, S12A, S13, S14, S15, S16, W11"},"geometry":{"type":"LineString","coordinates":[[18.622841,49.961232],[18.622965,49.961516],[18.622765,49.961797],[18.621948,49.962454],[18.621741,49.962701],[18.621576,49.962981],[18.621506,49.963338],[18.62149,49.964427],[18.621396,49.964644],[18.621237,49.964864],[18.621023,49.965086],[18.618288,49.967078],[18.61781,49.967442],[18.617489,49.967744],[18.616443,49.969259],[18.616255,49.969475],[18.615004,49.970633],[18.614654,49.970831],[18.61448,49.971],[18.614449,49.971021],[18.614407,49.971032],[18.614319,49.971042],[18.614216,49.971101],[18.614179,49.971212],[18.614248,49.971303],[18.614157,49.971488],[18.614045,49.971629],[18.613795,49.971853],[18.613027,49.972891],[18.612723,49.973211],[18.612213,49.973577],[18.610788,49.974431],[18.610504,49.974648],[18.61018,49.974944]]}},{"type":"Feature","properties":{"mode":"bus","n":9,"arr":["S10","S11","S12","S12A","S13","S14","S15","S16","W11"],"lines":"S10, S11, S12, S12A, S13, S14, S15, S16, W11"},"geometry":{"type":"LineString","coordinates":[[18.622765,49.961797],[18.623122,49.961584],[18.623226,49.961405],[18.623168,49.961316],[18.622974,49.961188]]}},{"type":"Feature","properties":{"mode":"bus","n":9,"arr":["S10","S11","S12","S12A","S13","S14","S15","S16","W11"],"lines":"S10, S11, S12, S12A, S13, S14, S15, S16, W11"},"geometry":{"type":"LineString","coordinates":[[18.620919,49.965162],[18.62167,49.965523],[18.6217,49.965533],[18.62173,49.965533],[18.62176,49.965523],[18.622383,49.965218],[18.622468,49.965135],[18.622487,49.965056],[18.622482,49.965023],[18.622452,49.964997],[18.621927,49.964724],[18.621652,49.964666],[18.621507,49.964615],[18.621433,49.964562]]}},{"type":"Feature","properties":{"mode":"bus","n":9,"arr":["S10","S11","S12","S12A","S13","S14","S15","S16","W11"],"lines":"S10, S11, S12, S12A, S13, S14, S15, S16, W11"},"geometry":{"type":"LineString","coordinates":[[18.621738,49.964691],[18.621577,49.964689],[18.621294,49.964785]]}},{"type":"Feature","properties":{"mode":"bus","n":7,"arr":["1","24","26","27","28","29","36"],"lines":"1, 24, 26, 27, 28, 29, 36"},"geometry":{"type":"LineString","coordinates":[[18.476105,50.104745],[18.47793,50.10433],[18.478589,50.104157],[18.479019,50.103984],[18.480448,50.103304],[18.480757,50.103192],[18.481118,50.103105],[18.483151,50.102728],[18.48617,50.102415],[18.487783,50.102076],[18.4893,50.101895],[18.491535,50.101572],[18.500951,50.099746]]}},{"type":"Feature","properties":{"mode":"bus","n":7,"arr":["1","24","26","27","28","29","36"],"lines":"1, 24, 26, 27, 28, 29, 36"},"geometry":{"type":"LineString","coordinates":[[18.487612,50.101974],[18.487658,50.102098]]}},{"type":"Feature","properties":{"mode":"bus","n":6,"arr":["1","26","27","28","29","36"],"lines":"1, 26, 27, 28, 29, 36"},"geometry":{"type":"LineString","coordinates":[[18.500951,50.099746],[18.502295,50.099497],[18.504898,50.099152],[18.514314,50.098068]]}},{"type":"Feature","properties":{"mode":"bus","n":6,"arr":["1","26","27","28","29","36"],"lines":"1, 26, 27, 28, 29, 36"},"geometry":{"type":"LineString","coordinates":[[18.514787,50.098132],[18.514369,50.098075],[18.514351,50.098072],[18.514341,50.098068],[18.51434,50.098063],[18.514347,50.098057],[18.514362,50.09805],[18.514704,50.097921]]}},{"type":"Feature","properties":{"mode":"bus","n":9,"arr":["1","27","33","43","46","48","52","A","N8"],"lines":"1, 27, 33, 43, 46, 48, 52, A, N8"},"geometry":{"type":"LineString","coordinates":[[18.517254,50.101877],[18.517062,50.10181],[18.516606,50.101746],[18.516379,50.101683],[18.516168,50.101572],[18.515928,50.101368],[18.515378,50.099411],[18.515374,50.099227],[18.515154,50.09816]]}},{"type":"Feature","properties":{"mode":"bus","n":7,"arr":["1","27","34","43","52","A","N8"],"lines":"1, 27, 34, 43, 52, A, N8"},"geometry":{"type":"LineString","coordinates":[[18.531639,50.101893],[18.530722,50.101956],[18.530145,50.101902],[18.529673,50.101816]]}},{"type":"Feature","properties":{"mode":"bus","n":11,"arr":["1","3","6","24","27","34","43","45","52","A","N8"],"lines":"1, 3, 6, 24, 27, 34, 43, 45, 52, A, N8"},"geometry":{"type":"LineString","coordinates":[[18.532757,50.101433],[18.532446,50.101611],[18.532105,50.101764],[18.531639,50.101893]]}},{"type":"Feature","properties":{"mode":"bus","n":13,"arr":["1","3","6","24","27","34","43","45","52","300","301","A","N8"],"lines":"1, 3, 6, 24, 27, 34, 43, 45, 52, 300, 301, A, N8"},"geometry":{"type":"LineString","coordinates":[[18.532812,50.101395],[18.532757,50.101433]]}},{"type":"Feature","properties":{"mode":"bus","n":23,"arr":["1","2","3","4","5","9","10","14","16","17","18","19","22","24","27","34","43","45","51","300","301","A","N8"],"lines":"1, 2, 3, 4, 5, 9, 10, 14, 16, 17, 18, 19, 22, 24, 27, 34, 43, 45, 51, 300, 301, A, N8"},"geometry":{"type":"LineString","coordinates":[[18.533747,50.100639],[18.532812,50.101395]]}},{"type":"Feature","properties":{"mode":"bus","n":22,"arr":["1","2","3","4","5","9","10","14","16","17","18","19","22","24","27","34","43","45","51","300","301","A"],"lines":"1, 2, 3, 4, 5, 9, 10, 14, 16, 17, 18, 19, 22, 24, 27, 34, 43, 45, 51, 300, 301, A"},"geometry":{"type":"LineString","coordinates":[[18.533747,50.100639],[18.533997,50.100433]]}},{"type":"Feature","properties":{"mode":"bus","n":16,"arr":["1","2","3","4","5","9","10","17","18","19","22","24","34","43","A","N8"],"lines":"1, 2, 3, 4, 5, 9, 10, 17, 18, 19, 22, 24, 34, 43, A, N8"},"geometry":{"type":"LineString","coordinates":[[18.535389,50.100556],[18.535346,50.10067],[18.535228,50.100717],[18.535205,50.100723],[18.535181,50.100722],[18.535135,50.100715],[18.534756,50.100502],[18.534734,50.100495],[18.53471,50.100494],[18.534661,50.100499],[18.534378,50.100691],[18.534207,50.100713],[18.534118,50.100757],[18.534079,50.100768],[18.534037,50.100767],[18.533954,50.100752],[18.533747,50.100639]]}},{"type":"Feature","properties":{"mode":"bus","n":17,"arr":["1","2","3","4","5","9","10","17","18","19","22","24","34","43","301","A","N8"],"lines":"1, 2, 3, 4, 5, 9, 10, 17, 18, 19, 22, 24, 34, 43, 301, A, N8"},"geometry":{"type":"LineString","coordinates":[[18.535398,50.100502],[18.535389,50.100556]]}},{"type":"Feature","properties":{"mode":"bus","n":19,"arr":["1","2","3","4","5","7","9","10","17","18","19","22","24","34","43","300","301","A","N8"],"lines":"1, 2, 3, 4, 5, 7, 9, 10, 17, 18, 19, 22, 24, 34, 43, 300, 301, A, N8"},"geometry":{"type":"LineString","coordinates":[[18.538626,50.101692],[18.53581,50.100684],[18.535398,50.100502]]}},{"type":"Feature","properties":{"mode":"bus","n":15,"arr":["1","2","3","4","5","6","9","10","17","18","19","22","43","300","301"],"lines":"1, 2, 3, 4, 5, 6, 9, 10, 17, 18, 19, 22, 43, 300, 301"},"geometry":{"type":"LineString","coordinates":[[18.538626,50.101692],[18.539392,50.101966],[18.539759,50.102074],[18.540242,50.102171],[18.540821,50.102226],[18.541236,50.102226],[18.544748,50.102085]]}},{"type":"Feature","properties":{"mode":"bus","n":13,"arr":["1","2","3","4","5","6","9","10","17","18","19","22","43"],"lines":"1, 2, 3, 4, 5, 6, 9, 10, 17, 18, 19, 22, 43"},"geometry":{"type":"LineString","coordinates":[[18.546102,50.101606],[18.545849,50.101563],[18.545499,50.101615],[18.54535,50.101682],[18.544745,50.101772],[18.544695,50.10182],[18.544748,50.102085]]}},{"type":"Feature","properties":{"mode":"bus","n":11,"arr":["1","3","4","5","6","9","17","18","19","22","43"],"lines":"1, 3, 4, 5, 6, 9, 17, 18, 19, 22, 43"},"geometry":{"type":"LineString","coordinates":[[18.545849,50.101563],[18.546055,50.101483]]}},{"type":"Feature","properties":{"mode":"bus","n":26,"arr":["1","2","3","4","5","6","9","10","12","13","14","15","17","18","19","22","26","30","32","41","43","49","300","301","N6","PR"],"lines":"1, 2, 3, 4, 5, 6, 9, 10, 12, 13, 14, 15, 17, 18, 19, 22, 26, 30, 32, 41, 43, 49, 300, 301, N6, PR"},"geometry":{"type":"LineString","coordinates":[[18.545531,50.100132],[18.546102,50.101606]]}},{"type":"Feature","properties":{"mode":"bus","n":24,"arr":["1","3","4","5","6","9","12","13","14","15","17","18","19","22","26","30","32","41","43","49","300","301","N6","PR"],"lines":"1, 3, 4, 5, 6, 9, 12, 13, 14, 15, 17, 18, 19, 22, 26, 30, 32, 41, 43, 49, 300, 301, N6, PR"},"geometry":{"type":"LineString","coordinates":[[18.545464,50.099959],[18.545531,50.100132]]}},{"type":"Feature","properties":{"mode":"bus","n":25,"arr":["1","3","4","5","6","9","12","13","14","15","17","18","19","22","26","30","32","41","43","46","49","300","301","N6","PR"],"lines":"1, 3, 4, 5, 6, 9, 12, 13, 14, 15, 17, 18, 19, 22, 26, 30, 32, 41, 43, 46, 49, 300, 301, N6, PR"},"geometry":{"type":"LineString","coordinates":[[18.544795,50.098531],[18.54484,50.098755],[18.544942,50.098968],[18.545323,50.099484],[18.545464,50.099959]]}},{"type":"Feature","properties":{"mode":"bus","n":28,"arr":["1","3","4","5","6","9","12","13","14","15","17","18","19","22","24","26","30","32","34","41","43","46","49","300","301","N6","N8","PR"],"lines":"1, 3, 4, 5, 6, 9, 12, 13, 14, 15, 17, 18, 19, 22, 24, 26, 30, 32, 34, 41, 43, 46, 49, 300, 301, N6, N8, PR"},"geometry":{"type":"LineString","coordinates":[[18.544348,50.095885],[18.544431,50.096334],[18.544629,50.096998],[18.544636,50.097544],[18.544756,50.098012],[18.544795,50.098531]]}},{"type":"Feature","properties":{"mode":"bus","n":26,"arr":["1","3","4","5","6","8","9","12","13","14","15","17","18","19","22","24","26","30","32","41","46","49","300","301","N6","N8"],"lines":"1, 3, 4, 5, 6, 8, 9, 12, 13, 14, 15, 17, 18, 19, 22, 24, 26, 30, 32, 41, 46, 49, 300, 301, N6, N8"},"geometry":{"type":"LineString","coordinates":[[18.544306,50.093741],[18.544251,50.094153],[18.544261,50.095142],[18.544348,50.095885]]}},{"type":"Feature","properties":{"mode":"bus","n":7,"arr":["1","9","16","46A","51","N6","N8"],"lines":"1, 9, 16, 46A, 51, N6, N8"},"geometry":{"type":"LineString","coordinates":[[18.543823,50.093734],[18.542271,50.093935],[18.542026,50.093915],[18.541928,50.093855],[18.541893,50.093787],[18.541998,50.093094],[18.541993,50.09306],[18.541967,50.093031],[18.541854,50.092945]]}},{"type":"Feature","properties":{"mode":"bus","n":20,"arr":["1","2","3","6","9","16","26","27","28","29","33","36","43","45","46","46A","48","51","N6","N8"],"lines":"1, 2, 3, 6, 9, 16, 26, 27, 28, 29, 33, 36, 43, 45, 46, 46A, 48, 51, N6, N8"},"geometry":{"type":"LineString","coordinates":[[18.541854,50.092945],[18.541695,50.092962],[18.541593,50.092947]]}},{"type":"Feature","properties":{"mode":"bus","n":22,"arr":["1","2","3","4","6","9","16","26","27","28","29","33","36","43","45","46","46A","48","51","A","N6","N8"],"lines":"1, 2, 3, 4, 6, 9, 16, 26, 27, 28, 29, 33, 36, 43, 45, 46, 46A, 48, 51, A, N6, N8"},"geometry":{"type":"LineString","coordinates":[[18.540844,50.093353],[18.541138,50.093234],[18.541593,50.092947]]}},{"type":"Feature","properties":{"mode":"bus","n":23,"arr":["1","2","3","4","6","7","9","16","26","27","28","29","33","36","43","45","46","46A","48","51","A","N6","N8"],"lines":"1, 2, 3, 4, 6, 7, 9, 16, 26, 27, 28, 29, 33, 36, 43, 45, 46, 46A, 48, 51, A, N6, N8"},"geometry":{"type":"LineString","coordinates":[[18.540762,50.093377],[18.540844,50.093353]]}},{"type":"Feature","properties":{"mode":"bus","n":22,"arr":["1","2","3","4","6","7","9","16","26","27","28","29","33","36","43","45","46","48","51","A","N6","N8"],"lines":"1, 2, 3, 4, 6, 7, 9, 16, 26, 27, 28, 29, 33, 36, 43, 45, 46, 48, 51, A, N6, N8"},"geometry":{"type":"LineString","coordinates":[[18.537734,50.093963],[18.537818,50.093878],[18.53794,50.093815],[18.538404,50.093688],[18.539892,50.093556],[18.540762,50.093377]]}},{"type":"Feature","properties":{"mode":"bus","n":20,"arr":["1","2","3","4","6","7","16","26","27","28","29","33","36","43","45","46","48","51","A","N6"],"lines":"1, 2, 3, 4, 6, 7, 16, 26, 27, 28, 29, 33, 36, 43, 45, 46, 48, 51, A, N6"},"geometry":{"type":"LineString","coordinates":[[18.537152,50.094434],[18.537734,50.093963]]}},{"type":"Feature","properties":{"mode":"bus","n":8,"arr":["1","2","3","6","33","43","48","N6"],"lines":"1, 2, 3, 6, 33, 43, 48, N6"},"geometry":{"type":"LineString","coordinates":[[18.533787,50.091291],[18.535927,50.094204],[18.535946,50.094221],[18.535971,50.094227],[18.536003,50.094224],[18.536061,50.094208],[18.536112,50.094203],[18.536161,50.094214],[18.536487,50.09434],[18.536865,50.094399],[18.536944,50.094372],[18.536972,50.094366],[18.537,50.094368],[18.537026,50.094376],[18.537152,50.094434]]}},{"type":"Feature","properties":{"mode":"bus","n":9,"arr":["1","2","3","6","7","33","43","48","N6"],"lines":"1, 2, 3, 6, 7, 33, 43, 48, N6"},"geometry":{"type":"LineString","coordinates":[[18.532659,50.089639],[18.532855,50.090026],[18.533787,50.091291]]}},{"type":"Feature","properties":{"mode":"bus","n":11,"arr":["1","2","3","4","6","7","8","9","A","N6","W10"],"lines":"1, 2, 3, 4, 6, 7, 8, 9, A, N6, W10"},"geometry":{"type":"LineString","coordinates":[[18.529566,50.085606],[18.532091,50.088991]]}},{"type":"Feature","properties":{"mode":"bus","n":11,"arr":["1","2","3","4","6","7","8","9","A","N6","W10"],"lines":"1, 2, 3, 4, 6, 7, 8, 9, A, N6, W10"},"geometry":{"type":"LineString","coordinates":[[18.529131,50.085001],[18.527123,50.082292]]}},{"type":"Feature","properties":{"mode":"bus","n":12,"arr":["1","2","3","4","5","6","7","8","9","22","N6","W10"],"lines":"1, 2, 3, 4, 5, 6, 7, 8, 9, 22, N6, W10"},"geometry":{"type":"LineString","coordinates":[[18.527063,50.082211],[18.527123,50.082292]]}},{"type":"Feature","properties":{"mode":"bus","n":6,"arr":["1","2","3","4","9","N6"],"lines":"1, 2, 3, 4, 9, N6"},"geometry":{"type":"LineString","coordinates":[[18.497618,50.06737],[18.498247,50.068053],[18.499422,50.069598],[18.499599,50.069719]]}},{"type":"Feature","properties":{"mode":"bus","n":6,"arr":["1","4","9","23","205","N6"],"lines":"1, 4, 9, 23, 205, N6"},"geometry":{"type":"LineString","coordinates":[[18.467342,50.070817],[18.467291,50.070943]]}},{"type":"Feature","properties":{"mode":"bus","n":5,"arr":["1","4","9","23","N6"],"lines":"1, 4, 9, 23, N6"},"geometry":{"type":"LineString","coordinates":[[18.465886,50.061434],[18.46575,50.061542],[18.465633,50.061702],[18.465584,50.061846],[18.46556,50.062153],[18.465586,50.062392],[18.465913,50.063873],[18.466058,50.064348],[18.467682,50.068601],[18.467838,50.069092],[18.467825,50.069353],[18.467738,50.069818],[18.467342,50.070817]]}},{"type":"Feature","properties":{"mode":"bus","n":6,"arr":["1","4","9","23","24","N6"],"lines":"1, 4, 9, 23, 24, N6"},"geometry":{"type":"LineString","coordinates":[[18.465886,50.061434],[18.467631,50.060545]]}},{"type":"Feature","properties":{"mode":"bus","n":8,"arr":["1","8","23","207","209","210","N6","W59"],"lines":"1, 8, 23, 207, 209, 210, N6, 59"},"geometry":{"type":"LineString","coordinates":[[18.468597,50.055641],[18.468987,50.055676],[18.469321,50.055663],[18.469911,50.055484],[18.470348,50.055171],[18.470543,50.054937],[18.47065,50.054555],[18.470521,50.053821],[18.470216,50.052468],[18.470216,50.052224],[18.470275,50.051998],[18.470465,50.051692],[18.47115,50.051336],[18.473279,50.05045]]}},{"type":"Feature","properties":{"mode":"bus","n":12,"arr":["1","2","3","6","8","201","202","203","207","209","210","W59"],"lines":"1, 2, 3, 6, 8, 201, 202, 203, 207, 209, 210, 59"},"geometry":{"type":"LineString","coordinates":[[18.475929,50.049458],[18.473279,50.05045]]}},{"type":"Feature","properties":{"mode":"bus","n":11,"arr":["1","2","3","6","8","201","202","203","207","209","210"],"lines":"1, 2, 3, 6, 8, 201, 202, 203, 207, 209, 210"},"geometry":{"type":"LineString","coordinates":[[18.476381,50.049292],[18.475929,50.049458]]}},{"type":"Feature","properties":{"mode":"bus","n":10,"arr":["1","2","3","6","8","201","202","207","209","210"],"lines":"1, 2, 3, 6, 8, 201, 202, 207, 209, 210"},"geometry":{"type":"LineString","coordinates":[[18.478203,50.048631],[18.476381,50.049292]]}},{"type":"Feature","properties":{"mode":"bus","n":9,"arr":["1","2","3","6","201","202","207","209","210"],"lines":"1, 2, 3, 6, 201, 202, 207, 209, 210"},"geometry":{"type":"LineString","coordinates":[[18.48779,50.041902],[18.484917,50.044628],[18.483865,50.045572],[18.482776,50.046613],[18.482359,50.046971],[18.482042,50.047165],[18.481694,50.047339],[18.478203,50.048631]]}},{"type":"Feature","properties":{"mode":"bus","n":8,"arr":["1","2","3","6","201","202","207","209"],"lines":"1, 2, 3, 6, 201, 202, 207, 209"},"geometry":{"type":"LineString","coordinates":[[18.490207,50.040118],[18.489536,50.040473],[18.488973,50.040846],[18.48861,50.041134],[18.48779,50.041902]]}},{"type":"Feature","properties":{"mode":"bus","n":18,"arr":["1","2","3","4","6","16","26","27","28","29","33","36","43","45","46","46A","48","51"],"lines":"1, 2, 3, 4, 6, 16, 26, 27, 28, 29, 33, 36, 43, 45, 46, 46A, 48, 51"},"geometry":{"type":"LineString","coordinates":[[18.541593,50.092947],[18.541669,50.092884],[18.541994,50.09283],[18.542014,50.092823],[18.542027,50.092811],[18.542045,50.092783],[18.542275,50.091283]]}},{"type":"Feature","properties":{"mode":"bus","n":12,"arr":["1","2","3","4","6","16","26","28","45","46","48","51"],"lines":"1, 2, 3, 4, 6, 16, 26, 28, 45, 46, 48, 51"},"geometry":{"type":"LineString","coordinates":[[18.542275,50.091283],[18.542991,50.091095],[18.544218,50.090854]]}},{"type":"Feature","properties":{"mode":"bus","n":37,"arr":["1","2","3","4","5","6","8","10","12","14","15","16","17","18","19","22","23","24","26","28","30","32","41","45","46","48","49","51","52","300","301","302","306","N8","S12","S12A","W10"],"lines":"1, 2, 3, 4, 5, 6, 8, 10, 12, 14, 15, 16, 17, 18, 19, 22, 23, 24, 26, 28, 30, 32, 41, 45, 46, 48, 49, 51, 52, 300, 301, 302, 306, N8, S12, S12A, W10"},"geometry":{"type":"LineString","coordinates":[[18.544218,50.090854],[18.544091,50.089819]]}},{"type":"Feature","properties":{"mode":"bus","n":31,"arr":["1","2","3","4","5","6","12","15","16","17","18","19","22","23","24","26","28","30","32","41","45","46","48","49","51","52","300","301","302","306","N8"],"lines":"1, 2, 3, 4, 5, 6, 12, 15, 16, 17, 18, 19, 22, 23, 24, 26, 28, 30, 32, 41, 45, 46, 48, 49, 51, 52, 300, 301, 302, 306, N8"},"geometry":{"type":"LineString","coordinates":[[18.544091,50.089819],[18.544121,50.089654],[18.544185,50.089568],[18.544497,50.089411]]}},{"type":"Feature","properties":{"mode":"bus","n":40,"arr":["1","2","3","4","5","6","8","9","10","12","13","14","15","16","17","18","19","22","23","24","26","28","30","41","45","46","46A","48","49","51","52","300","301","302","306","N6","N8","S12","S12A","W10"],"lines":"1, 2, 3, 4, 5, 6, 8, 9, 10, 12, 13, 14, 15, 16, 17, 18, 19, 22, 23, 24, 26, 28, 30, 41, 45, 46, 46A, 48, 49, 51, 52, 300, 301, 302, 306, N6, N8, S12, S12A, W10"},"geometry":{"type":"LineString","coordinates":[[18.544497,50.089411],[18.546466,50.089193],[18.54676,50.089217],[18.546984,50.089342],[18.547078,50.089499],[18.548075,50.092955]]}},{"type":"Feature","properties":{"mode":"bus","n":36,"arr":["1","2","3","4","5","6","8","9","10","12","13","14","15","16","22","23","24","26","28","30","41","45","46A","48","49","51","52","300","301","302","306","N6","N8","S12","S12A","W10"],"lines":"1, 2, 3, 4, 5, 6, 8, 9, 10, 12, 13, 14, 15, 16, 22, 23, 24, 26, 28, 30, 41, 45, 46A, 48, 49, 51, 52, 300, 301, 302, 306, N6, N8, S12, S12A, W10"},"geometry":{"type":"LineString","coordinates":[[18.548075,50.092955],[18.545068,50.093409]]}},{"type":"Feature","properties":{"mode":"bus","n":23,"arr":["1","3","4","5","6","8","9","12","13","14","15","16","22","24","26","30","41","46A","49","51","301","N6","N8"],"lines":"1, 3, 4, 5, 6, 8, 9, 12, 13, 14, 15, 16, 22, 24, 26, 30, 41, 46A, 49, 51, 301, N6, N8"},"geometry":{"type":"LineString","coordinates":[[18.545068,50.093409],[18.544504,50.093562]]}},{"type":"Feature","properties":{"mode":"bus","n":20,"arr":["1","3","4","5","6","8","9","12","13","14","15","22","24","26","30","41","49","301","N6","N8"],"lines":"1, 3, 4, 5, 6, 8, 9, 12, 13, 14, 15, 22, 24, 26, 30, 41, 49, 301, N6, N8"},"geometry":{"type":"LineString","coordinates":[[18.544504,50.093562],[18.544365,50.093633],[18.544306,50.093741]]}},{"type":"Feature","properties":{"mode":"bus","n":13,"arr":["12","13","14","15","26","30","32","41","49","300","301","N6","PR"],"lines":"12, 13, 14, 15, 26, 30, 32, 41, 49, 300, 301, N6, PR"},"geometry":{"type":"LineString","coordinates":[[18.546145,50.101718],[18.546102,50.101606]]}},{"type":"Feature","properties":{"mode":"bus","n":18,"arr":["1","2","3","4","5","7","9","10","17","18","19","22","24","34","43","300","301","A"],"lines":"1, 2, 3, 4, 5, 7, 9, 10, 17, 18, 19, 22, 24, 34, 43, 300, 301, A"},"geometry":{"type":"LineString","coordinates":[[18.535398,50.100502],[18.535257,50.100418]]}},{"type":"Feature","properties":{"mode":"bus","n":17,"arr":["1","2","3","4","5","7","9","10","17","18","19","22","24","34","43","301","A"],"lines":"1, 2, 3, 4, 5, 7, 9, 10, 17, 18, 19, 22, 24, 34, 43, 301, A"},"geometry":{"type":"LineString","coordinates":[[18.535257,50.100418],[18.534982,50.100329],[18.534821,50.100309]]}},{"type":"Feature","properties":{"mode":"bus","n":21,"arr":["1","2","3","4","5","9","10","14","16","17","18","19","22","24","27","34","43","45","51","301","A"],"lines":"1, 2, 3, 4, 5, 9, 10, 14, 16, 17, 18, 19, 22, 24, 27, 34, 43, 45, 51, 301, A"},"geometry":{"type":"LineString","coordinates":[[18.534586,50.100313],[18.534264,50.100327],[18.533997,50.100433]]}},{"type":"Feature","properties":{"mode":"bus","n":10,"arr":["1","3","6","24","27","34","43","45","52","A"],"lines":"1, 3, 6, 24, 27, 34, 43, 45, 52, A"},"geometry":{"type":"LineString","coordinates":[[18.531639,50.101893],[18.531493,50.101948],[18.530969,50.102025],[18.530494,50.102027],[18.529857,50.101969],[18.529621,50.101982]]}},{"type":"Feature","properties":{"mode":"bus","n":9,"arr":["1","27","33","34","43","46","48","52","A"],"lines":"1, 27, 33, 34, 43, 46, 48, 52, A"},"geometry":{"type":"LineString","coordinates":[[18.528346,50.101753],[18.527438,50.101646],[18.52668,50.10152]]}},{"type":"Feature","properties":{"mode":"bus","n":9,"arr":["1","27","33","34","43","46","48","52","A"],"lines":"1, 27, 33, 34, 43, 46, 48, 52, A"},"geometry":{"type":"LineString","coordinates":[[18.525967,50.10141],[18.525777,50.101425],[18.525132,50.101416]]}},{"type":"Feature","properties":{"mode":"bus","n":9,"arr":["1","27","33","34","43","46","48","52","A"],"lines":"1, 27, 33, 34, 43, 46, 48, 52, A"},"geometry":{"type":"LineString","coordinates":[[18.522508,50.101779],[18.522348,50.101835],[18.521042,50.102025],[18.520913,50.102038],[18.52028,50.102021]]}},{"type":"Feature","properties":{"mode":"bus","n":8,"arr":["1","27","33","43","46","48","52","A"],"lines":"1, 27, 33, 43, 46, 48, 52, A"},"geometry":{"type":"LineString","coordinates":[[18.5194,50.102023],[18.519002,50.100968],[18.518989,50.100949],[18.518966,50.10094],[18.518934,50.100939],[18.51877,50.100958],[18.518613,50.100942],[18.517502,50.101071],[18.517338,50.101028],[18.517052,50.10106],[18.516367,50.100833],[18.51578,50.100895]]}},{"type":"Feature","properties":{"mode":"bus","n":8,"arr":["1","27","33","43","46","48","52","A"],"lines":"1, 27, 33, 43, 46, 48, 52, A"},"geometry":{"type":"LineString","coordinates":[[18.514953,50.098184],[18.515155,50.098853],[18.515378,50.099411]]}},{"type":"Feature","properties":{"mode":"bus","n":11,"arr":["2","4","6","9","10","14","16","17","18","19","51"],"lines":"2, 4, 6, 9, 10, 14, 16, 17, 18, 19, 51"},"geometry":{"type":"LineString","coordinates":[[18.533907,50.101485],[18.533782,50.101385]]}},{"type":"Feature","properties":{"mode":"bus","n":12,"arr":["2","3","4","6","9","10","14","16","17","18","19","51"],"lines":"2, 3, 4, 6, 9, 10, 14, 16, 17, 18, 19, 51"},"geometry":{"type":"LineString","coordinates":[[18.533851,50.101611],[18.533919,50.101572],[18.533935,50.10156],[18.53394,50.101546],[18.533935,50.101531],[18.533907,50.101485]]}},{"type":"Feature","properties":{"mode":"bus","n":15,"arr":["2","3","4","5","6","9","10","14","16","17","18","19","22","51","52"],"lines":"2, 3, 4, 5, 6, 9, 10, 14, 16, 17, 18, 19, 22, 51, 52"},"geometry":{"type":"LineString","coordinates":[[18.533734,50.101673],[18.533851,50.101611]]}},{"type":"Feature","properties":{"mode":"bus","n":17,"arr":["2","3","4","5","6","9","10","14","16","17","18","19","22","51","52","300","301"],"lines":"2, 3, 4, 5, 6, 9, 10, 14, 16, 17, 18, 19, 22, 51, 52, 300, 301"},"geometry":{"type":"LineString","coordinates":[[18.532812,50.101395],[18.532933,50.101447],[18.533256,50.101526],[18.533547,50.101708],[18.533632,50.101714],[18.533734,50.101673]]}},{"type":"Feature","properties":{"mode":"bus","n":5,"arr":["2","10","15","23","30"],"lines":"2, 10, 15, 23, 30"},"geometry":{"type":"LineString","coordinates":[[18.555331,50.100674],[18.549747,50.10149],[18.54722,50.101881],[18.546691,50.101944]]}},{"type":"Feature","properties":{"mode":"bus","n":10,"arr":["2","10","16","17","18","19","23","28","46","51"],"lines":"2, 10, 16, 17, 18, 19, 23, 28, 46, 51"},"geometry":{"type":"LineString","coordinates":[[18.553264,50.09905],[18.554433,50.09919]]}},{"type":"Feature","properties":{"mode":"bus","n":7,"arr":["16","17","18","19","28","46","51"],"lines":"16, 17, 18, 19, 28, 46, 51"},"geometry":{"type":"LineString","coordinates":[[18.558651,50.099692],[18.554433,50.09919]]}},{"type":"Feature","properties":{"mode":"bus","n":5,"arr":["2","10","23","28","51"],"lines":"2, 10, 23, 28, 51"},"geometry":{"type":"LineString","coordinates":[[18.552591,50.098964],[18.552628,50.09902],[18.55271,50.099049],[18.553264,50.09905]]}},{"type":"Feature","properties":{"mode":"bus","n":9,"arr":["2","10","16","17","18","19","23","28","51"],"lines":"2, 10, 16, 17, 18, 19, 23, 28, 51"},"geometry":{"type":"LineString","coordinates":[[18.552506,50.097057],[18.552779,50.097804],[18.552828,50.09806],[18.552801,50.098315],[18.552591,50.098964]]}},{"type":"Feature","properties":{"mode":"bus","n":17,"arr":["2","10","16","17","18","19","23","28","45","46","48","51","52","300","301","302","306"],"lines":"2, 10, 16, 17, 18, 19, 23, 28, 45, 46, 48, 51, 52, 300, 301, 302, 306"},"geometry":{"type":"LineString","coordinates":[[18.548075,50.092955],[18.549399,50.097434],[18.549511,50.097496],[18.549668,50.097512],[18.552506,50.097057]]}},{"type":"Feature","properties":{"mode":"bus","n":13,"arr":["2","10","23","28","45","48","52","300","302","306","S12","S12A","W10"],"lines":"2, 10, 23, 28, 45, 48, 52, 300, 302, 306, S12, S12A, W10"},"geometry":{"type":"LineString","coordinates":[[18.545068,50.093409],[18.544503,50.09347],[18.544413,50.093439],[18.544367,50.093372]]}},{"type":"Feature","properties":{"mode":"bus","n":34,"arr":["2","3","4","5","6","8","10","12","14","15","17","18","19","22","23","24","26","28","30","32","41","45","46","48","49","52","300","301","302","306","N8","S12","S12A","W10"],"lines":"2, 3, 4, 5, 6, 8, 10, 12, 14, 15, 17, 18, 19, 22, 23, 24, 26, 28, 30, 32, 41, 45, 46, 48, 49, 52, 300, 301, 302, 306, N8, S12, S12A, W10"},"geometry":{"type":"LineString","coordinates":[[18.544367,50.093372],[18.544441,50.092984],[18.544389,50.09239]]}},{"type":"Feature","properties":{"mode":"bus","n":34,"arr":["2","3","4","5","6","8","10","12","14","15","17","18","19","22","23","24","26","28","30","32","41","45","46","48","49","52","300","301","302","306","N8","S12","S12A","W10"],"lines":"2, 3, 4, 5, 6, 8, 10, 12, 14, 15, 17, 18, 19, 22, 23, 24, 26, 28, 30, 32, 41, 45, 46, 48, 49, 52, 300, 301, 302, 306, N8, S12, S12A, W10"},"geometry":{"type":"LineString","coordinates":[[18.544378,50.092289],[18.544218,50.090854]]}},{"type":"Feature","properties":{"mode":"bus","n":31,"arr":["2","3","4","5","6","8","10","12","14","15","17","18","19","22","23","24","26","28","30","32","41","45","46","48","49","52","300","301","302","306","N8"],"lines":"2, 3, 4, 5, 6, 8, 10, 12, 14, 15, 17, 18, 19, 22, 23, 24, 26, 28, 30, 32, 41, 45, 46, 48, 49, 52, 300, 301, 302, 306, N8"},"geometry":{"type":"LineString","coordinates":[[18.544389,50.09239],[18.544378,50.092289]]}},{"type":"Feature","properties":{"mode":"bus","n":15,"arr":["2","3","4","6","8","10","14","26","28","45","46","48","S12","S12A","W10"],"lines":"2, 3, 4, 6, 8, 10, 14, 26, 28, 45, 46, 48, S12, S12A, W10"},"geometry":{"type":"LineString","coordinates":[[18.54372,50.089692],[18.543976,50.08972],[18.544091,50.089819]]}},{"type":"Feature","properties":{"mode":"bus","n":18,"arr":["2","3","4","6","8","10","14","26","27","28","29","33","36","43","45","46","48","W10"],"lines":"2, 3, 4, 6, 8, 10, 14, 26, 27, 28, 29, 33, 36, 43, 45, 46, 48, W10"},"geometry":{"type":"LineString","coordinates":[[18.542792,50.090348],[18.54372,50.089692]]}},{"type":"Feature","properties":{"mode":"bus","n":14,"arr":["2","3","6","26","27","28","29","33","36","43","45","46","48","W10"],"lines":"2, 3, 6, 26, 27, 28, 29, 33, 36, 43, 45, 46, 48, W10"},"geometry":{"type":"LineString","coordinates":[[18.542457,50.090582],[18.542792,50.090348]]}},{"type":"Feature","properties":{"mode":"bus","n":13,"arr":["2","3","6","26","27","28","29","33","36","43","45","46","48"],"lines":"2, 3, 6, 26, 27, 28, 29, 33, 36, 43, 45, 46, 48"},"geometry":{"type":"LineString","coordinates":[[18.542457,50.090582],[18.542308,50.090754],[18.542268,50.091042]]}},{"type":"Feature","properties":{"mode":"bus","n":13,"arr":["2","3","6","26","27","28","29","33","36","43","45","46","48"],"lines":"2, 3, 6, 26, 27, 28, 29, 33, 36, 43, 45, 46, 48"},"geometry":{"type":"LineString","coordinates":[[18.542018,50.092826],[18.541955,50.092904],[18.541854,50.092945]]}},{"type":"Feature","properties":{"mode":"bus","n":14,"arr":["2","3","6","26","27","28","29","33","36","43","45","46","46A","48"],"lines":"2, 3, 6, 26, 27, 28, 29, 33, 36, 43, 45, 46, 46A, 48"},"geometry":{"type":"LineString","coordinates":[[18.542268,50.091042],[18.542275,50.091283]]}},{"type":"Feature","properties":{"mode":"bus","n":10,"arr":["2","3","4","5","6","8","9","22","N6","W10"],"lines":"2, 3, 4, 5, 6, 8, 9, 22, N6, W10"},"geometry":{"type":"LineString","coordinates":[[18.521846,50.075152],[18.527063,50.082211]]}},{"type":"Feature","properties":{"mode":"bus","n":10,"arr":["2","3","4","5","6","8","9","22","N6","W10"],"lines":"2, 3, 4, 5, 6, 8, 9, 22, N6, W10"},"geometry":{"type":"LineString","coordinates":[[18.518566,50.070698],[18.520677,50.073581]]}},{"type":"Feature","properties":{"mode":"bus","n":5,"arr":["2","3","4","9","24"],"lines":"2, 3, 4, 9, 24"},"geometry":{"type":"LineString","coordinates":[[18.495379,50.065168],[18.495584,50.065284],[18.495833,50.065496],[18.497618,50.06737]]}},{"type":"Feature","properties":{"mode":"bus","n":8,"arr":["2","3","4","6","9","23","24","N6"],"lines":"2, 3, 4, 6, 9, 23, 24, N6"},"geometry":{"type":"LineString","coordinates":[[18.490854,50.063092],[18.49183,50.06315],[18.492068,50.063208],[18.492323,50.063376],[18.493194,50.064149],[18.49342,50.064292],[18.493779,50.064478],[18.495379,50.065168]]}},{"type":"Feature","properties":{"mode":"bus","n":5,"arr":["2","3","6","23","N6"],"lines":"2, 3, 6, 23, N6"},"geometry":{"type":"LineString","coordinates":[[18.473279,50.05045],[18.474001,50.050941],[18.475531,50.051871],[18.476415,50.052704],[18.476561,50.052816],[18.476696,50.052874],[18.476879,50.052904],[18.477073,50.052893],[18.478199,50.052696],[18.47934,50.052647],[18.481193,50.052513],[18.481456,50.052552],[18.481644,50.052631],[18.482271,50.053021],[18.482573,50.053291],[18.483167,50.054045],[18.484232,50.055022],[18.48469,50.055481],[18.487968,50.059012],[18.488354,50.059564],[18.48948,50.061945],[18.489969,50.062671],[18.490136,50.062892],[18.490306,50.063003],[18.490537,50.063066],[18.490854,50.063092]]}},{"type":"Feature","properties":{"mode":"bus","n":5,"arr":["2","201","202","207","209"],"lines":"2, 201, 202, 207, 209"},"geometry":{"type":"LineString","coordinates":[[18.494427,50.03802],[18.490207,50.040118]]}},{"type":"Feature","properties":{"mode":"bus","n":5,"arr":["2","203","207","209","W10"],"lines":"2, 203, 207, 209, W10"},"geometry":{"type":"LineString","coordinates":[[18.499164,50.044229],[18.498567,50.04339],[18.494427,50.03802]]}},{"type":"Feature","properties":{"mode":"bus","n":5,"arr":["2","207","208","209","W52"],"lines":"2, 207, 208, 209, 52"},"geometry":{"type":"LineString","coordinates":[[18.509735,50.018546],[18.509388,50.018542]]}},{"type":"Feature","properties":{"mode":"bus","n":7,"arr":["2","10","17","18","19","23","46"],"lines":"2, 10, 17, 18, 19, 23, 46"},"geometry":{"type":"LineString","coordinates":[[18.552356,50.099209],[18.551082,50.099442],[18.549979,50.099565]]}},{"type":"Feature","properties":{"mode":"bus","n":6,"arr":["2","10","17","18","19","46"],"lines":"2, 10, 17, 18, 19, 46"},"geometry":{"type":"LineString","coordinates":[[18.549979,50.099565],[18.548829,50.099679]]}},{"type":"Feature","properties":{"mode":"bus","n":8,"arr":["2","10","15","17","18","19","30","46"],"lines":"2, 10, 15, 17, 18, 19, 30, 46"},"geometry":{"type":"LineString","coordinates":[[18.548829,50.099679],[18.545882,50.099962]]}},{"type":"Feature","properties":{"mode":"bus","n":13,"arr":["2","4","5","9","10","14","16","17","18","19","22","51","301"],"lines":"2, 4, 5, 9, 10, 14, 16, 17, 18, 19, 22, 51, 301"},"geometry":{"type":"LineString","coordinates":[[18.533264,50.101197],[18.533477,50.101021],[18.533515,50.100832]]}},{"type":"Feature","properties":{"mode":"bus","n":7,"arr":["3","6","24","33","45","46","48"],"lines":"3, 6, 24, 33, 45, 46, 48"},"geometry":{"type":"LineString","coordinates":[[18.522965,50.114612],[18.522949,50.114313],[18.523039,50.112798],[18.523464,50.110406],[18.523469,50.109817],[18.523515,50.109298],[18.52364,50.108811],[18.523721,50.108619],[18.52401,50.108236],[18.524197,50.108074],[18.524564,50.107819],[18.525033,50.107564],[18.526473,50.106912],[18.526951,50.106668],[18.527559,50.106255],[18.527894,50.105938],[18.52836,50.105341],[18.52863,50.104845],[18.529364,50.102309],[18.529522,50.102016]]}},{"type":"Feature","properties":{"mode":"bus","n":22,"arr":["3","4","5","6","8","12","14","15","17","18","19","22","24","26","30","32","41","46","49","300","301","N8"],"lines":"3, 4, 5, 6, 8, 12, 14, 15, 17, 18, 19, 22, 24, 26, 30, 32, 41, 46, 49, 300, 301, N8"},"geometry":{"type":"LineString","coordinates":[[18.544367,50.093372],[18.544297,50.093607],[18.544306,50.093741]]}},{"type":"Feature","properties":{"mode":"bus","n":11,"arr":["4","8","10","14","27","29","33","36","43","46A","W10"],"lines":"4, 8, 10, 14, 27, 29, 33, 36, 43, 46A, W10"},"geometry":{"type":"LineString","coordinates":[[18.541633,50.089167],[18.54209,50.090162],[18.542137,50.090334]]}},{"type":"Feature","properties":{"mode":"bus","n":5,"arr":["4","8","10","14","W10"],"lines":"4, 8, 10, 14, W10"},"geometry":{"type":"LineString","coordinates":[[18.541036,50.089006],[18.541484,50.089046],[18.541549,50.089075],[18.541633,50.089167]]}},{"type":"Feature","properties":{"mode":"bus","n":7,"arr":["4","8","9","10","14","N6","W10"],"lines":"4, 8, 9, 10, 14, N6, W10"},"geometry":{"type":"LineString","coordinates":[[18.540838,50.089017],[18.541036,50.089006]]}},{"type":"Feature","properties":{"mode":"bus","n":8,"arr":["4","8","9","10","14","A","N6","W10"],"lines":"4, 8, 9, 10, 14, A, N6, W10"},"geometry":{"type":"LineString","coordinates":[[18.536489,50.089274],[18.540838,50.089017]]}},{"type":"Feature","properties":{"mode":"bus","n":9,"arr":["4","7","8","9","10","14","A","N6","W10"],"lines":"4, 7, 8, 9, 10, 14, A, N6, W10"},"geometry":{"type":"LineString","coordinates":[[18.533513,50.089472],[18.536489,50.089274]]}},{"type":"Feature","properties":{"mode":"bus","n":6,"arr":["4","8","10","14","A","W10"],"lines":"4, 8, 10, 14, A, W10"},"geometry":{"type":"LineString","coordinates":[[18.532796,50.089569],[18.533303,50.089529],[18.533513,50.089472]]}},{"type":"Feature","properties":{"mode":"bus","n":6,"arr":["4","7","9","10","23","205"],"lines":"4, 7, 9, 10, 23, 205"},"geometry":{"type":"LineString","coordinates":[[18.462929,50.080044],[18.457049,50.08114],[18.456656,50.081178],[18.456192,50.081177]]}},{"type":"Feature","properties":{"mode":"bus","n":5,"arr":["4","7","9","10","205"],"lines":"4, 7, 9, 10, 205"},"geometry":{"type":"LineString","coordinates":[[18.462929,50.080044],[18.463753,50.079887]]}},{"type":"Feature","properties":{"mode":"bus","n":5,"arr":["4","7","9","10","24"],"lines":"4, 7, 9, 10, 24"},"geometry":{"type":"LineString","coordinates":[[18.499987,50.087597],[18.499405,50.087304],[18.498995,50.08703],[18.49531,50.084347],[18.494811,50.084051],[18.49429,50.083814],[18.493851,50.08366],[18.49332,50.083521],[18.48646,50.081983],[18.485272,50.081609]]}},{"type":"Feature","properties":{"mode":"bus","n":8,"arr":["4","9","10","33","43","48","A","N8"],"lines":"4, 9, 10, 33, 43, 48, A, N8"},"geometry":{"type":"LineString","coordinates":[[18.519383,50.091835],[18.523304,50.091993]]}},{"type":"Feature","properties":{"mode":"bus","n":5,"arr":["4","9","14","A","N8"],"lines":"4, 9, 14, A, N8"},"geometry":{"type":"LineString","coordinates":[[18.529236,50.09569],[18.527275,50.093654],[18.526974,50.093445],[18.526135,50.093061],[18.525877,50.092884]]}},{"type":"Feature","properties":{"mode":"bus","n":7,"arr":["4","26","28","29","36","46","A"],"lines":"4, 26, 28, 29, 36, 46, A"},"geometry":{"type":"LineString","coordinates":[[18.529739,50.09592],[18.530025,50.095977]]}},{"type":"Feature","properties":{"mode":"bus","n":9,"arr":["4","9","26","28","29","36","46","A","N8"],"lines":"4, 9, 26, 28, 29, 36, 46, A, N8"},"geometry":{"type":"LineString","coordinates":[[18.530025,50.095977],[18.530978,50.095855],[18.532282,50.09573]]}},{"type":"Feature","properties":{"mode":"bus","n":13,"arr":["4","9","16","26","27","28","29","36","45","46","51","A","N8"],"lines":"4, 9, 16, 26, 27, 28, 29, 36, 45, 46, 51, A, N8"},"geometry":{"type":"LineString","coordinates":[[18.532282,50.09573],[18.534863,50.095466],[18.53654,50.095401]]}},{"type":"Feature","properties":{"mode":"bus","n":10,"arr":["4","16","26","27","28","29","36","45","46","A"],"lines":"4, 16, 26, 27, 28, 29, 36, 45, 46, A"},"geometry":{"type":"LineString","coordinates":[[18.53654,50.095401],[18.53671,50.095337]]}},{"type":"Feature","properties":{"mode":"bus","n":22,"arr":["5","8","9","10","12","13","14","15","22","23","24","30","32","41","46A","49","52","N6","N8","S12","S12A","W10"],"lines":"5, 8, 9, 10, 12, 13, 14, 15, 22, 23, 24, 30, 32, 41, 46A, 49, 52, N6, N8, S12, S12A, W10"},"geometry":{"type":"LineString","coordinates":[[18.544023,50.089249],[18.544175,50.089395],[18.544275,50.08942],[18.544497,50.089411]]}},{"type":"Feature","properties":{"mode":"bus","n":27,"arr":["5","8","9","10","12","13","14","15","22","23","24","27","29","30","32","33","36","41","43","46A","49","52","N6","N8","S12","S12A","W10"],"lines":"5, 8, 9, 10, 12, 13, 14, 15, 22, 23, 24, 27, 29, 30, 32, 33, 36, 41, 43, 46A, 49, 52, N6, N8, S12, S12A, W10"},"geometry":{"type":"LineString","coordinates":[[18.544009,50.089125],[18.544023,50.089249]]}},{"type":"Feature","properties":{"mode":"bus","n":9,"arr":["5","8","9","10","14","22","52","N6","W10"],"lines":"5, 8, 9, 10, 14, 22, 52, N6, W10"},"geometry":{"type":"LineString","coordinates":[[18.542844,50.088742],[18.543421,50.088782],[18.543764,50.088835],[18.543926,50.088921],[18.544009,50.089125]]}},{"type":"Feature","properties":{"mode":"bus","n":15,"arr":["5","8","9","10","14","22","27","29","33","36","43","46A","52","N6","W10"],"lines":"5, 8, 9, 10, 14, 22, 27, 29, 33, 36, 43, 46A, 52, N6, W10"},"geometry":{"type":"LineString","coordinates":[[18.541888,50.088896],[18.542844,50.088742]]}},{"type":"Feature","properties":{"mode":"bus","n":6,"arr":["5","6","8","22","N6","W10"],"lines":"5, 6, 8, 22, N6, W10"},"geometry":{"type":"LineString","coordinates":[[18.517895,50.069769],[18.512976,50.063016],[18.508704,50.057252]]}},{"type":"Feature","properties":{"mode":"bus","n":17,"arr":["5","12","13","15","22","23","27","29","32","33","36","41","42","43","N8","S12","S12A"],"lines":"5, 12, 13, 15, 22, 23, 27, 29, 32, 33, 36, 41, 42, 43, N8, S12, S12A"},"geometry":{"type":"LineString","coordinates":[[18.548799,50.070157],[18.548769,50.07058],[18.548903,50.071792]]}},{"type":"Feature","properties":{"mode":"bus","n":16,"arr":["5","12","13","15","22","23","27","29","32","33","36","41","43","N8","S12","S12A"],"lines":"5, 12, 13, 15, 22, 23, 27, 29, 32, 33, 36, 41, 43, N8, S12, S12A"},"geometry":{"type":"LineString","coordinates":[[18.548903,50.071792],[18.549085,50.073434],[18.549076,50.074147],[18.548568,50.076744]]}},{"type":"Feature","properties":{"mode":"bus","n":17,"arr":["5","12","13","15","22","23","27","29","32","33","36","41","43","46A","N8","S12","S12A"],"lines":"5, 12, 13, 15, 22, 23, 27, 29, 32, 33, 36, 41, 43, 46A, N8, S12, S12A"},"geometry":{"type":"LineString","coordinates":[[18.548253,50.077818],[18.547356,50.080031],[18.547187,50.080552],[18.546911,50.082474],[18.546933,50.082829],[18.547043,50.083132]]}},{"type":"Feature","properties":{"mode":"bus","n":15,"arr":["5","12","13","15","23","27","29","30","33","36","41","43","46A","49","N8"],"lines":"5, 12, 13, 15, 23, 27, 29, 30, 33, 36, 41, 43, 46A, 49, N8"},"geometry":{"type":"LineString","coordinates":[[18.546815,50.086143],[18.547235,50.08596]]}},{"type":"Feature","properties":{"mode":"bus","n":13,"arr":["5","12","13","15","23","27","29","33","36","41","43","46A","N8"],"lines":"5, 12, 13, 15, 23, 27, 29, 33, 36, 41, 43, 46A, N8"},"geometry":{"type":"LineString","coordinates":[[18.547235,50.08596],[18.547508,50.08583],[18.547736,50.085656],[18.547905,50.085397],[18.547939,50.085137],[18.547665,50.083975],[18.547587,50.083824],[18.547191,50.083361],[18.547043,50.083132]]}},{"type":"Feature","properties":{"mode":"bus","n":13,"arr":["5","12","13","15","23","27","29","33","36","41","43","46A","N8"],"lines":"5, 12, 13, 15, 23, 27, 29, 33, 36, 41, 43, 46A, N8"},"geometry":{"type":"LineString","coordinates":[[18.546815,50.086143],[18.546691,50.086336],[18.546723,50.086509]]}},{"type":"Feature","properties":{"mode":"bus","n":20,"arr":["5","12","13","15","22","23","24","27","29","30","32","33","36","41","43","46A","49","N8","S12","S12A"],"lines":"5, 12, 13, 15, 22, 23, 24, 27, 29, 30, 32, 33, 36, 41, 43, 46A, 49, N8, S12, S12A"},"geometry":{"type":"LineString","coordinates":[[18.545131,50.086872],[18.544485,50.087137]]}},{"type":"Feature","properties":{"mode":"bus","n":20,"arr":["5","12","13","15","22","23","24","27","29","30","32","33","36","41","43","46A","49","N8","S12","S12A"],"lines":"5, 12, 13, 15, 22, 23, 24, 27, 29, 30, 32, 33, 36, 41, 43, 46A, 49, N8, S12, S12A"},"geometry":{"type":"LineString","coordinates":[[18.543855,50.087844],[18.543927,50.088375]]}},{"type":"Feature","properties":{"mode":"bus","n":20,"arr":["5","12","13","15","22","23","24","27","29","30","32","33","36","41","43","46A","49","N8","S12","S12A"],"lines":"5, 12, 13, 15, 22, 23, 24, 27, 29, 30, 32, 33, 36, 41, 43, 46A, 49, N8, S12, S12A"},"geometry":{"type":"LineString","coordinates":[[18.544012,50.088674],[18.544046,50.088998],[18.544009,50.089125]]}},{"type":"Feature","properties":{"mode":"bus","n":5,"arr":["6","12","41","43","PR"],"lines":"6, 12, 41, 43, PR"},"geometry":{"type":"LineString","coordinates":[[18.532244,50.114261],[18.5318,50.114506],[18.531233,50.114735],[18.530858,50.114836],[18.529684,50.115079],[18.529257,50.115208],[18.528857,50.11537],[18.524723,50.117721],[18.524395,50.117931]]}},{"type":"Feature","properties":{"mode":"bus","n":5,"arr":["6","12","41","43","PR"],"lines":"6, 12, 41, 43, PR"},"geometry":{"type":"LineString","coordinates":[[18.533215,50.113221],[18.533025,50.113521]]}},{"type":"Feature","properties":{"mode":"bus","n":5,"arr":["6","7","12","41","43"],"lines":"6, 7, 12, 41, 43"},"geometry":{"type":"LineString","coordinates":[[18.535035,50.109949],[18.533886,50.112016]]}},{"type":"Feature","properties":{"mode":"bus","n":6,"arr":["6","7","12","41","43","A"],"lines":"6, 7, 12, 41, 43, A"},"geometry":{"type":"LineString","coordinates":[[18.538626,50.101692],[18.537228,50.104271],[18.53705,50.104827],[18.536743,50.106205],[18.536323,50.107599],[18.535035,50.109949]]}},{"type":"Feature","properties":{"mode":"bus","n":6,"arr":["6","8","22","23","N6","W10"],"lines":"6, 8, 22, 23, N6, W10"},"geometry":{"type":"LineString","coordinates":[[18.506758,50.054544],[18.507654,50.055758],[18.508704,50.057252]]}},{"type":"Feature","properties":{"mode":"bus","n":5,"arr":["6","8","22","23","W10"],"lines":"6, 8, 22, 23, W10"},"geometry":{"type":"LineString","coordinates":[[18.506434,50.054118],[18.506758,50.054544]]}},{"type":"Feature","properties":{"mode":"bus","n":11,"arr":["7","12","13","14","23","26","30","32","41","49","N6"],"lines":"7, 12, 13, 14, 23, 26, 30, 32, 41, 49, N6"},"geometry":{"type":"LineString","coordinates":[[18.546063,50.110998],[18.546135,50.111411],[18.546369,50.112029]]}},{"type":"Feature","properties":{"mode":"bus","n":8,"arr":["12","13","14","26","32","41","49","N6"],"lines":"12, 13, 14, 26, 32, 41, 49, N6"},"geometry":{"type":"LineString","coordinates":[[18.546369,50.112029],[18.547133,50.113171]]}},{"type":"Feature","properties":{"mode":"bus","n":8,"arr":["12","13","14","26","32","41","49","N6"],"lines":"12, 13, 14, 26, 32, 41, 49, N6"},"geometry":{"type":"LineString","coordinates":[[18.547639,50.11411],[18.548663,50.116977]]}},{"type":"Feature","properties":{"mode":"bus","n":12,"arr":["7","12","13","14","23","26","30","32","41","49","N6","PR"],"lines":"7, 12, 13, 14, 23, 26, 30, 32, 41, 49, N6, PR"},"geometry":{"type":"LineString","coordinates":[[18.546063,50.110805],[18.546063,50.110998]]}},{"type":"Feature","properties":{"mode":"bus","n":8,"arr":["7","8","9","10","14","A","N6","W10"],"lines":"7, 8, 9, 10, 14, A, N6, W10"},"geometry":{"type":"LineString","coordinates":[[18.532772,50.089461],[18.533513,50.089472]]}},{"type":"Feature","properties":{"mode":"bus","n":13,"arr":["7","9","16","26","27","28","29","36","45","46","51","A","N8"],"lines":"7, 9, 16, 26, 27, 28, 29, 36, 45, 46, 51, A, N8"},"geometry":{"type":"LineString","coordinates":[[18.537178,50.095411],[18.538062,50.095505],[18.538114,50.095504],[18.538161,50.095489],[18.538233,50.095452],[18.538266,50.095427],[18.538276,50.095394],[18.53826,50.094892],[18.537734,50.093963]]}},{"type":"Feature","properties":{"mode":"bus","n":5,"arr":["8","207","209","210","W59"],"lines":"8, 207, 209, 210, 59"},"geometry":{"type":"LineString","coordinates":[[18.451076,50.053644],[18.454009,50.054127],[18.456082,50.054426],[18.456572,50.054413],[18.458396,50.054056],[18.459086,50.054017],[18.459863,50.054061],[18.468597,50.055641]]}},{"type":"Feature","properties":{"mode":"bus","n":7,"arr":["8","201","202","205","206","207","W59"],"lines":"8, 201, 202, 205, 206, 207, 59"},"geometry":{"type":"LineString","coordinates":[[18.425118,50.060063],[18.425239,50.060044],[18.425477,50.059941],[18.434754,50.055152],[18.435579,50.054847],[18.443665,50.053071],[18.445418,50.052908],[18.446245,50.052926]]}},{"type":"Feature","properties":{"mode":"bus","n":8,"arr":["8","201","202","204","205","206","207","W59"],"lines":"8, 201, 202, 204, 205, 206, 207, 59"},"geometry":{"type":"LineString","coordinates":[[18.417294,50.057868],[18.418418,50.05724],[18.418667,50.057185],[18.418825,50.057201],[18.419264,50.057375],[18.423153,50.059142],[18.424844,50.060017],[18.425004,50.060059],[18.425118,50.060063]]}},{"type":"Feature","properties":{"mode":"bus","n":11,"arr":["8","10","28","29","201","202","204","205","206","207","W59"],"lines":"8, 10, 28, 29, 201, 202, 204, 205, 206, 207, 59"},"geometry":{"type":"LineString","coordinates":[[18.415867,50.056962],[18.415981,50.057013],[18.416003,50.057027],[18.416008,50.057044],[18.415995,50.057063],[18.415878,50.057173],[18.415865,50.057192],[18.41587,50.057209],[18.415892,50.057224],[18.417294,50.057868]]}},{"type":"Feature","properties":{"mode":"bus","n":8,"arr":["8","10","28","29","201","202","205","206"],"lines":"8, 10, 28, 29, 201, 202, 205, 206"},"geometry":{"type":"LineString","coordinates":[[18.415708,50.056891],[18.415867,50.056962]]}},{"type":"Feature","properties":{"mode":"bus","n":10,"arr":["8","10","28","29","201","202","204","205","206","207"],"lines":"8, 10, 28, 29, 201, 202, 204, 205, 206, 207"},"geometry":{"type":"LineString","coordinates":[[18.415518,50.056805],[18.415708,50.056891]]}},{"type":"Feature","properties":{"mode":"bus","n":8,"arr":["8","10","28","29","204","205","206","207"],"lines":"8, 10, 28, 29, 204, 205, 206, 207"},"geometry":{"type":"LineString","coordinates":[[18.415586,50.056741],[18.415518,50.056805]]}},{"type":"Feature","properties":{"mode":"bus","n":5,"arr":["10","204","205","206","207"],"lines":"10, 204, 205, 206, 207"},"geometry":{"type":"LineString","coordinates":[[18.415639,50.056724],[18.415586,50.056741]]}},{"type":"Feature","properties":{"mode":"bus","n":7,"arr":["10","28","29","204","205","206","207"],"lines":"10, 28, 29, 204, 205, 206, 207"},"geometry":{"type":"LineString","coordinates":[[18.415694,50.056728],[18.415639,50.056724]]}},{"type":"Feature","properties":{"mode":"bus","n":6,"arr":["10","28","29","204","205","206"],"lines":"10, 28, 29, 204, 205, 206"},"geometry":{"type":"LineString","coordinates":[[18.416027,50.057033],[18.416111,50.056954],[18.416122,50.056939],[18.416124,50.056926],[18.416115,50.056914],[18.416097,50.056904],[18.415694,50.056728]]}},{"type":"Feature","properties":{"mode":"bus","n":6,"arr":["8","9","10","14","N6","W10"],"lines":"8, 9, 10, 14, N6, W10"},"geometry":{"type":"LineString","coordinates":[[18.541036,50.089006],[18.541391,50.088985],[18.541888,50.088896]]}},{"type":"Feature","properties":{"mode":"bus","n":7,"arr":["9","10","33","43","48","A","N8"],"lines":"9, 10, 33, 43, 48, A, N8"},"geometry":{"type":"LineString","coordinates":[[18.518934,50.091845],[18.519209,50.091853],[18.519383,50.091835]]}},{"type":"Feature","properties":{"mode":"bus","n":5,"arr":["10","23","204","205","206"],"lines":"10, 23, 204, 205, 206"},"geometry":{"type":"LineString","coordinates":[[18.424003,50.075574],[18.422597,50.075311]]}},{"type":"Feature","properties":{"mode":"bus","n":6,"arr":["10","23","28","204","205","206"],"lines":"10, 23, 28, 204, 205, 206"},"geometry":{"type":"LineString","coordinates":[[18.422597,50.075311],[18.415887,50.07415]]}},{"type":"Feature","properties":{"mode":"bus","n":7,"arr":["10","201","202","204","205","206","207"],"lines":"10, 201, 202, 204, 205, 206, 207"},"geometry":{"type":"LineString","coordinates":[[18.415338,50.056977],[18.415518,50.056805]]}},{"type":"Feature","properties":{"mode":"bus","n":5,"arr":["10","203","204","210","W51"],"lines":"10, 203, 204, 210, 51"},"geometry":{"type":"LineString","coordinates":[[18.398109,50.040711],[18.401415,50.041144],[18.402133,50.041254],[18.402287,50.041295],[18.40268,50.041431],[18.403075,50.041706],[18.404006,50.042457]]}},{"type":"Feature","properties":{"mode":"bus","n":6,"arr":["10","201","202","203","204","210"],"lines":"10, 201, 202, 203, 204, 210"},"geometry":{"type":"LineString","coordinates":[[18.39725,50.040588],[18.398109,50.040711]]}},{"type":"Feature","properties":{"mode":"bus","n":7,"arr":["10","201","202","203","204","210","W52"],"lines":"10, 201, 202, 203, 204, 210, 52"},"geometry":{"type":"LineString","coordinates":[[18.397016,50.040549],[18.39725,50.040588]]}},{"type":"Feature","properties":{"mode":"bus","n":6,"arr":["201","202","203","204","210","W52"],"lines":"201, 202, 203, 204, 210, 52"},"geometry":{"type":"LineString","coordinates":[[18.394403,50.039934],[18.395825,50.040367],[18.396399,50.040472],[18.397016,50.040549]]}},{"type":"Feature","properties":{"mode":"bus","n":6,"arr":["201","202","203","204","210","W52"],"lines":"201, 202, 203, 204, 210, 52"},"geometry":{"type":"LineString","coordinates":[[18.397558,50.040408],[18.397448,50.040401],[18.39734,50.040434],[18.397285,50.040476],[18.39725,50.040588]]}},{"type":"Feature","properties":{"mode":"bus","n":5,"arr":["10","23","28","204","W59"],"lines":"10, 23, 28, 204, 59"},"geometry":{"type":"LineString","coordinates":[[18.426768,50.066134],[18.426636,50.066074]]}},{"type":"Feature","properties":{"mode":"bus","n":5,"arr":["13","32","33","S12","S12A"],"lines":"13, 32, 33, S12, S12A"},"geometry":{"type":"LineString","coordinates":[[18.566958,50.048867],[18.565329,50.050471],[18.564771,50.050917],[18.563853,50.051507],[18.563355,50.051744],[18.561106,50.052378],[18.560608,50.052697],[18.558646,50.054994],[18.55846,50.055408],[18.557994,50.056731],[18.55791,50.056935],[18.557786,50.05713],[18.557044,50.057979],[18.555078,50.060125]]}},{"type":"Feature","properties":{"mode":"bus","n":5,"arr":["13","32","33","S12","S12A"],"lines":"13, 32, 33, S12, S12A"},"geometry":{"type":"LineString","coordinates":[[18.588637,50.028807],[18.582336,50.032863],[18.581725,50.03339],[18.581552,50.033571],[18.581168,50.034076],[18.577749,50.038656],[18.573288,50.04289]]}},{"type":"Feature","properties":{"mode":"bus","n":5,"arr":["13","32","33","S12","S12A"],"lines":"13, 32, 33, S12, S12A"},"geometry":{"type":"LineString","coordinates":[[18.572585,50.043552],[18.568254,50.047635]]}},{"type":"Feature","properties":{"mode":"bus","n":5,"arr":["13","32","33","S12","S12A"],"lines":"13, 32, 33, S12, S12A"},"geometry":{"type":"LineString","coordinates":[[18.568152,50.047733],[18.567145,50.048687]]}},{"type":"Feature","properties":{"mode":"bus","n":12,"arr":["12","13","15","27","29","32","33","36","41","43","S12","S12A"],"lines":"12, 13, 15, 27, 29, 32, 33, 36, 41, 43, S12, S12A"},"geometry":{"type":"LineString","coordinates":[[18.555078,50.060125],[18.5527,50.062464],[18.552121,50.063132]]}},{"type":"Feature","properties":{"mode":"bus","n":12,"arr":["12","13","15","27","29","32","33","36","41","43","S12","S12A"],"lines":"12, 13, 15, 27, 29, 32, 33, 36, 41, 43, S12, S12A"},"geometry":{"type":"LineString","coordinates":[[18.551177,50.063859],[18.550048,50.064703],[18.549599,50.065117],[18.549484,50.065292],[18.549331,50.065753],[18.549324,50.065925],[18.549426,50.066642]]}},{"type":"Feature","properties":{"mode":"bus","n":13,"arr":["12","13","15","27","29","30","32","33","36","41","43","S12","S12A"],"lines":"12, 13, 15, 27, 29, 30, 32, 33, 36, 41, 43, S12, S12A"},"geometry":{"type":"LineString","coordinates":[[18.552121,50.063132],[18.551177,50.063859]]}},{"type":"Feature","properties":{"mode":"bus","n":14,"arr":["12","13","15","27","29","32","33","36","41","42","43","N8","S12","S12A"],"lines":"12, 13, 15, 27, 29, 32, 33, 36, 41, 42, 43, N8, S12, S12A"},"geometry":{"type":"LineString","coordinates":[[18.549426,50.066642],[18.549449,50.06711],[18.549421,50.067334],[18.549193,50.068377],[18.549124,50.068842],[18.548799,50.070157]]}},{"type":"Feature","properties":{"mode":"bus","n":11,"arr":["12","13","14","26","32","41","49","300","301","N6","PR"],"lines":"12, 13, 14, 26, 32, 41, 49, 300, 301, N6, PR"},"geometry":{"type":"LineString","coordinates":[[18.546206,50.101885],[18.546145,50.101718]]}},{"type":"Feature","properties":{"mode":"bus","n":10,"arr":["12","13","14","23","26","32","41","49","N6","PR"],"lines":"12, 13, 14, 23, 26, 32, 41, 49, N6, PR"},"geometry":{"type":"LineString","coordinates":[[18.547496,50.106875],[18.547476,50.106343],[18.547231,50.105237],[18.546695,50.103302],[18.546289,50.102167]]}},{"type":"Feature","properties":{"mode":"bus","n":11,"arr":["12","13","14","23","26","30","32","41","49","N6","PR"],"lines":"12, 13, 14, 23, 26, 30, 32, 41, 49, N6, PR"},"geometry":{"type":"LineString","coordinates":[[18.546063,50.110805],[18.546136,50.110284],[18.547336,50.107439],[18.54747,50.107042],[18.547496,50.106875]]}},{"type":"Feature","properties":{"mode":"bus","n":5,"arr":["12","13","14","32","41"],"lines":"12, 13, 14, 32, 41"},"geometry":{"type":"LineString","coordinates":[[18.548663,50.116977],[18.550255,50.121436],[18.550374,50.12202],[18.550413,50.123496],[18.550376,50.132059]]}},{"type":"Feature","properties":{"mode":"bus","n":7,"arr":["12","26","34","41","48","49","N6"],"lines":"12, 26, 34, 41, 48, 49, N6"},"geometry":{"type":"LineString","coordinates":[[18.523643,50.124734],[18.523774,50.125076],[18.523812,50.125399],[18.523788,50.12562],[18.523673,50.125971],[18.523489,50.126323],[18.52251,50.127679],[18.521829,50.12874],[18.521486,50.129358],[18.521311,50.130235],[18.521302,50.130433],[18.521341,50.130656],[18.52142,50.130873],[18.521615,50.13117],[18.521866,50.131426],[18.522169,50.131633],[18.522512,50.131799],[18.525768,50.133182],[18.52596,50.133206]]}},{"type":"Feature","properties":{"mode":"bus","n":6,"arr":["12","41","43","45","48","PR"],"lines":"12, 41, 43, 45, 48, PR"},"geometry":{"type":"LineString","coordinates":[[18.524395,50.117931],[18.523608,50.118602],[18.523364,50.118756],[18.52015,50.119838]]}},{"type":"Feature","properties":{"mode":"bus","n":6,"arr":["12","24","34","41","43","N8"],"lines":"12, 24, 34, 41, 43, N8"},"geometry":{"type":"LineString","coordinates":[[18.540025,50.098648],[18.539598,50.099537],[18.538972,50.101006],[18.538626,50.101692]]}},{"type":"Feature","properties":{"mode":"bus","n":6,"arr":["12","24","34","41","43","N8"],"lines":"12, 24, 34, 41, 43, N8"},"geometry":{"type":"LineString","coordinates":[[18.544795,50.098531],[18.544207,50.098571]]}},{"type":"Feature","properties":{"mode":"bus","n":5,"arr":["12","24","34","43","N8"],"lines":"12, 24, 34, 43, N8"},"geometry":{"type":"LineString","coordinates":[[18.544207,50.098571],[18.542377,50.098696],[18.542345,50.098694],[18.542324,50.098684],[18.542314,50.098664],[18.542187,50.098033],[18.542183,50.098022],[18.542174,50.098016],[18.542162,50.098015],[18.542145,50.098019],[18.542077,50.09804],[18.541397,50.098426],[18.541166,50.098903],[18.541155,50.098917],[18.54114,50.098926],[18.54112,50.098929],[18.541096,50.098926],[18.540502,50.098806],[18.540354,50.098704],[18.540025,50.098648]]}},{"type":"Feature","properties":{"mode":"bus","n":10,"arr":["12","15","22","23","24","30","32","41","49","N8"],"lines":"12, 15, 22, 23, 24, 30, 32, 41, 49, N8"},"geometry":{"type":"LineString","coordinates":[[18.54331,50.088684],[18.544012,50.088674]]}},{"type":"Feature","properties":{"mode":"bus","n":16,"arr":["12","15","22","23","24","27","29","30","32","33","36","41","43","46A","49","N8"],"lines":"12, 15, 22, 23, 24, 27, 29, 30, 32, 33, 36, 41, 43, 46A, 49, N8"},"geometry":{"type":"LineString","coordinates":[[18.54331,50.088684],[18.543814,50.088604],[18.543897,50.088529],[18.543927,50.088375]]}},{"type":"Feature","properties":{"mode":"bus","n":15,"arr":["12","15","22","23","27","29","32","33","36","41","43","46A","N8","S12","S12A"],"lines":"12, 15, 22, 23, 27, 29, 32, 33, 36, 41, 43, 46A, N8, S12, S12A"},"geometry":{"type":"LineString","coordinates":[[18.547043,50.083132],[18.547005,50.083141],[18.546993,50.083145],[18.546985,50.083152],[18.546981,50.08316],[18.546902,50.083579],[18.546768,50.083957],[18.546611,50.084212],[18.54609,50.084844],[18.544942,50.085988],[18.544665,50.086313],[18.544662,50.086387],[18.545131,50.086872]]}},{"type":"Feature","properties":{"mode":"bus","n":7,"arr":["05","13","42","46","46A","48","49"],"lines":"05, 13, 42, 46, 46A, 48, 49"},"geometry":{"type":"LineString","coordinates":[[18.608773,50.04674],[18.606397,50.046329],[18.605797,50.046293],[18.605378,50.046335]]}},{"type":"Feature","properties":{"mode":"bus","n":8,"arr":["05","13","32","42","46","46A","48","49"],"lines":"05, 13, 32, 42, 46, 46A, 48, 49"},"geometry":{"type":"LineString","coordinates":[[18.605378,50.046335],[18.602637,50.04689],[18.602121,50.047045],[18.601843,50.047185],[18.601601,50.047365],[18.600828,50.048197],[18.600731,50.048251],[18.600649,50.048262],[18.600509,50.048243],[18.599857,50.048037],[18.599211,50.047901],[18.598887,50.047878],[18.598472,50.047923],[18.598034,50.048061],[18.595633,50.049143],[18.595196,50.049292],[18.594884,50.049365],[18.592826,50.049499],[18.592146,50.049509],[18.588982,50.049147]]}},{"type":"Feature","properties":{"mode":"bus","n":7,"arr":["13","32","42","46","46A","48","49"],"lines":"13, 32, 42, 46, 46A, 48, 49"},"geometry":{"type":"LineString","coordinates":[[18.588982,50.049147],[18.587867,50.049012]]}},{"type":"Feature","properties":{"mode":"bus","n":5,"arr":["42","46","46A","48","49"],"lines":"42, 46, 46A, 48, 49"},"geometry":{"type":"LineString","coordinates":[[18.587867,50.049012],[18.587436,50.048961],[18.587404,50.048962],[18.587383,50.048971],[18.587371,50.04899],[18.58624,50.052848],[18.586157,50.053347]]}},{"type":"Feature","properties":{"mode":"bus","n":5,"arr":["42","46","46A","48","49"],"lines":"42, 46, 46A, 48, 49"},"geometry":{"type":"LineString","coordinates":[[18.587113,50.049834],[18.587335,50.04986],[18.587367,50.04986],[18.587389,50.049851],[18.587402,50.049832],[18.58758,50.04932],[18.587593,50.049301],[18.587615,50.049292],[18.587647,50.049292],[18.588463,50.049389],[18.588488,50.04939],[18.588507,50.049385],[18.58852,50.049376],[18.588528,50.049361],[18.588601,50.0491]]}},{"type":"Feature","properties":{"mode":"bus","n":6,"arr":["13","30","32","33","S12","S12A"],"lines":"13, 30, 32, 33, S12, S12A"},"geometry":{"type":"LineString","coordinates":[[18.568254,50.047635],[18.568152,50.047733]]}},{"type":"Feature","properties":{"mode":"bus","n":6,"arr":["13","30","32","33","S12","S12A"],"lines":"13, 30, 32, 33, S12, S12A"},"geometry":{"type":"LineString","coordinates":[[18.567145,50.048687],[18.566958,50.048867]]}},{"type":"Feature","properties":{"mode":"bus","n":7,"arr":["13","300","301","302","306","S12","S12A"],"lines":"13, 300, 301, 302, 306, S12, S12A"},"geometry":{"type":"LineString","coordinates":[[18.545666,50.089274],[18.545653,50.089199]]}},{"type":"Feature","properties":{"mode":"bus","n":7,"arr":["14","16","27","45","51","300","301"],"lines":"14, 16, 27, 45, 51, 300, 301"},"geometry":{"type":"LineString","coordinates":[[18.533997,50.100433],[18.53415,50.100237],[18.534192,50.100071]]}},{"type":"Feature","properties":{"mode":"bus","n":6,"arr":["15","16","17","18","19","28"],"lines":"15, 16, 17, 18, 19, 28"},"geometry":{"type":"LineString","coordinates":[[18.560096,50.099872],[18.560334,50.099909]]}},{"type":"Feature","properties":{"mode":"bus","n":10,"arr":["15","16","17","18","19","28","300","301","302","306"],"lines":"15, 16, 17, 18, 19, 28, 300, 301, 302, 306"},"geometry":{"type":"LineString","coordinates":[[18.561752,50.100447],[18.561593,50.100358],[18.560563,50.099975],[18.560334,50.099909]]}},{"type":"Feature","properties":{"mode":"bus","n":11,"arr":["15","16","17","18","19","28","51","300","301","302","306"],"lines":"15, 16, 17, 18, 19, 28, 51, 300, 301, 302, 306"},"geometry":{"type":"LineString","coordinates":[[18.565953,50.101993],[18.564081,50.101285],[18.561752,50.100447]]}},{"type":"Feature","properties":{"mode":"bus","n":5,"arr":["15","42","45","46","48"],"lines":"15, 42, 45, 46, 48"},"geometry":{"type":"LineString","coordinates":[[18.599831,50.065032],[18.600117,50.065512],[18.600744,50.06723]]}},{"type":"Feature","properties":{"mode":"bus","n":7,"arr":["15","42","45","46","46A","48","N8"],"lines":"15, 42, 45, 46, 46A, 48, N8"},"geometry":{"type":"LineString","coordinates":[[18.599643,50.064454],[18.599831,50.065032]]}},{"type":"Feature","properties":{"mode":"bus","n":6,"arr":["15","42","46","46A","48","N8"],"lines":"15, 42, 46, 46A, 48, N8"},"geometry":{"type":"LineString","coordinates":[[18.598826,50.059996],[18.59913,50.060394],[18.599298,50.060698],[18.59937,50.060901],[18.599499,50.061427],[18.599799,50.062998],[18.599785,50.063182],[18.599531,50.063541],[18.599497,50.063659],[18.599523,50.064012],[18.599643,50.064454]]}},{"type":"Feature","properties":{"mode":"bus","n":5,"arr":["15","42","46","46A","N8"],"lines":"15, 42, 46, 46A, N8"},"geometry":{"type":"LineString","coordinates":[[18.597448,50.052586],[18.597355,50.054183],[18.597569,50.054971],[18.597605,50.055257],[18.597552,50.055513],[18.597319,50.056197],[18.597324,50.056663],[18.597362,50.056955],[18.597506,50.057463],[18.597608,50.057686],[18.598669,50.059426],[18.598844,50.059869],[18.598826,50.059996]]}},{"type":"Feature","properties":{"mode":"bus","n":10,"arr":["15","17","18","19","28","51","300","301","302","306"],"lines":"15, 17, 18, 19, 28, 51, 300, 301, 302, 306"},"geometry":{"type":"LineString","coordinates":[[18.560216,50.099956],[18.561535,50.100419],[18.561752,50.100447]]}},{"type":"Feature","properties":{"mode":"bus","n":6,"arr":["15","17","18","19","30","46"],"lines":"15, 17, 18, 19, 30, 46"},"geometry":{"type":"LineString","coordinates":[[18.545464,50.099959],[18.545882,50.099962]]}},{"type":"Feature","properties":{"mode":"bus","n":5,"arr":["16","17","18","19","28"],"lines":"16, 17, 18, 19, 28"},"geometry":{"type":"LineString","coordinates":[[18.552591,50.098964],[18.552954,50.098995],[18.553264,50.09905]]}},{"type":"Feature","properties":{"mode":"bus","n":6,"arr":["16","17","18","19","28","46"],"lines":"16, 17, 18, 19, 28, 46"},"geometry":{"type":"LineString","coordinates":[[18.558783,50.099245],[18.558651,50.099692]]}},{"type":"Feature","properties":{"mode":"bus","n":6,"arr":["16","17","18","19","28","51"],"lines":"16, 17, 18, 19, 28, 51"},"geometry":{"type":"LineString","coordinates":[[18.558651,50.099692],[18.560096,50.099872]]}},{"type":"Feature","properties":{"mode":"bus","n":9,"arr":["16","17","18","19","51","300","301","302","306"],"lines":"16, 17, 18, 19, 51, 300, 301, 302, 306"},"geometry":{"type":"LineString","coordinates":[[18.572623,50.104941],[18.572109,50.104704],[18.57116,50.104135],[18.569833,50.103438],[18.565953,50.101993]]}},{"type":"Feature","properties":{"mode":"bus","n":5,"arr":["16","45","48","51","52"],"lines":"16, 45, 48, 51, 52"},"geometry":{"type":"LineString","coordinates":[[18.60159,50.082819],[18.611532,50.079834]]}},{"type":"Feature","properties":{"mode":"bus","n":5,"arr":["16","45","48","51","52"],"lines":"16, 45, 48, 51, 52"},"geometry":{"type":"LineString","coordinates":[[18.588502,50.086787],[18.592403,50.085582],[18.597533,50.084042]]}},{"type":"Feature","properties":{"mode":"bus","n":6,"arr":["16","45","46","48","51","52"],"lines":"16, 45, 46, 48, 51, 52"},"geometry":{"type":"LineString","coordinates":[[18.559936,50.095848],[18.560149,50.095822],[18.560461,50.095748],[18.561848,50.095047],[18.562425,50.094852],[18.564678,50.094324],[18.568697,50.093518],[18.571387,50.092729],[18.572094,50.092431],[18.574099,50.091341],[18.574941,50.090819]]}},{"type":"Feature","properties":{"mode":"bus","n":10,"arr":["16","45","46","48","51","52","300","301","302","306"],"lines":"16, 45, 46, 48, 51, 52, 300, 301, 302, 306"},"geometry":{"type":"LineString","coordinates":[[18.552506,50.097057],[18.558429,50.096112]]}},{"type":"Feature","properties":{"mode":"bus","n":7,"arr":["17","18","19","300","301","302","306"],"lines":"17, 18, 19, 300, 301, 302, 306"},"geometry":{"type":"LineString","coordinates":[[18.594814,50.116764],[18.592809,50.116419],[18.592543,50.116331],[18.592349,50.116228],[18.586072,50.111858],[18.584949,50.110998],[18.58174,50.108842],[18.58141,50.108655],[18.580914,50.108464],[18.579508,50.108097],[18.578608,50.1078],[18.572623,50.104941]]}},{"type":"Feature","properties":{"mode":"bus","n":9,"arr":["17","18","19","28","51","300","301","302","306"],"lines":"17, 18, 19, 28, 51, 300, 301, 302, 306"},"geometry":{"type":"LineString","coordinates":[[18.560096,50.099872],[18.560216,50.099956]]}},{"type":"Feature","properties":{"mode":"bus","n":7,"arr":["27","29","33","36","43","S12","S12A"],"lines":"27, 29, 33, 36, 43, S12, S12A"},"geometry":{"type":"LineString","coordinates":[[18.54372,50.089692],[18.544008,50.089486],[18.544023,50.089249]]}},{"type":"Feature","properties":{"mode":"bus","n":6,"arr":["27","29","33","36","43","46A"],"lines":"27, 29, 33, 36, 43, 46A"},"geometry":{"type":"LineString","coordinates":[[18.542177,50.090487],[18.542163,50.090633],[18.542202,50.090879],[18.542268,50.091042]]}},{"type":"Feature","properties":{"mode":"bus","n":6,"arr":["27","29","33","36","43","46A"],"lines":"27, 29, 33, 36, 43, 46A"},"geometry":{"type":"LineString","coordinates":[[18.541633,50.089167],[18.541685,50.089045],[18.541888,50.088896]]}},{"type":"Feature","properties":{"mode":"bus","n":6,"arr":["27","29","33","36","43","46A"],"lines":"27, 29, 33, 36, 43, 46A"},"geometry":{"type":"LineString","coordinates":[[18.542844,50.088742],[18.543033,50.088702],[18.54331,50.088684]]}},{"type":"Feature","properties":{"mode":"bus","n":7,"arr":["27","29","33","36","43","46A","W10"],"lines":"27, 29, 33, 36, 43, 46A, W10"},"geometry":{"type":"LineString","coordinates":[[18.542137,50.090334],[18.542177,50.090487]]}},{"type":"Feature","properties":{"mode":"bus","n":5,"arr":["29","201","202","205","206"],"lines":"29, 201, 202, 205, 206"},"geometry":{"type":"LineString","coordinates":[[18.416374,50.058903],[18.417057,50.058079],[18.417294,50.057868]]}},{"type":"Feature","properties":{"mode":"bus","n":5,"arr":["32","46","46A","48","49"],"lines":"32, 46, 46A, 48, 49"},"geometry":{"type":"LineString","coordinates":[[18.605658,50.046216],[18.605478,50.046263],[18.605378,50.046335]]}},{"type":"Feature","properties":{"mode":"bus","n":6,"arr":["33","43","48","52","A","N8"],"lines":"33, 43, 48, 52, A, N8"},"geometry":{"type":"LineString","coordinates":[[18.51507,50.09779],[18.514986,50.097692],[18.514882,50.097383],[18.51482,50.096851],[18.51487,50.096587],[18.515085,50.095938],[18.515166,50.09581],[18.515514,50.094861],[18.515716,50.094618],[18.51649,50.094023],[18.517278,50.093578],[18.517708,50.093259],[18.517898,50.093038],[18.518143,50.092631],[18.518322,50.092123]]}},{"type":"Feature","properties":{"mode":"bus","n":5,"arr":["33","43","48","A","N8"],"lines":"33, 43, 48, A, N8"},"geometry":{"type":"LineString","coordinates":[[18.518322,50.092123],[18.518433,50.091999],[18.518523,50.091942],[18.518695,50.091885],[18.518934,50.091845]]}},{"type":"Feature","properties":{"mode":"bus","n":5,"arr":["41","43","45","48","PR"],"lines":"41, 43, 45, 48, PR"},"geometry":{"type":"LineString","coordinates":[[18.52015,50.119838],[18.520003,50.119989]]}},{"type":"Feature","properties":{"mode":"bus","n":15,"arr":["01","02","03","04","05","06","07","08","09","52","305","306","307","308","ZL"],"lines":"01, 02, 03, 04, 05, 06, 07, 08, 09, 52, 305, 306, 307, 308, ZL"},"geometry":{"type":"LineString","coordinates":[[18.693342,50.047726],[18.693242,50.047669],[18.693218,50.047611],[18.69341,50.047332]]}},{"type":"Feature","properties":{"mode":"bus","n":11,"arr":["01","02","03","06","07","09","52","305","306","307","308"],"lines":"01, 02, 03, 06, 07, 09, 52, 305, 306, 307, 308"},"geometry":{"type":"LineString","coordinates":[[18.693434,50.047763],[18.693342,50.047726]]}},{"type":"Feature","properties":{"mode":"bus","n":8,"arr":["06","07","09","52","305","306","307","308"],"lines":"06, 07, 09, 52, 305, 306, 307, 308"},"geometry":{"type":"LineString","coordinates":[[18.6938,50.047893],[18.693434,50.047763]]}},{"type":"Feature","properties":{"mode":"bus","n":8,"arr":["06","07","09","52","305","306","307","308"],"lines":"06, 07, 09, 52, 305, 306, 307, 308"},"geometry":{"type":"LineString","coordinates":[[18.693846,50.047907],[18.694028,50.047953],[18.694149,50.047933],[18.694193,50.04791],[18.694329,50.047724]]}},{"type":"Feature","properties":{"mode":"bus","n":7,"arr":["06","07","09","305","306","307","308"],"lines":"06, 07, 09, 305, 306, 307, 308"},"geometry":{"type":"LineString","coordinates":[[18.6938,50.047893],[18.693846,50.047907]]}},{"type":"Feature","properties":{"mode":"bus","n":10,"arr":["06","07","09","52","305","306","307","308","S10","S11"],"lines":"06, 07, 09, 52, 305, 306, 307, 308, S10, S11"},"geometry":{"type":"LineString","coordinates":[[18.694329,50.047724],[18.694394,50.047595],[18.694381,50.047499],[18.694372,50.047478],[18.694352,50.047465],[18.694321,50.047458],[18.693866,50.047415],[18.69341,50.047332]]}},{"type":"Feature","properties":{"mode":"bus","n":5,"arr":["01","02","05","07","ZL"],"lines":"01, 02, 05, 07, ZL"},"geometry":{"type":"LineString","coordinates":[[18.68899,50.042885],[18.688515,50.042816],[18.683676,50.041752],[18.682625,50.041501]]}},{"type":"Feature","properties":{"mode":"bus","n":14,"arr":["01","02","03","04","05","06","07","08","09","305","306","S10","S11","ZL"],"lines":"01, 02, 03, 04, 05, 06, 07, 08, 09, 305, 306, S10, S11, ZL"},"geometry":{"type":"LineString","coordinates":[[18.692364,50.047041],[18.692248,50.046954]]}},{"type":"Feature","properties":{"mode":"bus","n":9,"arr":["03","04","05","06","09","307","S10","S11","ZL"],"lines":"03, 04, 05, 06, 09, 307, S10, S11, ZL"},"geometry":{"type":"LineString","coordinates":[[18.689705,50.042791],[18.689835,50.042566],[18.689905,50.042226],[18.689635,50.041229],[18.689575,50.040761],[18.689423,50.036918],[18.68942,50.03617],[18.689378,50.035724],[18.68927,50.035274],[18.688818,50.033975]]}},{"type":"Feature","properties":{"mode":"bus","n":9,"arr":["03","04","05","06","09","307","S10","S11","ZL"],"lines":"03, 04, 05, 06, 09, 307, S10, S11, ZL"},"geometry":{"type":"LineString","coordinates":[[18.689994,50.04252],[18.690016,50.04212],[18.689798,50.041285],[18.689753,50.040886],[18.689591,50.036164],[18.68954,50.035715],[18.68906,50.034283]]}},{"type":"Feature","properties":{"mode":"bus","n":5,"arr":["03","06","07","08","307"],"lines":"03, 06, 07, 08, 307"},"geometry":{"type":"LineString","coordinates":[[18.688818,50.033975],[18.689868,50.033851],[18.690637,50.033727],[18.691224,50.033612],[18.694214,50.032936]]}},{"type":"Feature","properties":{"mode":"bus","n":5,"arr":["03","06","07","08","307"],"lines":"03, 06, 07, 08, 307"},"geometry":{"type":"LineString","coordinates":[[18.689656,50.033987],[18.690367,50.033898],[18.690969,50.03378],[18.694261,50.033042]]}},{"type":"Feature","properties":{"mode":"bus","n":8,"arr":["03","04","05","06","09","S10","S11","ZL"],"lines":"03, 04, 05, 06, 09, S10, S11, ZL"},"geometry":{"type":"LineString","coordinates":[[18.689836,50.042817],[18.689994,50.04252]]}},{"type":"Feature","properties":{"mode":"bus","n":6,"arr":["04","05","09","S10","S11","ZL"],"lines":"04, 05, 09, S10, S11, ZL"},"geometry":{"type":"LineString","coordinates":[[18.688818,50.033975],[18.688674,50.033663],[18.688121,50.032064],[18.687743,50.031187],[18.687081,50.030304],[18.686806,50.02999],[18.68641,50.029623]]}},{"type":"Feature","properties":{"mode":"bus","n":6,"arr":["04","05","09","S10","S11","ZL"],"lines":"04, 05, 09, S10, S11, ZL"},"geometry":{"type":"LineString","coordinates":[[18.68906,50.034283],[18.688369,50.032174],[18.688101,50.03153],[18.68799,50.03134]]}},{"type":"Feature","properties":{"mode":"bus","n":5,"arr":["04","08","307","S10","S11"],"lines":"04, 08, 307, S10, S11"},"geometry":{"type":"LineString","coordinates":[[18.68839,50.045484],[18.688294,50.045477]]}},{"type":"Feature","properties":{"mode":"bus","n":18,"arr":["201","203","204","205","206","207","208","209","210","W09","W10","W11","W36","W41","W42","W50","W51","W52"],"lines":"201, 203, 204, 205, 206, 207, 208, 209, 210, W09, W10, W11, 36, 41, 42, 50, 51, 52"},"geometry":{"type":"LineString","coordinates":[[18.465663,50.000743],[18.465088,50.000833],[18.464872,50.000846]]}},{"type":"Feature","properties":{"mode":"bus","n":17,"arr":["201","204","205","206","207","208","209","210","W09","W10","W11","W36","W41","W42","W50","W51","W52"],"lines":"201, 204, 205, 206, 207, 208, 209, 210, W09, W10, W11, 36, 41, 42, 50, 51, 52"},"geometry":{"type":"LineString","coordinates":[[18.464872,50.000846],[18.464638,50.000858]]}},{"type":"Feature","properties":{"mode":"bus","n":17,"arr":["201","204","207","210","W09","W10","W11","W32","W33","W34","W36","W38","W50","W51","W52","W53","W59"],"lines":"201, 204, 207, 210, W09, W10, W11, 32, 33, 34, 36, 38, 50, 51, 52, 53, 59"},"geometry":{"type":"LineString","coordinates":[[18.464441,50.000868],[18.464638,50.000858]]}},{"type":"Feature","properties":{"mode":"bus","n":20,"arr":["201","203","204","207","208","209","210","W09","W10","W11","W32","W33","W34","W36","W38","W50","W51","W52","W53","W59"],"lines":"201, 203, 204, 207, 208, 209, 210, W09, W10, W11, 32, 33, 34, 36, 38, 50, 51, 52, 53, 59"},"geometry":{"type":"LineString","coordinates":[[18.464291,50.000876],[18.464441,50.000868]]}},{"type":"Feature","properties":{"mode":"bus","n":23,"arr":["201","202","203","204","205","206","207","208","209","210","W09","W10","W11","W32","W33","W34","W36","W38","W50","W51","W52","W53","W59"],"lines":"201, 202, 203, 204, 205, 206, 207, 208, 209, 210, W09, W10, W11, 32, 33, 34, 36, 38, 50, 51, 52, 53, 59"},"geometry":{"type":"LineString","coordinates":[[18.464353,49.99969],[18.463702,50.000575],[18.463638,50.000709],[18.463636,50.000729],[18.463648,50.000748],[18.463686,50.00078],[18.464061,50.000874],[18.464291,50.000876]]}},{"type":"Feature","properties":{"mode":"bus","n":15,"arr":["201","202","204","207","210","W32","W33","W34","W36","W38","W50","W51","W52","W53","W59"],"lines":"201, 202, 204, 207, 210, 32, 33, 34, 36, 38, 50, 51, 52, 53, 59"},"geometry":{"type":"LineString","coordinates":[[18.464353,49.99969],[18.462659,49.999164],[18.46198,49.998991]]}},{"type":"Feature","properties":{"mode":"bus","n":8,"arr":["202","204","207","W32","W34","W50","W53","W59"],"lines":"202, 204, 207, 32, 34, 50, 53, 59"},"geometry":{"type":"LineString","coordinates":[[18.461604,49.998908],[18.46198,49.998991]]}},{"type":"Feature","properties":{"mode":"bus","n":6,"arr":["202","W32","W34","W50","W53","W59"],"lines":"202, 32, 34, 50, 53, 59"},"geometry":{"type":"LineString","coordinates":[[18.461465,49.998879],[18.461604,49.998908]]}},{"type":"Feature","properties":{"mode":"bus","n":5,"arr":["W32","W34","W50","W53","W59"],"lines":"32, 34, 50, 53, 59"},"geometry":{"type":"LineString","coordinates":[[18.458653,49.997422],[18.458992,49.997739],[18.459395,49.998048],[18.459833,49.998302],[18.460503,49.998593],[18.461039,49.998771],[18.461465,49.998879]]}},{"type":"Feature","properties":{"mode":"bus","n":5,"arr":["W32","W33","W34","W51","W53"],"lines":"32, 33, 34, 51, 53"},"geometry":{"type":"LineString","coordinates":[[18.451065,49.980268],[18.451796,49.980971],[18.452076,49.981341],[18.454478,49.98615],[18.454596,49.986496],[18.454661,49.986865],[18.455252,49.991301],[18.455365,49.991749],[18.45574,49.992434],[18.456984,49.993994],[18.457351,49.994573],[18.4576,49.995116],[18.45824,49.996805],[18.458529,49.997292],[18.458653,49.997422]]}},{"type":"Feature","properties":{"mode":"bus","n":5,"arr":["W32","W33","W34","W51","W53"],"lines":"32, 33, 34, 51, 53"},"geometry":{"type":"LineString","coordinates":[[18.455791,49.992502],[18.456009,49.992537]]}},{"type":"Feature","properties":{"mode":"bus","n":10,"arr":["201","204","207","210","W33","W36","W38","W51","W52","W59"],"lines":"201, 204, 207, 210, 33, 36, 38, 51, 52, 59"},"geometry":{"type":"LineString","coordinates":[[18.46198,49.998991],[18.461633,49.999065],[18.461277,49.999392]]}},{"type":"Feature","properties":{"mode":"bus","n":7,"arr":["202","204","207","W33","W38","W51","W59"],"lines":"202, 204, 207, 33, 38, 51, 59"},"geometry":{"type":"LineString","coordinates":[[18.461283,49.999318],[18.461277,49.999392]]}},{"type":"Feature","properties":{"mode":"bus","n":9,"arr":["201","207","W10","W36","W41","W42","W50","W51","W52"],"lines":"201, 207, W10, 36, 41, 42, 50, 51, 52"},"geometry":{"type":"LineString","coordinates":[[18.474268,50.007001],[18.473022,50.004989],[18.472043,50.003517]]}},{"type":"Feature","properties":{"mode":"bus","n":10,"arr":["201","203","207","W10","W36","W41","W42","W50","W51","W52"],"lines":"201, 203, 207, W10, 36, 41, 42, 50, 51, 52"},"geometry":{"type":"LineString","coordinates":[[18.471972,50.00346],[18.472043,50.003517]]}},{"type":"Feature","properties":{"mode":"bus","n":17,"arr":["201","202","203","205","206","208","209","210","W09","W10","W11","W36","W41","W42","W50","W51","W52"],"lines":"201, 202, 203, 205, 206, 208, 209, 210, W09, W10, W11, 36, 41, 42, 50, 51, 52"},"geometry":{"type":"LineString","coordinates":[[18.471229,50.002611],[18.470315,50.002007]]}},{"type":"Feature","properties":{"mode":"bus","n":17,"arr":["201","202","203","205","206","208","209","210","W09","W10","W11","W36","W41","W42","W50","W51","W52"],"lines":"201, 202, 203, 205, 206, 208, 209, 210, W09, W10, W11, 36, 41, 42, 50, 51, 52"},"geometry":{"type":"LineString","coordinates":[[18.467346,50.000868],[18.467265,50.000861]]}},{"type":"Feature","properties":{"mode":"bus","n":19,"arr":["201","202","203","204","205","206","207","208","209","210","W09","W10","W11","W36","W41","W42","W50","W51","W52"],"lines":"201, 202, 203, 204, 205, 206, 207, 208, 209, 210, W09, W10, W11, 36, 41, 42, 50, 51, 52"},"geometry":{"type":"LineString","coordinates":[[18.467265,50.000861],[18.466794,50.001016],[18.466619,50.001005],[18.465861,50.00074],[18.465663,50.000743]]}},{"type":"Feature","properties":{"mode":"bus","n":7,"arr":["201","202","204","207","210","W36","W52"],"lines":"201, 202, 204, 207, 210, 36, 52"},"geometry":{"type":"LineString","coordinates":[[18.461277,49.999392],[18.461003,49.999731],[18.460696,50.000031],[18.460135,50.00038],[18.459658,50.000583]]}},{"type":"Feature","properties":{"mode":"bus","n":9,"arr":["201","202","204","207","210","W36","W52","W53","W59"],"lines":"201, 202, 204, 207, 210, 36, 52, 53, 59"},"geometry":{"type":"LineString","coordinates":[[18.459658,50.000583],[18.458634,50.000777],[18.458276,50.000873]]}},{"type":"Feature","properties":{"mode":"bus","n":5,"arr":["C12","C14","M10","W09","W36"],"lines":"C12, C14, M10, W09, 36"},"geometry":{"type":"LineString","coordinates":[[18.54629,49.943877],[18.548585,49.944313],[18.549039,49.944355],[18.55275,49.944411],[18.553036,49.944404],[18.553319,49.944368],[18.553624,49.944237],[18.553774,49.94413],[18.554322,49.943515],[18.554632,49.943204],[18.554788,49.943092],[18.555229,49.942897],[18.556532,49.942457]]}},{"type":"Feature","properties":{"mode":"bus","n":9,"arr":["B10","B11","C11","C16","C18","M10","S13","W09","W36"],"lines":"B10, B11, C11, C16, C18, M10, S13, W09, 36"},"geometry":{"type":"LineString","coordinates":[[18.564149,49.943584],[18.563798,49.94347],[18.563394,49.943269],[18.562437,49.942524],[18.562009,49.942274],[18.561707,49.942175],[18.561309,49.942079],[18.561022,49.942048],[18.558988,49.941953],[18.558365,49.941951],[18.55779,49.942048],[18.556532,49.942457]]}},{"type":"Feature","properties":{"mode":"bus","n":8,"arr":["B10","B11","C11","C18","M10","S13","W09","W36"],"lines":"B10, B11, C11, C18, M10, S13, W09, 36"},"geometry":{"type":"LineString","coordinates":[[18.564149,49.943584],[18.564406,49.943639]]}},{"type":"Feature","properties":{"mode":"bus","n":9,"arr":["B10","B11","C11","C18","M10","S11","S13","W09","W36"],"lines":"B10, B11, C11, C18, M10, S11, S13, W09, 36"},"geometry":{"type":"LineString","coordinates":[[18.564406,49.943639],[18.565056,49.94371]]}},{"type":"Feature","properties":{"mode":"bus","n":6,"arr":["C11","C16","M10","S11","W09","W36"],"lines":"C11, C16, M10, S11, W09, 36"},"geometry":{"type":"LineString","coordinates":[[18.565056,49.94371],[18.566467,49.943778],[18.567083,49.943833],[18.567968,49.943857]]}},{"type":"Feature","properties":{"mode":"bus","n":12,"arr":["B10","B11","C11","C12","C14","C16","C18","M10","S11","S13","W09","W36"],"lines":"B10, B11, C11, C12, C14, C16, C18, M10, S11, S13, W09, 36"},"geometry":{"type":"LineString","coordinates":[[18.568115,49.943862],[18.571258,49.943995]]}},{"type":"Feature","properties":{"mode":"bus","n":17,"arr":["B10","C12","C13","C14","C16","C18","M10","R10","R11","S11","S12","S12A","S14","S15","W09","W11","W36"],"lines":"B10, C12, C13, C14, C16, C18, M10, R10, R11, S11, S12, S12A, S14, S15, W09, W11, 36"},"geometry":{"type":"LineString","coordinates":[[18.572214,49.944449],[18.57218,49.944274],[18.572201,49.944127]]}},{"type":"Feature","properties":{"mode":"bus","n":22,"arr":["B10","B11","B13","B14","C11","C12","C13","C14","C16","C18","M10","R10","R11","S11","S12","S12A","S13","S14","S15","W09","W11","W36"],"lines":"B10, B11, B13, B14, C11, C12, C13, C14, C16, C18, M10, R10, R11, S11, S12, S12A, S13, S14, S15, W09, W11, 36"},"geometry":{"type":"LineString","coordinates":[[18.572508,49.944737],[18.57259,49.944814]]}},{"type":"Feature","properties":{"mode":"bus","n":21,"arr":["B10","B11","B13","B14","C12","C13","C14","C16","C18","M10","R10","R11","S11","S12","S12A","S13","S14","S15","W09","W11","W36"],"lines":"B10, B11, B13, B14, C12, C13, C14, C16, C18, M10, R10, R11, S11, S12, S12A, S13, S14, S15, W09, W11, 36"},"geometry":{"type":"LineString","coordinates":[[18.572946,49.944823],[18.572725,49.944795],[18.57259,49.944814]]}},{"type":"Feature","properties":{"mode":"bus","n":19,"arr":["B10","B11","C11","C12","C13","C14","C16","C18","M10","R10","R11","S11","S12","S12A","S13","S15","W09","W11","W36"],"lines":"B10, B11, C11, C12, C13, C14, C16, C18, M10, R10, R11, S11, S12, S12A, S13, S15, W09, W11, 36"},"geometry":{"type":"LineString","coordinates":[[18.573206,49.944968],[18.573314,49.945029]]}},{"type":"Feature","properties":{"mode":"bus","n":18,"arr":["B10","B11","C11","C12","C13","C14","C16","C18","M10","R10","R11","S11","S12","S12A","S13","S15","W09","W11"],"lines":"B10, B11, C11, C12, C13, C14, C16, C18, M10, R10, R11, S11, S12, S12A, S13, S15, W09, W11"},"geometry":{"type":"LineString","coordinates":[[18.573314,49.945029],[18.573497,49.94515]]}},{"type":"Feature","properties":{"mode":"bus","n":19,"arr":["B10","B11","C11","C12","C13","C14","C18","M10","R10","R11","S11","S12","S12A","S13","S14","S15","W09","W11","W36"],"lines":"B10, B11, C11, C12, C13, C14, C18, M10, R10, R11, S11, S12, S12A, S13, S14, S15, W09, W11, 36"},"geometry":{"type":"LineString","coordinates":[[18.57195,49.944116],[18.572147,49.944425],[18.572214,49.944449]]}},{"type":"Feature","properties":{"mode":"bus","n":18,"arr":["B10","C11","C12","C13","C14","C16","C18","M10","R10","R11","S11","S12","S12A","S14","S15","W09","W11","W36"],"lines":"B10, C11, C12, C13, C14, C16, C18, M10, R10, R11, S11, S12, S12A, S14, S15, W09, W11, 36"},"geometry":{"type":"LineString","coordinates":[[18.573199,49.94407],[18.574038,49.944073],[18.575545,49.943963]]}},{"type":"Feature","properties":{"mode":"bus","n":16,"arr":["B10","C11","C13","C14","C18","M10","R10","R11","S11","S12","S12A","S14","S15","W09","W11","W36"],"lines":"B10, C11, C13, C14, C18, M10, R10, R11, S11, S12, S12A, S14, S15, W09, W11, 36"},"geometry":{"type":"LineString","coordinates":[[18.576723,49.943887],[18.576344,49.943874],[18.575545,49.943963]]}},{"type":"Feature","properties":{"mode":"bus","n":15,"arr":["B10","C11","C13","C14","C18","M10","R10","R11","S12","S12A","S14","S15","W09","W11","W36"],"lines":"B10, C11, C13, C14, C18, M10, R10, R11, S12, S12A, S14, S15, W09, W11, 36"},"geometry":{"type":"LineString","coordinates":[[18.576723,49.943887],[18.577402,49.943996],[18.577779,49.944137],[18.57823,49.944399],[18.579262,49.945079]]}},{"type":"Feature","properties":{"mode":"bus","n":14,"arr":["B10","C13","C14","C18","M10","R10","R11","S12","S12A","S14","S16","W09","W11","W36"],"lines":"B10, C13, C14, C18, M10, R10, R11, S12, S12A, S14, S16, W09, W11, 36"},"geometry":{"type":"LineString","coordinates":[[18.579262,49.945079],[18.58471,49.948241],[18.585423,49.948601],[18.586111,49.94886],[18.586928,49.949084],[18.587602,49.94921],[18.5892,49.949441],[18.589542,49.949465]]}},{"type":"Feature","properties":{"mode":"bus","n":16,"arr":["B10","B11","C13","C14","C15","C18","M10","R10","R11","S12","S12A","S14","S16","W09","W11","W36"],"lines":"B10, B11, C13, C14, C15, C18, M10, R10, R11, S12, S12A, S14, S16, W09, W11, 36"},"geometry":{"type":"LineString","coordinates":[[18.589542,49.949465],[18.589646,49.949459]]}},{"type":"Feature","properties":{"mode":"bus","n":23,"arr":["B10","B11","B12","B13","B14","C10","C13","C14","C15","C16","C19","M10","R10","R11","S10","S12","S12A","S14","S15","W09","W10","W11","W36"],"lines":"B10, B11, B12, B13, B14, C10, C13, C14, C15, C16, C19, M10, R10, R11, S10, S12, S12A, S14, S15, W09, W10, W11, 36"},"geometry":{"type":"LineString","coordinates":[[18.596944,49.950168],[18.594106,49.949657],[18.593492,49.949577],[18.592722,49.949552],[18.590614,49.949558],[18.590144,49.949528]]}},{"type":"Feature","properties":{"mode":"bus","n":22,"arr":["B10","B11","B12","B13","B14","C10","C15","C16","C19","M10","R10","R11","S10","S12","S12A","S13","S14","S15","W09","W10","W11","W36"],"lines":"B10, B11, B12, B13, B14, C10, C15, C16, C19, M10, R10, R11, S10, S12, S12A, S13, S14, S15, W09, W10, W11, 36"},"geometry":{"type":"LineString","coordinates":[[18.597086,49.950194],[18.596944,49.950168]]}},{"type":"Feature","properties":{"mode":"bus","n":20,"arr":["B10","B12","B13","B14","C10","C15","C19","M10","R10","R11","S10","S12","S12A","S13","S14","S15","W09","W10","W11","W36"],"lines":"B10, B12, B13, B14, C10, C15, C19, M10, R10, R11, S10, S12, S12A, S13, S14, S15, W09, W10, W11, 36"},"geometry":{"type":"LineString","coordinates":[[18.59725,49.950223],[18.597086,49.950194]]}},{"type":"Feature","properties":{"mode":"bus","n":20,"arr":["B10","B12","B13","B14","C10","C15","C19","M10","R10","R11","S10","S12","S12A","S13","S14","S15","W09","W10","W11","W36"],"lines":"B10, B12, B13, B14, C10, C15, C19, M10, R10, R11, S10, S12, S12A, S13, S14, S15, W09, W10, W11, 36"},"geometry":{"type":"LineString","coordinates":[[18.597027,49.950309],[18.599279,49.950717],[18.599988,49.950884],[18.6002,49.950956],[18.601757,49.951681],[18.602006,49.951817]]}},{"type":"Feature","properties":{"mode":"bus","n":8,"arr":["B14","C13","C14","R10","R11","W09","W10","W36"],"lines":"B14, C13, C14, R10, R11, W09, W10, 36"},"geometry":{"type":"LineString","coordinates":[[18.606264,49.946634],[18.606228,49.946483],[18.606251,49.946216],[18.606509,49.945645],[18.607185,49.944667],[18.607265,49.944581],[18.607388,49.944516]]}},{"type":"Feature","properties":{"mode":"bus","n":9,"arr":["B14","C13","C14","R10","R11","S16","W09","W10","W36"],"lines":"B14, C13, C14, R10, R11, S16, W09, W10, 36"},"geometry":{"type":"LineString","coordinates":[[18.607388,49.944516],[18.607436,49.944472]]}},{"type":"Feature","properties":{"mode":"bus","n":16,"arr":["B12","B14","B15","C11","C12","C13","C14","C17","C18","R10","R11","S10","S16","W09","W10","W36"],"lines":"B12, B14, B15, C11, C12, C13, C14, C17, C18, R10, R11, S10, S16, W09, W10, 36"},"geometry":{"type":"LineString","coordinates":[[18.607436,49.944472],[18.608002,49.944881]]}},{"type":"Feature","properties":{"mode":"bus","n":17,"arr":["B12","B14","B15","C11","C12","C13","C14","C16","C17","C18","R10","R11","S10","S16","W09","W10","W36"],"lines":"B12, B14, B15, C11, C12, C13, C14, C16, C17, C18, R10, R11, S10, S16, W09, W10, 36"},"geometry":{"type":"LineString","coordinates":[[18.608002,49.944881],[18.608489,49.945064],[18.609156,49.945188]]}},{"type":"Feature","properties":{"mode":"bus","n":20,"arr":["B12","B14","B15","C10","C11","C12","C13","C14","C16","C17","C18","C19","M10","R10","R11","S10","S16","W09","W10","W36"],"lines":"B12, B14, B15, C10, C11, C12, C13, C14, C16, C17, C18, C19, M10, R10, R11, S10, S16, W09, W10, 36"},"geometry":{"type":"LineString","coordinates":[[18.609156,49.945188],[18.6091,49.945426],[18.609101,49.945439],[18.609111,49.945448],[18.60913,49.945454],[18.609196,49.945462]]}},{"type":"Feature","properties":{"mode":"bus","n":15,"arr":["B12","B14","B15","C13","C14","C16","C17","C18","R10","R11","S10","S16","W09","W10","W36"],"lines":"B12, B14, B15, C13, C14, C16, C17, C18, R10, R11, S10, S16, W09, W10, 36"},"geometry":{"type":"LineString","coordinates":[[18.608002,49.944881],[18.607915,49.944865],[18.607667,49.944717]]}},{"type":"Feature","properties":{"mode":"bus","n":7,"arr":["B14","C13","R10","R11","W09","W10","W36"],"lines":"B14, C13, R10, R11, W09, W10, 36"},"geometry":{"type":"LineString","coordinates":[[18.607667,49.944717],[18.607433,49.944694],[18.607236,49.944751],[18.606912,49.945084]]}},{"type":"Feature","properties":{"mode":"bus","n":14,"arr":["B14","C10","C15","R10","R11","S10","S12","S12A","S14","S15","W09","W10","W11","W36"],"lines":"B14, C10, C15, R10, R11, S10, S12, S12A, S14, S15, W09, W10, W11, 36"},"geometry":{"type":"LineString","coordinates":[[18.602667,49.951819],[18.602701,49.951783]]}},{"type":"Feature","properties":{"mode":"bus","n":21,"arr":["B10","B12","B13","B14","C10","C12","C13","C15","C19","M10","R10","R11","S10","S12","S12A","S14","S15","W09","W10","W11","W36"],"lines":"B10, B12, B13, B14, C10, C12, C13, C15, C19, M10, R10, R11, S10, S12, S12A, S14, S15, W09, W10, W11, 36"},"geometry":{"type":"LineString","coordinates":[[18.596651,49.95024],[18.597027,49.950309]]}},{"type":"Feature","properties":{"mode":"bus","n":23,"arr":["B10","B11","B12","B13","B14","C10","C11","C12","C13","C15","C19","M10","R10","R11","S10","S12","S12A","S14","S15","W09","W10","W11","W36"],"lines":"B10, B11, B12, B13, B14, C10, C11, C12, C13, C15, C19, M10, R10, R11, S10, S12, S12A, S14, S15, W09, W10, W11, 36"},"geometry":{"type":"LineString","coordinates":[[18.590656,49.949635],[18.591338,49.949665],[18.59302,49.949657],[18.593397,49.949673],[18.594144,49.949785],[18.596651,49.95024]]}},{"type":"Feature","properties":{"mode":"bus","n":14,"arr":["B10","B12","C12","C13","C15","M10","S10","S12","S12A","S14","S15","W09","W11","W36"],"lines":"B10, B12, C12, C13, C15, M10, S10, S12, S12A, S14, S15, W09, W11, 36"},"geometry":{"type":"LineString","coordinates":[[18.590121,49.949633],[18.590656,49.949635]]}},{"type":"Feature","properties":{"mode":"bus","n":13,"arr":["B10","B12","C12","C13","C18","M10","S12","S12A","S14","S16","W09","W11","W36"],"lines":"B10, B12, C12, C13, C18, M10, S12, S12A, S14, S16, W09, W11, 36"},"geometry":{"type":"LineString","coordinates":[[18.589531,49.949591],[18.589612,49.949605]]}},{"type":"Feature","properties":{"mode":"bus","n":12,"arr":["B10","C12","C13","C18","M10","S12","S12A","S14","S16","W09","W11","W36"],"lines":"B10, C12, C13, C18, M10, S12, S12A, S14, S16, W09, W11, 36"},"geometry":{"type":"LineString","coordinates":[[18.579154,49.945155],[18.584438,49.948224],[18.585312,49.948666],[18.586027,49.948937],[18.586785,49.949153],[18.587574,49.949299],[18.589531,49.949591]]}},{"type":"Feature","properties":{"mode":"bus","n":13,"arr":["B10","C12","C13","C16","C18","M10","S12","S12A","S14","S15","W09","W11","W36"],"lines":"B10, C12, C13, C16, C18, M10, S12, S12A, S14, S15, W09, W11, 36"},"geometry":{"type":"LineString","coordinates":[[18.576374,49.943981],[18.577038,49.944012],[18.577439,49.944117],[18.577725,49.944232],[18.579154,49.945155]]}},{"type":"Feature","properties":{"mode":"bus","n":16,"arr":["B10","C12","C13","C16","C18","M10","R10","R11","S11","S12","S12A","S14","S15","W09","W11","W36"],"lines":"B10, C12, C13, C16, C18, M10, R10, R11, S11, S12, S12A, S14, S15, W09, W11, 36"},"geometry":{"type":"LineString","coordinates":[[18.575545,49.943963],[18.576374,49.943981]]}},{"type":"Feature","properties":{"mode":"bus","n":17,"arr":["B10","C11","C12","C13","C16","C18","M10","R10","R11","S11","S12","S12A","S14","S15","W09","W11","W36"],"lines":"B10, C11, C12, C13, C16, C18, M10, R10, R11, S11, S12, S12A, S14, S15, W09, W11, 36"},"geometry":{"type":"LineString","coordinates":[[18.572256,49.944093],[18.572391,49.944064],[18.572834,49.944101],[18.573199,49.94407]]}},{"type":"Feature","properties":{"mode":"bus","n":11,"arr":["B10","B11","C11","C12","C16","C18","M10","S11","S13","W09","W36"],"lines":"B10, B11, C11, C12, C16, C18, M10, S11, S13, W09, 36"},"geometry":{"type":"LineString","coordinates":[[18.571258,49.943995],[18.571388,49.944023],[18.57181,49.94405],[18.571923,49.944098]]}},{"type":"Feature","properties":{"mode":"bus","n":5,"arr":["W10","W36","W52","W53","W59"],"lines":"W10, 36, 52, 53, 59"},"geometry":{"type":"LineString","coordinates":[[18.463628,50.00073],[18.46356,50.000787]]}},{"type":"Feature","properties":{"mode":"bus","n":9,"arr":["202","204","207","W36","W41","W42","W50","W51","W52"],"lines":"202, 204, 207, 36, 41, 42, 50, 51, 52"},"geometry":{"type":"LineString","coordinates":[[18.467279,50.00072],[18.467265,50.000861]]}},{"type":"Feature","properties":{"mode":"bus","n":15,"arr":["202","203","205","206","208","209","W09","W10","W11","W36","W41","W42","W50","W51","W52"],"lines":"202, 203, 205, 206, 208, 209, W09, W10, W11, 36, 41, 42, 50, 51, 52"},"geometry":{"type":"LineString","coordinates":[[18.470315,50.002007],[18.470263,50.001949],[18.469613,50.001641],[18.467683,50.000848],[18.467279,50.00072]]}},{"type":"Feature","properties":{"mode":"bus","n":15,"arr":["202","203","205","206","208","209","W09","W10","W11","W36","W41","W42","W50","W51","W52"],"lines":"202, 203, 205, 206, 208, 209, W09, W10, W11, 36, 41, 42, 50, 51, 52"},"geometry":{"type":"LineString","coordinates":[[18.471229,50.002611],[18.471419,50.002725],[18.471668,50.002957]]}},{"type":"Feature","properties":{"mode":"bus","n":14,"arr":["202","203","205","206","208","209","210","W10","W36","W41","W42","W50","W51","W52"],"lines":"202, 203, 205, 206, 208, 209, 210, W10, 36, 41, 42, 50, 51, 52"},"geometry":{"type":"LineString","coordinates":[[18.472625,50.004214],[18.472154,50.003529],[18.472109,50.003417]]}},{"type":"Feature","properties":{"mode":"bus","n":15,"arr":["202","203","205","206","207","208","209","210","W10","W36","W41","W42","W50","W51","W52"],"lines":"202, 203, 205, 206, 207, 208, 209, 210, W10, 36, 41, 42, 50, 51, 52"},"geometry":{"type":"LineString","coordinates":[[18.474639,50.007482],[18.472625,50.004214]]}},{"type":"Feature","properties":{"mode":"bus","n":8,"arr":["201","203","208","209","W10","W36","W41","W52"],"lines":"201, 203, 208, 209, W10, 36, 41, 52"},"geometry":{"type":"LineString","coordinates":[[18.475112,50.008262],[18.474984,50.007916]]}},{"type":"Feature","properties":{"mode":"bus","n":5,"arr":["202","207","W41","W42","W59"],"lines":"202, 207, 41, 42, 59"},"geometry":{"type":"LineString","coordinates":[[18.459175,50.009632],[18.458916,50.00956]]}},{"type":"Feature","properties":{"mode":"bus","n":5,"arr":["202","207","W41","W42","W59"],"lines":"202, 207, 41, 42, 59"},"geometry":{"type":"LineString","coordinates":[[18.448241,50.006787],[18.447619,50.006452]]}},{"type":"Feature","properties":{"mode":"bus","n":6,"arr":["201","202","204","210","W41","W42"],"lines":"201, 202, 204, 210, 41, 42"},"geometry":{"type":"LineString","coordinates":[[18.447485,50.006284],[18.438518,50.011403],[18.437999,50.011645],[18.437569,50.011811],[18.436615,50.012104]]}},{"type":"Feature","properties":{"mode":"bus","n":8,"arr":["201","202","204","210","W41","W42","W50","W52"],"lines":"201, 202, 204, 210, 41, 42, 50, 52"},"geometry":{"type":"LineString","coordinates":[[18.436615,50.012104],[18.436,50.01223],[18.435244,50.012303],[18.433036,50.012276],[18.423916,50.01206],[18.422738,50.012063],[18.422388,50.012086],[18.421872,50.012149],[18.420887,50.012363],[18.416161,50.014051]]}},{"type":"Feature","properties":{"mode":"bus","n":7,"arr":["201","202","204","210","W41","W50","W52"],"lines":"201, 202, 204, 210, 41, 50, 52"},"geometry":{"type":"LineString","coordinates":[[18.416161,50.014051],[18.415505,50.01429]]}},{"type":"Feature","properties":{"mode":"bus","n":6,"arr":["201","202","207","210","W41","W42"],"lines":"201, 202, 207, 210, 41, 42"},"geometry":{"type":"LineString","coordinates":[[18.447735,50.006386],[18.44762,50.006321],[18.447485,50.006284]]}},{"type":"Feature","properties":{"mode":"bus","n":7,"arr":["201","202","207","210","W41","W42","W59"],"lines":"201, 202, 207, 210, 41, 42, 59"},"geometry":{"type":"LineString","coordinates":[[18.459172,50.00951],[18.456056,50.008733],[18.448752,50.006828],[18.448356,50.006702],[18.448065,50.006579],[18.447735,50.006386]]}},{"type":"Feature","properties":{"mode":"bus","n":9,"arr":["201","202","205","206","207","210","W41","W42","W59"],"lines":"201, 202, 205, 206, 207, 210, 41, 42, 59"},"geometry":{"type":"LineString","coordinates":[[18.459245,50.009518],[18.459172,50.00951]]}},{"type":"Feature","properties":{"mode":"bus","n":9,"arr":["201","205","206","207","210","W41","W50","W51","W52"],"lines":"201, 205, 206, 207, 210, 41, 50, 51, 52"},"geometry":{"type":"LineString","coordinates":[[18.464359,50.010609],[18.463873,50.010581],[18.463149,50.010476],[18.460701,50.009899],[18.459579,50.009598]]}},{"type":"Feature","properties":{"mode":"bus","n":7,"arr":["205","206","207","210","W10","W41","W52"],"lines":"205, 206, 207, 210, W10, 41, 52"},"geometry":{"type":"LineString","coordinates":[[18.474477,50.007505],[18.474474,50.007351],[18.474398,50.007207]]}},{"type":"Feature","properties":{"mode":"bus","n":8,"arr":["201","207","W10","W41","W42","W50","W51","W52"],"lines":"201, 207, W10, 41, 42, 50, 51, 52"},"geometry":{"type":"LineString","coordinates":[[18.474398,50.007207],[18.474268,50.007001]]}},{"type":"Feature","properties":{"mode":"bus","n":9,"arr":["201","202","205","206","207","210","W42","W50","W51"],"lines":"201, 202, 205, 206, 207, 210, 42, 50, 51"},"geometry":{"type":"LineString","coordinates":[[18.473893,50.0076],[18.472119,50.007647],[18.471514,50.007679],[18.47095,50.007738]]}},{"type":"Feature","properties":{"mode":"bus","n":8,"arr":["202","205","206","207","210","W42","W50","W51"],"lines":"202, 205, 206, 207, 210, 42, 50, 51"},"geometry":{"type":"LineString","coordinates":[[18.47095,50.007738],[18.470483,50.00775]]}},{"type":"Feature","properties":{"mode":"bus","n":8,"arr":["201","205","206","207","210","W42","W50","W51"],"lines":"201, 205, 206, 207, 210, 42, 50, 51"},"geometry":{"type":"LineString","coordinates":[[18.473893,50.0076],[18.474092,50.007574],[18.474266,50.007487],[18.474353,50.007395],[18.474398,50.007207]]}},{"type":"Feature","properties":{"mode":"bus","n":6,"arr":["205","206","W50","W51","W52","W59"],"lines":"205, 206, 50, 51, 52, 59"},"geometry":{"type":"LineString","coordinates":[[18.459333,50.014141],[18.45928,50.013927],[18.459258,50.01354],[18.459679,50.011752],[18.459639,50.01149],[18.459276,50.010764],[18.459236,50.010553],[18.459249,50.010296]]}},{"type":"Feature","properties":{"mode":"bus","n":6,"arr":["205","206","W50","W51","W52","W59"],"lines":"205, 206, 50, 51, 52, 59"},"geometry":{"type":"LineString","coordinates":[[18.459403,50.009809],[18.45926,50.010261],[18.459257,50.010271],[18.459254,50.010276],[18.459252,50.010278],[18.45925,50.010276],[18.459249,50.01027],[18.459249,50.01026],[18.45925,50.009719]]}},{"type":"Feature","properties":{"mode":"bus","n":7,"arr":["201","205","206","207","210","W50","W51"],"lines":"201, 205, 206, 207, 210, 50, 51"},"geometry":{"type":"LineString","coordinates":[[18.465521,50.010364],[18.46499,50.010481],[18.464851,50.01053],[18.464359,50.010609]]}},{"type":"Feature","properties":{"mode":"bus","n":8,"arr":["201","202","205","206","207","210","W50","W51"],"lines":"201, 202, 205, 206, 207, 210, 50, 51"},"geometry":{"type":"LineString","coordinates":[[18.465521,50.010364],[18.465916,50.010274],[18.4664,50.010224],[18.466713,50.010215],[18.468151,50.010253],[18.468612,50.01024],[18.469056,50.010177],[18.469436,50.010063],[18.469631,50.009979],[18.470052,50.009717],[18.47019,50.009589],[18.470357,50.009346],[18.470449,50.009042],[18.470477,50.008815],[18.470417,50.008201]]}},{"type":"Feature","properties":{"mode":"bus","n":7,"arr":["201","202","205","206","207","W50","W51"],"lines":"201, 202, 205, 206, 207, 50, 51"},"geometry":{"type":"LineString","coordinates":[[18.470417,50.008201],[18.470462,50.007986]]}},{"type":"Feature","properties":{"mode":"bus","n":7,"arr":["202","205","206","W50","W51","W52","W59"],"lines":"202, 205, 206, 50, 51, 52, 59"},"geometry":{"type":"LineString","coordinates":[[18.459444,50.009742],[18.459403,50.009809]]}},{"type":"Feature","properties":{"mode":"bus","n":6,"arr":["201","202","203","204","210","W51"],"lines":"201, 202, 203, 204, 210, 51"},"geometry":{"type":"LineString","coordinates":[[18.398191,50.040524],[18.398109,50.040711]]}},{"type":"Feature","properties":{"mode":"bus","n":7,"arr":["201","202","203","204","210","W51","W52"],"lines":"201, 202, 203, 204, 210, 51, 52"},"geometry":{"type":"LineString","coordinates":[[18.397558,50.040408],[18.398191,50.040524]]}},{"type":"Feature","properties":{"mode":"bus","n":5,"arr":["201","202","204","210","W52"],"lines":"201, 202, 204, 210, 52"},"geometry":{"type":"LineString","coordinates":[[18.415505,50.01429],[18.414887,50.014524],[18.413933,50.014952],[18.41283,50.015614],[18.411835,50.016481],[18.411399,50.01694],[18.409662,50.019023],[18.406744,50.022434],[18.404249,50.025127],[18.403027,50.026533],[18.402369,50.027427],[18.400424,50.030672],[18.398976,50.032461],[18.398683,50.032865],[18.397823,50.033805],[18.397438,50.034343],[18.39703,50.035089],[18.39665,50.036199],[18.396163,50.036979],[18.39553,50.038106],[18.395109,50.038543],[18.394927,50.038786],[18.394813,50.038981],[18.394403,50.039934]]}},{"type":"Feature","properties":{"mode":"bus","n":5,"arr":["201","202","203","W10","W52"],"lines":"201, 202, 203, W10, 52"},"geometry":{"type":"LineString","coordinates":[[18.48005,50.019135],[18.475758,50.013496]]}},{"type":"Feature","properties":{"mode":"bus","n":5,"arr":["202","204","207","210","W59"],"lines":"202, 204, 207, 210, 59"},"geometry":{"type":"LineString","coordinates":[[18.447837,50.006093],[18.447485,50.006284]]}},{"type":"Feature","properties":{"mode":"bus","n":6,"arr":["201","202","204","207","210","W59"],"lines":"201, 202, 204, 207, 210, 59"},"geometry":{"type":"LineString","coordinates":[[18.458276,50.000873],[18.458031,50.000984],[18.45747,50.001308],[18.454894,50.002898],[18.453321,50.003831],[18.452262,50.004309],[18.448655,50.005721],[18.447837,50.006093]]}},{"type":"Feature","properties":{"mode":"bus","n":6,"arr":["201","202","203","205","206","210"],"lines":"201, 202, 203, 205, 206, 210"},"geometry":{"type":"LineString","coordinates":[[18.454404,50.046937],[18.454164,50.046958]]}},{"type":"Feature","properties":{"mode":"bus","n":5,"arr":["201","202","203","205","206"],"lines":"201, 202, 203, 205, 206"},"geometry":{"type":"LineString","coordinates":[[18.454879,50.046841],[18.454404,50.046937]]}},{"type":"Feature","properties":{"mode":"bus","n":5,"arr":["201","202","205","206","210"],"lines":"201, 202, 205, 206, 210"},"geometry":{"type":"LineString","coordinates":[[18.454164,50.046958],[18.454113,50.047048],[18.452483,50.048418],[18.451328,50.050583],[18.451186,50.050737],[18.450868,50.050898],[18.450488,50.051049],[18.447636,50.051883],[18.447049,50.0521],[18.44676,50.052291],[18.446429,50.052609],[18.446312,50.052743],[18.446245,50.052926]]}},{"type":"Feature","properties":{"mode":"bus","n":6,"arr":["201","202","204","205","206","207"],"lines":"201, 202, 204, 205, 206, 207"},"geometry":{"type":"LineString","coordinates":[[18.415338,50.056977],[18.415846,50.057203]]}},{"type":"Feature","properties":{"mode":"bus","n":11,"arr":["202","203","204","205","206","207","208","209","W09","W10","W11"],"lines":"202, 203, 204, 205, 206, 207, 208, 209, W09, W10, W11"},"geometry":{"type":"LineString","coordinates":[[18.467279,50.00072],[18.465692,50.000128],[18.464353,49.99969]]}},{"type":"Feature","properties":{"mode":"bus","n":6,"arr":["301","302","303","304","305","309"],"lines":"301, 302, 303, 304, 305, 309"},"geometry":{"type":"LineString","coordinates":[[18.663747,50.159645],[18.663691,50.159288],[18.663589,50.159003]]}},{"type":"Feature","properties":{"mode":"bus","n":5,"arr":["301","303","304","305","309"],"lines":"301, 303, 304, 305, 309"},"geometry":{"type":"LineString","coordinates":[[18.663549,50.163945],[18.663589,50.16379],[18.663616,50.163383],[18.663747,50.159645]]}},{"type":"Feature","properties":{"mode":"bus","n":5,"arr":["301","303","304","305","309"],"lines":"301, 303, 304, 305, 309"},"geometry":{"type":"LineString","coordinates":[[18.668739,50.160179],[18.669006,50.160243],[18.669027,50.160251],[18.669039,50.160261],[18.669041,50.160273],[18.669033,50.160288],[18.667573,50.16216],[18.667218,50.162515],[18.666902,50.162717],[18.665778,50.163309],[18.664107,50.163991]]}},{"type":"Feature","properties":{"mode":"bus","n":5,"arr":["307","B10","B12","L-1","L-4"],"lines":"307, B10, B12, L-1, L-4"},"geometry":{"type":"LineString","coordinates":[[18.691896,49.962862],[18.690647,49.964851],[18.690501,49.965038],[18.690354,49.965122],[18.690125,49.965171],[18.689343,49.965178],[18.689312,49.965183],[18.689293,49.965195],[18.689288,49.965215],[18.689291,49.965453],[18.689298,49.965473],[18.689317,49.965485],[18.689348,49.965489],[18.690126,49.965486],[18.690378,49.965447],[18.690408,49.965438],[18.690426,49.965423],[18.690432,49.965402],[18.690434,49.965219],[18.690354,49.965122]]}},{"type":"Feature","properties":{"mode":"bus","n":7,"arr":["307","B10","B11","B12","L-1","L-4","L-6"],"lines":"307, B10, B11, B12, L-1, L-4, L-6"},"geometry":{"type":"LineString","coordinates":[[18.704332,49.959523],[18.713057,49.960533],[18.716352,49.961005]]}},{"type":"Feature","properties":{"mode":"bus","n":11,"arr":["307","B10","B11","B12","L-1","L-2","L-3","L-4","L-5","L-6","L-7"],"lines":"307, B10, B11, B12, L-1, L-2, L-3, L-4, L-5, L-6, L-7"},"geometry":{"type":"LineString","coordinates":[[18.71799,49.963866],[18.717979,49.963938],[18.71798,49.963954],[18.717989,49.963966],[18.718006,49.963973],[18.71803,49.963976],[18.718222,49.963983],[18.718254,49.96398],[18.718273,49.963969],[18.718281,49.963949],[18.718321,49.963505]]}},{"type":"Feature","properties":{"mode":"bus","n":10,"arr":["307","B10","B11","B12","L-1","L-2","L-4","L-5","L-6","L-7"],"lines":"307, B10, B11, B12, L-1, L-2, L-4, L-5, L-6, L-7"},"geometry":{"type":"LineString","coordinates":[[18.718321,49.963505],[18.718308,49.963001],[18.718364,49.962883]]}},{"type":"Feature","properties":{"mode":"bus","n":8,"arr":["307","B10","B11","B12","L-3","L-4","L-5","L-6"],"lines":"307, B10, B11, B12, L-3, L-4, L-5, L-6"},"geometry":{"type":"LineString","coordinates":[[18.718278,49.963985],[18.718229,49.96428]]}},{"type":"Feature","properties":{"mode":"bus","n":7,"arr":["307","B10","B11","B12","L-3","L-4","L-6"],"lines":"307, B10, B11, B12, L-3, L-4, L-6"},"geometry":{"type":"LineString","coordinates":[[18.717873,49.964311],[18.718229,49.96428]]}},{"type":"Feature","properties":{"mode":"bus","n":5,"arr":["307","B10","B11","B12","L-6"],"lines":"307, B10, B11, B12, L-6"},"geometry":{"type":"LineString","coordinates":[[18.717601,49.963918],[18.717533,49.964286],[18.717553,49.96432],[18.7176,49.964336],[18.717873,49.964311]]}},{"type":"Feature","properties":{"mode":"bus","n":8,"arr":["307","B10","B11","B12","L-3","L-4","L-5","L-7"],"lines":"307, B10, B11, B12, L-3, L-4, L-5, L-7"},"geometry":{"type":"LineString","coordinates":[[18.717928,49.963571],[18.717882,49.963858]]}},{"type":"Feature","properties":{"mode":"bus","n":9,"arr":["307","B10","B11","B12","L-3","L-4","L-5","L-6","L-7"],"lines":"307, B10, B11, B12, L-3, L-4, L-5, L-6, L-7"},"geometry":{"type":"LineString","coordinates":[[18.717882,49.963858],[18.71799,49.963866]]}},{"type":"Feature","properties":{"mode":"bus","n":6,"arr":["307","B10","B11","B12","L-4","L-6"],"lines":"307, B10, B11, B12, L-4, L-6"},"geometry":{"type":"LineString","coordinates":[[18.717197,49.961128],[18.717794,49.961257]]}},{"type":"Feature","properties":{"mode":"bus","n":9,"arr":["B10","B11","C11","C16","C18","M10","S11","S13","W09"],"lines":"B10, B11, C11, C16, C18, M10, S11, S13, W09"},"geometry":{"type":"LineString","coordinates":[[18.564601,49.943382],[18.564694,49.943396],[18.564768,49.943437],[18.565056,49.94371]]}},{"type":"Feature","properties":{"mode":"bus","n":5,"arr":["C11","C16","M10","S11","W09"],"lines":"C11, C16, M10, S11, W09"},"geometry":{"type":"LineString","coordinates":[[18.56439,49.943466],[18.564455,49.943419],[18.564601,49.943382]]}},{"type":"Feature","properties":{"mode":"bus","n":8,"arr":["B10","B11","C11","C12","C14","C16","C18","S13"],"lines":"B10, B11, C11, C12, C14, C16, C18, S13"},"geometry":{"type":"LineString","coordinates":[[18.556532,49.942457],[18.557023,49.943034],[18.557514,49.943756],[18.557607,49.944052],[18.557615,49.944908],[18.557648,49.945063],[18.557666,49.945094],[18.557707,49.945113],[18.565186,49.947137],[18.56521,49.947141],[18.565229,49.947139],[18.565244,49.947131],[18.565254,49.947116],[18.56578,49.945957],[18.566089,49.945553],[18.566388,49.945221],[18.567149,49.944536],[18.567601,49.944292]]}},{"type":"Feature","properties":{"mode":"bus","n":6,"arr":["B10","B11","C11","C14","C18","S13"],"lines":"B10, B11, C11, C14, C18, S13"},"geometry":{"type":"LineString","coordinates":[[18.567601,49.944292],[18.567785,49.944147],[18.567968,49.943857]]}},{"type":"Feature","properties":{"mode":"bus","n":20,"arr":["B10","B11","B13","B14","C11","C12","C13","C14","C16","C18","M10","R10","R11","S11","S12","S12A","S13","S15","W09","W11"],"lines":"B10, B11, B13, B14, C11, C12, C13, C14, C16, C18, M10, R10, R11, S11, S12, S12A, S13, S15, W09, W11"},"geometry":{"type":"LineString","coordinates":[[18.573497,49.94515],[18.573677,49.945268]]}},{"type":"Feature","properties":{"mode":"bus","n":21,"arr":["B10","B11","B13","B14","C11","C12","C13","C14","C16","C18","M10","R10","R11","S11","S12","S12A","S13","S14","S15","W09","W11"],"lines":"B10, B11, B13, B14, C11, C12, C13, C14, C16, C18, M10, R10, R11, S11, S12, S12A, S13, S14, S15, W09, W11"},"geometry":{"type":"LineString","coordinates":[[18.573677,49.945268],[18.573798,49.945489],[18.573712,49.945608],[18.573572,49.945683]]}},{"type":"Feature","properties":{"mode":"bus","n":20,"arr":["B10","B11","B13","B14","C11","C12","C13","C14","C18","M10","R10","R11","S11","S12","S12A","S13","S14","S15","W09","W11"],"lines":"B10, B11, B13, B14, C11, C12, C13, C14, C18, M10, R10, R11, S11, S12, S12A, S13, S14, S15, W09, W11"},"geometry":{"type":"LineString","coordinates":[[18.57259,49.944814],[18.573572,49.945683]]}},{"type":"Feature","properties":{"mode":"bus","n":15,"arr":["B10","B12","B13","C10","C12","C15","C19","M10","S10","S12","S12A","S13","S14","S15","W11"],"lines":"B10, B12, B13, C10, C12, C15, C19, M10, S10, S12, S12A, S13, S14, S15, W11"},"geometry":{"type":"LineString","coordinates":[[18.601925,49.951635],[18.602097,49.951699]]}},{"type":"Feature","properties":{"mode":"bus","n":15,"arr":["B10","B12","B13","C10","C12","C15","C19","M10","S10","S12","S12A","S13","S14","S15","W11"],"lines":"B10, B12, B13, C10, C12, C15, C19, M10, S10, S12, S12A, S13, S14, S15, W11"},"geometry":{"type":"LineString","coordinates":[[18.602555,49.952086],[18.602878,49.952268]]}},{"type":"Feature","properties":{"mode":"bus","n":16,"arr":["B10","B11","B12","B13","C10","C12","C15","C19","M10","S10","S12","S12A","S13","S14","S15","W11"],"lines":"B10, B11, B12, B13, C10, C12, C15, C19, M10, S10, S12, S12A, S13, S14, S15, W11"},"geometry":{"type":"LineString","coordinates":[[18.602097,49.951699],[18.602134,49.951714]]}},{"type":"Feature","properties":{"mode":"bus","n":8,"arr":["B10","B12","C10","C11","C12","C19","M10","S16"],"lines":"B10, B12, C10, C11, C12, C19, M10, S16"},"geometry":{"type":"LineString","coordinates":[[18.613996,49.954668],[18.614068,49.954598]]}},{"type":"Feature","properties":{"mode":"bus","n":13,"arr":["B10","B11","B13","C15","S10","S11","S12","S12A","S13","S14","S15","S16","W11"],"lines":"B10, B11, B13, C15, S10, S11, S12, S12A, S13, S14, S15, S16, W11"},"geometry":{"type":"LineString","coordinates":[[18.619704,49.95876],[18.620682,49.957924],[18.620852,49.957653],[18.620914,49.957423],[18.620911,49.957149],[18.620846,49.956934],[18.620752,49.956761],[18.620452,49.956437],[18.619918,49.956019],[18.619473,49.95574],[18.619278,49.955648],[18.618627,49.955425],[18.617708,49.955268],[18.614794,49.954986],[18.614356,49.954898],[18.614016,49.954791]]}},{"type":"Feature","properties":{"mode":"bus","n":13,"arr":["B10","B11","B13","C15","S10","S11","S12","S12A","S13","S14","S15","S16","W11"],"lines":"B10, B11, B13, C15, S10, S11, S12, S12A, S13, S14, S15, S16, W11"},"geometry":{"type":"LineString","coordinates":[[18.613926,49.954892],[18.614296,49.954997],[18.614763,49.955084],[18.617402,49.955321],[18.618181,49.955419],[18.618522,49.95549],[18.618881,49.955601],[18.61943,49.955845],[18.619631,49.955966],[18.620315,49.956479],[18.62047,49.95664],[18.620671,49.956975],[18.620728,49.957385],[18.620651,49.957665],[18.620555,49.957848],[18.61951,49.958749]]}},{"type":"Feature","properties":{"mode":"bus","n":13,"arr":["B10","B11","B13","C15","S10","S11","S12","S12A","S13","S14","S15","S16","W11"],"lines":"B10, B11, B13, C15, S10, S11, S12, S12A, S13, S14, S15, S16, W11"},"geometry":{"type":"LineString","coordinates":[[18.619386,49.958936],[18.619438,49.958974]]}},{"type":"Feature","properties":{"mode":"bus","n":12,"arr":["B10","B11","B13","S10","S11","S12","S12A","S13","S14","S15","S16","W11"],"lines":"B10, B11, B13, S10, S11, S12, S12A, S13, S14, S15, S16, W11"},"geometry":{"type":"LineString","coordinates":[[18.622974,49.961188],[18.619804,49.959083],[18.619679,49.958904],[18.619704,49.95876]]}},{"type":"Feature","properties":{"mode":"bus","n":12,"arr":["B10","B11","B13","S10","S11","S12","S12A","S13","S14","S15","S16","W11"],"lines":"B10, B11, B13, S10, S11, S12, S12A, S13, S14, S15, S16, W11"},"geometry":{"type":"LineString","coordinates":[[18.61951,49.958749],[18.619424,49.958816],[18.619386,49.958936]]}},{"type":"Feature","properties":{"mode":"bus","n":12,"arr":["B10","B11","B13","S10","S11","S12","S12A","S13","S14","S15","S16","W11"],"lines":"B10, B11, B13, S10, S11, S12, S12A, S13, S14, S15, S16, W11"},"geometry":{"type":"LineString","coordinates":[[18.619438,49.958974],[18.622841,49.961232]]}},{"type":"Feature","properties":{"mode":"bus","n":18,"arr":["B10","B11","B12","B13","C10","C11","C12","C15","C19","M10","S10","S11","S12","S12A","S13","S14","S15","W11"],"lines":"B10, B11, B12, B13, C10, C11, C12, C15, C19, M10, S10, S11, S12, S12A, S13, S14, S15, W11"},"geometry":{"type":"LineString","coordinates":[[18.602878,49.952268],[18.603401,49.952539],[18.603755,49.95267],[18.604124,49.952768],[18.604626,49.952839],[18.605054,49.952863],[18.609547,49.952741],[18.609887,49.952755],[18.610428,49.952839],[18.610948,49.952987],[18.611185,49.953091],[18.61144,49.953243],[18.613137,49.954502]]}},{"type":"Feature","properties":{"mode":"bus","n":6,"arr":["B10","B11","C12","C16","C18","S13"],"lines":"B10, B11, C12, C16, C18, S13"},"geometry":{"type":"LineString","coordinates":[[18.567601,49.944292],[18.567728,49.944257],[18.567872,49.94416],[18.568047,49.944005],[18.568115,49.943862]]}},{"type":"Feature","properties":{"mode":"bus","n":7,"arr":["B10","B11","C16","C18","M10","S13","W09"],"lines":"B10, B11, C16, C18, M10, S13, W09"},"geometry":{"type":"LineString","coordinates":[[18.564253,49.943534],[18.564149,49.943584]]}},{"type":"Feature","properties":{"mode":"bus","n":6,"arr":["B10","B11","C16","C18","M10","W09"],"lines":"B10, B11, C16, C18, M10, W09"},"geometry":{"type":"LineString","coordinates":[[18.564253,49.943534],[18.56439,49.943466]]}},{"type":"Feature","properties":{"mode":"bus","n":7,"arr":["B10","B11","C11","C18","M10","S11","W09"],"lines":"B10, B11, C11, C18, M10, S11, W09"},"geometry":{"type":"LineString","coordinates":[[18.56439,49.943466],[18.564376,49.943566],[18.564406,49.943639]]}},{"type":"Feature","properties":{"mode":"bus","n":5,"arr":["B11","C11","C16","S11","S13"],"lines":"B11, C11, C16, S11, S13"},"geometry":{"type":"LineString","coordinates":[[18.602117,49.95531],[18.602067,49.955424],[18.602055,49.955573],[18.602062,49.955607],[18.602091,49.955635],[18.602189,49.955701]]}},{"type":"Feature","properties":{"mode":"bus","n":9,"arr":["B11","B13","B14","C10","C11","C19","R10","R11","W10"],"lines":"B11, B13, B14, C10, C11, C19, R10, R11, W10"},"geometry":{"type":"LineString","coordinates":[[18.589701,49.949843],[18.589928,49.949836],[18.590251,49.949694],[18.590656,49.949635]]}},{"type":"Feature","properties":{"mode":"bus","n":10,"arr":["B11","B13","B14","C10","C11","C17","C19","R10","R11","W10"],"lines":"B11, B13, B14, C10, C11, C17, C19, R10, R11, W10"},"geometry":{"type":"LineString","coordinates":[[18.588998,49.949902],[18.589556,49.94991],[18.589701,49.949843]]}},{"type":"Feature","properties":{"mode":"bus","n":10,"arr":["B11","B13","B14","C10","C11","C17","C19","R10","R11","W10"],"lines":"B11, B13, B14, C10, C11, C17, C19, R10, R11, W10"},"geometry":{"type":"LineString","coordinates":[[18.575124,49.950453],[18.57557,49.950474]]}},{"type":"Feature","properties":{"mode":"bus","n":11,"arr":["B11","B13","B14","C10","C11","C16","C17","C19","R10","R11","W10"],"lines":"B11, B13, B14, C10, C11, C16, C17, C19, R10, R11, W10"},"geometry":{"type":"LineString","coordinates":[[18.57557,49.950474],[18.575797,49.950494],[18.576031,49.950487],[18.576243,49.950429],[18.576422,49.950302],[18.576553,49.950152],[18.57742,49.948956],[18.577747,49.948814],[18.577979,49.94876],[18.578392,49.948716],[18.578913,49.948723],[18.579372,49.94878],[18.579639,49.948837],[18.581373,49.949395],[18.582923,49.94994],[18.583433,49.950144],[18.583563,49.950159],[18.583816,49.950162],[18.584552,49.950068],[18.585016,49.95007],[18.586124,49.95026],[18.58673,49.950278],[18.587196,49.950207],[18.587707,49.95007],[18.58834,49.949943],[18.588655,49.949906],[18.588998,49.949902]]}},{"type":"Feature","properties":{"mode":"bus","n":9,"arr":["B11","B14","C17","C19","R10","R11","S11","S13","W10"],"lines":"B11, B14, C17, C19, R10, R11, S11, S13, W10"},"geometry":{"type":"LineString","coordinates":[[18.57482,49.950214],[18.574831,49.950239]]}},{"type":"Feature","properties":{"mode":"bus","n":6,"arr":["B11","B14","R10","R11","S11","S13"],"lines":"B11, B14, R10, R11, S11, S13"},"geometry":{"type":"LineString","coordinates":[[18.57482,49.950214],[18.574795,49.950089],[18.57488,49.950005]]}},{"type":"Feature","properties":{"mode":"bus","n":9,"arr":["B11","B13","B14","C13","C16","R10","R11","S11","S13"],"lines":"B11, B13, B14, C13, C16, R10, R11, S11, S13"},"geometry":{"type":"LineString","coordinates":[[18.574312,49.947836],[18.574509,49.948131],[18.575234,49.948855],[18.57541,49.949058],[18.575463,49.94916],[18.575473,49.949275],[18.575411,49.949442],[18.57488,49.950005]]}},{"type":"Feature","properties":{"mode":"bus","n":10,"arr":["B11","B13","B14","C11","C13","C16","R10","R11","S11","S13"],"lines":"B11, B13, B14, C11, C13, C16, R10, R11, S11, S13"},"geometry":{"type":"LineString","coordinates":[[18.573572,49.945683],[18.5739,49.945976],[18.574027,49.946194],[18.574078,49.946433],[18.574145,49.947236],[18.574312,49.947836]]}},{"type":"Feature","properties":{"mode":"bus","n":7,"arr":["B11","B13","B14","C13","C16","S11","S13"],"lines":"B11, B13, B14, C13, C16, S11, S13"},"geometry":{"type":"LineString","coordinates":[[18.57488,49.950005],[18.57487,49.950103],[18.574899,49.950158],[18.575023,49.950225]]}},{"type":"Feature","properties":{"mode":"bus","n":8,"arr":["B11","B13","B14","C10","C16","C17","C19","W10"],"lines":"B11, B13, B14, C10, C16, C17, C19, W10"},"geometry":{"type":"LineString","coordinates":[[18.575146,49.950292],[18.575262,49.95037],[18.57557,49.950474]]}},{"type":"Feature","properties":{"mode":"bus","n":8,"arr":["B11","B13","B14","C10","C16","C17","C19","W10"],"lines":"B11, B13, B14, C10, C16, C17, C19, W10"},"geometry":{"type":"LineString","coordinates":[[18.589685,49.949686],[18.589636,49.949795],[18.589548,49.949848],[18.588998,49.949902]]}},{"type":"Feature","properties":{"mode":"bus","n":13,"arr":["B11","B12","C10","C15","C16","C19","M10","S12","S12A","S14","S15","S16","W11"],"lines":"B11, B12, C10, C15, C16, C19, M10, S12, S12A, S14, S15, S16, W11"},"geometry":{"type":"LineString","coordinates":[[18.613911,49.954598],[18.614007,49.954534]]}},{"type":"Feature","properties":{"mode":"bus","n":18,"arr":["B12","B14","B15","C10","C11","C12","C14","C16","C17","C18","C19","M10","R10","R11","S10","S16","W09","W10"],"lines":"B12, B14, B15, C10, C11, C12, C14, C16, C17, C18, C19, M10, R10, R11, S10, S16, W09, W10"},"geometry":{"type":"LineString","coordinates":[[18.610062,49.945437],[18.609716,49.945416]]}},{"type":"Feature","properties":{"mode":"bus","n":18,"arr":["B12","B14","B15","C10","C11","C12","C14","C16","C17","C18","C19","M10","R10","R11","S10","S16","W09","W10"],"lines":"B12, B14, B15, C10, C11, C12, C14, C16, C17, C18, C19, M10, R10, R11, S10, S16, W09, W10"},"geometry":{"type":"LineString","coordinates":[[18.609196,49.945462],[18.609382,49.945456],[18.609496,49.945423]]}},{"type":"Feature","properties":{"mode":"bus","n":13,"arr":["B12","B14","B15","C11","C12","C14","C16","C17","C18","R10","R11","S10","S16"],"lines":"B12, B14, B15, C11, C12, C14, C16, C17, C18, R10, R11, S10, S16"},"geometry":{"type":"LineString","coordinates":[[18.609579,49.945406],[18.609716,49.945416]]}},{"type":"Feature","properties":{"mode":"bus","n":16,"arr":["B12","B14","B15","C10","C11","C12","C14","C16","C17","C18","C19","M10","R10","R11","S10","S16"],"lines":"B12, B14, B15, C10, C11, C12, C14, C16, C17, C18, C19, M10, R10, R11, S10, S16"},"geometry":{"type":"LineString","coordinates":[[18.609496,49.945423],[18.609579,49.945406]]}},{"type":"Feature","properties":{"mode":"bus","n":10,"arr":["B12","B15","C14","C16","C17","C18","R10","R11","S10","S16"],"lines":"B12, B15, C14, C16, C17, C18, R10, R11, S10, S16"},"geometry":{"type":"LineString","coordinates":[[18.607667,49.944717],[18.606738,49.944026],[18.606603,49.943895]]}},{"type":"Feature","properties":{"mode":"bus","n":10,"arr":["B12","B15","C14","C16","C17","C18","R10","R11","S10","S16"],"lines":"B12, B15, C14, C16, C17, C18, R10, R11, S10, S16"},"geometry":{"type":"LineString","coordinates":[[18.600276,49.940743],[18.599888,49.940725],[18.599159,49.940624]]}},{"type":"Feature","properties":{"mode":"bus","n":12,"arr":["B12","B15","C11","C12","C14","C16","C17","C18","R10","R11","S10","S16"],"lines":"B12, B15, C11, C12, C14, C16, C17, C18, R10, R11, S10, S16"},"geometry":{"type":"LineString","coordinates":[[18.606603,49.943895],[18.60474,49.942445],[18.604606,49.942348],[18.604204,49.942142],[18.602757,49.941595],[18.600649,49.940838],[18.600276,49.940743]]}},{"type":"Feature","properties":{"mode":"bus","n":5,"arr":["B12","C16","C17","C18","S16"],"lines":"B12, C16, C17, C18, S16"},"geometry":{"type":"LineString","coordinates":[[18.599159,49.940624],[18.599034,49.940672],[18.598996,49.940694],[18.598978,49.940726],[18.598851,49.941306]]}},{"type":"Feature","properties":{"mode":"bus","n":6,"arr":["B12","C11","C16","C17","C18","S16"],"lines":"B12, C11, C16, C17, C18, S16"},"geometry":{"type":"LineString","coordinates":[[18.598851,49.941306],[18.598733,49.942334],[18.598729,49.942347],[18.598719,49.942355],[18.598704,49.94236],[18.598683,49.94236],[18.598596,49.942353],[18.597764,49.942217],[18.596399,49.941913],[18.594411,49.941094],[18.593102,49.940729],[18.592361,49.940582]]}},{"type":"Feature","properties":{"mode":"bus","n":7,"arr":["B12","C15","C17","C18","S10","S15","S16"],"lines":"B12, C15, C17, C18, S10, S15, S16"},"geometry":{"type":"LineString","coordinates":[[18.592361,49.940582],[18.59125,49.943073],[18.590849,49.944076],[18.590788,49.944396],[18.590783,49.944682],[18.590833,49.945969],[18.590646,49.946886],[18.590635,49.947145],[18.590827,49.947724],[18.590849,49.948009],[18.590817,49.948303],[18.590736,49.948518],[18.590651,49.948648],[18.590232,49.949175]]}},{"type":"Feature","properties":{"mode":"bus","n":7,"arr":["B12","C15","C17","C18","S10","S15","S16"],"lines":"B12, C15, C17, C18, S10, S15, S16"},"geometry":{"type":"LineString","coordinates":[[18.590081,49.949442],[18.590213,49.949209],[18.590218,49.949199],[18.590219,49.949193],[18.590218,49.94919],[18.590213,49.94919],[18.590205,49.949194],[18.590194,49.949201],[18.590006,49.949329]]}},{"type":"Feature","properties":{"mode":"bus","n":8,"arr":["B12","C10","C11","C12","C16","C19","M10","S16"],"lines":"B12, C10, C11, C12, C16, C19, M10, S16"},"geometry":{"type":"LineString","coordinates":[[18.614524,49.95446],[18.615409,49.954389],[18.616143,49.954247],[18.616368,49.954172],[18.616554,49.954089],[18.617061,49.953715],[18.617171,49.953603],[18.617311,49.953367]]}},{"type":"Feature","properties":{"mode":"bus","n":8,"arr":["B12","C10","C11","C12","C16","C19","M10","S16"],"lines":"B12, C10, C11, C12, C16, C19, M10, S16"},"geometry":{"type":"LineString","coordinates":[[18.617868,49.952759],[18.618683,49.952174],[18.618975,49.952002],[18.621658,49.950844],[18.622209,49.950227],[18.62271,49.9498]]}},{"type":"Feature","properties":{"mode":"bus","n":5,"arr":["C10","C16","C19","M10","S16"],"lines":"C10, C16, C19, M10, S16"},"geometry":{"type":"LineString","coordinates":[[18.623019,49.949501],[18.623117,49.94939],[18.623201,49.949181],[18.623201,49.948928],[18.62312,49.948708]]}},{"type":"Feature","properties":{"mode":"bus","n":20,"arr":["B12","B13","B14","C10","C14","C15","C16","C17","C18","C19","M10","S10","S12","S12A","S14","S15","S16","W09","W10","W11"],"lines":"B12, B13, B14, C10, C14, C15, C16, C17, C18, C19, M10, S10, S12, S12A, S14, S15, S16, W09, W10, W11"},"geometry":{"type":"LineString","coordinates":[[18.589942,49.949387],[18.590006,49.949329]]}},{"type":"Feature","properties":{"mode":"bus","n":5,"arr":["B12","C11","C17","C18","S16"],"lines":"B12, C11, C17, C18, S16"},"geometry":{"type":"LineString","coordinates":[[18.598851,49.941306],[18.598816,49.940738],[18.598849,49.940651],[18.598918,49.940586]]}},{"type":"Feature","properties":{"mode":"bus","n":10,"arr":["B12","B15","C11","C12","C17","C18","R10","R11","S10","S16"],"lines":"B12, B15, C11, C12, C17, C18, R10, R11, S10, S16"},"geometry":{"type":"LineString","coordinates":[[18.600276,49.940743],[18.600021,49.940684],[18.599073,49.940537]]}},{"type":"Feature","properties":{"mode":"bus","n":9,"arr":["B12","B15","C11","C12","C17","C18","R10","R11","S10"],"lines":"B12, B15, C11, C12, C17, C18, R10, R11, S10"},"geometry":{"type":"LineString","coordinates":[[18.607293,49.944356],[18.606836,49.943992],[18.606603,49.943895]]}},{"type":"Feature","properties":{"mode":"bus","n":13,"arr":["B12","B14","B15","C11","C12","C14","C17","C18","R10","R11","S10","W09","W10"],"lines":"B12, B14, B15, C11, C12, C14, C17, C18, R10, R11, S10, W09, W10"},"geometry":{"type":"LineString","coordinates":[[18.607436,49.944472],[18.607293,49.944356]]}},{"type":"Feature","properties":{"mode":"bus","n":18,"arr":["B12","B14","B15","C10","C11","C12","C13","C14","C17","C18","C19","M10","R10","R11","S10","S16","W09","W10"],"lines":"B12, B14, B15, C10, C11, C12, C13, C14, C17, C18, C19, M10, R10, R11, S10, S16, W09, W10"},"geometry":{"type":"LineString","coordinates":[[18.609156,49.945188],[18.609642,49.945238],[18.60979,49.94522],[18.610577,49.945263]]}},{"type":"Feature","properties":{"mode":"bus","n":15,"arr":["B12","B14","B15","C11","C12","C13","C14","C17","C18","R10","R11","S10","S16","W09","W10"],"lines":"B12, B14, B15, C11, C12, C13, C14, C17, C18, R10, R11, S10, S16, W09, W10"},"geometry":{"type":"LineString","coordinates":[[18.610577,49.945263],[18.610763,49.945348]]}},{"type":"Feature","properties":{"mode":"bus","n":16,"arr":["B12","B14","B15","C11","C12","C13","C14","C17","C18","C19","R10","R11","S10","S16","W09","W10"],"lines":"B12, B14, B15, C11, C12, C13, C14, C17, C18, C19, R10, R11, S10, S16, W09, W10"},"geometry":{"type":"LineString","coordinates":[[18.610811,49.945428],[18.610763,49.945348]]}},{"type":"Feature","properties":{"mode":"bus","n":19,"arr":["B12","B14","B15","C10","C11","C12","C13","C14","C16","C17","C18","C19","M10","R10","R11","S10","S16","W09","W10"],"lines":"B12, B14, B15, C10, C11, C12, C13, C14, C16, C17, C18, C19, M10, R10, R11, S10, S16, W09, W10"},"geometry":{"type":"LineString","coordinates":[[18.610811,49.945428],[18.610729,49.945549],[18.610646,49.945597],[18.6106,49.945614],[18.610548,49.945619],[18.610477,49.945615],[18.610444,49.94561],[18.610419,49.945598],[18.610403,49.945579],[18.610337,49.945458]]}},{"type":"Feature","properties":{"mode":"bus","n":17,"arr":["B12","B14","B15","C10","C11","C12","C14","C16","C17","C18","C19","M10","R10","R11","S16","W09","W10"],"lines":"B12, B14, B15, C10, C11, C12, C14, C16, C17, C18, C19, M10, R10, R11, S16, W09, W10"},"geometry":{"type":"LineString","coordinates":[[18.610337,49.945458],[18.610062,49.945437]]}},{"type":"Feature","properties":{"mode":"bus","n":5,"arr":["B14","C10","C16","M10","S16"],"lines":"B14, C10, C16, M10, S16"},"geometry":{"type":"LineString","coordinates":[[18.61093,49.945361],[18.610811,49.945428]]}},{"type":"Feature","properties":{"mode":"bus","n":8,"arr":["B14","C10","C11","C12","C16","C19","M10","S16"],"lines":"B14, C10, C11, C12, C16, C19, M10, S16"},"geometry":{"type":"LineString","coordinates":[[18.62312,49.948708],[18.622437,49.947639],[18.622188,49.947381],[18.62202,49.947244],[18.621415,49.946911],[18.621258,49.946835],[18.620657,49.946636],[18.619983,49.946464],[18.619414,49.946353],[18.618994,49.946298],[18.61497,49.946128],[18.614427,49.946035],[18.61411,49.945949],[18.613064,49.945574],[18.612532,49.945445],[18.612202,49.945414]]}},{"type":"Feature","properties":{"mode":"bus","n":5,"arr":["B15","C12","R10","R11","S10"],"lines":"B15, C12, R10, R11, S10"},"geometry":{"type":"LineString","coordinates":[[18.598812,49.940497],[18.598263,49.940414],[18.597673,49.940279],[18.596238,49.939859],[18.59447,49.939386],[18.593162,49.938953]]}},{"type":"Feature","properties":{"mode":"bus","n":7,"arr":["B15","C11","C12","C17","R10","R11","S10"],"lines":"B15, C11, C12, C17, R10, R11, S10"},"geometry":{"type":"LineString","coordinates":[[18.598946,49.940518],[18.598812,49.940497]]}},{"type":"Feature","properties":{"mode":"bus","n":8,"arr":["B15","C11","C12","C17","C18","R10","R11","S10"],"lines":"B15, C11, C12, C17, C18, R10, R11, S10"},"geometry":{"type":"LineString","coordinates":[[18.599073,49.940537],[18.598946,49.940518]]}},{"type":"Feature","properties":{"mode":"bus","n":6,"arr":["C10","C11","C12","C19","M10","S16"],"lines":"C10, C11, C12, C19, M10, S16"},"geometry":{"type":"LineString","coordinates":[[18.611388,49.945296],[18.610577,49.945263]]}},{"type":"Feature","properties":{"mode":"bus","n":7,"arr":["C10","C13","C17","C19","S11","S13","W10"],"lines":"C10, C13, C17, C19, S11, S13, W10"},"geometry":{"type":"LineString","coordinates":[[18.5747,49.950786],[18.574967,49.950507]]}},{"type":"Feature","properties":{"mode":"bus","n":7,"arr":["C10","C13","C17","C19","S11","S13","W10"],"lines":"C10, C13, C17, C19, S11, S13, W10"},"geometry":{"type":"LineString","coordinates":[[18.574968,49.95449],[18.574967,49.954262]]}},{"type":"Feature","properties":{"mode":"bus","n":7,"arr":["C10","C13","C17","C19","S11","S13","W10"],"lines":"C10, C13, C17, C19, S11, S13, W10"},"geometry":{"type":"LineString","coordinates":[[18.574798,49.95047],[18.574813,49.950567],[18.574782,49.950646],[18.574314,49.951293],[18.574235,49.951438],[18.574207,49.951632],[18.574291,49.951866],[18.574829,49.952471],[18.575131,49.952919],[18.575151,49.953106],[18.575111,49.953557],[18.574967,49.954262],[18.574867,49.954443]]}},{"type":"Feature","properties":{"mode":"bus","n":5,"arr":["C10","C13","C15","C17","S13"],"lines":"C10, C13, C15, C17, S13"},"geometry":{"type":"LineString","coordinates":[[18.576197,49.955355],[18.57637,49.955038]]}},{"type":"Feature","properties":{"mode":"bus","n":5,"arr":["C10","C13","C15","C17","S13"],"lines":"C10, C13, C15, C17, S13"},"geometry":{"type":"LineString","coordinates":[[18.576093,49.954979],[18.576185,49.955058],[18.576197,49.955355],[18.574988,49.957426],[18.574791,49.95787],[18.574488,49.958735],[18.574514,49.959104],[18.574597,49.95934],[18.57509,49.960163],[18.575274,49.960526],[18.575357,49.960801],[18.575662,49.962407],[18.575642,49.964098],[18.575377,49.966416],[18.575372,49.966431],[18.575361,49.96644],[18.575343,49.966443],[18.57532,49.96644],[18.575046,49.966381],[18.575016,49.96637],[18.574998,49.966354],[18.574992,49.966333],[18.574987,49.96614],[18.574848,49.965704],[18.574572,49.965272],[18.573928,49.964539],[18.573913,49.964527],[18.573896,49.964521],[18.573877,49.964522],[18.573856,49.96453],[18.573266,49.964826],[18.573076,49.964907],[18.572906,49.964952],[18.572874,49.964956],[18.572849,49.96495],[18.57283,49.964934],[18.572619,49.964652],[18.572456,49.964502],[18.571563,49.963904],[18.571443,49.963789],[18.571313,49.963511],[18.571068,49.962612],[18.570957,49.962441],[18.570749,49.962272],[18.569566,49.961555],[18.569538,49.961544],[18.56951,49.961543],[18.569482,49.961553],[18.567584,49.962566]]}},{"type":"Feature","properties":{"mode":"bus","n":5,"arr":["C10","C13","C15","C17","S13"],"lines":"C10, C13, C15, C17, S13"},"geometry":{"type":"LineString","coordinates":[[18.567584,49.962566],[18.56731,49.962773],[18.567171,49.96294],[18.56659,49.963811],[18.566572,49.963828],[18.566547,49.963836],[18.566515,49.963833],[18.565993,49.963728],[18.565889,49.96367],[18.56587,49.96359],[18.565914,49.963506],[18.566341,49.962856],[18.566429,49.962789],[18.566541,49.962739],[18.567225,49.962649],[18.567584,49.962566]]}},{"type":"Feature","properties":{"mode":"bus","n":7,"arr":["C11","C15","C16","R10","R11","S11","S16"],"lines":"C11, C15, C16, R10, R11, S11, S16"},"geometry":{"type":"LineString","coordinates":[[18.584547,49.936755],[18.584457,49.93676],[18.584237,49.936875]]}},{"type":"Feature","properties":{"mode":"bus","n":9,"arr":["C11","C12","C14","C15","C16","R10","R11","S11","S16"],"lines":"C11, C12, C14, C15, C16, R10, R11, S11, S16"},"geometry":{"type":"LineString","coordinates":[[18.584222,49.936838],[18.58427,49.937063],[18.58431,49.937631],[18.584385,49.937734]]}},{"type":"Feature","properties":{"mode":"bus","n":6,"arr":["C11","C12","C14","C15","C16","S15"],"lines":"C11, C12, C14, C15, C16, S15"},"geometry":{"type":"LineString","coordinates":[[18.591772,49.938555],[18.590239,49.938157],[18.589096,49.937938],[18.588038,49.937792],[18.587212,49.93772],[18.585962,49.937701],[18.584385,49.937734]]}},{"type":"Feature","properties":{"mode":"bus","n":5,"arr":["C11","C15","C16","S10","S15"],"lines":"C11, C15, C16, S10, S15"},"geometry":{"type":"LineString","coordinates":[[18.592361,49.940582],[18.59269,49.939794],[18.592619,49.93939],[18.592621,49.939194]]}},{"type":"Feature","properties":{"mode":"bus","n":7,"arr":["S10","S12","S12A","S14","S15","S16","W11"],"lines":"S10, S12, S12A, S14, S15, S16, W11"},"geometry":{"type":"LineString","coordinates":[[18.623226,49.961405],[18.623316,49.961396]]}},{"type":"Feature","properties":{"mode":"bus","n":7,"arr":["S10","S11","S12","S13","S14","S15","S16"],"lines":"S10, S11, S12, S13, S14, S15, S16"},"geometry":{"type":"LineString","coordinates":[[18.623391,49.988603],[18.623506,49.988614]]}},{"type":"Feature","properties":{"mode":"bus","n":6,"arr":["S10","S11","S12","S14","S15","S16"],"lines":"S10, S11, S12, S14, S15, S16"},"geometry":{"type":"LineString","coordinates":[[18.623506,49.988614],[18.624199,49.988637],[18.62526,49.988593],[18.62599,49.988626],[18.626421,49.988691],[18.626617,49.988743],[18.626865,49.988833],[18.627309,49.989052]]}},{"type":"Feature","properties":{"mode":"bus","n":6,"arr":["S11","S12","S13","S14","S15","S16"],"lines":"S11, S12, S13, S14, S15, S16"},"geometry":{"type":"LineString","coordinates":[[18.610609,49.998768],[18.610082,49.99857],[18.610067,49.998563],[18.61006,49.998557],[18.610061,49.998551],[18.61007,49.998546],[18.610087,49.998541],[18.610958,49.998362],[18.611127,49.998211],[18.61161,49.997604],[18.611734,49.997499],[18.61197,49.997377],[18.614067,49.996553],[18.61477,49.9963],[18.616435,49.995869],[18.617115,49.995351],[18.618303,49.994262],[18.619772,49.992657],[18.620023,49.992504],[18.620373,49.992354],[18.621669,49.992021],[18.621819,49.99191],[18.622325,49.99137],[18.622592,49.990941],[18.62288,49.990322],[18.622955,49.990092],[18.62295,49.989416],[18.623205,49.988908],[18.623506,49.988614]]}},{"type":"Feature","properties":{"mode":"bus","n":6,"arr":["S11","S12","S12A","S14","S15","S16"],"lines":"S11, S12, S12A, S14, S15, S16"},"geometry":{"type":"LineString","coordinates":[[18.61018,49.974944],[18.611877,49.975601],[18.61237,49.975861],[18.612665,49.976082],[18.612953,49.976453],[18.613115,49.976611],[18.616272,49.979064],[18.618667,49.980988],[18.619291,49.981454],[18.62004,49.981945],[18.621127,49.982623],[18.621425,49.982775],[18.62186,49.982974],[18.623627,49.983688],[18.62375,49.983764],[18.626849,49.987316],[18.627563,49.988045],[18.627651,49.988223],[18.627651,49.988355],[18.627566,49.988597],[18.627309,49.989052]]}},{"type":"Feature","properties":{"mode":"bus","n":5,"arr":["S11","S12","S14","S15","S16"],"lines":"S11, S12, S14, S15, S16"},"geometry":{"type":"LineString","coordinates":[[18.625392,49.985648],[18.625215,49.985797],[18.624203,49.987154],[18.624171,49.98718],[18.624125,49.987195],[18.623565,49.987284],[18.623536,49.987293],[18.62352,49.987308],[18.623517,49.987329],[18.62357,49.987652],[18.623573,49.987892],[18.623391,49.988603]]}}]}