{"type":"FeatureCollection","features":[{"type":"Feature","geometry":{"type":"Point","coordinates":[18.476222,50.104719]},"properties":{"name":"Jejkowice Centrum","lines":"1, 26, 27, 28, 29, 36","arr":["1","26","27","28","29","36"],"terminus":1,"mode":"bus","color":"#0059a9","colorDark":"#00294f","angle":19.4,"snapDist":6,"label":1}},{"type":"Feature","geometry":{"type":"Point","coordinates":[18.487612,50.101974]},"properties":{"name":"Rybnik Zebrzydowice Norwida","lines":"1, 24, 26, 27, 28, 29, 36","arr":["1","24","26","27","28","29","36"],"terminus":0,"mode":"bus","color":"#0059a9","colorDark":"#00294f","angle":101.4,"snapDist":19,"label":1}},{"type":"Feature","geometry":{"type":"Point","coordinates":[18.494009,50.101098]},"properties":{"name":"Rybnik Zebrzydowice Zebrzydowicka","lines":"1, 24, 26, 27, 28, 29, 36","arr":["1","24","26","27","28","29","36"],"terminus":0,"mode":"bus","color":"#0059a9","colorDark":"#00294f","angle":196.8,"snapDist":17,"label":1}},{"type":"Feature","geometry":{"type":"Point","coordinates":[18.500097,50.099912]},"properties":{"name":"Rybnik Zebrzydowice Myto","lines":"1, 24, 26, 27, 28, 29, 36","arr":["1","24","26","27","28","29","36"],"terminus":0,"mode":"bus","color":"#0059a9","colorDark":"#00294f","angle":197,"snapDist":19,"label":1}},{"type":"Feature","geometry":{"type":"Point","coordinates":[18.510076,50.098552]},"properties":{"name":"Rybnik Maroko Nowiny Księżok","lines":"1, 26, 27, 28, 29, 36","arr":["1","26","27","28","29","36"],"terminus":0,"mode":"bus","color":"#0059a9","colorDark":"#00294f","angle":189.8,"snapDist":32,"label":1}},{"type":"Feature","geometry":{"type":"Point","coordinates":[18.515707,50.10062]},"properties":{"name":"Rybnik Maroko Nowiny Szkoła","lines":"1, 27, 33, 43, 46, 48, 52, A, N8","arr":["1","27","33","43","46","48","52","A","N8"],"terminus":0,"mode":"bus","color":"#0059a9","colorDark":"#00294f","angle":99.7,"snapDist":7,"label":1}},{"type":"Feature","geometry":{"type":"Point","coordinates":[18.524242,50.101513]},"properties":{"name":"Rybnik Maroko Nowiny Budowlanych","lines":"1, 27, 33, 34, 43, 46, 48, 52, A, N8","arr":["1","27","33","34","43","46","48","52","A","N8"],"terminus":0,"mode":"bus","color":"#0059a9","colorDark":"#00294f","angle":192.3,"snapDist":17,"label":1}},{"type":"Feature","geometry":{"type":"Point","coordinates":[18.533194,50.101095]},"properties":{"name":"Rybnik Maroko Nowiny Dworzec Aut. B","lines":"1, 24, 27, 34, 43, 45, A, N8","arr":["1","24","27","34","43","45","A","N8"],"terminus":0,"mode":"bus","color":"#0059a9","colorDark":"#00294f","angle":51.6,"snapDist":17,"label":1}},{"type":"Feature","geometry":{"type":"Point","coordinates":[18.544386,50.102103]},"properties":{"name":"Rybnik Północ Rondo Gliwickie","lines":"1, 2, 3, 4, 5, 6, 9, 10, 17, 18, 19, 22, 43","arr":["1","2","3","4","5","6","9","10","17","18","19","22","43"],"terminus":0,"mode":"bus","color":"#0059a9","colorDark":"#00294f","angle":183,"snapDist":8,"label":1}},{"type":"Feature","geometry":{"type":"Point","coordinates":[18.544354,50.095918]},"properties":{"name":"Rybnik Śródmieście Plac Wolności 2","lines":"1, 3, 4, 6, 9, 12, 13, 14, 15, 26, 30, 41, 43, 49, N6, PR","arr":["1","3","4","6","9","12","13","14","15","26","30","41","43","49","N6","PR"],"terminus":1,"mode":"bus","color":"#0059a9","colorDark":"#00294f","angle":276.7,"snapDist":12,"label":1}},{"type":"Feature","geometry":{"type":"Point","coordinates":[18.540934,50.093319]},"properties":{"name":"Rybnik Śródmieście Sąd","lines":"1, 2, 3, 6, 7, 9, 16, 26, 27, 28, 29, 33, 36, 43, 45, 46, 46A, 48, 51, A, N6, N8","arr":["1","2","3","6","7","9","16","26","27","28","29","33","36","43","45","46","46A","48","51","A","N6","N8"],"terminus":1,"mode":"bus","color":"#0059a9","colorDark":"#00294f","angle":31,"snapDist":12,"label":1}},{"type":"Feature","geometry":{"type":"Point","coordinates":[18.535951,50.094237]},"properties":{"name":"Rybnik Smolna Franciszkanie","lines":"1, 2, 3, 6, 33, 43, 48, N6","arr":["1","2","3","6","33","43","48","N6"],"terminus":0,"mode":"bus","color":"#0059a9","colorDark":"#00294f","angle":21.7,"snapDist":19,"label":1}},{"type":"Feature","geometry":{"type":"Point","coordinates":[18.530718,50.087152]},"properties":{"name":"Rybnik Smolna Osiedle","lines":"1, 2, 3, 4, 6, 7, 8, A, N6","arr":["1","2","3","4","6","7","8","A","N6"],"terminus":0,"mode":"bus","color":"#0059a9","colorDark":"#00294f","angle":295.5,"snapDist":5,"label":1}},{"type":"Feature","geometry":{"type":"Point","coordinates":[18.526001,50.082673]},"properties":{"name":"Rybnik Zamysłów Plebiscytowa","lines":"1, 7","arr":["1","7"],"terminus":0,"mode":"bus","color":"#0059a9","colorDark":"#00294f","angle":-144.7,"snapDist":25,"label":1}},{"type":"Feature","geometry":{"type":"Point","coordinates":[18.51879,50.083267]},"properties":{"name":"Rybnik Zamysłów Niedobczycka","lines":"1, 7","arr":["1","7"],"terminus":0,"mode":"bus","color":"#0059a9","colorDark":"#00294f","angle":159.8,"snapDist":19,"label":1}},{"type":"Feature","geometry":{"type":"Point","coordinates":[18.510617,50.078877]},"properties":{"name":"Rybnik Zamysłów Wrzosy","lines":"1","arr":["1"],"terminus":0,"mode":"bus","color":"#0059a9","colorDark":"#00294f","angle":308.6,"snapDist":1,"label":1}},{"type":"Feature","geometry":{"type":"Point","coordinates":[18.503861,50.074711]},"properties":{"name":"Rybnik Niedobczyce Niedobczycka","lines":"1","arr":["1"],"terminus":0,"mode":"bus","color":"#0059a9","colorDark":"#00294f","angle":330.4,"snapDist":3,"label":1}},{"type":"Feature","geometry":{"type":"Point","coordinates":[18.498849,50.068831]},"properties":{"name":"Rybnik Niedobczyce Szkoła","lines":"1, 2, 3, 4","arr":["1","2","3","4"],"terminus":0,"mode":"bus","color":"#0059a9","colorDark":"#00294f","angle":296.1,"snapDist":5,"label":1}},{"type":"Feature","geometry":{"type":"Point","coordinates":[18.493632,50.071101]},"properties":{"name":"Rybnik Niedobczyce Wołodyjowskiego","lines":"1, 24","arr":["1","24"],"terminus":0,"mode":"bus","color":"#0059a9","colorDark":"#00294f","angle":301.6,"snapDist":2,"label":1}},{"type":"Feature","geometry":{"type":"Point","coordinates":[18.481749,50.072134]},"properties":{"name":"Rybnik Niedobczyce Cegielnia","lines":"1","arr":["1"],"terminus":0,"mode":"bus","color":"#0059a9","colorDark":"#00294f","angle":358.3,"snapDist":3,"label":1}},{"type":"Feature","geometry":{"type":"Point","coordinates":[18.475593,50.071224]},"properties":{"name":"Rybnik Niewiadom Racławicka","lines":"1","arr":["1"],"terminus":0,"mode":"bus","color":"#0059a9","colorDark":"#00294f","angle":174.4,"snapDist":13,"label":1}},{"type":"Feature","geometry":{"type":"Point","coordinates":[18.467824,50.069362]},"properties":{"name":"Rybnik Niewiadom Dworzec Kol.","lines":"1, 9, 23","arr":["1","9","23"],"terminus":0,"mode":"bus","color":"#0059a9","colorDark":"#00294f","angle":264.1,"snapDist":2,"label":1}},{"type":"Feature","geometry":{"type":"Point","coordinates":[18.467282,50.060731]},"properties":{"name":"Rybnik Niewiadom Sportowa","lines":"1, 9, 23, 24","arr":["1","9","23","24"],"terminus":0,"mode":"bus","color":"#0059a9","colorDark":"#00294f","angle":218,"snapDist":7,"label":1}},{"type":"Feature","geometry":{"type":"Point","coordinates":[18.474841,50.049859]},"properties":{"name":"Radlin Korfantego Centrum","lines":"1, 2, 3, 6","arr":["1","2","3","6"],"terminus":0,"mode":"bus","color":"#0059a9","colorDark":"#00294f","angle":209.9,"snapDist":22,"label":0}},{"type":"Feature","geometry":{"type":"Point","coordinates":[18.483908,50.045533]},"properties":{"name":"Radlin Korfantego Makuszyńskiego","lines":"1, 2, 3, 6","arr":["1","2","3","6"],"terminus":0,"mode":"bus","color":"#0059a9","colorDark":"#00294f","angle":234.4,"snapDist":2,"label":1}},{"type":"Feature","geometry":{"type":"Point","coordinates":[18.487088,50.042565]},"properties":{"name":"Radlin Korfantego KWK Marcel","lines":"1, 2, 3, 6","arr":["1","2","3","6"],"terminus":0,"mode":"bus","color":"#0059a9","colorDark":"#00294f","angle":235.7,"snapDist":13,"label":0}},{"type":"Feature","geometry":{"type":"Point","coordinates":[18.49032,50.040219]},"properties":{"name":"Radlin Ujejskiego","lines":"1, 3, 6","arr":["1","3","6"],"terminus":1,"mode":"bus","color":"#0059a9","colorDark":"#00294f","angle":-54.4,"snapDist":13,"label":1}},{"type":"Feature","geometry":{"type":"Point","coordinates":[18.490356,50.040292]},"properties":{"name":"Radlin Ujejskiego","lines":"1, 3, 6","arr":["1","3","6"],"terminus":1,"mode":"bus","color":"#0059a9","colorDark":"#00294f","angle":284.8,"snapDist":9,"label":0}},{"type":"Feature","geometry":{"type":"Point","coordinates":[18.487959,50.041742]},"properties":{"name":"Radlin Korfantego KWK Marcel","lines":"1, 3, 6","arr":["1","3","6"],"terminus":0,"mode":"bus","color":"#0059a9","colorDark":"#00294f","angle":-124.1,"snapDist":16,"label":0}},{"type":"Feature","geometry":{"type":"Point","coordinates":[18.483908,50.045533]},"properties":{"name":"Radlin Korfantego Makuszyńskiego","lines":"1, 2, 3, 6","arr":["1","2","3","6"],"terminus":0,"mode":"bus","color":"#0059a9","colorDark":"#00294f","angle":54.4,"snapDist":2,"label":0}},{"type":"Feature","geometry":{"type":"Point","coordinates":[18.475514,50.04961]},"properties":{"name":"Radlin Korfantego Centrum","lines":"1, 2, 3, 6, 8","arr":["1","2","3","6","8"],"terminus":0,"mode":"bus","color":"#0059a9","colorDark":"#00294f","angle":-150.3,"snapDist":31,"label":0}},{"type":"Feature","geometry":{"type":"Point","coordinates":[18.466541,50.061102]},"properties":{"name":"Rybnik Niewiadom Sportowa","lines":"1, 4, 23, 24, N6","arr":["1","4","23","24","N6"],"terminus":0,"mode":"bus","color":"#0059a9","colorDark":"#00294f","angle":38.3,"snapDist":1,"label":0}},{"type":"Feature","geometry":{"type":"Point","coordinates":[18.467824,50.069362]},"properties":{"name":"Rybnik Niewiadom Dworzec Kol.","lines":"1, 4, 23, N6","arr":["1","4","23","N6"],"terminus":0,"mode":"bus","color":"#0059a9","colorDark":"#00294f","angle":84.1,"snapDist":2,"label":0}},{"type":"Feature","geometry":{"type":"Point","coordinates":[18.475593,50.071224]},"properties":{"name":"Rybnik Niewiadom Racławicka","lines":"1, N6","arr":["1","N6"],"terminus":0,"mode":"bus","color":"#0059a9","colorDark":"#00294f","angle":174.4,"snapDist":13,"label":0}},{"type":"Feature","geometry":{"type":"Point","coordinates":[18.481749,50.072134]},"properties":{"name":"Rybnik Niedobczyce Cegielnia","lines":"1, N6","arr":["1","N6"],"terminus":0,"mode":"bus","color":"#0059a9","colorDark":"#00294f","angle":178.3,"snapDist":3,"label":0}},{"type":"Feature","geometry":{"type":"Point","coordinates":[18.493632,50.071101]},"properties":{"name":"Rybnik Niedobczyce Wołodyjowskiego","lines":"1, 24, N6","arr":["1","24","N6"],"terminus":0,"mode":"bus","color":"#0059a9","colorDark":"#00294f","angle":301.6,"snapDist":2,"label":0}},{"type":"Feature","geometry":{"type":"Point","coordinates":[18.497987,50.067764]},"properties":{"name":"Rybnik Niedobczyce Szkoła","lines":"1, 2, 3, 9, N6","arr":["1","2","3","9","N6"],"terminus":0,"mode":"bus","color":"#0059a9","colorDark":"#00294f","angle":120.8,"snapDist":5,"label":0}},{"type":"Feature","geometry":{"type":"Point","coordinates":[18.503473,50.074574]},"properties":{"name":"Rybnik Niedobczyce Niedobczycka","lines":"1, N6","arr":["1","N6"],"terminus":0,"mode":"bus","color":"#0059a9","colorDark":"#00294f","angle":152.8,"snapDist":17,"label":0}},{"type":"Feature","geometry":{"type":"Point","coordinates":[18.512088,50.080058]},"properties":{"name":"Rybnik Zamysłów Wrzosy","lines":"1, 7, N6","arr":["1","7","N6"],"terminus":0,"mode":"bus","color":"#0059a9","colorDark":"#00294f","angle":128.7,"snapDist":12,"label":0}},{"type":"Feature","geometry":{"type":"Point","coordinates":[18.51879,50.083267]},"properties":{"name":"Rybnik Zamysłów Niedobczycka","lines":"1, 7, N6","arr":["1","7","N6"],"terminus":0,"mode":"bus","color":"#0059a9","colorDark":"#00294f","angle":159.8,"snapDist":19,"label":0}},{"type":"Feature","geometry":{"type":"Point","coordinates":[18.526001,50.082673]},"properties":{"name":"Rybnik Zamysłów Plebiscytowa","lines":"1, 7, N6","arr":["1","7","N6"],"terminus":0,"mode":"bus","color":"#0059a9","colorDark":"#00294f","angle":215.3,"snapDist":25,"label":0}},{"type":"Feature","geometry":{"type":"Point","coordinates":[18.530104,50.086329]},"properties":{"name":"Rybnik Smolna Osiedle","lines":"1, 2, 3, 6, 7, 8, 9, A, N6","arr":["1","2","3","6","7","8","9","A","N6"],"terminus":0,"mode":"bus","color":"#0059a9","colorDark":"#00294f","angle":-65,"snapDist":8,"label":0}},{"type":"Feature","geometry":{"type":"Point","coordinates":[18.535423,50.093525]},"properties":{"name":"Rybnik Smolna Franciszkanie","lines":"1, 2, 3, 6, 33, 43, 48","arr":["1","2","3","6","33","43","48"],"terminus":0,"mode":"bus","color":"#0059a9","colorDark":"#00294f","angle":115.4,"snapDist":1,"label":0}},{"type":"Feature","geometry":{"type":"Point","coordinates":[18.540753,50.093379]},"properties":{"name":"Rybnik Śródmieście Sąd","lines":"1, 2, 3, 4, 6, 7, 16, 26, 27, 28, 29, 33, 36, 43, 45, 46, 46A, 48, 51, A","arr":["1","2","3","4","6","7","16","26","27","28","29","33","36","43","45","46","46A","48","51","A"],"terminus":1,"mode":"bus","color":"#0059a9","colorDark":"#00294f","angle":203.2,"snapDist":6,"label":0}},{"type":"Feature","geometry":{"type":"Point","coordinates":[18.545653,50.089199]},"properties":{"name":"Rybnik Śródmieście Dworzec Kolejowy","lines":"1, 2, 3, 4, 5, 6, 8, 9, 10, 12, 13, 14, 15, 16, 17, 18, 19, 22, 23, 26, 28, 30, 41, 45, 46, 46A, 48, 49, 51, 52, N6, N8","arr":["1","2","3","4","5","6","8","9","10","12","13","14","15","16","17","18","19","22","23","26","28","30","41","45","46","46A","48","49","51","52","N6","N8"],"terminus":1,"mode":"bus","color":"#0059a9","colorDark":"#00294f","angle":276.5,"snapDist":3,"label":1}},{"type":"Feature","geometry":{"type":"Point","coordinates":[18.546714,50.093169]},"properties":{"name":"Rybnik Śródmieście Chrobrego","lines":"1, 2, 3, 4, 5, 6, 8, 9, 10, 12, 13, 14, 15, 16, 22, 23, 24, 26, 28, 30, 41, 45, 46A, 48, 49, 51, 52, N6, N8","arr":["1","2","3","4","5","6","8","9","10","12","13","14","15","16","22","23","24","26","28","30","41","45","46A","48","49","51","52","N6","N8"],"terminus":0,"mode":"bus","color":"#0059a9","colorDark":"#00294f","angle":-167.5,"snapDist":8,"label":0}},{"type":"Feature","geometry":{"type":"Point","coordinates":[18.544354,50.095918]},"properties":{"name":"Rybnik Śródmieście Plac Wolności 1","lines":"1, 3, 4, 5, 6, 8, 9, 15, 17, 18, 19, 22, 24, 26, 30, 34, 46, 49","arr":["1","3","4","5","6","8","9","15","17","18","19","22","24","26","30","34","46","49"],"terminus":1,"mode":"bus","color":"#0059a9","colorDark":"#00294f","angle":-83.3,"snapDist":12,"label":1}},{"type":"Feature","geometry":{"type":"Point","coordinates":[18.544519,50.102097]},"properties":{"name":"Rybnik Północ Rondo Gliwickie","lines":"1, 2, 3, 4, 5, 6, 9, 10, 17, 18, 19, 22, 43","arr":["1","2","3","4","5","6","9","10","17","18","19","22","43"],"terminus":0,"mode":"bus","color":"#0059a9","colorDark":"#00294f","angle":4.7,"snapDist":9,"label":0}},{"type":"Feature","geometry":{"type":"Point","coordinates":[18.533313,50.101156]},"properties":{"name":"Rybnik Maroko Nowiny Dworzec Aut. A","lines":"1, 2, 3, 4, 5, 9, 10, 14, 16, 17, 18, 19, 22, 27, 34, 43, 45, 51, A","arr":["1","2","3","4","5","9","10","14","16","17","18","19","22","27","34","43","45","51","A"],"terminus":1,"mode":"bus","color":"#0059a9","colorDark":"#00294f","angle":52,"snapDist":6,"label":1}},{"type":"Feature","geometry":{"type":"Point","coordinates":[18.527711,50.101678]},"properties":{"name":"Rybnik Maroko Nowiny Rondo Mazamet","lines":"1, 27, 33, 34, 43, 46, 48, 52, A","arr":["1","27","33","34","43","46","48","52","A"],"terminus":0,"mode":"bus","color":"#0059a9","colorDark":"#00294f","angle":349.6,"snapDist":8,"label":1}},{"type":"Feature","geometry":{"type":"Point","coordinates":[18.522455,50.101798]},"properties":{"name":"Rybnik Maroko Nowiny Budowlanych","lines":"1, 27, 33, 34, 43, 46, 48, 52, A","arr":["1","27","33","34","43","46","48","52","A"],"terminus":0,"mode":"bus","color":"#0059a9","colorDark":"#00294f","angle":28.8,"snapDist":7,"label":0}},{"type":"Feature","geometry":{"type":"Point","coordinates":[18.51547,50.099747]},"properties":{"name":"Rybnik Maroko Nowiny Szkoła","lines":"1, 27, 33, 43, 46, 48, 52, A","arr":["1","27","33","43","46","48","52","A"],"terminus":0,"mode":"bus","color":"#0059a9","colorDark":"#00294f","angle":279.6,"snapDist":2,"label":0}},{"type":"Feature","geometry":{"type":"Point","coordinates":[18.507569,50.098841]},"properties":{"name":"Rybnik Maroko Nowiny Księżok","lines":"1, 26, 27, 28, 29, 36","arr":["1","26","27","28","29","36"],"terminus":0,"mode":"bus","color":"#0059a9","colorDark":"#00294f","angle":-169.5,"snapDist":27,"label":0}},{"type":"Feature","geometry":{"type":"Point","coordinates":[18.500105,50.09991]},"properties":{"name":"Rybnik Zebrzydowice Myto","lines":"1, 24, 26, 27, 28, 29, 36","arr":["1","24","26","27","28","29","36"],"terminus":0,"mode":"bus","color":"#0059a9","colorDark":"#00294f","angle":-163,"snapDist":26,"label":0}},{"type":"Feature","geometry":{"type":"Point","coordinates":[18.491944,50.101496]},"properties":{"name":"Rybnik Zebrzydowice Zebrzydowicka","lines":"1, 24, 26, 27, 28, 29, 36","arr":["1","24","26","27","28","29","36"],"terminus":0,"mode":"bus","color":"#0059a9","colorDark":"#00294f","angle":-163.3,"snapDist":16,"label":0}},{"type":"Feature","geometry":{"type":"Point","coordinates":[18.486464,50.102365]},"properties":{"name":"Rybnik Zebrzydowice Norwida","lines":"1, 24, 26, 27, 28, 29, 36","arr":["1","24","26","27","28","29","36"],"terminus":0,"mode":"bus","color":"#0059a9","colorDark":"#00294f","angle":-163,"snapDist":20,"label":0}},{"type":"Feature","geometry":{"type":"Point","coordinates":[18.476222,50.104719]},"properties":{"name":"Jejkowice Centrum","lines":"1, 26","arr":["1","26"],"terminus":1,"mode":"bus","color":"#0059a9","colorDark":"#00294f","angle":19.4,"snapDist":6,"label":0}},{"type":"Feature","geometry":{"type":"Point","coordinates":[18.533781,50.101385]},"properties":{"name":"Rybnik Maroko Nowiny Dworzec Aut. 2","lines":"2, 3, 4, 6, 9, 10, 14, 16, 17, 18, 19, 51","arr":["2","3","4","6","9","10","14","16","17","18","19","51"],"terminus":1,"mode":"bus","color":"#0059a9","colorDark":"#00294f","angle":128.9,"snapDist":4,"label":1}},{"type":"Feature","geometry":{"type":"Point","coordinates":[18.553525,50.100944]},"properties":{"name":"Rybnik Północ Wyzwolenia","lines":"2, 10, 15, 23, 30","arr":["2","10","15","23","30"],"terminus":0,"mode":"bus","color":"#0059a9","colorDark":"#00294f","angle":193.1,"snapDist":2,"label":1}},{"type":"Feature","geometry":{"type":"Point","coordinates":[18.550418,50.09739]},"properties":{"name":"Rybnik Śródmieście Bazylika","lines":"2, 10, 16, 23, 28, 45, 48, 51, 52","arr":["2","10","16","23","28","45","48","51","52"],"terminus":0,"mode":"bus","color":"#0059a9","colorDark":"#00294f","angle":14.4,"snapDist":2,"label":1}},{"type":"Feature","geometry":{"type":"Point","coordinates":[18.5444,50.092493]},"properties":{"name":"Rybnik Śródmieście 3 Maja","lines":"2, 3, 4, 5, 6, 8, 10, 12, 14, 15, 17, 18, 19, 22, 23, 24, 26, 28, 30, 32, 41, 45, 46, 48, 49, 52, N8","arr":["2","3","4","5","6","8","10","12","14","15","17","18","19","22","23","24","26","28","30","32","41","45","46","48","49","52","N8"],"terminus":0,"mode":"bus","color":"#0059a9","colorDark":"#00294f","angle":273.9,"snapDist":11,"label":1}},{"type":"Feature","geometry":{"type":"Point","coordinates":[18.544118,50.090055]},"properties":{"name":"Rybnik Śródmieście Urszulanki","lines":"2, 3, 4, 5, 6, 8, 10, 12, 14, 15, 22, 23, 24, 26, 28, 30, 32, 41, 45, 46, 48, 49, 52, N8","arr":["2","3","4","5","6","8","10","12","14","15","22","23","24","26","28","30","32","41","45","46","48","49","52","N8"],"terminus":0,"mode":"bus","color":"#0059a9","colorDark":"#00294f","angle":94.3,"snapDist":7,"label":1}},{"type":"Feature","geometry":{"type":"Point","coordinates":[18.525915,50.080673]},"properties":{"name":"Rybnik Zamysłów Wodzisławska","lines":"2, 3, 4, 5, 6, 8, N6","arr":["2","3","4","5","6","8","N6"],"terminus":0,"mode":"bus","color":"#0059a9","colorDark":"#00294f","angle":295.4,"snapDist":4,"label":1}},{"type":"Feature","geometry":{"type":"Point","coordinates":[18.519316,50.071741]},"properties":{"name":"Rybnik Niedobczyce Paryż","lines":"2, 3, 4, 5, 6, 8, N6","arr":["2","3","4","5","6","8","N6"],"terminus":0,"mode":"bus","color":"#0059a9","colorDark":"#00294f","angle":295.1,"snapDist":8,"label":1}},{"type":"Feature","geometry":{"type":"Point","coordinates":[18.509244,50.069466]},"properties":{"name":"Rybnik Niedobczyce Karolinka","lines":"2, 3, 4","arr":["2","3","4"],"terminus":0,"mode":"bus","color":"#0059a9","colorDark":"#00294f","angle":-160.2,"snapDist":11,"label":1}},{"type":"Feature","geometry":{"type":"Point","coordinates":[18.495003,50.064997]},"properties":{"name":"Rybnik Niedobczyce Stadion","lines":"2, 3, 4, 6, 23, 24, N6","arr":["2","3","4","6","23","24","N6"],"terminus":0,"mode":"bus","color":"#0059a9","colorDark":"#00294f","angle":326.4,"snapDist":0,"label":1}},{"type":"Feature","geometry":{"type":"Point","coordinates":[18.48757,50.058573]},"properties":{"name":"Rybnik Niedobczyce Orlik","lines":"2, 3, 6, 23, N6","arr":["2","3","6","23","N6"],"terminus":0,"mode":"bus","color":"#0059a9","colorDark":"#00294f","angle":300.9,"snapDist":6,"label":1}},{"type":"Feature","geometry":{"type":"Point","coordinates":[18.482989,50.053808]},"properties":{"name":"Rybnik Niedobczyce Wrębowa","lines":"2, 3, 6, 23, N6","arr":["2","3","6","23","N6"],"terminus":0,"mode":"bus","color":"#0059a9","colorDark":"#00294f","angle":297,"snapDist":15,"label":1}},{"type":"Feature","geometry":{"type":"Point","coordinates":[18.476544,50.052805]},"properties":{"name":"Radlin Rogozina","lines":"2, 3, 6, 23, N6","arr":["2","3","6","23","N6"],"terminus":0,"mode":"bus","color":"#0059a9","colorDark":"#00294f","angle":314.6,"snapDist":2,"label":1}},{"type":"Feature","geometry":{"type":"Point","coordinates":[18.49834,50.043097]},"properties":{"name":"Obszary Wiadukt","lines":"2","arr":["2"],"terminus":0,"mode":"bus","color":"#0059a9","colorDark":"#00294f","angle":116.5,"snapDist":3,"label":1}},{"type":"Feature","geometry":{"type":"Point","coordinates":[18.500289,50.0433]},"properties":{"name":"Radlin Marklowicka Dom Górnika","lines":"2","arr":["2"],"terminus":0,"mode":"bus","color":"#0059a9","colorDark":"#00294f","angle":269.8,"snapDist":1,"label":1}},{"type":"Feature","geometry":{"type":"Point","coordinates":[18.506185,50.035318]},"properties":{"name":"Marklowice Wiosny Ludów Kaplica","lines":"2","arr":["2"],"terminus":0,"mode":"bus","color":"#0059a9","colorDark":"#00294f","angle":249.9,"snapDist":6,"label":1}},{"type":"Feature","geometry":{"type":"Point","coordinates":[18.50632,50.028115]},"properties":{"name":"Marklowice Wiosny Ludów Sklep","lines":"2","arr":["2"],"terminus":0,"mode":"bus","color":"#0059a9","colorDark":"#00294f","angle":276.9,"snapDist":4,"label":1}},{"type":"Feature","geometry":{"type":"Point","coordinates":[18.504689,50.024214]},"properties":{"name":"Marklowice Wiosny Ludów Widokowa","lines":"2","arr":["2"],"terminus":0,"mode":"bus","color":"#0059a9","colorDark":"#00294f","angle":286.7,"snapDist":2,"label":1}},{"type":"Feature","geometry":{"type":"Point","coordinates":[18.508771,50.018514]},"properties":{"name":"Marklowice Wiosny Ludów Górka","lines":"2","arr":["2"],"terminus":0,"mode":"bus","color":"#0059a9","colorDark":"#00294f","angle":349.9,"snapDist":6,"label":1}},{"type":"Feature","geometry":{"type":"Point","coordinates":[18.513918,50.0183]},"properties":{"name":"Marklowice Dolne","lines":"2","arr":["2"],"terminus":0,"mode":"bus","color":"#0059a9","colorDark":"#00294f","angle":205.2,"snapDist":4,"label":1}},{"type":"Feature","geometry":{"type":"Point","coordinates":[18.517077,50.016732]},"properties":{"name":"Marklowice Słoneczna Wyspa","lines":"2","arr":["2"],"terminus":1,"mode":"bus","color":"#0059a9","colorDark":"#00294f","angle":315.3,"snapDist":3,"label":1}},{"type":"Feature","geometry":{"type":"Point","coordinates":[18.517077,50.016732]},"properties":{"name":"Marklowice Słoneczna Wyspa","lines":"2","arr":["2"],"terminus":1,"mode":"bus","color":"#0059a9","colorDark":"#00294f","angle":135.3,"snapDist":3,"label":0}},{"type":"Feature","geometry":{"type":"Point","coordinates":[18.513924,50.018298]},"properties":{"name":"Marklowice Dolne","lines":"2","arr":["2"],"terminus":0,"mode":"bus","color":"#0059a9","colorDark":"#00294f","angle":25.2,"snapDist":3,"label":0}},{"type":"Feature","geometry":{"type":"Point","coordinates":[18.508658,50.018494]},"properties":{"name":"Marklowice Wiosny Ludów Górka","lines":"2","arr":["2"],"terminus":0,"mode":"bus","color":"#0059a9","colorDark":"#00294f","angle":344.5,"snapDist":8,"label":0}},{"type":"Feature","geometry":{"type":"Point","coordinates":[18.504689,50.024214]},"properties":{"name":"Marklowice Wiosny Ludów Widokowa","lines":"2","arr":["2"],"terminus":0,"mode":"bus","color":"#0059a9","colorDark":"#00294f","angle":106.7,"snapDist":2,"label":0}},{"type":"Feature","geometry":{"type":"Point","coordinates":[18.50632,50.028115]},"properties":{"name":"Marklowice Wiosny Ludów Sklep","lines":"2","arr":["2"],"terminus":0,"mode":"bus","color":"#0059a9","colorDark":"#00294f","angle":96.9,"snapDist":4,"label":0}},{"type":"Feature","geometry":{"type":"Point","coordinates":[18.506185,50.035318]},"properties":{"name":"Marklowice Wiosny Ludów Kaplica","lines":"2","arr":["2"],"terminus":0,"mode":"bus","color":"#0059a9","colorDark":"#00294f","angle":69.9,"snapDist":6,"label":0}},{"type":"Feature","geometry":{"type":"Point","coordinates":[18.500289,50.04329]},"properties":{"name":"Radlin Marklowicka Dom Górnika","lines":"2","arr":["2"],"terminus":0,"mode":"bus","color":"#0059a9","colorDark":"#00294f","angle":89.8,"snapDist":1,"label":0}},{"type":"Feature","geometry":{"type":"Point","coordinates":[18.49786,50.042481]},"properties":{"name":"Obszary Wiadukt","lines":"2","arr":["2"],"terminus":0,"mode":"bus","color":"#0059a9","colorDark":"#00294f","angle":296.5,"snapDist":5,"label":0}},{"type":"Feature","geometry":{"type":"Point","coordinates":[18.487959,50.041742]},"properties":{"name":"Radlin Korfantego KWK Marcel","lines":"2","arr":["2"],"terminus":0,"mode":"bus","color":"#0059a9","colorDark":"#00294f","angle":-124.1,"snapDist":16,"label":0}},{"type":"Feature","geometry":{"type":"Point","coordinates":[18.476067,50.052396]},"properties":{"name":"Radlin Rogozina","lines":"2, 3, 6, 23","arr":["2","3","6","23"],"terminus":0,"mode":"bus","color":"#0059a9","colorDark":"#00294f","angle":125.4,"snapDist":11,"label":0}},{"type":"Feature","geometry":{"type":"Point","coordinates":[18.484778,50.055576]},"properties":{"name":"Rybnik Niedobczyce Wrębowa","lines":"2, 3, 6, 23","arr":["2","3","6","23"],"terminus":0,"mode":"bus","color":"#0059a9","colorDark":"#00294f","angle":-58.9,"snapDist":7,"label":1}},{"type":"Feature","geometry":{"type":"Point","coordinates":[18.487908,50.058944]},"properties":{"name":"Rybnik Niedobczyce Orlik","lines":"2, 3, 6, 23","arr":["2","3","6","23"],"terminus":0,"mode":"bus","color":"#0059a9","colorDark":"#00294f","angle":119.6,"snapDist":17,"label":0}},{"type":"Feature","geometry":{"type":"Point","coordinates":[18.493994,50.06457]},"properties":{"name":"Rybnik Niedobczyce Stadion","lines":"2, 3, 6, 9, 23, 24","arr":["2","3","6","9","23","24"],"terminus":0,"mode":"bus","color":"#0059a9","colorDark":"#00294f","angle":146.4,"snapDist":25,"label":0}},{"type":"Feature","geometry":{"type":"Point","coordinates":[18.510319,50.069213]},"properties":{"name":"Rybnik Niedobczyce Karolinka","lines":"2, 3, 9","arr":["2","3","9"],"terminus":0,"mode":"bus","color":"#0059a9","colorDark":"#00294f","angle":200.7,"snapDist":4,"label":0}},{"type":"Feature","geometry":{"type":"Point","coordinates":[18.519355,50.071796]},"properties":{"name":"Rybnik Niedobczyce Paryż","lines":"2, 3, 6, 8, 9, 22","arr":["2","3","6","8","9","22"],"terminus":0,"mode":"bus","color":"#0059a9","colorDark":"#00294f","angle":115.1,"snapDist":7,"label":0}},{"type":"Feature","geometry":{"type":"Point","coordinates":[18.525764,50.08047]},"properties":{"name":"Rybnik Zamysłów Wodzisławska","lines":"2, 3, 6, 8, 9, 22","arr":["2","3","6","8","9","22"],"terminus":0,"mode":"bus","color":"#0059a9","colorDark":"#00294f","angle":115.5,"snapDist":8,"label":0}},{"type":"Feature","geometry":{"type":"Point","coordinates":[18.547711,50.091701]},"properties":{"name":"Rybnik Śródmieście Politechnika","lines":"2, 10, 16, 17, 18, 19, 23, 28, 45, 46, 48, 51, 52","arr":["2","10","16","17","18","19","23","28","45","46","48","51","52"],"terminus":0,"mode":"bus","color":"#0059a9","colorDark":"#00294f","angle":100.4,"snapDist":6,"label":1}},{"type":"Feature","geometry":{"type":"Point","coordinates":[18.550536,50.097371]},"properties":{"name":"Rybnik Śródmieście Bazylika","lines":"2, 10, 16, 17, 18, 19, 23, 28, 45, 46, 48, 51, 52","arr":["2","10","16","17","18","19","23","28","45","46","48","51","52"],"terminus":0,"mode":"bus","color":"#0059a9","colorDark":"#00294f","angle":194.4,"snapDist":5,"label":0}},{"type":"Feature","geometry":{"type":"Point","coordinates":[18.550641,50.099495]},"properties":{"name":"Rybnik Śródmieście Piasta","lines":"2, 10, 17, 18, 19, 23, 46","arr":["2","10","17","18","19","23","46"],"terminus":0,"mode":"bus","color":"#0059a9","colorDark":"#00294f","angle":-170.1,"snapDist":13,"label":1}},{"type":"Feature","geometry":{"type":"Point","coordinates":[18.520585,50.114923]},"properties":{"name":"Rybnik Orzepowice Storczyków","lines":"3, 24, 33, 46","arr":["3","24","33","46"],"terminus":1,"mode":"bus","color":"#0059a9","colorDark":"#00294f","angle":192.4,"snapDist":5,"label":1}},{"type":"Feature","geometry":{"type":"Point","coordinates":[18.523091,50.112434]},"properties":{"name":"Rybnik Orzepowice Szpital Woj","lines":"3, 6, 24, 33, 45, 46, 48","arr":["3","6","24","33","45","46","48"],"terminus":0,"mode":"bus","color":"#0059a9","colorDark":"#00294f","angle":264.4,"snapDist":5,"label":1}},{"type":"Feature","geometry":{"type":"Point","coordinates":[18.529404,50.102256]},"properties":{"name":"Rybnik Maroko Nowiny Żołędziowa","lines":"3, 6, 24, 33, 45, 46, 48","arr":["3","6","24","33","45","46","48"],"terminus":0,"mode":"bus","color":"#0059a9","colorDark":"#00294f","angle":-115.7,"snapDist":17,"label":1}},{"type":"Feature","geometry":{"type":"Point","coordinates":[18.523017,50.113108]},"properties":{"name":"Rybnik Orzepowice Szpital Woj","lines":"3, 6, 24, 33, 45, 46, 48","arr":["3","6","24","33","45","46","48"],"terminus":0,"mode":"bus","color":"#0059a9","colorDark":"#00294f","angle":87.8,"snapDist":7,"label":0}},{"type":"Feature","geometry":{"type":"Point","coordinates":[18.519587,50.115064]},"properties":{"name":"Rybnik Orzepowice Storczyków","lines":"3, 24, 33, 46","arr":["3","24","33","46"],"terminus":1,"mode":"bus","color":"#0059a9","colorDark":"#00294f","angle":12.4,"snapDist":11,"label":0}},{"type":"Feature","geometry":{"type":"Point","coordinates":[18.540904,50.089013]},"properties":{"name":"Rybnik Śródmieście Reymonta ZUS","lines":"4, 8, 10, 14, A","arr":["4","8","10","14","A"],"terminus":0,"mode":"bus","color":"#0059a9","colorDark":"#00294f","angle":4.8,"snapDist":5,"label":1}},{"type":"Feature","geometry":{"type":"Point","coordinates":[18.482479,50.065098]},"properties":{"name":"Rybnik Niedobczyce Janasa","lines":"4, 24","arr":["4","24"],"terminus":0,"mode":"bus","color":"#0059a9","colorDark":"#00294f","angle":172.3,"snapDist":11,"label":1}},{"type":"Feature","geometry":{"type":"Point","coordinates":[18.472549,50.064981]},"properties":{"name":"Rybnik Niedobczyce Hałdy","lines":"4, 24","arr":["4","24"],"terminus":0,"mode":"bus","color":"#0059a9","colorDark":"#00294f","angle":357.1,"snapDist":1,"label":1}},{"type":"Feature","geometry":{"type":"Point","coordinates":[18.464803,50.075633]},"properties":{"name":"Rybnik Niewiadom Szkoła","lines":"4, 23","arr":["4","23"],"terminus":0,"mode":"bus","color":"#0059a9","colorDark":"#00294f","angle":-114.1,"snapDist":9,"label":1}},{"type":"Feature","geometry":{"type":"Point","coordinates":[18.459447,50.08069]},"properties":{"name":"Rybnik Niewiadom Frontowa","lines":"4, 7, 9, 10, 23","arr":["4","7","9","10","23"],"terminus":0,"mode":"bus","color":"#0059a9","colorDark":"#00294f","angle":-163.7,"snapDist":9,"label":1}},{"type":"Feature","geometry":{"type":"Point","coordinates":[18.45527,50.08063]},"properties":{"name":"Radoszowy Kościół","lines":"4, 9","arr":["4","9"],"terminus":0,"mode":"bus","color":"#0059a9","colorDark":"#00294f","angle":315.6,"snapDist":3,"label":1}},{"type":"Feature","geometry":{"type":"Point","coordinates":[18.459705,50.080641]},"properties":{"name":"Rybnik Niewiadom Frontowa","lines":"4, 7, 9, 10, 23","arr":["4","7","9","10","23"],"terminus":0,"mode":"bus","color":"#0059a9","colorDark":"#00294f","angle":196.6,"snapDist":4,"label":0}},{"type":"Feature","geometry":{"type":"Point","coordinates":[18.472352,50.080495]},"properties":{"name":"Rybnik Niewiadom Kol Helena","lines":"4, 7, 10","arr":["4","7","10"],"terminus":0,"mode":"bus","color":"#0059a9","colorDark":"#00294f","angle":134.1,"snapDist":9,"label":1}},{"type":"Feature","geometry":{"type":"Point","coordinates":[18.482994,50.080893]},"properties":{"name":"Rybnik Niewiadom Kol Beata","lines":"4, 7, 10","arr":["4","7","10"],"terminus":0,"mode":"bus","color":"#0059a9","colorDark":"#00294f","angle":153.8,"snapDist":9,"label":1}},{"type":"Feature","geometry":{"type":"Point","coordinates":[18.504236,50.088685]},"properties":{"name":"Rybnik Maroko Nowiny Graniczna","lines":"4, 10","arr":["4","10"],"terminus":0,"mode":"bus","color":"#0059a9","colorDark":"#00294f","angle":160.1,"snapDist":3,"label":1}},{"type":"Feature","geometry":{"type":"Point","coordinates":[18.514567,50.091076]},"properties":{"name":"Rybnik Maroko Nowiny Brzozowa","lines":"4, 10","arr":["4","10"],"terminus":0,"mode":"bus","color":"#0059a9","colorDark":"#00294f","angle":160.2,"snapDist":9,"label":1}},{"type":"Feature","geometry":{"type":"Point","coordinates":[18.521875,50.091932]},"properties":{"name":"Rybnik Maroko Nowiny Raciborska","lines":"4, 10, 33, 43, 48, A","arr":["4","10","33","43","48","A"],"terminus":0,"mode":"bus","color":"#0059a9","colorDark":"#00294f","angle":176.6,"snapDist":6,"label":1}},{"type":"Feature","geometry":{"type":"Point","coordinates":[18.528309,50.094718]},"properties":{"name":"Rybnik Smolna Kotucza","lines":"4, 14, A","arr":["4","14","A"],"terminus":0,"mode":"bus","color":"#0059a9","colorDark":"#00294f","angle":121.1,"snapDist":6,"label":1}},{"type":"Feature","geometry":{"type":"Point","coordinates":[18.53327,50.095628]},"properties":{"name":"Rybnik Maroko Nowiny Zebrzydowicka","lines":"4, 16, 26, 27, 28, 29, 36, 45, 46, A","arr":["4","16","26","27","28","29","36","45","46","A"],"terminus":0,"mode":"bus","color":"#0059a9","colorDark":"#00294f","angle":9.1,"snapDist":14,"label":1}},{"type":"Feature","geometry":{"type":"Point","coordinates":[18.533666,50.101435]},"properties":{"name":"Rybnik Maroko Nowiny Dworzec Aut. 3","lines":"5, 22, 52","arr":["5","22","52"],"terminus":1,"mode":"bus","color":"#0059a9","colorDark":"#00294f","angle":128.3,"snapDist":8,"label":1}},{"type":"Feature","geometry":{"type":"Point","coordinates":[18.544131,50.095933]},"properties":{"name":"Rybnik Śródmieście Plac Wolności 3","lines":"5, 8, 12, 14, 17, 18, 19, 22, 24, 32, 34, 41, 43, N8","arr":["5","8","12","14","17","18","19","22","24","32","34","41","43","N8"],"terminus":1,"mode":"bus","color":"#0059a9","colorDark":"#00294f","angle":273.9,"snapDist":4,"label":1}},{"type":"Feature","geometry":{"type":"Point","coordinates":[18.543459,50.08866]},"properties":{"name":"Rybnik Śródmieście Policja","lines":"5, 12, 15, 22, 23, 24, 27, 29, 30, 32, 33, 36, 41, 43, 46A, 49, 52, N8","arr":["5","12","15","22","23","24","27","29","30","32","33","36","41","43","46A","49","52","N8"],"terminus":0,"mode":"bus","color":"#0059a9","colorDark":"#00294f","angle":194,"snapDist":6,"label":1}},{"type":"Feature","geometry":{"type":"Point","coordinates":[18.539359,50.086119]},"properties":{"name":"Rybnik Śródmieście Jankowicka ZUS","lines":"5, 52","arr":["5","52"],"terminus":0,"mode":"bus","color":"#0059a9","colorDark":"#00294f","angle":303.8,"snapDist":2,"label":1}},{"type":"Feature","geometry":{"type":"Point","coordinates":[18.537218,50.083831]},"properties":{"name":"Rybnik Śródmieście Jankowicka","lines":"5, 52","arr":["5","52"],"terminus":0,"mode":"bus","color":"#0059a9","colorDark":"#00294f","angle":300.3,"snapDist":0,"label":1}},{"type":"Feature","geometry":{"type":"Point","coordinates":[18.511159,50.060586]},"properties":{"name":"Rybnik Popielów Żabik","lines":"5, 6, 8, N6","arr":["5","6","8","N6"],"terminus":0,"mode":"bus","color":"#0059a9","colorDark":"#00294f","angle":295.2,"snapDist":6,"label":1}},{"type":"Feature","geometry":{"type":"Point","coordinates":[18.510379,50.056136]},"properties":{"name":"Rybnik Popielów Staffa","lines":"5, 23","arr":["5","23"],"terminus":0,"mode":"bus","color":"#0059a9","colorDark":"#00294f","angle":234.9,"snapDist":7,"label":1}},{"type":"Feature","geometry":{"type":"Point","coordinates":[18.515885,50.053793]},"properties":{"name":"Rybnik Popielów Kościół","lines":"5, 23","arr":["5","23"],"terminus":0,"mode":"bus","color":"#0059a9","colorDark":"#00294f","angle":195.8,"snapDist":22,"label":1}},{"type":"Feature","geometry":{"type":"Point","coordinates":[18.520631,50.055784]},"properties":{"name":"Rybnik Radziejów Spółdzielcza","lines":"5, 23","arr":["5","23"],"terminus":0,"mode":"bus","color":"#0059a9","colorDark":"#00294f","angle":140,"snapDist":2,"label":1}},{"type":"Feature","geometry":{"type":"Point","coordinates":[18.526234,50.058919]},"properties":{"name":"Rybnik Radziejów Okulickiego","lines":"5, 23","arr":["5","23"],"terminus":0,"mode":"bus","color":"#0059a9","colorDark":"#00294f","angle":117.8,"snapDist":12,"label":1}},{"type":"Feature","geometry":{"type":"Point","coordinates":[18.530597,50.064685]},"properties":{"name":"Rybnik Radziejów Świercze","lines":"5, 23","arr":["5","23"],"terminus":0,"mode":"bus","color":"#0059a9","colorDark":"#00294f","angle":120.6,"snapDist":1,"label":1}},{"type":"Feature","geometry":{"type":"Point","coordinates":[18.537342,50.069359]},"properties":{"name":"Rybnik Chwałowice Las","lines":"5, 23","arr":["5","23"],"terminus":0,"mode":"bus","color":"#0059a9","colorDark":"#00294f","angle":95.1,"snapDist":1,"label":1}},{"type":"Feature","geometry":{"type":"Point","coordinates":[18.545923,50.069751]},"properties":{"name":"Rybnik Chwałowice Śląska","lines":"5, 23","arr":["5","23"],"terminus":0,"mode":"bus","color":"#0059a9","colorDark":"#00294f","angle":168,"snapDist":6,"label":1}},{"type":"Feature","geometry":{"type":"Point","coordinates":[18.548902,50.071783]},"properties":{"name":"Rybnik Chwałowice Kopalnia","lines":"5, 12, 13, 15, 23, 27, 29, 33, 36, 41, 42, 43, N8","arr":["5","12","13","15","23","27","29","33","36","41","42","43","N8"],"terminus":1,"mode":"bus","color":"#0059a9","colorDark":"#00294f","angle":93.4,"snapDist":25,"label":1}},{"type":"Feature","geometry":{"type":"Point","coordinates":[18.547018,50.081698]},"properties":{"name":"Rybnik Meksyk Park","lines":"5, 12, 13, 15, 23, 27, 29, 33, 36, 41, 43, 46A, N8","arr":["5","12","13","15","23","27","29","33","36","41","43","46A","N8"],"terminus":0,"mode":"bus","color":"#0059a9","colorDark":"#00294f","angle":84.4,"snapDist":2,"label":1}},{"type":"Feature","geometry":{"type":"Point","coordinates":[18.545985,50.087302]},"properties":{"name":"Rybnik Meksyk Kamyczek","lines":"5, 12, 13, 15, 23, 24, 27, 29, 30, 33, 36, 41, 43, 46A, 49, N8","arr":["5","12","13","15","23","24","27","29","30","33","36","41","43","46A","49","N8"],"terminus":0,"mode":"bus","color":"#0059a9","colorDark":"#00294f","angle":312,"snapDist":6,"label":1}},{"type":"Feature","geometry":{"type":"Point","coordinates":[18.525177,50.117464]},"properties":{"name":"Rybnik Orzepowice Kuźnia","lines":"6, 12, 43, PR","arr":["6","12","43","PR"],"terminus":0,"mode":"bus","color":"#0059a9","colorDark":"#00294f","angle":221.5,"snapDist":5,"label":1}},{"type":"Feature","geometry":{"type":"Point","coordinates":[18.535006,50.110001]},"properties":{"name":"Rybnik Północ Wawok","lines":"6, 7, 12, 43, A","arr":["6","7","12","43","A"],"terminus":1,"mode":"bus","color":"#0059a9","colorDark":"#00294f","angle":250.3,"snapDist":0,"label":1}},{"type":"Feature","geometry":{"type":"Point","coordinates":[18.537401,50.103927]},"properties":{"name":"Rybnik Północ Rudzka Cmentarz","lines":"6, 7, 12, 43, A","arr":["6","7","12","43","A"],"terminus":0,"mode":"bus","color":"#0059a9","colorDark":"#00294f","angle":250.9,"snapDist":16,"label":1}},{"type":"Feature","geometry":{"type":"Point","coordinates":[18.507321,50.055308]},"properties":{"name":"Rybnik Popielów Skrzyżowanie","lines":"6, 8, 23, N6","arr":["6","8","23","N6"],"terminus":0,"mode":"bus","color":"#0059a9","colorDark":"#00294f","angle":295.5,"snapDist":6,"label":1}},{"type":"Feature","geometry":{"type":"Point","coordinates":[18.500419,50.055952]},"properties":{"name":"Rybnik Popielów Worcella","lines":"6, 23, N6","arr":["6","23","N6"],"terminus":0,"mode":"bus","color":"#0059a9","colorDark":"#00294f","angle":14.5,"snapDist":2,"label":1}},{"type":"Feature","geometry":{"type":"Point","coordinates":[18.496772,50.061121]},"properties":{"name":"Rybnik Niedobczyce Kopalnia Rymer","lines":"6, 23, N6","arr":["6","23","N6"],"terminus":0,"mode":"bus","color":"#0059a9","colorDark":"#00294f","angle":77.6,"snapDist":6,"label":1}},{"type":"Feature","geometry":{"type":"Point","coordinates":[18.496845,50.059955]},"properties":{"name":"Rybnik Niedobczyce Kopalnia Rymer","lines":"6, 23","arr":["6","23"],"terminus":0,"mode":"bus","color":"#0059a9","colorDark":"#00294f","angle":294.4,"snapDist":12,"label":0}},{"type":"Feature","geometry":{"type":"Point","coordinates":[18.500419,50.055952]},"properties":{"name":"Rybnik Popielów Worcella","lines":"6, 23","arr":["6","23"],"terminus":0,"mode":"bus","color":"#0059a9","colorDark":"#00294f","angle":194.5,"snapDist":2,"label":0}},{"type":"Feature","geometry":{"type":"Point","coordinates":[18.506885,50.054712]},"properties":{"name":"Rybnik Popielów Skrzyżowanie","lines":"6, 8, 22, 23","arr":["6","8","22","23"],"terminus":0,"mode":"bus","color":"#0059a9","colorDark":"#00294f","angle":116.1,"snapDist":13,"label":0}},{"type":"Feature","geometry":{"type":"Point","coordinates":[18.511564,50.061139]},"properties":{"name":"Rybnik Popielów Żabik","lines":"6, 8, 22","arr":["6","8","22"],"terminus":0,"mode":"bus","color":"#0059a9","colorDark":"#00294f","angle":115.2,"snapDist":8,"label":0}},{"type":"Feature","geometry":{"type":"Point","coordinates":[18.537401,50.103927]},"properties":{"name":"Rybnik Północ Rudzka Cmentarz","lines":"6, 7, 41, 43, A","arr":["6","7","41","43","A"],"terminus":0,"mode":"bus","color":"#0059a9","colorDark":"#00294f","angle":-109.1,"snapDist":16,"label":0}},{"type":"Feature","geometry":{"type":"Point","coordinates":[18.535006,50.110001]},"properties":{"name":"Rybnik Północ Wawok","lines":"6, 7, 41, 43, A","arr":["6","7","41","43","A"],"terminus":1,"mode":"bus","color":"#0059a9","colorDark":"#00294f","angle":70.3,"snapDist":0,"label":0}},{"type":"Feature","geometry":{"type":"Point","coordinates":[18.527342,50.116228]},"properties":{"name":"Rybnik Orzepowice Kuźnia","lines":"6, 41, 43, PR","arr":["6","41","43","PR"],"terminus":0,"mode":"bus","color":"#0059a9","colorDark":"#00294f","angle":43,"snapDist":1,"label":0}},{"type":"Feature","geometry":{"type":"Point","coordinates":[18.533424,50.101631]},"properties":{"name":"Rybnik Maroko Nowiny Dworzec Aut. 5","lines":"6, 52","arr":["6","52"],"terminus":1,"mode":"bus","color":"#0059a9","colorDark":"#00294f","angle":136,"snapDist":8,"label":1}},{"type":"Feature","geometry":{"type":"Point","coordinates":[18.546324,50.111927]},"properties":{"name":"Rybnik Północ Kąpielisko Ruda","lines":"7, 14, 23, 26, 30, 32, 41, 49, N6, PR","arr":["7","14","23","26","30","32","41","49","N6","PR"],"terminus":1,"mode":"bus","color":"#0059a9","colorDark":"#00294f","angle":285.8,"snapDist":5,"label":1}},{"type":"Feature","geometry":{"type":"Point","coordinates":[18.535917,50.112635]},"properties":{"name":"Rybnik Północ Janiego","lines":"7","arr":["7"],"terminus":0,"mode":"bus","color":"#0059a9","colorDark":"#00294f","angle":30.9,"snapDist":3,"label":1}},{"type":"Feature","geometry":{"type":"Point","coordinates":[18.535923,50.097216]},"properties":{"name":"Rybnik Śródmieście Dworek","lines":"7, 51","arr":["7","51"],"terminus":0,"mode":"bus","color":"#0059a9","colorDark":"#00294f","angle":249.2,"snapDist":1,"label":1}},{"type":"Feature","geometry":{"type":"Point","coordinates":[18.509541,50.080141]},"properties":{"name":"Rybnik Zamysłów Pod Lasem","lines":"7","arr":["7"],"terminus":0,"mode":"bus","color":"#0059a9","colorDark":"#00294f","angle":-143.3,"snapDist":9,"label":1}},{"type":"Feature","geometry":{"type":"Point","coordinates":[18.504331,50.082605]},"properties":{"name":"Rybnik Zamysłów Wodociągi","lines":"7","arr":["7"],"terminus":0,"mode":"bus","color":"#0059a9","colorDark":"#00294f","angle":36.6,"snapDist":3,"label":1}},{"type":"Feature","geometry":{"type":"Point","coordinates":[18.497877,50.084185]},"properties":{"name":"Rybnik Zamysłów Gruntowa","lines":"7","arr":["7"],"terminus":0,"mode":"bus","color":"#0059a9","colorDark":"#00294f","angle":276.1,"snapDist":6,"label":1}},{"type":"Feature","geometry":{"type":"Point","coordinates":[18.477917,50.080891]},"properties":{"name":"Rybnik Niewiadom Kol Beata","lines":"7, 9, 10","arr":["7","9","10"],"terminus":0,"mode":"bus","color":"#0059a9","colorDark":"#00294f","angle":22.7,"snapDist":1,"label":1}},{"type":"Feature","geometry":{"type":"Point","coordinates":[18.451606,50.082159]},"properties":{"name":"Rybnik Niewiadom Buzowice","lines":"7, 23","arr":["7","23"],"terminus":0,"mode":"bus","color":"#0059a9","colorDark":"#00294f","angle":-152.5,"snapDist":35,"label":1}},{"type":"Feature","geometry":{"type":"Point","coordinates":[18.442203,50.085322]},"properties":{"name":"Buzowice Skrzyżowanie","lines":"7, 23","arr":["7","23"],"terminus":0,"mode":"bus","color":"#0059a9","colorDark":"#00294f","angle":20.7,"snapDist":3,"label":1}},{"type":"Feature","geometry":{"type":"Point","coordinates":[18.446431,50.090035]},"properties":{"name":"Szczerbice Radoszowska","lines":"7","arr":["7"],"terminus":0,"mode":"bus","color":"#0059a9","colorDark":"#00294f","angle":120.4,"snapDist":3,"label":1}},{"type":"Feature","geometry":{"type":"Point","coordinates":[18.449767,50.094486]},"properties":{"name":"Szczerbice Dwór","lines":"7","arr":["7"],"terminus":0,"mode":"bus","color":"#0059a9","colorDark":"#00294f","angle":127.2,"snapDist":3,"label":1}},{"type":"Feature","geometry":{"type":"Point","coordinates":[18.449904,50.099839]},"properties":{"name":"Szczerbice Szkolna","lines":"7","arr":["7"],"terminus":0,"mode":"bus","color":"#0059a9","colorDark":"#00294f","angle":78.9,"snapDist":5,"label":1}},{"type":"Feature","geometry":{"type":"Point","coordinates":[18.450087,50.102488]},"properties":{"name":"Szczerbice Straż","lines":"7","arr":["7"],"terminus":1,"mode":"bus","color":"#0059a9","colorDark":"#00294f","angle":195,"snapDist":2,"label":1}},{"type":"Feature","geometry":{"type":"Point","coordinates":[18.450087,50.102488]},"properties":{"name":"Szczerbice Straż","lines":"7","arr":["7"],"terminus":1,"mode":"bus","color":"#0059a9","colorDark":"#00294f","angle":15,"snapDist":2,"label":0}},{"type":"Feature","geometry":{"type":"Point","coordinates":[18.449904,50.099839]},"properties":{"name":"Szczerbice Szkolna","lines":"7","arr":["7"],"terminus":0,"mode":"bus","color":"#0059a9","colorDark":"#00294f","angle":258.9,"snapDist":5,"label":0}},{"type":"Feature","geometry":{"type":"Point","coordinates":[18.449767,50.094486]},"properties":{"name":"Szczerbice Dwór","lines":"7","arr":["7"],"terminus":0,"mode":"bus","color":"#0059a9","colorDark":"#00294f","angle":307.2,"snapDist":3,"label":0}},{"type":"Feature","geometry":{"type":"Point","coordinates":[18.446431,50.090035]},"properties":{"name":"Szczerbice Radoszowska","lines":"7","arr":["7"],"terminus":0,"mode":"bus","color":"#0059a9","colorDark":"#00294f","angle":300.4,"snapDist":3,"label":0}},{"type":"Feature","geometry":{"type":"Point","coordinates":[18.442208,50.085321]},"properties":{"name":"Buzowice Skrzyżowanie","lines":"7","arr":["7"],"terminus":0,"mode":"bus","color":"#0059a9","colorDark":"#00294f","angle":200.7,"snapDist":4,"label":0}},{"type":"Feature","geometry":{"type":"Point","coordinates":[18.451606,50.082159]},"properties":{"name":"Rybnik Niewiadom Buzowice","lines":"7, 23","arr":["7","23"],"terminus":0,"mode":"bus","color":"#0059a9","colorDark":"#00294f","angle":207.5,"snapDist":35,"label":0}},{"type":"Feature","geometry":{"type":"Point","coordinates":[18.49922,50.08562]},"properties":{"name":"Rybnik Zamysłów Gruntowa","lines":"7","arr":["7"],"terminus":0,"mode":"bus","color":"#0059a9","colorDark":"#00294f","angle":288.2,"snapDist":4,"label":0}},{"type":"Feature","geometry":{"type":"Point","coordinates":[18.505548,50.082023]},"properties":{"name":"Rybnik Zamysłów Wodociągi","lines":"7","arr":["7"],"terminus":0,"mode":"bus","color":"#0059a9","colorDark":"#00294f","angle":217,"snapDist":4,"label":0}},{"type":"Feature","geometry":{"type":"Point","coordinates":[18.534812,50.089376]},"properties":{"name":"Rybnik Smolna Rondo Wodzisławskie","lines":"7, 8, 9, 10, 14, A, N6","arr":["7","8","9","10","14","A","N6"],"terminus":0,"mode":"bus","color":"#0059a9","colorDark":"#00294f","angle":185.8,"snapDist":9,"label":1}},{"type":"Feature","geometry":{"type":"Point","coordinates":[18.535743,50.097609]},"properties":{"name":"Rybnik Śródmieście Dworek","lines":"7, 16","arr":["7","16"],"terminus":0,"mode":"bus","color":"#0059a9","colorDark":"#00294f","angle":76.6,"snapDist":1,"label":0}},{"type":"Feature","geometry":{"type":"Point","coordinates":[18.537183,50.112091]},"properties":{"name":"Rybnik Północ Janiego","lines":"7","arr":["7"],"terminus":0,"mode":"bus","color":"#0059a9","colorDark":"#00294f","angle":-145.5,"snapDist":3,"label":0}},{"type":"Feature","geometry":{"type":"Point","coordinates":[18.546066,50.111052]},"properties":{"name":"Rybnik Północ Kąpielisko Ruda","lines":"7, 12, 13, 14, 23, 26, 30, 49, N6, PR","arr":["7","12","13","14","23","26","30","49","N6","PR"],"terminus":1,"mode":"bus","color":"#0059a9","colorDark":"#00294f","angle":92.3,"snapDist":7,"label":0}},{"type":"Feature","geometry":{"type":"Point","coordinates":[18.500917,50.046563]},"properties":{"name":"Rybnik Popielów Wodzisławska","lines":"8","arr":["8"],"terminus":0,"mode":"bus","color":"#0059a9","colorDark":"#00294f","angle":295.2,"snapDist":5,"label":1}},{"type":"Feature","geometry":{"type":"Point","coordinates":[18.49636,50.045799]},"properties":{"name":"Radlin Ośrodek Zdrowia","lines":"8","arr":["8"],"terminus":0,"mode":"bus","color":"#0059a9","colorDark":"#00294f","angle":225.5,"snapDist":2,"label":1}},{"type":"Feature","geometry":{"type":"Point","coordinates":[18.489333,50.046879]},"properties":{"name":"Biertułtowy Mariacka","lines":"8","arr":["8"],"terminus":0,"mode":"bus","color":"#0059a9","colorDark":"#00294f","angle":-154.1,"snapDist":23,"label":1}},{"type":"Feature","geometry":{"type":"Point","coordinates":[18.482898,50.048337]},"properties":{"name":"Radlin Miasteczko Ruchu Drogowego","lines":"8","arr":["8"],"terminus":0,"mode":"bus","color":"#0059a9","colorDark":"#00294f","angle":22.9,"snapDist":4,"label":1}},{"type":"Feature","geometry":{"type":"Point","coordinates":[18.467842,50.055515]},"properties":{"name":"Radlin Rydułtowska Sokolnia","lines":"8","arr":["8"],"terminus":0,"mode":"bus","color":"#0059a9","colorDark":"#00294f","angle":344.3,"snapDist":11,"label":1}},{"type":"Feature","geometry":{"type":"Point","coordinates":[18.462152,50.054466]},"properties":{"name":"Radlin Rydułtowska Reden","lines":"8","arr":["8"],"terminus":0,"mode":"bus","color":"#0059a9","colorDark":"#00294f","angle":164.1,"snapDist":10,"label":1}},{"type":"Feature","geometry":{"type":"Point","coordinates":[18.452113,50.053809]},"properties":{"name":"Radlin Rydułtowska Reden Górka","lines":"8","arr":["8"],"terminus":0,"mode":"bus","color":"#0059a9","colorDark":"#00294f","angle":166.1,"snapDist":23,"label":0}},{"type":"Feature","geometry":{"type":"Point","coordinates":[18.443598,50.053084]},"properties":{"name":"Rydułtowy Bohaterów W-wy Cegielnia","lines":"8","arr":["8"],"terminus":0,"mode":"bus","color":"#0059a9","colorDark":"#00294f","angle":16.6,"snapDist":3,"label":1}},{"type":"Feature","geometry":{"type":"Point","coordinates":[18.433068,50.056016]},"properties":{"name":"Rydułtowy Bohaterów W-wy Orlovska","lines":"8","arr":["8"],"terminus":0,"mode":"bus","color":"#0059a9","colorDark":"#00294f","angle":-141.4,"snapDist":31,"label":1}},{"type":"Feature","geometry":{"type":"Point","coordinates":[18.425215,50.060049]},"properties":{"name":"Rydułtowy Plebiscytowa Szpital","lines":"8","arr":["8"],"terminus":0,"mode":"bus","color":"#0059a9","colorDark":"#00294f","angle":18.5,"snapDist":6,"label":1}},{"type":"Feature","geometry":{"type":"Point","coordinates":[18.415636,50.056725]},"properties":{"name":"Rydułtowy Rynek","lines":"8, 10","arr":["8","10"],"terminus":1,"mode":"bus","color":"#0059a9","colorDark":"#00294f","angle":205.6,"snapDist":4,"label":1}},{"type":"Feature","geometry":{"type":"Point","coordinates":[18.41567,50.056873]},"properties":{"name":"Rydułtowy Rynek","lines":"8, 10","arr":["8","10"],"terminus":1,"mode":"bus","color":"#0059a9","colorDark":"#00294f","angle":145.1,"snapDist":10,"label":0}},{"type":"Feature","geometry":{"type":"Point","coordinates":[18.425215,50.060049]},"properties":{"name":"Rydułtowy Plebiscytowa Szpital","lines":"8","arr":["8"],"terminus":0,"mode":"bus","color":"#0059a9","colorDark":"#00294f","angle":198.5,"snapDist":6,"label":0}},{"type":"Feature","geometry":{"type":"Point","coordinates":[18.433068,50.056016]},"properties":{"name":"Rydułtowy Bohaterów W-wy Orlovska","lines":"8","arr":["8"],"terminus":0,"mode":"bus","color":"#0059a9","colorDark":"#00294f","angle":218.6,"snapDist":31,"label":0}},{"type":"Feature","geometry":{"type":"Point","coordinates":[18.443598,50.053084]},"properties":{"name":"Rydułtowy Bohaterów W-wy Cegielnia","lines":"8","arr":["8"],"terminus":0,"mode":"bus","color":"#0059a9","colorDark":"#00294f","angle":196.6,"snapDist":3,"label":0}},{"type":"Feature","geometry":{"type":"Point","coordinates":[18.45135,50.053688]},"properties":{"name":"Radlin Rydułtowska Reden Górka","lines":"8","arr":["8"],"terminus":0,"mode":"bus","color":"#0059a9","colorDark":"#00294f","angle":166.1,"snapDist":9,"label":0}},{"type":"Feature","geometry":{"type":"Point","coordinates":[18.462152,50.054466]},"properties":{"name":"Radlin Rydułtowska Reden","lines":"8","arr":["8"],"terminus":0,"mode":"bus","color":"#0059a9","colorDark":"#00294f","angle":164.1,"snapDist":10,"label":0}},{"type":"Feature","geometry":{"type":"Point","coordinates":[18.467842,50.055515]},"properties":{"name":"Radlin Rydułtowska Sokolnia","lines":"8","arr":["8"],"terminus":0,"mode":"bus","color":"#0059a9","colorDark":"#00294f","angle":-15.7,"snapDist":11,"label":0}},{"type":"Feature","geometry":{"type":"Point","coordinates":[18.474841,50.049859]},"properties":{"name":"Radlin Korfantego Centrum","lines":"8","arr":["8"],"terminus":0,"mode":"bus","color":"#0059a9","colorDark":"#00294f","angle":209.9,"snapDist":22,"label":0}},{"type":"Feature","geometry":{"type":"Point","coordinates":[18.482482,50.048435]},"properties":{"name":"Radlin Miasteczko Ruchu Drogowego","lines":"8","arr":["8"],"terminus":0,"mode":"bus","color":"#0059a9","colorDark":"#00294f","angle":197.8,"snapDist":3,"label":0}},{"type":"Feature","geometry":{"type":"Point","coordinates":[18.490859,50.046468]},"properties":{"name":"Biertułtowy Mariacka","lines":"8","arr":["8"],"terminus":0,"mode":"bus","color":"#0059a9","colorDark":"#00294f","angle":203.3,"snapDist":11,"label":0}},{"type":"Feature","geometry":{"type":"Point","coordinates":[18.49608,50.045972]},"properties":{"name":"Radlin Ośrodek Zdrowia","lines":"8","arr":["8"],"terminus":0,"mode":"bus","color":"#0059a9","colorDark":"#00294f","angle":221.9,"snapDist":3,"label":0}},{"type":"Feature","geometry":{"type":"Point","coordinates":[18.501029,50.046715]},"properties":{"name":"Rybnik Popielów Wodzisławska","lines":"8","arr":["8"],"terminus":0,"mode":"bus","color":"#0059a9","colorDark":"#00294f","angle":115.2,"snapDist":6,"label":0}},{"type":"Feature","geometry":{"type":"Point","coordinates":[18.532504,50.095707]},"properties":{"name":"Rybnik Maroko Nowiny Zebrzydowicka","lines":"9, 26, 27, 28, 29, 36, 45, 46, 51, A, N8","arr":["9","26","27","28","29","36","45","46","51","A","N8"],"terminus":0,"mode":"bus","color":"#0059a9","colorDark":"#00294f","angle":9.1,"snapDist":7,"label":0}},{"type":"Feature","geometry":{"type":"Point","coordinates":[18.528823,50.095256]},"properties":{"name":"Rybnik Smolna Kotucza","lines":"9, 14, A, N8","arr":["9","14","A","N8"],"terminus":0,"mode":"bus","color":"#0059a9","colorDark":"#00294f","angle":121.5,"snapDist":10,"label":0}},{"type":"Feature","geometry":{"type":"Point","coordinates":[18.521875,50.091932]},"properties":{"name":"Rybnik Maroko Nowiny Raciborska","lines":"9, 10, 33, 43, 48, A, N8","arr":["9","10","33","43","48","A","N8"],"terminus":0,"mode":"bus","color":"#0059a9","colorDark":"#00294f","angle":356.6,"snapDist":6,"label":0}},{"type":"Feature","geometry":{"type":"Point","coordinates":[18.513692,50.090874]},"properties":{"name":"Rybnik Maroko Nowiny Brzozowa","lines":"9, 10","arr":["9","10"],"terminus":0,"mode":"bus","color":"#0059a9","colorDark":"#00294f","angle":340.2,"snapDist":17,"label":0}},{"type":"Feature","geometry":{"type":"Point","coordinates":[18.504875,50.088834]},"properties":{"name":"Rybnik Maroko Nowiny Graniczna","lines":"9, 10","arr":["9","10"],"terminus":0,"mode":"bus","color":"#0059a9","colorDark":"#00294f","angle":340.1,"snapDist":3,"label":0}},{"type":"Feature","geometry":{"type":"Point","coordinates":[18.465858,50.074053]},"properties":{"name":"Rybnik Niewiadom Szkoła","lines":"9, 23","arr":["9","23"],"terminus":0,"mode":"bus","color":"#0059a9","colorDark":"#00294f","angle":265.3,"snapDist":4,"label":0}},{"type":"Feature","geometry":{"type":"Point","coordinates":[18.467785,50.061579]},"properties":{"name":"Rybnik Niewiadom Kopalnia Ignacy","lines":"9, 24","arr":["9","24"],"terminus":0,"mode":"bus","color":"#0059a9","colorDark":"#00294f","angle":106.1,"snapDist":12,"label":1}},{"type":"Feature","geometry":{"type":"Point","coordinates":[18.471442,50.064943]},"properties":{"name":"Rybnik Niedobczyce Hałdy","lines":"9, 24","arr":["9","24"],"terminus":0,"mode":"bus","color":"#0059a9","colorDark":"#00294f","angle":176.9,"snapDist":3,"label":0}},{"type":"Feature","geometry":{"type":"Point","coordinates":[18.481046,50.06478]},"properties":{"name":"Rybnik Niedobczyce Janasa","lines":"9, 24","arr":["9","24"],"terminus":0,"mode":"bus","color":"#0059a9","colorDark":"#00294f","angle":115,"snapDist":26,"label":0}},{"type":"Feature","geometry":{"type":"Point","coordinates":[18.530205,50.089797]},"properties":{"name":"Rybnik Smolna Reymonta","lines":"10, 14, 33, 43, 48","arr":["10","14","33","43","48"],"terminus":0,"mode":"bus","color":"#0059a9","colorDark":"#00294f","angle":11,"snapDist":9,"label":1}},{"type":"Feature","geometry":{"type":"Point","coordinates":[18.449659,50.079874]},"properties":{"name":"Rydułtowy Piekarnia","lines":"10","arr":["10"],"terminus":0,"mode":"bus","color":"#0059a9","colorDark":"#00294f","angle":7.5,"snapDist":1,"label":1}},{"type":"Feature","geometry":{"type":"Point","coordinates":[18.439572,50.077731]},"properties":{"name":"Rydułtowy Kowalski","lines":"10, 23","arr":["10","23"],"terminus":0,"mode":"bus","color":"#0059a9","colorDark":"#00294f","angle":310.5,"snapDist":5,"label":1}},{"type":"Feature","geometry":{"type":"Point","coordinates":[18.421626,50.075141]},"properties":{"name":"Rydułtowy Orłowiec","lines":"10, 23, 28","arr":["10","23","28"],"terminus":0,"mode":"bus","color":"#0059a9","colorDark":"#00294f","angle":345,"snapDist":4,"label":1}},{"type":"Feature","geometry":{"type":"Point","coordinates":[18.419503,50.067859]},"properties":{"name":"Rydułtowy Ładna","lines":"10, 23, 28","arr":["10","23","28"],"terminus":0,"mode":"bus","color":"#0059a9","colorDark":"#00294f","angle":208.8,"snapDist":5,"label":1}},{"type":"Feature","geometry":{"type":"Point","coordinates":[18.425422,50.065521]},"properties":{"name":"Rydułtowy Ofiar Terroru","lines":"10, 28","arr":["10","28"],"terminus":0,"mode":"bus","color":"#0059a9","colorDark":"#00294f","angle":326,"snapDist":8,"label":1}},{"type":"Feature","geometry":{"type":"Point","coordinates":[18.405175,50.050807]},"properties":{"name":"Pszów Traugutta Granica","lines":"10","arr":["10"],"terminus":0,"mode":"bus","color":"#0059a9","colorDark":"#00294f","angle":127.4,"snapDist":9,"label":1}},{"type":"Feature","geometry":{"type":"Point","coordinates":[18.403061,50.041696]},"properties":{"name":"Pszów Traugutta ZSZ","lines":"10","arr":["10"],"terminus":0,"mode":"bus","color":"#0059a9","colorDark":"#00294f","angle":312.7,"snapDist":4,"label":1}},{"type":"Feature","geometry":{"type":"Point","coordinates":[18.397016,50.040549]},"properties":{"name":"Pszów DA","lines":"10","arr":["10"],"terminus":1,"mode":"bus","color":"#0059a9","colorDark":"#00294f","angle":345.6,"snapDist":8,"label":1}},{"type":"Feature","geometry":{"type":"Point","coordinates":[18.397016,50.040549]},"properties":{"name":"Pszów DA","lines":"10","arr":["10"],"terminus":1,"mode":"bus","color":"#0059a9","colorDark":"#00294f","angle":165.6,"snapDist":6,"label":0}},{"type":"Feature","geometry":{"type":"Point","coordinates":[18.403427,50.041991]},"properties":{"name":"Pszów Traugutta ZSZ","lines":"10","arr":["10"],"terminus":0,"mode":"bus","color":"#0059a9","colorDark":"#00294f","angle":127.8,"snapDist":2,"label":0}},{"type":"Feature","geometry":{"type":"Point","coordinates":[18.406184,50.051654]},"properties":{"name":"Pszów Traugutta Granica","lines":"10","arr":["10"],"terminus":0,"mode":"bus","color":"#0059a9","colorDark":"#00294f","angle":-52.6,"snapDist":7,"label":0}},{"type":"Feature","geometry":{"type":"Point","coordinates":[18.424296,50.065112]},"properties":{"name":"Rydułtowy Ofiar Terroru","lines":"10, 28","arr":["10","28"],"terminus":0,"mode":"bus","color":"#0059a9","colorDark":"#00294f","angle":154.2,"snapDist":14,"label":0}},{"type":"Feature","geometry":{"type":"Point","coordinates":[18.419797,50.067754]},"properties":{"name":"Rydułtowy Ładna","lines":"10, 23, 28","arr":["10","23","28"],"terminus":0,"mode":"bus","color":"#0059a9","colorDark":"#00294f","angle":29.7,"snapDist":3,"label":0}},{"type":"Feature","geometry":{"type":"Point","coordinates":[18.423901,50.075555]},"properties":{"name":"Rydułtowy Orłowiec","lines":"10, 23","arr":["10","23"],"terminus":0,"mode":"bus","color":"#0059a9","colorDark":"#00294f","angle":163.6,"snapDist":5,"label":0}},{"type":"Feature","geometry":{"type":"Point","coordinates":[18.439572,50.077731]},"properties":{"name":"Rydułtowy Kowalski","lines":"10, 23","arr":["10","23"],"terminus":0,"mode":"bus","color":"#0059a9","colorDark":"#00294f","angle":130.5,"snapDist":5,"label":0}},{"type":"Feature","geometry":{"type":"Point","coordinates":[18.452818,50.079552]},"properties":{"name":"Radoszowy Kościół","lines":"10","arr":["10"],"terminus":0,"mode":"bus","color":"#0059a9","colorDark":"#00294f","angle":183.9,"snapDist":19,"label":0}},{"type":"Feature","geometry":{"type":"Point","coordinates":[18.526776,50.090303]},"properties":{"name":"Rybnik Smolna Reymonta","lines":"10, 14, 33, 43, 48","arr":["10","14","33","43","48"],"terminus":0,"mode":"bus","color":"#0059a9","colorDark":"#00294f","angle":213.9,"snapDist":7,"label":1}},{"type":"Feature","geometry":{"type":"Point","coordinates":[18.554997,50.060198]},"properties":{"name":"Rybnik Chwałowice Pętla","lines":"12, 13, 15, 27, 29, 33, 36, 41, 43","arr":["12","13","15","27","29","33","36","41","43"],"terminus":1,"mode":"bus","color":"#0059a9","colorDark":"#00294f","angle":54.6,"snapDist":10,"label":1}},{"type":"Feature","geometry":{"type":"Point","coordinates":[18.551887,50.063325]},"properties":{"name":"Rybnik Chwałowice Osiedle","lines":"12, 13, 15, 27, 29, 33, 36, 41, 43","arr":["12","13","15","27","29","33","36","41","43"],"terminus":0,"mode":"bus","color":"#0059a9","colorDark":"#00294f","angle":50.5,"snapDist":10,"label":1}},{"type":"Feature","geometry":{"type":"Point","coordinates":[18.546702,50.103325]},"properties":{"name":"Rybnik Północ Gliwicka Szpital","lines":"12, 13, 14, 23, 26, 49, N6, PR","arr":["12","13","14","23","26","49","N6","PR"],"terminus":0,"mode":"bus","color":"#0059a9","colorDark":"#00294f","angle":100.7,"snapDist":3,"label":1}},{"type":"Feature","geometry":{"type":"Point","coordinates":[18.548252,50.115807]},"properties":{"name":"Rybnik Wielopole Skrzyżowanie","lines":"12, 13, 14, 26, 49, N6","arr":["12","13","14","26","49","N6"],"terminus":0,"mode":"bus","color":"#0059a9","colorDark":"#00294f","angle":102.9,"snapDist":3,"label":1}},{"type":"Feature","geometry":{"type":"Point","coordinates":[18.550394,50.12279]},"properties":{"name":"Rybnik Wielopole Szkoła","lines":"12, 13, 14","arr":["12","13","14"],"terminus":0,"mode":"bus","color":"#0059a9","colorDark":"#00294f","angle":-89.9,"snapDist":7,"label":1}},{"type":"Feature","geometry":{"type":"Point","coordinates":[18.550384,50.13011]},"properties":{"name":"Rybnik Wielopole Wiadukt","lines":"12, 13, 14","arr":["12","13","14"],"terminus":0,"mode":"bus","color":"#0059a9","colorDark":"#00294f","angle":89.8,"snapDist":8,"label":1}},{"type":"Feature","geometry":{"type":"Point","coordinates":[18.542061,50.133478]},"properties":{"name":"Rybnik Rybnicka Kuźnia WORD","lines":"12, 48","arr":["12","48"],"terminus":1,"mode":"bus","color":"#0059a9","colorDark":"#00294f","angle":317.3,"snapDist":6,"label":1}},{"type":"Feature","geometry":{"type":"Point","coordinates":[18.536535,50.132305]},"properties":{"name":"Rybnik Rybnicka Kuźnia Boisko","lines":"12, 48","arr":["12","48"],"terminus":0,"mode":"bus","color":"#0059a9","colorDark":"#00294f","angle":326.6,"snapDist":2,"label":1}},{"type":"Feature","geometry":{"type":"Point","coordinates":[18.526639,50.132601]},"properties":{"name":"Rybnik Rybnicka Kuźnia Chłodnie","lines":"12, 48","arr":["12","48"],"terminus":0,"mode":"bus","color":"#0059a9","colorDark":"#00294f","angle":56.7,"snapDist":2,"label":1}},{"type":"Feature","geometry":{"type":"Point","coordinates":[18.521487,50.130991]},"properties":{"name":"Rybnik Rybnicka Kuźnia Elektrownia","lines":"12, 26, 34, 48, 49, N6","arr":["12","26","34","48","49","N6"],"terminus":0,"mode":"bus","color":"#0059a9","colorDark":"#00294f","angle":293,"snapDist":8,"label":1}},{"type":"Feature","geometry":{"type":"Point","coordinates":[18.523036,50.12695]},"properties":{"name":"Rybnik Rybnicka Kuźnia Osiedle","lines":"12, 26, 34, 48, 49, N6","arr":["12","26","34","48","49","N6"],"terminus":0,"mode":"bus","color":"#0059a9","colorDark":"#00294f","angle":245.1,"snapDist":19,"label":1}},{"type":"Feature","geometry":{"type":"Point","coordinates":[18.520985,50.119557]},"properties":{"name":"Rybnik Orzepowice Rudzka","lines":"12, 43, 45, 48, PR","arr":["12","43","45","48","PR"],"terminus":0,"mode":"bus","color":"#0059a9","colorDark":"#00294f","angle":207.1,"snapDist":7,"label":1}},{"type":"Feature","geometry":{"type":"Point","coordinates":[18.539891,50.098921]},"properties":{"name":"Rybnik Śródmieście Kampus","lines":"12, 24, 34, 43, N8","arr":["12","24","34","43","N8"],"terminus":1,"mode":"bus","color":"#0059a9","colorDark":"#00294f","angle":252.4,"snapDist":15,"label":1}},{"type":"Feature","geometry":{"type":"Point","coordinates":[18.547091,50.081164]},"properties":{"name":"Rybnik Meksyk Park","lines":"12, 15, 22, 23, 27, 29, 32, 33, 36, 41, 43, 46A, N8","arr":["12","15","22","23","27","29","32","33","36","41","43","46A","N8"],"terminus":0,"mode":"bus","color":"#0059a9","colorDark":"#00294f","angle":-95.1,"snapDist":5,"label":0}},{"type":"Feature","geometry":{"type":"Point","coordinates":[18.548899,50.071749]},"properties":{"name":"Rybnik Chwałowice Kopalnia","lines":"12, 15, 22, 23, 27, 29, 32, 33, 36, 41, 42, 43, N8","arr":["12","15","22","23","27","29","32","33","36","41","42","43","N8"],"terminus":1,"mode":"bus","color":"#0059a9","colorDark":"#00294f","angle":93.4,"snapDist":1,"label":0}},{"type":"Feature","geometry":{"type":"Point","coordinates":[18.55237,50.062858]},"properties":{"name":"Rybnik Chwałowice Osiedle","lines":"12, 15, 27, 29, 32, 33, 36, 41, 43","arr":["12","15","27","29","32","33","36","41","43"],"terminus":0,"mode":"bus","color":"#0059a9","colorDark":"#00294f","angle":-116.4,"snapDist":14,"label":0}},{"type":"Feature","geometry":{"type":"Point","coordinates":[18.554935,50.060069]},"properties":{"name":"Rybnik Chwałowice Pętla","lines":"12, 15, 27, 29, 36, 41, 43","arr":["12","15","27","29","36","41","43"],"terminus":1,"mode":"bus","color":"#0059a9","colorDark":"#00294f","angle":149,"snapDist":9,"label":0}},{"type":"Feature","geometry":{"type":"Point","coordinates":[18.608644,50.046717]},"properties":{"name":"Rybnik Boguszowice Osiedle Pętla","lines":"13, 15, 46, 46A, 48, 49","arr":["13","15","46","46A","48","49"],"terminus":1,"mode":"bus","color":"#0059a9","colorDark":"#00294f","angle":164.7,"snapDist":4,"label":1}},{"type":"Feature","geometry":{"type":"Point","coordinates":[18.600266,50.04817]},"properties":{"name":"Rybnik Boguszowice Osiedle Patriotów","lines":"13, 42, 46, 46A, 48, 49","arr":["13","42","46","46A","48","49"],"terminus":0,"mode":"bus","color":"#0059a9","colorDark":"#00294f","angle":332.7,"snapDist":3,"label":1}},{"type":"Feature","geometry":{"type":"Point","coordinates":[18.588848,50.04913]},"properties":{"name":"Rybnik Boguszowice Osiedle Kopalnia","lines":"13, 42, 46, 46A, 48, 49","arr":["13","42","46","46A","48","49"],"terminus":0,"mode":"bus","color":"#0059a9","colorDark":"#00294f","angle":349.2,"snapDist":7,"label":1}},{"type":"Feature","geometry":{"type":"Point","coordinates":[18.588961,50.043112]},"properties":{"name":"Rybnik Boguszowice Osiedle Jastrzębska","lines":"13","arr":["13"],"terminus":0,"mode":"bus","color":"#0059a9","colorDark":"#00294f","angle":260.2,"snapDist":1,"label":1}},{"type":"Feature","geometry":{"type":"Point","coordinates":[18.59042,50.034746]},"properties":{"name":"Świerklany Plebiscytowa","lines":"13","arr":["13"],"terminus":0,"mode":"bus","color":"#0059a9","colorDark":"#00294f","angle":287.1,"snapDist":9,"label":1}},{"type":"Feature","geometry":{"type":"Point","coordinates":[18.586964,50.029871]},"properties":{"name":"Świerklany Górne","lines":"13, 33","arr":["13","33"],"terminus":0,"mode":"bus","color":"#0059a9","colorDark":"#00294f","angle":45.1,"snapDist":5,"label":1}},{"type":"Feature","geometry":{"type":"Point","coordinates":[18.580889,50.034454]},"properties":{"name":"Świerklany Piekarnia","lines":"13, 33","arr":["13","33"],"terminus":0,"mode":"bus","color":"#0059a9","colorDark":"#00294f","angle":64.6,"snapDist":4,"label":1}},{"type":"Feature","geometry":{"type":"Point","coordinates":[18.572244,50.04388]},"properties":{"name":"Jankowice Urząd Gminy","lines":"13, 33","arr":["13","33"],"terminus":0,"mode":"bus","color":"#0059a9","colorDark":"#00294f","angle":-124.2,"snapDist":10,"label":1}},{"type":"Feature","geometry":{"type":"Point","coordinates":[18.568098,50.047784]},"properties":{"name":"Jankowice Gwarek","lines":"13, 30, 33","arr":["13","30","33"],"terminus":0,"mode":"bus","color":"#0059a9","colorDark":"#00294f","angle":-124.4,"snapDist":7,"label":1}},{"type":"Feature","geometry":{"type":"Point","coordinates":[18.558353,50.055712]},"properties":{"name":"Jankowice Świerklańska","lines":"13, 33","arr":["13","33"],"terminus":0,"mode":"bus","color":"#0059a9","colorDark":"#00294f","angle":77.3,"snapDist":4,"label":1}},{"type":"Feature","geometry":{"type":"Point","coordinates":[18.550257,50.13766]},"properties":{"name":"Rybnik Golejów Górka","lines":"13, 14, 34","arr":["13","14","34"],"terminus":0,"mode":"bus","color":"#0059a9","colorDark":"#00294f","angle":82.9,"snapDist":9,"label":1}},{"type":"Feature","geometry":{"type":"Point","coordinates":[18.548856,50.143178]},"properties":{"name":"Rybnik Golejów Skrzyżowanie","lines":"13, 14, 34","arr":["13","14","34"],"terminus":0,"mode":"bus","color":"#0059a9","colorDark":"#00294f","angle":77.6,"snapDist":6,"label":1}},{"type":"Feature","geometry":{"type":"Point","coordinates":[18.543066,50.144348]},"properties":{"name":"Rybnik Golejów Szkoła","lines":"13, 14","arr":["13","14"],"terminus":0,"mode":"bus","color":"#0059a9","colorDark":"#00294f","angle":169.8,"snapDist":18,"label":1}},{"type":"Feature","geometry":{"type":"Point","coordinates":[18.531574,50.140857]},"properties":{"name":"Rybnik Grabownia Nowa Grabownia","lines":"13, 14","arr":["13","14"],"terminus":0,"mode":"bus","color":"#0059a9","colorDark":"#00294f","angle":326.8,"snapDist":3,"label":1}},{"type":"Feature","geometry":{"type":"Point","coordinates":[18.52322,50.139713]},"properties":{"name":"Rybnik Grabownia Sklep","lines":"13, 14","arr":["13","14"],"terminus":0,"mode":"bus","color":"#0059a9","colorDark":"#00294f","angle":2.3,"snapDist":1,"label":1}},{"type":"Feature","geometry":{"type":"Point","coordinates":[18.51638,50.141372]},"properties":{"name":"Rybnik Grabownia Olszowiec","lines":"13","arr":["13"],"terminus":1,"mode":"bus","color":"#0059a9","colorDark":"#00294f","angle":45.6,"snapDist":1,"label":1}},{"type":"Feature","geometry":{"type":"Point","coordinates":[18.549629,50.14172]},"properties":{"name":"Rybnik Golejów Kaplica","lines":"14","arr":["14"],"terminus":0,"mode":"bus","color":"#0059a9","colorDark":"#00294f","angle":127.4,"snapDist":6,"label":1}},{"type":"Feature","geometry":{"type":"Point","coordinates":[18.555022,50.143671]},"properties":{"name":"Rybnik Golejów Rondo","lines":"14","arr":["14"],"terminus":0,"mode":"bus","color":"#0059a9","colorDark":"#00294f","angle":-167,"snapDist":7,"label":1}},{"type":"Feature","geometry":{"type":"Point","coordinates":[18.547007,50.148038]},"properties":{"name":"Rybnik Golejów Siedliska","lines":"14, 34","arr":["14","34"],"terminus":0,"mode":"bus","color":"#0059a9","colorDark":"#00294f","angle":76,"snapDist":5,"label":1}},{"type":"Feature","geometry":{"type":"Point","coordinates":[18.542906,50.158894]},"properties":{"name":"Rybnik Ochojec Młynek","lines":"14, 34","arr":["14","34"],"terminus":0,"mode":"bus","color":"#0059a9","colorDark":"#00294f","angle":-101.5,"snapDist":8,"label":1}},{"type":"Feature","geometry":{"type":"Point","coordinates":[18.548206,50.164393]},"properties":{"name":"Rybnik Ochojec Kościół","lines":"14","arr":["14"],"terminus":0,"mode":"bus","color":"#0059a9","colorDark":"#00294f","angle":110.8,"snapDist":7,"label":1}},{"type":"Feature","geometry":{"type":"Point","coordinates":[18.540533,50.166682]},"properties":{"name":"Rybnik Ochojec Centrum","lines":"14, 34","arr":["14","34"],"terminus":0,"mode":"bus","color":"#0059a9","colorDark":"#00294f","angle":261.3,"snapDist":6,"label":1}},{"type":"Feature","geometry":{"type":"Point","coordinates":[18.543237,50.158822]},"properties":{"name":"Rybnik Ochojec Młynek","lines":"14, 34","arr":["14","34"],"terminus":0,"mode":"bus","color":"#0059a9","colorDark":"#00294f","angle":-12.5,"snapDist":17,"label":0}},{"type":"Feature","geometry":{"type":"Point","coordinates":[18.546809,50.148128]},"properties":{"name":"Rybnik Golejów Siedliska","lines":"14, 34","arr":["14","34"],"terminus":0,"mode":"bus","color":"#0059a9","colorDark":"#00294f","angle":12.6,"snapDist":9,"label":0}},{"type":"Feature","geometry":{"type":"Point","coordinates":[18.51638,50.141372]},"properties":{"name":"Rybnik Grabownia Olszowiec","lines":"14","arr":["14"],"terminus":0,"mode":"bus","color":"#0059a9","colorDark":"#00294f","angle":45.6,"snapDist":1,"label":0}},{"type":"Feature","geometry":{"type":"Point","coordinates":[18.528366,50.139706]},"properties":{"name":"Rybnik Grabownia Poloczka","lines":"14","arr":["14"],"terminus":0,"mode":"bus","color":"#0059a9","colorDark":"#00294f","angle":264.6,"snapDist":18,"label":1}},{"type":"Feature","geometry":{"type":"Point","coordinates":[18.542764,50.144312]},"properties":{"name":"Rybnik Golejów Szkoła","lines":"14, 32","arr":["14","32"],"terminus":0,"mode":"bus","color":"#0059a9","colorDark":"#00294f","angle":169.3,"snapDist":14,"label":0}},{"type":"Feature","geometry":{"type":"Point","coordinates":[18.548613,50.143848]},"properties":{"name":"Rybnik Golejów Skrzyżowanie","lines":"14, 32, 34","arr":["14","32","34"],"terminus":0,"mode":"bus","color":"#0059a9","colorDark":"#00294f","angle":256.3,"snapDist":6,"label":0}},{"type":"Feature","geometry":{"type":"Point","coordinates":[18.550383,50.135681]},"properties":{"name":"Rybnik Golejów Górka","lines":"14, 32, 34","arr":["14","32","34"],"terminus":0,"mode":"bus","color":"#0059a9","colorDark":"#00294f","angle":89.3,"snapDist":6,"label":1}},{"type":"Feature","geometry":{"type":"Point","coordinates":[18.550383,50.13051]},"properties":{"name":"Rybnik Wielopole Wiadukt","lines":"14, 32, 41","arr":["14","32","41"],"terminus":0,"mode":"bus","color":"#0059a9","colorDark":"#00294f","angle":-89.9,"snapDist":6,"label":0}},{"type":"Feature","geometry":{"type":"Point","coordinates":[18.55041,50.123438]},"properties":{"name":"Rybnik Wielopole Szkoła","lines":"14, 32, 41","arr":["14","32","41"],"terminus":0,"mode":"bus","color":"#0059a9","colorDark":"#00294f","angle":91.7,"snapDist":6,"label":0}},{"type":"Feature","geometry":{"type":"Point","coordinates":[18.548443,50.116339]},"properties":{"name":"Rybnik Wielopole Skrzyżowanie","lines":"14, 26, 32, 41, 49, N6","arr":["14","26","32","41","49","N6"],"terminus":0,"mode":"bus","color":"#0059a9","colorDark":"#00294f","angle":-75.2,"snapDist":5,"label":0}},{"type":"Feature","geometry":{"type":"Point","coordinates":[18.546692,50.10329]},"properties":{"name":"Rybnik Północ Gliwicka Szpital","lines":"14, 23, 26, 32, 41, 49, N6, PR","arr":["14","23","26","32","41","49","N6","PR"],"terminus":0,"mode":"bus","color":"#0059a9","colorDark":"#00294f","angle":101.6,"snapDist":0,"label":0}},{"type":"Feature","geometry":{"type":"Point","coordinates":[18.565137,50.101685]},"properties":{"name":"Rybnik Paruszowiec Piaski Dworzec Kolejowy","lines":"15, 16, 17, 18, 19, 28","arr":["15","16","17","18","19","28"],"terminus":0,"mode":"bus","color":"#0059a9","colorDark":"#00294f","angle":149.5,"snapDist":3,"label":1}},{"type":"Feature","geometry":{"type":"Point","coordinates":[18.575894,50.098241]},"properties":{"name":"Rybnik Paruszowiec Piaski Przemysłowa","lines":"15, 16, 28","arr":["15","16","28"],"terminus":1,"mode":"bus","color":"#0059a9","colorDark":"#00294f","angle":192.2,"snapDist":22,"label":1}},{"type":"Feature","geometry":{"type":"Point","coordinates":[18.587464,50.095219]},"properties":{"name":"Rybnik Paruszowiec Piaski Wolna","lines":"15, 16","arr":["15","16"],"terminus":0,"mode":"bus","color":"#0059a9","colorDark":"#00294f","angle":203.9,"snapDist":10,"label":1}},{"type":"Feature","geometry":{"type":"Point","coordinates":[18.592946,50.092322]},"properties":{"name":"Rybnik Ligota Ligocka Kuźnia Skrzyż","lines":"15, 16","arr":["15","16"],"terminus":0,"mode":"bus","color":"#0059a9","colorDark":"#00294f","angle":232.5,"snapDist":8,"label":1}},{"type":"Feature","geometry":{"type":"Point","coordinates":[18.5987,50.089006]},"properties":{"name":"Rybnik Ligota Ligocka Kuźnia Kościół","lines":"15, 16","arr":["15","16"],"terminus":0,"mode":"bus","color":"#0059a9","colorDark":"#00294f","angle":221.2,"snapDist":10,"label":1}},{"type":"Feature","geometry":{"type":"Point","coordinates":[18.607465,50.085458]},"properties":{"name":"Rybnik Ligota Ligocka Kuźnia Wolna","lines":"15, 16","arr":["15","16"],"terminus":0,"mode":"bus","color":"#0059a9","colorDark":"#00294f","angle":193.1,"snapDist":8,"label":1}},{"type":"Feature","geometry":{"type":"Point","coordinates":[18.615623,50.084226]},"properties":{"name":"Rybnik Gotartowice Sygnały","lines":"15, 16","arr":["15","16"],"terminus":0,"mode":"bus","color":"#0059a9","colorDark":"#00294f","angle":193.2,"snapDist":4,"label":1}},{"type":"Feature","geometry":{"type":"Point","coordinates":[18.612629,50.080365]},"properties":{"name":"Rybnik Gotartowice Rondo Sygnały","lines":"15, 16","arr":["15","16"],"terminus":0,"mode":"bus","color":"#0059a9","colorDark":"#00294f","angle":292.5,"snapDist":1,"label":0}},{"type":"Feature","geometry":{"type":"Point","coordinates":[18.613567,50.079226]},"properties":{"name":"Rybnik Gotartowice Ziołowa","lines":"15, 45, 48, 52","arr":["15","45","48","52"],"terminus":0,"mode":"bus","color":"#0059a9","colorDark":"#00294f","angle":204.4,"snapDist":8,"label":1}},{"type":"Feature","geometry":{"type":"Point","coordinates":[18.618432,50.077706]},"properties":{"name":"Rybnik Gotartowice Zgodna","lines":"15, 45, 48, 52","arr":["15","45","48","52"],"terminus":0,"mode":"bus","color":"#0059a9","colorDark":"#00294f","angle":209.9,"snapDist":5,"label":1}},{"type":"Feature","geometry":{"type":"Point","coordinates":[18.616357,50.07523]},"properties":{"name":"Rybnik Gotartowice Straż","lines":"15, 45, 48","arr":["15","45","48"],"terminus":0,"mode":"bus","color":"#0059a9","colorDark":"#00294f","angle":323.7,"snapDist":3,"label":1}},{"type":"Feature","geometry":{"type":"Point","coordinates":[18.608776,50.071544]},"properties":{"name":"Rybnik Gotartowice Gotartowicka","lines":"15, 45, 48","arr":["15","45","48"],"terminus":0,"mode":"bus","color":"#0059a9","colorDark":"#00294f","angle":327.7,"snapDist":1,"label":1}},{"type":"Feature","geometry":{"type":"Point","coordinates":[18.599881,50.065125]},"properties":{"name":"Rybnik Boguszowice Stare Strażacka","lines":"15, 42, 45, 46, 46A, 48, N8","arr":["15","42","45","46","46A","48","N8"],"terminus":0,"mode":"bus","color":"#0059a9","colorDark":"#00294f","angle":289.1,"snapDist":8,"label":1}},{"type":"Feature","geometry":{"type":"Point","coordinates":[18.599558,50.061746]},"properties":{"name":"Rybnik Boguszowice Stare Szkoła","lines":"15, 42, 46, 46A, 48, N8","arr":["15","42","46","46A","48","N8"],"terminus":0,"mode":"bus","color":"#0059a9","colorDark":"#00294f","angle":276.8,"snapDist":4,"label":1}},{"type":"Feature","geometry":{"type":"Point","coordinates":[18.597436,50.055836]},"properties":{"name":"Rybnik Boguszowice Stare Poczta","lines":"15, 42, 46, 46A, N8","arr":["15","42","46","46A","N8"],"terminus":0,"mode":"bus","color":"#0059a9","colorDark":"#00294f","angle":257,"snapDist":18,"label":1}},{"type":"Feature","geometry":{"type":"Point","coordinates":[18.597406,50.053221]},"properties":{"name":"Rybnik Boguszowice Stare Sztolniowa","lines":"15, 42, 46, 46A","arr":["15","42","46","46A"],"terminus":0,"mode":"bus","color":"#0059a9","colorDark":"#00294f","angle":266.2,"snapDist":2,"label":1}},{"type":"Feature","geometry":{"type":"Point","coordinates":[18.605679,50.051453]},"properties":{"name":"Rybnik Boguszowice Osiedle Rajska","lines":"15, 42, N8","arr":["15","42","N8"],"terminus":0,"mode":"bus","color":"#0059a9","colorDark":"#00294f","angle":226.5,"snapDist":1,"label":1}},{"type":"Feature","geometry":{"type":"Point","coordinates":[18.608715,50.046808]},"properties":{"name":"Rybnik Boguszowice Osiedle Pętla","lines":"15","arr":["15"],"terminus":1,"mode":"bus","color":"#0059a9","colorDark":"#00294f","angle":27.9,"snapDist":7,"label":0}},{"type":"Feature","geometry":{"type":"Point","coordinates":[18.606107,50.050873]},"properties":{"name":"Rybnik Boguszowice Osiedle Rajska","lines":"15, 42, N8","arr":["15","42","N8"],"terminus":0,"mode":"bus","color":"#0059a9","colorDark":"#00294f","angle":78.8,"snapDist":4,"label":0}},{"type":"Feature","geometry":{"type":"Point","coordinates":[18.597371,50.0538]},"properties":{"name":"Rybnik Boguszowice Stare Sztolniowa","lines":"15","arr":["15"],"terminus":0,"mode":"bus","color":"#0059a9","colorDark":"#00294f","angle":88.4,"snapDist":1,"label":0}},{"type":"Feature","geometry":{"type":"Point","coordinates":[18.597436,50.055836]},"properties":{"name":"Rybnik Boguszowice Stare Poczta","lines":"15, 42, 46, 46A, N8","arr":["15","42","46","46A","N8"],"terminus":0,"mode":"bus","color":"#0059a9","colorDark":"#00294f","angle":-103,"snapDist":18,"label":0}},{"type":"Feature","geometry":{"type":"Point","coordinates":[18.59942,50.061087]},"properties":{"name":"Rybnik Boguszowice Stare Szkoła","lines":"15, 42, 46, 46A, 48, N8","arr":["15","42","46","46A","48","N8"],"terminus":0,"mode":"bus","color":"#0059a9","colorDark":"#00294f","angle":-81.1,"snapDist":17,"label":0}},{"type":"Feature","geometry":{"type":"Point","coordinates":[18.599877,50.065117]},"properties":{"name":"Rybnik Boguszowice Stare Strażacka","lines":"15, 42, 45, 46, 46A, 48, N8","arr":["15","42","45","46","46A","48","N8"],"terminus":0,"mode":"bus","color":"#0059a9","colorDark":"#00294f","angle":109.1,"snapDist":3,"label":0}},{"type":"Feature","geometry":{"type":"Point","coordinates":[18.611274,50.072876]},"properties":{"name":"Rybnik Gotartowice Gotartowicka","lines":"15, 45, 48","arr":["15","45","48"],"terminus":0,"mode":"bus","color":"#0059a9","colorDark":"#00294f","angle":133.5,"snapDist":3,"label":1}},{"type":"Feature","geometry":{"type":"Point","coordinates":[18.616225,50.075042]},"properties":{"name":"Rybnik Gotartowice Straż","lines":"15, 45, 48","arr":["15","45","48"],"terminus":0,"mode":"bus","color":"#0059a9","colorDark":"#00294f","angle":229.8,"snapDist":12,"label":0}},{"type":"Feature","geometry":{"type":"Point","coordinates":[18.617328,50.078085]},"properties":{"name":"Rybnik Gotartowice Zgodna","lines":"15, 45, 48, 52","arr":["15","45","48","52"],"terminus":0,"mode":"bus","color":"#0059a9","colorDark":"#00294f","angle":27.1,"snapDist":8,"label":0}},{"type":"Feature","geometry":{"type":"Point","coordinates":[18.612629,50.080365]},"properties":{"name":"Rybnik Gotartowice Rondo Sygnały","lines":"15, 51","arr":["15","51"],"terminus":1,"mode":"bus","color":"#0059a9","colorDark":"#00294f","angle":112.5,"snapDist":1,"label":1}},{"type":"Feature","geometry":{"type":"Point","coordinates":[18.615623,50.084226]},"properties":{"name":"Rybnik Gotartowice Sygnały","lines":"15, 51","arr":["15","51"],"terminus":0,"mode":"bus","color":"#0059a9","colorDark":"#00294f","angle":13.2,"snapDist":4,"label":0}},{"type":"Feature","geometry":{"type":"Point","coordinates":[18.606109,50.085662]},"properties":{"name":"Rybnik Ligota Ligocka Kuźnia Wolna","lines":"15, 51","arr":["15","51"],"terminus":0,"mode":"bus","color":"#0059a9","colorDark":"#00294f","angle":13.1,"snapDist":7,"label":0}},{"type":"Feature","geometry":{"type":"Point","coordinates":[18.5987,50.089006]},"properties":{"name":"Rybnik Ligota Ligocka Kuźnia Kościół","lines":"15, 51","arr":["15","51"],"terminus":0,"mode":"bus","color":"#0059a9","colorDark":"#00294f","angle":-138.8,"snapDist":10,"label":0}},{"type":"Feature","geometry":{"type":"Point","coordinates":[18.592938,50.092328]},"properties":{"name":"Rybnik Ligota Ligocka Kuźnia Skrzyż","lines":"15, 51","arr":["15","51"],"terminus":0,"mode":"bus","color":"#0059a9","colorDark":"#00294f","angle":-127.5,"snapDist":7,"label":0}},{"type":"Feature","geometry":{"type":"Point","coordinates":[18.587487,50.095212]},"properties":{"name":"Rybnik Paruszowiec Piaski Wolna","lines":"15, 51","arr":["15","51"],"terminus":0,"mode":"bus","color":"#0059a9","colorDark":"#00294f","angle":23.9,"snapDist":6,"label":0}},{"type":"Feature","geometry":{"type":"Point","coordinates":[18.575317,50.09832]},"properties":{"name":"Rybnik Paruszowiec Piaski Przemysłowa","lines":"15, 28, 51","arr":["15","28","51"],"terminus":1,"mode":"bus","color":"#0059a9","colorDark":"#00294f","angle":12,"snapDist":6,"label":0}},{"type":"Feature","geometry":{"type":"Point","coordinates":[18.567138,50.101306]},"properties":{"name":"Rybnik Paruszowiec Piaski Huta Silesia","lines":"15, 28","arr":["15","28"],"terminus":0,"mode":"bus","color":"#0059a9","colorDark":"#00294f","angle":-139.9,"snapDist":29,"label":1}},{"type":"Feature","geometry":{"type":"Point","coordinates":[18.553522,50.100945]},"properties":{"name":"Rybnik Północ Wyzwolenia","lines":"15, 30","arr":["15","30"],"terminus":0,"mode":"bus","color":"#0059a9","colorDark":"#00294f","angle":13.2,"snapDist":1,"label":0}},{"type":"Feature","geometry":{"type":"Point","coordinates":[18.558806,50.099173]},"properties":{"name":"Rybnik Północ Karolinka","lines":"16, 17, 18, 19, 28, 46","arr":["16","17","18","19","28","46"],"terminus":0,"mode":"bus","color":"#0059a9","colorDark":"#00294f","angle":78.3,"snapDist":4,"label":1}},{"type":"Feature","geometry":{"type":"Point","coordinates":[18.577348,50.103452]},"properties":{"name":"Rybnik Paruszowiec Piaski Stawowa","lines":"16","arr":["16"],"terminus":0,"mode":"bus","color":"#0059a9","colorDark":"#00294f","angle":212,"snapDist":21,"label":1}},{"type":"Feature","geometry":{"type":"Point","coordinates":[18.58164,50.101116]},"properties":{"name":"Rybnik Paruszowiec Piaski Błonia","lines":"16","arr":["16"],"terminus":0,"mode":"bus","color":"#0059a9","colorDark":"#00294f","angle":295,"snapDist":2,"label":1}},{"type":"Feature","geometry":{"type":"Point","coordinates":[18.610967,50.080006]},"properties":{"name":"Rybnik Gotartowice Ziołowa","lines":"16, 45, 48, 52","arr":["16","45","48","52"],"terminus":0,"mode":"bus","color":"#0059a9","colorDark":"#00294f","angle":25.3,"snapDist":5,"label":0}},{"type":"Feature","geometry":{"type":"Point","coordinates":[18.598803,50.083695]},"properties":{"name":"Rybnik Ligota Ligocka Kuźnia Jaśminowa","lines":"16, 45, 48, 52","arr":["16","45","48","52"],"terminus":0,"mode":"bus","color":"#0059a9","colorDark":"#00294f","angle":25,"snapDist":1,"label":1}},{"type":"Feature","geometry":{"type":"Point","coordinates":[18.585619,50.088614]},"properties":{"name":"Rybnik Ligota Ligocka Kuźnia R Boguszowicki","lines":"16, 42, 45, 46, 48, 52","arr":["16","42","45","46","48","52"],"terminus":0,"mode":"bus","color":"#0059a9","colorDark":"#00294f","angle":58.1,"snapDist":1,"label":1}},{"type":"Feature","geometry":{"type":"Point","coordinates":[18.5792,50.091249]},"properties":{"name":"Rybnik Ligota Ligocka Kuźnia Kaplica","lines":"16, 42, 45, 46, 48, 52","arr":["16","42","45","46","48","52"],"terminus":0,"mode":"bus","color":"#0059a9","colorDark":"#00294f","angle":12.1,"snapDist":3,"label":1}},{"type":"Feature","geometry":{"type":"Point","coordinates":[18.569807,50.093198]},"properties":{"name":"Rybnik Ligota Ligocka Kuźnia Żorska","lines":"16, 45, 46, 48, 52","arr":["16","45","46","48","52"],"terminus":0,"mode":"bus","color":"#0059a9","colorDark":"#00294f","angle":24.5,"snapDist":13,"label":1}},{"type":"Feature","geometry":{"type":"Point","coordinates":[18.56298,50.094715]},"properties":{"name":"Rybnik Ligota Ligocka Kuźnia Wiadukt","lines":"16, 45, 46, 48, 52","arr":["16","45","46","48","52"],"terminus":0,"mode":"bus","color":"#0059a9","colorDark":"#00294f","angle":20,"snapDist":4,"label":1}},{"type":"Feature","geometry":{"type":"Point","coordinates":[18.571732,50.10449]},"properties":{"name":"Rybnik Paruszowiec Piaski Mikołowska","lines":"17, 18, 19","arr":["17","18","19"],"terminus":0,"mode":"bus","color":"#0059a9","colorDark":"#00294f","angle":137.6,"snapDist":6,"label":1}},{"type":"Feature","geometry":{"type":"Point","coordinates":[18.638958,50.140026]},"properties":{"name":"Leszczyny Skrzyżowanie","lines":"17","arr":["17"],"terminus":0,"mode":"bus","color":"#0059a9","colorDark":"#00294f","angle":56.9,"snapDist":7,"label":1}},{"type":"Feature","geometry":{"type":"Point","coordinates":[18.628912,50.141071]},"properties":{"name":"Leszczyny Ligonia","lines":"17","arr":["17"],"terminus":0,"mode":"bus","color":"#0059a9","colorDark":"#00294f","angle":339.3,"snapDist":11,"label":1}},{"type":"Feature","geometry":{"type":"Point","coordinates":[18.621845,50.139925]},"properties":{"name":"Leszczyny Broniewskiego","lines":"17","arr":["17"],"terminus":0,"mode":"bus","color":"#0059a9","colorDark":"#00294f","angle":342,"snapDist":8,"label":1}},{"type":"Feature","geometry":{"type":"Point","coordinates":[18.633284,50.142391]},"properties":{"name":"Leszczyny Rondo","lines":"17","arr":["17"],"terminus":0,"mode":"bus","color":"#0059a9","colorDark":"#00294f","angle":221.3,"snapDist":2,"label":1}},{"type":"Feature","geometry":{"type":"Point","coordinates":[18.638729,50.140251]},"properties":{"name":"Leszczyny Skrzyżowanie","lines":"17","arr":["17"],"terminus":0,"mode":"bus","color":"#0059a9","colorDark":"#00294f","angle":236.8,"snapDist":4,"label":0}},{"type":"Feature","geometry":{"type":"Point","coordinates":[18.571699,50.104471]},"properties":{"name":"Rybnik Paruszowiec Piaski Mikołowska","lines":"17, 18, 19","arr":["17","18","19"],"terminus":0,"mode":"bus","color":"#0059a9","colorDark":"#00294f","angle":317.6,"snapDist":7,"label":0}},{"type":"Feature","geometry":{"type":"Point","coordinates":[18.566753,50.102288]},"properties":{"name":"Rybnik Paruszowiec Piaski Dworzec Kolejowy","lines":"17, 18, 19, 51","arr":["17","18","19","51"],"terminus":0,"mode":"bus","color":"#0059a9","colorDark":"#00294f","angle":331,"snapDist":9,"label":0}},{"type":"Feature","geometry":{"type":"Point","coordinates":[18.593459,50.117784]},"properties":{"name":"Rybnik Kamień Las","lines":"18, 19","arr":["18","19"],"terminus":0,"mode":"bus","color":"#0059a9","colorDark":"#00294f","angle":51.4,"snapDist":8,"label":1}},{"type":"Feature","geometry":{"type":"Point","coordinates":[18.594489,50.128722]},"properties":{"name":"Rybnik Kamień Robotnicza","lines":"18, 19","arr":["18","19"],"terminus":0,"mode":"bus","color":"#0059a9","colorDark":"#00294f","angle":106.4,"snapDist":5,"label":1}},{"type":"Feature","geometry":{"type":"Point","coordinates":[18.596392,50.13286]},"properties":{"name":"Rybnik Kamień Ośrodek Sportowy","lines":"18, 19","arr":["18","19"],"terminus":0,"mode":"bus","color":"#0059a9","colorDark":"#00294f","angle":106.3,"snapDist":12,"label":1}},{"type":"Feature","geometry":{"type":"Point","coordinates":[18.603388,50.139818]},"properties":{"name":"Rybnik Kamień Szkoła","lines":"18","arr":["18"],"terminus":0,"mode":"bus","color":"#0059a9","colorDark":"#00294f","angle":143.1,"snapDist":3,"label":1}},{"type":"Feature","geometry":{"type":"Point","coordinates":[18.61192,50.144082]},"properties":{"name":"Rybnik Kamień Szewczyka","lines":"18","arr":["18"],"terminus":0,"mode":"bus","color":"#0059a9","colorDark":"#00294f","angle":134.5,"snapDist":2,"label":1}},{"type":"Feature","geometry":{"type":"Point","coordinates":[18.604618,50.149589]},"properties":{"name":"Książenice Brzozy","lines":"18","arr":["18"],"terminus":0,"mode":"bus","color":"#0059a9","colorDark":"#00294f","angle":76.4,"snapDist":5,"label":1}},{"type":"Feature","geometry":{"type":"Point","coordinates":[18.598268,50.153278]},"properties":{"name":"Książenice Kościół","lines":"18","arr":["18"],"terminus":0,"mode":"bus","color":"#0059a9","colorDark":"#00294f","angle":286.6,"snapDist":16,"label":1}},{"type":"Feature","geometry":{"type":"Point","coordinates":[18.598454,50.145843]},"properties":{"name":"Rybnik Kamień Pojdy","lines":"18","arr":["18"],"terminus":0,"mode":"bus","color":"#0059a9","colorDark":"#00294f","angle":254.3,"snapDist":9,"label":1}},{"type":"Feature","geometry":{"type":"Point","coordinates":[18.600734,50.140585]},"properties":{"name":"Rybnik Kamień Skrzyżowanie","lines":"18","arr":["18"],"terminus":0,"mode":"bus","color":"#0059a9","colorDark":"#00294f","angle":249.2,"snapDist":14,"label":1}},{"type":"Feature","geometry":{"type":"Point","coordinates":[18.596163,50.132359]},"properties":{"name":"Rybnik Kamień Ośrodek Sportowy","lines":"18, 19","arr":["18","19"],"terminus":0,"mode":"bus","color":"#0059a9","colorDark":"#00294f","angle":106.4,"snapDist":0,"label":0}},{"type":"Feature","geometry":{"type":"Point","coordinates":[18.593908,50.127455]},"properties":{"name":"Rybnik Kamień Robotnicza","lines":"18, 19","arr":["18","19"],"terminus":0,"mode":"bus","color":"#0059a9","colorDark":"#00294f","angle":106.4,"snapDist":6,"label":0}},{"type":"Feature","geometry":{"type":"Point","coordinates":[18.593459,50.117784]},"properties":{"name":"Rybnik Kamień Las","lines":"18, 19","arr":["18","19"],"terminus":0,"mode":"bus","color":"#0059a9","colorDark":"#00294f","angle":51.4,"snapDist":8,"label":0}},{"type":"Feature","geometry":{"type":"Point","coordinates":[18.600729,50.140594]},"properties":{"name":"Rybnik Kamień Skrzyżowanie","lines":"19","arr":["19"],"terminus":0,"mode":"bus","color":"#0059a9","colorDark":"#00294f","angle":-110.8,"snapDist":14,"label":0}},{"type":"Feature","geometry":{"type":"Point","coordinates":[18.59845,50.145852]},"properties":{"name":"Rybnik Kamień Pojdy","lines":"19","arr":["19"],"terminus":0,"mode":"bus","color":"#0059a9","colorDark":"#00294f","angle":-105.7,"snapDist":9,"label":0}},{"type":"Feature","geometry":{"type":"Point","coordinates":[18.599219,50.15353]},"properties":{"name":"Książenice Kościół","lines":"19","arr":["19"],"terminus":0,"mode":"bus","color":"#0059a9","colorDark":"#00294f","angle":212,"snapDist":8,"label":0}},{"type":"Feature","geometry":{"type":"Point","coordinates":[18.604615,50.149598]},"properties":{"name":"Książenice Brzozy","lines":"19","arr":["19"],"terminus":0,"mode":"bus","color":"#0059a9","colorDark":"#00294f","angle":256.4,"snapDist":6,"label":0}},{"type":"Feature","geometry":{"type":"Point","coordinates":[18.611928,50.144088]},"properties":{"name":"Rybnik Kamień Szewczyka","lines":"19","arr":["19"],"terminus":0,"mode":"bus","color":"#0059a9","colorDark":"#00294f","angle":314.5,"snapDist":1,"label":0}},{"type":"Feature","geometry":{"type":"Point","coordinates":[18.603366,50.139807]},"properties":{"name":"Rybnik Kamień Szkoła","lines":"19","arr":["19"],"terminus":0,"mode":"bus","color":"#0059a9","colorDark":"#00294f","angle":322.9,"snapDist":5,"label":0}},{"type":"Feature","geometry":{"type":"Point","coordinates":[18.545926,50.069752]},"properties":{"name":"Rybnik Chwałowice Śląska","lines":"22, 23","arr":["22","23"],"terminus":0,"mode":"bus","color":"#0059a9","colorDark":"#00294f","angle":348,"snapDist":5,"label":0}},{"type":"Feature","geometry":{"type":"Point","coordinates":[18.537342,50.069359]},"properties":{"name":"Rybnik Chwałowice Las","lines":"22, 23","arr":["22","23"],"terminus":0,"mode":"bus","color":"#0059a9","colorDark":"#00294f","angle":275.1,"snapDist":1,"label":0}},{"type":"Feature","geometry":{"type":"Point","coordinates":[18.530597,50.064685]},"properties":{"name":"Rybnik Radziejów Świercze","lines":"22, 23","arr":["22","23"],"terminus":0,"mode":"bus","color":"#0059a9","colorDark":"#00294f","angle":300.6,"snapDist":1,"label":0}},{"type":"Feature","geometry":{"type":"Point","coordinates":[18.526234,50.058919]},"properties":{"name":"Rybnik Radziejów Okulickiego","lines":"22, 23","arr":["22","23"],"terminus":0,"mode":"bus","color":"#0059a9","colorDark":"#00294f","angle":117.8,"snapDist":12,"label":0}},{"type":"Feature","geometry":{"type":"Point","coordinates":[18.520631,50.055784]},"properties":{"name":"Rybnik Radziejów Spółdzielcza","lines":"22, 23","arr":["22","23"],"terminus":0,"mode":"bus","color":"#0059a9","colorDark":"#00294f","angle":320,"snapDist":2,"label":0}},{"type":"Feature","geometry":{"type":"Point","coordinates":[18.516389,50.052175]},"properties":{"name":"Rybnik Popielów Cmentarz","lines":"22","arr":["22"],"terminus":0,"mode":"bus","color":"#0059a9","colorDark":"#00294f","angle":310.4,"snapDist":1,"label":1}},{"type":"Feature","geometry":{"type":"Point","coordinates":[18.509825,50.051013]},"properties":{"name":"Rybnik Popielów Konarskiego","lines":"22","arr":["22"],"terminus":0,"mode":"bus","color":"#0059a9","colorDark":"#00294f","angle":-158.7,"snapDist":27,"label":1}},{"type":"Feature","geometry":{"type":"Point","coordinates":[18.537218,50.083831]},"properties":{"name":"Rybnik Śródmieście Jankowicka","lines":"22, 52","arr":["22","52"],"terminus":0,"mode":"bus","color":"#0059a9","colorDark":"#00294f","angle":120.3,"snapDist":0,"label":0}},{"type":"Feature","geometry":{"type":"Point","coordinates":[18.538844,50.085626]},"properties":{"name":"Rybnik Śródmieście Jankowicka ZUS","lines":"22, 52","arr":["22","52"],"terminus":0,"mode":"bus","color":"#0059a9","colorDark":"#00294f","angle":123.8,"snapDist":3,"label":0}},{"type":"Feature","geometry":{"type":"Point","coordinates":[18.515881,50.053794]},"properties":{"name":"Rybnik Popielów Kościół","lines":"23","arr":["23"],"terminus":0,"mode":"bus","color":"#0059a9","colorDark":"#00294f","angle":-164.2,"snapDist":21,"label":0}},{"type":"Feature","geometry":{"type":"Point","coordinates":[18.510372,50.056143]},"properties":{"name":"Rybnik Popielów Staffa","lines":"23","arr":["23"],"terminus":0,"mode":"bus","color":"#0059a9","colorDark":"#00294f","angle":-125.1,"snapDist":6,"label":0}},{"type":"Feature","geometry":{"type":"Point","coordinates":[18.429998,50.068114]},"properties":{"name":"Rydułtowy Kopalnia","lines":"23","arr":["23"],"terminus":1,"mode":"bus","color":"#0059a9","colorDark":"#00294f","angle":175.9,"snapDist":2,"label":1}},{"type":"Feature","geometry":{"type":"Point","coordinates":[18.43,50.068114]},"properties":{"name":"Rydułtowy Kopalnia","lines":"23","arr":["23"],"terminus":1,"mode":"bus","color":"#0059a9","colorDark":"#00294f","angle":355.9,"snapDist":0,"label":0}},{"type":"Feature","geometry":{"type":"Point","coordinates":[18.442208,50.085321]},"properties":{"name":"Buzowice Skrzyżowanie","lines":"23","arr":["23"],"terminus":0,"mode":"bus","color":"#0059a9","colorDark":"#00294f","angle":200.7,"snapDist":4,"label":0}},{"type":"Feature","geometry":{"type":"Point","coordinates":[18.551945,50.089882]},"properties":{"name":"Rybnik Meksyk Kolejowa","lines":"24","arr":["24"],"terminus":1,"mode":"bus","color":"#0059a9","colorDark":"#00294f","angle":144.2,"snapDist":10,"label":1}},{"type":"Feature","geometry":{"type":"Point","coordinates":[18.545634,50.089277]},"properties":{"name":"Rybnik Śródmieście Dworzec Kolejowy","lines":"24","arr":["24"],"terminus":0,"mode":"bus","color":"#0059a9","colorDark":"#00294f","angle":190,"snapDist":10,"label":0}},{"type":"Feature","geometry":{"type":"Point","coordinates":[18.540998,50.097611]},"properties":{"name":"Rybnik Śródmieście Kampus","lines":"24, 34, 41, 43","arr":["24","34","41","43"],"terminus":1,"mode":"bus","color":"#0059a9","colorDark":"#00294f","angle":-131.1,"snapDist":19,"label":0}},{"type":"Feature","geometry":{"type":"Point","coordinates":[18.533194,50.101095]},"properties":{"name":"Rybnik Maroko Nowiny Dworzec Aut. A","lines":"24","arr":["24"],"terminus":0,"mode":"bus","color":"#0059a9","colorDark":"#00294f","angle":51.6,"snapDist":17,"label":0}},{"type":"Feature","geometry":{"type":"Point","coordinates":[18.514297,50.112835]},"properties":{"name":"Rybnik Orzepowice Góreckiego","lines":"24","arr":["24"],"terminus":0,"mode":"bus","color":"#0059a9","colorDark":"#00294f","angle":339.3,"snapDist":1,"label":1}},{"type":"Feature","geometry":{"type":"Point","coordinates":[18.509016,50.111244]},"properties":{"name":"Rybnik Orzepowice Łączna","lines":"24","arr":["24"],"terminus":0,"mode":"bus","color":"#0059a9","colorDark":"#00294f","angle":329.7,"snapDist":1,"label":1}},{"type":"Feature","geometry":{"type":"Point","coordinates":[18.501052,50.107203]},"properties":{"name":"Rybnik Zebrzydowice Przedmieście","lines":"24","arr":["24"],"terminus":0,"mode":"bus","color":"#0059a9","colorDark":"#00294f","angle":161.6,"snapDist":6,"label":1}},{"type":"Feature","geometry":{"type":"Point","coordinates":[18.493071,50.101556]},"properties":{"name":"Rybnik Zebrzydowice Szkoła","lines":"24","arr":["24"],"terminus":0,"mode":"bus","color":"#0059a9","colorDark":"#00294f","angle":273.9,"snapDist":6,"label":1}},{"type":"Feature","geometry":{"type":"Point","coordinates":[18.476105,50.104745]},"properties":{"name":"Jejkowice Centrum","lines":"24","arr":["24"],"terminus":0,"mode":"bus","color":"#0059a9","colorDark":"#00294f","angle":19.4,"snapDist":3,"label":0}},{"type":"Feature","geometry":{"type":"Point","coordinates":[18.499602,50.095407]},"properties":{"name":"Rybnik Zebrzydowice Kasztanowa","lines":"24","arr":["24"],"terminus":0,"mode":"bus","color":"#0059a9","colorDark":"#00294f","angle":282.1,"snapDist":2,"label":1}},{"type":"Feature","geometry":{"type":"Point","coordinates":[18.50001,50.089801]},"properties":{"name":"Rybnik Zebrzydowice Las","lines":"24","arr":["24"],"terminus":0,"mode":"bus","color":"#0059a9","colorDark":"#00294f","angle":274.7,"snapDist":1,"label":1}},{"type":"Feature","geometry":{"type":"Point","coordinates":[18.487701,50.076916]},"properties":{"name":"Rybnik Niedobczyce Garbocze","lines":"24","arr":["24"],"terminus":0,"mode":"bus","color":"#0059a9","colorDark":"#00294f","angle":256.2,"snapDist":3,"label":1}},{"type":"Feature","geometry":{"type":"Point","coordinates":[18.461974,50.06073]},"properties":{"name":"Rybnik Niewiadom Morcinka","lines":"24","arr":["24"],"terminus":1,"mode":"bus","color":"#0059a9","colorDark":"#00294f","angle":353.7,"snapDist":3,"label":1}},{"type":"Feature","geometry":{"type":"Point","coordinates":[18.487701,50.076916]},"properties":{"name":"Rybnik Niedobczyce Garbocze","lines":"24","arr":["24"],"terminus":0,"mode":"bus","color":"#0059a9","colorDark":"#00294f","angle":76.2,"snapDist":3,"label":0}},{"type":"Feature","geometry":{"type":"Point","coordinates":[18.50001,50.089801]},"properties":{"name":"Rybnik Zebrzydowice Las","lines":"24","arr":["24"],"terminus":0,"mode":"bus","color":"#0059a9","colorDark":"#00294f","angle":94.7,"snapDist":1,"label":0}},{"type":"Feature","geometry":{"type":"Point","coordinates":[18.499602,50.095407]},"properties":{"name":"Rybnik Zebrzydowice Kasztanowa","lines":"24","arr":["24"],"terminus":0,"mode":"bus","color":"#0059a9","colorDark":"#00294f","angle":102.1,"snapDist":2,"label":0}},{"type":"Feature","geometry":{"type":"Point","coordinates":[18.493108,50.101911]},"properties":{"name":"Rybnik Zebrzydowice Szkoła","lines":"24","arr":["24"],"terminus":0,"mode":"bus","color":"#0059a9","colorDark":"#00294f","angle":93.6,"snapDist":2,"label":0}},{"type":"Feature","geometry":{"type":"Point","coordinates":[18.501057,50.107204]},"properties":{"name":"Rybnik Zebrzydowice Przedmieście","lines":"24","arr":["24"],"terminus":0,"mode":"bus","color":"#0059a9","colorDark":"#00294f","angle":161.6,"snapDist":5,"label":0}},{"type":"Feature","geometry":{"type":"Point","coordinates":[18.509023,50.111247]},"properties":{"name":"Rybnik Orzepowice Łączna","lines":"24","arr":["24"],"terminus":0,"mode":"bus","color":"#0059a9","colorDark":"#00294f","angle":149.7,"snapDist":0,"label":0}},{"type":"Feature","geometry":{"type":"Point","coordinates":[18.514297,50.112835]},"properties":{"name":"Rybnik Orzepowice Góreckiego","lines":"24","arr":["24"],"terminus":0,"mode":"bus","color":"#0059a9","colorDark":"#00294f","angle":159.3,"snapDist":1,"label":0}},{"type":"Feature","geometry":{"type":"Point","coordinates":[18.55344,50.089967]},"properties":{"name":"Rybnik Meksyk Kolejowa","lines":"24","arr":["24"],"terminus":1,"mode":"bus","color":"#0059a9","colorDark":"#00294f","angle":144.5,"snapDist":4,"label":0}},{"type":"Feature","geometry":{"type":"Point","coordinates":[18.528944,50.134306]},"properties":{"name":"Rybnik Rybnicka Kuźnia Chłodnie Pętla","lines":"26, 34, 49, N6","arr":["26","34","49","N6"],"terminus":1,"mode":"bus","color":"#0059a9","colorDark":"#00294f","angle":244,"snapDist":7,"label":1}},{"type":"Feature","geometry":{"type":"Point","coordinates":[18.524287,50.124549]},"properties":{"name":"Rybnik Rybnicka Kuźnia Maksymiliana","lines":"26, 49, N6","arr":["26","49","N6"],"terminus":0,"mode":"bus","color":"#0059a9","colorDark":"#00294f","angle":205.6,"snapDist":6,"label":1}},{"type":"Feature","geometry":{"type":"Point","coordinates":[18.530639,50.121995]},"properties":{"name":"Rybnik Rybnicka Kuźnia Szkoła","lines":"26, 49, N6","arr":["26","49","N6"],"terminus":0,"mode":"bus","color":"#0059a9","colorDark":"#00294f","angle":189.2,"snapDist":13,"label":1}},{"type":"Feature","geometry":{"type":"Point","coordinates":[18.543665,50.11803]},"properties":{"name":"Rybnik Wielopole Lipowa","lines":"26, 49, N6","arr":["26","49","N6"],"terminus":0,"mode":"bus","color":"#0059a9","colorDark":"#00294f","angle":198.4,"snapDist":3,"label":1}},{"type":"Feature","geometry":{"type":"Point","coordinates":[18.523391,50.096914]},"properties":{"name":"Rybnik Maroko Nowiny Zielona","lines":"26, 28, 29, 36, 46","arr":["26","28","29","36","46"],"terminus":0,"mode":"bus","color":"#0059a9","colorDark":"#00294f","angle":12.4,"snapDist":6,"label":1}},{"type":"Feature","geometry":{"type":"Point","coordinates":[18.520287,50.09735]},"properties":{"name":"Rybnik Maroko Nowiny Dąbrówki","lines":"26, 28, 29, 36, 46","arr":["26","28","29","36","46"],"terminus":0,"mode":"bus","color":"#0059a9","colorDark":"#00294f","angle":192.2,"snapDist":6,"label":1}},{"type":"Feature","geometry":{"type":"Point","coordinates":[18.544373,50.117946]},"properties":{"name":"Rybnik Wielopole Lipowa","lines":"26, 49, N6","arr":["26","49","N6"],"terminus":0,"mode":"bus","color":"#0059a9","colorDark":"#00294f","angle":17.8,"snapDist":2,"label":0}},{"type":"Feature","geometry":{"type":"Point","coordinates":[18.530642,50.121995]},"properties":{"name":"Rybnik Rybnicka Kuźnia Szkoła","lines":"26, 49, N6","arr":["26","49","N6"],"terminus":0,"mode":"bus","color":"#0059a9","colorDark":"#00294f","angle":-170.8,"snapDist":14,"label":0}},{"type":"Feature","geometry":{"type":"Point","coordinates":[18.5259,50.124043]},"properties":{"name":"Rybnik Rybnicka Kuźnia Maksymiliana","lines":"26, 49, N6","arr":["26","49","N6"],"terminus":0,"mode":"bus","color":"#0059a9","colorDark":"#00294f","angle":-154.2,"snapDist":6,"label":0}},{"type":"Feature","geometry":{"type":"Point","coordinates":[18.523036,50.12695]},"properties":{"name":"Rybnik Rybnicka Kuźnia Osiedle","lines":"26, 34, 41, 48, 49, N6","arr":["26","34","41","48","49","N6"],"terminus":0,"mode":"bus","color":"#0059a9","colorDark":"#00294f","angle":-114.9,"snapDist":19,"label":0}},{"type":"Feature","geometry":{"type":"Point","coordinates":[18.521381,50.13078]},"properties":{"name":"Rybnik Rybnicka Kuźnia Elektrownia","lines":"26, 34, 41, 48, 49, N6","arr":["26","34","41","48","49","N6"],"terminus":0,"mode":"bus","color":"#0059a9","colorDark":"#00294f","angle":104,"snapDist":0,"label":0}},{"type":"Feature","geometry":{"type":"Point","coordinates":[18.528843,50.134383]},"properties":{"name":"Rybnik Rybnicka Kuźnia Chłodnie Pętla","lines":"26, 34, 49","arr":["26","34","49"],"terminus":1,"mode":"bus","color":"#0059a9","colorDark":"#00294f","angle":174.1,"snapDist":11,"label":0}},{"type":"Feature","geometry":{"type":"Point","coordinates":[18.476222,50.104719]},"properties":{"name":"Jejkowice Centrum","lines":"27, 28, 29, 36","arr":["27","28","29","36"],"terminus":0,"mode":"bus","color":"#0059a9","colorDark":"#00294f","angle":19.4,"snapDist":6,"label":0}},{"type":"Feature","geometry":{"type":"Point","coordinates":[18.467347,50.107985]},"properties":{"name":"Jejkowice Kuźnia","lines":"27, 28, 29","arr":["27","28","29"],"terminus":0,"mode":"bus","color":"#0059a9","colorDark":"#00294f","angle":324.7,"snapDist":2,"label":1}},{"type":"Feature","geometry":{"type":"Point","coordinates":[18.45747,50.106148]},"properties":{"name":"Szczerbice Piaskowa","lines":"27, 28, 29","arr":["27","28","29"],"terminus":0,"mode":"bus","color":"#0059a9","colorDark":"#00294f","angle":333.6,"snapDist":5,"label":1}},{"type":"Feature","geometry":{"type":"Point","coordinates":[18.447748,50.104617]},"properties":{"name":"Szczerbice","lines":"27, 28, 29","arr":["27","28","29"],"terminus":0,"mode":"bus","color":"#0059a9","colorDark":"#00294f","angle":19.1,"snapDist":0,"label":1}},{"type":"Feature","geometry":{"type":"Point","coordinates":[18.431154,50.108805]},"properties":{"name":"Gaszowice UG","lines":"27, 28, 29","arr":["27","28","29"],"terminus":0,"mode":"bus","color":"#0059a9","colorDark":"#00294f","angle":-171.7,"snapDist":22,"label":1}},{"type":"Feature","geometry":{"type":"Point","coordinates":[18.420735,50.111894]},"properties":{"name":"Gaszowice Pogwizdów","lines":"27","arr":["27"],"terminus":0,"mode":"bus","color":"#0059a9","colorDark":"#00294f","angle":-106.6,"snapDist":9,"label":1}},{"type":"Feature","geometry":{"type":"Point","coordinates":[18.413455,50.120984]},"properties":{"name":"Sumina Centrum","lines":"27, 36","arr":["27","36"],"terminus":0,"mode":"bus","color":"#0059a9","colorDark":"#00294f","angle":12.1,"snapDist":5,"label":1}},{"type":"Feature","geometry":{"type":"Point","coordinates":[18.400808,50.120557]},"properties":{"name":"Lyski Blazel","lines":"27, 36","arr":["27","36"],"terminus":0,"mode":"bus","color":"#0059a9","colorDark":"#00294f","angle":354.8,"snapDist":6,"label":1}},{"type":"Feature","geometry":{"type":"Point","coordinates":[18.38991,50.11932]},"properties":{"name":"Lyski Rondo","lines":"27, 36","arr":["27","36"],"terminus":1,"mode":"bus","color":"#0059a9","colorDark":"#00294f","angle":335.8,"snapDist":124,"label":1}},{"type":"Feature","geometry":{"type":"Point","coordinates":[18.389689,50.11925]},"properties":{"name":"Lyski Rondo","lines":"27, 29, 36","arr":["27","29","36"],"terminus":1,"mode":"bus","color":"#0059a9","colorDark":"#00294f","angle":-26.1,"snapDist":119,"label":0}},{"type":"Feature","geometry":{"type":"Point","coordinates":[18.400808,50.120557]},"properties":{"name":"Lyski Blazel","lines":"27, 29, 36","arr":["27","29","36"],"terminus":0,"mode":"bus","color":"#0059a9","colorDark":"#00294f","angle":174.8,"snapDist":6,"label":0}},{"type":"Feature","geometry":{"type":"Point","coordinates":[18.412613,50.121108]},"properties":{"name":"Sumina Centrum","lines":"27, 29, 36","arr":["27","29","36"],"terminus":0,"mode":"bus","color":"#0059a9","colorDark":"#00294f","angle":194.1,"snapDist":7,"label":0}},{"type":"Feature","geometry":{"type":"Point","coordinates":[18.420635,50.11211]},"properties":{"name":"Gaszowice Pogwizdów","lines":"27, 29","arr":["27","29"],"terminus":0,"mode":"bus","color":"#0059a9","colorDark":"#00294f","angle":253.4,"snapDist":4,"label":0}},{"type":"Feature","geometry":{"type":"Point","coordinates":[18.431125,50.108807]},"properties":{"name":"Gaszowice UG","lines":"27, 28, 29","arr":["27","28","29"],"terminus":0,"mode":"bus","color":"#0059a9","colorDark":"#00294f","angle":188.3,"snapDist":3,"label":0}},{"type":"Feature","geometry":{"type":"Point","coordinates":[18.447743,50.104618]},"properties":{"name":"Szczerbice","lines":"27, 28, 29","arr":["27","28","29"],"terminus":0,"mode":"bus","color":"#0059a9","colorDark":"#00294f","angle":199.1,"snapDist":1,"label":0}},{"type":"Feature","geometry":{"type":"Point","coordinates":[18.457521,50.106165]},"properties":{"name":"Szczerbice Piaskowa","lines":"27, 28, 29","arr":["27","28","29"],"terminus":0,"mode":"bus","color":"#0059a9","colorDark":"#00294f","angle":-26.4,"snapDist":13,"label":0}},{"type":"Feature","geometry":{"type":"Point","coordinates":[18.467347,50.107985]},"properties":{"name":"Jejkowice Kuźnia","lines":"27, 28, 29","arr":["27","28","29"],"terminus":0,"mode":"bus","color":"#0059a9","colorDark":"#00294f","angle":144.7,"snapDist":2,"label":0}},{"type":"Feature","geometry":{"type":"Point","coordinates":[18.429714,50.101608]},"properties":{"name":"Gaszowice Rydułtowska","lines":"28","arr":["28"],"terminus":0,"mode":"bus","color":"#0059a9","colorDark":"#00294f","angle":273.8,"snapDist":4,"label":1}},{"type":"Feature","geometry":{"type":"Point","coordinates":[18.430958,50.093671]},"properties":{"name":"Piece Gimnazjum","lines":"28","arr":["28"],"terminus":0,"mode":"bus","color":"#0059a9","colorDark":"#00294f","angle":254.7,"snapDist":26,"label":1}},{"type":"Feature","geometry":{"type":"Point","coordinates":[18.424763,50.083286]},"properties":{"name":"Rydułtowy Piecowska","lines":"28","arr":["28"],"terminus":0,"mode":"bus","color":"#0059a9","colorDark":"#00294f","angle":286.6,"snapDist":5,"label":1}},{"type":"Feature","geometry":{"type":"Point","coordinates":[18.415586,50.056741]},"properties":{"name":"Rydułtowy Rynek","lines":"28, 29","arr":["28","29"],"terminus":1,"mode":"bus","color":"#0059a9","colorDark":"#00294f","angle":236,"snapDist":6,"label":0}},{"type":"Feature","geometry":{"type":"Point","coordinates":[18.415639,50.056724]},"properties":{"name":"Rydułtowy Rynek","lines":"28, 29","arr":["28","29"],"terminus":1,"mode":"bus","color":"#0059a9","colorDark":"#00294f","angle":174.6,"snapDist":4,"label":0}},{"type":"Feature","geometry":{"type":"Point","coordinates":[18.422723,50.075825]},"properties":{"name":"Rydułtowy Orłowiec","lines":"28","arr":["28"],"terminus":0,"mode":"bus","color":"#0059a9","colorDark":"#00294f","angle":117,"snapDist":6,"label":0}},{"type":"Feature","geometry":{"type":"Point","coordinates":[18.424763,50.083286]},"properties":{"name":"Rydułtowy Piecowska","lines":"28","arr":["28"],"terminus":0,"mode":"bus","color":"#0059a9","colorDark":"#00294f","angle":106.6,"snapDist":5,"label":0}},{"type":"Feature","geometry":{"type":"Point","coordinates":[18.430253,50.095345]},"properties":{"name":"Piece Gimnazjum","lines":"28","arr":["28"],"terminus":0,"mode":"bus","color":"#0059a9","colorDark":"#00294f","angle":-105.5,"snapDist":19,"label":0}},{"type":"Feature","geometry":{"type":"Point","coordinates":[18.429714,50.101604]},"properties":{"name":"Gaszowice Rydułtowska","lines":"28","arr":["28"],"terminus":0,"mode":"bus","color":"#0059a9","colorDark":"#00294f","angle":-86.2,"snapDist":10,"label":0}},{"type":"Feature","geometry":{"type":"Point","coordinates":[18.422735,50.106218]},"properties":{"name":"Gaszowice Cegielnia","lines":"29","arr":["29"],"terminus":0,"mode":"bus","color":"#0059a9","colorDark":"#00294f","angle":158.9,"snapDist":13,"label":1}},{"type":"Feature","geometry":{"type":"Point","coordinates":[18.406875,50.099201]},"properties":{"name":"Łuków PKP","lines":"29","arr":["29"],"terminus":0,"mode":"bus","color":"#0059a9","colorDark":"#00294f","angle":344.8,"snapDist":1,"label":1}},{"type":"Feature","geometry":{"type":"Point","coordinates":[18.40123,50.094672]},"properties":{"name":"Łuków","lines":"29","arr":["29"],"terminus":0,"mode":"bus","color":"#0059a9","colorDark":"#00294f","angle":283.5,"snapDist":9,"label":1}},{"type":"Feature","geometry":{"type":"Point","coordinates":[18.399849,50.086401]},"properties":{"name":"Czernica Ośrodek Zdrowia","lines":"29","arr":["29"],"terminus":0,"mode":"bus","color":"#0059a9","colorDark":"#00294f","angle":264.4,"snapDist":1,"label":1}},{"type":"Feature","geometry":{"type":"Point","coordinates":[18.400209,50.083703]},"properties":{"name":"Czernica Straż","lines":"29","arr":["29"],"terminus":0,"mode":"bus","color":"#0059a9","colorDark":"#00294f","angle":281.2,"snapDist":4,"label":1}},{"type":"Feature","geometry":{"type":"Point","coordinates":[18.39986,50.074827]},"properties":{"name":"Czernica przy Krzyżu","lines":"29","arr":["29"],"terminus":0,"mode":"bus","color":"#0059a9","colorDark":"#00294f","angle":224,"snapDist":5,"label":1}},{"type":"Feature","geometry":{"type":"Point","coordinates":[18.406982,50.07201]},"properties":{"name":"Rydułtowy Bema Raciborska","lines":"29","arr":["29"],"terminus":0,"mode":"bus","color":"#0059a9","colorDark":"#00294f","angle":249.5,"snapDist":3,"label":1}},{"type":"Feature","geometry":{"type":"Point","coordinates":[18.410921,50.06755]},"properties":{"name":"Rydułtowy Bema Stadion","lines":"29","arr":["29"],"terminus":0,"mode":"bus","color":"#0059a9","colorDark":"#00294f","angle":237.2,"snapDist":10,"label":1}},{"type":"Feature","geometry":{"type":"Point","coordinates":[18.414761,50.062513]},"properties":{"name":"Rydułtowy Bema Lidl","lines":"29","arr":["29"],"terminus":0,"mode":"bus","color":"#0059a9","colorDark":"#00294f","angle":254.2,"snapDist":5,"label":1}},{"type":"Feature","geometry":{"type":"Point","coordinates":[18.414451,50.063129]},"properties":{"name":"Rydułtowy Bema Lidl","lines":"29","arr":["29"],"terminus":0,"mode":"bus","color":"#0059a9","colorDark":"#00294f","angle":67.5,"snapDist":5,"label":0}},{"type":"Feature","geometry":{"type":"Point","coordinates":[18.412284,50.066045]},"properties":{"name":"Rydułtowy Bema Stadion","lines":"29","arr":["29"],"terminus":0,"mode":"bus","color":"#0059a9","colorDark":"#00294f","angle":60.4,"snapDist":8,"label":0}},{"type":"Feature","geometry":{"type":"Point","coordinates":[18.407073,50.071852]},"properties":{"name":"Rydułtowy Bema Raciborska","lines":"29","arr":["29"],"terminus":0,"mode":"bus","color":"#0059a9","colorDark":"#00294f","angle":69.5,"snapDist":9,"label":0}},{"type":"Feature","geometry":{"type":"Point","coordinates":[18.39986,50.074827]},"properties":{"name":"Czernica przy Krzyżu","lines":"29","arr":["29"],"terminus":0,"mode":"bus","color":"#0059a9","colorDark":"#00294f","angle":44,"snapDist":5,"label":0}},{"type":"Feature","geometry":{"type":"Point","coordinates":[18.399881,50.082891]},"properties":{"name":"Czernica Straż","lines":"29","arr":["29"],"terminus":0,"mode":"bus","color":"#0059a9","colorDark":"#00294f","angle":106.3,"snapDist":4,"label":0}},{"type":"Feature","geometry":{"type":"Point","coordinates":[18.399847,50.086411]},"properties":{"name":"Czernica Ośrodek Zdrowia","lines":"29","arr":["29"],"terminus":0,"mode":"bus","color":"#0059a9","colorDark":"#00294f","angle":84.4,"snapDist":1,"label":0}},{"type":"Feature","geometry":{"type":"Point","coordinates":[18.40123,50.094672]},"properties":{"name":"Łuków","lines":"29","arr":["29"],"terminus":0,"mode":"bus","color":"#0059a9","colorDark":"#00294f","angle":-76.5,"snapDist":9,"label":0}},{"type":"Feature","geometry":{"type":"Point","coordinates":[18.396501,50.110202]},"properties":{"name":"Lyski Kamionki","lines":"29","arr":["29"],"terminus":0,"mode":"bus","color":"#0059a9","colorDark":"#00294f","angle":57.9,"snapDist":3,"label":1}},{"type":"Feature","geometry":{"type":"Point","coordinates":[18.553438,50.106494]},"properties":{"name":"Rybnik Północ Żużlowa","lines":"30","arr":["30"],"terminus":0,"mode":"bus","color":"#0059a9","colorDark":"#00294f","angle":192.8,"snapDist":1,"label":1}},{"type":"Feature","geometry":{"type":"Point","coordinates":[18.558333,50.102734]},"properties":{"name":"Rybnik Północ Strzelecka","lines":"30","arr":["30"],"terminus":0,"mode":"bus","color":"#0059a9","colorDark":"#00294f","angle":128.8,"snapDist":2,"label":1}},{"type":"Feature","geometry":{"type":"Point","coordinates":[18.554037,50.085104]},"properties":{"name":"Rybnik Meksyk Budowlanka","lines":"30, 49","arr":["30","49"],"terminus":0,"mode":"bus","color":"#0059a9","colorDark":"#00294f","angle":224,"snapDist":16,"label":1}},{"type":"Feature","geometry":{"type":"Point","coordinates":[18.564918,50.073951]},"properties":{"name":"Rybnik Meksyk Tkoczów","lines":"30, 42, 49","arr":["30","42","49"],"terminus":0,"mode":"bus","color":"#0059a9","colorDark":"#00294f","angle":244.2,"snapDist":18,"label":1}},{"type":"Feature","geometry":{"type":"Point","coordinates":[18.563096,50.067822]},"properties":{"name":"Rybnik Chwałowice Królewiok","lines":"30, 42, N8","arr":["30","42","N8"],"terminus":0,"mode":"bus","color":"#0059a9","colorDark":"#00294f","angle":336.8,"snapDist":3,"label":1}},{"type":"Feature","geometry":{"type":"Point","coordinates":[18.556134,50.065387]},"properties":{"name":"Rybnik Chwałowice Kolonia","lines":"30, 42, N8","arr":["30","42","N8"],"terminus":0,"mode":"bus","color":"#0059a9","colorDark":"#00294f","angle":-170,"snapDist":10,"label":1}},{"type":"Feature","geometry":{"type":"Point","coordinates":[18.550552,50.06645]},"properties":{"name":"Rybnik Chwałowice Kupiecka","lines":"30, 42, N8","arr":["30","42","N8"],"terminus":0,"mode":"bus","color":"#0059a9","colorDark":"#00294f","angle":63.6,"snapDist":3,"label":1}},{"type":"Feature","geometry":{"type":"Point","coordinates":[18.553783,50.063378]},"properties":{"name":"Rybnik Chwałowice Malchera","lines":"30","arr":["30"],"terminus":0,"mode":"bus","color":"#0059a9","colorDark":"#00294f","angle":235,"snapDist":15,"label":1}},{"type":"Feature","geometry":{"type":"Point","coordinates":[18.566814,50.056778]},"properties":{"name":"Rybnik Chwałowice Kożdoniów","lines":"30","arr":["30"],"terminus":0,"mode":"bus","color":"#0059a9","colorDark":"#00294f","angle":222,"snapDist":13,"label":1}},{"type":"Feature","geometry":{"type":"Point","coordinates":[18.573619,50.051878]},"properties":{"name":"Jankowice Pętla","lines":"30","arr":["30"],"terminus":0,"mode":"bus","color":"#0059a9","colorDark":"#00294f","angle":289.8,"snapDist":1,"label":1}},{"type":"Feature","geometry":{"type":"Point","coordinates":[18.564348,50.047596]},"properties":{"name":"Jankowice Remiza","lines":"30","arr":["30"],"terminus":0,"mode":"bus","color":"#0059a9","colorDark":"#00294f","angle":334.8,"snapDist":2,"label":1}},{"type":"Feature","geometry":{"type":"Point","coordinates":[18.55677,50.046633]},"properties":{"name":"Jankowice Sklep","lines":"30","arr":["30"],"terminus":0,"mode":"bus","color":"#0059a9","colorDark":"#00294f","angle":2.5,"snapDist":0,"label":1}},{"type":"Feature","geometry":{"type":"Point","coordinates":[18.550806,50.047848]},"properties":{"name":"Jankowice Kościelna","lines":"30","arr":["30"],"terminus":0,"mode":"bus","color":"#0059a9","colorDark":"#00294f","angle":7.6,"snapDist":5,"label":1}},{"type":"Feature","geometry":{"type":"Point","coordinates":[18.547922,50.046344]},"properties":{"name":"Jankowice Kościół","lines":"30","arr":["30"],"terminus":0,"mode":"bus","color":"#0059a9","colorDark":"#00294f","angle":107.9,"snapDist":8,"label":1}},{"type":"Feature","geometry":{"type":"Point","coordinates":[18.542471,50.045351]},"properties":{"name":"Jankowice Wowry","lines":"30","arr":["30"],"terminus":0,"mode":"bus","color":"#0059a9","colorDark":"#00294f","angle":293.9,"snapDist":2,"label":1}},{"type":"Feature","geometry":{"type":"Point","coordinates":[18.547051,50.044051]},"properties":{"name":"Jankowice Rybnicka","lines":"30","arr":["30"],"terminus":0,"mode":"bus","color":"#0059a9","colorDark":"#00294f","angle":196.6,"snapDist":0,"label":1}},{"type":"Feature","geometry":{"type":"Point","coordinates":[18.557377,50.042825]},"properties":{"name":"Jankowice Skrzyżowanie","lines":"30","arr":["30"],"terminus":0,"mode":"bus","color":"#0059a9","colorDark":"#00294f","angle":-104.8,"snapDist":42,"label":1}},{"type":"Feature","geometry":{"type":"Point","coordinates":[18.570761,50.043081]},"properties":{"name":"Jankowice G.S.","lines":"30","arr":["30"],"terminus":1,"mode":"bus","color":"#0059a9","colorDark":"#00294f","angle":175.8,"snapDist":9,"label":1}},{"type":"Feature","geometry":{"type":"Point","coordinates":[18.570774,50.043081]},"properties":{"name":"Jankowice G.S.","lines":"30","arr":["30"],"terminus":1,"mode":"bus","color":"#0059a9","colorDark":"#00294f","angle":355.8,"snapDist":4,"label":0}},{"type":"Feature","geometry":{"type":"Point","coordinates":[18.557385,50.042983]},"properties":{"name":"Jankowice Skrzyżowanie","lines":"30","arr":["30"],"terminus":0,"mode":"bus","color":"#0059a9","colorDark":"#00294f","angle":-88,"snapDist":40,"label":0}},{"type":"Feature","geometry":{"type":"Point","coordinates":[18.547051,50.044051]},"properties":{"name":"Jankowice Rybnicka","lines":"30","arr":["30"],"terminus":0,"mode":"bus","color":"#0059a9","colorDark":"#00294f","angle":16.6,"snapDist":0,"label":0}},{"type":"Feature","geometry":{"type":"Point","coordinates":[18.542533,50.045442]},"properties":{"name":"Jankowice Wowry","lines":"30","arr":["30"],"terminus":0,"mode":"bus","color":"#0059a9","colorDark":"#00294f","angle":113.9,"snapDist":5,"label":0}},{"type":"Feature","geometry":{"type":"Point","coordinates":[18.547887,50.046274]},"properties":{"name":"Jankowice Kościół","lines":"30","arr":["30"],"terminus":0,"mode":"bus","color":"#0059a9","colorDark":"#00294f","angle":107.9,"snapDist":4,"label":0}},{"type":"Feature","geometry":{"type":"Point","coordinates":[18.550859,50.047843]},"properties":{"name":"Jankowice Kościelna","lines":"30","arr":["30"],"terminus":0,"mode":"bus","color":"#0059a9","colorDark":"#00294f","angle":187.6,"snapDist":7,"label":0}},{"type":"Feature","geometry":{"type":"Point","coordinates":[18.556771,50.046633]},"properties":{"name":"Jankowice Sklep","lines":"30","arr":["30"],"terminus":0,"mode":"bus","color":"#0059a9","colorDark":"#00294f","angle":182.5,"snapDist":1,"label":0}},{"type":"Feature","geometry":{"type":"Point","coordinates":[18.564348,50.047596]},"properties":{"name":"Jankowice Remiza","lines":"30","arr":["30"],"terminus":0,"mode":"bus","color":"#0059a9","colorDark":"#00294f","angle":154.8,"snapDist":2,"label":0}},{"type":"Feature","geometry":{"type":"Point","coordinates":[18.573654,50.05194]},"properties":{"name":"Jankowice Pętla","lines":"30","arr":["30"],"terminus":0,"mode":"bus","color":"#0059a9","colorDark":"#00294f","angle":-70.2,"snapDist":16,"label":0}},{"type":"Feature","geometry":{"type":"Point","coordinates":[18.566814,50.056778]},"properties":{"name":"Rybnik Chwałowice Kożdoniów","lines":"30","arr":["30"],"terminus":0,"mode":"bus","color":"#0059a9","colorDark":"#00294f","angle":-138,"snapDist":13,"label":0}},{"type":"Feature","geometry":{"type":"Point","coordinates":[18.553783,50.063378]},"properties":{"name":"Rybnik Chwałowice Malchera","lines":"30","arr":["30"],"terminus":0,"mode":"bus","color":"#0059a9","colorDark":"#00294f","angle":235,"snapDist":15,"label":0}},{"type":"Feature","geometry":{"type":"Point","coordinates":[18.550552,50.06645]},"properties":{"name":"Rybnik Chwałowice Kupiecka","lines":"30, 42, N8","arr":["30","42","N8"],"terminus":0,"mode":"bus","color":"#0059a9","colorDark":"#00294f","angle":63.6,"snapDist":3,"label":0}},{"type":"Feature","geometry":{"type":"Point","coordinates":[18.556134,50.065387]},"properties":{"name":"Rybnik Chwałowice Kolonia","lines":"30, 42, N8","arr":["30","42","N8"],"terminus":0,"mode":"bus","color":"#0059a9","colorDark":"#00294f","angle":190,"snapDist":10,"label":0}},{"type":"Feature","geometry":{"type":"Point","coordinates":[18.56309,50.06782]},"properties":{"name":"Rybnik Chwałowice Królewiok","lines":"30, 42, N8","arr":["30","42","N8"],"terminus":0,"mode":"bus","color":"#0059a9","colorDark":"#00294f","angle":156.8,"snapDist":4,"label":0}},{"type":"Feature","geometry":{"type":"Point","coordinates":[18.564918,50.073951]},"properties":{"name":"Rybnik Meksyk Tkoczów","lines":"30, 42, 49","arr":["30","42","49"],"terminus":0,"mode":"bus","color":"#0059a9","colorDark":"#00294f","angle":-115.8,"snapDist":18,"label":0}},{"type":"Feature","geometry":{"type":"Point","coordinates":[18.553643,50.085319]},"properties":{"name":"Rybnik Meksyk Budowlanka","lines":"30, 49","arr":["30","49"],"terminus":0,"mode":"bus","color":"#0059a9","colorDark":"#00294f","angle":36.2,"snapDist":4,"label":0}},{"type":"Feature","geometry":{"type":"Point","coordinates":[18.558333,50.102734]},"properties":{"name":"Rybnik Północ Strzelecka","lines":"30","arr":["30"],"terminus":0,"mode":"bus","color":"#0059a9","colorDark":"#00294f","angle":128.8,"snapDist":2,"label":0}},{"type":"Feature","geometry":{"type":"Point","coordinates":[18.553438,50.106494]},"properties":{"name":"Rybnik Północ Żużlowa","lines":"30","arr":["30"],"terminus":0,"mode":"bus","color":"#0059a9","colorDark":"#00294f","angle":12.8,"snapDist":1,"label":0}},{"type":"Feature","geometry":{"type":"Point","coordinates":[18.51638,50.141372]},"properties":{"name":"Rybnik Grabownia Olszowiec","lines":"32","arr":["32"],"terminus":1,"mode":"bus","color":"#0059a9","colorDark":"#00294f","angle":225.6,"snapDist":1,"label":0}},{"type":"Feature","geometry":{"type":"Point","coordinates":[18.528366,50.139706]},"properties":{"name":"Rybnik Grabownia Poloczka","lines":"32","arr":["32"],"terminus":0,"mode":"bus","color":"#0059a9","colorDark":"#00294f","angle":264.6,"snapDist":18,"label":0}},{"type":"Feature","geometry":{"type":"Point","coordinates":[18.554352,50.060829]},"properties":{"name":"Rybnik Chwałowice Pętla","lines":"32, 33","arr":["32","33"],"terminus":0,"mode":"bus","color":"#0059a9","colorDark":"#00294f","angle":236.8,"snapDist":2,"label":0}},{"type":"Feature","geometry":{"type":"Point","coordinates":[18.558842,50.054752]},"properties":{"name":"Jankowice Świerklańska","lines":"32, 33","arr":["32","33"],"terminus":0,"mode":"bus","color":"#0059a9","colorDark":"#00294f","angle":241.3,"snapDist":7,"label":0}},{"type":"Feature","geometry":{"type":"Point","coordinates":[18.568625,50.047286]},"properties":{"name":"Jankowice Gwarek","lines":"32, 33","arr":["32","33"],"terminus":0,"mode":"bus","color":"#0059a9","colorDark":"#00294f","angle":235.6,"snapDist":9,"label":0}},{"type":"Feature","geometry":{"type":"Point","coordinates":[18.573564,50.042639]},"properties":{"name":"Jankowice Urząd Gminy","lines":"32, 33","arr":["32","33"],"terminus":0,"mode":"bus","color":"#0059a9","colorDark":"#00294f","angle":235.6,"snapDist":4,"label":0}},{"type":"Feature","geometry":{"type":"Point","coordinates":[18.58232,50.032875]},"properties":{"name":"Świerklany Piekarnia","lines":"32, 33","arr":["32","33"],"terminus":0,"mode":"bus","color":"#0059a9","colorDark":"#00294f","angle":229.3,"snapDist":9,"label":0}},{"type":"Feature","geometry":{"type":"Point","coordinates":[18.587683,50.029343]},"properties":{"name":"Świerklany Górne","lines":"32, 33","arr":["32","33"],"terminus":0,"mode":"bus","color":"#0059a9","colorDark":"#00294f","angle":317.8,"snapDist":5,"label":0}},{"type":"Feature","geometry":{"type":"Point","coordinates":[18.59042,50.034746]},"properties":{"name":"Świerklany Plebiscytowa","lines":"32","arr":["32"],"terminus":0,"mode":"bus","color":"#0059a9","colorDark":"#00294f","angle":-72.9,"snapDist":9,"label":0}},{"type":"Feature","geometry":{"type":"Point","coordinates":[18.588852,50.043514]},"properties":{"name":"Rybnik Boguszowice Osiedle Jastrzębska","lines":"32","arr":["32"],"terminus":0,"mode":"bus","color":"#0059a9","colorDark":"#00294f","angle":80.2,"snapDist":4,"label":0}},{"type":"Feature","geometry":{"type":"Point","coordinates":[18.589216,50.049175]},"properties":{"name":"Rybnik Boguszowice Osiedle Kopalnia","lines":"32, 42, 46, 46A, 48, 49","arr":["32","42","46","46A","48","49"],"terminus":0,"mode":"bus","color":"#0059a9","colorDark":"#00294f","angle":169.4,"snapDist":2,"label":0}},{"type":"Feature","geometry":{"type":"Point","coordinates":[18.600255,50.048166]},"properties":{"name":"Rybnik Boguszowice Osiedle Patriotów","lines":"32, 42, 46, 46A, 48, 49","arr":["32","42","46","46A","48","49"],"terminus":0,"mode":"bus","color":"#0059a9","colorDark":"#00294f","angle":152.7,"snapDist":7,"label":0}},{"type":"Feature","geometry":{"type":"Point","coordinates":[18.60578,50.046227]},"properties":{"name":"Rybnik Boguszowice Osiedle Pętla","lines":"32, 42, 46, 46A, 48, 49, N8","arr":["32","42","46","46A","48","49","N8"],"terminus":1,"mode":"bus","color":"#0059a9","colorDark":"#00294f","angle":331.9,"snapDist":5,"label":0}},{"type":"Feature","geometry":{"type":"Point","coordinates":[18.515864,50.094433]},"properties":{"name":"Rybnik Maroko Nowiny Chabrowa","lines":"33, 43, 48, 52, A","arr":["33","43","48","52","A"],"terminus":0,"mode":"bus","color":"#0059a9","colorDark":"#00294f","angle":40.5,"snapDist":8,"label":1}},{"type":"Feature","geometry":{"type":"Point","coordinates":[18.587351,50.025893]},"properties":{"name":"Świerklany Ośrodek Zdrowia","lines":"33","arr":["33"],"terminus":0,"mode":"bus","color":"#0059a9","colorDark":"#00294f","angle":-77.1,"snapDist":34,"label":1}},{"type":"Feature","geometry":{"type":"Point","coordinates":[18.580142,50.01925]},"properties":{"name":"Świerklany Dolne","lines":"33","arr":["33"],"terminus":0,"mode":"bus","color":"#0059a9","colorDark":"#00294f","angle":304,"snapDist":8,"label":1}},{"type":"Feature","geometry":{"type":"Point","coordinates":[18.578266,50.014337]},"properties":{"name":"Świerklany Szkoła Gimnazjum","lines":"33","arr":["33"],"terminus":0,"mode":"bus","color":"#0059a9","colorDark":"#00294f","angle":262.4,"snapDist":6,"label":1}},{"type":"Feature","geometry":{"type":"Point","coordinates":[18.578145,50.004571]},"properties":{"name":"Świerklany Bar Karliczek","lines":"33","arr":["33"],"terminus":0,"mode":"bus","color":"#0059a9","colorDark":"#00294f","angle":269.5,"snapDist":7,"label":1}},{"type":"Feature","geometry":{"type":"Point","coordinates":[18.584744,50.002376]},"properties":{"name":"Świerklany Szyb","lines":"33","arr":["33"],"terminus":1,"mode":"bus","color":"#0059a9","colorDark":"#00294f","angle":116.9,"snapDist":6,"label":1}},{"type":"Feature","geometry":{"type":"Point","coordinates":[18.584744,50.002376]},"properties":{"name":"Świerklany Szyb","lines":"33","arr":["33"],"terminus":1,"mode":"bus","color":"#0059a9","colorDark":"#00294f","angle":296.9,"snapDist":6,"label":0}},{"type":"Feature","geometry":{"type":"Point","coordinates":[18.578186,50.004786]},"properties":{"name":"Świerklany Bar Karliczek","lines":"33","arr":["33"],"terminus":0,"mode":"bus","color":"#0059a9","colorDark":"#00294f","angle":102,"snapDist":8,"label":0}},{"type":"Feature","geometry":{"type":"Point","coordinates":[18.578182,50.014744]},"properties":{"name":"Świerklany Szkoła Gimnazjum","lines":"33","arr":["33"],"terminus":0,"mode":"bus","color":"#0059a9","colorDark":"#00294f","angle":82.4,"snapDist":5,"label":0}},{"type":"Feature","geometry":{"type":"Point","coordinates":[18.580149,50.019257]},"properties":{"name":"Świerklany Dolne","lines":"33","arr":["33"],"terminus":0,"mode":"bus","color":"#0059a9","colorDark":"#00294f","angle":-56,"snapDist":9,"label":0}},{"type":"Feature","geometry":{"type":"Point","coordinates":[18.587728,50.02592]},"properties":{"name":"Świerklany Ośrodek Zdrowia","lines":"33","arr":["33"],"terminus":0,"mode":"bus","color":"#0059a9","colorDark":"#00294f","angle":125.3,"snapDist":12,"label":0}},{"type":"Feature","geometry":{"type":"Point","coordinates":[18.515927,50.094454]},"properties":{"name":"Rybnik Maroko Nowiny Chabrowa","lines":"33, 43, 48, 52, A, N8","arr":["33","43","48","52","A","N8"],"terminus":0,"mode":"bus","color":"#0059a9","colorDark":"#00294f","angle":-132.3,"snapDist":12,"label":0}},{"type":"Feature","geometry":{"type":"Point","coordinates":[18.51649,50.10351]},"properties":{"name":"Rybnik Maroko Nowiny Krakusa","lines":"34","arr":["34"],"terminus":0,"mode":"bus","color":"#0059a9","colorDark":"#00294f","angle":99.7,"snapDist":7,"label":1}},{"type":"Feature","geometry":{"type":"Point","coordinates":[18.519169,50.11948]},"properties":{"name":"Rybnik Orzepowice Rondo","lines":"34","arr":["34"],"terminus":0,"mode":"bus","color":"#0059a9","colorDark":"#00294f","angle":126.4,"snapDist":2,"label":1}},{"type":"Feature","geometry":{"type":"Point","coordinates":[18.540533,50.166682]},"properties":{"name":"Rybnik Ochojec Centrum","lines":"34","arr":["34"],"terminus":0,"mode":"bus","color":"#0059a9","colorDark":"#00294f","angle":81.3,"snapDist":6,"label":0}},{"type":"Feature","geometry":{"type":"Point","coordinates":[18.579527,50.198255]},"properties":{"name":"Wilcza Skrzyżowanie","lines":"34","arr":["34"],"terminus":1,"mode":"bus","color":"#0059a9","colorDark":"#00294f","angle":142.9,"snapDist":6,"label":1}},{"type":"Feature","geometry":{"type":"Point","coordinates":[18.579396,50.198191]},"properties":{"name":"Wilcza Skrzyżowanie","lines":"34","arr":["34"],"terminus":1,"mode":"bus","color":"#0059a9","colorDark":"#00294f","angle":322.8,"snapDist":6,"label":0}},{"type":"Feature","geometry":{"type":"Point","coordinates":[18.516287,50.117012]},"properties":{"name":"Rybnik Orzepowice Rondo","lines":"34","arr":["34"],"terminus":0,"mode":"bus","color":"#0059a9","colorDark":"#00294f","angle":308.5,"snapDist":5,"label":1}},{"type":"Feature","geometry":{"type":"Point","coordinates":[18.516265,50.102667]},"properties":{"name":"Rybnik Maroko Nowiny Krakusa","lines":"34","arr":["34"],"terminus":0,"mode":"bus","color":"#0059a9","colorDark":"#00294f","angle":279.2,"snapDist":5,"label":0}},{"type":"Feature","geometry":{"type":"Point","coordinates":[18.466685,50.108511]},"properties":{"name":"Jejkowice Kuźnia","lines":"36","arr":["36"],"terminus":0,"mode":"bus","color":"#0059a9","colorDark":"#00294f","angle":19.5,"snapDist":1,"label":0}},{"type":"Feature","geometry":{"type":"Point","coordinates":[18.455137,50.111289]},"properties":{"name":"Jejkowice Sumińska","lines":"36","arr":["36"],"terminus":0,"mode":"bus","color":"#0059a9","colorDark":"#00294f","angle":20,"snapDist":5,"label":1}},{"type":"Feature","geometry":{"type":"Point","coordinates":[18.444967,50.113694]},"properties":{"name":"Szczerbice Kaplica","lines":"36","arr":["36"],"terminus":0,"mode":"bus","color":"#0059a9","colorDark":"#00294f","angle":20.5,"snapDist":7,"label":1}},{"type":"Feature","geometry":{"type":"Point","coordinates":[18.434446,50.116226]},"properties":{"name":"Gaszowice Las","lines":"36","arr":["36"],"terminus":0,"mode":"bus","color":"#0059a9","colorDark":"#00294f","angle":20.6,"snapDist":3,"label":1}},{"type":"Feature","geometry":{"type":"Point","coordinates":[18.434426,50.116231]},"properties":{"name":"Gaszowice Las","lines":"36","arr":["36"],"terminus":0,"mode":"bus","color":"#0059a9","colorDark":"#00294f","angle":200.6,"snapDist":1,"label":0}},{"type":"Feature","geometry":{"type":"Point","coordinates":[18.444967,50.113694]},"properties":{"name":"Szczerbice Kaplica","lines":"36","arr":["36"],"terminus":0,"mode":"bus","color":"#0059a9","colorDark":"#00294f","angle":20.5,"snapDist":7,"label":0}},{"type":"Feature","geometry":{"type":"Point","coordinates":[18.455137,50.111289]},"properties":{"name":"Jejkowice Sumińska","lines":"36","arr":["36"],"terminus":0,"mode":"bus","color":"#0059a9","colorDark":"#00294f","angle":200,"snapDist":5,"label":0}},{"type":"Feature","geometry":{"type":"Point","coordinates":[18.466685,50.108511]},"properties":{"name":"Jejkowice Kuźnia","lines":"36","arr":["36"],"terminus":0,"mode":"bus","color":"#0059a9","colorDark":"#00294f","angle":199.5,"snapDist":1,"label":0}},{"type":"Feature","geometry":{"type":"Point","coordinates":[18.521855,50.119269]},"properties":{"name":"Rybnik Orzepowice Rudzka","lines":"41, 43, 45, 48, PR","arr":["41","43","45","48","PR"],"terminus":0,"mode":"bus","color":"#0059a9","colorDark":"#00294f","angle":27.6,"snapDist":4,"label":0}},{"type":"Feature","geometry":{"type":"Point","coordinates":[18.526365,50.13287]},"properties":{"name":"Rybnik Rybnicka Kuźnia Chłodnie","lines":"41, 48","arr":["41","48"],"terminus":0,"mode":"bus","color":"#0059a9","colorDark":"#00294f","angle":236.7,"snapDist":8,"label":0}},{"type":"Feature","geometry":{"type":"Point","coordinates":[18.536542,50.132308]},"properties":{"name":"Rybnik Rybnicka Kuźnia Boisko","lines":"41, 48","arr":["41","48"],"terminus":0,"mode":"bus","color":"#0059a9","colorDark":"#00294f","angle":146.6,"snapDist":1,"label":0}},{"type":"Feature","geometry":{"type":"Point","coordinates":[18.542486,50.13372]},"properties":{"name":"Rybnik Rybnicka Kuźnia WORD","lines":"41, 48","arr":["41","48"],"terminus":1,"mode":"bus","color":"#0059a9","colorDark":"#00294f","angle":138.5,"snapDist":13,"label":0}},{"type":"Feature","geometry":{"type":"Point","coordinates":[18.63066,50.052636]},"properties":{"name":"Rybnik Kłokocin Pętla","lines":"42, 45","arr":["42","45"],"terminus":1,"mode":"bus","color":"#0059a9","colorDark":"#00294f","angle":-152.6,"snapDist":17,"label":1}},{"type":"Feature","geometry":{"type":"Point","coordinates":[18.622261,50.05469]},"properties":{"name":"Rybnik Kłokocin Osiedle","lines":"42, 45","arr":["42","45"],"terminus":0,"mode":"bus","color":"#0059a9","colorDark":"#00294f","angle":270.6,"snapDist":5,"label":1}},{"type":"Feature","geometry":{"type":"Point","coordinates":[18.610537,50.057466]},"properties":{"name":"Rybnik Kłokocin Urząd Celny","lines":"42, 45","arr":["42","45"],"terminus":0,"mode":"bus","color":"#0059a9","colorDark":"#00294f","angle":14.2,"snapDist":4,"label":1}},{"type":"Feature","geometry":{"type":"Point","coordinates":[18.60669,50.055969]},"properties":{"name":"Rybnik Boguszowice Stare Zadumy","lines":"42","arr":["42"],"terminus":0,"mode":"bus","color":"#0059a9","colorDark":"#00294f","angle":18.4,"snapDist":2,"label":1}},{"type":"Feature","geometry":{"type":"Point","coordinates":[18.586412,50.052254]},"properties":{"name":"Rybnik Boguszowice Stare Błękitna","lines":"42, 46, 46A, 48, 49","arr":["42","46","46A","48","49"],"terminus":0,"mode":"bus","color":"#0059a9","colorDark":"#00294f","angle":79.6,"snapDist":2,"label":1}},{"type":"Feature","geometry":{"type":"Point","coordinates":[18.589229,50.054752]},"properties":{"name":"Rybnik Boguszowice Stare Rejewskiego","lines":"42, 46, 46A","arr":["42","46","46A"],"terminus":0,"mode":"bus","color":"#0059a9","colorDark":"#00294f","angle":53.6,"snapDist":9,"label":1}},{"type":"Feature","geometry":{"type":"Point","coordinates":[18.597372,50.05378]},"properties":{"name":"Rybnik Boguszowice Stare Sztolniowa","lines":"42, 46, 46A, N8","arr":["42","46","46A","N8"],"terminus":0,"mode":"bus","color":"#0059a9","colorDark":"#00294f","angle":268.4,"snapDist":1,"label":0}},{"type":"Feature","geometry":{"type":"Point","coordinates":[18.59384,50.073428]},"properties":{"name":"Rybnik Boguszowice Stare Raszowiec","lines":"42, 46","arr":["42","46"],"terminus":0,"mode":"bus","color":"#0059a9","colorDark":"#00294f","angle":42.3,"snapDist":14,"label":1}},{"type":"Feature","geometry":{"type":"Point","coordinates":[18.586049,50.082192]},"properties":{"name":"Rybnik Ligota Ligocka Kuźnia Boguszowicka","lines":"42, 46","arr":["42","46"],"terminus":0,"mode":"bus","color":"#0059a9","colorDark":"#00294f","angle":92.8,"snapDist":4,"label":1}},{"type":"Feature","geometry":{"type":"Point","coordinates":[18.577446,50.089015]},"properties":{"name":"Rybnik Ligota Ligocka Kuźnia Kaplica","lines":"42, 45, 46, 48, 51, 52","arr":["42","45","46","48","51","52"],"terminus":0,"mode":"bus","color":"#0059a9","colorDark":"#00294f","angle":-129.3,"snapDist":6,"label":1}},{"type":"Feature","geometry":{"type":"Point","coordinates":[18.585876,50.087326]},"properties":{"name":"Rybnik Ligota Ligocka Kuźnia R Boguszowicki","lines":"42, 45, 46, 48, 51, 52","arr":["42","45","46","48","51","52"],"terminus":0,"mode":"bus","color":"#0059a9","colorDark":"#00294f","angle":195.5,"snapDist":12,"label":0}},{"type":"Feature","geometry":{"type":"Point","coordinates":[18.586084,50.082906]},"properties":{"name":"Rybnik Ligota Ligocka Kuźnia Boguszowicka","lines":"42, 46","arr":["42","46"],"terminus":0,"mode":"bus","color":"#0059a9","colorDark":"#00294f","angle":279,"snapDist":2,"label":0}},{"type":"Feature","geometry":{"type":"Point","coordinates":[18.593813,50.073443]},"properties":{"name":"Rybnik Boguszowice Stare Raszowiec","lines":"42, 46","arr":["42","46"],"terminus":0,"mode":"bus","color":"#0059a9","colorDark":"#00294f","angle":222.3,"snapDist":22,"label":0}},{"type":"Feature","geometry":{"type":"Point","coordinates":[18.589414,50.054597]},"properties":{"name":"Rybnik Boguszowice Stare Rejewskiego","lines":"42, 46, 46A","arr":["42","46","46A"],"terminus":0,"mode":"bus","color":"#0059a9","colorDark":"#00294f","angle":51.7,"snapDist":2,"label":0}},{"type":"Feature","geometry":{"type":"Point","coordinates":[18.586412,50.052254]},"properties":{"name":"Rybnik Boguszowice Stare Błękitna","lines":"42, 46, 46A, 48, 49","arr":["42","46","46A","48","49"],"terminus":0,"mode":"bus","color":"#0059a9","colorDark":"#00294f","angle":259.6,"snapDist":2,"label":0}},{"type":"Feature","geometry":{"type":"Point","coordinates":[18.608715,50.046808]},"properties":{"name":"Rybnik Boguszowice Osiedle Pętla","lines":"42, N8","arr":["42","N8"],"terminus":1,"mode":"bus","color":"#0059a9","colorDark":"#00294f","angle":207.9,"snapDist":7,"label":0}},{"type":"Feature","geometry":{"type":"Point","coordinates":[18.607005,50.056448]},"properties":{"name":"Rybnik Boguszowice Stare Zadumy","lines":"42","arr":["42"],"terminus":0,"mode":"bus","color":"#0059a9","colorDark":"#00294f","angle":85.9,"snapDist":3,"label":0}},{"type":"Feature","geometry":{"type":"Point","coordinates":[18.610537,50.057466]},"properties":{"name":"Rybnik Kłokocin Urząd Celny","lines":"42, 45","arr":["42","45"],"terminus":0,"mode":"bus","color":"#0059a9","colorDark":"#00294f","angle":14.2,"snapDist":4,"label":0}},{"type":"Feature","geometry":{"type":"Point","coordinates":[18.622418,50.054765]},"properties":{"name":"Rybnik Kłokocin Osiedle","lines":"42, 45","arr":["42","45"],"terminus":0,"mode":"bus","color":"#0059a9","colorDark":"#00294f","angle":-140.2,"snapDist":7,"label":0}},{"type":"Feature","geometry":{"type":"Point","coordinates":[18.630707,50.052621]},"properties":{"name":"Rybnik Kłokocin Pętla","lines":"42, 45","arr":["42","45"],"terminus":1,"mode":"bus","color":"#0059a9","colorDark":"#00294f","angle":207.4,"snapDist":15,"label":0}},{"type":"Feature","geometry":{"type":"Point","coordinates":[18.506911,50.124523]},"properties":{"name":"Rybnik Chwałęcice Przystań","lines":"43, 45, PR","arr":["43","45","PR"],"terminus":0,"mode":"bus","color":"#0059a9","colorDark":"#00294f","angle":30.8,"snapDist":4,"label":1}},{"type":"Feature","geometry":{"type":"Point","coordinates":[18.492676,50.129976]},"properties":{"name":"Rybnik Chwałęcice Kierchówek","lines":"43, 45, PR","arr":["43","45","PR"],"terminus":0,"mode":"bus","color":"#0059a9","colorDark":"#00294f","angle":31.2,"snapDist":2,"label":1}},{"type":"Feature","geometry":{"type":"Point","coordinates":[18.48412,50.137956]},"properties":{"name":"Rybnik Chwałęcice Skrzyżowanie","lines":"43, 45, PR","arr":["43","45","PR"],"terminus":0,"mode":"bus","color":"#0059a9","colorDark":"#00294f","angle":56.7,"snapDist":1,"label":1}},{"type":"Feature","geometry":{"type":"Point","coordinates":[18.480232,50.142684]},"properties":{"name":"Rybnik Chwałęcice Pniowiec","lines":"43, 45, PR","arr":["43","45","PR"],"terminus":0,"mode":"bus","color":"#0059a9","colorDark":"#00294f","angle":76.3,"snapDist":3,"label":1}},{"type":"Feature","geometry":{"type":"Point","coordinates":[18.478746,50.146806]},"properties":{"name":"Rybnik Stodoły Przystań","lines":"43, 45, PR","arr":["43","45","PR"],"terminus":0,"mode":"bus","color":"#0059a9","colorDark":"#00294f","angle":-107.4,"snapDist":21,"label":1}},{"type":"Feature","geometry":{"type":"Point","coordinates":[18.479008,50.153759]},"properties":{"name":"Rybnik Stodoły Kaplica","lines":"43, 45","arr":["43","45"],"terminus":0,"mode":"bus","color":"#0059a9","colorDark":"#00294f","angle":153.2,"snapDist":9,"label":0}},{"type":"Feature","geometry":{"type":"Point","coordinates":[18.478037,50.156864]},"properties":{"name":"Rybnik Stodoły Stadnina","lines":"43","arr":["43"],"terminus":0,"mode":"bus","color":"#0059a9","colorDark":"#00294f","angle":83,"snapDist":5,"label":1}},{"type":"Feature","geometry":{"type":"Point","coordinates":[18.475721,50.173972]},"properties":{"name":"Rudy Paproć","lines":"43","arr":["43"],"terminus":0,"mode":"bus","color":"#0059a9","colorDark":"#00294f","angle":61.3,"snapDist":6,"label":1}},{"type":"Feature","geometry":{"type":"Point","coordinates":[18.459107,50.182744]},"properties":{"name":"Rudy Rybnicka","lines":"43","arr":["43"],"terminus":0,"mode":"bus","color":"#0059a9","colorDark":"#00294f","angle":49.4,"snapDist":8,"label":1}},{"type":"Feature","geometry":{"type":"Point","coordinates":[18.454225,50.189158]},"properties":{"name":"Rudy Skrzyżowanie","lines":"43","arr":["43"],"terminus":0,"mode":"bus","color":"#0059a9","colorDark":"#00294f","angle":144.8,"snapDist":4,"label":1}},{"type":"Feature","geometry":{"type":"Point","coordinates":[18.447179,50.192537]},"properties":{"name":"Rudy Kościół","lines":"43","arr":["43"],"terminus":1,"mode":"bus","color":"#0059a9","colorDark":"#00294f","angle":184.4,"snapDist":5,"label":1}},{"type":"Feature","geometry":{"type":"Point","coordinates":[18.447179,50.192537]},"properties":{"name":"Rudy Kościół","lines":"43","arr":["43"],"terminus":1,"mode":"bus","color":"#0059a9","colorDark":"#00294f","angle":4.4,"snapDist":4,"label":0}},{"type":"Feature","geometry":{"type":"Point","coordinates":[18.454225,50.189158]},"properties":{"name":"Rudy Skrzyżowanie","lines":"43","arr":["43"],"terminus":0,"mode":"bus","color":"#0059a9","colorDark":"#00294f","angle":324.8,"snapDist":4,"label":0}},{"type":"Feature","geometry":{"type":"Point","coordinates":[18.458968,50.182848]},"properties":{"name":"Rudy Rybnicka","lines":"43","arr":["43"],"terminus":0,"mode":"bus","color":"#0059a9","colorDark":"#00294f","angle":229.4,"snapDist":8,"label":0}},{"type":"Feature","geometry":{"type":"Point","coordinates":[18.47618,50.173201]},"properties":{"name":"Rudy Paproć","lines":"43","arr":["43"],"terminus":0,"mode":"bus","color":"#0059a9","colorDark":"#00294f","angle":256.6,"snapDist":5,"label":0}},{"type":"Feature","geometry":{"type":"Point","coordinates":[18.478112,50.156472]},"properties":{"name":"Rybnik Stodoły Stadnina","lines":"43","arr":["43"],"terminus":0,"mode":"bus","color":"#0059a9","colorDark":"#00294f","angle":263.4,"snapDist":2,"label":0}},{"type":"Feature","geometry":{"type":"Point","coordinates":[18.478906,50.153632]},"properties":{"name":"Rybnik Stodoły Kaplica","lines":"43, PR","arr":["43","PR"],"terminus":1,"mode":"bus","color":"#0059a9","colorDark":"#00294f","angle":268.6,"snapDist":8,"label":1}},{"type":"Feature","geometry":{"type":"Point","coordinates":[18.478746,50.146806]},"properties":{"name":"Rybnik Stodoły Przystań","lines":"43, 45, PR","arr":["43","45","PR"],"terminus":0,"mode":"bus","color":"#0059a9","colorDark":"#00294f","angle":252.6,"snapDist":21,"label":0}},{"type":"Feature","geometry":{"type":"Point","coordinates":[18.480467,50.142128]},"properties":{"name":"Rybnik Chwałęcice Pniowiec","lines":"43, 45, PR","arr":["43","45","PR"],"terminus":0,"mode":"bus","color":"#0059a9","colorDark":"#00294f","angle":252.5,"snapDist":6,"label":0}},{"type":"Feature","geometry":{"type":"Point","coordinates":[18.484532,50.137432]},"properties":{"name":"Rybnik Chwałęcice Skrzyżowanie","lines":"43, 45, PR","arr":["43","45","PR"],"terminus":0,"mode":"bus","color":"#0059a9","colorDark":"#00294f","angle":234,"snapDist":2,"label":0}},{"type":"Feature","geometry":{"type":"Point","coordinates":[18.491995,50.130247]},"properties":{"name":"Rybnik Chwałęcice Kierchówek","lines":"43, 45, PR","arr":["43","45","PR"],"terminus":0,"mode":"bus","color":"#0059a9","colorDark":"#00294f","angle":212,"snapDist":11,"label":0}},{"type":"Feature","geometry":{"type":"Point","coordinates":[18.506917,50.124521]},"properties":{"name":"Rybnik Chwałęcice Przystań","lines":"43, 45, PR","arr":["43","45","PR"],"terminus":0,"mode":"bus","color":"#0059a9","colorDark":"#00294f","angle":30.8,"snapDist":12,"label":0}},{"type":"Feature","geometry":{"type":"Point","coordinates":[18.605021,50.061105]},"properties":{"name":"Rybnik Boguszowice Stare Kłokocińska","lines":"45","arr":["45"],"terminus":0,"mode":"bus","color":"#0059a9","colorDark":"#00294f","angle":289.7,"snapDist":2,"label":1}},{"type":"Feature","geometry":{"type":"Point","coordinates":[18.483985,50.135371]},"properties":{"name":"Rybnik Chwałęcice Szkoła","lines":"45","arr":["45"],"terminus":0,"mode":"bus","color":"#0059a9","colorDark":"#00294f","angle":218.5,"snapDist":7,"label":1}},{"type":"Feature","geometry":{"type":"Point","coordinates":[18.480408,50.13622]},"properties":{"name":"Rybnik Chwałęcice Kościół","lines":"45","arr":["45"],"terminus":0,"mode":"bus","color":"#0059a9","colorDark":"#00294f","angle":22.2,"snapDist":6,"label":1}},{"type":"Feature","geometry":{"type":"Point","coordinates":[18.470375,50.135626]},"properties":{"name":"Rybnik Chwałęcice Goj","lines":"45","arr":["45"],"terminus":0,"mode":"bus","color":"#0059a9","colorDark":"#00294f","angle":5.3,"snapDist":4,"label":1}},{"type":"Feature","geometry":{"type":"Point","coordinates":[18.457341,50.140054]},"properties":{"name":"Zwonowice Classen","lines":"45","arr":["45"],"terminus":0,"mode":"bus","color":"#0059a9","colorDark":"#00294f","angle":287.3,"snapDist":12,"label":1}},{"type":"Feature","geometry":{"type":"Point","coordinates":[18.451196,50.14194]},"properties":{"name":"Zwonowice Wyzwolenia","lines":"45","arr":["45"],"terminus":0,"mode":"bus","color":"#0059a9","colorDark":"#00294f","angle":-137.6,"snapDist":9,"label":1}},{"type":"Feature","geometry":{"type":"Point","coordinates":[18.441692,50.144205]},"properties":{"name":"Zwonowice Szkoła","lines":"45","arr":["45"],"terminus":1,"mode":"bus","color":"#0059a9","colorDark":"#00294f","angle":317.8,"snapDist":2,"label":1}},{"type":"Feature","geometry":{"type":"Point","coordinates":[18.441692,50.144205]},"properties":{"name":"Zwonowice Szkoła","lines":"45","arr":["45"],"terminus":1,"mode":"bus","color":"#0059a9","colorDark":"#00294f","angle":137.8,"snapDist":2,"label":0}},{"type":"Feature","geometry":{"type":"Point","coordinates":[18.451196,50.14194]},"properties":{"name":"Zwonowice Wyzwolenia","lines":"45","arr":["45"],"terminus":0,"mode":"bus","color":"#0059a9","colorDark":"#00294f","angle":222.4,"snapDist":9,"label":0}},{"type":"Feature","geometry":{"type":"Point","coordinates":[18.457341,50.140054]},"properties":{"name":"Zwonowice Classen","lines":"45","arr":["45"],"terminus":0,"mode":"bus","color":"#0059a9","colorDark":"#00294f","angle":287.3,"snapDist":12,"label":0}},{"type":"Feature","geometry":{"type":"Point","coordinates":[18.471883,50.135593]},"properties":{"name":"Rybnik Chwałęcice Goj","lines":"45","arr":["45"],"terminus":0,"mode":"bus","color":"#0059a9","colorDark":"#00294f","angle":174.1,"snapDist":2,"label":0}},{"type":"Feature","geometry":{"type":"Point","coordinates":[18.480812,50.136138]},"properties":{"name":"Rybnik Chwałęcice Kościół","lines":"45","arr":["45"],"terminus":0,"mode":"bus","color":"#0059a9","colorDark":"#00294f","angle":195.4,"snapDist":3,"label":0}},{"type":"Feature","geometry":{"type":"Point","coordinates":[18.563276,50.094646]},"properties":{"name":"Rybnik Ligota Ligocka Kuźnia Wiadukt","lines":"45, 46, 48, 51, 52","arr":["45","46","48","51","52"],"terminus":0,"mode":"bus","color":"#0059a9","colorDark":"#00294f","angle":200,"snapDist":5,"label":0}},{"type":"Feature","geometry":{"type":"Point","coordinates":[18.572815,50.092038]},"properties":{"name":"Rybnik Ligota Ligocka Kuźnia Żorska","lines":"45, 46, 48, 51, 52","arr":["45","46","48","51","52"],"terminus":0,"mode":"bus","color":"#0059a9","colorDark":"#00294f","angle":219.6,"snapDist":2,"label":1}},{"type":"Feature","geometry":{"type":"Point","coordinates":[18.600608,50.083086]},"properties":{"name":"Rybnik Ligota Ligocka Kuźnia Jaśminowa","lines":"45, 48, 51, 52","arr":["45","48","51","52"],"terminus":0,"mode":"bus","color":"#0059a9","colorDark":"#00294f","angle":206.4,"snapDist":4,"label":0}},{"type":"Feature","geometry":{"type":"Point","coordinates":[18.605021,50.061105]},"properties":{"name":"Rybnik Boguszowice Stare Kłokocińska","lines":"45","arr":["45"],"terminus":0,"mode":"bus","color":"#0059a9","colorDark":"#00294f","angle":289.7,"snapDist":2,"label":0}},{"type":"Feature","geometry":{"type":"Point","coordinates":[18.589648,50.055901]},"properties":{"name":"Rybnik Boguszowice Stare Małachowskiego","lines":"48","arr":["48"],"terminus":0,"mode":"bus","color":"#0059a9","colorDark":"#00294f","angle":327.6,"snapDist":9,"label":1}},{"type":"Feature","geometry":{"type":"Point","coordinates":[18.589607,50.055885]},"properties":{"name":"Rybnik Boguszowice Stare Małachowskiego","lines":"48","arr":["48"],"terminus":0,"mode":"bus","color":"#0059a9","colorDark":"#00294f","angle":147.6,"snapDist":11,"label":0}},{"type":"Feature","geometry":{"type":"Point","coordinates":[18.581399,50.100784]},"properties":{"name":"Rybnik Paruszowiec Piaski Błonia","lines":"51","arr":["51"],"terminus":0,"mode":"bus","color":"#0059a9","colorDark":"#00294f","angle":115,"snapDist":1,"label":0}},{"type":"Feature","geometry":{"type":"Point","coordinates":[18.578132,50.103132]},"properties":{"name":"Rybnik Paruszowiec Piaski Stawowa","lines":"51","arr":["51"],"terminus":0,"mode":"bus","color":"#0059a9","colorDark":"#00294f","angle":32.7,"snapDist":3,"label":0}},{"type":"Feature","geometry":{"type":"Point","coordinates":[18.54671,50.093169]},"properties":{"name":"Rybnik Śródmieście Chrobrego","lines":"51","arr":["51"],"terminus":1,"mode":"bus","color":"#0059a9","colorDark":"#00294f","angle":-167.5,"snapDist":7,"label":1}},{"type":"Feature","geometry":{"type":"Point","coordinates":[18.52479,50.087289]},"properties":{"name":"Rybnik Smolna Krzyżowa","lines":"52","arr":["52"],"terminus":0,"mode":"bus","color":"#0059a9","colorDark":"#00294f","angle":222.8,"snapDist":7,"label":1}},{"type":"Feature","geometry":{"type":"Point","coordinates":[18.63901,50.070954]},"properties":{"name":"Rybnik Gotartowice Lotnisko","lines":"52","arr":["52"],"terminus":0,"mode":"bus","color":"#0059a9","colorDark":"#00294f","angle":197.1,"snapDist":10,"label":1}},{"type":"Feature","geometry":{"type":"Point","coordinates":[18.648325,50.069456]},"properties":{"name":"Żory Rybnicka Świetlica","lines":"52","arr":["52"],"terminus":0,"mode":"bus","color":"#0059a9","colorDark":"#00294f","angle":202.3,"snapDist":10,"label":1}},{"type":"Feature","geometry":{"type":"Point","coordinates":[18.656594,50.06579]},"properties":{"name":"Żory Rybnicka Wiśniowa","lines":"52","arr":["52"],"terminus":0,"mode":"bus","color":"#0059a9","colorDark":"#00294f","angle":215.9,"snapDist":26,"label":1}},{"type":"Feature","geometry":{"type":"Point","coordinates":[18.662578,50.062249]},"properties":{"name":"Żory Rybnicka Rondo","lines":"52","arr":["52"],"terminus":0,"mode":"bus","color":"#0059a9","colorDark":"#00294f","angle":236.5,"snapDist":0,"label":1}},{"type":"Feature","geometry":{"type":"Point","coordinates":[18.664311,50.060706]},"properties":{"name":"Żory Rybnicka Pałki","lines":"52","arr":["52"],"terminus":0,"mode":"bus","color":"#0059a9","colorDark":"#00294f","angle":220.1,"snapDist":7,"label":1}},{"type":"Feature","geometry":{"type":"Point","coordinates":[18.672898,50.057969]},"properties":{"name":"Żory Rybnicka Strefa","lines":"52","arr":["52"],"terminus":0,"mode":"bus","color":"#0059a9","colorDark":"#00294f","angle":199.3,"snapDist":21,"label":1}},{"type":"Feature","geometry":{"type":"Point","coordinates":[18.678884,50.055405]},"properties":{"name":"Żory Rybnicka Cmentarz","lines":"52","arr":["52"],"terminus":0,"mode":"bus","color":"#0059a9","colorDark":"#00294f","angle":217.7,"snapDist":6,"label":1}},{"type":"Feature","geometry":{"type":"Point","coordinates":[18.686225,50.051469]},"properties":{"name":"Żory Rybnicka Kłapczyka","lines":"52","arr":["52"],"terminus":0,"mode":"bus","color":"#0059a9","colorDark":"#00294f","angle":219.5,"snapDist":13,"label":1}},{"type":"Feature","geometry":{"type":"Point","coordinates":[18.6938,50.047893]},"properties":{"name":"Żory Centrum Przesiadkowe","lines":"52","arr":["52"],"terminus":1,"mode":"bus","color":"#0059a9","colorDark":"#00294f","angle":150.9,"snapDist":15,"label":1}},{"type":"Feature","geometry":{"type":"Point","coordinates":[18.693863,50.047911]},"properties":{"name":"Żory Centrum Przesiadkowe","lines":"52","arr":["52"],"terminus":1,"mode":"bus","color":"#0059a9","colorDark":"#00294f","angle":155.9,"snapDist":14,"label":0}},{"type":"Feature","geometry":{"type":"Point","coordinates":[18.685362,50.051928]},"properties":{"name":"Żory Rybnicka Kłapczyka","lines":"52","arr":["52"],"terminus":0,"mode":"bus","color":"#0059a9","colorDark":"#00294f","angle":-140.4,"snapDist":7,"label":0}},{"type":"Feature","geometry":{"type":"Point","coordinates":[18.678556,50.055568]},"properties":{"name":"Żory Rybnicka Cmentarz","lines":"52","arr":["52"],"terminus":0,"mode":"bus","color":"#0059a9","colorDark":"#00294f","angle":39.5,"snapDist":6,"label":0}},{"type":"Feature","geometry":{"type":"Point","coordinates":[18.670777,50.058458]},"properties":{"name":"Żory Rybnicka Strefa","lines":"52","arr":["52"],"terminus":0,"mode":"bus","color":"#0059a9","colorDark":"#00294f","angle":19.5,"snapDist":5,"label":0}},{"type":"Feature","geometry":{"type":"Point","coordinates":[18.66596,50.059874]},"properties":{"name":"Żory Rybnicka Pałki","lines":"52","arr":["52"],"terminus":0,"mode":"bus","color":"#0059a9","colorDark":"#00294f","angle":-150.8,"snapDist":23,"label":0}},{"type":"Feature","geometry":{"type":"Point","coordinates":[18.664318,50.060702]},"properties":{"name":"Żory Rybnicka Rondo","lines":"52","arr":["52"],"terminus":0,"mode":"bus","color":"#0059a9","colorDark":"#00294f","angle":40.1,"snapDist":7,"label":0}},{"type":"Feature","geometry":{"type":"Point","coordinates":[18.653265,50.067352]},"properties":{"name":"Żory Rybnicka Wiśniowa","lines":"52","arr":["52"],"terminus":0,"mode":"bus","color":"#0059a9","colorDark":"#00294f","angle":36.3,"snapDist":7,"label":1}},{"type":"Feature","geometry":{"type":"Point","coordinates":[18.648585,50.069388]},"properties":{"name":"Żory Rybnicka Świetlica","lines":"52","arr":["52"],"terminus":0,"mode":"bus","color":"#0059a9","colorDark":"#00294f","angle":22.2,"snapDist":1,"label":0}},{"type":"Feature","geometry":{"type":"Point","coordinates":[18.637046,50.07134]},"properties":{"name":"Rybnik Gotartowice Lotnisko","lines":"52","arr":["52"],"terminus":0,"mode":"bus","color":"#0059a9","colorDark":"#00294f","angle":17.3,"snapDist":8,"label":0}},{"type":"Feature","geometry":{"type":"Point","coordinates":[18.523919,50.087806]},"properties":{"name":"Rybnik Smolna Krzyżowa","lines":"52","arr":["52"],"terminus":0,"mode":"bus","color":"#0059a9","colorDark":"#00294f","angle":42.7,"snapDist":1,"label":0}},{"type":"Feature","geometry":{"type":"Point","coordinates":[18.532148,50.073504]},"properties":{"name":"Rybnik Zamysłów Dolna Mostek","lines":"A","arr":["A"],"terminus":1,"mode":"bus","color":"#0059a9","colorDark":"#00294f","angle":93.9,"snapDist":7,"label":1}},{"type":"Feature","geometry":{"type":"Point","coordinates":[18.529719,50.076246]},"properties":{"name":"Rybnik Zamysłów Dolna Las","lines":"A","arr":["A"],"terminus":0,"mode":"bus","color":"#0059a9","colorDark":"#00294f","angle":82.3,"snapDist":12,"label":1}},{"type":"Feature","geometry":{"type":"Point","coordinates":[18.530003,50.080978]},"properties":{"name":"Rybnik Zamysłów Dolna","lines":"A","arr":["A"],"terminus":0,"mode":"bus","color":"#0059a9","colorDark":"#00294f","angle":96.7,"snapDist":8,"label":1}},{"type":"Feature","geometry":{"type":"Point","coordinates":[18.529966,50.080779]},"properties":{"name":"Rybnik Zamysłów Dolna","lines":"A","arr":["A"],"terminus":0,"mode":"bus","color":"#0059a9","colorDark":"#00294f","angle":276.7,"snapDist":20,"label":0}},{"type":"Feature","geometry":{"type":"Point","coordinates":[18.529706,50.076308]},"properties":{"name":"Rybnik Zamysłów Dolna Las","lines":"A","arr":["A"],"terminus":0,"mode":"bus","color":"#0059a9","colorDark":"#00294f","angle":262.3,"snapDist":7,"label":0}},{"type":"Feature","geometry":{"type":"Point","coordinates":[18.532153,50.073377]},"properties":{"name":"Rybnik Zamysłów Dolna Mostek","lines":"A","arr":["A"],"terminus":1,"mode":"bus","color":"#0059a9","colorDark":"#00294f","angle":265.1,"snapDist":21,"label":0}},{"type":"Feature","geometry":{"type":"Point","coordinates":[18.544196,50.095714]},"properties":{"name":"Plac Wolności","lines":"N6, N8","arr":["N6","N8"],"terminus":1,"mode":"bus","color":"#0059a9","colorDark":"#00294f","angle":181.6,"snapDist":6,"label":1}},{"type":"Feature","geometry":{"type":"Point","coordinates":[18.529102,50.13422]},"properties":{"name":"Rybnik Rybnicka Kuźnia Chłodnie","lines":"N6","arr":["N6"],"terminus":1,"mode":"bus","color":"#0059a9","colorDark":"#00294f","angle":182.9,"snapDist":7,"label":1}},{"type":"Feature","geometry":{"type":"Point","coordinates":[18.597406,50.053221]},"properties":{"name":"Rybnik Boguszowice Stare Sztolniowa","lines":"N8","arr":["N8"],"terminus":0,"mode":"bus","color":"#0059a9","colorDark":"#00294f","angle":266.2,"snapDist":2,"label":0}},{"type":"Feature","geometry":{"type":"Point","coordinates":[18.479064,50.15378]},"properties":{"name":"Rybnik Stodoły Kaplica","lines":"PR","arr":["PR"],"terminus":1,"mode":"bus","color":"#0059a9","colorDark":"#00294f","angle":149.5,"snapDist":6,"label":0}},{"type":"Feature","geometry":{"type":"Point","coordinates":[18.544121,50.09583]},"properties":{"name":"Plac Wolności","lines":"PR","arr":["PR"],"terminus":1,"mode":"bus","color":"#0059a9","colorDark":"#00294f","angle":273.9,"snapDist":1,"label":0}},{"type":"Feature","geometry":{"type":"Point","coordinates":[18.698173,50.027731]},"properties":{"name":"Bankowa","lines":"01","arr":["01"],"terminus":1,"mode":"bus","color":"#0059a9","colorDark":"#00294f","angle":277.4,"snapDist":1,"label":1}},{"type":"Feature","geometry":{"type":"Point","coordinates":[18.693451,50.027354]},"properties":{"name":"Wolontariuszy - Osińska","lines":"01","arr":["01"],"terminus":0,"mode":"bus","color":"#0059a9","colorDark":"#00294f","angle":12.8,"snapDist":0,"label":1}},{"type":"Feature","geometry":{"type":"Point","coordinates":[18.68999,50.028]},"properties":{"name":"Wolontariuszy - Promienna","lines":"01","arr":["01"],"terminus":0,"mode":"bus","color":"#0059a9","colorDark":"#00294f","angle":20.1,"snapDist":0,"label":0}},{"type":"Feature","geometry":{"type":"Point","coordinates":[18.687279,50.027139]},"properties":{"name":"Okrężna - Promienna","lines":"01","arr":["01"],"terminus":0,"mode":"bus","color":"#0059a9","colorDark":"#00294f","angle":28.6,"snapDist":0,"label":1}},{"type":"Feature","geometry":{"type":"Point","coordinates":[18.681062,50.030795]},"properties":{"name":"Żołnierzy Września","lines":"01","arr":["01"],"terminus":1,"mode":"bus","color":"#0059a9","colorDark":"#00294f","angle":38.5,"snapDist":2,"label":1}},{"type":"Feature","geometry":{"type":"Point","coordinates":[18.674978,50.031972]},"properties":{"name":"Żołnierzy Września - Parking","lines":"01","arr":["01"],"terminus":0,"mode":"bus","color":"#0059a9","colorDark":"#00294f","angle":9.2,"snapDist":1,"label":1}},{"type":"Feature","geometry":{"type":"Point","coordinates":[18.673818,50.034904]},"properties":{"name":"Armii Krajowej - Malinowa","lines":"01","arr":["01"],"terminus":0,"mode":"bus","color":"#0059a9","colorDark":"#00294f","angle":110.3,"snapDist":5,"label":1}},{"type":"Feature","geometry":{"type":"Point","coordinates":[18.679427,50.034854]},"properties":{"name":"Al. Zjednoczonej Europy - Archiwum","lines":"01, 08","arr":["01","08"],"terminus":1,"mode":"bus","color":"#0059a9","colorDark":"#00294f","angle":7.5,"snapDist":7,"label":1}},{"type":"Feature","geometry":{"type":"Point","coordinates":[18.681862,50.037411]},"properties":{"name":"Dąbrowskiego - Szkoła","lines":"01, 07","arr":["01","07"],"terminus":0,"mode":"bus","color":"#0059a9","colorDark":"#00294f","angle":85.3,"snapDist":1,"label":1}},{"type":"Feature","geometry":{"type":"Point","coordinates":[18.682025,50.0403]},"properties":{"name":"Dąbrowskiego","lines":"01, 07","arr":["01","07"],"terminus":0,"mode":"bus","color":"#0059a9","colorDark":"#00294f","angle":96.7,"snapDist":0,"label":1}},{"type":"Feature","geometry":{"type":"Point","coordinates":[18.687001,50.042478]},"properties":{"name":"Wodzisławska - Basen","lines":"01, 05, 07, ZL","arr":["01","05","07","ZL"],"terminus":0,"mode":"bus","color":"#0059a9","colorDark":"#00294f","angle":161.3,"snapDist":0,"label":1}},{"type":"Feature","geometry":{"type":"Point","coordinates":[18.688671,50.04479]},"properties":{"name":"Al. Niepodległości","lines":"01, 02, 03, 04, 05, 06, 07, 08, 09, ZL","arr":["01","02","03","04","05","06","07","08","09","ZL"],"terminus":0,"mode":"bus","color":"#0059a9","colorDark":"#00294f","angle":79.6,"snapDist":0,"label":1}},{"type":"Feature","geometry":{"type":"Point","coordinates":[18.69331,50.04747]},"properties":{"name":"Centrum Przesiadkowe","lines":"01, 02, 03","arr":["01","02","03"],"terminus":1,"mode":"bus","color":"#0059a9","colorDark":"#00294f","angle":243.8,"snapDist":0,"label":1}},{"type":"Feature","geometry":{"type":"Point","coordinates":[18.693441,50.047765]},"properties":{"name":"Centrum Przesiadkowe","lines":"01, 02, 03, 04, 05, 06, 07, 08, 09, ZL","arr":["01","02","03","04","05","06","07","08","09","ZL"],"terminus":1,"mode":"bus","color":"#0059a9","colorDark":"#00294f","angle":150.9,"snapDist":6,"label":0}},{"type":"Feature","geometry":{"type":"Point","coordinates":[18.688671,50.04479]},"properties":{"name":"Al. Niepodległości","lines":"01, 02, 03, 04, 05, 06, 07, 08, 09, ZL","arr":["01","02","03","04","05","06","07","08","09","ZL"],"terminus":0,"mode":"bus","color":"#0059a9","colorDark":"#00294f","angle":259.6,"snapDist":0,"label":0}},{"type":"Feature","geometry":{"type":"Point","coordinates":[18.695483,50.043133]},"properties":{"name":"Stodolna - Cmentarz","lines":"01, 08","arr":["01","08"],"terminus":0,"mode":"bus","color":"#0059a9","colorDark":"#00294f","angle":166.1,"snapDist":1,"label":1}},{"type":"Feature","geometry":{"type":"Point","coordinates":[18.695644,50.036807]},"properties":{"name":"Osińska Korfantego","lines":"01, 08","arr":["01","08"],"terminus":0,"mode":"bus","color":"#0059a9","colorDark":"#00294f","angle":280.9,"snapDist":2,"label":1}},{"type":"Feature","geometry":{"type":"Point","coordinates":[18.695317,50.032695]},"properties":{"name":"Al. Zjednoczonej Europy - Osińska","lines":"01","arr":["01"],"terminus":0,"mode":"bus","color":"#0059a9","colorDark":"#00294f","angle":14.9,"snapDist":6,"label":1}},{"type":"Feature","geometry":{"type":"Point","coordinates":[18.698662,50.03273]},"properties":{"name":"Al. Zjednoczonej Europy - Okrężna","lines":"01, 06, 07","arr":["01","06","07"],"terminus":0,"mode":"bus","color":"#0059a9","colorDark":"#00294f","angle":160.3,"snapDist":5,"label":1}},{"type":"Feature","geometry":{"type":"Point","coordinates":[18.680936,50.02616]},"properties":{"name":"Al. Jana Pawła II - Spółdzielcza","lines":"01, 02, 09","arr":["01","02","09"],"terminus":1,"mode":"bus","color":"#0059a9","colorDark":"#00294f","angle":339.9,"snapDist":1,"label":1}},{"type":"Feature","geometry":{"type":"Point","coordinates":[18.674087,50.023304]},"properties":{"name":"Al. Jana Pawła II - Towarowa","lines":"01, 02, 09","arr":["01","02","09"],"terminus":0,"mode":"bus","color":"#0059a9","colorDark":"#00294f","angle":325.5,"snapDist":2,"label":1}},{"type":"Feature","geometry":{"type":"Point","coordinates":[18.672496,50.022594]},"properties":{"name":"Al. Jana Pawła II - Industrialna","lines":"01, 02, 09","arr":["01","02","09"],"terminus":1,"mode":"bus","color":"#0059a9","colorDark":"#00294f","angle":327.5,"snapDist":2,"label":1}},{"type":"Feature","geometry":{"type":"Point","coordinates":[18.680936,50.02616]},"properties":{"name":"Al. Jana Pawła II - Spółdzielcza","lines":"01, 02, 09","arr":["01","02","09"],"terminus":0,"mode":"bus","color":"#0059a9","colorDark":"#00294f","angle":339.9,"snapDist":1,"label":0}},{"type":"Feature","geometry":{"type":"Point","coordinates":[18.686937,50.027258]},"properties":{"name":"Okrężna - Promienna","lines":"02","arr":["02"],"terminus":0,"mode":"bus","color":"#0059a9","colorDark":"#00294f","angle":208.6,"snapDist":1,"label":0}},{"type":"Feature","geometry":{"type":"Point","coordinates":[18.689555,50.028102]},"properties":{"name":"Wolontariuszy - Promienna","lines":"02","arr":["02"],"terminus":1,"mode":"bus","color":"#0059a9","colorDark":"#00294f","angle":200.1,"snapDist":1,"label":1}},{"type":"Feature","geometry":{"type":"Point","coordinates":[18.693451,50.027354]},"properties":{"name":"Wolontariuszy - Osińska","lines":"02","arr":["02"],"terminus":0,"mode":"bus","color":"#0059a9","colorDark":"#00294f","angle":192.8,"snapDist":0,"label":0}},{"type":"Feature","geometry":{"type":"Point","coordinates":[18.698173,50.027731]},"properties":{"name":"Bankowa","lines":"02","arr":["02"],"terminus":0,"mode":"bus","color":"#0059a9","colorDark":"#00294f","angle":97.4,"snapDist":1,"label":0}},{"type":"Feature","geometry":{"type":"Point","coordinates":[18.698611,50.032832]},"properties":{"name":"Al. Zjednoczonej Europy - Okrężna","lines":"02, 06, 07","arr":["02","06","07"],"terminus":0,"mode":"bus","color":"#0059a9","colorDark":"#00294f","angle":163.4,"snapDist":7,"label":0}},{"type":"Feature","geometry":{"type":"Point","coordinates":[18.695364,50.032801]},"properties":{"name":"Al. Zjednoczonej Europy - Osińska","lines":"02","arr":["02"],"terminus":0,"mode":"bus","color":"#0059a9","colorDark":"#00294f","angle":17,"snapDist":6,"label":0}},{"type":"Feature","geometry":{"type":"Point","coordinates":[18.695644,50.036807]},"properties":{"name":"Osińska Korfantego","lines":"02, 08","arr":["02","08"],"terminus":0,"mode":"bus","color":"#0059a9","colorDark":"#00294f","angle":100.9,"snapDist":2,"label":0}},{"type":"Feature","geometry":{"type":"Point","coordinates":[18.696141,50.043257]},"properties":{"name":"Stodolna - Cmentarz","lines":"02, 08","arr":["02","08"],"terminus":0,"mode":"bus","color":"#0059a9","colorDark":"#00294f","angle":329.7,"snapDist":3,"label":0}},{"type":"Feature","geometry":{"type":"Point","coordinates":[18.687456,50.04258]},"properties":{"name":"Wodzisławska - Basen","lines":"02, 05, 07, ZL","arr":["02","05","07","ZL"],"terminus":0,"mode":"bus","color":"#0059a9","colorDark":"#00294f","angle":340.3,"snapDist":1,"label":0}},{"type":"Feature","geometry":{"type":"Point","coordinates":[18.681956,50.039928]},"properties":{"name":"Dąbrowskiego","lines":"02, 07","arr":["02","07"],"terminus":0,"mode":"bus","color":"#0059a9","colorDark":"#00294f","angle":277,"snapDist":2,"label":0}},{"type":"Feature","geometry":{"type":"Point","coordinates":[18.682077,50.03543]},"properties":{"name":"Dąbrowskiego - Targowisko","lines":"02, 07","arr":["02","07"],"terminus":0,"mode":"bus","color":"#0059a9","colorDark":"#00294f","angle":266.8,"snapDist":1,"label":1}},{"type":"Feature","geometry":{"type":"Point","coordinates":[18.679449,50.034964]},"properties":{"name":"Al. Zjednoczonej Europy - Archiwum","lines":"02, 08","arr":["02","08"],"terminus":1,"mode":"bus","color":"#0059a9","colorDark":"#00294f","angle":7.3,"snapDist":5,"label":0}},{"type":"Feature","geometry":{"type":"Point","coordinates":[18.67363,50.034923]},"properties":{"name":"Armii Krajowej - Malinowa","lines":"02","arr":["02"],"terminus":0,"mode":"bus","color":"#0059a9","colorDark":"#00294f","angle":92.1,"snapDist":9,"label":0}},{"type":"Feature","geometry":{"type":"Point","coordinates":[18.675526,50.031915]},"properties":{"name":"Żołnierzy Września - Parking","lines":"02","arr":["02"],"terminus":0,"mode":"bus","color":"#0059a9","colorDark":"#00294f","angle":189.2,"snapDist":2,"label":0}},{"type":"Feature","geometry":{"type":"Point","coordinates":[18.680605,50.031028]},"properties":{"name":"Żołnierzy Września","lines":"02","arr":["02"],"terminus":0,"mode":"bus","color":"#0059a9","colorDark":"#00294f","angle":218.4,"snapDist":2,"label":0}},{"type":"Feature","geometry":{"type":"Point","coordinates":[18.689462,50.038041]},"properties":{"name":"Al. Jana Pawła II - Sąd","lines":"03, 04, 05, 06, 09, ZL","arr":["03","04","05","06","09","ZL"],"terminus":0,"mode":"bus","color":"#0059a9","colorDark":"#00294f","angle":271.3,"snapDist":4,"label":1}},{"type":"Feature","geometry":{"type":"Point","coordinates":[18.69378,50.033033]},"properties":{"name":"Al. Zjednoczonej Europy - Osińska","lines":"03, 06, 07","arr":["03","06","07"],"terminus":0,"mode":"bus","color":"#0059a9","colorDark":"#00294f","angle":198.9,"snapDist":4,"label":0}},{"type":"Feature","geometry":{"type":"Point","coordinates":[18.693628,50.029866]},"properties":{"name":"Osińska - Wisus","lines":"03","arr":["03"],"terminus":0,"mode":"bus","color":"#0059a9","colorDark":"#00294f","angle":280.3,"snapDist":3,"label":1}},{"type":"Feature","geometry":{"type":"Point","coordinates":[18.690249,50.022935]},"properties":{"name":"Główna - Spółdzielcza","lines":"03","arr":["03"],"terminus":0,"mode":"bus","color":"#0059a9","colorDark":"#00294f","angle":284.7,"snapDist":2,"label":1}},{"type":"Feature","geometry":{"type":"Point","coordinates":[18.688314,50.017496]},"properties":{"name":"Osińska - Warszowicka","lines":"03","arr":["03"],"terminus":0,"mode":"bus","color":"#0059a9","colorDark":"#00294f","angle":292.4,"snapDist":1,"label":1}},{"type":"Feature","geometry":{"type":"Point","coordinates":[18.686623,50.014235]},"properties":{"name":"Główna - Remiza","lines":"03","arr":["03"],"terminus":0,"mode":"bus","color":"#0059a9","colorDark":"#00294f","angle":358.6,"snapDist":11,"label":1}},{"type":"Feature","geometry":{"type":"Point","coordinates":[18.683009,50.00828]},"properties":{"name":"Główna - Wąwozowa","lines":"03","arr":["03"],"terminus":0,"mode":"bus","color":"#0059a9","colorDark":"#00294f","angle":278.4,"snapDist":0,"label":1}},{"type":"Feature","geometry":{"type":"Point","coordinates":[18.682127,50.005349]},"properties":{"name":"Główna Pętla","lines":"03","arr":["03"],"terminus":1,"mode":"bus","color":"#0059a9","colorDark":"#00294f","angle":227.8,"snapDist":14,"label":1}},{"type":"Feature","geometry":{"type":"Point","coordinates":[18.683009,50.00828]},"properties":{"name":"Główna - Wąwozowa","lines":"03","arr":["03"],"terminus":0,"mode":"bus","color":"#0059a9","colorDark":"#00294f","angle":98.4,"snapDist":0,"label":0}},{"type":"Feature","geometry":{"type":"Point","coordinates":[18.68646,50.014009]},"properties":{"name":"Główna - Remiza","lines":"03","arr":["03"],"terminus":0,"mode":"bus","color":"#0059a9","colorDark":"#00294f","angle":17,"snapDist":8,"label":0}},{"type":"Feature","geometry":{"type":"Point","coordinates":[18.688514,50.017809]},"properties":{"name":"Osińska - Warszowicka","lines":"03","arr":["03"],"terminus":0,"mode":"bus","color":"#0059a9","colorDark":"#00294f","angle":112.3,"snapDist":0,"label":0}},{"type":"Feature","geometry":{"type":"Point","coordinates":[18.690064,50.022462]},"properties":{"name":"Główna - Spółdzielcza","lines":"03","arr":["03"],"terminus":0,"mode":"bus","color":"#0059a9","colorDark":"#00294f","angle":100.4,"snapDist":1,"label":0}},{"type":"Feature","geometry":{"type":"Point","coordinates":[18.693326,50.028853]},"properties":{"name":"Osińska - Żłobek","lines":"03","arr":["03"],"terminus":0,"mode":"bus","color":"#0059a9","colorDark":"#00294f","angle":100.7,"snapDist":2,"label":1}},{"type":"Feature","geometry":{"type":"Point","coordinates":[18.693418,50.033231]},"properties":{"name":"Al. Zjednoczonej Europy - Osińska","lines":"03, 06, 07, 08","arr":["03","06","07","08"],"terminus":0,"mode":"bus","color":"#0059a9","colorDark":"#00294f","angle":-160.8,"snapDist":6,"label":0}},{"type":"Feature","geometry":{"type":"Point","coordinates":[18.689652,50.038198]},"properties":{"name":"Al. Jana Pawła II - Sąd","lines":"03, 04, 05, 06, 09, ZL","arr":["03","04","05","06","09","ZL"],"terminus":0,"mode":"bus","color":"#0059a9","colorDark":"#00294f","angle":-88.8,"snapDist":9,"label":0}},{"type":"Feature","geometry":{"type":"Point","coordinates":[18.686571,50.029772]},"properties":{"name":"Al. Jana Pawła II Bajerówka","lines":"04, 05, 09, ZL","arr":["04","05","09","ZL"],"terminus":1,"mode":"bus","color":"#0059a9","colorDark":"#00294f","angle":124.7,"snapDist":4,"label":1}},{"type":"Feature","geometry":{"type":"Point","coordinates":[18.687277,50.045493]},"properties":{"name":"Al. Wojska Polskiego - Rondo","lines":"04, 08","arr":["04","08"],"terminus":0,"mode":"bus","color":"#0059a9","colorDark":"#00294f","angle":6.7,"snapDist":2,"label":1}},{"type":"Feature","geometry":{"type":"Point","coordinates":[18.679961,50.046056]},"properties":{"name":"Al. Wojska Polskiego - Herberta","lines":"04, 08","arr":["04","08"],"terminus":0,"mode":"bus","color":"#0059a9","colorDark":"#00294f","angle":6.9,"snapDist":1,"label":1}},{"type":"Feature","geometry":{"type":"Point","coordinates":[18.670124,50.049205]},"properties":{"name":"Folwarecka - Ogródki","lines":"04","arr":["04"],"terminus":0,"mode":"bus","color":"#0059a9","colorDark":"#00294f","angle":34.9,"snapDist":1,"label":1}},{"type":"Feature","geometry":{"type":"Point","coordinates":[18.65984,50.05295]},"properties":{"name":"Folwarecka - Pałki","lines":"04","arr":["04"],"terminus":0,"mode":"bus","color":"#0059a9","colorDark":"#00294f","angle":29.9,"snapDist":0,"label":1}},{"type":"Feature","geometry":{"type":"Point","coordinates":[18.655602,50.0554]},"properties":{"name":"Reja","lines":"04","arr":["04"],"terminus":0,"mode":"bus","color":"#0059a9","colorDark":"#00294f","angle":70.7,"snapDist":0,"label":1}},{"type":"Feature","geometry":{"type":"Point","coordinates":[18.658182,50.064041]},"properties":{"name":"Rondo Gliwickie","lines":"04","arr":["04"],"terminus":0,"mode":"bus","color":"#0059a9","colorDark":"#00294f","angle":144.3,"snapDist":4,"label":1}},{"type":"Feature","geometry":{"type":"Point","coordinates":[18.656434,50.065864]},"properties":{"name":"Rybnicka - Wiśniowa","lines":"04, 08","arr":["04","08"],"terminus":0,"mode":"bus","color":"#0059a9","colorDark":"#00294f","angle":35.7,"snapDist":1,"label":1}},{"type":"Feature","geometry":{"type":"Point","coordinates":[18.648704,50.069356]},"properties":{"name":"Rybnicka - Świetlica","lines":"04, 08","arr":["04","08"],"terminus":0,"mode":"bus","color":"#0059a9","colorDark":"#00294f","angle":22.2,"snapDist":1,"label":1}},{"type":"Feature","geometry":{"type":"Point","coordinates":[18.643194,50.070108]},"properties":{"name":"Rybnicka - Granica","lines":"04, 08","arr":["04","08"],"terminus":1,"mode":"bus","color":"#0059a9","colorDark":"#00294f","angle":17,"snapDist":1,"label":1}},{"type":"Feature","geometry":{"type":"Point","coordinates":[18.64818,50.069495]},"properties":{"name":"Rybnicka - Świetlica","lines":"04, 08","arr":["04","08"],"terminus":0,"mode":"bus","color":"#0059a9","colorDark":"#00294f","angle":202.8,"snapDist":2,"label":0}},{"type":"Feature","geometry":{"type":"Point","coordinates":[18.656434,50.065864]},"properties":{"name":"Rybnicka - Wiśniowa","lines":"04, 08","arr":["04","08"],"terminus":0,"mode":"bus","color":"#0059a9","colorDark":"#00294f","angle":215.7,"snapDist":1,"label":0}},{"type":"Feature","geometry":{"type":"Point","coordinates":[18.658182,50.064041]},"properties":{"name":"Rondo Gliwickie","lines":"04","arr":["04"],"terminus":0,"mode":"bus","color":"#0059a9","colorDark":"#00294f","angle":324.3,"snapDist":4,"label":0}},{"type":"Feature","geometry":{"type":"Point","coordinates":[18.655683,50.055061]},"properties":{"name":"Reja","lines":"04","arr":["04"],"terminus":0,"mode":"bus","color":"#0059a9","colorDark":"#00294f","angle":262.1,"snapDist":1,"label":0}},{"type":"Feature","geometry":{"type":"Point","coordinates":[18.65984,50.05295]},"properties":{"name":"Folwarecka - Pałki","lines":"04","arr":["04"],"terminus":0,"mode":"bus","color":"#0059a9","colorDark":"#00294f","angle":209.9,"snapDist":0,"label":0}},{"type":"Feature","geometry":{"type":"Point","coordinates":[18.669758,50.049368]},"properties":{"name":"Folwarecka - Ogródki","lines":"04","arr":["04"],"terminus":0,"mode":"bus","color":"#0059a9","colorDark":"#00294f","angle":214.7,"snapDist":0,"label":0}},{"type":"Feature","geometry":{"type":"Point","coordinates":[18.679402,50.0461]},"properties":{"name":"Al. Wojska Polskiego - Herberta","lines":"04, 08","arr":["04","08"],"terminus":0,"mode":"bus","color":"#0059a9","colorDark":"#00294f","angle":186.9,"snapDist":1,"label":0}},{"type":"Feature","geometry":{"type":"Point","coordinates":[18.686646,50.04554]},"properties":{"name":"Al. Wojska Polskiego - Rondo","lines":"04, 08","arr":["04","08"],"terminus":0,"mode":"bus","color":"#0059a9","colorDark":"#00294f","angle":186.7,"snapDist":2,"label":0}},{"type":"Feature","geometry":{"type":"Point","coordinates":[18.686571,50.029772]},"properties":{"name":"Al. Jana Pawła II Bajerówka","lines":"04, 05, 09, ZL","arr":["04","05","09","ZL"],"terminus":1,"mode":"bus","color":"#0059a9","colorDark":"#00294f","angle":304.7,"snapDist":4,"label":0}},{"type":"Feature","geometry":{"type":"Point","coordinates":[18.678749,50.04077]},"properties":{"name":"Wodzisławska - Miła","lines":"05, ZL","arr":["05","ZL"],"terminus":0,"mode":"bus","color":"#0059a9","colorDark":"#00294f","angle":344,"snapDist":2,"label":1}},{"type":"Feature","geometry":{"type":"Point","coordinates":[18.668935,50.038455]},"properties":{"name":"Wodzisławska - Kominka","lines":"05, ZL","arr":["05","ZL"],"terminus":0,"mode":"bus","color":"#0059a9","colorDark":"#00294f","angle":328.9,"snapDist":1,"label":1}},{"type":"Feature","geometry":{"type":"Point","coordinates":[18.664166,50.037081]},"properties":{"name":"Wodzisławska - Zbożowa","lines":"05, ZL","arr":["05","ZL"],"terminus":0,"mode":"bus","color":"#0059a9","colorDark":"#00294f","angle":337.5,"snapDist":1,"label":1}},{"type":"Feature","geometry":{"type":"Point","coordinates":[18.652797,50.035326]},"properties":{"name":"Wodzisławska - Kiepury","lines":"05, ZL","arr":["05","ZL"],"terminus":0,"mode":"bus","color":"#0059a9","colorDark":"#00294f","angle":5.2,"snapDist":3,"label":1}},{"type":"Feature","geometry":{"type":"Point","coordinates":[18.64287,50.033055]},"properties":{"name":"Wodzisławska - Stroma","lines":"05, ZL","arr":["05","ZL"],"terminus":0,"mode":"bus","color":"#0059a9","colorDark":"#00294f","angle":323.1,"snapDist":4,"label":1}},{"type":"Feature","geometry":{"type":"Point","coordinates":[18.634351,50.031557]},"properties":{"name":"Wodzisławska - Spokojna","lines":"05, ZL","arr":["05","ZL"],"terminus":0,"mode":"bus","color":"#0059a9","colorDark":"#00294f","angle":358.9,"snapDist":3,"label":1}},{"type":"Feature","geometry":{"type":"Point","coordinates":[18.627633,50.03237]},"properties":{"name":"Gwarków","lines":"05, ZL","arr":["05","ZL"],"terminus":0,"mode":"bus","color":"#0059a9","colorDark":"#00294f","angle":282.1,"snapDist":0,"label":1}},{"type":"Feature","geometry":{"type":"Point","coordinates":[18.62747,50.037391]},"properties":{"name":"Gwarków Osiedle","lines":"05, ZL","arr":["05","ZL"],"terminus":0,"mode":"bus","color":"#0059a9","colorDark":"#00294f","angle":32,"snapDist":3,"label":1}},{"type":"Feature","geometry":{"type":"Point","coordinates":[18.627659,50.03271]},"properties":{"name":"Gwarków","lines":"05, ZL","arr":["05","ZL"],"terminus":0,"mode":"bus","color":"#0059a9","colorDark":"#00294f","angle":92.4,"snapDist":0,"label":0}},{"type":"Feature","geometry":{"type":"Point","coordinates":[18.623638,50.032169]},"properties":{"name":"Wodzisławska - Kłokocińska","lines":"05","arr":["05"],"terminus":0,"mode":"bus","color":"#0059a9","colorDark":"#00294f","angle":5.8,"snapDist":1,"label":1}},{"type":"Feature","geometry":{"type":"Point","coordinates":[18.617009,50.032335]},"properties":{"name":"Wodzisławska - Boguszowicka","lines":"05","arr":["05"],"terminus":0,"mode":"bus","color":"#0059a9","colorDark":"#00294f","angle":8.1,"snapDist":1,"label":1}},{"type":"Feature","geometry":{"type":"Point","coordinates":[18.612252,50.036653]},"properties":{"name":"Boguszowicka","lines":"05","arr":["05"],"terminus":0,"mode":"bus","color":"#0059a9","colorDark":"#00294f","angle":57.7,"snapDist":1,"label":1}},{"type":"Feature","geometry":{"type":"Point","coordinates":[18.608459,50.046763]},"properties":{"name":"Boguszowice Osiedle Pętla","lines":"05","arr":["05"],"terminus":0,"mode":"bus","color":"#0059a9","colorDark":"#00294f","angle":344.8,"snapDist":15,"label":1}},{"type":"Feature","geometry":{"type":"Point","coordinates":[18.6002,50.048148]},"properties":{"name":"Boguszowice Osiedle Patriotów","lines":"05","arr":["05"],"terminus":0,"mode":"bus","color":"#0059a9","colorDark":"#00294f","angle":333.1,"snapDist":2,"label":1}},{"type":"Feature","geometry":{"type":"Point","coordinates":[18.588982,50.049147]},"properties":{"name":"Boguszowice Osiedle Kopalnia","lines":"05","arr":["05"],"terminus":1,"mode":"bus","color":"#0059a9","colorDark":"#00294f","angle":349.4,"snapDist":2,"label":1}},{"type":"Feature","geometry":{"type":"Point","coordinates":[18.588982,50.049147]},"properties":{"name":"Boguszowice Osiedle Kopalnia","lines":"05","arr":["05"],"terminus":1,"mode":"bus","color":"#0059a9","colorDark":"#00294f","angle":169.4,"snapDist":2,"label":0}},{"type":"Feature","geometry":{"type":"Point","coordinates":[18.599695,50.048]},"properties":{"name":"Boguszowice Osiedle Patriotów","lines":"05","arr":["05"],"terminus":0,"mode":"bus","color":"#0059a9","colorDark":"#00294f","angle":161.2,"snapDist":1,"label":0}},{"type":"Feature","geometry":{"type":"Point","coordinates":[18.608459,50.046763]},"properties":{"name":"Boguszowice Osiedle Pętla","lines":"05","arr":["05"],"terminus":0,"mode":"bus","color":"#0059a9","colorDark":"#00294f","angle":-70.7,"snapDist":15,"label":0}},{"type":"Feature","geometry":{"type":"Point","coordinates":[18.612252,50.036653]},"properties":{"name":"Boguszowicka","lines":"05","arr":["05"],"terminus":0,"mode":"bus","color":"#0059a9","colorDark":"#00294f","angle":237.7,"snapDist":1,"label":0}},{"type":"Feature","geometry":{"type":"Point","coordinates":[18.617009,50.032335]},"properties":{"name":"Wodzisławska - Boguszowicka","lines":"05","arr":["05"],"terminus":0,"mode":"bus","color":"#0059a9","colorDark":"#00294f","angle":188.1,"snapDist":1,"label":0}},{"type":"Feature","geometry":{"type":"Point","coordinates":[18.624087,50.03214]},"properties":{"name":"Wodzisławska - Kłokocińska","lines":"05","arr":["05"],"terminus":0,"mode":"bus","color":"#0059a9","colorDark":"#00294f","angle":185.8,"snapDist":2,"label":0}},{"type":"Feature","geometry":{"type":"Point","coordinates":[18.62707,50.03754]},"properties":{"name":"Gwarków Osiedle","lines":"05, ZL","arr":["05","ZL"],"terminus":0,"mode":"bus","color":"#0059a9","colorDark":"#00294f","angle":209.6,"snapDist":0,"label":0}},{"type":"Feature","geometry":{"type":"Point","coordinates":[18.634351,50.031557]},"properties":{"name":"Wodzisławska - Spokojna","lines":"05, ZL","arr":["05","ZL"],"terminus":0,"mode":"bus","color":"#0059a9","colorDark":"#00294f","angle":178.9,"snapDist":3,"label":0}},{"type":"Feature","geometry":{"type":"Point","coordinates":[18.643301,50.033261]},"properties":{"name":"Wodzisławska - Stroma","lines":"05, ZL","arr":["05","ZL"],"terminus":0,"mode":"bus","color":"#0059a9","colorDark":"#00294f","angle":142,"snapDist":1,"label":0}},{"type":"Feature","geometry":{"type":"Point","coordinates":[18.652797,50.035326]},"properties":{"name":"Wodzisławska - Kiepury","lines":"05, ZL","arr":["05","ZL"],"terminus":0,"mode":"bus","color":"#0059a9","colorDark":"#00294f","angle":185.2,"snapDist":3,"label":0}},{"type":"Feature","geometry":{"type":"Point","coordinates":[18.664166,50.037081]},"properties":{"name":"Wodzisławska - Zbożowa","lines":"05, ZL","arr":["05","ZL"],"terminus":0,"mode":"bus","color":"#0059a9","colorDark":"#00294f","angle":157.5,"snapDist":1,"label":0}},{"type":"Feature","geometry":{"type":"Point","coordinates":[18.669416,50.038644]},"properties":{"name":"Wodzisławska - Kominka","lines":"05, ZL","arr":["05","ZL"],"terminus":0,"mode":"bus","color":"#0059a9","colorDark":"#00294f","angle":146.9,"snapDist":1,"label":0}},{"type":"Feature","geometry":{"type":"Point","coordinates":[18.679303,50.040872]},"properties":{"name":"Wodzisławska - Miła","lines":"05, ZL","arr":["05","ZL"],"terminus":0,"mode":"bus","color":"#0059a9","colorDark":"#00294f","angle":164,"snapDist":1,"label":0}},{"type":"Feature","geometry":{"type":"Point","coordinates":[18.713602,50.049184]},"properties":{"name":"Leśna Miasteczko Westernowe","lines":"06","arr":["06"],"terminus":1,"mode":"bus","color":"#0059a9","colorDark":"#00294f","angle":348.7,"snapDist":1,"label":1}},{"type":"Feature","geometry":{"type":"Point","coordinates":[18.703429,50.051584]},"properties":{"name":"Dworzec Kolejowy","lines":"06, 09","arr":["06","09"],"terminus":0,"mode":"bus","color":"#0059a9","colorDark":"#00294f","angle":241.4,"snapDist":3,"label":1}},{"type":"Feature","geometry":{"type":"Point","coordinates":[18.699141,50.047539]},"properties":{"name":"Dworcowa","lines":"06, 09","arr":["06","09"],"terminus":0,"mode":"bus","color":"#0059a9","colorDark":"#00294f","angle":325.5,"snapDist":1,"label":1}},{"type":"Feature","geometry":{"type":"Point","coordinates":[18.703102,50.032722]},"properties":{"name":"Kościuszki - Zjedn. Europy","lines":"06","arr":["06"],"terminus":0,"mode":"bus","color":"#0059a9","colorDark":"#00294f","angle":249.7,"snapDist":6,"label":1}},{"type":"Feature","geometry":{"type":"Point","coordinates":[18.707138,50.025604]},"properties":{"name":"Kościuszki - Owocowa","lines":"06","arr":["06"],"terminus":0,"mode":"bus","color":"#0059a9","colorDark":"#00294f","angle":78.2,"snapDist":9,"label":1}},{"type":"Feature","geometry":{"type":"Point","coordinates":[18.710206,50.021725]},"properties":{"name":"Pukowca - Strażacka","lines":"06","arr":["06"],"terminus":0,"mode":"bus","color":"#0059a9","colorDark":"#00294f","angle":216.5,"snapDist":1,"label":1}},{"type":"Feature","geometry":{"type":"Point","coordinates":[18.714626,50.015219]},"properties":{"name":"Kawowa - Pętla","lines":"06","arr":["06"],"terminus":0,"mode":"bus","color":"#0059a9","colorDark":"#00294f","angle":201.4,"snapDist":1,"label":1}},{"type":"Feature","geometry":{"type":"Point","coordinates":[18.715284,50.019733]},"properties":{"name":"Pukowca - Zamkowa","lines":"06","arr":["06"],"terminus":0,"mode":"bus","color":"#0059a9","colorDark":"#00294f","angle":30.6,"snapDist":1,"label":1}},{"type":"Feature","geometry":{"type":"Point","coordinates":[18.720935,50.017981]},"properties":{"name":"Pukowca - Szoszowska","lines":"06","arr":["06"],"terminus":0,"mode":"bus","color":"#0059a9","colorDark":"#00294f","angle":162.1,"snapDist":4,"label":1}},{"type":"Feature","geometry":{"type":"Point","coordinates":[18.727208,50.016088]},"properties":{"name":"Pukowca - Mała","lines":"06","arr":["06"],"terminus":0,"mode":"bus","color":"#0059a9","colorDark":"#00294f","angle":210.9,"snapDist":1,"label":1}},{"type":"Feature","geometry":{"type":"Point","coordinates":[18.733869,50.013751]},"properties":{"name":"Pukowca - Pętla","lines":"06","arr":["06"],"terminus":0,"mode":"bus","color":"#0059a9","colorDark":"#00294f","angle":147.3,"snapDist":13,"label":1}},{"type":"Feature","geometry":{"type":"Point","coordinates":[18.738105,50.01473]},"properties":{"name":"Dworska - Pukowca","lines":"06","arr":["06"],"terminus":0,"mode":"bus","color":"#0059a9","colorDark":"#00294f","angle":90,"snapDist":1,"label":1}},{"type":"Feature","geometry":{"type":"Point","coordinates":[18.738504,50.012849]},"properties":{"name":"Dworska - Podlesie","lines":"06","arr":["06"],"terminus":0,"mode":"bus","color":"#0059a9","colorDark":"#00294f","angle":254.7,"snapDist":0,"label":1}},{"type":"Feature","geometry":{"type":"Point","coordinates":[18.738939,50.00932]},"properties":{"name":"Dworska - Turkusowa","lines":"06","arr":["06"],"terminus":0,"mode":"bus","color":"#0059a9","colorDark":"#00294f","angle":282,"snapDist":0,"label":1}},{"type":"Feature","geometry":{"type":"Point","coordinates":[18.737852,50.002455]},"properties":{"name":"Szoszowska - Dworska","lines":"06","arr":["06"],"terminus":0,"mode":"bus","color":"#0059a9","colorDark":"#00294f","angle":340.4,"snapDist":2,"label":1}},{"type":"Feature","geometry":{"type":"Point","coordinates":[18.732622,50.003473]},"properties":{"name":"Szoszowy - Stalmacha","lines":"06","arr":["06"],"terminus":1,"mode":"bus","color":"#0059a9","colorDark":"#00294f","angle":6.6,"snapDist":1,"label":1}},{"type":"Feature","geometry":{"type":"Point","coordinates":[18.737852,50.002455]},"properties":{"name":"Szoszowska - Dworska","lines":"06","arr":["06"],"terminus":0,"mode":"bus","color":"#0059a9","colorDark":"#00294f","angle":160.4,"snapDist":2,"label":0}},{"type":"Feature","geometry":{"type":"Point","coordinates":[18.738939,50.00932]},"properties":{"name":"Dworska - Turkusowa","lines":"06","arr":["06"],"terminus":0,"mode":"bus","color":"#0059a9","colorDark":"#00294f","angle":102,"snapDist":0,"label":0}},{"type":"Feature","geometry":{"type":"Point","coordinates":[18.738404,50.013082]},"properties":{"name":"Dworska - Podlesie","lines":"06","arr":["06"],"terminus":0,"mode":"bus","color":"#0059a9","colorDark":"#00294f","angle":74.7,"snapDist":1,"label":0}},{"type":"Feature","geometry":{"type":"Point","coordinates":[18.738105,50.01505]},"properties":{"name":"Dworska - Pukowca","lines":"06","arr":["06"],"terminus":0,"mode":"bus","color":"#0059a9","colorDark":"#00294f","angle":90,"snapDist":1,"label":0}},{"type":"Feature","geometry":{"type":"Point","coordinates":[18.733869,50.013751]},"properties":{"name":"Pukowca - Pętla","lines":"06","arr":["06"],"terminus":0,"mode":"bus","color":"#0059a9","colorDark":"#00294f","angle":147.3,"snapDist":13,"label":0}},{"type":"Feature","geometry":{"type":"Point","coordinates":[18.727208,50.016088]},"properties":{"name":"Pukowca - Mała","lines":"06","arr":["06"],"terminus":0,"mode":"bus","color":"#0059a9","colorDark":"#00294f","angle":30.9,"snapDist":1,"label":0}},{"type":"Feature","geometry":{"type":"Point","coordinates":[18.71948,50.01813]},"properties":{"name":"Pukowca - Szoszowska","lines":"06","arr":["06"],"terminus":0,"mode":"bus","color":"#0059a9","colorDark":"#00294f","angle":32.2,"snapDist":0,"label":0}},{"type":"Feature","geometry":{"type":"Point","coordinates":[18.714728,50.01993]},"properties":{"name":"Pukowca - Zamkowa","lines":"06","arr":["06"],"terminus":0,"mode":"bus","color":"#0059a9","colorDark":"#00294f","angle":27.8,"snapDist":1,"label":0}},{"type":"Feature","geometry":{"type":"Point","coordinates":[18.714626,50.015219]},"properties":{"name":"Kawowa - Pętla","lines":"06","arr":["06"],"terminus":0,"mode":"bus","color":"#0059a9","colorDark":"#00294f","angle":201.4,"snapDist":1,"label":0}},{"type":"Feature","geometry":{"type":"Point","coordinates":[18.710206,50.021725]},"properties":{"name":"Pukowca - Strażacka","lines":"06","arr":["06"],"terminus":0,"mode":"bus","color":"#0059a9","colorDark":"#00294f","angle":36.5,"snapDist":1,"label":0}},{"type":"Feature","geometry":{"type":"Point","coordinates":[18.707287,50.025625]},"properties":{"name":"Kościuszki - Zamkowa","lines":"06","arr":["06"],"terminus":0,"mode":"bus","color":"#0059a9","colorDark":"#00294f","angle":74.4,"snapDist":2,"label":1}},{"type":"Feature","geometry":{"type":"Point","coordinates":[18.703841,50.031767]},"properties":{"name":"Kościuszki - Francuska","lines":"06","arr":["06"],"terminus":0,"mode":"bus","color":"#0059a9","colorDark":"#00294f","angle":-108.4,"snapDist":6,"label":1}},{"type":"Feature","geometry":{"type":"Point","coordinates":[18.699335,50.047625]},"properties":{"name":"Dworcowa","lines":"06, 07, 09","arr":["06","07","09"],"terminus":0,"mode":"bus","color":"#0059a9","colorDark":"#00294f","angle":145.5,"snapDist":1,"label":0}},{"type":"Feature","geometry":{"type":"Point","coordinates":[18.704404,50.050759]},"properties":{"name":"Leśna - Dworzec Kolejowy","lines":"06","arr":["06"],"terminus":0,"mode":"bus","color":"#0059a9","colorDark":"#00294f","angle":260.7,"snapDist":0,"label":1}},{"type":"Feature","geometry":{"type":"Point","coordinates":[18.704402,50.039695]},"properties":{"name":"Francuska","lines":"07","arr":["07"],"terminus":1,"mode":"bus","color":"#0059a9","colorDark":"#00294f","angle":287.4,"snapDist":2,"label":1}},{"type":"Feature","geometry":{"type":"Point","coordinates":[18.703754,50.034552]},"properties":{"name":"Polska","lines":"07","arr":["07"],"terminus":0,"mode":"bus","color":"#0059a9","colorDark":"#00294f","angle":160.3,"snapDist":1,"label":1}},{"type":"Feature","geometry":{"type":"Point","coordinates":[18.687843,50.034164]},"properties":{"name":"Al. Zjednoczonej Europy - Boryńska","lines":"07, 08","arr":["07","08"],"terminus":0,"mode":"bus","color":"#0059a9","colorDark":"#00294f","angle":4.7,"snapDist":3,"label":1}},{"type":"Feature","geometry":{"type":"Point","coordinates":[18.683405,50.034612]},"properties":{"name":"Al. Zjednoczonej Europy - Szpital","lines":"07, 08","arr":["07","08"],"terminus":0,"mode":"bus","color":"#0059a9","colorDark":"#00294f","angle":-171.1,"snapDist":7,"label":1}},{"type":"Feature","geometry":{"type":"Point","coordinates":[18.704656,50.043758]},"properties":{"name":"Nowopszczyńska - Rondo","lines":"07","arr":["07"],"terminus":0,"mode":"bus","color":"#0059a9","colorDark":"#00294f","angle":49.7,"snapDist":0,"label":1}},{"type":"Feature","geometry":{"type":"Point","coordinates":[18.716899,50.041096]},"properties":{"name":"Nowopszczyńska - Wyzwolenia","lines":"07","arr":["07"],"terminus":0,"mode":"bus","color":"#0059a9","colorDark":"#00294f","angle":190.1,"snapDist":0,"label":1}},{"type":"Feature","geometry":{"type":"Point","coordinates":[18.7239,50.0403]},"properties":{"name":"Nowopszczyńska - Szkoła","lines":"07","arr":["07"],"terminus":0,"mode":"bus","color":"#0059a9","colorDark":"#00294f","angle":190.6,"snapDist":0,"label":1}},{"type":"Feature","geometry":{"type":"Point","coordinates":[18.731919,50.039445]},"properties":{"name":"Pszczyńska - Las","lines":"07","arr":["07"],"terminus":0,"mode":"bus","color":"#0059a9","colorDark":"#00294f","angle":188.5,"snapDist":1,"label":1}},{"type":"Feature","geometry":{"type":"Point","coordinates":[18.742772,50.038441]},"properties":{"name":"Pszczyńska - Targowa","lines":"07","arr":["07"],"terminus":0,"mode":"bus","color":"#0059a9","colorDark":"#00294f","angle":186.4,"snapDist":1,"label":1}},{"type":"Feature","geometry":{"type":"Point","coordinates":[18.751589,50.038769]},"properties":{"name":"Przyjazna","lines":"07","arr":["07"],"terminus":0,"mode":"bus","color":"#0059a9","colorDark":"#00294f","angle":96.2,"snapDist":1,"label":1}},{"type":"Feature","geometry":{"type":"Point","coordinates":[18.751524,50.049083]},"properties":{"name":"Jasna","lines":"07","arr":["07"],"terminus":1,"mode":"bus","color":"#0059a9","colorDark":"#00294f","angle":-99.9,"snapDist":8,"label":1}},{"type":"Feature","geometry":{"type":"Point","coordinates":[18.751589,50.038769]},"properties":{"name":"Przyjazna","lines":"07","arr":["07"],"terminus":0,"mode":"bus","color":"#0059a9","colorDark":"#00294f","angle":276.2,"snapDist":1,"label":0}},{"type":"Feature","geometry":{"type":"Point","coordinates":[18.741488,50.038541]},"properties":{"name":"Pszczyńska - Targowa","lines":"07","arr":["07"],"terminus":0,"mode":"bus","color":"#0059a9","colorDark":"#00294f","angle":7.6,"snapDist":1,"label":0}},{"type":"Feature","geometry":{"type":"Point","coordinates":[18.731919,50.039445]},"properties":{"name":"Pszczyńska - Las","lines":"07","arr":["07"],"terminus":0,"mode":"bus","color":"#0059a9","colorDark":"#00294f","angle":8.5,"snapDist":1,"label":0}},{"type":"Feature","geometry":{"type":"Point","coordinates":[18.722548,50.040452]},"properties":{"name":"Nowopszczyńska - Szkoła","lines":"07","arr":["07"],"terminus":0,"mode":"bus","color":"#0059a9","colorDark":"#00294f","angle":9.7,"snapDist":1,"label":0}},{"type":"Feature","geometry":{"type":"Point","coordinates":[18.716899,50.041096]},"properties":{"name":"Nowopszczyńska - Wyzwolenia","lines":"07","arr":["07"],"terminus":0,"mode":"bus","color":"#0059a9","colorDark":"#00294f","angle":10.1,"snapDist":0,"label":0}},{"type":"Feature","geometry":{"type":"Point","coordinates":[18.703122,50.044119]},"properties":{"name":"Pszczyńska - Rondo","lines":"07","arr":["07"],"terminus":0,"mode":"bus","color":"#0059a9","colorDark":"#00294f","angle":6.3,"snapDist":1,"label":1}},{"type":"Feature","geometry":{"type":"Point","coordinates":[18.698941,50.046419]},"properties":{"name":"Pszczyńska - Dworcowa","lines":"07","arr":["07"],"terminus":0,"mode":"bus","color":"#0059a9","colorDark":"#00294f","angle":56.7,"snapDist":2,"label":1}},{"type":"Feature","geometry":{"type":"Point","coordinates":[18.684118,50.03443]},"properties":{"name":"Al. Zjednoczonej Europy - Szpital","lines":"07, 08","arr":["07","08"],"terminus":0,"mode":"bus","color":"#0059a9","colorDark":"#00294f","angle":188.7,"snapDist":6,"label":0}},{"type":"Feature","geometry":{"type":"Point","coordinates":[18.694306,50.032208]},"properties":{"name":"Osińska - Za Targiem","lines":"08","arr":["08"],"terminus":0,"mode":"bus","color":"#0059a9","colorDark":"#00294f","angle":280.4,"snapDist":1,"label":1}},{"type":"Feature","geometry":{"type":"Point","coordinates":[18.672273,50.050213]},"properties":{"name":"Ogniowa","lines":"08","arr":["08"],"terminus":0,"mode":"bus","color":"#0059a9","colorDark":"#00294f","angle":80.8,"snapDist":2,"label":1}},{"type":"Feature","geometry":{"type":"Point","coordinates":[18.668307,50.053344]},"properties":{"name":"Przemysłowa","lines":"08","arr":["08"],"terminus":0,"mode":"bus","color":"#0059a9","colorDark":"#00294f","angle":109.4,"snapDist":2,"label":1}},{"type":"Feature","geometry":{"type":"Point","coordinates":[18.670685,50.058037]},"properties":{"name":"Przemysłowa - Rybnicka","lines":"08","arr":["08"],"terminus":0,"mode":"bus","color":"#0059a9","colorDark":"#00294f","angle":110.2,"snapDist":1,"label":1}},{"type":"Feature","geometry":{"type":"Point","coordinates":[18.666147,50.059807]},"properties":{"name":"Rybnicka Pałki","lines":"08","arr":["08"],"terminus":0,"mode":"bus","color":"#0059a9","colorDark":"#00294f","angle":29.6,"snapDist":0,"label":1}},{"type":"Feature","geometry":{"type":"Point","coordinates":[18.670536,50.062553]},"properties":{"name":"Wygoda","lines":"08","arr":["08"],"terminus":0,"mode":"bus","color":"#0059a9","colorDark":"#00294f","angle":195.7,"snapDist":1,"label":1}},{"type":"Feature","geometry":{"type":"Point","coordinates":[18.672324,50.05973]},"properties":{"name":"Wygoda Północna","lines":"08","arr":["08"],"terminus":0,"mode":"bus","color":"#0059a9","colorDark":"#00294f","angle":304.8,"snapDist":4,"label":1}},{"type":"Feature","geometry":{"type":"Point","coordinates":[18.662616,50.062213]},"properties":{"name":"Rybnicka - Rondo","lines":"08","arr":["08"],"terminus":0,"mode":"bus","color":"#0059a9","colorDark":"#00294f","angle":236.5,"snapDist":6,"label":1}},{"type":"Feature","geometry":{"type":"Point","coordinates":[18.666147,50.059807]},"properties":{"name":"Rybnicka Pałki","lines":"08","arr":["08"],"terminus":0,"mode":"bus","color":"#0059a9","colorDark":"#00294f","angle":29.6,"snapDist":0,"label":0}},{"type":"Feature","geometry":{"type":"Point","coordinates":[18.670521,50.05774]},"properties":{"name":"Przemysłowa - Rybnicka","lines":"08","arr":["08"],"terminus":0,"mode":"bus","color":"#0059a9","colorDark":"#00294f","angle":285.8,"snapDist":0,"label":0}},{"type":"Feature","geometry":{"type":"Point","coordinates":[18.668307,50.053344]},"properties":{"name":"Przemysłowa","lines":"08","arr":["08"],"terminus":0,"mode":"bus","color":"#0059a9","colorDark":"#00294f","angle":289.4,"snapDist":2,"label":0}},{"type":"Feature","geometry":{"type":"Point","coordinates":[18.672273,50.050213]},"properties":{"name":"Ogniowa","lines":"08","arr":["08"],"terminus":0,"mode":"bus","color":"#0059a9","colorDark":"#00294f","angle":260.8,"snapDist":2,"label":0}},{"type":"Feature","geometry":{"type":"Point","coordinates":[18.705027,50.051246]},"properties":{"name":"Mikołowska - Dworzec Kolejowy","lines":"09","arr":["09"],"terminus":0,"mode":"bus","color":"#0059a9","colorDark":"#00294f","angle":131.2,"snapDist":1,"label":1}},{"type":"Feature","geometry":{"type":"Point","coordinates":[18.706953,50.052339]},"properties":{"name":"Mikołowska - Dębowa","lines":"09","arr":["09"],"terminus":0,"mode":"bus","color":"#0059a9","colorDark":"#00294f","angle":143.5,"snapDist":2,"label":1}},{"type":"Feature","geometry":{"type":"Point","coordinates":[18.711717,50.056137]},"properties":{"name":"Boczna - Klonowa","lines":"09","arr":["09"],"terminus":1,"mode":"bus","color":"#0059a9","colorDark":"#00294f","angle":29.9,"snapDist":0,"label":1}},{"type":"Feature","geometry":{"type":"Point","coordinates":[18.707184,50.057843]},"properties":{"name":"Boczna - Park Przemysłowy","lines":"09","arr":["09"],"terminus":0,"mode":"bus","color":"#0059a9","colorDark":"#00294f","angle":30,"snapDist":1,"label":1}},{"type":"Feature","geometry":{"type":"Point","coordinates":[18.705473,50.053546]},"properties":{"name":"Brzozowa","lines":"09","arr":["09"],"terminus":0,"mode":"bus","color":"#0059a9","colorDark":"#00294f","angle":293.3,"snapDist":1,"label":1}},{"type":"Feature","geometry":{"type":"Point","coordinates":[18.62529,50.042004]},"properties":{"name":"Górnicza - Basen","lines":"ZL","arr":["ZL"],"terminus":1,"mode":"bus","color":"#0059a9","colorDark":"#00294f","angle":0.7,"snapDist":0,"label":1}},{"type":"Feature","geometry":{"type":"Point","coordinates":[18.62529,50.042004]},"properties":{"name":"Górnicza - Basen","lines":"ZL","arr":["ZL"],"terminus":0,"mode":"bus","color":"#0059a9","colorDark":"#00294f","angle":180.7,"snapDist":0,"label":0}},{"type":"Feature","geometry":{"type":"Point","coordinates":[18.464711,50.000854]},"properties":{"name":"Wodzisław Śląski, Targowa Dworzec Autobusowy","lines":"W32, W33, W34, W36, W38, W41, W42, W50, W51, W52, W53, W59","arr":["W32","W33","W34","W36","W38","W41","W42","W50","W51","W52","W53","W59"],"terminus":1,"mode":"bus","color":"#0059a9","colorDark":"#00294f","angle":4.4,"snapDist":8,"label":1}},{"type":"Feature","geometry":{"type":"Point","coordinates":[18.456009,49.992537]},"properties":{"name":"Wodzisław Śląski, Cmentarz Komunalny","lines":"W32, W33, W34, W51, W53","arr":["W32","W33","W34","W51","W53"],"terminus":0,"mode":"bus","color":"#0059a9","colorDark":"#00294f","angle":166,"snapDist":7,"label":1}},{"type":"Feature","geometry":{"type":"Point","coordinates":[18.453796,49.984823]},"properties":{"name":"Wodzisław Śląski, Marusze","lines":"W32, W33, W34, W51, W53","arr":["W32","W33","W34","W51","W53"],"terminus":0,"mode":"bus","color":"#0059a9","colorDark":"#00294f","angle":287.6,"snapDist":3,"label":1}},{"type":"Feature","geometry":{"type":"Point","coordinates":[18.454271,49.979337]},"properties":{"name":"Turza Śląska, Mszańska 27 Marca","lines":"W32, W51","arr":["W32","W51"],"terminus":0,"mode":"bus","color":"#0059a9","colorDark":"#00294f","angle":202.8,"snapDist":2,"label":1}},{"type":"Feature","geometry":{"type":"Point","coordinates":[18.460419,49.976945]},"properties":{"name":"Turza Śląska, Mszańska Wodzisławska","lines":"W32, W51","arr":["W32","W51"],"terminus":0,"mode":"bus","color":"#0059a9","colorDark":"#00294f","angle":210.5,"snapDist":10,"label":1}},{"type":"Feature","geometry":{"type":"Point","coordinates":[18.459915,49.969016]},"properties":{"name":"Turza Śląska, Wodzisławska Ligonia","lines":"W32","arr":["W32"],"terminus":0,"mode":"bus","color":"#0059a9","colorDark":"#00294f","angle":279.5,"snapDist":3,"label":1}},{"type":"Feature","geometry":{"type":"Point","coordinates":[18.458671,49.964054]},"properties":{"name":"Turza Śląska, Wodzisławska/ Graniczna","lines":"W32","arr":["W32"],"terminus":0,"mode":"bus","color":"#0059a9","colorDark":"#00294f","angle":278.5,"snapDist":4,"label":1}},{"type":"Feature","geometry":{"type":"Point","coordinates":[18.458246,49.959331]},"properties":{"name":"Turza Śląska, Olszenica","lines":"W32","arr":["W32"],"terminus":0,"mode":"bus","color":"#0059a9","colorDark":"#00294f","angle":268.9,"snapDist":5,"label":1}},{"type":"Feature","geometry":{"type":"Point","coordinates":[18.457519,49.95167]},"properties":{"name":"Turza Śląska Graniczna","lines":"W32","arr":["W32"],"terminus":0,"mode":"bus","color":"#0059a9","colorDark":"#00294f","angle":191.5,"snapDist":7,"label":1}},{"type":"Feature","geometry":{"type":"Point","coordinates":[18.464285,49.950801]},"properties":{"name":"Podbucze, Wiejska Sklep","lines":"W32","arr":["W32"],"terminus":0,"mode":"bus","color":"#0059a9","colorDark":"#00294f","angle":190.7,"snapDist":6,"label":1}},{"type":"Feature","geometry":{"type":"Point","coordinates":[18.443522,49.965811]},"properties":{"name":"Turza Śląska, Kościuszki Szkoła","lines":"W32","arr":["W32"],"terminus":0,"mode":"bus","color":"#0059a9","colorDark":"#00294f","angle":43.5,"snapDist":6,"label":1}},{"type":"Feature","geometry":{"type":"Point","coordinates":[18.437719,49.971212]},"properties":{"name":"Turza Śląska ,Kościuszki ,Bogumińska","lines":"W32","arr":["W32"],"terminus":0,"mode":"bus","color":"#0059a9","colorDark":"#00294f","angle":65.7,"snapDist":5,"label":1}},{"type":"Feature","geometry":{"type":"Point","coordinates":[18.414916,49.959465]},"properties":{"name":"Gorzyczki, Leśna Kolonia Fryderyk I","lines":"W32","arr":["W32"],"terminus":0,"mode":"bus","color":"#0059a9","colorDark":"#00294f","angle":354.8,"snapDist":5,"label":1}},{"type":"Feature","geometry":{"type":"Point","coordinates":[18.407385,49.958985]},"properties":{"name":"Gorzyce, Kopernika Bank","lines":"W32","arr":["W32"],"terminus":0,"mode":"bus","color":"#0059a9","colorDark":"#00294f","angle":354.7,"snapDist":4,"label":1}},{"type":"Feature","geometry":{"type":"Point","coordinates":[18.400494,49.957456]},"properties":{"name":"Gorzyce, Kościelna UG","lines":"W32","arr":["W32"],"terminus":0,"mode":"bus","color":"#0059a9","colorDark":"#00294f","angle":291.5,"snapDist":4,"label":1}},{"type":"Feature","geometry":{"type":"Point","coordinates":[18.395037,49.956088]},"properties":{"name":"Gorzyce, Ogrodowa","lines":"W32","arr":["W32"],"terminus":0,"mode":"bus","color":"#0059a9","colorDark":"#00294f","angle":345.6,"snapDist":5,"label":1}},{"type":"Feature","geometry":{"type":"Point","coordinates":[18.382506,49.945062]},"properties":{"name":"Uchylsko, Wiejska","lines":"W32","arr":["W32"],"terminus":1,"mode":"bus","color":"#0059a9","colorDark":"#00294f","angle":328.9,"snapDist":4,"label":1}},{"type":"Feature","geometry":{"type":"Point","coordinates":[18.395301,49.956132]},"properties":{"name":"Gorzyce, Ogrodowa","lines":"W32","arr":["W32"],"terminus":0,"mode":"bus","color":"#0059a9","colorDark":"#00294f","angle":165.6,"snapDist":3,"label":0}},{"type":"Feature","geometry":{"type":"Point","coordinates":[18.400595,49.957626]},"properties":{"name":"Gorzyce, Kościelna UG","lines":"W32","arr":["W32"],"terminus":0,"mode":"bus","color":"#0059a9","colorDark":"#00294f","angle":110.2,"snapDist":2,"label":0}},{"type":"Feature","geometry":{"type":"Point","coordinates":[18.408426,49.959047]},"properties":{"name":"Gorzyce, Kopernika Bank","lines":"W32","arr":["W32"],"terminus":0,"mode":"bus","color":"#0059a9","colorDark":"#00294f","angle":174.7,"snapDist":3,"label":0}},{"type":"Feature","geometry":{"type":"Point","coordinates":[18.415113,49.959476]},"properties":{"name":"Gorzyczki, Leśna Kolonia Fryderyk I","lines":"W32","arr":["W32"],"terminus":0,"mode":"bus","color":"#0059a9","colorDark":"#00294f","angle":174.8,"snapDist":5,"label":0}},{"type":"Feature","geometry":{"type":"Point","coordinates":[18.437763,49.97115]},"properties":{"name":"Turza Śląska ,Kościuszki ,Bogumińska","lines":"W32","arr":["W32"],"terminus":0,"mode":"bus","color":"#0059a9","colorDark":"#00294f","angle":245.7,"snapDist":3,"label":0}},{"type":"Feature","geometry":{"type":"Point","coordinates":[18.443547,49.965795]},"properties":{"name":"Turza Śląska, Kościuszki Szkoła","lines":"W32","arr":["W32"],"terminus":0,"mode":"bus","color":"#0059a9","colorDark":"#00294f","angle":223.5,"snapDist":1,"label":0}},{"type":"Feature","geometry":{"type":"Point","coordinates":[18.457708,49.951645]},"properties":{"name":"Turza Śląska Graniczna","lines":"W32","arr":["W32"],"terminus":0,"mode":"bus","color":"#0059a9","colorDark":"#00294f","angle":191.5,"snapDist":1,"label":0}},{"type":"Feature","geometry":{"type":"Point","coordinates":[18.458246,49.959339]},"properties":{"name":"Turza Śląska, Olszenica","lines":"W32","arr":["W32"],"terminus":0,"mode":"bus","color":"#0059a9","colorDark":"#00294f","angle":88.9,"snapDist":5,"label":0}},{"type":"Feature","geometry":{"type":"Point","coordinates":[18.458835,49.964738]},"properties":{"name":"Turza Śląska, Wodzisławska/ Graniczna","lines":"W32","arr":["W32"],"terminus":0,"mode":"bus","color":"#0059a9","colorDark":"#00294f","angle":99.6,"snapDist":5,"label":0}},{"type":"Feature","geometry":{"type":"Point","coordinates":[18.459912,49.969006]},"properties":{"name":"Turza Śląska, Wodzisławska Ligonia","lines":"W32","arr":["W32"],"terminus":0,"mode":"bus","color":"#0059a9","colorDark":"#00294f","angle":99.5,"snapDist":4,"label":0}},{"type":"Feature","geometry":{"type":"Point","coordinates":[18.460375,49.976962]},"properties":{"name":"Turza Śląska, Mszańska Wodzisławska","lines":"W32, W51","arr":["W32","W51"],"terminus":0,"mode":"bus","color":"#0059a9","colorDark":"#00294f","angle":30.5,"snapDist":4,"label":0}},{"type":"Feature","geometry":{"type":"Point","coordinates":[18.454317,49.979324]},"properties":{"name":"Turza Śląska, Mszańska 27 Marca","lines":"W32, W51","arr":["W32","W51"],"terminus":0,"mode":"bus","color":"#0059a9","colorDark":"#00294f","angle":22.8,"snapDist":4,"label":0}},{"type":"Feature","geometry":{"type":"Point","coordinates":[18.454376,49.98593]},"properties":{"name":"Wodzisław Śląski, Marusze","lines":"W32, W33, W34, W51","arr":["W32","W33","W34","W51"],"terminus":0,"mode":"bus","color":"#0059a9","colorDark":"#00294f","angle":106.6,"snapDist":8,"label":0}},{"type":"Feature","geometry":{"type":"Point","coordinates":[18.458938,49.998689]},"properties":{"name":"Wodzisław Śląski, Bogumińska Stadion Aleja","lines":"W33, W38, W51","arr":["W33","W38","W51"],"terminus":0,"mode":"bus","color":"#0059a9","colorDark":"#00294f","angle":284.2,"snapDist":5,"label":1}},{"type":"Feature","geometry":{"type":"Point","coordinates":[18.450606,49.979827]},"properties":{"name":"Wodzisław Śląski, Turzyczka Skrzyżowanie","lines":"W33, W34, W53","arr":["W33","W34","W53"],"terminus":0,"mode":"bus","color":"#0059a9","colorDark":"#00294f","angle":303.6,"snapDist":7,"label":1}},{"type":"Feature","geometry":{"type":"Point","coordinates":[18.437521,49.972198]},"properties":{"name":"Turza Śląska","lines":"W33, W34","arr":["W33","W34"],"terminus":0,"mode":"bus","color":"#0059a9","colorDark":"#00294f","angle":342.4,"snapDist":7,"label":1}},{"type":"Feature","geometry":{"type":"Point","coordinates":[18.420959,49.967989]},"properties":{"name":"Gorzyce, I","lines":"W33, W34","arr":["W33","W34"],"terminus":0,"mode":"bus","color":"#0059a9","colorDark":"#00294f","angle":337.5,"snapDist":7,"label":1}},{"type":"Feature","geometry":{"type":"Point","coordinates":[18.402106,49.960432]},"properties":{"name":"Gorzyce, Urząd Gminy","lines":"W33, W34","arr":["W33","W34"],"terminus":0,"mode":"bus","color":"#0059a9","colorDark":"#00294f","angle":316.3,"snapDist":6,"label":1}},{"type":"Feature","geometry":{"type":"Point","coordinates":[18.388851,49.959968]},"properties":{"name":"Gorzyce, Szkoła","lines":"W33","arr":["W33"],"terminus":0,"mode":"bus","color":"#0059a9","colorDark":"#00294f","angle":323,"snapDist":7,"label":1}},{"type":"Feature","geometry":{"type":"Point","coordinates":[18.373717,49.955253]},"properties":{"name":"Gorzyce, Bogumińska Basen","lines":"W33","arr":["W33"],"terminus":0,"mode":"bus","color":"#0059a9","colorDark":"#00294f","angle":46.6,"snapDist":14,"label":1}},{"type":"Feature","geometry":{"type":"Point","coordinates":[18.366973,49.956996]},"properties":{"name":"Gorzyce, DPS","lines":"W33","arr":["W33"],"terminus":0,"mode":"bus","color":"#0059a9","colorDark":"#00294f","angle":64.1,"snapDist":9,"label":1}},{"type":"Feature","geometry":{"type":"Point","coordinates":[18.35585,49.955928]},"properties":{"name":"Olza","lines":"W33","arr":["W33"],"terminus":0,"mode":"bus","color":"#0059a9","colorDark":"#00294f","angle":324.2,"snapDist":9,"label":1}},{"type":"Feature","geometry":{"type":"Point","coordinates":[18.34707,49.954523]},"properties":{"name":"Olza, Szkoła","lines":"W33","arr":["W33"],"terminus":0,"mode":"bus","color":"#0059a9","colorDark":"#00294f","angle":354.6,"snapDist":7,"label":1}},{"type":"Feature","geometry":{"type":"Point","coordinates":[18.338785,49.954602]},"properties":{"name":"Olza, Dworcowa Bogumińska","lines":"W33","arr":["W33"],"terminus":0,"mode":"bus","color":"#0059a9","colorDark":"#00294f","angle":82.6,"snapDist":7,"label":1}},{"type":"Feature","geometry":{"type":"Point","coordinates":[18.337452,49.960425]},"properties":{"name":"Olza, Dworcowa Dworzec Kolejowy","lines":"W33","arr":["W33"],"terminus":0,"mode":"bus","color":"#0059a9","colorDark":"#00294f","angle":82.4,"snapDist":4,"label":1}},{"type":"Feature","geometry":{"type":"Point","coordinates":[18.336034,49.967062]},"properties":{"name":"Olza, Dworcowa Osiedle","lines":"W33","arr":["W33"],"terminus":0,"mode":"bus","color":"#0059a9","colorDark":"#00294f","angle":82.1,"snapDist":6,"label":1}},{"type":"Feature","geometry":{"type":"Point","coordinates":[18.326249,49.969853]},"properties":{"name":"Odra, Główna Rogowska","lines":"W33","arr":["W33"],"terminus":0,"mode":"bus","color":"#0059a9","colorDark":"#00294f","angle":325.4,"snapDist":5,"label":1}},{"type":"Feature","geometry":{"type":"Point","coordinates":[18.318565,49.970741]},"properties":{"name":"Odra, Główna Pętla","lines":"W33","arr":["W33"],"terminus":1,"mode":"bus","color":"#0059a9","colorDark":"#00294f","angle":98.7,"snapDist":1,"label":1}},{"type":"Feature","geometry":{"type":"Point","coordinates":[18.326274,49.969864]},"properties":{"name":"Odra, Główna Rogowska","lines":"W33","arr":["W33"],"terminus":0,"mode":"bus","color":"#0059a9","colorDark":"#00294f","angle":145.4,"snapDist":3,"label":0}},{"type":"Feature","geometry":{"type":"Point","coordinates":[18.335995,49.967243]},"properties":{"name":"Olza, Dworcowa Osiedle","lines":"W33","arr":["W33"],"terminus":0,"mode":"bus","color":"#0059a9","colorDark":"#00294f","angle":262.1,"snapDist":3,"label":0}},{"type":"Feature","geometry":{"type":"Point","coordinates":[18.337384,49.960752]},"properties":{"name":"Olza, Dworcowa Dworzec Kolejowy","lines":"W33","arr":["W33"],"terminus":0,"mode":"bus","color":"#0059a9","colorDark":"#00294f","angle":262.4,"snapDist":2,"label":0}},{"type":"Feature","geometry":{"type":"Point","coordinates":[18.339849,49.954098]},"properties":{"name":"Olza, Skrzyżowanie","lines":"W33","arr":["W33"],"terminus":0,"mode":"bus","color":"#0059a9","colorDark":"#00294f","angle":174.7,"snapDist":17,"label":1}},{"type":"Feature","geometry":{"type":"Point","coordinates":[18.346004,49.954464]},"properties":{"name":"Olza, Szkoła","lines":"W33","arr":["W33"],"terminus":0,"mode":"bus","color":"#0059a9","colorDark":"#00294f","angle":174.9,"snapDist":5,"label":0}},{"type":"Feature","geometry":{"type":"Point","coordinates":[18.355588,49.955807]},"properties":{"name":"Olza","lines":"W33","arr":["W33"],"terminus":0,"mode":"bus","color":"#0059a9","colorDark":"#00294f","angle":144.2,"snapDist":6,"label":0}},{"type":"Feature","geometry":{"type":"Point","coordinates":[18.389474,49.96027]},"properties":{"name":"Gorzyce, Szkoła","lines":"W33","arr":["W33"],"terminus":0,"mode":"bus","color":"#0059a9","colorDark":"#00294f","angle":142.9,"snapDist":13,"label":0}},{"type":"Feature","geometry":{"type":"Point","coordinates":[18.40243,49.96063]},"properties":{"name":"Gorzyce, Urząd Gminy","lines":"W33, W34","arr":["W33","W34"],"terminus":0,"mode":"bus","color":"#0059a9","colorDark":"#00294f","angle":136.3,"snapDist":6,"label":0}},{"type":"Feature","geometry":{"type":"Point","coordinates":[18.420783,49.967942]},"properties":{"name":"Gorzyce, I","lines":"W33, W34","arr":["W33","W34"],"terminus":0,"mode":"bus","color":"#0059a9","colorDark":"#00294f","angle":157.5,"snapDist":9,"label":0}},{"type":"Feature","geometry":{"type":"Point","coordinates":[18.437994,49.972298]},"properties":{"name":"Turza Śląska","lines":"W33, W34","arr":["W33","W34"],"terminus":0,"mode":"bus","color":"#0059a9","colorDark":"#00294f","angle":161.3,"snapDist":8,"label":0}},{"type":"Feature","geometry":{"type":"Point","coordinates":[18.450669,49.979888]},"properties":{"name":"Wodzisław Śląski, Turzyczka Skrzyżowanie","lines":"W33, W34","arr":["W33","W34"],"terminus":0,"mode":"bus","color":"#0059a9","colorDark":"#00294f","angle":123.6,"snapDist":4,"label":0}},{"type":"Feature","geometry":{"type":"Point","coordinates":[18.458968,49.998769]},"properties":{"name":"Wodzisław Śląski, Bogumińska Stadion Aleja","lines":"W33, W38, W51, W59","arr":["W33","W38","W51","W59"],"terminus":0,"mode":"bus","color":"#0059a9","colorDark":"#00294f","angle":103.3,"snapDist":9,"label":0}},{"type":"Feature","geometry":{"type":"Point","coordinates":[18.389634,49.961354]},"properties":{"name":"Gorzyce, Raciborska Szkoła","lines":"W34","arr":["W34"],"terminus":0,"mode":"bus","color":"#0059a9","colorDark":"#00294f","angle":46.8,"snapDist":7,"label":1}},{"type":"Feature","geometry":{"type":"Point","coordinates":[18.381782,49.964689]},"properties":{"name":"Gorzyce, Raciborska Poprzeczna","lines":"W34","arr":["W34"],"terminus":0,"mode":"bus","color":"#0059a9","colorDark":"#00294f","angle":23.4,"snapDist":9,"label":1}},{"type":"Feature","geometry":{"type":"Point","coordinates":[18.372389,49.97224]},"properties":{"name":"Gorzyce, Raciborska Dworzec Kolejowy","lines":"W34","arr":["W34"],"terminus":0,"mode":"bus","color":"#0059a9","colorDark":"#00294f","angle":44,"snapDist":6,"label":1}},{"type":"Feature","geometry":{"type":"Point","coordinates":[18.368194,49.974806]},"properties":{"name":"Bełsznica, Raciborska Polna","lines":"W34","arr":["W34"],"terminus":0,"mode":"bus","color":"#0059a9","colorDark":"#00294f","angle":44.3,"snapDist":4,"label":1}},{"type":"Feature","geometry":{"type":"Point","coordinates":[18.362632,49.978338]},"properties":{"name":"Bełsznica, Raciborska Wałowa","lines":"W34","arr":["W34"],"terminus":0,"mode":"bus","color":"#0059a9","colorDark":"#00294f","angle":12.9,"snapDist":6,"label":1}},{"type":"Feature","geometry":{"type":"Point","coordinates":[18.357704,49.980763]},"properties":{"name":"Bełsznica, Raciborska Stawowa","lines":"W34","arr":["W34"],"terminus":0,"mode":"bus","color":"#0059a9","colorDark":"#00294f","angle":60,"snapDist":4,"label":1}},{"type":"Feature","geometry":{"type":"Point","coordinates":[18.351271,49.990385]},"properties":{"name":"Rogów, Raciborska","lines":"W34","arr":["W34"],"terminus":0,"mode":"bus","color":"#0059a9","colorDark":"#00294f","angle":47.7,"snapDist":6,"label":1}},{"type":"Feature","geometry":{"type":"Point","coordinates":[18.34584,49.994182]},"properties":{"name":"Rogów, Raciborska Wytrzęsów","lines":"W34","arr":["W34"],"terminus":0,"mode":"bus","color":"#0059a9","colorDark":"#00294f","angle":76.3,"snapDist":4,"label":1}},{"type":"Feature","geometry":{"type":"Point","coordinates":[18.342835,49.999375]},"properties":{"name":"Bluszczów, Powstańców Raciborska","lines":"W34","arr":["W34"],"terminus":0,"mode":"bus","color":"#0059a9","colorDark":"#00294f","angle":285.6,"snapDist":2,"label":1}},{"type":"Feature","geometry":{"type":"Point","coordinates":[18.33076,49.991175]},"properties":{"name":"Bluszczów, Powstańców Środkowa","lines":"W34","arr":["W34"],"terminus":1,"mode":"bus","color":"#0059a9","colorDark":"#00294f","angle":300.6,"snapDist":10,"label":1}},{"type":"Feature","geometry":{"type":"Point","coordinates":[18.342837,49.999379]},"properties":{"name":"Bluszczów, Powstańców Raciborska","lines":"W34","arr":["W34"],"terminus":0,"mode":"bus","color":"#0059a9","colorDark":"#00294f","angle":105.6,"snapDist":4,"label":0}},{"type":"Feature","geometry":{"type":"Point","coordinates":[18.345842,49.994175]},"properties":{"name":"Rogów, Raciborska Wytrzęsów","lines":"W34","arr":["W34"],"terminus":0,"mode":"bus","color":"#0059a9","colorDark":"#00294f","angle":256.3,"snapDist":2,"label":0}},{"type":"Feature","geometry":{"type":"Point","coordinates":[18.349569,49.990677]},"properties":{"name":"Rogów, Raciborska","lines":"W34","arr":["W34"],"terminus":0,"mode":"bus","color":"#0059a9","colorDark":"#00294f","angle":178.8,"snapDist":3,"label":0}},{"type":"Feature","geometry":{"type":"Point","coordinates":[18.357743,49.98072]},"properties":{"name":"Bełsznica, Raciborska Stawowa","lines":"W34","arr":["W34"],"terminus":0,"mode":"bus","color":"#0059a9","colorDark":"#00294f","angle":240,"snapDist":4,"label":0}},{"type":"Feature","geometry":{"type":"Point","coordinates":[18.362212,49.978421]},"properties":{"name":"Bełsznica, Raciborska Wałowa","lines":"W34","arr":["W34"],"terminus":0,"mode":"bus","color":"#0059a9","colorDark":"#00294f","angle":199.6,"snapDist":2,"label":0}},{"type":"Feature","geometry":{"type":"Point","coordinates":[18.368537,49.974595]},"properties":{"name":"Bełsznica, Raciborska Polna","lines":"W34","arr":["W34"],"terminus":0,"mode":"bus","color":"#0059a9","colorDark":"#00294f","angle":222.8,"snapDist":1,"label":0}},{"type":"Feature","geometry":{"type":"Point","coordinates":[18.372162,49.972381]},"properties":{"name":"Gorzyce, Raciborska Dworzec Kolejowy","lines":"W34","arr":["W34"],"terminus":0,"mode":"bus","color":"#0059a9","colorDark":"#00294f","angle":224.6,"snapDist":3,"label":0}},{"type":"Feature","geometry":{"type":"Point","coordinates":[18.382887,49.964385]},"properties":{"name":"Gorzyce, Raciborska Poprzeczna","lines":"W34","arr":["W34"],"terminus":0,"mode":"bus","color":"#0059a9","colorDark":"#00294f","angle":203.3,"snapDist":7,"label":0}},{"type":"Feature","geometry":{"type":"Point","coordinates":[18.38985,49.961206]},"properties":{"name":"Gorzyce, Raciborska Szkoła","lines":"W34","arr":["W34"],"terminus":0,"mode":"bus","color":"#0059a9","colorDark":"#00294f","angle":226.8,"snapDist":6,"label":0}},{"type":"Feature","geometry":{"type":"Point","coordinates":[18.474221,50.006931]},"properties":{"name":"Wodzisław Śląski, Witosa Dworzec Kolejowy","lines":"W36, W41, W42, W50, W51, W52","arr":["W36","W41","W42","W50","W51","W52"],"terminus":1,"mode":"bus","color":"#0059a9","colorDark":"#00294f","angle":293.4,"snapDist":11,"label":1}},{"type":"Feature","geometry":{"type":"Point","coordinates":[18.456533,50.000249]},"properties":{"name":"Wodzisław Śląski, Czyżowicka","lines":"W36, W52","arr":["W36","W52"],"terminus":0,"mode":"bus","color":"#0059a9","colorDark":"#00294f","angle":331.6,"snapDist":6,"label":1}},{"type":"Feature","geometry":{"type":"Point","coordinates":[18.448809,49.996322]},"properties":{"name":"Wodzisław Śląski, Czyżowicka Moniuszki","lines":"W36","arr":["W36"],"terminus":0,"mode":"bus","color":"#0059a9","colorDark":"#00294f","angle":11.3,"snapDist":8,"label":1}},{"type":"Feature","geometry":{"type":"Point","coordinates":[18.43959,49.992905]},"properties":{"name":"Wodzisław Śląski, Czyżowicka Krzyż","lines":"W36","arr":["W36"],"terminus":0,"mode":"bus","color":"#0059a9","colorDark":"#00294f","angle":319.8,"snapDist":7,"label":1}},{"type":"Feature","geometry":{"type":"Point","coordinates":[18.429799,49.988942]},"properties":{"name":"Wodzisław Śląski, Czyżowicka Karkoszka","lines":"W36, W53","arr":["W36","W53"],"terminus":0,"mode":"bus","color":"#0059a9","colorDark":"#00294f","angle":326.3,"snapDist":6,"label":1}},{"type":"Feature","geometry":{"type":"Point","coordinates":[18.416404,49.98575]},"properties":{"name":"Czyżowice, Wodzisławska Market","lines":"W36","arr":["W36"],"terminus":0,"mode":"bus","color":"#0059a9","colorDark":"#00294f","angle":351.5,"snapDist":7,"label":1}},{"type":"Feature","geometry":{"type":"Point","coordinates":[18.4064,49.984591]},"properties":{"name":"Czyżowice, Wodzisławska Szkoła","lines":"W36","arr":["W36"],"terminus":0,"mode":"bus","color":"#0059a9","colorDark":"#00294f","angle":341.9,"snapDist":7,"label":1}},{"type":"Feature","geometry":{"type":"Point","coordinates":[18.400709,49.976025]},"properties":{"name":"Czyżowice, Gorzycka","lines":"W36","arr":["W36"],"terminus":0,"mode":"bus","color":"#0059a9","colorDark":"#00294f","angle":307.2,"snapDist":3,"label":1}},{"type":"Feature","geometry":{"type":"Point","coordinates":[18.399305,49.964473]},"properties":{"name":"Gorzyce, Piaskowa","lines":"W36","arr":["W36"],"terminus":0,"mode":"bus","color":"#0059a9","colorDark":"#00294f","angle":256.4,"snapDist":6,"label":1}},{"type":"Feature","geometry":{"type":"Point","coordinates":[18.401066,49.960358]},"properties":{"name":"Gorzyce, Piaskowa Urząd Gminy","lines":"W36","arr":["W36"],"terminus":0,"mode":"bus","color":"#0059a9","colorDark":"#00294f","angle":250.7,"snapDist":3,"label":1}},{"type":"Feature","geometry":{"type":"Point","coordinates":[18.401792,49.953602]},"properties":{"name":"Gorzyczki, Raciborska Polna","lines":"W36","arr":["W36"],"terminus":0,"mode":"bus","color":"#0059a9","colorDark":"#00294f","angle":246,"snapDist":3,"label":1}},{"type":"Feature","geometry":{"type":"Point","coordinates":[18.406287,49.947747]},"properties":{"name":"Gorzyczki, Raciborska Wiejska","lines":"W36","arr":["W36"],"terminus":0,"mode":"bus","color":"#0059a9","colorDark":"#00294f","angle":206.6,"snapDist":6,"label":1}},{"type":"Feature","geometry":{"type":"Point","coordinates":[18.430104,49.944216]},"properties":{"name":"Gorzyczki Raciborska LAS","lines":"W36","arr":["W36"],"terminus":0,"mode":"bus","color":"#0059a9","colorDark":"#00294f","angle":124.2,"snapDist":19,"label":1}},{"type":"Feature","geometry":{"type":"Point","coordinates":[18.43818,49.943742]},"properties":{"name":"Łaziska, Powstańców Śląskich Leśna","lines":"W36","arr":["W36"],"terminus":0,"mode":"bus","color":"#0059a9","colorDark":"#00294f","angle":194.9,"snapDist":8,"label":1}},{"type":"Feature","geometry":{"type":"Point","coordinates":[18.441889,49.93895]},"properties":{"name":"Łaziska, Powstańców Śląskich Szkoła","lines":"W36","arr":["W36"],"terminus":0,"mode":"bus","color":"#0059a9","colorDark":"#00294f","angle":231.3,"snapDist":4,"label":1}},{"type":"Feature","geometry":{"type":"Point","coordinates":[18.450482,49.935229]},"properties":{"name":"Łaziska, Powstańców Śląskich Remiza","lines":"W36","arr":["W36"],"terminus":0,"mode":"bus","color":"#0059a9","colorDark":"#00294f","angle":166.9,"snapDist":6,"label":1}},{"type":"Feature","geometry":{"type":"Point","coordinates":[18.461634,49.934397]},"properties":{"name":"Łaziska, Powstańców Śląskich Park","lines":"W36","arr":["W36"],"terminus":0,"mode":"bus","color":"#0059a9","colorDark":"#00294f","angle":182.9,"snapDist":5,"label":1}},{"type":"Feature","geometry":{"type":"Point","coordinates":[18.476934,49.925912]},"properties":{"name":"Godów, Powstańców Śląskich","lines":"W36","arr":["W36"],"terminus":0,"mode":"bus","color":"#0059a9","colorDark":"#00294f","angle":240.9,"snapDist":3,"label":1}},{"type":"Feature","geometry":{"type":"Point","coordinates":[18.478417,49.92286]},"properties":{"name":"Godów, 1 Maja Rondo","lines":"W36, W38","arr":["W36","W38"],"terminus":0,"mode":"bus","color":"#0059a9","colorDark":"#00294f","angle":254.8,"snapDist":4,"label":1}},{"type":"Feature","geometry":{"type":"Point","coordinates":[18.48374,49.918003]},"properties":{"name":"Godów, 1 Maja Urząd Gminy","lines":"W36, W38","arr":["W36","W38"],"terminus":0,"mode":"bus","color":"#0059a9","colorDark":"#00294f","angle":237.4,"snapDist":7,"label":1}},{"type":"Feature","geometry":{"type":"Point","coordinates":[18.490165,49.914867]},"properties":{"name":"Godów, 1 Maja Przychodnia","lines":"W36, W38","arr":["W36","W38"],"terminus":0,"mode":"bus","color":"#0059a9","colorDark":"#00294f","angle":210.4,"snapDist":3,"label":1}},{"type":"Feature","geometry":{"type":"Point","coordinates":[18.49914,49.911903]},"properties":{"name":"Gołkowice, 1 Maja Kościół","lines":"W36, W38","arr":["W36","W38"],"terminus":1,"mode":"bus","color":"#0059a9","colorDark":"#00294f","angle":196.4,"snapDist":3,"label":1}},{"type":"Feature","geometry":{"type":"Point","coordinates":[18.504313,49.911965]},"properties":{"name":"Gołkowice, 1 Maja Strażacka","lines":"W36","arr":["W36"],"terminus":0,"mode":"bus","color":"#0059a9","colorDark":"#00294f","angle":163.9,"snapDist":2,"label":1}},{"type":"Feature","geometry":{"type":"Point","coordinates":[18.510046,49.913476]},"properties":{"name":"Gołkowice, 1 Maja Szkoła","lines":"W36","arr":["W36"],"terminus":0,"mode":"bus","color":"#0059a9","colorDark":"#00294f","angle":149.3,"snapDist":3,"label":1}},{"type":"Feature","geometry":{"type":"Point","coordinates":[18.514363,49.913905]},"properties":{"name":"Gołkowice, Piotrowicka Pietrasz","lines":"W36","arr":["W36"],"terminus":0,"mode":"bus","color":"#0059a9","colorDark":"#00294f","angle":242.4,"snapDist":3,"label":1}},{"type":"Feature","geometry":{"type":"Point","coordinates":[18.519498,49.909997]},"properties":{"name":"Skrbeńsko, Piotrowicka Wachtarczyk","lines":"W36","arr":["W36"],"terminus":0,"mode":"bus","color":"#0059a9","colorDark":"#00294f","angle":202.8,"snapDist":3,"label":1}},{"type":"Feature","geometry":{"type":"Point","coordinates":[18.528168,49.90691]},"properties":{"name":"Skrbeńsko, Piotrowicka","lines":"W36","arr":["W36"],"terminus":0,"mode":"bus","color":"#0059a9","colorDark":"#00294f","angle":208.1,"snapDist":1,"label":1}},{"type":"Feature","geometry":{"type":"Point","coordinates":[18.536836,49.906458]},"properties":{"name":"Skrbeńsko, Poprzeczna Granica","lines":"W36","arr":["W36"],"terminus":0,"mode":"bus","color":"#0059a9","colorDark":"#00294f","angle":117.3,"snapDist":2,"label":1}},{"type":"Feature","geometry":{"type":"Point","coordinates":[18.538347,49.911607]},"properties":{"name":"Gołkowice, Graniczna Poprzeczna","lines":"W36","arr":["W36"],"terminus":0,"mode":"bus","color":"#0059a9","colorDark":"#00294f","angle":103.6,"snapDist":3,"label":1}},{"type":"Feature","geometry":{"type":"Point","coordinates":[18.534407,49.918424]},"properties":{"name":"Gołkowice, Graniczna 1 Maja Żabków","lines":"W36","arr":["W36"],"terminus":0,"mode":"bus","color":"#0059a9","colorDark":"#00294f","angle":74.1,"snapDist":2,"label":1}},{"type":"Feature","geometry":{"type":"Point","coordinates":[18.531623,49.923919]},"properties":{"name":"Gołkowice, 1 Maja Żabków Krzyż","lines":"W36","arr":["W36"],"terminus":0,"mode":"bus","color":"#0059a9","colorDark":"#00294f","angle":70.7,"snapDist":4,"label":1}},{"type":"Feature","geometry":{"type":"Point","coordinates":[18.545678,49.931035]},"properties":{"name":"Jastrzębie-Zdrój, Moszczenica Piaski","lines":"W36","arr":["W36"],"terminus":0,"mode":"bus","color":"#0059a9","colorDark":"#00294f","angle":156,"snapDist":9,"label":1}},{"type":"Feature","geometry":{"type":"Point","coordinates":[18.546784,49.939181]},"properties":{"name":"Jastrzębie-Zdrój, Ranoszka - Komuny Paryskiej","lines":"W36","arr":["W36"],"terminus":0,"mode":"bus","color":"#0059a9","colorDark":"#00294f","angle":80.5,"snapDist":6,"label":1}},{"type":"Feature","geometry":{"type":"Point","coordinates":[18.547023,49.944007]},"properties":{"name":"Jastrzębie-Zdrój, Armii Krajowej - Ranoszka","lines":"W36","arr":["W36"],"terminus":0,"mode":"bus","color":"#0059a9","colorDark":"#00294f","angle":163.3,"snapDist":4,"label":1}},{"type":"Feature","geometry":{"type":"Point","coordinates":[18.55812,49.94198]},"properties":{"name":"Jastrzębie Zdrój, Armii Krajowej - Kasztanowa","lines":"W36","arr":["W36"],"terminus":0,"mode":"bus","color":"#0059a9","colorDark":"#00294f","angle":192,"snapDist":7,"label":1}},{"type":"Feature","geometry":{"type":"Point","coordinates":[18.573314,49.945029]},"properties":{"name":"Jastrzębie-Zdrój, Dworzec Zdrój","lines":"W36","arr":["W36"],"terminus":0,"mode":"bus","color":"#0059a9","colorDark":"#00294f","angle":138.9,"snapDist":9,"label":1}},{"type":"Feature","geometry":{"type":"Point","coordinates":[18.578181,49.944369]},"properties":{"name":"Jastrzębie Zdrój, Hala Sportowa","lines":"W36","arr":["W36"],"terminus":0,"mode":"bus","color":"#0059a9","colorDark":"#00294f","angle":135.9,"snapDist":3,"label":1}},{"type":"Feature","geometry":{"type":"Point","coordinates":[18.582226,49.946806]},"properties":{"name":"Jastrzębie Zdrój, Szpital Wojewódzki","lines":"W36","arr":["W36"],"terminus":0,"mode":"bus","color":"#0059a9","colorDark":"#00294f","angle":137.9,"snapDist":7,"label":1}},{"type":"Feature","geometry":{"type":"Point","coordinates":[18.594949,49.949806]},"properties":{"name":"Jastrzębie-Zdrój, AL. Piłsudskiego - OS. Gwarków","lines":"W36","arr":["W36"],"terminus":0,"mode":"bus","color":"#0059a9","colorDark":"#00294f","angle":163.8,"snapDist":5,"label":1}},{"type":"Feature","geometry":{"type":"Point","coordinates":[18.600848,49.951134]},"properties":{"name":"Jastrzębie-Zdrój, AL. Piłsudskiego - OS. Pionierów","lines":"W36","arr":["W36"],"terminus":0,"mode":"bus","color":"#0059a9","colorDark":"#00294f","angle":143.3,"snapDist":7,"label":1}},{"type":"Feature","geometry":{"type":"Point","coordinates":[18.609989,49.945589]},"properties":{"name":"Jastrzębie-Zdrój, Dworzec Arki Bożka","lines":"W36","arr":["W36"],"terminus":1,"mode":"bus","color":"#0059a9","colorDark":"#00294f","angle":353.9,"snapDist":1,"label":1}},{"type":"Feature","geometry":{"type":"Point","coordinates":[18.600685,49.951182]},"properties":{"name":"Jastrzębie-Zdrój, AL. Piłsudskiego - OS. Pionierów","lines":"W36","arr":["W36"],"terminus":0,"mode":"bus","color":"#0059a9","colorDark":"#00294f","angle":324.1,"snapDist":8,"label":0}},{"type":"Feature","geometry":{"type":"Point","coordinates":[18.595593,49.950045]},"properties":{"name":"Jastrzębie Zdrój, AL. Piłsudskiego - OS. Staszica","lines":"W36","arr":["W36"],"terminus":0,"mode":"bus","color":"#0059a9","colorDark":"#00294f","angle":344.4,"snapDist":9,"label":1}},{"type":"Feature","geometry":{"type":"Point","coordinates":[18.584664,49.948345]},"properties":{"name":"Jastrzębie Zdrój, Szpital Wojewódzki","lines":"W36","arr":["W36"],"terminus":0,"mode":"bus","color":"#0059a9","colorDark":"#00294f","angle":322.4,"snapDist":6,"label":1}},{"type":"Feature","geometry":{"type":"Point","coordinates":[18.578442,49.944685]},"properties":{"name":"Jastrzębie Zdrój, Hala Sportowa","lines":"W36","arr":["W36"],"terminus":0,"mode":"bus","color":"#0059a9","colorDark":"#00294f","angle":314.2,"snapDist":7,"label":0}},{"type":"Feature","geometry":{"type":"Point","coordinates":[18.557105,49.942264]},"properties":{"name":"Jastrzębie Zdrój, Armii Krajowej - Kasztanowa","lines":"W36","arr":["W36"],"terminus":0,"mode":"bus","color":"#0059a9","colorDark":"#00294f","angle":27.7,"snapDist":7,"label":0}},{"type":"Feature","geometry":{"type":"Point","coordinates":[18.547015,49.944006]},"properties":{"name":"Jastrzębie-Zdrój, Armii Krajowej - Ranoszka","lines":"W36","arr":["W36"],"terminus":0,"mode":"bus","color":"#0059a9","colorDark":"#00294f","angle":343.3,"snapDist":6,"label":0}},{"type":"Feature","geometry":{"type":"Point","coordinates":[18.54679,49.93916]},"properties":{"name":"Jastrzębie-Zdrój, Ranoszka - Komuny Paryskiej","lines":"W36","arr":["W36"],"terminus":0,"mode":"bus","color":"#0059a9","colorDark":"#00294f","angle":260.5,"snapDist":7,"label":0}},{"type":"Feature","geometry":{"type":"Point","coordinates":[18.545632,49.931021]},"properties":{"name":"Jastrzębie-Zdrój, Moszczenica Piaski","lines":"W36","arr":["W36"],"terminus":0,"mode":"bus","color":"#0059a9","colorDark":"#00294f","angle":336,"snapDist":11,"label":0}},{"type":"Feature","geometry":{"type":"Point","coordinates":[18.531571,49.924016]},"properties":{"name":"Gołkowice, 1 Maja Żabków Krzyż","lines":"W36","arr":["W36"],"terminus":0,"mode":"bus","color":"#0059a9","colorDark":"#00294f","angle":250.7,"snapDist":5,"label":0}},{"type":"Feature","geometry":{"type":"Point","coordinates":[18.534392,49.918458]},"properties":{"name":"Gołkowice, Graniczna 1 Maja Żabków","lines":"W36","arr":["W36"],"terminus":0,"mode":"bus","color":"#0059a9","colorDark":"#00294f","angle":254.1,"snapDist":3,"label":0}},{"type":"Feature","geometry":{"type":"Point","coordinates":[18.538344,49.9116]},"properties":{"name":"Gołkowice, Graniczna Poprzeczna","lines":"W36","arr":["W36"],"terminus":0,"mode":"bus","color":"#0059a9","colorDark":"#00294f","angle":283.6,"snapDist":5,"label":0}},{"type":"Feature","geometry":{"type":"Point","coordinates":[18.536827,49.906448]},"properties":{"name":"Skrbeńsko, Poprzeczna Granica","lines":"W36","arr":["W36"],"terminus":0,"mode":"bus","color":"#0059a9","colorDark":"#00294f","angle":297.3,"snapDist":5,"label":0}},{"type":"Feature","geometry":{"type":"Point","coordinates":[18.528122,49.906926]},"properties":{"name":"Skrbeńsko, Piotrowicka","lines":"W36","arr":["W36"],"terminus":0,"mode":"bus","color":"#0059a9","colorDark":"#00294f","angle":28.1,"snapDist":4,"label":0}},{"type":"Feature","geometry":{"type":"Point","coordinates":[18.519634,49.909961]},"properties":{"name":"Skrbeńsko, Piotrowicka Wachtarczyk","lines":"W36","arr":["W36"],"terminus":0,"mode":"bus","color":"#0059a9","colorDark":"#00294f","angle":22.8,"snapDist":5,"label":0}},{"type":"Feature","geometry":{"type":"Point","coordinates":[18.514447,49.913802]},"properties":{"name":"Gołkowice, Piotrowicka Pietrasz","lines":"W36","arr":["W36"],"terminus":0,"mode":"bus","color":"#0059a9","colorDark":"#00294f","angle":62.4,"snapDist":4,"label":0}},{"type":"Feature","geometry":{"type":"Point","coordinates":[18.510438,49.913625]},"properties":{"name":"Gołkowice, 1 Maja Szkoła","lines":"W36","arr":["W36"],"terminus":0,"mode":"bus","color":"#0059a9","colorDark":"#00294f","angle":329.4,"snapDist":11,"label":0}},{"type":"Feature","geometry":{"type":"Point","coordinates":[18.50458,49.912014]},"properties":{"name":"Gołkowice, 1 Maja Strażacka","lines":"W36","arr":["W36"],"terminus":0,"mode":"bus","color":"#0059a9","colorDark":"#00294f","angle":343.9,"snapDist":5,"label":0}},{"type":"Feature","geometry":{"type":"Point","coordinates":[18.499166,49.911898]},"properties":{"name":"Gołkowice, 1 Maja Kościół","lines":"W36, W38","arr":["W36","W38"],"terminus":0,"mode":"bus","color":"#0059a9","colorDark":"#00294f","angle":16.4,"snapDist":6,"label":0}},{"type":"Feature","geometry":{"type":"Point","coordinates":[18.490606,49.914702]},"properties":{"name":"Godów, 1 Maja Przychodnia","lines":"W36, W38","arr":["W36","W38"],"terminus":0,"mode":"bus","color":"#0059a9","colorDark":"#00294f","angle":30,"snapDist":5,"label":0}},{"type":"Feature","geometry":{"type":"Point","coordinates":[18.483773,49.91797]},"properties":{"name":"Godów, 1 Maja Urząd Gminy","lines":"W36, W38","arr":["W36","W38"],"terminus":0,"mode":"bus","color":"#0059a9","colorDark":"#00294f","angle":57.4,"snapDist":4,"label":0}},{"type":"Feature","geometry":{"type":"Point","coordinates":[18.47836,49.922993]},"properties":{"name":"Godów, 1 Maja Rondo","lines":"W36, W38","arr":["W36","W38"],"terminus":0,"mode":"bus","color":"#0059a9","colorDark":"#00294f","angle":74.8,"snapDist":7,"label":0}},{"type":"Feature","geometry":{"type":"Point","coordinates":[18.476713,49.926166]},"properties":{"name":"Godów, Powstańców Śląskich","lines":"W36","arr":["W36"],"terminus":0,"mode":"bus","color":"#0059a9","colorDark":"#00294f","angle":60.9,"snapDist":5,"label":0}},{"type":"Feature","geometry":{"type":"Point","coordinates":[18.462234,49.934374]},"properties":{"name":"Łaziska, Powstańców Śląskich Park","lines":"W36","arr":["W36"],"terminus":0,"mode":"bus","color":"#0059a9","colorDark":"#00294f","angle":4.1,"snapDist":6,"label":0}},{"type":"Feature","geometry":{"type":"Point","coordinates":[18.450656,49.935255]},"properties":{"name":"Łaziska, Powstańców Śląskich Remiza","lines":"W36","arr":["W36"],"terminus":0,"mode":"bus","color":"#0059a9","colorDark":"#00294f","angle":346.9,"snapDist":5,"label":0}},{"type":"Feature","geometry":{"type":"Point","coordinates":[18.44194,49.938909]},"properties":{"name":"Łaziska, Powstańców Śląskich Szkoła","lines":"W36","arr":["W36"],"terminus":0,"mode":"bus","color":"#0059a9","colorDark":"#00294f","angle":51.3,"snapDist":5,"label":0}},{"type":"Feature","geometry":{"type":"Point","coordinates":[18.43733,49.943881]},"properties":{"name":"Łaziska, Powstańców Śląskich Leśna","lines":"W36","arr":["W36"],"terminus":0,"mode":"bus","color":"#0059a9","colorDark":"#00294f","angle":14.4,"snapDist":6,"label":0}},{"type":"Feature","geometry":{"type":"Point","coordinates":[18.406244,49.947761]},"properties":{"name":"Gorzyczki, Raciborska Wiejska","lines":"W36","arr":["W36"],"terminus":0,"mode":"bus","color":"#0059a9","colorDark":"#00294f","angle":26.6,"snapDist":7,"label":0}},{"type":"Feature","geometry":{"type":"Point","coordinates":[18.40178,49.953619]},"properties":{"name":"Gorzyczki, Raciborska Polna","lines":"W36","arr":["W36"],"terminus":0,"mode":"bus","color":"#0059a9","colorDark":"#00294f","angle":66,"snapDist":3,"label":0}},{"type":"Feature","geometry":{"type":"Point","coordinates":[18.401003,49.960474]},"properties":{"name":"Gorzyce, Piaskowa Urząd Gminy","lines":"W36","arr":["W36"],"terminus":0,"mode":"bus","color":"#0059a9","colorDark":"#00294f","angle":70.7,"snapDist":2,"label":0}},{"type":"Feature","geometry":{"type":"Point","coordinates":[18.399341,49.964378]},"properties":{"name":"Gorzyce, Piaskowa","lines":"W36","arr":["W36"],"terminus":0,"mode":"bus","color":"#0059a9","colorDark":"#00294f","angle":76.4,"snapDist":6,"label":0}},{"type":"Feature","geometry":{"type":"Point","coordinates":[18.400725,49.976038]},"properties":{"name":"Czyżowice, Gorzycka","lines":"W36","arr":["W36"],"terminus":0,"mode":"bus","color":"#0059a9","colorDark":"#00294f","angle":127.2,"snapDist":4,"label":0}},{"type":"Feature","geometry":{"type":"Point","coordinates":[18.407024,49.984727]},"properties":{"name":"Czyżowice, Wodzisławska Szkoła","lines":"W36","arr":["W36"],"terminus":0,"mode":"bus","color":"#0059a9","colorDark":"#00294f","angle":158.1,"snapDist":7,"label":0}},{"type":"Feature","geometry":{"type":"Point","coordinates":[18.416936,49.985801]},"properties":{"name":"Czyżowice, Wodzisławska Market","lines":"W36","arr":["W36"],"terminus":0,"mode":"bus","color":"#0059a9","colorDark":"#00294f","angle":171.5,"snapDist":7,"label":0}},{"type":"Feature","geometry":{"type":"Point","coordinates":[18.430718,49.989346]},"properties":{"name":"Wodzisław Śląski, Czyżowicka Karkoszka","lines":"W36","arr":["W36"],"terminus":0,"mode":"bus","color":"#0059a9","colorDark":"#00294f","angle":144.3,"snapDist":6,"label":0}},{"type":"Feature","geometry":{"type":"Point","coordinates":[18.437677,49.992243]},"properties":{"name":"Wodzisław Śląski, Czyżowicka Krzyż","lines":"W36","arr":["W36"],"terminus":0,"mode":"bus","color":"#0059a9","colorDark":"#00294f","angle":164.6,"snapDist":6,"label":0}},{"type":"Feature","geometry":{"type":"Point","coordinates":[18.44961,49.996279]},"properties":{"name":"Wodzisław Śląski, Czyżowicka Moniuszki","lines":"W36","arr":["W36"],"terminus":0,"mode":"bus","color":"#0059a9","colorDark":"#00294f","angle":180.1,"snapDist":5,"label":0}},{"type":"Feature","geometry":{"type":"Point","coordinates":[18.458809,50.000744]},"properties":{"name":"Wodzisław Śląski, Pszowska Urząd Miasta","lines":"W36, W52, W53, W59","arr":["W36","W52","W53","W59"],"terminus":0,"mode":"bus","color":"#0059a9","colorDark":"#00294f","angle":196.3,"snapDist":7,"label":1}},{"type":"Feature","geometry":{"type":"Point","coordinates":[18.475119,50.008275]},"properties":{"name":"Wodzisław Śląski, Rybnicka Dworzec Kolejowy","lines":"W36, W41, W52","arr":["W36","W41","W52"],"terminus":1,"mode":"bus","color":"#0059a9","colorDark":"#00294f","angle":109.6,"snapDist":11,"label":1}},{"type":"Feature","geometry":{"type":"Point","coordinates":[18.460337,49.996499]},"properties":{"name":"Wodzisław Śląski, Kopernika Szachta","lines":"W38, W50, W59","arr":["W38","W50","W59"],"terminus":0,"mode":"bus","color":"#0059a9","colorDark":"#00294f","angle":226.1,"snapDist":5,"label":1}},{"type":"Feature","geometry":{"type":"Point","coordinates":[18.469068,49.995374]},"properties":{"name":"Wodzisław Śląski, Kopernika Górna","lines":"W38, W59","arr":["W38","W59"],"terminus":0,"mode":"bus","color":"#0059a9","colorDark":"#00294f","angle":199.9,"snapDist":2,"label":1}},{"type":"Feature","geometry":{"type":"Point","coordinates":[18.473748,49.995293]},"properties":{"name":"Wodzisław Śląski, Kopernika Szkoła","lines":"W38, W59","arr":["W38","W59"],"terminus":0,"mode":"bus","color":"#0059a9","colorDark":"#00294f","angle":161.6,"snapDist":3,"label":1}},{"type":"Feature","geometry":{"type":"Point","coordinates":[18.485016,49.995456]},"properties":{"name":"Wodzisław Śląski, Jastrzębska Cyganek","lines":"W38, W59","arr":["W38","W59"],"terminus":0,"mode":"bus","color":"#0059a9","colorDark":"#00294f","angle":221.6,"snapDist":4,"label":1}},{"type":"Feature","geometry":{"type":"Point","coordinates":[18.494199,49.99058]},"properties":{"name":"Wodzisław Śląski, Jastrzębska Szkoła","lines":"W38, W59","arr":["W38","W59"],"terminus":0,"mode":"bus","color":"#0059a9","colorDark":"#00294f","angle":211.6,"snapDist":4,"label":1}},{"type":"Feature","geometry":{"type":"Point","coordinates":[18.503922,49.986728]},"properties":{"name":"Wodzisław Śląski, Jastrzębska Blazy","lines":"W38, W59","arr":["W38","W59"],"terminus":1,"mode":"bus","color":"#0059a9","colorDark":"#00294f","angle":214.5,"snapDist":6,"label":1}},{"type":"Feature","geometry":{"type":"Point","coordinates":[18.501195,49.977559]},"properties":{"name":"Wodzisław, Śląski, Wilchwy Pętla","lines":"W38, W50, W51","arr":["W38","W50","W51"],"terminus":1,"mode":"bus","color":"#0059a9","colorDark":"#00294f","angle":27.9,"snapDist":2,"label":1}},{"type":"Feature","geometry":{"type":"Point","coordinates":[18.502705,49.970473]},"properties":{"name":"Mszana, Skrzyszowska Tartak","lines":"W38, W50, W51","arr":["W38","W50","W51"],"terminus":1,"mode":"bus","color":"#0059a9","colorDark":"#00294f","angle":262.2,"snapDist":3,"label":1}},{"type":"Feature","geometry":{"type":"Point","coordinates":[18.498171,49.961735]},"properties":{"name":"Skrzyszów, 1 Maja Leśniczówka","lines":"W38","arr":["W38"],"terminus":0,"mode":"bus","color":"#0059a9","colorDark":"#00294f","angle":290.5,"snapDist":5,"label":1}},{"type":"Feature","geometry":{"type":"Point","coordinates":[18.493931,49.954299]},"properties":{"name":"Skrzyszów, 1 Maja Szkoła","lines":"W38","arr":["W38"],"terminus":0,"mode":"bus","color":"#0059a9","colorDark":"#00294f","angle":290.2,"snapDist":7,"label":1}},{"type":"Feature","geometry":{"type":"Point","coordinates":[18.476094,49.956701]},"properties":{"name":"Krostoszowice, Wąwozowa","lines":"W38","arr":["W38"],"terminus":0,"mode":"bus","color":"#0059a9","colorDark":"#00294f","angle":355.8,"snapDist":11,"label":1}},{"type":"Feature","geometry":{"type":"Point","coordinates":[18.491738,49.950614]},"properties":{"name":"Skrzyszów, 1 Maja","lines":"W38","arr":["W38"],"terminus":0,"mode":"bus","color":"#0059a9","colorDark":"#00294f","angle":292.3,"snapDist":8,"label":1}},{"type":"Feature","geometry":{"type":"Point","coordinates":[18.488168,49.942914]},"properties":{"name":"Skrzyszów, 1 Maja Polna","lines":"W38","arr":["W38"],"terminus":0,"mode":"bus","color":"#0059a9","colorDark":"#00294f","angle":281.3,"snapDist":4,"label":1}},{"type":"Feature","geometry":{"type":"Point","coordinates":[18.487033,49.937506]},"properties":{"name":"Skrzyszów, 1 Maja Korty","lines":"W38","arr":["W38"],"terminus":0,"mode":"bus","color":"#0059a9","colorDark":"#00294f","angle":277.6,"snapDist":3,"label":1}},{"type":"Feature","geometry":{"type":"Point","coordinates":[18.486518,49.93139]},"properties":{"name":"Godów, 1 Maja Raszczykowiec","lines":"W38","arr":["W38"],"terminus":0,"mode":"bus","color":"#0059a9","colorDark":"#00294f","angle":255.5,"snapDist":4,"label":1}},{"type":"Feature","geometry":{"type":"Point","coordinates":[18.483416,49.92787]},"properties":{"name":"Godów, 1 Maja Dworcowa","lines":"W38","arr":["W38"],"terminus":1,"mode":"bus","color":"#0059a9","colorDark":"#00294f","angle":310.1,"snapDist":5,"label":1}},{"type":"Feature","geometry":{"type":"Point","coordinates":[18.505439,49.904284]},"properties":{"name":"Gołkowice, Celna","lines":"W38","arr":["W38"],"terminus":1,"mode":"bus","color":"#0059a9","colorDark":"#00294f","angle":250,"snapDist":4,"label":1}},{"type":"Feature","geometry":{"type":"Point","coordinates":[18.505453,49.904258]},"properties":{"name":"Gołkowice, Celna","lines":"W38","arr":["W38"],"terminus":1,"mode":"bus","color":"#0059a9","colorDark":"#00294f","angle":70,"snapDist":10,"label":0}},{"type":"Feature","geometry":{"type":"Point","coordinates":[18.483399,49.927857]},"properties":{"name":"Godów, 1 Maja Dworcowa","lines":"W38","arr":["W38"],"terminus":0,"mode":"bus","color":"#0059a9","colorDark":"#00294f","angle":130.1,"snapDist":3,"label":0}},{"type":"Feature","geometry":{"type":"Point","coordinates":[18.486506,49.931419]},"properties":{"name":"Godów, 1 Maja Raszczykowiec","lines":"W38","arr":["W38"],"terminus":0,"mode":"bus","color":"#0059a9","colorDark":"#00294f","angle":75.5,"snapDist":5,"label":0}},{"type":"Feature","geometry":{"type":"Point","coordinates":[18.486957,49.937145]},"properties":{"name":"Skrzyszów, 1 Maja Korty","lines":"W38","arr":["W38"],"terminus":0,"mode":"bus","color":"#0059a9","colorDark":"#00294f","angle":97.7,"snapDist":4,"label":0}},{"type":"Feature","geometry":{"type":"Point","coordinates":[18.488239,49.943138]},"properties":{"name":"Skrzyszów, 1 Maja Polna","lines":"W38","arr":["W38"],"terminus":0,"mode":"bus","color":"#0059a9","colorDark":"#00294f","angle":101.9,"snapDist":4,"label":0}},{"type":"Feature","geometry":{"type":"Point","coordinates":[18.491016,49.949836]},"properties":{"name":"Skrzyszów, 1 Maja","lines":"W38","arr":["W38"],"terminus":0,"mode":"bus","color":"#0059a9","colorDark":"#00294f","angle":143.6,"snapDist":19,"label":0}},{"type":"Feature","geometry":{"type":"Point","coordinates":[18.494289,49.954924]},"properties":{"name":"Skrzyszów, 1 Maja Szkoła","lines":"W38","arr":["W38"],"terminus":0,"mode":"bus","color":"#0059a9","colorDark":"#00294f","angle":110.2,"snapDist":8,"label":0}},{"type":"Feature","geometry":{"type":"Point","coordinates":[18.498276,49.961915]},"properties":{"name":"Skrzyszów, 1 Maja Leśniczówka","lines":"W38","arr":["W38"],"terminus":0,"mode":"bus","color":"#0059a9","colorDark":"#00294f","angle":110.5,"snapDist":8,"label":0}},{"type":"Feature","geometry":{"type":"Point","coordinates":[18.502733,49.970343]},"properties":{"name":"Mszana, Skrzyszowska Tartak","lines":"W38, W50, W51","arr":["W38","W50","W51"],"terminus":1,"mode":"bus","color":"#0059a9","colorDark":"#00294f","angle":82.2,"snapDist":6,"label":0}},{"type":"Feature","geometry":{"type":"Point","coordinates":[18.503137,49.987068]},"properties":{"name":"Wodzisław Śląski, Jastrzębska Blazy","lines":"W38, W59","arr":["W38","W59"],"terminus":0,"mode":"bus","color":"#0059a9","colorDark":"#00294f","angle":33.3,"snapDist":4,"label":0}},{"type":"Feature","geometry":{"type":"Point","coordinates":[18.494459,49.990477]},"properties":{"name":"Wodzisław Śląski, Jastrzębska Szkoła","lines":"W38, W59","arr":["W38","W59"],"terminus":0,"mode":"bus","color":"#0059a9","colorDark":"#00294f","angle":31.6,"snapDist":7,"label":0}},{"type":"Feature","geometry":{"type":"Point","coordinates":[18.485078,49.99542]},"properties":{"name":"Wodzisław Śląski, Jastrzębska Cyganek","lines":"W38, W59","arr":["W38","W59"],"terminus":0,"mode":"bus","color":"#0059a9","colorDark":"#00294f","angle":41.6,"snapDist":9,"label":0}},{"type":"Feature","geometry":{"type":"Point","coordinates":[18.473678,49.995277]},"properties":{"name":"Wodzisław Śląski, Kopernika Szkoła","lines":"W38, W59","arr":["W38","W59"],"terminus":0,"mode":"bus","color":"#0059a9","colorDark":"#00294f","angle":341.6,"snapDist":9,"label":0}},{"type":"Feature","geometry":{"type":"Point","coordinates":[18.468895,49.995414]},"properties":{"name":"Wodzisław Śląski, Kopernika Górna","lines":"W38, W59","arr":["W38","W59"],"terminus":0,"mode":"bus","color":"#0059a9","colorDark":"#00294f","angle":19.9,"snapDist":3,"label":0}},{"type":"Feature","geometry":{"type":"Point","coordinates":[18.460535,49.996385]},"properties":{"name":"Wodzisław Śląski, Kopernika Szachta","lines":"W38, W50, W59","arr":["W38","W50","W59"],"terminus":0,"mode":"bus","color":"#0059a9","colorDark":"#00294f","angle":36.9,"snapDist":8,"label":0}},{"type":"Feature","geometry":{"type":"Point","coordinates":[18.469619,50.012398]},"properties":{"name":"Wodzisław Śląski, Armii Krajowej","lines":"W41, W52","arr":["W41","W52"],"terminus":0,"mode":"bus","color":"#0059a9","colorDark":"#00294f","angle":352.3,"snapDist":10,"label":1}},{"type":"Feature","geometry":{"type":"Point","coordinates":[18.461991,50.010291]},"properties":{"name":"Wodzisław Śląski, 26 Marca Szpital","lines":"W41, W50, W51, W52","arr":["W41","W50","W51","W52"],"terminus":0,"mode":"bus","color":"#0059a9","colorDark":"#00294f","angle":339.3,"snapDist":8,"label":1}},{"type":"Feature","geometry":{"type":"Point","coordinates":[18.458256,50.009395]},"properties":{"name":"Wodzisław Śląski, Matuszczyka XXX-Lecia","lines":"W41, W42, W59","arr":["W41","W42","W59"],"terminus":0,"mode":"bus","color":"#0059a9","colorDark":"#00294f","angle":338.7,"snapDist":9,"label":1}},{"type":"Feature","geometry":{"type":"Point","coordinates":[18.448377,50.006831]},"properties":{"name":"Wodzisław Śląski, Matuszczyka Skrzyżowanie","lines":"W41, W42, W59","arr":["W41","W42","W59"],"terminus":0,"mode":"bus","color":"#0059a9","colorDark":"#00294f","angle":332.8,"snapDist":7,"label":1}},{"type":"Feature","geometry":{"type":"Point","coordinates":[18.443854,50.008347]},"properties":{"name":"Wodzisław Śląski, Osiedle Dąbrówki","lines":"W41, W42","arr":["W41","W42"],"terminus":0,"mode":"bus","color":"#0059a9","colorDark":"#00294f","angle":41.2,"snapDist":9,"label":1}},{"type":"Feature","geometry":{"type":"Point","coordinates":[18.431454,50.01224]},"properties":{"name":"Wodzisław Śląski, Osiedle Jedłownik","lines":"W41, W42, W50, W52","arr":["W41","W42","W50","W52"],"terminus":0,"mode":"bus","color":"#0059a9","colorDark":"#00294f","angle":358,"snapDist":8,"label":1}},{"type":"Feature","geometry":{"type":"Point","coordinates":[18.416623,50.013885]},"properties":{"name":"Wodzisław Śląski, Pszowska Kokoszyce","lines":"W41, W42, W50, W52","arr":["W41","W42","W50","W52"],"terminus":0,"mode":"bus","color":"#0059a9","colorDark":"#00294f","angle":29.2,"snapDist":8,"label":1}},{"type":"Feature","geometry":{"type":"Point","coordinates":[18.407604,50.011135]},"properties":{"name":"Wodzisław Śląski, Młodzieżowa Rozwojowa","lines":"W41, W50","arr":["W41","W50"],"terminus":0,"mode":"bus","color":"#0059a9","colorDark":"#00294f","angle":6.6,"snapDist":4,"label":1}},{"type":"Feature","geometry":{"type":"Point","coordinates":[18.395975,50.012182]},"properties":{"name":"Wodzisław Śląski, Młodzieżowa Wypandów","lines":"W41, W42","arr":["W41","W42"],"terminus":0,"mode":"bus","color":"#0059a9","colorDark":"#00294f","angle":8.1,"snapDist":8,"label":1}},{"type":"Feature","geometry":{"type":"Point","coordinates":[18.375437,50.013542]},"properties":{"name":"Wodzisław Śląski, Młodzieżowa Szkoła","lines":"W41, W42, W52","arr":["W41","W42","W52"],"terminus":0,"mode":"bus","color":"#0059a9","colorDark":"#00294f","angle":6.1,"snapDist":2,"label":1}},{"type":"Feature","geometry":{"type":"Point","coordinates":[18.366029,50.015425]},"properties":{"name":"Wodzisław Śląski, Młodzieżowa Boisko","lines":"W41, W42, W52","arr":["W41","W42","W52"],"terminus":1,"mode":"bus","color":"#0059a9","colorDark":"#00294f","angle":30.4,"snapDist":7,"label":1}},{"type":"Feature","geometry":{"type":"Point","coordinates":[18.34293,50.019183]},"properties":{"name":"Syrynia, Powstańców Śląskich Bukowska","lines":"W41, W42","arr":["W41","W42"],"terminus":0,"mode":"bus","color":"#0059a9","colorDark":"#00294f","angle":40.8,"snapDist":5,"label":1}},{"type":"Feature","geometry":{"type":"Point","coordinates":[18.334072,50.024036]},"properties":{"name":"Syrynia, Powstańców Śląskich Szkoła","lines":"W41, W42","arr":["W41","W42"],"terminus":0,"mode":"bus","color":"#0059a9","colorDark":"#00294f","angle":40.5,"snapDist":6,"label":1}},{"type":"Feature","geometry":{"type":"Point","coordinates":[18.325389,50.023129]},"properties":{"name":"Syrynia, Krzyżowa","lines":"W41","arr":["W41"],"terminus":0,"mode":"bus","color":"#0059a9","colorDark":"#00294f","angle":338.7,"snapDist":4,"label":1}},{"type":"Feature","geometry":{"type":"Point","coordinates":[18.318841,50.029076]},"properties":{"name":"Grabówka, Raciborska","lines":"W41","arr":["W41"],"terminus":0,"mode":"bus","color":"#0059a9","colorDark":"#00294f","angle":60.4,"snapDist":10,"label":1}},{"type":"Feature","geometry":{"type":"Point","coordinates":[18.313006,50.036071]},"properties":{"name":"Lubomia, Nepomucena Park","lines":"W41","arr":["W41"],"terminus":0,"mode":"bus","color":"#0059a9","colorDark":"#00294f","angle":72.5,"snapDist":3,"label":1}},{"type":"Feature","geometry":{"type":"Point","coordinates":[18.30812,50.040139]},"properties":{"name":"Lubomia, Mickiewicza Kościół","lines":"W41","arr":["W41"],"terminus":0,"mode":"bus","color":"#0059a9","colorDark":"#00294f","angle":334.7,"snapDist":5,"label":1}},{"type":"Feature","geometry":{"type":"Point","coordinates":[18.30244,50.036191]},"properties":{"name":"Lubomia, Korfantego Graniczna","lines":"W41","arr":["W41"],"terminus":0,"mode":"bus","color":"#0059a9","colorDark":"#00294f","angle":307.1,"snapDist":4,"label":1}},{"type":"Feature","geometry":{"type":"Point","coordinates":[18.300156,50.035648]},"properties":{"name":"Lubomia, Graniczna Korfantego","lines":"W41","arr":["W41"],"terminus":0,"mode":"bus","color":"#0059a9","colorDark":"#00294f","angle":33.9,"snapDist":6,"label":1}},{"type":"Feature","geometry":{"type":"Point","coordinates":[18.28949,50.040734]},"properties":{"name":"Lubomia, Graniczna Paprotnik","lines":"W41","arr":["W41"],"terminus":0,"mode":"bus","color":"#0059a9","colorDark":"#00294f","angle":34.9,"snapDist":6,"label":1}},{"type":"Feature","geometry":{"type":"Point","coordinates":[18.272102,50.057695]},"properties":{"name":"Racibórz, Brzeska Ogródki","lines":"W41","arr":["W41"],"terminus":0,"mode":"bus","color":"#0059a9","colorDark":"#00294f","angle":44.2,"snapDist":7,"label":1}},{"type":"Feature","geometry":{"type":"Point","coordinates":[18.265219,50.067171]},"properties":{"name":"Racibórz, Brzeska","lines":"W41","arr":["W41"],"terminus":0,"mode":"bus","color":"#0059a9","colorDark":"#00294f","angle":80,"snapDist":6,"label":1}},{"type":"Feature","geometry":{"type":"Point","coordinates":[18.261432,50.073735]},"properties":{"name":"Racibórz, Brzeska Myśliwca","lines":"W41","arr":["W41"],"terminus":0,"mode":"bus","color":"#0059a9","colorDark":"#00294f","angle":66.3,"snapDist":7,"label":1}},{"type":"Feature","geometry":{"type":"Point","coordinates":[18.257851,50.077903]},"properties":{"name":"Racibórz, Brzeska Torowa","lines":"W41","arr":["W41"],"terminus":0,"mode":"bus","color":"#0059a9","colorDark":"#00294f","angle":60.5,"snapDist":11,"label":1}},{"type":"Feature","geometry":{"type":"Point","coordinates":[18.258082,50.088419]},"properties":{"name":"Racibórz, Dębicz","lines":"W41","arr":["W41"],"terminus":0,"mode":"bus","color":"#0059a9","colorDark":"#00294f","angle":63.3,"snapDist":8,"label":1}},{"type":"Feature","geometry":{"type":"Point","coordinates":[18.234884,50.094524]},"properties":{"name":"Racibórz, Rybnicka Fabryczna","lines":"W41","arr":["W41"],"terminus":0,"mode":"bus","color":"#0059a9","colorDark":"#00294f","angle":355.4,"snapDist":4,"label":1}},{"type":"Feature","geometry":{"type":"Point","coordinates":[18.22907,50.095298]},"properties":{"name":"Racibórz, Bosacka Policja","lines":"W41","arr":["W41"],"terminus":0,"mode":"bus","color":"#0059a9","colorDark":"#00294f","angle":16.8,"snapDist":3,"label":1}},{"type":"Feature","geometry":{"type":"Point","coordinates":[18.225093,50.09576]},"properties":{"name":"Racibórz, Bosacka Most Zamkowy","lines":"W41","arr":["W41"],"terminus":0,"mode":"bus","color":"#0059a9","colorDark":"#00294f","angle":4.4,"snapDist":7,"label":1}},{"type":"Feature","geometry":{"type":"Point","coordinates":[18.225483,50.09231]},"properties":{"name":"Racibórz, Dworzec Autobusowy","lines":"W41","arr":["W41"],"terminus":1,"mode":"bus","color":"#0059a9","colorDark":"#00294f","angle":177.6,"snapDist":11,"label":1}},{"type":"Feature","geometry":{"type":"Point","coordinates":[18.225084,50.0957]},"properties":{"name":"Racibórz, Bosacka Most Zamkowy","lines":"W41","arr":["W41"],"terminus":0,"mode":"bus","color":"#0059a9","colorDark":"#00294f","angle":184.4,"snapDist":13,"label":0}},{"type":"Feature","geometry":{"type":"Point","coordinates":[18.229649,50.095096]},"properties":{"name":"Racibórz, Bosacka Policja","lines":"W41","arr":["W41"],"terminus":0,"mode":"bus","color":"#0059a9","colorDark":"#00294f","angle":198.4,"snapDist":9,"label":0}},{"type":"Feature","geometry":{"type":"Point","coordinates":[18.234327,50.094498]},"properties":{"name":"Racibórz, Rybnicka Fabryczna","lines":"W41","arr":["W41"],"terminus":0,"mode":"bus","color":"#0059a9","colorDark":"#00294f","angle":177.5,"snapDist":5,"label":0}},{"type":"Feature","geometry":{"type":"Point","coordinates":[18.258166,50.088316]},"properties":{"name":"Racibórz, Dębicz","lines":"W41","arr":["W41"],"terminus":0,"mode":"bus","color":"#0059a9","colorDark":"#00294f","angle":242.2,"snapDist":6,"label":0}},{"type":"Feature","geometry":{"type":"Point","coordinates":[18.257889,50.07786]},"properties":{"name":"Racibórz, Brzeska Torowa","lines":"W41","arr":["W41"],"terminus":0,"mode":"bus","color":"#0059a9","colorDark":"#00294f","angle":240.5,"snapDist":11,"label":0}},{"type":"Feature","geometry":{"type":"Point","coordinates":[18.261451,50.073707]},"properties":{"name":"Racibórz, Brzeska Myśliwca","lines":"W41","arr":["W41"],"terminus":0,"mode":"bus","color":"#0059a9","colorDark":"#00294f","angle":246.3,"snapDist":5,"label":0}},{"type":"Feature","geometry":{"type":"Point","coordinates":[18.265228,50.067138]},"properties":{"name":"Racibórz, Brzeska","lines":"W41","arr":["W41"],"terminus":0,"mode":"bus","color":"#0059a9","colorDark":"#00294f","angle":260,"snapDist":5,"label":0}},{"type":"Feature","geometry":{"type":"Point","coordinates":[18.270826,50.058493]},"properties":{"name":"Racibórz, Brzeska Ogródki","lines":"W41","arr":["W41"],"terminus":0,"mode":"bus","color":"#0059a9","colorDark":"#00294f","angle":224.3,"snapDist":7,"label":0}},{"type":"Feature","geometry":{"type":"Point","coordinates":[18.290499,50.040307]},"properties":{"name":"Lubomia, Graniczna Paprotnik","lines":"W41","arr":["W41"],"terminus":0,"mode":"bus","color":"#0059a9","colorDark":"#00294f","angle":213.4,"snapDist":6,"label":0}},{"type":"Feature","geometry":{"type":"Point","coordinates":[18.300737,50.035409]},"properties":{"name":"Lubomia, Graniczna Korfantego","lines":"W41","arr":["W41"],"terminus":0,"mode":"bus","color":"#0059a9","colorDark":"#00294f","angle":211.5,"snapDist":5,"label":0}},{"type":"Feature","geometry":{"type":"Point","coordinates":[18.30248,50.036224]},"properties":{"name":"Lubomia, Korfantego Graniczna","lines":"W41","arr":["W41"],"terminus":0,"mode":"bus","color":"#0059a9","colorDark":"#00294f","angle":127.1,"snapDist":4,"label":0}},{"type":"Feature","geometry":{"type":"Point","coordinates":[18.307808,50.040023]},"properties":{"name":"Lubomia, Mickiewicza Kościół","lines":"W41","arr":["W41"],"terminus":0,"mode":"bus","color":"#0059a9","colorDark":"#00294f","angle":148.1,"snapDist":3,"label":0}},{"type":"Feature","geometry":{"type":"Point","coordinates":[18.312969,50.036148]},"properties":{"name":"Lubomia, Nepomucena Park","lines":"W41","arr":["W41"],"terminus":0,"mode":"bus","color":"#0059a9","colorDark":"#00294f","angle":252.5,"snapDist":3,"label":0}},{"type":"Feature","geometry":{"type":"Point","coordinates":[18.318404,50.029583]},"properties":{"name":"Grabówka, Raciborska","lines":"W41","arr":["W41"],"terminus":0,"mode":"bus","color":"#0059a9","colorDark":"#00294f","angle":240.9,"snapDist":5,"label":0}},{"type":"Feature","geometry":{"type":"Point","coordinates":[18.325299,50.023107]},"properties":{"name":"Syrynia, Krzyżowa","lines":"W41","arr":["W41"],"terminus":0,"mode":"bus","color":"#0059a9","colorDark":"#00294f","angle":158.7,"snapDist":8,"label":0}},{"type":"Feature","geometry":{"type":"Point","coordinates":[18.334008,50.024071]},"properties":{"name":"Syrynia, Powstańców Śląskich Szkoła","lines":"W41, W42","arr":["W41","W42"],"terminus":0,"mode":"bus","color":"#0059a9","colorDark":"#00294f","angle":220.5,"snapDist":3,"label":0}},{"type":"Feature","geometry":{"type":"Point","coordinates":[18.34344,50.018709]},"properties":{"name":"Syrynia, Bukowska Boisko","lines":"W41","arr":["W41"],"terminus":0,"mode":"bus","color":"#0059a9","colorDark":"#00294f","angle":248,"snapDist":5,"label":1}},{"type":"Feature","geometry":{"type":"Point","coordinates":[18.36284,50.016615]},"properties":{"name":"Wodzisław Śląski, Młodzieżowa Boisko","lines":"W41, W42, W52","arr":["W41","W42","W52"],"terminus":1,"mode":"bus","color":"#0059a9","colorDark":"#00294f","angle":209.8,"snapDist":6,"label":1}},{"type":"Feature","geometry":{"type":"Point","coordinates":[18.374813,50.013583]},"properties":{"name":"Wodzisław Śląski, Młodzieżowa Szkoła","lines":"W41, W42, W52","arr":["W41","W42","W52"],"terminus":0,"mode":"bus","color":"#0059a9","colorDark":"#00294f","angle":187.3,"snapDist":7,"label":0}},{"type":"Feature","geometry":{"type":"Point","coordinates":[18.395521,50.012222]},"properties":{"name":"Wodzisław Śląski, Młodzieżowa Wypandów","lines":"W41, W42","arr":["W41","W42"],"terminus":0,"mode":"bus","color":"#0059a9","colorDark":"#00294f","angle":187.9,"snapDist":6,"label":0}},{"type":"Feature","geometry":{"type":"Point","coordinates":[18.407213,50.011164]},"properties":{"name":"Wodzisław Śląski, Młodzieżowa Rozwojowa","lines":"W41, W50","arr":["W41","W50"],"terminus":0,"mode":"bus","color":"#0059a9","colorDark":"#00294f","angle":186.6,"snapDist":8,"label":0}},{"type":"Feature","geometry":{"type":"Point","coordinates":[18.417936,50.013414]},"properties":{"name":"Wodzisław Śląski, Pszowska Kokoszyce","lines":"W41, W42, W50, W52","arr":["W41","W42","W50","W52"],"terminus":0,"mode":"bus","color":"#0059a9","colorDark":"#00294f","angle":208.8,"snapDist":7,"label":0}},{"type":"Feature","geometry":{"type":"Point","coordinates":[18.432079,50.012254]},"properties":{"name":"Wodzisław Śląski, Osiedle Jedłownik","lines":"W41, W42, W50, W52","arr":["W41","W42","W50","W52"],"terminus":0,"mode":"bus","color":"#0059a9","colorDark":"#00294f","angle":177.8,"snapDist":3,"label":0}},{"type":"Feature","geometry":{"type":"Point","coordinates":[18.444459,50.008003]},"properties":{"name":"Wodzisław Śląski, Osiedle Dąbrówki","lines":"W41, W42","arr":["W41","W42"],"terminus":0,"mode":"bus","color":"#0059a9","colorDark":"#00294f","angle":221.6,"snapDist":6,"label":0}},{"type":"Feature","geometry":{"type":"Point","coordinates":[18.448244,50.006655]},"properties":{"name":"Wodzisław Śląski, Matuszczyka Skrzyżowanie","lines":"W41, W42, W59","arr":["W41","W42","W59"],"terminus":0,"mode":"bus","color":"#0059a9","colorDark":"#00294f","angle":146.6,"snapDist":7,"label":0}},{"type":"Feature","geometry":{"type":"Point","coordinates":[18.457887,50.009197]},"properties":{"name":"Wodzisław Śląski, Matuszczyka XXX-Lecia","lines":"W41, W42, W59","arr":["W41","W42","W59"],"terminus":0,"mode":"bus","color":"#0059a9","colorDark":"#00294f","angle":158.5,"snapDist":4,"label":0}},{"type":"Feature","geometry":{"type":"Point","coordinates":[18.462611,50.010352]},"properties":{"name":"Wodzisław Śląski, 26 Marca Szpital","lines":"W41, W50, W51, W52","arr":["W41","W50","W51","W52"],"terminus":0,"mode":"bus","color":"#0059a9","colorDark":"#00294f","angle":160.3,"snapDist":6,"label":0}},{"type":"Feature","geometry":{"type":"Point","coordinates":[18.471629,50.012558]},"properties":{"name":"Wodzisław Śląski, Armii Krajowej","lines":"W41, W52","arr":["W41","W52"],"terminus":0,"mode":"bus","color":"#0059a9","colorDark":"#00294f","angle":173,"snapDist":7,"label":0}},{"type":"Feature","geometry":{"type":"Point","coordinates":[18.473954,50.007604]},"properties":{"name":"Wodzisław Śląski, Jana Pawła II Dworzec Kolejowy","lines":"W42, W50, W51","arr":["W42","W50","W51"],"terminus":0,"mode":"bus","color":"#0059a9","colorDark":"#00294f","angle":354.1,"snapDist":10,"label":1}},{"type":"Feature","geometry":{"type":"Point","coordinates":[18.466693,50.003678]},"properties":{"name":"Wodzisław Śląski, 26 Marca Biblioteka","lines":"W42","arr":["W42"],"terminus":0,"mode":"bus","color":"#0059a9","colorDark":"#00294f","angle":353.4,"snapDist":8,"label":1}},{"type":"Feature","geometry":{"type":"Point","coordinates":[18.460303,50.007045]},"properties":{"name":"Wodzisław Śląski, Radlińska Gałczyńskiego","lines":"W42","arr":["W42"],"terminus":0,"mode":"bus","color":"#0059a9","colorDark":"#00294f","angle":62.8,"snapDist":4,"label":1}},{"type":"Feature","geometry":{"type":"Point","coordinates":[18.412721,50.008231]},"properties":{"name":"Wodzisław Śląski, Olszyny","lines":"W42","arr":["W42"],"terminus":0,"mode":"bus","color":"#0059a9","colorDark":"#00294f","angle":293.3,"snapDist":2,"label":1}},{"type":"Feature","geometry":{"type":"Point","coordinates":[18.409566,50.005775]},"properties":{"name":"Wodzisław Śląski, Rozwojowa","lines":"W42, W50","arr":["W42","W50"],"terminus":1,"mode":"bus","color":"#0059a9","colorDark":"#00294f","angle":24.2,"snapDist":1,"label":1}},{"type":"Feature","geometry":{"type":"Point","coordinates":[18.350278,50.019334]},"properties":{"name":"Syrynia, Wodzisławska","lines":"W42","arr":["W42"],"terminus":0,"mode":"bus","color":"#0059a9","colorDark":"#00294f","angle":28.4,"snapDist":3,"label":1}},{"type":"Feature","geometry":{"type":"Point","coordinates":[18.338521,50.023896]},"properties":{"name":"Syrynia, 3 Maja","lines":"W42","arr":["W42"],"terminus":1,"mode":"bus","color":"#0059a9","colorDark":"#00294f","angle":61.2,"snapDist":3,"label":1}},{"type":"Feature","geometry":{"type":"Point","coordinates":[18.336583,50.026053]},"properties":{"name":"Syrynia, Poprzeczna Przedszkole","lines":"W42","arr":["W42"],"terminus":0,"mode":"bus","color":"#0059a9","colorDark":"#00294f","angle":33.5,"snapDist":0,"label":1}},{"type":"Feature","geometry":{"type":"Point","coordinates":[18.342627,50.018429]},"properties":{"name":"Syrynia, Bukowska Boisko","lines":"W42","arr":["W42"],"terminus":0,"mode":"bus","color":"#0059a9","colorDark":"#00294f","angle":331.2,"snapDist":12,"label":0}},{"type":"Feature","geometry":{"type":"Point","coordinates":[18.34644,50.011327]},"properties":{"name":"Nieboczowy, Dąbrowy","lines":"W42","arr":["W42"],"terminus":0,"mode":"bus","color":"#0059a9","colorDark":"#00294f","angle":242.2,"snapDist":4,"label":1}},{"type":"Feature","geometry":{"type":"Point","coordinates":[18.344641,50.008118]},"properties":{"name":"Nieboczowy, Wiejska","lines":"W42","arr":["W42"],"terminus":0,"mode":"bus","color":"#0059a9","colorDark":"#00294f","angle":334.6,"snapDist":5,"label":1}},{"type":"Feature","geometry":{"type":"Point","coordinates":[18.340438,50.010001]},"properties":{"name":"Nieboczowy, Wendelbergera","lines":"W42","arr":["W42"],"terminus":0,"mode":"bus","color":"#0059a9","colorDark":"#00294f","angle":64.3,"snapDist":7,"label":1}},{"type":"Feature","geometry":{"type":"Point","coordinates":[18.329569,50.014695]},"properties":{"name":"Syrynia, Raciborska Buglowiec","lines":"W42","arr":["W42"],"terminus":0,"mode":"bus","color":"#0059a9","colorDark":"#00294f","angle":79.2,"snapDist":9,"label":1}},{"type":"Feature","geometry":{"type":"Point","coordinates":[18.290413,50.007826]},"properties":{"name":"Buków, Główna Ośrodek Wypoczynkowy","lines":"W42","arr":["W42"],"terminus":1,"mode":"bus","color":"#0059a9","colorDark":"#00294f","angle":281.1,"snapDist":2,"label":1}},{"type":"Feature","geometry":{"type":"Point","coordinates":[18.288912,49.999234]},"properties":{"name":"Buków, Główna Owocowa","lines":"W42","arr":["W42"],"terminus":1,"mode":"bus","color":"#0059a9","colorDark":"#00294f","angle":274.7,"snapDist":6,"label":1}},{"type":"Feature","geometry":{"type":"Point","coordinates":[18.29601,49.999335]},"properties":{"name":"Buków, Krzyżanowicka","lines":"W42","arr":["W42"],"terminus":0,"mode":"bus","color":"#0059a9","colorDark":"#00294f","angle":195.8,"snapDist":5,"label":1}},{"type":"Feature","geometry":{"type":"Point","coordinates":[18.330097,50.013598]},"properties":{"name":"Syrynia, Raciborska Buglowiec","lines":"W42","arr":["W42"],"terminus":0,"mode":"bus","color":"#0059a9","colorDark":"#00294f","angle":250.9,"snapDist":3,"label":0}},{"type":"Feature","geometry":{"type":"Point","coordinates":[18.340404,50.010046]},"properties":{"name":"Nieboczowy, Wendelbergera","lines":"W42","arr":["W42"],"terminus":0,"mode":"bus","color":"#0059a9","colorDark":"#00294f","angle":244.3,"snapDist":7,"label":0}},{"type":"Feature","geometry":{"type":"Point","coordinates":[18.344768,50.008157]},"properties":{"name":"Nieboczowy, Wiejska","lines":"W42","arr":["W42"],"terminus":0,"mode":"bus","color":"#0059a9","colorDark":"#00294f","angle":154.6,"snapDist":2,"label":0}},{"type":"Feature","geometry":{"type":"Point","coordinates":[18.346374,50.011408]},"properties":{"name":"Nieboczowy, Dąbrowy","lines":"W42","arr":["W42"],"terminus":0,"mode":"bus","color":"#0059a9","colorDark":"#00294f","angle":62.2,"snapDist":3,"label":0}},{"type":"Feature","geometry":{"type":"Point","coordinates":[18.334803,50.025816]},"properties":{"name":"Syrynia, Poprzeczna Przedszkole","lines":"W42","arr":["W42"],"terminus":0,"mode":"bus","color":"#0059a9","colorDark":"#00294f","angle":146.5,"snapDist":2,"label":0}},{"type":"Feature","geometry":{"type":"Point","coordinates":[18.338487,50.023936]},"properties":{"name":"Syrynia, 3 Maja","lines":"W42","arr":["W42"],"terminus":0,"mode":"bus","color":"#0059a9","colorDark":"#00294f","angle":241.2,"snapDist":4,"label":0}},{"type":"Feature","geometry":{"type":"Point","coordinates":[18.350259,50.019341]},"properties":{"name":"Syrynia, Wodzisławska","lines":"W42","arr":["W42"],"terminus":0,"mode":"bus","color":"#0059a9","colorDark":"#00294f","angle":208.4,"snapDist":1,"label":0}},{"type":"Feature","geometry":{"type":"Point","coordinates":[18.409479,50.0058]},"properties":{"name":"Wodzisław Śląski, Rozwojowa","lines":"W42, W50","arr":["W42","W50"],"terminus":1,"mode":"bus","color":"#0059a9","colorDark":"#00294f","angle":204.2,"snapDist":9,"label":0}},{"type":"Feature","geometry":{"type":"Point","coordinates":[18.412688,50.008183]},"properties":{"name":"Wodzisław Śląski, Olszyny","lines":"W42","arr":["W42"],"terminus":0,"mode":"bus","color":"#0059a9","colorDark":"#00294f","angle":113.3,"snapDist":6,"label":0}},{"type":"Feature","geometry":{"type":"Point","coordinates":[18.460276,50.007079]},"properties":{"name":"Wodzisław Śląski, Radlińska Gałczyńskiego","lines":"W42","arr":["W42"],"terminus":0,"mode":"bus","color":"#0059a9","colorDark":"#00294f","angle":242.8,"snapDist":5,"label":0}},{"type":"Feature","geometry":{"type":"Point","coordinates":[18.467393,50.003824]},"properties":{"name":"Wodzisław Śląski, 26 Marca Biblioteka","lines":"W42","arr":["W42"],"terminus":0,"mode":"bus","color":"#0059a9","colorDark":"#00294f","angle":162,"snapDist":2,"label":0}},{"type":"Feature","geometry":{"type":"Point","coordinates":[18.438153,50.013969]},"properties":{"name":"Wodzisław Śląski, Górnicza Szyb","lines":"W50, W52","arr":["W50","W52"],"terminus":1,"mode":"bus","color":"#0059a9","colorDark":"#00294f","angle":117.6,"snapDist":9,"label":1}},{"type":"Feature","geometry":{"type":"Point","coordinates":[18.442645,50.015612]},"properties":{"name":"Wodzisław Śląski, Kokoszycka Osiedle Batory","lines":"W50","arr":["W50"],"terminus":0,"mode":"bus","color":"#0059a9","colorDark":"#00294f","angle":163.1,"snapDist":6,"label":1}},{"type":"Feature","geometry":{"type":"Point","coordinates":[18.448926,50.014868]},"properties":{"name":"Wodzisław Śląski, Mieszka","lines":"W50, W51, W59","arr":["W50","W51","W59"],"terminus":0,"mode":"bus","color":"#0059a9","colorDark":"#00294f","angle":271,"snapDist":10,"label":1}},{"type":"Feature","geometry":{"type":"Point","coordinates":[18.451158,50.013347]},"properties":{"name":"Wodzisław Śląski, Mieszka Osiedle Piastów","lines":"W50, W51, W59","arr":["W50","W51","W59"],"terminus":0,"mode":"bus","color":"#0059a9","colorDark":"#00294f","angle":179.4,"snapDist":15,"label":1}},{"type":"Feature","geometry":{"type":"Point","coordinates":[18.458795,50.014182]},"properties":{"name":"Wodzisław Śląski, Leszka","lines":"W50, W51, W59","arr":["W50","W51","W59"],"terminus":0,"mode":"bus","color":"#0059a9","colorDark":"#00294f","angle":186.6,"snapDist":9,"label":1}},{"type":"Feature","geometry":{"type":"Point","coordinates":[18.459443,50.012747]},"properties":{"name":"Wodzisław Śląski, Radlińska XXX Lecia","lines":"W50, W51, W52, W59","arr":["W50","W51","W52","W59"],"terminus":0,"mode":"bus","color":"#0059a9","colorDark":"#00294f","angle":260.1,"snapDist":11,"label":1}},{"type":"Feature","geometry":{"type":"Point","coordinates":[18.469105,50.010164]},"properties":{"name":"Wodzisław Śląski, 26 Marca Szkoła","lines":"W50, W51","arr":["W50","W51"],"terminus":0,"mode":"bus","color":"#0059a9","colorDark":"#00294f","angle":202.7,"snapDist":10,"label":1}},{"type":"Feature","geometry":{"type":"Point","coordinates":[18.464269,49.992462]},"properties":{"name":"Wodzisław Śląski, Skrzyszowska Sakandrzok","lines":"W50","arr":["W50"],"terminus":0,"mode":"bus","color":"#0059a9","colorDark":"#00294f","angle":220.5,"snapDist":12,"label":1}},{"type":"Feature","geometry":{"type":"Point","coordinates":[18.468425,49.987739]},"properties":{"name":"Wodzisław Śląski, Skrzyszowska Zielona","lines":"W50","arr":["W50"],"terminus":0,"mode":"bus","color":"#0059a9","colorDark":"#00294f","angle":242.4,"snapDist":9,"label":1}},{"type":"Feature","geometry":{"type":"Point","coordinates":[18.472808,49.983562]},"properties":{"name":"Wodzisław Śląski, Skrzyszowska Ładna","lines":"W50","arr":["W50"],"terminus":0,"mode":"bus","color":"#0059a9","colorDark":"#00294f","angle":250.7,"snapDist":14,"label":1}},{"type":"Feature","geometry":{"type":"Point","coordinates":[18.477527,49.975043]},"properties":{"name":"Wodzisław Śląski, Skrzyszowska Czarnieckiego","lines":"W50","arr":["W50"],"terminus":0,"mode":"bus","color":"#0059a9","colorDark":"#00294f","angle":242.5,"snapDist":10,"label":1}},{"type":"Feature","geometry":{"type":"Point","coordinates":[18.478806,49.975216]},"properties":{"name":"Wodzisław Śląski Czarnieckiego Skrzyszowska","lines":"W50","arr":["W50"],"terminus":0,"mode":"bus","color":"#0059a9","colorDark":"#00294f","angle":123.5,"snapDist":7,"label":1}},{"type":"Feature","geometry":{"type":"Point","coordinates":[18.484032,49.980245]},"properties":{"name":"Wodzisław Śląski, Czarnieckiego Ładna","lines":"W50","arr":["W50"],"terminus":0,"mode":"bus","color":"#0059a9","colorDark":"#00294f","angle":123.3,"snapDist":5,"label":1}},{"type":"Feature","geometry":{"type":"Point","coordinates":[18.489241,49.985367]},"properties":{"name":"Wodzisław Śląski, Czarnieckiego Teligi","lines":"W50","arr":["W50"],"terminus":0,"mode":"bus","color":"#0059a9","colorDark":"#00294f","angle":123.3,"snapDist":8,"label":1}},{"type":"Feature","geometry":{"type":"Point","coordinates":[18.488965,49.985098]},"properties":{"name":"Wodzisław Śląski, Czarnieckiego Teligi","lines":"W50","arr":["W50"],"terminus":0,"mode":"bus","color":"#0059a9","colorDark":"#00294f","angle":303.3,"snapDist":6,"label":0}},{"type":"Feature","geometry":{"type":"Point","coordinates":[18.483927,49.980142]},"properties":{"name":"Wodzisław Śląski, Czarnieckiego Ładna","lines":"W50","arr":["W50"],"terminus":0,"mode":"bus","color":"#0059a9","colorDark":"#00294f","angle":303.3,"snapDist":6,"label":0}},{"type":"Feature","geometry":{"type":"Point","coordinates":[18.478834,49.975243]},"properties":{"name":"Wodzisław Śląski Czarnieckiego Skrzyszowska","lines":"W50","arr":["W50"],"terminus":0,"mode":"bus","color":"#0059a9","colorDark":"#00294f","angle":303.8,"snapDist":5,"label":0}},{"type":"Feature","geometry":{"type":"Point","coordinates":[18.477533,49.975035]},"properties":{"name":"Wodzisław Śląski, Skrzyszowska Czarnieckiego","lines":"W50","arr":["W50"],"terminus":0,"mode":"bus","color":"#0059a9","colorDark":"#00294f","angle":63.3,"snapDist":6,"label":0}},{"type":"Feature","geometry":{"type":"Point","coordinates":[18.472771,49.983631]},"properties":{"name":"Wodzisław Śląski, Skrzyszowska Ładna","lines":"W50","arr":["W50"],"terminus":0,"mode":"bus","color":"#0059a9","colorDark":"#00294f","angle":70.7,"snapDist":10,"label":0}},{"type":"Feature","geometry":{"type":"Point","coordinates":[18.468396,49.987775]},"properties":{"name":"Wodzisław Śląski, Skrzyszowska Zielona","lines":"W50","arr":["W50"],"terminus":0,"mode":"bus","color":"#0059a9","colorDark":"#00294f","angle":62.4,"snapDist":6,"label":0}},{"type":"Feature","geometry":{"type":"Point","coordinates":[18.464277,49.992457]},"properties":{"name":"Wodzisław Śląski, Skrzyszowska Sakandrzok","lines":"W50","arr":["W50"],"terminus":0,"mode":"bus","color":"#0059a9","colorDark":"#00294f","angle":40.5,"snapDist":5,"label":0}},{"type":"Feature","geometry":{"type":"Point","coordinates":[18.469578,50.010001]},"properties":{"name":"Wodzisław Śląski, 26 Marca Szkoła","lines":"W50, W51","arr":["W50","W51"],"terminus":0,"mode":"bus","color":"#0059a9","colorDark":"#00294f","angle":34,"snapDist":8,"label":0}},{"type":"Feature","geometry":{"type":"Point","coordinates":[18.459662,50.011849]},"properties":{"name":"Wodzisław Śląski, Radlińska XXX Lecia","lines":"W50, W51, W52, W59","arr":["W50","W51","W52","W59"],"terminus":0,"mode":"bus","color":"#0059a9","colorDark":"#00294f","angle":83.6,"snapDist":11,"label":0}},{"type":"Feature","geometry":{"type":"Point","coordinates":[18.457494,50.01427]},"properties":{"name":"Wodzisław Śląski, Leszka","lines":"W50, W51, W59","arr":["W50","W51","W59"],"terminus":0,"mode":"bus","color":"#0059a9","colorDark":"#00294f","angle":5.5,"snapDist":4,"label":0}},{"type":"Feature","geometry":{"type":"Point","coordinates":[18.450941,50.013346]},"properties":{"name":"Wodzisław Śląski, Mieszka Osiedle Piastów","lines":"W50, W51, W59","arr":["W50","W51","W59"],"terminus":0,"mode":"bus","color":"#0059a9","colorDark":"#00294f","angle":359.4,"snapDist":5,"label":0}},{"type":"Feature","geometry":{"type":"Point","coordinates":[18.448512,50.016161]},"properties":{"name":"Wodzisław Śląski, Mieszka","lines":"W50, W51, W59","arr":["W50","W51","W59"],"terminus":0,"mode":"bus","color":"#0059a9","colorDark":"#00294f","angle":67,"snapDist":8,"label":0}},{"type":"Feature","geometry":{"type":"Point","coordinates":[18.44253,50.01559]},"properties":{"name":"Wodzisław Śląski, Kokoszycka Osiedle Batory","lines":"W50","arr":["W50"],"terminus":0,"mode":"bus","color":"#0059a9","colorDark":"#00294f","angle":343.1,"snapDist":2,"label":0}},{"type":"Feature","geometry":{"type":"Point","coordinates":[18.438278,50.014124]},"properties":{"name":"Wodzisław Śląski, Górnicza Szyb","lines":"W50, W52","arr":["W50","W52"],"terminus":1,"mode":"bus","color":"#0059a9","colorDark":"#00294f","angle":297.6,"snapDist":6,"label":0}},{"type":"Feature","geometry":{"type":"Point","coordinates":[18.501256,49.969475]},"properties":{"name":"Mszana, Turska Pustki","lines":"W51","arr":["W51"],"terminus":0,"mode":"bus","color":"#0059a9","colorDark":"#00294f","angle":351,"snapDist":3,"label":1}},{"type":"Feature","geometry":{"type":"Point","coordinates":[18.489718,49.971176]},"properties":{"name":"Wodzisław Śląski, Mszańska Cichy","lines":"W51","arr":["W51"],"terminus":0,"mode":"bus","color":"#0059a9","colorDark":"#00294f","angle":20.9,"snapDist":0,"label":1}},{"type":"Feature","geometry":{"type":"Point","coordinates":[18.482026,49.973249]},"properties":{"name":"Wodzisław Śląski, Mszańska Działki","lines":"W51","arr":["W51"],"terminus":0,"mode":"bus","color":"#0059a9","colorDark":"#00294f","angle":22.5,"snapDist":3,"label":1}},{"type":"Feature","geometry":{"type":"Point","coordinates":[18.476751,49.974479]},"properties":{"name":"Wodzisław Śląski, Turska","lines":"W51","arr":["W51"],"terminus":0,"mode":"bus","color":"#0059a9","colorDark":"#00294f","angle":5.4,"snapDist":7,"label":1}},{"type":"Feature","geometry":{"type":"Point","coordinates":[18.466233,49.975396]},"properties":{"name":"Turza Śląska, Mszańska","lines":"W51","arr":["W51"],"terminus":0,"mode":"bus","color":"#0059a9","colorDark":"#00294f","angle":11.4,"snapDist":6,"label":1}},{"type":"Feature","geometry":{"type":"Point","coordinates":[18.453254,50.018408]},"properties":{"name":"Wodzisław Śląski Kokoszycka Leszka","lines":"W51, W59","arr":["W51","W59"],"terminus":0,"mode":"bus","color":"#0059a9","colorDark":"#00294f","angle":143.8,"snapDist":8,"label":1}},{"type":"Feature","geometry":{"type":"Point","coordinates":[18.459235,50.022048]},"properties":{"name":"Wodzisław Śląśki, Radlińska Remiza","lines":"W51, W52, W59","arr":["W51","W52","W59"],"terminus":1,"mode":"bus","color":"#0059a9","colorDark":"#00294f","angle":110.6,"snapDist":6,"label":1}},{"type":"Feature","geometry":{"type":"Point","coordinates":[18.449697,50.025757]},"properties":{"name":"Wodzisław Śląski, Chrobrego Dąbrowskiego","lines":"W51","arr":["W51"],"terminus":0,"mode":"bus","color":"#0059a9","colorDark":"#00294f","angle":20.3,"snapDist":3,"label":1}},{"type":"Feature","geometry":{"type":"Point","coordinates":[18.442308,50.027993]},"properties":{"name":"Wodzisław Śląski, Chrobrego Owocowa","lines":"W51","arr":["W51"],"terminus":0,"mode":"bus","color":"#0059a9","colorDark":"#00294f","angle":29.4,"snapDist":6,"label":1}},{"type":"Feature","geometry":{"type":"Point","coordinates":[18.43414,50.029277]},"properties":{"name":"Wodzisław Śląski, Chrobrego Szkoła Nr 21","lines":"W51","arr":["W51"],"terminus":0,"mode":"bus","color":"#0059a9","colorDark":"#00294f","angle":0,"snapDist":1,"label":1}},{"type":"Feature","geometry":{"type":"Point","coordinates":[18.428231,50.03478]},"properties":{"name":"Wodzisław Ślaski, Chrobrego Granica","lines":"W51","arr":["W51"],"terminus":0,"mode":"bus","color":"#0059a9","colorDark":"#00294f","angle":96.9,"snapDist":9,"label":1}},{"type":"Feature","geometry":{"type":"Point","coordinates":[18.428247,50.040447]},"properties":{"name":"Radlin, Chrobrego","lines":"W51","arr":["W51"],"terminus":0,"mode":"bus","color":"#0059a9","colorDark":"#00294f","angle":94.8,"snapDist":9,"label":1}},{"type":"Feature","geometry":{"type":"Point","coordinates":[18.420943,50.042578]},"properties":{"name":"Pszów, Kraszewskiego","lines":"W51","arr":["W51"],"terminus":0,"mode":"bus","color":"#0059a9","colorDark":"#00294f","angle":38.1,"snapDist":3,"label":1}},{"type":"Feature","geometry":{"type":"Point","coordinates":[18.408037,50.042774]},"properties":{"name":"Pszów, Kraszewskiego Boisko","lines":"W51","arr":["W51"],"terminus":0,"mode":"bus","color":"#0059a9","colorDark":"#00294f","angle":349.9,"snapDist":3,"label":1}},{"type":"Feature","geometry":{"type":"Point","coordinates":[18.403283,50.041873]},"properties":{"name":"Pszów, Traugutta Szkoła","lines":"W51","arr":["W51"],"terminus":0,"mode":"bus","color":"#0059a9","colorDark":"#00294f","angle":308.6,"snapDist":5,"label":1}},{"type":"Feature","geometry":{"type":"Point","coordinates":[18.397642,50.040423]},"properties":{"name":"Pszów, Dworzec Autobusowy","lines":"W51, W52","arr":["W51","W52"],"terminus":1,"mode":"bus","color":"#0059a9","colorDark":"#00294f","angle":164,"snapDist":7,"label":1}},{"type":"Feature","geometry":{"type":"Point","coordinates":[18.403075,50.041706]},"properties":{"name":"Pszów, Traugutta Szkoła","lines":"W51","arr":["W51"],"terminus":0,"mode":"bus","color":"#0059a9","colorDark":"#00294f","angle":132.7,"snapDist":9,"label":0}},{"type":"Feature","geometry":{"type":"Point","coordinates":[18.408172,50.04279]},"properties":{"name":"Pszów, Kraszewskiego Boisko","lines":"W51","arr":["W51"],"terminus":0,"mode":"bus","color":"#0059a9","colorDark":"#00294f","angle":169.9,"snapDist":11,"label":0}},{"type":"Feature","geometry":{"type":"Point","coordinates":[18.421199,50.042454]},"properties":{"name":"Pszów, Kraszewskiego","lines":"W51","arr":["W51"],"terminus":0,"mode":"bus","color":"#0059a9","colorDark":"#00294f","angle":216.2,"snapDist":5,"label":0}},{"type":"Feature","geometry":{"type":"Point","coordinates":[18.428268,50.040608]},"properties":{"name":"Radlin, Chrobrego","lines":"W51","arr":["W51"],"terminus":0,"mode":"bus","color":"#0059a9","colorDark":"#00294f","angle":274.8,"snapDist":3,"label":0}},{"type":"Feature","geometry":{"type":"Point","coordinates":[18.428219,50.034716]},"properties":{"name":"Wodzisław Ślaski, Chrobrego Granica","lines":"W51","arr":["W51"],"terminus":0,"mode":"bus","color":"#0059a9","colorDark":"#00294f","angle":276.9,"snapDist":4,"label":0}},{"type":"Feature","geometry":{"type":"Point","coordinates":[18.433905,50.02928]},"properties":{"name":"Wodzisław Śląski, Chrobrego Szkoła Nr 21","lines":"W51","arr":["W51"],"terminus":0,"mode":"bus","color":"#0059a9","colorDark":"#00294f","angle":181.9,"snapDist":10,"label":0}},{"type":"Feature","geometry":{"type":"Point","coordinates":[18.441441,50.028171]},"properties":{"name":"Wodzisław Śląski, Chrobrego Owocowa","lines":"W51","arr":["W51"],"terminus":0,"mode":"bus","color":"#0059a9","colorDark":"#00294f","angle":194.7,"snapDist":6,"label":0}},{"type":"Feature","geometry":{"type":"Point","coordinates":[18.449483,50.025809]},"properties":{"name":"Wodzisław Śląski, Chrobrego Dąbrowskiego","lines":"W51","arr":["W51"],"terminus":0,"mode":"bus","color":"#0059a9","colorDark":"#00294f","angle":200.8,"snapDist":5,"label":0}},{"type":"Feature","geometry":{"type":"Point","coordinates":[18.459181,50.021955]},"properties":{"name":"Wodzisław Śląśki, Radlińska Remiza","lines":"W51, W52, W59","arr":["W51","W52","W59"],"terminus":0,"mode":"bus","color":"#0059a9","colorDark":"#00294f","angle":290.6,"snapDist":5,"label":0}},{"type":"Feature","geometry":{"type":"Point","coordinates":[18.452498,50.018055]},"properties":{"name":"Wodzisław Śląski Kokoszycka Leszka","lines":"W51, W59","arr":["W51","W59"],"terminus":0,"mode":"bus","color":"#0059a9","colorDark":"#00294f","angle":324.2,"snapDist":3,"label":0}},{"type":"Feature","geometry":{"type":"Point","coordinates":[18.467676,49.97521]},"properties":{"name":"Turza Śląska, Mszańska","lines":"W51","arr":["W51"],"terminus":0,"mode":"bus","color":"#0059a9","colorDark":"#00294f","angle":191.4,"snapDist":2,"label":0}},{"type":"Feature","geometry":{"type":"Point","coordinates":[18.477002,49.974463]},"properties":{"name":"Wodzisław Śląski, Turska","lines":"W51","arr":["W51"],"terminus":0,"mode":"bus","color":"#0059a9","colorDark":"#00294f","angle":186.3,"snapDist":1,"label":0}},{"type":"Feature","geometry":{"type":"Point","coordinates":[18.482172,49.97321]},"properties":{"name":"Wodzisław Śląski, Mszańska Działki","lines":"W51","arr":["W51"],"terminus":0,"mode":"bus","color":"#0059a9","colorDark":"#00294f","angle":202.5,"snapDist":10,"label":0}},{"type":"Feature","geometry":{"type":"Point","coordinates":[18.490207,49.971057]},"properties":{"name":"Wodzisław Śląski, Mszańska Cichy","lines":"W51","arr":["W51"],"terminus":0,"mode":"bus","color":"#0059a9","colorDark":"#00294f","angle":200.5,"snapDist":6,"label":0}},{"type":"Feature","geometry":{"type":"Point","coordinates":[18.501444,49.969494]},"properties":{"name":"Mszana, Turska Pustki","lines":"W51","arr":["W51"],"terminus":0,"mode":"bus","color":"#0059a9","colorDark":"#00294f","angle":171,"snapDist":3,"label":0}},{"type":"Feature","geometry":{"type":"Point","coordinates":[18.381355,50.019107]},"properties":{"name":"Wodzisław Śląski, Paderewskiego Piekarnia","lines":"W52","arr":["W52"],"terminus":0,"mode":"bus","color":"#0059a9","colorDark":"#00294f","angle":104.3,"snapDist":12,"label":1}},{"type":"Feature","geometry":{"type":"Point","coordinates":[18.383004,50.025669]},"properties":{"name":"Pszów, Paderewskiego Szybowa","lines":"W52","arr":["W52"],"terminus":0,"mode":"bus","color":"#0059a9","colorDark":"#00294f","angle":89.1,"snapDist":8,"label":1}},{"type":"Feature","geometry":{"type":"Point","coordinates":[18.386603,50.034254]},"properties":{"name":"Pszów, Paderewskiego Krzyż","lines":"W52","arr":["W52"],"terminus":0,"mode":"bus","color":"#0059a9","colorDark":"#00294f","angle":135.5,"snapDist":7,"label":1}},{"type":"Feature","geometry":{"type":"Point","coordinates":[18.398166,50.033451]},"properties":{"name":"Pszów, I","lines":"W52","arr":["W52"],"terminus":0,"mode":"bus","color":"#0059a9","colorDark":"#00294f","angle":239.4,"snapDist":5,"label":1}},{"type":"Feature","geometry":{"type":"Point","coordinates":[18.402812,50.026821]},"properties":{"name":"Pszów, Kiosk","lines":"W52","arr":["W52"],"terminus":0,"mode":"bus","color":"#0059a9","colorDark":"#00294f","angle":244.9,"snapDist":8,"label":1}},{"type":"Feature","geometry":{"type":"Point","coordinates":[18.407284,50.021789]},"properties":{"name":"Wodzisław Śląski, Pszowska Stawki","lines":"W52","arr":["W52"],"terminus":0,"mode":"bus","color":"#0059a9","colorDark":"#00294f","angle":241.1,"snapDist":4,"label":1}},{"type":"Feature","geometry":{"type":"Point","coordinates":[18.435003,50.008908]},"properties":{"name":"Wodzisław Śląski, Wolności Działki","lines":"W52","arr":["W52"],"terminus":0,"mode":"bus","color":"#0059a9","colorDark":"#00294f","angle":235.7,"snapDist":5,"label":0}},{"type":"Feature","geometry":{"type":"Point","coordinates":[18.439925,50.001745]},"properties":{"name":"Wodzisław Śląski, Wolności Kościół","lines":"W52, W53","arr":["W52","W53"],"terminus":1,"mode":"bus","color":"#0059a9","colorDark":"#00294f","angle":222.1,"snapDist":4,"label":1}},{"type":"Feature","geometry":{"type":"Point","coordinates":[18.447898,49.99938]},"properties":{"name":"Wodzisław Śląski, Wolności Chopina","lines":"W52, W53","arr":["W52","W53"],"terminus":0,"mode":"bus","color":"#0059a9","colorDark":"#00294f","angle":201.2,"snapDist":4,"label":1}},{"type":"Feature","geometry":{"type":"Point","coordinates":[18.45948,50.014673]},"properties":{"name":"Wodzisław Śląski, Radlińska Leszka","lines":"W52","arr":["W52"],"terminus":0,"mode":"bus","color":"#0059a9","colorDark":"#00294f","angle":100.4,"snapDist":8,"label":1}},{"type":"Feature","geometry":{"type":"Point","coordinates":[18.460955,50.022843]},"properties":{"name":"Wodzisław Śląski, Chrobrego Remiza","lines":"W52","arr":["W52"],"terminus":0,"mode":"bus","color":"#0059a9","colorDark":"#00294f","angle":183.1,"snapDist":7,"label":1}},{"type":"Feature","geometry":{"type":"Point","coordinates":[18.466042,50.022775]},"properties":{"name":"Wodzisław Śląski, Chrobrego Boisko","lines":"W52","arr":["W52"],"terminus":0,"mode":"bus","color":"#0059a9","colorDark":"#00294f","angle":176,"snapDist":8,"label":1}},{"type":"Feature","geometry":{"type":"Point","coordinates":[18.476075,50.020838]},"properties":{"name":"Wodzisław Śląski, Chrobrego Gołębia","lines":"W52","arr":["W52"],"terminus":0,"mode":"bus","color":"#0059a9","colorDark":"#00294f","angle":199,"snapDist":3,"label":1}},{"type":"Feature","geometry":{"type":"Point","coordinates":[18.479676,50.018649]},"properties":{"name":"Wodzisław Śląski, Rybnicka Chrobrego","lines":"W52","arr":["W52"],"terminus":0,"mode":"bus","color":"#0059a9","colorDark":"#00294f","angle":294.8,"snapDist":8,"label":1}},{"type":"Feature","geometry":{"type":"Point","coordinates":[18.47606,50.013894]},"properties":{"name":"Wodzisław Śląski, Rybnicka Radlińskie Chałupki","lines":"W52","arr":["W52"],"terminus":0,"mode":"bus","color":"#0059a9","colorDark":"#00294f","angle":295.9,"snapDist":14,"label":1}},{"type":"Feature","geometry":{"type":"Point","coordinates":[18.484014,50.013837]},"properties":{"name":"Wodzisław Śląski, Marklowicka Wodociągi","lines":"W52","arr":["W52"],"terminus":0,"mode":"bus","color":"#0059a9","colorDark":"#00294f","angle":155.3,"snapDist":5,"label":1}},{"type":"Feature","geometry":{"type":"Point","coordinates":[18.490621,50.015269]},"properties":{"name":"Wodzisław Śląski, Marklowicka Działki","lines":"W52","arr":["W52"],"terminus":1,"mode":"bus","color":"#0059a9","colorDark":"#00294f","angle":166.1,"snapDist":6,"label":1}},{"type":"Feature","geometry":{"type":"Point","coordinates":[18.497479,50.016427]},"properties":{"name":"Marklowice, Krzyż","lines":"W52","arr":["W52"],"terminus":0,"mode":"bus","color":"#0059a9","colorDark":"#00294f","angle":160.7,"snapDist":7,"label":0}},{"type":"Feature","geometry":{"type":"Point","coordinates":[18.513965,50.018286]},"properties":{"name":"Marklowice, Dolne","lines":"W52","arr":["W52"],"terminus":1,"mode":"bus","color":"#0059a9","colorDark":"#00294f","angle":205.2,"snapDist":4,"label":1}},{"type":"Feature","geometry":{"type":"Point","coordinates":[18.448013,49.999352]},"properties":{"name":"Wodzisław Śląski, Wolności Chopina","lines":"W52","arr":["W52"],"terminus":0,"mode":"bus","color":"#0059a9","colorDark":"#00294f","angle":21.2,"snapDist":3,"label":0}},{"type":"Feature","geometry":{"type":"Point","coordinates":[18.440558,50.001415]},"properties":{"name":"Wodzisław Śląski, Wolności Kościół","lines":"W52","arr":["W52"],"terminus":0,"mode":"bus","color":"#0059a9","colorDark":"#00294f","angle":37.5,"snapDist":5,"label":0}},{"type":"Feature","geometry":{"type":"Point","coordinates":[18.435411,50.008487]},"properties":{"name":"Wodzisław Śląski, Wolności Działki","lines":"W52","arr":["W52"],"terminus":1,"mode":"bus","color":"#0059a9","colorDark":"#00294f","angle":63.7,"snapDist":3,"label":1}},{"type":"Feature","geometry":{"type":"Point","coordinates":[18.497518,50.016436]},"properties":{"name":"Marklowice, Krzyż","lines":"W52","arr":["W52"],"terminus":1,"mode":"bus","color":"#0059a9","colorDark":"#00294f","angle":340.7,"snapDist":2,"label":1}},{"type":"Feature","geometry":{"type":"Point","coordinates":[18.490441,50.01524]},"properties":{"name":"Wodzisław Śląski, Marklowicka Działki","lines":"W52","arr":["W52"],"terminus":0,"mode":"bus","color":"#0059a9","colorDark":"#00294f","angle":346.5,"snapDist":3,"label":0}},{"type":"Feature","geometry":{"type":"Point","coordinates":[18.483956,50.01382]},"properties":{"name":"Wodzisław Śląski, Marklowicka Wodociągi","lines":"W52","arr":["W52"],"terminus":0,"mode":"bus","color":"#0059a9","colorDark":"#00294f","angle":335.3,"snapDist":6,"label":0}},{"type":"Feature","geometry":{"type":"Point","coordinates":[18.476582,50.014578]},"properties":{"name":"Wodzisław Śląski, Rybnicka Radlińskie Chałupki","lines":"W52","arr":["W52"],"terminus":0,"mode":"bus","color":"#0059a9","colorDark":"#00294f","angle":116,"snapDist":5,"label":0}},{"type":"Feature","geometry":{"type":"Point","coordinates":[18.479405,50.018283]},"properties":{"name":"Wodzisław Śląski, Rybnicka Chrobrego","lines":"W52","arr":["W52"],"terminus":0,"mode":"bus","color":"#0059a9","colorDark":"#00294f","angle":115.8,"snapDist":6,"label":0}},{"type":"Feature","geometry":{"type":"Point","coordinates":[18.475471,50.020922]},"properties":{"name":"Wodzisław Śląski, Chrobrego Gołębia","lines":"W52","arr":["W52"],"terminus":0,"mode":"bus","color":"#0059a9","colorDark":"#00294f","angle":11.6,"snapDist":3,"label":0}},{"type":"Feature","geometry":{"type":"Point","coordinates":[18.466261,50.022782]},"properties":{"name":"Wodzisław Śląski, Chrobrego Boisko","lines":"W52","arr":["W52"],"terminus":0,"mode":"bus","color":"#0059a9","colorDark":"#00294f","angle":357.8,"snapDist":2,"label":0}},{"type":"Feature","geometry":{"type":"Point","coordinates":[18.460848,50.022847]},"properties":{"name":"Wodzisław Śląski, Chrobrego Remiza","lines":"W52","arr":["W52"],"terminus":0,"mode":"bus","color":"#0059a9","colorDark":"#00294f","angle":3,"snapDist":3,"label":0}},{"type":"Feature","geometry":{"type":"Point","coordinates":[18.459431,50.014503]},"properties":{"name":"Wodzisław Śląski, Radlińska Leszka","lines":"W52","arr":["W52"],"terminus":0,"mode":"bus","color":"#0059a9","colorDark":"#00294f","angle":280,"snapDist":4,"label":0}},{"type":"Feature","geometry":{"type":"Point","coordinates":[18.407213,50.021873]},"properties":{"name":"Wodzisław Śląski, Pszowska Stawki","lines":"W52","arr":["W52"],"terminus":0,"mode":"bus","color":"#0059a9","colorDark":"#00294f","angle":61.1,"snapDist":6,"label":0}},{"type":"Feature","geometry":{"type":"Point","coordinates":[18.403243,50.026284]},"properties":{"name":"Pszów, Kiosk","lines":"W52","arr":["W52"],"terminus":0,"mode":"bus","color":"#0059a9","colorDark":"#00294f","angle":62.6,"snapDist":6,"label":0}},{"type":"Feature","geometry":{"type":"Point","coordinates":[18.398211,50.033402]},"properties":{"name":"Pszów, I","lines":"W52","arr":["W52"],"terminus":0,"mode":"bus","color":"#0059a9","colorDark":"#00294f","angle":59.4,"snapDist":8,"label":0}},{"type":"Feature","geometry":{"type":"Point","coordinates":[18.386591,50.034246]},"properties":{"name":"Pszów, Paderewskiego Krzyż","lines":"W52","arr":["W52"],"terminus":0,"mode":"bus","color":"#0059a9","colorDark":"#00294f","angle":315.5,"snapDist":5,"label":0}},{"type":"Feature","geometry":{"type":"Point","coordinates":[18.383006,50.025601]},"properties":{"name":"Pszów, Paderewskiego Szybowa","lines":"W52","arr":["W52"],"terminus":0,"mode":"bus","color":"#0059a9","colorDark":"#00294f","angle":269.1,"snapDist":7,"label":0}},{"type":"Feature","geometry":{"type":"Point","coordinates":[18.38135,50.019093]},"properties":{"name":"Wodzisław Śląski, Paderewskiego Piekarnia","lines":"W52","arr":["W52"],"terminus":0,"mode":"bus","color":"#0059a9","colorDark":"#00294f","angle":284.3,"snapDist":3,"label":0}},{"type":"Feature","geometry":{"type":"Point","coordinates":[18.448589,49.981319]},"properties":{"name":"Wodzisław Śląski, Starowiejska KS.Kasperczyka","lines":"W53","arr":["W53"],"terminus":0,"mode":"bus","color":"#0059a9","colorDark":"#00294f","angle":60.7,"snapDist":3,"label":1}},{"type":"Feature","geometry":{"type":"Point","coordinates":[18.445785,49.98408]},"properties":{"name":"Wodzisław Śląski, Starowiejska Polna","lines":"W53","arr":["W53"],"terminus":0,"mode":"bus","color":"#0059a9","colorDark":"#00294f","angle":55.3,"snapDist":4,"label":1}},{"type":"Feature","geometry":{"type":"Point","coordinates":[18.440736,49.988519]},"properties":{"name":"Wodzisław Śląski, Starowiejska Poprzeczna","lines":"W53","arr":["W53"],"terminus":0,"mode":"bus","color":"#0059a9","colorDark":"#00294f","angle":62.3,"snapDist":3,"label":1}},{"type":"Feature","geometry":{"type":"Point","coordinates":[18.43963,49.99186]},"properties":{"name":"Wodzisław Śląski, Starowiejska Czyżowicka","lines":"W53","arr":["W53"],"terminus":0,"mode":"bus","color":"#0059a9","colorDark":"#00294f","angle":63.2,"snapDist":5,"label":1}},{"type":"Feature","geometry":{"type":"Point","coordinates":[18.426039,49.989497]},"properties":{"name":"Wodzisław Śląski, Karkoszka Krzyż","lines":"W53","arr":["W53"],"terminus":0,"mode":"bus","color":"#0059a9","colorDark":"#00294f","angle":54.1,"snapDist":6,"label":1}},{"type":"Feature","geometry":{"type":"Point","coordinates":[18.424546,49.992314]},"properties":{"name":"Wodzisław Śląski, Karkoszka Skrzyżowanie","lines":"W53","arr":["W53"],"terminus":0,"mode":"bus","color":"#0059a9","colorDark":"#00294f","angle":98.1,"snapDist":11,"label":1}},{"type":"Feature","geometry":{"type":"Point","coordinates":[18.432649,49.996422]},"properties":{"name":"Wodzisław Śląski, Rogowska Słowiańska","lines":"W53","arr":["W53"],"terminus":0,"mode":"bus","color":"#0059a9","colorDark":"#00294f","angle":188.2,"snapDist":5,"label":1}},{"type":"Feature","geometry":{"type":"Point","coordinates":[18.437347,49.998991]},"properties":{"name":"Wodzisław Śląski, Rogowska Cmentarz","lines":"W53","arr":["W53"],"terminus":0,"mode":"bus","color":"#0059a9","colorDark":"#00294f","angle":130.3,"snapDist":9,"label":1}},{"type":"Feature","geometry":{"type":"Point","coordinates":[18.438075,50.001482]},"properties":{"name":"Wodzisław Śląski, KS. A. Roboty Szkoła","lines":"W53","arr":["W53"],"terminus":0,"mode":"bus","color":"#0059a9","colorDark":"#00294f","angle":75.2,"snapDist":3,"label":1}},{"type":"Feature","geometry":{"type":"Point","coordinates":[18.42679,50.067802]},"properties":{"name":"Rydułtowy, PKP","lines":"W59","arr":["W59"],"terminus":1,"mode":"bus","color":"#0059a9","colorDark":"#00294f","angle":218.2,"snapDist":2,"label":1}},{"type":"Feature","geometry":{"type":"Point","coordinates":[18.425463,50.065539]},"properties":{"name":"Rydułtowy, Ofiar Terroru","lines":"W59","arr":["W59"],"terminus":0,"mode":"bus","color":"#0059a9","colorDark":"#00294f","angle":326,"snapDist":5,"label":1}},{"type":"Feature","geometry":{"type":"Point","coordinates":[18.415867,50.056962]},"properties":{"name":"Rydułtowy, Rynek","lines":"W59","arr":["W59"],"terminus":0,"mode":"bus","color":"#0059a9","colorDark":"#00294f","angle":145.1,"snapDist":16,"label":1}},{"type":"Feature","geometry":{"type":"Point","coordinates":[18.423691,50.059426]},"properties":{"name":"Rydułtowy, Plebiscytowa Szpital","lines":"W59","arr":["W59"],"terminus":0,"mode":"bus","color":"#0059a9","colorDark":"#00294f","angle":140.6,"snapDist":7,"label":1}},{"type":"Feature","geometry":{"type":"Point","coordinates":[18.433055,50.056023]},"properties":{"name":"Rydułtowy, Bohaterów Warszawy Orlovska","lines":"W59","arr":["W59"],"terminus":0,"mode":"bus","color":"#0059a9","colorDark":"#00294f","angle":218.6,"snapDist":7,"label":1}},{"type":"Feature","geometry":{"type":"Point","coordinates":[18.443585,50.053086]},"properties":{"name":"Rydułtowy, Bohaterów Warszawy Cegielnia","lines":"W59","arr":["W59"],"terminus":0,"mode":"bus","color":"#0059a9","colorDark":"#00294f","angle":196.6,"snapDist":9,"label":1}},{"type":"Feature","geometry":{"type":"Point","coordinates":[18.451581,50.053724]},"properties":{"name":"Radlin, Rydułtowska Reden Górka","lines":"W59","arr":["W59"],"terminus":0,"mode":"bus","color":"#0059a9","colorDark":"#00294f","angle":166.1,"snapDist":9,"label":1}},{"type":"Feature","geometry":{"type":"Point","coordinates":[18.462115,50.054459]},"properties":{"name":"Radlin, Rydułtowska Reden","lines":"W59","arr":["W59"],"terminus":0,"mode":"bus","color":"#0059a9","colorDark":"#00294f","angle":164.1,"snapDist":9,"label":1}},{"type":"Feature","geometry":{"type":"Point","coordinates":[18.467792,50.055506]},"properties":{"name":"Radlin, Rydułtowska Sokolnia","lines":"W59","arr":["W59"],"terminus":0,"mode":"bus","color":"#0059a9","colorDark":"#00294f","angle":164.3,"snapDist":10,"label":1}},{"type":"Feature","geometry":{"type":"Point","coordinates":[18.474754,50.049891]},"properties":{"name":"Radlin, Korfantego Centrum","lines":"W59","arr":["W59"],"terminus":0,"mode":"bus","color":"#0059a9","colorDark":"#00294f","angle":209.9,"snapDist":9,"label":1}},{"type":"Feature","geometry":{"type":"Point","coordinates":[18.463535,50.047534]},"properties":{"name":"Radlin, Rymera Kasztanowa","lines":"W59","arr":["W59"],"terminus":0,"mode":"bus","color":"#0059a9","colorDark":"#00294f","angle":353.3,"snapDist":3,"label":1}},{"type":"Feature","geometry":{"type":"Point","coordinates":[18.45822,50.041725]},"properties":{"name":"Radlin, Kominka Osiedle","lines":"W59","arr":["W59"],"terminus":0,"mode":"bus","color":"#0059a9","colorDark":"#00294f","angle":245.7,"snapDist":9,"label":1}},{"type":"Feature","geometry":{"type":"Point","coordinates":[18.46134,50.03158]},"properties":{"name":"Wodzisław Śląski, Kominka","lines":"W59","arr":["W59"],"terminus":0,"mode":"bus","color":"#0059a9","colorDark":"#00294f","angle":282.7,"snapDist":5,"label":1}},{"type":"Feature","geometry":{"type":"Point","coordinates":[18.451098,50.004763]},"properties":{"name":"Wodzisław Śląski, Pszowska Partyzantów","lines":"W59","arr":["W59"],"terminus":0,"mode":"bus","color":"#0059a9","colorDark":"#00294f","angle":211.2,"snapDist":12,"label":1}},{"type":"Feature","geometry":{"type":"Point","coordinates":[18.514132,49.981561]},"properties":{"name":"Mszana, Wodzisławska Uchytów","lines":"W59","arr":["W59"],"terminus":0,"mode":"bus","color":"#0059a9","colorDark":"#00294f","angle":228.4,"snapDist":7,"label":1}},{"type":"Feature","geometry":{"type":"Point","coordinates":[18.525579,49.976595]},"properties":{"name":"Mszana, Wodzisławska Boisko","lines":"W59","arr":["W59"],"terminus":0,"mode":"bus","color":"#0059a9","colorDark":"#00294f","angle":193.4,"snapDist":12,"label":1}},{"type":"Feature","geometry":{"type":"Point","coordinates":[18.545079,49.967191]},"properties":{"name":"Mszana, Wodzisławska Skrzyżowanie","lines":"W59","arr":["W59"],"terminus":1,"mode":"bus","color":"#0059a9","colorDark":"#00294f","angle":212.2,"snapDist":9,"label":1}},{"type":"Feature","geometry":{"type":"Point","coordinates":[18.545402,49.95732]},"properties":{"name":"Mszana, Moszczeńska Mszańskie Granice","lines":"W59","arr":["W59"],"terminus":1,"mode":"bus","color":"#0059a9","colorDark":"#00294f","angle":277.9,"snapDist":0,"label":1}},{"type":"Feature","geometry":{"type":"Point","coordinates":[18.544484,49.967434]},"properties":{"name":"Mszana, Wodzisławska Skrzyżowanie","lines":"W59","arr":["W59"],"terminus":0,"mode":"bus","color":"#0059a9","colorDark":"#00294f","angle":32.8,"snapDist":3,"label":0}},{"type":"Feature","geometry":{"type":"Point","coordinates":[18.525234,49.976648]},"properties":{"name":"Mszana, Wodzisławska Boisko","lines":"W59","arr":["W59"],"terminus":0,"mode":"bus","color":"#0059a9","colorDark":"#00294f","angle":13.4,"snapDist":5,"label":0}},{"type":"Feature","geometry":{"type":"Point","coordinates":[18.513259,49.982185]},"properties":{"name":"Mszana, Wodzisławska Uchytów","lines":"W59","arr":["W59"],"terminus":0,"mode":"bus","color":"#0059a9","colorDark":"#00294f","angle":48.5,"snapDist":6,"label":0}},{"type":"Feature","geometry":{"type":"Point","coordinates":[18.450944,50.004823]},"properties":{"name":"Wodzisław Śląski, Pszowska Partyzantów","lines":"W59","arr":["W59"],"terminus":0,"mode":"bus","color":"#0059a9","colorDark":"#00294f","angle":31.2,"snapDist":4,"label":0}},{"type":"Feature","geometry":{"type":"Point","coordinates":[18.461303,50.031475]},"properties":{"name":"Wodzisław Śląski, Kominka","lines":"W59","arr":["W59"],"terminus":0,"mode":"bus","color":"#0059a9","colorDark":"#00294f","angle":102.7,"snapDist":8,"label":0}},{"type":"Feature","geometry":{"type":"Point","coordinates":[18.458197,50.041758]},"properties":{"name":"Radlin, Kominka Osiedle","lines":"W59","arr":["W59"],"terminus":0,"mode":"bus","color":"#0059a9","colorDark":"#00294f","angle":65.7,"snapDist":3,"label":0}},{"type":"Feature","geometry":{"type":"Point","coordinates":[18.465062,50.047642]},"properties":{"name":"Radlin, Rymera Kasztanowa","lines":"W59","arr":["W59"],"terminus":0,"mode":"bus","color":"#0059a9","colorDark":"#00294f","angle":172.9,"snapDist":10,"label":0}},{"type":"Feature","geometry":{"type":"Point","coordinates":[18.475559,50.049594]},"properties":{"name":"Radlin, Korfantego Centrum","lines":"W59","arr":["W59"],"terminus":0,"mode":"bus","color":"#0059a9","colorDark":"#00294f","angle":29.7,"snapDist":6,"label":0}},{"type":"Feature","geometry":{"type":"Point","coordinates":[18.467969,50.055537]},"properties":{"name":"Radlin, Rydułtowska Sokolnia","lines":"W59","arr":["W59"],"terminus":0,"mode":"bus","color":"#0059a9","colorDark":"#00294f","angle":344.3,"snapDist":5,"label":0}},{"type":"Feature","geometry":{"type":"Point","coordinates":[18.462324,50.054498]},"properties":{"name":"Radlin, Rydułtowska Reden","lines":"W59","arr":["W59"],"terminus":0,"mode":"bus","color":"#0059a9","colorDark":"#00294f","angle":344.1,"snapDist":4,"label":0}},{"type":"Feature","geometry":{"type":"Point","coordinates":[18.452556,50.053882]},"properties":{"name":"Radlin, Rydułtowska Reden Górka","lines":"W59","arr":["W59"],"terminus":0,"mode":"bus","color":"#0059a9","colorDark":"#00294f","angle":345,"snapDist":4,"label":0}},{"type":"Feature","geometry":{"type":"Point","coordinates":[18.443616,50.05308]},"properties":{"name":"Rydułtowy, Bohaterów Warszawy Cegielnia","lines":"W59","arr":["W59"],"terminus":0,"mode":"bus","color":"#0059a9","colorDark":"#00294f","angle":16.6,"snapDist":3,"label":0}},{"type":"Feature","geometry":{"type":"Point","coordinates":[18.43347,50.05581]},"properties":{"name":"Rydułtowy, Bohaterów Warszawy Orlovska","lines":"W59","arr":["W59"],"terminus":0,"mode":"bus","color":"#0059a9","colorDark":"#00294f","angle":38.6,"snapDist":6,"label":0}},{"type":"Feature","geometry":{"type":"Point","coordinates":[18.423618,50.059388]},"properties":{"name":"Rydułtowy, Plebiscytowa Szpital","lines":"W59","arr":["W59"],"terminus":0,"mode":"bus","color":"#0059a9","colorDark":"#00294f","angle":320.6,"snapDist":3,"label":0}},{"type":"Feature","geometry":{"type":"Point","coordinates":[18.424501,50.065175]},"properties":{"name":"Rydułtowy, Ofiar Terroru","lines":"W59","arr":["W59"],"terminus":0,"mode":"bus","color":"#0059a9","colorDark":"#00294f","angle":154.2,"snapDist":13,"label":0}},{"type":"Feature","geometry":{"type":"Point","coordinates":[18.464366,50.000872]},"properties":{"name":"Wodzisław Dworzec Autobusowy","lines":"201, 204, 207, 210, W09, W10, W11","arr":["201","204","207","210","W09","W10","W11"],"terminus":1,"mode":"bus","color":"#0059a9","colorDark":"#00294f","angle":4.3,"snapDist":6,"label":1}},{"type":"Feature","geometry":{"type":"Point","coordinates":[18.451208,50.00472]},"properties":{"name":"Partyzantów","lines":"201, 204, 207, 210","arr":["201","204","207","210"],"terminus":0,"mode":"bus","color":"#0059a9","colorDark":"#00294f","angle":31.2,"snapDist":20,"label":1}},{"type":"Feature","geometry":{"type":"Point","coordinates":[18.448342,50.006696]},"properties":{"name":"Matuszczyka Skrzyżowanie","lines":"201, 207, 210","arr":["201","207","210"],"terminus":0,"mode":"bus","color":"#0059a9","colorDark":"#00294f","angle":146.6,"snapDist":9,"label":1}},{"type":"Feature","geometry":{"type":"Point","coordinates":[18.457949,50.009213]},"properties":{"name":"Matuszczyka XXX-lecia","lines":"201, 207, 210","arr":["201","207","210"],"terminus":0,"mode":"bus","color":"#0059a9","colorDark":"#00294f","angle":158.5,"snapDist":10,"label":1}},{"type":"Feature","geometry":{"type":"Point","coordinates":[18.462553,50.010339]},"properties":{"name":"Wodzisław 26 Marca Szpital","lines":"201, 205, 206, 207, 210","arr":["201","205","206","207","210"],"terminus":0,"mode":"bus","color":"#0059a9","colorDark":"#00294f","angle":160.3,"snapDist":6,"label":1}},{"type":"Feature","geometry":{"type":"Point","coordinates":[18.469063,50.010175]},"properties":{"name":"Wodzisław 26 Marca Szkoła","lines":"201, 202, 205, 206, 207, 210","arr":["201","202","205","206","207","210"],"terminus":0,"mode":"bus","color":"#0059a9","colorDark":"#00294f","angle":202.7,"snapDist":1,"label":1}},{"type":"Feature","geometry":{"type":"Point","coordinates":[18.475211,50.00844]},"properties":{"name":"Wodzisław Dworzec Kolejowy","lines":"201, 203, 208, 209, W10","arr":["201","203","208","209","W10"],"terminus":0,"mode":"bus","color":"#0059a9","colorDark":"#00294f","angle":109.6,"snapDist":7,"label":1}},{"type":"Feature","geometry":{"type":"Point","coordinates":[18.476638,50.014653]},"properties":{"name":"Wodzisław Radlińskie Chałupki","lines":"201, 203, W10","arr":["201","203","W10"],"terminus":0,"mode":"bus","color":"#0059a9","colorDark":"#00294f","angle":116,"snapDist":6,"label":1}},{"type":"Feature","geometry":{"type":"Point","coordinates":[18.479429,50.018315]},"properties":{"name":"Wodzisław Rybnicka Chrobrego","lines":"201, 203, W10","arr":["201","203","W10"],"terminus":0,"mode":"bus","color":"#0059a9","colorDark":"#00294f","angle":115.8,"snapDist":6,"label":1}},{"type":"Feature","geometry":{"type":"Point","coordinates":[18.483741,50.024006]},"properties":{"name":"Radlin Piekarnia","lines":"201, 203, W10","arr":["201","203","W10"],"terminus":0,"mode":"bus","color":"#0059a9","colorDark":"#00294f","angle":115.3,"snapDist":1,"label":1}},{"type":"Feature","geometry":{"type":"Point","coordinates":[18.48754,50.029009]},"properties":{"name":"Radlin Osiedle","lines":"201, 203, W10","arr":["201","203","W10"],"terminus":0,"mode":"bus","color":"#0059a9","colorDark":"#00294f","angle":115.9,"snapDist":2,"label":1}},{"type":"Feature","geometry":{"type":"Point","coordinates":[18.492385,50.035362]},"properties":{"name":"Obszary PKP","lines":"201, 202, 203, W10","arr":["201","202","203","W10"],"terminus":0,"mode":"bus","color":"#0059a9","colorDark":"#00294f","angle":115.7,"snapDist":2,"label":1}},{"type":"Feature","geometry":{"type":"Point","coordinates":[18.487905,50.041794]},"properties":{"name":"Radlin Korfantego KWK Marcel","lines":"201, 207, 209, 210","arr":["201","207","209","210"],"terminus":1,"mode":"bus","color":"#0059a9","colorDark":"#00294f","angle":55.9,"snapDist":15,"label":1}},{"type":"Feature","geometry":{"type":"Point","coordinates":[18.483469,50.045957]},"properties":{"name":"Radlin Korfantego- Makuszyńskiego","lines":"201, 202, 207, 209, 210","arr":["201","202","207","209","210"],"terminus":0,"mode":"bus","color":"#0059a9","colorDark":"#00294f","angle":56,"snapDist":3,"label":1}},{"type":"Feature","geometry":{"type":"Point","coordinates":[18.475671,50.049553]},"properties":{"name":"Radlin Korfantego Centrum","lines":"201, 203, 207, 209, 210","arr":["201","203","207","209","210"],"terminus":1,"mode":"bus","color":"#0059a9","colorDark":"#00294f","angle":29.7,"snapDist":2,"label":1}},{"type":"Feature","geometry":{"type":"Point","coordinates":[18.464133,50.047572]},"properties":{"name":"Radlin Rymera Piekarnia","lines":"201, 202, 203","arr":["201","202","203"],"terminus":0,"mode":"bus","color":"#0059a9","colorDark":"#00294f","angle":174.4,"snapDist":2,"label":1}},{"type":"Feature","geometry":{"type":"Point","coordinates":[18.453441,50.047605]},"properties":{"name":"Radlin Domeyki","lines":"201, 205, 206, 210","arr":["201","205","206","210"],"terminus":0,"mode":"bus","color":"#0059a9","colorDark":"#00294f","angle":51.6,"snapDist":10,"label":1}},{"type":"Feature","geometry":{"type":"Point","coordinates":[18.443759,50.053062]},"properties":{"name":"Bohaterów Warszawy Cegielnia","lines":"201, 205, 206, 207","arr":["201","205","206","207"],"terminus":0,"mode":"bus","color":"#0059a9","colorDark":"#00294f","angle":8.6,"snapDist":25,"label":1}},{"type":"Feature","geometry":{"type":"Point","coordinates":[18.433091,50.056004]},"properties":{"name":"Bohaterów Warszawy Orlovska","lines":"201, 205, 206, 207","arr":["201","205","206","207"],"terminus":0,"mode":"bus","color":"#0059a9","colorDark":"#00294f","angle":38.6,"snapDist":19,"label":1}},{"type":"Feature","geometry":{"type":"Point","coordinates":[18.423367,50.059255]},"properties":{"name":"Rydułtowy Plebiscytowa Szpital","lines":"201, 204, 205, 206, 207","arr":["201","204","205","206","207"],"terminus":0,"mode":"bus","color":"#0059a9","colorDark":"#00294f","angle":320.6,"snapDist":32,"label":0}},{"type":"Feature","geometry":{"type":"Point","coordinates":[18.415708,50.056891]},"properties":{"name":"Rydułtowy Rynek","lines":"201, 204, 205, 206","arr":["201","204","205","206"],"terminus":0,"mode":"bus","color":"#0059a9","colorDark":"#00294f","angle":145.1,"snapDist":1,"label":0}},{"type":"Feature","geometry":{"type":"Point","coordinates":[18.408112,50.057904]},"properties":{"name":"Rydułtowy Krzyżkowicka Orzechowa","lines":"201","arr":["201"],"terminus":0,"mode":"bus","color":"#0059a9","colorDark":"#00294f","angle":6.1,"snapDist":5,"label":1}},{"type":"Feature","geometry":{"type":"Point","coordinates":[18.39967,50.059088]},"properties":{"name":"Pszów Krzyżkowicka Jesionowa","lines":"201, 202","arr":["201","202"],"terminus":0,"mode":"bus","color":"#0059a9","colorDark":"#00294f","angle":45.4,"snapDist":5,"label":1}},{"type":"Feature","geometry":{"type":"Point","coordinates":[18.386516,50.054898]},"properties":{"name":"Pszów Ar. Krajowej","lines":"201","arr":["201"],"terminus":0,"mode":"bus","color":"#0059a9","colorDark":"#00294f","angle":335.2,"snapDist":11,"label":1}},{"type":"Feature","geometry":{"type":"Point","coordinates":[18.380603,50.052596]},"properties":{"name":"Krzyżkowice Skrzyżowanie","lines":"201, 203","arr":["201","203"],"terminus":0,"mode":"bus","color":"#0059a9","colorDark":"#00294f","angle":232.2,"snapDist":2,"label":1}},{"type":"Feature","geometry":{"type":"Point","coordinates":[18.38833,50.044986]},"properties":{"name":"Pszów Wiadukt","lines":"201, 203","arr":["201","203"],"terminus":0,"mode":"bus","color":"#0059a9","colorDark":"#00294f","angle":261.8,"snapDist":5,"label":1}},{"type":"Feature","geometry":{"type":"Point","coordinates":[18.394137,50.040465]},"properties":{"name":"Pszów Bazylika","lines":"201, 203","arr":["201","203"],"terminus":0,"mode":"bus","color":"#0059a9","colorDark":"#00294f","angle":261.7,"snapDist":4,"label":1}},{"type":"Feature","geometry":{"type":"Point","coordinates":[18.39782,50.040456]},"properties":{"name":"Pszów Dworzec Autobusowy","lines":"201, 202, 203, 204, 210","arr":["201","202","203","204","210"],"terminus":0,"mode":"bus","color":"#0059a9","colorDark":"#00294f","angle":164,"snapDist":5,"label":1}},{"type":"Feature","geometry":{"type":"Point","coordinates":[18.398149,50.033469]},"properties":{"name":"Pszów I","lines":"201, 204, 210","arr":["201","204","210"],"terminus":0,"mode":"bus","color":"#0059a9","colorDark":"#00294f","angle":239.4,"snapDist":11,"label":1}},{"type":"Feature","geometry":{"type":"Point","coordinates":[18.402844,50.026777]},"properties":{"name":"Pszów Kiosk","lines":"201, 204, 210","arr":["201","204","210"],"terminus":0,"mode":"bus","color":"#0059a9","colorDark":"#00294f","angle":244.9,"snapDist":12,"label":1}},{"type":"Feature","geometry":{"type":"Point","coordinates":[18.407478,50.021563]},"properties":{"name":"Pszowska Stawki","lines":"201, 204, 210","arr":["201","204","210"],"terminus":0,"mode":"bus","color":"#0059a9","colorDark":"#00294f","angle":241.1,"snapDist":15,"label":1}},{"type":"Feature","geometry":{"type":"Point","coordinates":[18.417824,50.013453]},"properties":{"name":"Kokoszyce Kościół","lines":"201, 204, 210","arr":["201","204","210"],"terminus":0,"mode":"bus","color":"#0059a9","colorDark":"#00294f","angle":208.8,"snapDist":8,"label":1}},{"type":"Feature","geometry":{"type":"Point","coordinates":[18.432178,50.012256]},"properties":{"name":"Jedłownik Osiedle","lines":"201, 204, 210","arr":["201","204","210"],"terminus":0,"mode":"bus","color":"#0059a9","colorDark":"#00294f","angle":178,"snapDist":4,"label":1}},{"type":"Feature","geometry":{"type":"Point","coordinates":[18.444074,50.008222]},"properties":{"name":"Dąbrówki Osiedle","lines":"201, 204, 210","arr":["201","204","210"],"terminus":0,"mode":"bus","color":"#0059a9","colorDark":"#00294f","angle":221.4,"snapDist":5,"label":1}},{"type":"Feature","geometry":{"type":"Point","coordinates":[18.4688,50.01022]},"properties":{"name":"Wodzisław 26 Marca Szkoła","lines":"201","arr":["201"],"terminus":0,"mode":"bus","color":"#0059a9","colorDark":"#00294f","angle":189.3,"snapDist":5,"label":0}},{"type":"Feature","geometry":{"type":"Point","coordinates":[18.474164,50.006848]},"properties":{"name":"Wodzisław Dworzec Kolejowy","lines":"201, 203, 205, 206, 207, 208, 209, 210, W10","arr":["201","203","205","206","207","208","209","210","W10"],"terminus":0,"mode":"bus","color":"#0059a9","colorDark":"#00294f","angle":293.4,"snapDist":3,"label":0}},{"type":"Feature","geometry":{"type":"Point","coordinates":[18.46508,50.000833]},"properties":{"name":"Wodzisław Dworzec Autobusowy","lines":"202, 203, 205, 206, 208, 209, 210, W10","arr":["202","203","205","206","208","209","210","W10"],"terminus":1,"mode":"bus","color":"#0059a9","colorDark":"#00294f","angle":5.7,"snapDist":0,"label":0}},{"type":"Feature","geometry":{"type":"Point","coordinates":[18.47391,50.007602]},"properties":{"name":"Wodzisław Jana Pawła II","lines":"202, 205, 206, 207","arr":["202","205","206","207"],"terminus":0,"mode":"bus","color":"#0059a9","colorDark":"#00294f","angle":354.1,"snapDist":0,"label":1}},{"type":"Feature","geometry":{"type":"Point","coordinates":[18.461985,50.01029]},"properties":{"name":"Wodzisław 26 Marca Szpital","lines":"202, 205, 206, 207","arr":["202","205","206","207"],"terminus":0,"mode":"bus","color":"#0059a9","colorDark":"#00294f","angle":339.3,"snapDist":7,"label":0}},{"type":"Feature","geometry":{"type":"Point","coordinates":[18.458165,50.009372]},"properties":{"name":"Matuszczyka XXX-lecia","lines":"202, 207","arr":["202","207"],"terminus":0,"mode":"bus","color":"#0059a9","colorDark":"#00294f","angle":338.7,"snapDist":7,"label":0}},{"type":"Feature","geometry":{"type":"Point","coordinates":[18.448295,50.006804]},"properties":{"name":"Matuszczyka Skrzyżowanie","lines":"202, 207","arr":["202","207"],"terminus":0,"mode":"bus","color":"#0059a9","colorDark":"#00294f","angle":332.8,"snapDist":7,"label":0}},{"type":"Feature","geometry":{"type":"Point","coordinates":[18.443837,50.008356]},"properties":{"name":"Dąbrówki Osiedle","lines":"202, 204, 210","arr":["202","204","210"],"terminus":0,"mode":"bus","color":"#0059a9","colorDark":"#00294f","angle":41.2,"snapDist":8,"label":0}},{"type":"Feature","geometry":{"type":"Point","coordinates":[18.431402,50.012239]},"properties":{"name":"Jedłownik Osiedle","lines":"202, 204, 210","arr":["202","204","210"],"terminus":0,"mode":"bus","color":"#0059a9","colorDark":"#00294f","angle":358,"snapDist":5,"label":0}},{"type":"Feature","geometry":{"type":"Point","coordinates":[18.416387,50.01397]},"properties":{"name":"Kokoszyce Kościół","lines":"202, 204, 210","arr":["202","204","210"],"terminus":0,"mode":"bus","color":"#0059a9","colorDark":"#00294f","angle":29.2,"snapDist":8,"label":0}},{"type":"Feature","geometry":{"type":"Point","coordinates":[18.407457,50.021588]},"properties":{"name":"Pszowska Stawki","lines":"202, 204, 210","arr":["202","204","210"],"terminus":0,"mode":"bus","color":"#0059a9","colorDark":"#00294f","angle":61.1,"snapDist":30,"label":0}},{"type":"Feature","geometry":{"type":"Point","coordinates":[18.403151,50.026392]},"properties":{"name":"Pszów Kiosk","lines":"202, 204, 210","arr":["202","204","210"],"terminus":0,"mode":"bus","color":"#0059a9","colorDark":"#00294f","angle":60.5,"snapDist":4,"label":0}},{"type":"Feature","geometry":{"type":"Point","coordinates":[18.398249,50.033361]},"properties":{"name":"Pszów I","lines":"202, 204, 210","arr":["202","204","210"],"terminus":0,"mode":"bus","color":"#0059a9","colorDark":"#00294f","angle":59.4,"snapDist":39,"label":0}},{"type":"Feature","geometry":{"type":"Point","coordinates":[18.388183,50.04646]},"properties":{"name":"Pszów Wiadukt","lines":"202, 203","arr":["202","203"],"terminus":0,"mode":"bus","color":"#0059a9","colorDark":"#00294f","angle":94.4,"snapDist":0,"label":0}},{"type":"Feature","geometry":{"type":"Point","coordinates":[18.381059,50.052219]},"properties":{"name":"Krzyżkowice Skrzyżowanie","lines":"202, 203","arr":["202","203"],"terminus":0,"mode":"bus","color":"#0059a9","colorDark":"#00294f","angle":52.7,"snapDist":4,"label":0}},{"type":"Feature","geometry":{"type":"Point","coordinates":[18.386545,50.054907]},"properties":{"name":"Pszów Ar. Krajowej","lines":"202","arr":["202"],"terminus":0,"mode":"bus","color":"#0059a9","colorDark":"#00294f","angle":155.2,"snapDist":18,"label":0}},{"type":"Feature","geometry":{"type":"Point","coordinates":[18.408277,50.057892]},"properties":{"name":"Rydułtowy Krzyżkowicka Orzechowa","lines":"202","arr":["202"],"terminus":0,"mode":"bus","color":"#0059a9","colorDark":"#00294f","angle":186.1,"snapDist":32,"label":0}},{"type":"Feature","geometry":{"type":"Point","coordinates":[18.416017,50.057042]},"properties":{"name":"Rydułtowy Rynek","lines":"202, 204, 205, 206, 207","arr":["202","204","205","206","207"],"terminus":1,"mode":"bus","color":"#0059a9","colorDark":"#00294f","angle":55.7,"snapDist":5,"label":0}},{"type":"Feature","geometry":{"type":"Point","coordinates":[18.423538,50.059345]},"properties":{"name":"Rydułtowy Plebiscytowa Szpital","lines":"202, 204, 205, 206, 207","arr":["202","204","205","206","207"],"terminus":0,"mode":"bus","color":"#0059a9","colorDark":"#00294f","angle":140.6,"snapDist":4,"label":0}},{"type":"Feature","geometry":{"type":"Point","coordinates":[18.433082,50.056009]},"properties":{"name":"Bohaterów Warszawy Orlovska","lines":"202, 205, 206, 207","arr":["202","205","206","207"],"terminus":0,"mode":"bus","color":"#0059a9","colorDark":"#00294f","angle":218.6,"snapDist":25,"label":0}},{"type":"Feature","geometry":{"type":"Point","coordinates":[18.44364,50.053075]},"properties":{"name":"Bohaterów Warszawy Cegielnia","lines":"202, 205, 206, 207","arr":["202","205","206","207"],"terminus":0,"mode":"bus","color":"#0059a9","colorDark":"#00294f","angle":196.6,"snapDist":8,"label":0}},{"type":"Feature","geometry":{"type":"Point","coordinates":[18.453581,50.047492]},"properties":{"name":"Radlin Domeyki","lines":"202, 205, 206, 210","arr":["202","205","206","210"],"terminus":0,"mode":"bus","color":"#0059a9","colorDark":"#00294f","angle":231.6,"snapDist":15,"label":0}},{"type":"Feature","geometry":{"type":"Point","coordinates":[18.474919,50.04983]},"properties":{"name":"Radlin Korfantego Centrum","lines":"202, 203, 207, 209, 210","arr":["202","203","207","209","210"],"terminus":0,"mode":"bus","color":"#0059a9","colorDark":"#00294f","angle":209.9,"snapDist":1,"label":0}},{"type":"Feature","geometry":{"type":"Point","coordinates":[18.486969,50.042677]},"properties":{"name":"Radlin Korfantego KWK Marcel","lines":"202, 207, 209, 210","arr":["202","207","209","210"],"terminus":1,"mode":"bus","color":"#0059a9","colorDark":"#00294f","angle":235.7,"snapDist":3,"label":0}},{"type":"Feature","geometry":{"type":"Point","coordinates":[18.487917,50.029508]},"properties":{"name":"Radlin Osiedle","lines":"202, 203, W10","arr":["202","203","W10"],"terminus":0,"mode":"bus","color":"#0059a9","colorDark":"#00294f","angle":295.9,"snapDist":1,"label":0}},{"type":"Feature","geometry":{"type":"Point","coordinates":[18.484023,50.02438]},"properties":{"name":"Radlin Piekarnia","lines":"202, 203, W10","arr":["202","203","W10"],"terminus":0,"mode":"bus","color":"#0059a9","colorDark":"#00294f","angle":296.1,"snapDist":5,"label":0}},{"type":"Feature","geometry":{"type":"Point","coordinates":[18.479704,50.018688]},"properties":{"name":"Wodzisław Rybnicka Chrobrego","lines":"202, 203, W10","arr":["202","203","W10"],"terminus":0,"mode":"bus","color":"#0059a9","colorDark":"#00294f","angle":294.8,"snapDist":6,"label":0}},{"type":"Feature","geometry":{"type":"Point","coordinates":[18.476,50.013815]},"properties":{"name":"Wodzisław Radlińskie Chałupki","lines":"202, 203, W10","arr":["202","203","W10"],"terminus":0,"mode":"bus","color":"#0059a9","colorDark":"#00294f","angle":295.9,"snapDist":6,"label":0}},{"type":"Feature","geometry":{"type":"Point","coordinates":[18.472124,50.007647]},"properties":{"name":"Wodzisław Jana Pawła II","lines":"202","arr":["202"],"terminus":0,"mode":"bus","color":"#0059a9","colorDark":"#00294f","angle":3.2,"snapDist":7,"label":0}},{"type":"Feature","geometry":{"type":"Point","coordinates":[18.451121,50.004754]},"properties":{"name":"Partyzantów","lines":"202, 204, 207","arr":["202","204","207"],"terminus":0,"mode":"bus","color":"#0059a9","colorDark":"#00294f","angle":211.2,"snapDist":30,"label":0}},{"type":"Feature","geometry":{"type":"Point","coordinates":[18.45901,50.000706]},"properties":{"name":"Wodzisław Urząd Miasta","lines":"202, 204, 207","arr":["202","204","207"],"terminus":0,"mode":"bus","color":"#0059a9","colorDark":"#00294f","angle":196.3,"snapDist":8,"label":1}},{"type":"Feature","geometry":{"type":"Point","coordinates":[18.364326,50.058786]},"properties":{"name":"Krzyżkowice Działki","lines":"203","arr":["203"],"terminus":1,"mode":"bus","color":"#0059a9","colorDark":"#00294f","angle":32.7,"snapDist":1,"label":1}},{"type":"Feature","geometry":{"type":"Point","coordinates":[18.371896,50.055737]},"properties":{"name":"Krzyżkowice Sklep","lines":"203","arr":["203"],"terminus":0,"mode":"bus","color":"#0059a9","colorDark":"#00294f","angle":211.8,"snapDist":1,"label":1}},{"type":"Feature","geometry":{"type":"Point","coordinates":[18.38772,50.046616]},"properties":{"name":"Pszów K. Miarki Skwary","lines":"203","arr":["203"],"terminus":0,"mode":"bus","color":"#0059a9","colorDark":"#00294f","angle":113.2,"snapDist":2,"label":1}},{"type":"Feature","geometry":{"type":"Point","coordinates":[18.380938,50.043245]},"properties":{"name":"Pszów K. Miarki Fornalskiej","lines":"203","arr":["203"],"terminus":0,"mode":"bus","color":"#0059a9","colorDark":"#00294f","angle":322.8,"snapDist":17,"label":1}},{"type":"Feature","geometry":{"type":"Point","coordinates":[18.371113,50.038005]},"properties":{"name":"Pszów K. Miarki Kaplica","lines":"203","arr":["203"],"terminus":0,"mode":"bus","color":"#0059a9","colorDark":"#00294f","angle":334.4,"snapDist":20,"label":1}},{"type":"Feature","geometry":{"type":"Point","coordinates":[18.365745,50.036232]},"properties":{"name":"Pszów Staffa","lines":"203","arr":["203"],"terminus":0,"mode":"bus","color":"#0059a9","colorDark":"#00294f","angle":256.1,"snapDist":7,"label":1}},{"type":"Feature","geometry":{"type":"Point","coordinates":[18.371024,50.037977]},"properties":{"name":"Pszów K. Miarki Kaplica","lines":"203","arr":["203"],"terminus":0,"mode":"bus","color":"#0059a9","colorDark":"#00294f","angle":152.8,"snapDist":20,"label":0}},{"type":"Feature","geometry":{"type":"Point","coordinates":[18.380954,50.043252]},"properties":{"name":"Pszów K. Miarki Fornalskiej","lines":"203","arr":["203"],"terminus":0,"mode":"bus","color":"#0059a9","colorDark":"#00294f","angle":142.8,"snapDist":18,"label":0}},{"type":"Feature","geometry":{"type":"Point","coordinates":[18.403336,50.041916]},"properties":{"name":"Pszów Traugutta ZSZ","lines":"203, 204, 210","arr":["203","204","210"],"terminus":0,"mode":"bus","color":"#0059a9","colorDark":"#00294f","angle":128.6,"snapDist":4,"label":0}},{"type":"Feature","geometry":{"type":"Point","coordinates":[18.420806,50.042647]},"properties":{"name":"Pszów Kraszewskiego","lines":"203, 210","arr":["203","210"],"terminus":0,"mode":"bus","color":"#0059a9","colorDark":"#00294f","angle":38.1,"snapDist":0,"label":1}},{"type":"Feature","geometry":{"type":"Point","coordinates":[18.428819,50.041422]},"properties":{"name":"Radlin Rymera Chrobrego","lines":"203, 210","arr":["203","210"],"terminus":0,"mode":"bus","color":"#0059a9","colorDark":"#00294f","angle":159.5,"snapDist":0,"label":1}},{"type":"Feature","geometry":{"type":"Point","coordinates":[18.436716,50.043314]},"properties":{"name":"Radlin Rymera Głożyńska","lines":"203, 210","arr":["203","210"],"terminus":0,"mode":"bus","color":"#0059a9","colorDark":"#00294f","angle":159.3,"snapDist":3,"label":1}},{"type":"Feature","geometry":{"type":"Point","coordinates":[18.44521,50.045392]},"properties":{"name":"Radlin Rymera Kościół","lines":"203, 210","arr":["203","210"],"terminus":0,"mode":"bus","color":"#0059a9","colorDark":"#00294f","angle":157.7,"snapDist":4,"label":1}},{"type":"Feature","geometry":{"type":"Point","coordinates":[18.451131,50.046746]},"properties":{"name":"Radlin Rymera Szkoła nr 3","lines":"203, 210","arr":["203","210"],"terminus":0,"mode":"bus","color":"#0059a9","colorDark":"#00294f","angle":184.4,"snapDist":1,"label":1}},{"type":"Feature","geometry":{"type":"Point","coordinates":[18.482605,50.048409]},"properties":{"name":"Radlin Miasteczko Ruchu Drogowego","lines":"203","arr":["203"],"terminus":0,"mode":"bus","color":"#0059a9","colorDark":"#00294f","angle":197.8,"snapDist":13,"label":0}},{"type":"Feature","geometry":{"type":"Point","coordinates":[18.490822,50.046478]},"properties":{"name":"Radlin Boisko","lines":"203","arr":["203"],"terminus":0,"mode":"bus","color":"#0059a9","colorDark":"#00294f","angle":203.3,"snapDist":2,"label":1}},{"type":"Feature","geometry":{"type":"Point","coordinates":[18.496062,50.045982]},"properties":{"name":"Radlin Ośrodek Zdrowia","lines":"203","arr":["203"],"terminus":0,"mode":"bus","color":"#0059a9","colorDark":"#00294f","angle":221.9,"snapDist":8,"label":0}},{"type":"Feature","geometry":{"type":"Point","coordinates":[18.498288,50.04303]},"properties":{"name":"Obszary Wiadukt","lines":"203, 207, 209, W10","arr":["203","207","209","W10"],"terminus":0,"mode":"bus","color":"#0059a9","colorDark":"#00294f","angle":296.5,"snapDist":3,"label":0}},{"type":"Feature","geometry":{"type":"Point","coordinates":[18.49642,50.04576]},"properties":{"name":"Radlin Ośrodek Zdrowia","lines":"203","arr":["203"],"terminus":0,"mode":"bus","color":"#0059a9","colorDark":"#00294f","angle":45.5,"snapDist":8,"label":0}},{"type":"Feature","geometry":{"type":"Point","coordinates":[18.489336,50.046878]},"properties":{"name":"Radlin Boisko","lines":"203","arr":["203"],"terminus":0,"mode":"bus","color":"#0059a9","colorDark":"#00294f","angle":25.9,"snapDist":1,"label":0}},{"type":"Feature","geometry":{"type":"Point","coordinates":[18.483027,50.0483]},"properties":{"name":"Radlin Miasteczko Ruchu Drogowego","lines":"203","arr":["203"],"terminus":0,"mode":"bus","color":"#0059a9","colorDark":"#00294f","angle":24.7,"snapDist":7,"label":0}},{"type":"Feature","geometry":{"type":"Point","coordinates":[18.421711,50.075156]},"properties":{"name":"Raciborska Orłowiec","lines":"204, 205, 206","arr":["204","205","206"],"terminus":1,"mode":"bus","color":"#0059a9","colorDark":"#00294f","angle":345,"snapDist":9,"label":1}},{"type":"Feature","geometry":{"type":"Point","coordinates":[18.420106,50.06764]},"properties":{"name":"Rydułtowy Ładna","lines":"204, 205","arr":["204","205"],"terminus":0,"mode":"bus","color":"#0059a9","colorDark":"#00294f","angle":29.7,"snapDist":5,"label":0}},{"type":"Feature","geometry":{"type":"Point","coordinates":[18.429861,50.068151]},"properties":{"name":"KWK Rydułtowy","lines":"204","arr":["204"],"terminus":0,"mode":"bus","color":"#0059a9","colorDark":"#00294f","angle":84.4,"snapDist":22,"label":1}},{"type":"Feature","geometry":{"type":"Point","coordinates":[18.431191,50.063747]},"properties":{"name":"Rydułtowy Tetmajera","lines":"204","arr":["204"],"terminus":0,"mode":"bus","color":"#0059a9","colorDark":"#00294f","angle":120.1,"snapDist":8,"label":1}},{"type":"Feature","geometry":{"type":"Point","coordinates":[18.405618,50.051178]},"properties":{"name":"Traugutta Granica","lines":"204","arr":["204"],"terminus":0,"mode":"bus","color":"#0059a9","colorDark":"#00294f","angle":307.4,"snapDist":22,"label":1}},{"type":"Feature","geometry":{"type":"Point","coordinates":[18.406146,50.051622]},"properties":{"name":"Traugutta Granica","lines":"204","arr":["204"],"terminus":0,"mode":"bus","color":"#0059a9","colorDark":"#00294f","angle":127.4,"snapDist":4,"label":0}},{"type":"Feature","geometry":{"type":"Point","coordinates":[18.423833,50.075542]},"properties":{"name":"Raciborska Orłowiec","lines":"204, 205, 206","arr":["204","205","206"],"terminus":1,"mode":"bus","color":"#0059a9","colorDark":"#00294f","angle":163.6,"snapDist":12,"label":0}},{"type":"Feature","geometry":{"type":"Point","coordinates":[18.426115,50.073552]},"properties":{"name":"Rydułtowy Obywatelska","lines":"205","arr":["205"],"terminus":1,"mode":"bus","color":"#0059a9","colorDark":"#00294f","angle":80.3,"snapDist":5,"label":1}},{"type":"Feature","geometry":{"type":"Point","coordinates":[18.430498,50.068617]},"properties":{"name":"Rydułtowy Kopalnia","lines":"205","arr":["205"],"terminus":0,"mode":"bus","color":"#0059a9","colorDark":"#00294f","angle":14,"snapDist":9,"label":0}},{"type":"Feature","geometry":{"type":"Point","coordinates":[18.443778,50.07009]},"properties":{"name":"Radoszowy Pętla","lines":"205","arr":["205"],"terminus":0,"mode":"bus","color":"#0059a9","colorDark":"#00294f","angle":293.1,"snapDist":25,"label":1}},{"type":"Feature","geometry":{"type":"Point","coordinates":[18.451626,50.068677]},"properties":{"name":"Radoszowy Barwna","lines":"205","arr":["205"],"terminus":0,"mode":"bus","color":"#0059a9","colorDark":"#00294f","angle":174.8,"snapDist":3,"label":1}},{"type":"Feature","geometry":{"type":"Point","coordinates":[18.46666,50.070717]},"properties":{"name":"Niewiadom Boisko","lines":"205","arr":["205"],"terminus":0,"mode":"bus","color":"#0059a9","colorDark":"#00294f","angle":140.4,"snapDist":7,"label":1}},{"type":"Feature","geometry":{"type":"Point","coordinates":[18.46482,50.075608]},"properties":{"name":"Niewiadom Szkoła","lines":"205","arr":["205"],"terminus":0,"mode":"bus","color":"#0059a9","colorDark":"#00294f","angle":65.9,"snapDist":3,"label":1}},{"type":"Feature","geometry":{"type":"Point","coordinates":[18.459853,50.080613]},"properties":{"name":"Raciborska Bednorz","lines":"205","arr":["205"],"terminus":0,"mode":"bus","color":"#0059a9","colorDark":"#00294f","angle":16.6,"snapDist":7,"label":1}},{"type":"Feature","geometry":{"type":"Point","coordinates":[18.450251,50.079823]},"properties":{"name":"Rydułtowy Piekarnia","lines":"205","arr":["205"],"terminus":0,"mode":"bus","color":"#0059a9","colorDark":"#00294f","angle":9,"snapDist":9,"label":0}},{"type":"Feature","geometry":{"type":"Point","coordinates":[18.439786,50.077884]},"properties":{"name":"Raciborska Kowalski","lines":"205","arr":["205"],"terminus":0,"mode":"bus","color":"#0059a9","colorDark":"#00294f","angle":312.8,"snapDist":3,"label":1}},{"type":"Feature","geometry":{"type":"Point","coordinates":[18.418622,50.065828]},"properties":{"name":"Rydułtowy Ośrodek Zdrowia","lines":"205","arr":["205"],"terminus":0,"mode":"bus","color":"#0059a9","colorDark":"#00294f","angle":353.8,"snapDist":1,"label":1}},{"type":"Feature","geometry":{"type":"Point","coordinates":[18.414675,50.062707]},"properties":{"name":"Rydułtowy Bema Market","lines":"205, 206","arr":["205","206"],"terminus":0,"mode":"bus","color":"#0059a9","colorDark":"#00294f","angle":254.2,"snapDist":7,"label":1}},{"type":"Feature","geometry":{"type":"Point","coordinates":[18.457775,50.04236]},"properties":{"name":"Radlin Kominka Osiedle","lines":"205, 206","arr":["205","206"],"terminus":0,"mode":"bus","color":"#0059a9","colorDark":"#00294f","angle":245.7,"snapDist":3,"label":1}},{"type":"Feature","geometry":{"type":"Point","coordinates":[18.461256,50.031343]},"properties":{"name":"Wodzisław Kominka Kiosk","lines":"205, 206","arr":["205","206"],"terminus":0,"mode":"bus","color":"#0059a9","colorDark":"#00294f","angle":282.7,"snapDist":19,"label":1}},{"type":"Feature","geometry":{"type":"Point","coordinates":[18.459191,50.021974]},"properties":{"name":"Wodzisław Radlińska","lines":"205, 206","arr":["205","206"],"terminus":0,"mode":"bus","color":"#0059a9","colorDark":"#00294f","angle":290.6,"snapDist":34,"label":1}},{"type":"Feature","geometry":{"type":"Point","coordinates":[18.459592,50.015069]},"properties":{"name":"Wodzisław Leszka","lines":"205, 206","arr":["205","206"],"terminus":0,"mode":"bus","color":"#0059a9","colorDark":"#00294f","angle":280.2,"snapDist":6,"label":1}},{"type":"Feature","geometry":{"type":"Point","coordinates":[18.459446,50.012736]},"properties":{"name":"Radlińska XXX lecia","lines":"205, 206","arr":["205","206"],"terminus":0,"mode":"bus","color":"#0059a9","colorDark":"#00294f","angle":260.1,"snapDist":17,"label":1}},{"type":"Feature","geometry":{"type":"Point","coordinates":[18.459652,50.011904]},"properties":{"name":"Radlińska XXX lecia","lines":"205, 206","arr":["205","206"],"terminus":0,"mode":"bus","color":"#0059a9","colorDark":"#00294f","angle":83.6,"snapDist":6,"label":0}},{"type":"Feature","geometry":{"type":"Point","coordinates":[18.459272,50.022111]},"properties":{"name":"Wodzisław Radlińska","lines":"205, 206","arr":["205","206"],"terminus":0,"mode":"bus","color":"#0059a9","colorDark":"#00294f","angle":111.7,"snapDist":15,"label":0}},{"type":"Feature","geometry":{"type":"Point","coordinates":[18.461282,50.031416]},"properties":{"name":"Wodzisław Kominka Kiosk","lines":"205, 206","arr":["205","206"],"terminus":0,"mode":"bus","color":"#0059a9","colorDark":"#00294f","angle":102.7,"snapDist":18,"label":0}},{"type":"Feature","geometry":{"type":"Point","coordinates":[18.45733,50.042997]},"properties":{"name":"Radlin Kominka Osiedle","lines":"205, 206","arr":["205","206"],"terminus":0,"mode":"bus","color":"#0059a9","colorDark":"#00294f","angle":66.2,"snapDist":6,"label":0}},{"type":"Feature","geometry":{"type":"Point","coordinates":[18.415191,50.061373]},"properties":{"name":"Rydułtowy Bema Market","lines":"205, 206","arr":["205","206"],"terminus":0,"mode":"bus","color":"#0059a9","colorDark":"#00294f","angle":77.3,"snapDist":9,"label":0}},{"type":"Feature","geometry":{"type":"Point","coordinates":[18.439498,50.077675]},"properties":{"name":"Raciborska Kowalski","lines":"205","arr":["205"],"terminus":0,"mode":"bus","color":"#0059a9","colorDark":"#00294f","angle":130.5,"snapDist":8,"label":0}},{"type":"Feature","geometry":{"type":"Point","coordinates":[18.453033,50.079562]},"properties":{"name":"Radoszowy Kościół","lines":"205","arr":["205"],"terminus":0,"mode":"bus","color":"#0059a9","colorDark":"#00294f","angle":169.4,"snapDist":18,"label":0}},{"type":"Feature","geometry":{"type":"Point","coordinates":[18.459484,50.080684]},"properties":{"name":"Rydułtowy Bednorz","lines":"205","arr":["205"],"terminus":0,"mode":"bus","color":"#0059a9","colorDark":"#00294f","angle":196.3,"snapDist":9,"label":1}},{"type":"Feature","geometry":{"type":"Point","coordinates":[18.465081,50.07523]},"properties":{"name":"Niewiadom Szkoła","lines":"205","arr":["205"],"terminus":0,"mode":"bus","color":"#0059a9","colorDark":"#00294f","angle":246.5,"snapDist":6,"label":0}},{"type":"Feature","geometry":{"type":"Point","coordinates":[18.466624,50.070698]},"properties":{"name":"Niewiadom Boisko","lines":"205","arr":["205"],"terminus":0,"mode":"bus","color":"#0059a9","colorDark":"#00294f","angle":320.4,"snapDist":21,"label":0}},{"type":"Feature","geometry":{"type":"Point","coordinates":[18.449509,50.068771]},"properties":{"name":"Radoszowy Barwna","lines":"205","arr":["205"],"terminus":0,"mode":"bus","color":"#0059a9","colorDark":"#00294f","angle":19.4,"snapDist":5,"label":0}},{"type":"Feature","geometry":{"type":"Point","coordinates":[18.412375,50.065943]},"properties":{"name":"Rydułtowy Bema Stadion","lines":"206","arr":["206"],"terminus":0,"mode":"bus","color":"#0059a9","colorDark":"#00294f","angle":60.4,"snapDist":15,"label":0}},{"type":"Feature","geometry":{"type":"Point","coordinates":[18.407105,50.071798]},"properties":{"name":"Rydułtowy Bema Raciborska","lines":"206","arr":["206"],"terminus":0,"mode":"bus","color":"#0059a9","colorDark":"#00294f","angle":69.5,"snapDist":10,"label":0}},{"type":"Feature","geometry":{"type":"Point","coordinates":[18.410745,50.073281]},"properties":{"name":"Raciborska Galeria","lines":"206","arr":["206"],"terminus":0,"mode":"bus","color":"#0059a9","colorDark":"#00294f","angle":164.6,"snapDist":1,"label":1}},{"type":"Feature","geometry":{"type":"Point","coordinates":[18.413183,50.073706]},"properties":{"name":"Raciborska Galeria","lines":"206","arr":["206"],"terminus":0,"mode":"bus","color":"#0059a9","colorDark":"#00294f","angle":345.9,"snapDist":4,"label":0}},{"type":"Feature","geometry":{"type":"Point","coordinates":[18.406946,50.07207]},"properties":{"name":"Rydułtowy Bema Raciborska","lines":"206","arr":["206"],"terminus":0,"mode":"bus","color":"#0059a9","colorDark":"#00294f","angle":241.6,"snapDist":7,"label":0}},{"type":"Feature","geometry":{"type":"Point","coordinates":[18.451634,50.053733]},"properties":{"name":"Radlin Rydułtowska Reden Górka","lines":"207, 209, 210","arr":["207","209","210"],"terminus":1,"mode":"bus","color":"#0059a9","colorDark":"#00294f","angle":166.1,"snapDist":5,"label":1}},{"type":"Feature","geometry":{"type":"Point","coordinates":[18.462062,50.05445]},"properties":{"name":"Radlin Rydułtowska Reden","lines":"207, 209, 210","arr":["207","209","210"],"terminus":0,"mode":"bus","color":"#0059a9","colorDark":"#00294f","angle":164.1,"snapDist":15,"label":0}},{"type":"Feature","geometry":{"type":"Point","coordinates":[18.467793,50.055506]},"properties":{"name":"Radlin Rydułtowska Sokolnia","lines":"207, 209, 210","arr":["207","209","210"],"terminus":0,"mode":"bus","color":"#0059a9","colorDark":"#00294f","angle":164.3,"snapDist":20,"label":0}},{"type":"Feature","geometry":{"type":"Point","coordinates":[18.500282,50.04394]},"properties":{"name":"Radlin Marklowicka Dom Górnika","lines":"207, 209","arr":["207","209"],"terminus":0,"mode":"bus","color":"#0059a9","colorDark":"#00294f","angle":269.8,"snapDist":14,"label":0}},{"type":"Feature","geometry":{"type":"Point","coordinates":[18.505761,50.036049]},"properties":{"name":"Marklowice Wiosny Ludów Kaplica","lines":"207, 209","arr":["207","209"],"terminus":0,"mode":"bus","color":"#0059a9","colorDark":"#00294f","angle":69.6,"snapDist":13,"label":0}},{"type":"Feature","geometry":{"type":"Point","coordinates":[18.506304,50.028034]},"properties":{"name":"Marklowice Wiosny Ludów Sklep","lines":"207, 209","arr":["207","209"],"terminus":0,"mode":"bus","color":"#0059a9","colorDark":"#00294f","angle":97.7,"snapDist":5,"label":0}},{"type":"Feature","geometry":{"type":"Point","coordinates":[18.504638,50.024105]},"properties":{"name":"Marklowice Wiosny Ludów Widokowa","lines":"207, 209","arr":["207","209"],"terminus":0,"mode":"bus","color":"#0059a9","colorDark":"#00294f","angle":286.7,"snapDist":2,"label":0}},{"type":"Feature","geometry":{"type":"Point","coordinates":[18.509061,50.018833]},"properties":{"name":"Marklowice Wiosny Ludów Górka","lines":"207, 209","arr":["207","209"],"terminus":0,"mode":"bus","color":"#0059a9","colorDark":"#00294f","angle":222.3,"snapDist":14,"label":0}},{"type":"Feature","geometry":{"type":"Point","coordinates":[18.513966,50.018286]},"properties":{"name":"Marklowice Dolne","lines":"207, 208","arr":["207","208"],"terminus":0,"mode":"bus","color":"#0059a9","colorDark":"#00294f","angle":-154.8,"snapDist":9,"label":0}},{"type":"Feature","geometry":{"type":"Point","coordinates":[18.528956,50.016821]},"properties":{"name":"Marklowice Straż","lines":"207","arr":["207"],"terminus":0,"mode":"bus","color":"#0059a9","colorDark":"#00294f","angle":255,"snapDist":5,"label":1}},{"type":"Feature","geometry":{"type":"Point","coordinates":[18.526489,50.006566]},"properties":{"name":"Marklowice Mała Praga","lines":"207","arr":["207"],"terminus":0,"mode":"bus","color":"#0059a9","colorDark":"#00294f","angle":332.1,"snapDist":11,"label":1}},{"type":"Feature","geometry":{"type":"Point","coordinates":[18.522607,50.00093]},"properties":{"name":"Marklowice Krakusa Skrzyżowanie","lines":"207","arr":["207"],"terminus":0,"mode":"bus","color":"#0059a9","colorDark":"#00294f","angle":263,"snapDist":19,"label":1}},{"type":"Feature","geometry":{"type":"Point","coordinates":[18.514031,50.001807]},"properties":{"name":"Marklowice Szymanowskiego Praga","lines":"207, W11","arr":["207","W11"],"terminus":0,"mode":"bus","color":"#0059a9","colorDark":"#00294f","angle":20.6,"snapDist":4,"label":1}},{"type":"Feature","geometry":{"type":"Point","coordinates":[18.502311,50.004169]},"properties":{"name":"Wodzisław Grodzisko","lines":"207, W11","arr":["207","W11"],"terminus":0,"mode":"bus","color":"#0059a9","colorDark":"#00294f","angle":24.9,"snapDist":10,"label":1}},{"type":"Feature","geometry":{"type":"Point","coordinates":[18.480003,50.00402]},"properties":{"name":"Łużycka","lines":"207, W11","arr":["207","W11"],"terminus":0,"mode":"bus","color":"#0059a9","colorDark":"#00294f","angle":311.3,"snapDist":5,"label":1}},{"type":"Feature","geometry":{"type":"Point","coordinates":[18.480657,50.004098]},"properties":{"name":"Łużycka","lines":"207, W11","arr":["207","W11"],"terminus":0,"mode":"bus","color":"#0059a9","colorDark":"#00294f","angle":225.6,"snapDist":27,"label":0}},{"type":"Feature","geometry":{"type":"Point","coordinates":[18.515333,50.001515]},"properties":{"name":"Marklowice Szymanowskiego Praga","lines":"207, W11","arr":["207","W11"],"terminus":0,"mode":"bus","color":"#0059a9","colorDark":"#00294f","angle":191.5,"snapDist":12,"label":0}},{"type":"Feature","geometry":{"type":"Point","coordinates":[18.509133,50.018791]},"properties":{"name":"Marklowice Wiosny Ludów Górka","lines":"207, 209","arr":["207","209"],"terminus":0,"mode":"bus","color":"#0059a9","colorDark":"#00294f","angle":42.3,"snapDist":10,"label":0}},{"type":"Feature","geometry":{"type":"Point","coordinates":[18.50471,50.024258]},"properties":{"name":"Marklowice Wiosny Ludów Widokowa","lines":"207, 209","arr":["207","209"],"terminus":0,"mode":"bus","color":"#0059a9","colorDark":"#00294f","angle":106.7,"snapDist":22,"label":0}},{"type":"Feature","geometry":{"type":"Point","coordinates":[18.506167,50.035348]},"properties":{"name":"Marklowice Wiosny Ludów Kaplica","lines":"207, 209","arr":["207","209"],"terminus":0,"mode":"bus","color":"#0059a9","colorDark":"#00294f","angle":-110.1,"snapDist":9,"label":0}},{"type":"Feature","geometry":{"type":"Point","coordinates":[18.500282,50.044009]},"properties":{"name":"Radlin Marklowicka Dom Górnika","lines":"207, 209","arr":["207","209"],"terminus":0,"mode":"bus","color":"#0059a9","colorDark":"#00294f","angle":89.8,"snapDist":17,"label":0}},{"type":"Feature","geometry":{"type":"Point","coordinates":[18.467977,50.055539]},"properties":{"name":"Radlin Rydułtowska Sokolnia","lines":"207, 210","arr":["207","210"],"terminus":0,"mode":"bus","color":"#0059a9","colorDark":"#00294f","angle":344.3,"snapDist":26,"label":0}},{"type":"Feature","geometry":{"type":"Point","coordinates":[18.462277,50.054489]},"properties":{"name":"Radlin Rydułtowska Reden","lines":"207, 210","arr":["207","210"],"terminus":0,"mode":"bus","color":"#0059a9","colorDark":"#00294f","angle":344.1,"snapDist":17,"label":0}},{"type":"Feature","geometry":{"type":"Point","coordinates":[18.452588,50.053888]},"properties":{"name":"Radlin Rydułtowska Reden Górka","lines":"207, 210","arr":["207","210"],"terminus":0,"mode":"bus","color":"#0059a9","colorDark":"#00294f","angle":345,"snapDist":5,"label":0}},{"type":"Feature","geometry":{"type":"Point","coordinates":[18.580331,50.019429]},"properties":{"name":"Świerklany Dolne Kościół","lines":"208","arr":["208"],"terminus":1,"mode":"bus","color":"#0059a9","colorDark":"#00294f","angle":126.6,"snapDist":0,"label":1}},{"type":"Feature","geometry":{"type":"Point","coordinates":[18.567312,50.017124]},"properties":{"name":"Świerklany Gazownia","lines":"208","arr":["208"],"terminus":0,"mode":"bus","color":"#0059a9","colorDark":"#00294f","angle":164.2,"snapDist":7,"label":1}},{"type":"Feature","geometry":{"type":"Point","coordinates":[18.551884,50.015073]},"properties":{"name":"Marklowice Granica","lines":"208","arr":["208"],"terminus":0,"mode":"bus","color":"#0059a9","colorDark":"#00294f","angle":9.8,"snapDist":2,"label":1}},{"type":"Feature","geometry":{"type":"Point","coordinates":[18.543855,50.015522]},"properties":{"name":"Marklowice Górne","lines":"208","arr":["208"],"terminus":0,"mode":"bus","color":"#0059a9","colorDark":"#00294f","angle":6.3,"snapDist":3,"label":1}},{"type":"Feature","geometry":{"type":"Point","coordinates":[18.535739,50.016617]},"properties":{"name":"Marklowice Strefa","lines":"208","arr":["208"],"terminus":0,"mode":"bus","color":"#0059a9","colorDark":"#00294f","angle":25,"snapDist":19,"label":1}},{"type":"Feature","geometry":{"type":"Point","coordinates":[18.530913,50.017721]},"properties":{"name":"Marklowice Pawilon","lines":"208","arr":["208"],"terminus":0,"mode":"bus","color":"#0059a9","colorDark":"#00294f","angle":7.1,"snapDist":4,"label":1}},{"type":"Feature","geometry":{"type":"Point","coordinates":[18.497504,50.016433]},"properties":{"name":"Marklowice Krzyż","lines":"208, 209","arr":["208","209"],"terminus":0,"mode":"bus","color":"#0059a9","colorDark":"#00294f","angle":160.7,"snapDist":12,"label":1}},{"type":"Feature","geometry":{"type":"Point","coordinates":[18.490612,50.015267]},"properties":{"name":"Wodzisław Działki","lines":"208, 209","arr":["208","209"],"terminus":0,"mode":"bus","color":"#0059a9","colorDark":"#00294f","angle":166.1,"snapDist":11,"label":1}},{"type":"Feature","geometry":{"type":"Point","coordinates":[18.484591,50.014008]},"properties":{"name":"Wodzisław Wodociągi","lines":"208, 209","arr":["208","209"],"terminus":0,"mode":"bus","color":"#0059a9","colorDark":"#00294f","angle":335.1,"snapDist":0,"label":1}},{"type":"Feature","geometry":{"type":"Point","coordinates":[18.530385,50.017758]},"properties":{"name":"Marklowice Pawilon","lines":"208","arr":["208"],"terminus":0,"mode":"bus","color":"#0059a9","colorDark":"#00294f","angle":185,"snapDist":4,"label":0}},{"type":"Feature","geometry":{"type":"Point","coordinates":[18.53579,50.016602]},"properties":{"name":"Marklowice Strefa","lines":"208","arr":["208"],"terminus":0,"mode":"bus","color":"#0059a9","colorDark":"#00294f","angle":205,"snapDist":19,"label":0}},{"type":"Feature","geometry":{"type":"Point","coordinates":[18.544786,50.015458]},"properties":{"name":"Marklowice Górne","lines":"208","arr":["208"],"terminus":0,"mode":"bus","color":"#0059a9","colorDark":"#00294f","angle":185.9,"snapDist":4,"label":0}},{"type":"Feature","geometry":{"type":"Point","coordinates":[18.73879,50.165684]},"properties":{"name":"Dębieńsko Las","lines":"300, 301, 304","arr":["300","301","304"],"terminus":1,"mode":"bus","color":"#0059a9","colorDark":"#00294f","angle":357.5,"snapDist":6,"label":1}},{"type":"Feature","geometry":{"type":"Point","coordinates":[18.729939,50.16582]},"properties":{"name":"Dębieńsko Grzomba","lines":"300, 301, 304","arr":["300","301","304"],"terminus":0,"mode":"bus","color":"#0059a9","colorDark":"#00294f","angle":13.6,"snapDist":3,"label":1}},{"type":"Feature","geometry":{"type":"Point","coordinates":[18.718713,50.167534]},"properties":{"name":"Dębieńsko Centrum","lines":"300, 301, 304","arr":["300","301","304"],"terminus":0,"mode":"bus","color":"#0059a9","colorDark":"#00294f","angle":20,"snapDist":8,"label":1}},{"type":"Feature","geometry":{"type":"Point","coordinates":[18.70974,50.168949]},"properties":{"name":"Dębieńsko Jesionka","lines":"300, 301, 304","arr":["300","301","304"],"terminus":0,"mode":"bus","color":"#0059a9","colorDark":"#00294f","angle":192.3,"snapDist":3,"label":1}},{"type":"Feature","geometry":{"type":"Point","coordinates":[18.705552,50.169724]},"properties":{"name":"Dębieńsko Stare Skrzyżowanie","lines":"300, 301, 304","arr":["300","301","304"],"terminus":0,"mode":"bus","color":"#0059a9","colorDark":"#00294f","angle":17.4,"snapDist":2,"label":1}},{"type":"Feature","geometry":{"type":"Point","coordinates":[18.701613,50.164998]},"properties":{"name":"Dębieńsko Szyb","lines":"300","arr":["300"],"terminus":0,"mode":"bus","color":"#0059a9","colorDark":"#00294f","angle":303.2,"snapDist":5,"label":1}},{"type":"Feature","geometry":{"type":"Point","coordinates":[18.693762,50.156676]},"properties":{"name":"Czerwionka Rozlewnia","lines":"300","arr":["300"],"terminus":0,"mode":"bus","color":"#0059a9","colorDark":"#00294f","angle":313.5,"snapDist":12,"label":1}},{"type":"Feature","geometry":{"type":"Point","coordinates":[18.685624,50.154213]},"properties":{"name":"Czerwionka Park","lines":"300","arr":["300"],"terminus":0,"mode":"bus","color":"#0059a9","colorDark":"#00294f","angle":329.3,"snapDist":6,"label":1}},{"type":"Feature","geometry":{"type":"Point","coordinates":[18.67615,50.147989]},"properties":{"name":"Czerwionka Centrum","lines":"300, 301, 302, 304, 305","arr":["300","301","302","304","305"],"terminus":0,"mode":"bus","color":"#0059a9","colorDark":"#00294f","angle":308.6,"snapDist":5,"label":1}},{"type":"Feature","geometry":{"type":"Point","coordinates":[18.669207,50.139549]},"properties":{"name":"Stanowice Parcele","lines":"300, 302, 304, 305","arr":["300","302","304","305"],"terminus":0,"mode":"bus","color":"#0059a9","colorDark":"#00294f","angle":270.6,"snapDist":10,"label":1}},{"type":"Feature","geometry":{"type":"Point","coordinates":[18.669793,50.134646]},"properties":{"name":"Stanowice Leszczyńska","lines":"300, 302, 304, 305","arr":["300","302","304","305"],"terminus":0,"mode":"bus","color":"#0059a9","colorDark":"#00294f","angle":257.3,"snapDist":3,"label":1}},{"type":"Feature","geometry":{"type":"Point","coordinates":[18.673194,50.129961]},"properties":{"name":"Stanowice Skrzyżowanie","lines":"300, 302, 304, 305","arr":["300","302","304","305"],"terminus":0,"mode":"bus","color":"#0059a9","colorDark":"#00294f","angle":261.4,"snapDist":1,"label":1}},{"type":"Feature","geometry":{"type":"Point","coordinates":[18.668324,50.128348]},"properties":{"name":"Stanowice Szkoła","lines":"300, 302, 304, 306","arr":["300","302","304","306"],"terminus":0,"mode":"bus","color":"#0059a9","colorDark":"#00294f","angle":341,"snapDist":7,"label":1}},{"type":"Feature","geometry":{"type":"Point","coordinates":[18.652211,50.124694]},"properties":{"name":"Przegędza Mikołowska Skrzyżowanie","lines":"300, 302, 306","arr":["300","302","306"],"terminus":0,"mode":"bus","color":"#0059a9","colorDark":"#00294f","angle":340.5,"snapDist":7,"label":1}},{"type":"Feature","geometry":{"type":"Point","coordinates":[18.645037,50.123071]},"properties":{"name":"Przegędza Mikołowska","lines":"300, 301, 302, 306","arr":["300","301","302","306"],"terminus":0,"mode":"bus","color":"#0059a9","colorDark":"#00294f","angle":340.8,"snapDist":6,"label":1}},{"type":"Feature","geometry":{"type":"Point","coordinates":[18.631807,50.120939]},"properties":{"name":"Przegędza Kościół","lines":"300, 301, 302, 306","arr":["300","301","302","306"],"terminus":0,"mode":"bus","color":"#0059a9","colorDark":"#00294f","angle":334.9,"snapDist":6,"label":1}},{"type":"Feature","geometry":{"type":"Point","coordinates":[18.619753,50.121581]},"properties":{"name":"Przegędza Las","lines":"300, 301, 302, 306","arr":["300","301","302","306"],"terminus":0,"mode":"bus","color":"#0059a9","colorDark":"#00294f","angle":353.3,"snapDist":5,"label":1}},{"type":"Feature","geometry":{"type":"Point","coordinates":[18.573713,50.105451]},"properties":{"name":"R-k Paruszowiec Piaski Mikołowska","lines":"300, 301, 302, 306","arr":["300","301","302","306"],"terminus":0,"mode":"bus","color":"#0059a9","colorDark":"#00294f","angle":323.5,"snapDist":4,"label":1}},{"type":"Feature","geometry":{"type":"Point","coordinates":[18.56669,50.102265]},"properties":{"name":"R-k Paruszowiec Piaski H.Silesia","lines":"300, 301, 302, 306","arr":["300","301","302","306"],"terminus":0,"mode":"bus","color":"#0059a9","colorDark":"#00294f","angle":330.5,"snapDist":4,"label":1}},{"type":"Feature","geometry":{"type":"Point","coordinates":[18.550476,50.09738]},"properties":{"name":"R-k Śródmieście Bazylika","lines":"300, 301, 302, 306","arr":["300","301","302","306"],"terminus":0,"mode":"bus","color":"#0059a9","colorDark":"#00294f","angle":14.4,"snapDist":7,"label":1}},{"type":"Feature","geometry":{"type":"Point","coordinates":[18.54439,50.092396]},"properties":{"name":"R-k Śródmieście 3 Maja","lines":"300, 301, 302, 306, S12, S12A, W10","arr":["300","301","302","306","S12","S12A","W10"],"terminus":1,"mode":"bus","color":"#0059a9","colorDark":"#00294f","angle":274,"snapDist":6,"label":1}},{"type":"Feature","geometry":{"type":"Point","coordinates":[18.545657,50.089222]},"properties":{"name":"R-k Śródmieście Dw. Kolejowy","lines":"300, 301, 302, 306, S12, S12A, W10","arr":["300","301","302","306","S12","S12A","W10"],"terminus":1,"mode":"bus","color":"#0059a9","colorDark":"#00294f","angle":276.5,"snapDist":2,"label":1}},{"type":"Feature","geometry":{"type":"Point","coordinates":[18.533472,50.101468]},"properties":{"name":"R-k Maroko Nowiny Dworzec Autobusowy","lines":"300, 301","arr":["300","301"],"terminus":1,"mode":"bus","color":"#0059a9","colorDark":"#00294f","angle":353.8,"snapDist":1,"label":1}},{"type":"Feature","geometry":{"type":"Point","coordinates":[18.544206,50.102109]},"properties":{"name":"R-k Północ Rondo Gliwickie","lines":"300, 301","arr":["300","301"],"terminus":0,"mode":"bus","color":"#0059a9","colorDark":"#00294f","angle":183.2,"snapDist":8,"label":1}},{"type":"Feature","geometry":{"type":"Point","coordinates":[18.54785,50.09218]},"properties":{"name":"R-k Śródmieście Politechnika","lines":"300, 301, 302, 306, S12, S12A, W10","arr":["300","301","302","306","S12","S12A","W10"],"terminus":0,"mode":"bus","color":"#0059a9","colorDark":"#00294f","angle":100.5,"snapDist":6,"label":1}},{"type":"Feature","geometry":{"type":"Point","coordinates":[18.551185,50.097267]},"properties":{"name":"R-k Śródmieście Bazylika","lines":"300, 301, 302, 306","arr":["300","301","302","306"],"terminus":0,"mode":"bus","color":"#0059a9","colorDark":"#00294f","angle":193.6,"snapDist":8,"label":0}},{"type":"Feature","geometry":{"type":"Point","coordinates":[18.565053,50.101653]},"properties":{"name":"R-k Paruszowiec Piaski H.Silesia","lines":"300, 301, 302, 306","arr":["300","301","302","306"],"terminus":0,"mode":"bus","color":"#0059a9","colorDark":"#00294f","angle":149.5,"snapDist":9,"label":0}},{"type":"Feature","geometry":{"type":"Point","coordinates":[18.57411,50.105642]},"properties":{"name":"R-k Paruszowiec Piaski Mikołowska","lines":"300, 301, 302, 306","arr":["300","301","302","306"],"terminus":0,"mode":"bus","color":"#0059a9","colorDark":"#00294f","angle":143,"snapDist":7,"label":0}},{"type":"Feature","geometry":{"type":"Point","coordinates":[18.645838,50.12325]},"properties":{"name":"Przegędza Mikołowska","lines":"300, 301, 302, 306","arr":["300","301","302","306"],"terminus":0,"mode":"bus","color":"#0059a9","colorDark":"#00294f","angle":160.8,"snapDist":5,"label":0}},{"type":"Feature","geometry":{"type":"Point","coordinates":[18.65345,50.124974]},"properties":{"name":"Przegędza Mikołowska Skrzyżowanie","lines":"300, 302, 306","arr":["300","302","306"],"terminus":0,"mode":"bus","color":"#0059a9","colorDark":"#00294f","angle":160.8,"snapDist":9,"label":0}},{"type":"Feature","geometry":{"type":"Point","coordinates":[18.668727,50.128436]},"properties":{"name":"Stanowice Szkoła","lines":"300, 302, 304, 306","arr":["300","302","304","306"],"terminus":0,"mode":"bus","color":"#0059a9","colorDark":"#00294f","angle":162,"snapDist":8,"label":0}},{"type":"Feature","geometry":{"type":"Point","coordinates":[18.669204,50.1393]},"properties":{"name":"Stanowice Parcele","lines":"300, 302, 304, 305","arr":["300","302","304","305"],"terminus":0,"mode":"bus","color":"#0059a9","colorDark":"#00294f","angle":90.6,"snapDist":2,"label":0}},{"type":"Feature","geometry":{"type":"Point","coordinates":[18.675622,50.147564]},"properties":{"name":"Czerwionka Centrum","lines":"300, 301, 302, 304, 305","arr":["300","301","302","304","305"],"terminus":0,"mode":"bus","color":"#0059a9","colorDark":"#00294f","angle":128.3,"snapDist":1,"label":0}},{"type":"Feature","geometry":{"type":"Point","coordinates":[18.720133,50.167214]},"properties":{"name":"Dębieńsko Centrum","lines":"300, 301, 304","arr":["300","301","304"],"terminus":0,"mode":"bus","color":"#0059a9","colorDark":"#00294f","angle":199.9,"snapDist":3,"label":0}},{"type":"Feature","geometry":{"type":"Point","coordinates":[18.65314,50.126886]},"properties":{"name":"Przegędza Skrzyżowanie","lines":"301, 304","arr":["301","304"],"terminus":0,"mode":"bus","color":"#0059a9","colorDark":"#00294f","angle":51.1,"snapDist":5,"label":1}},{"type":"Feature","geometry":{"type":"Point","coordinates":[18.644768,50.132697]},"properties":{"name":"Leszczyny Stare","lines":"301, 304, 309","arr":["301","304","309"],"terminus":0,"mode":"bus","color":"#0059a9","colorDark":"#00294f","angle":238.6,"snapDist":3,"label":1}},{"type":"Feature","geometry":{"type":"Point","coordinates":[18.640795,50.138218]},"properties":{"name":"Leszczyny Szkoła","lines":"301, 304, 309","arr":["301","304","309"],"terminus":0,"mode":"bus","color":"#0059a9","colorDark":"#00294f","angle":57.1,"snapDist":0,"label":1}},{"type":"Feature","geometry":{"type":"Point","coordinates":[18.638753,50.140227]},"properties":{"name":"Leszczyny Skrzyżowanie","lines":"301, 304, 309","arr":["301","304","309"],"terminus":0,"mode":"bus","color":"#0059a9","colorDark":"#00294f","angle":56.8,"snapDist":1,"label":0}},{"type":"Feature","geometry":{"type":"Point","coordinates":[18.629051,50.141104]},"properties":{"name":"Leszczyny Ligonia","lines":"301, 304, 309","arr":["301","304","309"],"terminus":0,"mode":"bus","color":"#0059a9","colorDark":"#00294f","angle":339.9,"snapDist":4,"label":0}},{"type":"Feature","geometry":{"type":"Point","coordinates":[18.621924,50.139941]},"properties":{"name":"Leszczyny Broniewskiego","lines":"301, 304, 309","arr":["301","304","309"],"terminus":0,"mode":"bus","color":"#0059a9","colorDark":"#00294f","angle":342,"snapDist":1,"label":0}},{"type":"Feature","geometry":{"type":"Point","coordinates":[18.633131,50.14247]},"properties":{"name":"Leszczyny Rondo","lines":"301, 304, 309","arr":["301","304","309"],"terminus":0,"mode":"bus","color":"#0059a9","colorDark":"#00294f","angle":213.8,"snapDist":3,"label":0}},{"type":"Feature","geometry":{"type":"Point","coordinates":[18.651141,50.142131]},"properties":{"name":"Leszczyny Zakłady Drobiarskie","lines":"301","arr":["301"],"terminus":0,"mode":"bus","color":"#0059a9","colorDark":"#00294f","angle":158.4,"snapDist":4,"label":1}},{"type":"Feature","geometry":{"type":"Point","coordinates":[18.659747,50.144206]},"properties":{"name":"Leszczyny Wodociągi","lines":"301","arr":["301"],"terminus":0,"mode":"bus","color":"#0059a9","colorDark":"#00294f","angle":164.2,"snapDist":1,"label":1}},{"type":"Feature","geometry":{"type":"Point","coordinates":[18.670461,50.145601]},"properties":{"name":"Leszczyny Spółdzielnia","lines":"301","arr":["301"],"terminus":0,"mode":"bus","color":"#0059a9","colorDark":"#00294f","angle":173.4,"snapDist":6,"label":1}},{"type":"Feature","geometry":{"type":"Point","coordinates":[18.67078,50.153919]},"properties":{"name":"Czerwionka Ośrodek Zdrowia","lines":"301, 302, 304, 305","arr":["301","302","304","305"],"terminus":0,"mode":"bus","color":"#0059a9","colorDark":"#00294f","angle":-6,"snapDist":7,"label":1}},{"type":"Feature","geometry":{"type":"Point","coordinates":[18.663753,50.15981]},"properties":{"name":"KWK Dębieńsko","lines":"301, 302, 303, 304, 305, 309","arr":["301","302","303","304","305","309"],"terminus":1,"mode":"bus","color":"#0059a9","colorDark":"#00294f","angle":90.3,"snapDist":2,"label":1}},{"type":"Feature","geometry":{"type":"Point","coordinates":[18.665249,50.16352]},"properties":{"name":"Czuchów Apteka","lines":"301, 303, 304, 305, 309","arr":["301","303","304","305","309"],"terminus":0,"mode":"bus","color":"#0059a9","colorDark":"#00294f","angle":211.8,"snapDist":5,"label":1}},{"type":"Feature","geometry":{"type":"Point","coordinates":[18.668437,50.161057]},"properties":{"name":"Koksownia Dębieńsko","lines":"301, 303, 304, 305, 309","arr":["301","303","304","305","309"],"terminus":0,"mode":"bus","color":"#0059a9","colorDark":"#00294f","angle":63.5,"snapDist":8,"label":1}},{"type":"Feature","geometry":{"type":"Point","coordinates":[18.675643,50.165489]},"properties":{"name":"Dębieńsko Górnicza II","lines":"301, 304","arr":["301","304"],"terminus":0,"mode":"bus","color":"#0059a9","colorDark":"#00294f","angle":93.7,"snapDist":2,"label":1}},{"type":"Feature","geometry":{"type":"Point","coordinates":[18.67634,50.17293]},"properties":{"name":"Dębieńsko Górnicza I","lines":"301, 304","arr":["301","304"],"terminus":0,"mode":"bus","color":"#0059a9","colorDark":"#00294f","angle":93.9,"snapDist":0,"label":1}},{"type":"Feature","geometry":{"type":"Point","coordinates":[18.684641,50.173874]},"properties":{"name":"Dębieńsko Ameryka","lines":"301, 304","arr":["301","304"],"terminus":0,"mode":"bus","color":"#0059a9","colorDark":"#00294f","angle":16.7,"snapDist":3,"label":1}},{"type":"Feature","geometry":{"type":"Point","coordinates":[18.688673,50.173058]},"properties":{"name":"Dębieńsko Leśniczówka","lines":"301, 304","arr":["301","304"],"terminus":0,"mode":"bus","color":"#0059a9","colorDark":"#00294f","angle":196.9,"snapDist":6,"label":1}},{"type":"Feature","geometry":{"type":"Point","coordinates":[18.69632,50.17156]},"properties":{"name":"Dębieńsko Stare II","lines":"301, 304","arr":["301","304"],"terminus":0,"mode":"bus","color":"#0059a9","colorDark":"#00294f","angle":198.2,"snapDist":0,"label":1}},{"type":"Feature","geometry":{"type":"Point","coordinates":[18.702961,50.170235]},"properties":{"name":"Dębieńsko Stare","lines":"301, 304","arr":["301","304"],"terminus":0,"mode":"bus","color":"#0059a9","colorDark":"#00294f","angle":197,"snapDist":8,"label":1}},{"type":"Feature","geometry":{"type":"Point","coordinates":[18.688558,50.173082]},"properties":{"name":"Dębieńsko Leśniczówka","lines":"301, 304","arr":["301","304"],"terminus":0,"mode":"bus","color":"#0059a9","colorDark":"#00294f","angle":18.4,"snapDist":19,"label":0}},{"type":"Feature","geometry":{"type":"Point","coordinates":[18.663009,50.157981]},"properties":{"name":"KWK Dębieńsko","lines":"301, 302, 304, 305","arr":["301","302","304","305"],"terminus":0,"mode":"bus","color":"#0059a9","colorDark":"#00294f","angle":285,"snapDist":8,"label":0}},{"type":"Feature","geometry":{"type":"Point","coordinates":[18.649862,50.14191]},"properties":{"name":"Leszczyny Zakłady Drobiarskie","lines":"301","arr":["301"],"terminus":0,"mode":"bus","color":"#0059a9","colorDark":"#00294f","angle":346.5,"snapDist":7,"label":0}},{"type":"Feature","geometry":{"type":"Point","coordinates":[18.653779,50.126333]},"properties":{"name":"Przegędza Skrzyżowanie","lines":"301, 304","arr":["301","304"],"terminus":0,"mode":"bus","color":"#0059a9","colorDark":"#00294f","angle":233.5,"snapDist":4,"label":0}},{"type":"Feature","geometry":{"type":"Point","coordinates":[18.546474,50.093203]},"properties":{"name":"R-k Śródmieście Chrobrego","lines":"301","arr":["301"],"terminus":0,"mode":"bus","color":"#0059a9","colorDark":"#00294f","angle":12.5,"snapDist":2,"label":1}},{"type":"Feature","geometry":{"type":"Point","coordinates":[18.544696,50.102088]},"properties":{"name":"R-k Północ Rondo Gliwickie","lines":"301","arr":["301"],"terminus":0,"mode":"bus","color":"#0059a9","colorDark":"#00294f","angle":4.7,"snapDist":4,"label":0}},{"type":"Feature","geometry":{"type":"Point","coordinates":[18.667826,50.15996]},"properties":{"name":"Koksownia Dębieńsko Pętla","lines":"302, 303, 305, 309","arr":["302","303","305","309"],"terminus":1,"mode":"bus","color":"#0059a9","colorDark":"#00294f","angle":339.5,"snapDist":1,"label":1}},{"type":"Feature","geometry":{"type":"Point","coordinates":[18.662737,50.164572]},"properties":{"name":"Czuchów Sklep","lines":"303","arr":["303"],"terminus":0,"mode":"bus","color":"#0059a9","colorDark":"#00294f","angle":216.3,"snapDist":5,"label":1}},{"type":"Feature","geometry":{"type":"Point","coordinates":[18.653912,50.169725]},"properties":{"name":"Czuchów Szkoła","lines":"303","arr":["303"],"terminus":0,"mode":"bus","color":"#0059a9","colorDark":"#00294f","angle":119.8,"snapDist":6,"label":1}},{"type":"Feature","geometry":{"type":"Point","coordinates":[18.65114,50.182358]},"properties":{"name":"Czuchów Granica","lines":"303","arr":["303"],"terminus":0,"mode":"bus","color":"#0059a9","colorDark":"#00294f","angle":87.9,"snapDist":7,"label":1}},{"type":"Feature","geometry":{"type":"Point","coordinates":[18.649845,50.195166]},"properties":{"name":"Szczygłowice Kościół","lines":"303","arr":["303"],"terminus":0,"mode":"bus","color":"#0059a9","colorDark":"#00294f","angle":63.3,"snapDist":6,"label":1}},{"type":"Feature","geometry":{"type":"Point","coordinates":[18.632651,50.193076]},"properties":{"name":"Szczygłowice KWK","lines":"303","arr":["303"],"terminus":0,"mode":"bus","color":"#0059a9","colorDark":"#00294f","angle":240.8,"snapDist":8,"label":1}},{"type":"Feature","geometry":{"type":"Point","coordinates":[18.621711,50.188616]},"properties":{"name":"Szczygłowice Centrum Przesiadkowe","lines":"303","arr":["303"],"terminus":0,"mode":"bus","color":"#0059a9","colorDark":"#00294f","angle":292.9,"snapDist":4,"label":1}},{"type":"Feature","geometry":{"type":"Point","coordinates":[18.611374,50.176356]},"properties":{"name":"Książenice Las","lines":"303","arr":["303"],"terminus":0,"mode":"bus","color":"#0059a9","colorDark":"#00294f","angle":291.7,"snapDist":10,"label":1}},{"type":"Feature","geometry":{"type":"Point","coordinates":[18.602127,50.160418]},"properties":{"name":"Książenice Szkoła","lines":"303","arr":["303"],"terminus":0,"mode":"bus","color":"#0059a9","colorDark":"#00294f","angle":299.9,"snapDist":7,"label":1}},{"type":"Feature","geometry":{"type":"Point","coordinates":[18.598673,50.154283]},"properties":{"name":"Książenice Kościół","lines":"303","arr":["303"],"terminus":0,"mode":"bus","color":"#0059a9","colorDark":"#00294f","angle":101.5,"snapDist":7,"label":0}},{"type":"Feature","geometry":{"type":"Point","coordinates":[18.604532,50.149814]},"properties":{"name":"Książenice Brzozy","lines":"303","arr":["303"],"terminus":0,"mode":"bus","color":"#0059a9","colorDark":"#00294f","angle":255.8,"snapDist":3,"label":0}},{"type":"Feature","geometry":{"type":"Point","coordinates":[18.616885,50.141993]},"properties":{"name":"Kamień Rzędówka","lines":"303","arr":["303"],"terminus":1,"mode":"bus","color":"#0059a9","colorDark":"#00294f","angle":215.9,"snapDist":3,"label":1}},{"type":"Feature","geometry":{"type":"Point","coordinates":[18.602312,50.160624]},"properties":{"name":"Książenice Szkoła","lines":"303","arr":["303"],"terminus":0,"mode":"bus","color":"#0059a9","colorDark":"#00294f","angle":121,"snapDist":7,"label":0}},{"type":"Feature","geometry":{"type":"Point","coordinates":[18.611488,50.176541]},"properties":{"name":"Książenice Las","lines":"303","arr":["303"],"terminus":0,"mode":"bus","color":"#0059a9","colorDark":"#00294f","angle":111.6,"snapDist":6,"label":0}},{"type":"Feature","geometry":{"type":"Point","coordinates":[18.650074,50.194877]},"properties":{"name":"Szczygłowice Kościół","lines":"303","arr":["303"],"terminus":0,"mode":"bus","color":"#0059a9","colorDark":"#00294f","angle":244.1,"snapDist":4,"label":0}},{"type":"Feature","geometry":{"type":"Point","coordinates":[18.634689,50.136335]},"properties":{"name":"Leszczyny Czereśniowa","lines":"304, 309","arr":["304","309"],"terminus":1,"mode":"bus","color":"#0059a9","colorDark":"#00294f","angle":177.5,"snapDist":2,"label":1}},{"type":"Feature","geometry":{"type":"Point","coordinates":[18.630832,50.138165]},"properties":{"name":"Leszczyny Konopnickiej","lines":"304, 309","arr":["304","309"],"terminus":0,"mode":"bus","color":"#0059a9","colorDark":"#00294f","angle":225.9,"snapDist":1,"label":1}},{"type":"Feature","geometry":{"type":"Point","coordinates":[18.694286,50.047785]},"properties":{"name":"Żory Centrum Przesiadkowe","lines":"305, 306, 307, 308, S10, S11","arr":["305","306","307","308","S10","S11"],"terminus":1,"mode":"bus","color":"#0059a9","colorDark":"#00294f","angle":245.8,"snapDist":12,"label":0}},{"type":"Feature","geometry":{"type":"Point","coordinates":[18.687223,50.051917]},"properties":{"name":"Szczejkowicka","lines":"305, 306","arr":["305","306"],"terminus":0,"mode":"bus","color":"#0059a9","colorDark":"#00294f","angle":108.7,"snapDist":6,"label":1}},{"type":"Feature","geometry":{"type":"Point","coordinates":[18.687739,50.059363]},"properties":{"name":"Szczejkowicka-Rondo","lines":"305, 306","arr":["305","306"],"terminus":0,"mode":"bus","color":"#0059a9","colorDark":"#00294f","angle":94.5,"snapDist":4,"label":1}},{"type":"Feature","geometry":{"type":"Point","coordinates":[18.688777,50.069263]},"properties":{"name":"Szczejkowicka-Żwaka","lines":"305, 306","arr":["305","306"],"terminus":0,"mode":"bus","color":"#0059a9","colorDark":"#00294f","angle":82.9,"snapDist":3,"label":1}},{"type":"Feature","geometry":{"type":"Point","coordinates":[18.682822,50.080735]},"properties":{"name":"Szczejkowice Nowa Wieś","lines":"305, 306","arr":["305","306"],"terminus":0,"mode":"bus","color":"#0059a9","colorDark":"#00294f","angle":78.7,"snapDist":9,"label":1}},{"type":"Feature","geometry":{"type":"Point","coordinates":[18.680779,50.0995]},"properties":{"name":"Szczejkowice Centrum","lines":"305, 306","arr":["305","306"],"terminus":0,"mode":"bus","color":"#0059a9","colorDark":"#00294f","angle":-70.8,"snapDist":7,"label":1}},{"type":"Feature","geometry":{"type":"Point","coordinates":[18.690037,50.097712]},"properties":{"name":"Szczejkowice Przygon","lines":"305, 306","arr":["305","306"],"terminus":0,"mode":"bus","color":"#0059a9","colorDark":"#00294f","angle":357.9,"snapDist":6,"label":1}},{"type":"Feature","geometry":{"type":"Point","coordinates":[18.715809,50.098814]},"properties":{"name":"Palowice I","lines":"305, 306","arr":["305","306"],"terminus":0,"mode":"bus","color":"#0059a9","colorDark":"#00294f","angle":170,"snapDist":13,"label":1}},{"type":"Feature","geometry":{"type":"Point","coordinates":[18.721357,50.098822]},"properties":{"name":"Palowice Skrzyżowanie Wiejska","lines":"305, 306","arr":["305","306"],"terminus":0,"mode":"bus","color":"#0059a9","colorDark":"#00294f","angle":186.3,"snapDist":5,"label":1}},{"type":"Feature","geometry":{"type":"Point","coordinates":[18.730265,50.101231]},"properties":{"name":"Palowice Centrum","lines":"305, 306","arr":["305","306"],"terminus":0,"mode":"bus","color":"#0059a9","colorDark":"#00294f","angle":-17.9,"snapDist":8,"label":1}},{"type":"Feature","geometry":{"type":"Point","coordinates":[18.724332,50.099706]},"properties":{"name":"Palowice Skrzyżowanie Bełkowska","lines":"305, 306","arr":["305","306"],"terminus":0,"mode":"bus","color":"#0059a9","colorDark":"#00294f","angle":61.2,"snapDist":3,"label":1}},{"type":"Feature","geometry":{"type":"Point","coordinates":[18.716609,50.110182]},"properties":{"name":"Bełk Gojowiec","lines":"305, 306","arr":["305","306"],"terminus":0,"mode":"bus","color":"#0059a9","colorDark":"#00294f","angle":262.7,"snapDist":1,"label":1}},{"type":"Feature","geometry":{"type":"Point","coordinates":[18.713123,50.117851]},"properties":{"name":"Bełk Palowicka","lines":"305, 306","arr":["305","306"],"terminus":0,"mode":"bus","color":"#0059a9","colorDark":"#00294f","angle":233.9,"snapDist":2,"label":1}},{"type":"Feature","geometry":{"type":"Point","coordinates":[18.709855,50.129282]},"properties":{"name":"Bełk Remiza","lines":"305, 306","arr":["305","306"],"terminus":0,"mode":"bus","color":"#0059a9","colorDark":"#00294f","angle":100.6,"snapDist":7,"label":1}},{"type":"Feature","geometry":{"type":"Point","coordinates":[18.727421,50.129557]},"properties":{"name":"Bełk Lipa","lines":"305","arr":["305"],"terminus":0,"mode":"bus","color":"#0059a9","colorDark":"#00294f","angle":14.4,"snapDist":3,"label":1}},{"type":"Feature","geometry":{"type":"Point","coordinates":[18.736078,50.129294]},"properties":{"name":"Bełk Pętla","lines":"305","arr":["305"],"terminus":0,"mode":"bus","color":"#0059a9","colorDark":"#00294f","angle":-5.7,"snapDist":8,"label":1}},{"type":"Feature","geometry":{"type":"Point","coordinates":[18.712366,50.130637]},"properties":{"name":"Bełk Skrzyżowanie","lines":"305","arr":["305"],"terminus":0,"mode":"bus","color":"#0059a9","colorDark":"#00294f","angle":356.4,"snapDist":7,"label":1}},{"type":"Feature","geometry":{"type":"Point","coordinates":[18.698697,50.131626]},"properties":{"name":"Bełk Osiedle","lines":"305, 306","arr":["305","306"],"terminus":0,"mode":"bus","color":"#0059a9","colorDark":"#00294f","angle":5.1,"snapDist":3,"label":1}},{"type":"Feature","geometry":{"type":"Point","coordinates":[18.681551,50.130595]},"properties":{"name":"Stanowice Zwycięstwa","lines":"305, 306","arr":["305","306"],"terminus":0,"mode":"bus","color":"#0059a9","colorDark":"#00294f","angle":358.8,"snapDist":2,"label":1}},{"type":"Feature","geometry":{"type":"Point","coordinates":[18.701583,50.131461]},"properties":{"name":"Bełk Osiedle","lines":"305, 306","arr":["305","306"],"terminus":0,"mode":"bus","color":"#0059a9","colorDark":"#00294f","angle":184.4,"snapDist":2,"label":0}},{"type":"Feature","geometry":{"type":"Point","coordinates":[18.70993,50.129489]},"properties":{"name":"Bełk Remiza","lines":"305, 306","arr":["305","306"],"terminus":0,"mode":"bus","color":"#0059a9","colorDark":"#00294f","angle":285.7,"snapDist":4,"label":0}},{"type":"Feature","geometry":{"type":"Point","coordinates":[18.682746,50.080978]},"properties":{"name":"Szczejkowice Nowa Wieś","lines":"305, 306","arr":["305","306"],"terminus":0,"mode":"bus","color":"#0059a9","colorDark":"#00294f","angle":258.7,"snapDist":5,"label":0}},{"type":"Feature","geometry":{"type":"Point","coordinates":[18.688863,50.068801]},"properties":{"name":"Szczejkowicka-Żwaka","lines":"305, 306","arr":["305","306"],"terminus":0,"mode":"bus","color":"#0059a9","colorDark":"#00294f","angle":263.3,"snapDist":10,"label":0}},{"type":"Feature","geometry":{"type":"Point","coordinates":[18.689291,49.96528]},"properties":{"name":"KWK Pniówek","lines":"307, B10, B12, L-1, L-4","arr":["307","B10","B12","L-1","L-4"],"terminus":1,"mode":"bus","color":"#0059a9","colorDark":"#00294f","angle":271.4,"snapDist":2,"label":1}},{"type":"Feature","geometry":{"type":"Point","coordinates":[18.697368,49.958736]},"properties":{"name":"Pawłowice Skrzyżowanie","lines":"307, B10, B11, B12, L-1","arr":["307","B10","B11","B12","L-1"],"terminus":0,"mode":"bus","color":"#0059a9","colorDark":"#00294f","angle":350,"snapDist":1,"label":1}},{"type":"Feature","geometry":{"type":"Point","coordinates":[18.706344,49.959751]},"properties":{"name":"Pawłowice Osiedle","lines":"307, B10, B11, B12, L-1, L-4, L-6","arr":["307","B10","B11","B12","L-1","L-4","L-6"],"terminus":0,"mode":"bus","color":"#0059a9","colorDark":"#00294f","angle":169.9,"snapDist":2,"label":1}},{"type":"Feature","geometry":{"type":"Point","coordinates":[18.717797,49.964109]},"properties":{"name":"Pawłowice Centrum - TARG","lines":"307, B10, B11, B12, L-1, L-2, L-3, L-4, L-5, L-6, L-7","arr":["307","B10","B11","B12","L-1","L-2","L-3","L-4","L-5","L-6","L-7"],"terminus":1,"mode":"bus","color":"#0059a9","colorDark":"#00294f","angle":264,"snapDist":1,"label":1}},{"type":"Feature","geometry":{"type":"Point","coordinates":[18.71718,49.973348]},"properties":{"name":"Pawłowice Szybowa","lines":"307, L-4","arr":["307","L-4"],"terminus":0,"mode":"bus","color":"#0059a9","colorDark":"#00294f","angle":84.9,"snapDist":2,"label":1}},{"type":"Feature","geometry":{"type":"Point","coordinates":[18.714118,49.983518]},"properties":{"name":"Warszowice Kościelna","lines":"307, L-4","arr":["307","L-4"],"terminus":0,"mode":"bus","color":"#0059a9","colorDark":"#00294f","angle":79.3,"snapDist":7,"label":1}},{"type":"Feature","geometry":{"type":"Point","coordinates":[18.71144,49.993302]},"properties":{"name":"Warszowice Kościół","lines":"307","arr":["307"],"terminus":0,"mode":"bus","color":"#0059a9","colorDark":"#00294f","angle":92.2,"snapDist":6,"label":1}},{"type":"Feature","geometry":{"type":"Point","coordinates":[18.709003,50.010379]},"properties":{"name":"Warszowice Szczurowiec","lines":"307","arr":["307"],"terminus":0,"mode":"bus","color":"#0059a9","colorDark":"#00294f","angle":81.9,"snapDist":8,"label":1}},{"type":"Feature","geometry":{"type":"Point","coordinates":[18.707691,50.021431]},"properties":{"name":"Kościuszki-Pukowca","lines":"307","arr":["307"],"terminus":0,"mode":"bus","color":"#0059a9","colorDark":"#00294f","angle":90.7,"snapDist":5,"label":1}},{"type":"Feature","geometry":{"type":"Point","coordinates":[18.707305,50.025584]},"properties":{"name":"Kościuszki-Zamkowa","lines":"307","arr":["307"],"terminus":0,"mode":"bus","color":"#0059a9","colorDark":"#00294f","angle":76.9,"snapDist":8,"label":1}},{"type":"Feature","geometry":{"type":"Point","coordinates":[18.703844,50.031762]},"properties":{"name":"Kościuszki-Francuska","lines":"307","arr":["307"],"terminus":0,"mode":"bus","color":"#0059a9","colorDark":"#00294f","angle":71.6,"snapDist":7,"label":1}},{"type":"Feature","geometry":{"type":"Point","coordinates":[18.693837,50.033137]},"properties":{"name":"Al. Zjednocz. Europy-Osińska","lines":"307","arr":["307"],"terminus":0,"mode":"bus","color":"#0059a9","colorDark":"#00294f","angle":19.2,"snapDist":5,"label":1}},{"type":"Feature","geometry":{"type":"Point","coordinates":[18.689464,50.038078]},"properties":{"name":"Al. Jana Pawła II -Sąd","lines":"307, S10, S11","arr":["307","S10","S11"],"terminus":0,"mode":"bus","color":"#0059a9","colorDark":"#00294f","angle":271.3,"snapDist":8,"label":1}},{"type":"Feature","geometry":{"type":"Point","coordinates":[18.69228,50.042545]},"properties":{"name":"Stodolna","lines":"307","arr":["307"],"terminus":0,"mode":"bus","color":"#0059a9","colorDark":"#00294f","angle":180,"snapDist":5,"label":1}},{"type":"Feature","geometry":{"type":"Point","coordinates":[18.695506,50.043137]},"properties":{"name":"Stodolna-Cmentarz","lines":"307","arr":["307"],"terminus":0,"mode":"bus","color":"#0059a9","colorDark":"#00294f","angle":166.1,"snapDist":4,"label":1}},{"type":"Feature","geometry":{"type":"Point","coordinates":[18.688648,50.044871]},"properties":{"name":"Al. Niepodległości","lines":"307, S10, S11","arr":["307","S10","S11"],"terminus":0,"mode":"bus","color":"#0059a9","colorDark":"#00294f","angle":263.2,"snapDist":10,"label":0}},{"type":"Feature","geometry":{"type":"Point","coordinates":[18.693599,50.033073]},"properties":{"name":"Al. Zjednocz. Europy-Osińska","lines":"307","arr":["307"],"terminus":0,"mode":"bus","color":"#0059a9","colorDark":"#00294f","angle":198.8,"snapDist":9,"label":0}},{"type":"Feature","geometry":{"type":"Point","coordinates":[18.703092,50.032739]},"properties":{"name":"Kościuszki-Zjednoczonej Europy","lines":"307","arr":["307"],"terminus":0,"mode":"bus","color":"#0059a9","colorDark":"#00294f","angle":249.6,"snapDist":12,"label":1}},{"type":"Feature","geometry":{"type":"Point","coordinates":[18.707308,50.02504]},"properties":{"name":"Kościuszki-Owocowa","lines":"307","arr":["307"],"terminus":0,"mode":"bus","color":"#0059a9","colorDark":"#00294f","angle":261.7,"snapDist":8,"label":1}},{"type":"Feature","geometry":{"type":"Point","coordinates":[18.707524,50.021629]},"properties":{"name":"Kościuszki-Pukowca","lines":"307","arr":["307"],"terminus":0,"mode":"bus","color":"#0059a9","colorDark":"#00294f","angle":271,"snapDist":7,"label":0}},{"type":"Feature","geometry":{"type":"Point","coordinates":[18.708514,50.010712]},"properties":{"name":"Warszowice Szczurowiec","lines":"307","arr":["307"],"terminus":0,"mode":"bus","color":"#0059a9","colorDark":"#00294f","angle":81.4,"snapDist":6,"label":0}},{"type":"Feature","geometry":{"type":"Point","coordinates":[18.711262,49.99304]},"properties":{"name":"Warszowice Kościół","lines":"307","arr":["307"],"terminus":0,"mode":"bus","color":"#0059a9","colorDark":"#00294f","angle":269.9,"snapDist":7,"label":0}},{"type":"Feature","geometry":{"type":"Point","coordinates":[18.714177,49.98294]},"properties":{"name":"Warszowice Kościelna","lines":"307, L-4","arr":["307","L-4"],"terminus":0,"mode":"bus","color":"#0059a9","colorDark":"#00294f","angle":256.6,"snapDist":5,"label":0}},{"type":"Feature","geometry":{"type":"Point","coordinates":[18.716978,49.973679]},"properties":{"name":"Pawłowice Szybowa","lines":"307, L-4","arr":["307","L-4"],"terminus":0,"mode":"bus","color":"#0059a9","colorDark":"#00294f","angle":264.4,"snapDist":2,"label":0}},{"type":"Feature","geometry":{"type":"Point","coordinates":[18.704588,49.959551]},"properties":{"name":"Pawłowice Osiedle","lines":"307, B10, B11, B12, L-1","arr":["307","B10","B11","B12","L-1"],"terminus":0,"mode":"bus","color":"#0059a9","colorDark":"#00294f","angle":350.2,"snapDist":3,"label":0}},{"type":"Feature","geometry":{"type":"Point","coordinates":[18.69631,49.958644]},"properties":{"name":"Pawłowice Skrzyżowanie","lines":"307, B10, B11, B12, L-1","arr":["307","B10","B11","B12","L-1"],"terminus":0,"mode":"bus","color":"#0059a9","colorDark":"#00294f","angle":354.6,"snapDist":7,"label":0}},{"type":"Feature","geometry":{"type":"Point","coordinates":[18.776156,50.04094]},"properties":{"name":"Suszec Piaskowa Osiedle.","lines":"308","arr":["308"],"terminus":1,"mode":"bus","color":"#0059a9","colorDark":"#00294f","angle":110,"snapDist":7,"label":1}},{"type":"Feature","geometry":{"type":"Point","coordinates":[18.777679,50.045658]},"properties":{"name":"KWK Krupiński","lines":"308","arr":["308"],"terminus":0,"mode":"bus","color":"#0059a9","colorDark":"#00294f","angle":254.4,"snapDist":1,"label":1}},{"type":"Feature","geometry":{"type":"Point","coordinates":[18.783668,50.047141]},"properties":{"name":"Suszec Dolna II","lines":"308","arr":["308"],"terminus":0,"mode":"bus","color":"#0059a9","colorDark":"#00294f","angle":266,"snapDist":1,"label":1}},{"type":"Feature","geometry":{"type":"Point","coordinates":[18.784231,50.04002]},"properties":{"name":"Suszec Dolna I","lines":"308","arr":["308"],"terminus":0,"mode":"bus","color":"#0059a9","colorDark":"#00294f","angle":69.7,"snapDist":0,"label":1}},{"type":"Feature","geometry":{"type":"Point","coordinates":[18.788174,50.035897]},"properties":{"name":"Suszec Kościół","lines":"308","arr":["308"],"terminus":0,"mode":"bus","color":"#0059a9","colorDark":"#00294f","angle":287.3,"snapDist":1,"label":1}},{"type":"Feature","geometry":{"type":"Point","coordinates":[18.785334,50.031759]},"properties":{"name":"Suszec św. Jana","lines":"308","arr":["308"],"terminus":0,"mode":"bus","color":"#0059a9","colorDark":"#00294f","angle":119.6,"snapDist":0,"label":1}},{"type":"Feature","geometry":{"type":"Point","coordinates":[18.77022,50.034566]},"properties":{"name":"Suszec II","lines":"308","arr":["308"],"terminus":0,"mode":"bus","color":"#0059a9","colorDark":"#00294f","angle":16.7,"snapDist":5,"label":1}},{"type":"Feature","geometry":{"type":"Point","coordinates":[18.760482,50.035838]},"properties":{"name":"Rudziczka Sklep","lines":"308","arr":["308"],"terminus":0,"mode":"bus","color":"#0059a9","colorDark":"#00294f","angle":3.9,"snapDist":8,"label":1}},{"type":"Feature","geometry":{"type":"Point","coordinates":[18.753354,50.036777]},"properties":{"name":"Rudziczka Bar","lines":"308","arr":["308"],"terminus":0,"mode":"bus","color":"#0059a9","colorDark":"#00294f","angle":17.2,"snapDist":6,"label":1}},{"type":"Feature","geometry":{"type":"Point","coordinates":[18.741459,50.038543]},"properties":{"name":"Pszczyńska-Targowa","lines":"308","arr":["308"],"terminus":0,"mode":"bus","color":"#0059a9","colorDark":"#00294f","angle":7.6,"snapDist":16,"label":1}},{"type":"Feature","geometry":{"type":"Point","coordinates":[18.731802,50.039457]},"properties":{"name":"Pszczyńska-Las","lines":"308","arr":["308"],"terminus":0,"mode":"bus","color":"#0059a9","colorDark":"#00294f","angle":9.1,"snapDist":1,"label":1}},{"type":"Feature","geometry":{"type":"Point","coordinates":[18.722328,50.040477]},"properties":{"name":"Nowopszczyńska-Szkoła","lines":"308","arr":["308"],"terminus":0,"mode":"bus","color":"#0059a9","colorDark":"#00294f","angle":10,"snapDist":5,"label":1}},{"type":"Feature","geometry":{"type":"Point","coordinates":[18.71693,50.041093]},"properties":{"name":"Nowopszczyńska-Wyzwolenia","lines":"308","arr":["308"],"terminus":0,"mode":"bus","color":"#0059a9","colorDark":"#00294f","angle":10.1,"snapDist":4,"label":1}},{"type":"Feature","geometry":{"type":"Point","coordinates":[18.703148,50.044117]},"properties":{"name":"Pszczyńska-Rondo","lines":"308","arr":["308"],"terminus":0,"mode":"bus","color":"#0059a9","colorDark":"#00294f","angle":6.9,"snapDist":1,"label":1}},{"type":"Feature","geometry":{"type":"Point","coordinates":[18.699047,50.046316]},"properties":{"name":"Pszczyńska-Dworcowa","lines":"308","arr":["308"],"terminus":0,"mode":"bus","color":"#0059a9","colorDark":"#00294f","angle":56.7,"snapDist":3,"label":1}},{"type":"Feature","geometry":{"type":"Point","coordinates":[18.699244,50.047585]},"properties":{"name":"Dworcowa","lines":"308","arr":["308"],"terminus":0,"mode":"bus","color":"#0059a9","colorDark":"#00294f","angle":145.6,"snapDist":3,"label":0}},{"type":"Feature","geometry":{"type":"Point","coordinates":[18.704929,50.043628]},"properties":{"name":"Nowopszczyńska - Rondo","lines":"308","arr":["308"],"terminus":0,"mode":"bus","color":"#0059a9","colorDark":"#00294f","angle":218.4,"snapDist":1,"label":0}},{"type":"Feature","geometry":{"type":"Point","coordinates":[18.718728,50.040888]},"properties":{"name":"Nowopszczyńska-Wyzwolenia","lines":"308","arr":["308"],"terminus":0,"mode":"bus","color":"#0059a9","colorDark":"#00294f","angle":190.1,"snapDist":3,"label":0}},{"type":"Feature","geometry":{"type":"Point","coordinates":[18.723563,50.04034]},"properties":{"name":"Nowopszczyńska-Szkoła","lines":"308","arr":["308"],"terminus":0,"mode":"bus","color":"#0059a9","colorDark":"#00294f","angle":190.6,"snapDist":1,"label":0}},{"type":"Feature","geometry":{"type":"Point","coordinates":[18.742813,50.038438]},"properties":{"name":"Pszczyńska-Targowa","lines":"308","arr":["308"],"terminus":0,"mode":"bus","color":"#0059a9","colorDark":"#00294f","angle":186.4,"snapDist":2,"label":0}},{"type":"Feature","geometry":{"type":"Point","coordinates":[18.754358,50.036578]},"properties":{"name":"Rudziczka Bar","lines":"308","arr":["308"],"terminus":0,"mode":"bus","color":"#0059a9","colorDark":"#00294f","angle":197.1,"snapDist":4,"label":0}},{"type":"Feature","geometry":{"type":"Point","coordinates":[18.761863,50.035772]},"properties":{"name":"Rudziczka Sklep","lines":"308","arr":["308"],"terminus":0,"mode":"bus","color":"#0059a9","colorDark":"#00294f","angle":184,"snapDist":4,"label":0}},{"type":"Feature","geometry":{"type":"Point","coordinates":[18.769641,50.034677]},"properties":{"name":"Suszec II","lines":"308","arr":["308"],"terminus":0,"mode":"bus","color":"#0059a9","colorDark":"#00294f","angle":196.3,"snapDist":8,"label":0}},{"type":"Feature","geometry":{"type":"Point","coordinates":[18.788575,50.036734]},"properties":{"name":"Suszec Kościół","lines":"308","arr":["308"],"terminus":0,"mode":"bus","color":"#0059a9","colorDark":"#00294f","angle":104.1,"snapDist":6,"label":0}},{"type":"Feature","geometry":{"type":"Point","coordinates":[18.657306,50.158286]},"properties":{"name":"Malenie Młyńska","lines":"309","arr":["309"],"terminus":0,"mode":"bus","color":"#0059a9","colorDark":"#00294f","angle":309.5,"snapDist":2,"label":1}},{"type":"Feature","geometry":{"type":"Point","coordinates":[18.650141,50.156028]},"properties":{"name":"Malenie Zakład Odsalania","lines":"309","arr":["309"],"terminus":0,"mode":"bus","color":"#0059a9","colorDark":"#00294f","angle":348.8,"snapDist":0,"label":1}},{"type":"Feature","geometry":{"type":"Point","coordinates":[18.636506,50.151892]},"properties":{"name":"Malenie Polna Skrzyżowanie","lines":"309","arr":["309"],"terminus":0,"mode":"bus","color":"#0059a9","colorDark":"#00294f","angle":233.3,"snapDist":2,"label":1}},{"type":"Feature","geometry":{"type":"Point","coordinates":[18.640434,50.142971]},"properties":{"name":"Malenie Polna PEC","lines":"309","arr":["309"],"terminus":0,"mode":"bus","color":"#0059a9","colorDark":"#00294f","angle":234.5,"snapDist":2,"label":1}},{"type":"Feature","geometry":{"type":"Point","coordinates":[18.643855,50.140492]},"properties":{"name":"Powstańców Skrzyżowanie","lines":"309","arr":["309"],"terminus":0,"mode":"bus","color":"#0059a9","colorDark":"#00294f","angle":239.7,"snapDist":0,"label":1}},{"type":"Feature","geometry":{"type":"Point","coordinates":[18.646117,50.135676]},"properties":{"name":"Leszczyny Powstańców Sklep","lines":"309","arr":["309"],"terminus":0,"mode":"bus","color":"#0059a9","colorDark":"#00294f","angle":245.5,"snapDist":1,"label":1}},{"type":"Feature","geometry":{"type":"Point","coordinates":[18.564549,49.943395]},"properties":{"name":"Carbonarium WORD","lines":"B10, B11, C11, C16, C18, M10, S11, S13, W09","arr":["B10","B11","C11","C16","C18","M10","S11","S13","W09"],"terminus":1,"mode":"bus","color":"#0059a9","colorDark":"#00294f","angle":201.4,"snapDist":2,"label":1}},{"type":"Feature","geometry":{"type":"Point","coordinates":[18.55705,49.942283]},"properties":{"name":"Armii Krajowej - Kasztanowa","lines":"B10, B11, C11, C18, M10, S13, W09","arr":["B10","B11","C11","C18","M10","S13","W09"],"terminus":0,"mode":"bus","color":"#0059a9","colorDark":"#00294f","angle":27.8,"snapDist":2,"label":1}},{"type":"Feature","geometry":{"type":"Point","coordinates":[18.5581,49.94523]},"properties":{"name":"1 Maja - Kasztanowa","lines":"B10, B11, C11, C12, C14, C16, C18, S13","arr":["B10","B11","C11","C12","C14","C16","C18","S13"],"terminus":0,"mode":"bus","color":"#0059a9","colorDark":"#00294f","angle":157.2,"snapDist":4,"label":1}},{"type":"Feature","geometry":{"type":"Point","coordinates":[18.564508,49.946954]},"properties":{"name":"1 Maja - K. Miarki","lines":"B10, B11, C11, C14, C18, S13","arr":["B10","B11","C11","C14","C18","S13"],"terminus":0,"mode":"bus","color":"#0059a9","colorDark":"#00294f","angle":157.3,"snapDist":4,"label":1}},{"type":"Feature","geometry":{"type":"Point","coordinates":[18.573634,49.94524]},"properties":{"name":"Dworzec Zdrój","lines":"B10, B11, B13, B14, C13, C14, C16, C18, M10, R10, R11, S11, S12, S12A, S13, S14, S15, W09, W11","arr":["B10","B11","B13","B14","C13","C14","C16","C18","M10","R10","R11","S11","S12","S12A","S13","S14","S15","W09","W11"],"terminus":1,"mode":"bus","color":"#0059a9","colorDark":"#00294f","angle":134.3,"snapDist":2,"label":1}},{"type":"Feature","geometry":{"type":"Point","coordinates":[18.57824,49.944406]},"properties":{"name":"Hala Sportowa","lines":"B10, C11, C12, C13, C14, C16, C18, M10, R10, R11, S12, S12A, S14, S15, W09, W11","arr":["B10","C11","C12","C13","C14","C16","C18","M10","R10","R11","S12","S12A","S14","S15","W09","W11"],"terminus":0,"mode":"bus","color":"#0059a9","colorDark":"#00294f","angle":133.1,"snapDist":1,"label":1}},{"type":"Feature","geometry":{"type":"Point","coordinates":[18.582338,49.946871]},"properties":{"name":"Szpital Wojewódzki","lines":"B10, C13, C14, C18, M10, R10, R11, S12, S12A, S14, S16, W09, W11","arr":["B10","C13","C14","C18","M10","R10","R11","S12","S12A","S14","S16","W09","W11"],"terminus":0,"mode":"bus","color":"#0059a9","colorDark":"#00294f","angle":137.9,"snapDist":0,"label":1}},{"type":"Feature","geometry":{"type":"Point","coordinates":[18.594815,49.949781]},"properties":{"name":"Al. Piłsudskiego - Os. Gwarków","lines":"B10, B11, B12, B13, B14, C10, C13, C14, C15, C16, C19, M10, R10, R11, S10, S12, S12A, S14, S15, W09, W10, W11","arr":["B10","B11","B12","B13","B14","C10","C13","C14","C15","C16","C19","M10","R10","R11","S10","S12","S12A","S14","S15","W09","W10","W11"],"terminus":0,"mode":"bus","color":"#0059a9","colorDark":"#00294f","angle":163.8,"snapDist":1,"label":1}},{"type":"Feature","geometry":{"type":"Point","coordinates":[18.60088,49.951149]},"properties":{"name":"Al. Piłsudskiego - Os. Pionierów","lines":"B10, B12, B13, B14, C10, C15, C19, M10, R10, R11, S10, S12, S12A, S13, S14, S15, W09, W10, W11","arr":["B10","B12","B13","B14","C10","C15","C19","M10","R10","R11","S10","S12","S12A","S13","S14","S15","W09","W10","W11"],"terminus":0,"mode":"bus","color":"#0059a9","colorDark":"#00294f","angle":143.3,"snapDist":1,"label":1}},{"type":"Feature","geometry":{"type":"Point","coordinates":[18.611277,49.953011]},"properties":{"name":"Al. Piłsudskiego Urząd Miasta","lines":"B10, B11, B12, B13, C10, C15, C16, C19, M10, S10, S11, S12, S12A, S13, S14, S15, W11","arr":["B10","B11","B12","B13","C10","C15","C16","C19","M10","S10","S11","S12","S12A","S13","S14","S15","W11"],"terminus":0,"mode":"bus","color":"#0059a9","colorDark":"#00294f","angle":142.1,"snapDist":1,"label":1}},{"type":"Feature","geometry":{"type":"Point","coordinates":[18.62016,49.958365]},"properties":{"name":"Al. Piechoczka - Pszczyńska","lines":"B10, B11, B13, C15, S10, S11, S12, S12A, S13, S14, S15, S16, W11","arr":["B10","B11","B13","C15","S10","S11","S12","S12A","S13","S14","S15","S16","W11"],"terminus":0,"mode":"bus","color":"#0059a9","colorDark":"#00294f","angle":52.5,"snapDist":1,"label":1}},{"type":"Feature","geometry":{"type":"Point","coordinates":[18.621228,49.960028]},"properties":{"name":"Pszczyńska - Rybnicka","lines":"B10, B11, B13, S10, S11, S12, S12A, S13, S14, S15, S16, W11","arr":["B10","B11","B13","S10","S11","S12","S12A","S13","S14","S15","S16","W11"],"terminus":0,"mode":"bus","color":"#0059a9","colorDark":"#00294f","angle":-46.5,"snapDist":7,"label":1}},{"type":"Feature","geometry":{"type":"Point","coordinates":[18.631505,49.962109]},"properties":{"name":"Pszczyńska - Dębina","lines":"B10, B11, B13","arr":["B10","B11","B13"],"terminus":0,"mode":"bus","color":"#0059a9","colorDark":"#00294f","angle":153.1,"snapDist":4,"label":1}},{"type":"Feature","geometry":{"type":"Point","coordinates":[18.637507,49.96214]},"properties":{"name":"Pszczyńska Obwodnica","lines":"B10, B11, B13","arr":["B10","B11","B13"],"terminus":0,"mode":"bus","color":"#0059a9","colorDark":"#00294f","angle":205.1,"snapDist":6,"label":1}},{"type":"Feature","geometry":{"type":"Point","coordinates":[18.661631,49.958445]},"properties":{"name":"Bzie Pomnik","lines":"B10, B11, B13","arr":["B10","B11","B13"],"terminus":0,"mode":"bus","color":"#0059a9","colorDark":"#00294f","angle":178.9,"snapDist":4,"label":1}},{"type":"Feature","geometry":{"type":"Point","coordinates":[18.670395,49.961639]},"properties":{"name":"Pniówek Orla","lines":"B10, B12","arr":["B10","B12"],"terminus":0,"mode":"bus","color":"#0059a9","colorDark":"#00294f","angle":109.3,"snapDist":0,"label":1}},{"type":"Feature","geometry":{"type":"Point","coordinates":[18.673475,49.964503]},"properties":{"name":"Pniówek Wieś","lines":"B10, B12, L-4","arr":["B10","B12","L-4"],"terminus":1,"mode":"bus","color":"#0059a9","colorDark":"#00294f","angle":191.2,"snapDist":5,"label":1}},{"type":"Feature","geometry":{"type":"Point","coordinates":[18.663608,49.95863]},"properties":{"name":"Bzie Pomnik","lines":"B10, B11, B13","arr":["B10","B11","B13"],"terminus":0,"mode":"bus","color":"#0059a9","colorDark":"#00294f","angle":349.7,"snapDist":11,"label":0}},{"type":"Feature","geometry":{"type":"Point","coordinates":[18.630823,49.961887]},"properties":{"name":"Pszczyńska - Dębina","lines":"B10, B11, B13","arr":["B10","B11","B13"],"terminus":0,"mode":"bus","color":"#0059a9","colorDark":"#00294f","angle":333.1,"snapDist":12,"label":0}},{"type":"Feature","geometry":{"type":"Point","coordinates":[18.621907,49.960614]},"properties":{"name":"Pszczyńska - Rybnicka","lines":"B10, B11, B13, S10, S11, S12, S12A, S13, S14, S15, S16, W11","arr":["B10","B11","B13","S10","S11","S12","S12A","S13","S14","S15","S16","W11"],"terminus":0,"mode":"bus","color":"#0059a9","colorDark":"#00294f","angle":313.8,"snapDist":11,"label":0}},{"type":"Feature","geometry":{"type":"Point","coordinates":[18.60921,49.952746]},"properties":{"name":"Al. Piłsudskiego - Os. Morcinka","lines":"B10, B11, B12, B13, C10, C11, C12, C15, C19, M10, S10, S11, S12, S12A, S13, S14, S15, W11","arr":["B10","B11","B12","B13","C10","C11","C12","C15","C19","M10","S10","S11","S12","S12A","S13","S14","S15","W11"],"terminus":0,"mode":"bus","color":"#0059a9","colorDark":"#00294f","angle":2.4,"snapDist":16,"label":1}},{"type":"Feature","geometry":{"type":"Point","coordinates":[18.595598,49.950045]},"properties":{"name":"Al. Piłsudskiego - Os. Staszica","lines":"B10, B11, B12, B13, B14, C10, C11, C12, C13, C15, C19, M10, R10, R11, S10, S12, S12A, S14, S15, W09, W10, W11","arr":["B10","B11","B12","B13","B14","C10","C11","C12","C13","C15","C19","M10","R10","R11","S10","S12","S12A","S14","S15","W09","W10","W11"],"terminus":0,"mode":"bus","color":"#0059a9","colorDark":"#00294f","angle":344.4,"snapDist":1,"label":1}},{"type":"Feature","geometry":{"type":"Point","coordinates":[18.584515,49.948265]},"properties":{"name":"Szpital Wojewódzki","lines":"B10, C12, C13, C18, M10, S12, S12A, S14, S16, W09, W11","arr":["B10","C12","C13","C18","M10","S12","S12A","S14","S16","W09","W11"],"terminus":0,"mode":"bus","color":"#0059a9","colorDark":"#00294f","angle":320,"snapDist":5,"label":0}},{"type":"Feature","geometry":{"type":"Point","coordinates":[18.573139,49.944931]},"properties":{"name":"Dworzec Zdrój","lines":"B10, B11, C11, C12, C18, M10, R10, R11, S11, S13, S14, W09","arr":["B10","B11","C11","C12","C18","M10","R10","R11","S11","S13","S14","W09"],"terminus":1,"mode":"bus","color":"#0059a9","colorDark":"#00294f","angle":138.9,"snapDist":0,"label":0}},{"type":"Feature","geometry":{"type":"Point","coordinates":[18.564829,49.947041]},"properties":{"name":"1 Maja - K. Miarki","lines":"B10, B11, C12, C16, C18, S13","arr":["B10","B11","C12","C16","C18","S13"],"terminus":0,"mode":"bus","color":"#0059a9","colorDark":"#00294f","angle":337.3,"snapDist":4,"label":0}},{"type":"Feature","geometry":{"type":"Point","coordinates":[18.558088,49.941985]},"properties":{"name":"Armii Krajowej - Kasztanowa","lines":"B10, B11, C16, C18, M10, S13, W09","arr":["B10","B11","C16","C18","M10","S13","W09"],"terminus":0,"mode":"bus","color":"#0059a9","colorDark":"#00294f","angle":198.2,"snapDist":2,"label":0}},{"type":"Feature","geometry":{"type":"Point","coordinates":[18.677655,49.958257]},"properties":{"name":"Pniówek Las","lines":"B11","arr":["B11"],"terminus":0,"mode":"bus","color":"#0059a9","colorDark":"#00294f","angle":6,"snapDist":4,"label":1}},{"type":"Feature","geometry":{"type":"Point","coordinates":[18.602219,49.955711]},"properties":{"name":"Jastrzębie Dworzec Główny","lines":"B11, C11, C16, S11, S13","arr":["B11","C11","C16","S11","S13"],"terminus":0,"mode":"bus","color":"#0059a9","colorDark":"#00294f","angle":333.4,"snapDist":0,"label":1}},{"type":"Feature","geometry":{"type":"Point","coordinates":[18.597109,49.954273]},"properties":{"name":"Warszawska","lines":"B11, C11, C16, S13","arr":["B11","C11","C16","S13"],"terminus":0,"mode":"bus","color":"#0059a9","colorDark":"#00294f","angle":282.8,"snapDist":9,"label":1}},{"type":"Feature","geometry":{"type":"Point","coordinates":[18.581496,49.949438]},"properties":{"name":"11 Listopada Szkoła","lines":"B11, B13, B14, C10, C11, C17, C19, R10, R11, W10","arr":["B11","B13","B14","C10","C11","C17","C19","R10","R11","W10"],"terminus":0,"mode":"bus","color":"#0059a9","colorDark":"#00294f","angle":331.2,"snapDist":5,"label":1}},{"type":"Feature","geometry":{"type":"Point","coordinates":[18.576555,49.950149]},"properties":{"name":"Urząd Skarbowy","lines":"B11, B13, B14, C10, C11, C17, C19, R10, R11, W10","arr":["B11","B13","B14","C10","C11","C17","C19","R10","R11","W10"],"terminus":0,"mode":"bus","color":"#0059a9","colorDark":"#00294f","angle":66.3,"snapDist":0,"label":1}},{"type":"Feature","geometry":{"type":"Point","coordinates":[18.582664,49.94985]},"properties":{"name":"11 Listopada Szkoła","lines":"B11, B13, B14, C10, C16, C17, C19, W10","arr":["B11","B13","B14","C10","C16","C17","C19","W10"],"terminus":0,"mode":"bus","color":"#0059a9","colorDark":"#00294f","angle":150.2,"snapDist":5,"label":0}},{"type":"Feature","geometry":{"type":"Point","coordinates":[18.674266,49.958481]},"properties":{"name":"Pniówek Las","lines":"B11","arr":["B11"],"terminus":0,"mode":"bus","color":"#0059a9","colorDark":"#00294f","angle":185.6,"snapDist":5,"label":1}},{"type":"Feature","geometry":{"type":"Point","coordinates":[18.610045,49.945436]},"properties":{"name":"Dworzec Arki Bożka","lines":"B12, B14, B15, C13, C14, C16, C17, C18, R10, R11, S10, S16","arr":["B12","B14","B15","C13","C14","C16","C17","C18","R10","R11","S10","S16"],"terminus":1,"mode":"bus","color":"#0059a9","colorDark":"#00294f","angle":354.4,"snapDist":4,"label":1}},{"type":"Feature","geometry":{"type":"Point","coordinates":[18.601811,49.941259]},"properties":{"name":"Podhalańska Wodociągi","lines":"B12, B15, C14, C16, C17, C18, R10, R11, S10, S16","arr":["B12","B15","C14","C16","C17","C18","R10","R11","S10","S16"],"terminus":0,"mode":"bus","color":"#0059a9","colorDark":"#00294f","angle":331,"snapDist":0,"label":1}},{"type":"Feature","geometry":{"type":"Point","coordinates":[18.5952,49.941409]},"properties":{"name":"Małopolska","lines":"B12, C16, C17, C18, S16","arr":["B12","C16","C17","C18","S16"],"terminus":0,"mode":"bus","color":"#0059a9","colorDark":"#00294f","angle":328,"snapDist":4,"label":1}},{"type":"Feature","geometry":{"type":"Point","coordinates":[18.591073,49.943484]},"properties":{"name":"Cieszyńska - Os.Tuwima","lines":"B12, C15, C17, C18, S10, S15, S16","arr":["B12","C15","C17","C18","S10","S15","S16"],"terminus":0,"mode":"bus","color":"#0059a9","colorDark":"#00294f","angle":75.1,"snapDist":3,"label":1}},{"type":"Feature","geometry":{"type":"Point","coordinates":[18.618326,49.952432]},"properties":{"name":"Graniczna Szkoła","lines":"B12, C10, C16, C19, M10, S16","arr":["B12","C10","C16","C19","M10","S16"],"terminus":0,"mode":"bus","color":"#0059a9","colorDark":"#00294f","angle":227.9,"snapDist":5,"label":1}},{"type":"Feature","geometry":{"type":"Point","coordinates":[18.622158,49.950282]},"properties":{"name":"Graniczna GSM","lines":"B12, C10, C16, C19, M10, S16","arr":["B12","C10","C16","C19","M10","S16"],"terminus":0,"mode":"bus","color":"#0059a9","colorDark":"#00294f","angle":239.5,"snapDist":5,"label":1}},{"type":"Feature","geometry":{"type":"Point","coordinates":[18.639776,49.942128]},"properties":{"name":"Cicha - Rolnicza","lines":"B12, B14","arr":["B12","B14"],"terminus":0,"mode":"bus","color":"#0059a9","colorDark":"#00294f","angle":43.1,"snapDist":3,"label":1}},{"type":"Feature","geometry":{"type":"Point","coordinates":[18.646858,49.937151]},"properties":{"name":"Bzie Zameckie","lines":"B12, B13, B14, B15","arr":["B12","B13","B14","B15"],"terminus":0,"mode":"bus","color":"#0059a9","colorDark":"#00294f","angle":91.5,"snapDist":3,"label":1}},{"type":"Feature","geometry":{"type":"Point","coordinates":[18.655844,49.94342]},"properties":{"name":"Bzie - Gospodarska","lines":"B12, B13, B14, B15","arr":["B12","B13","B14","B15"],"terminus":0,"mode":"bus","color":"#0059a9","colorDark":"#00294f","angle":187.9,"snapDist":2,"label":1}},{"type":"Feature","geometry":{"type":"Point","coordinates":[18.663766,49.949705]},"properties":{"name":"Bzie Szkoła","lines":"B12, B13, B14, B15","arr":["B12","B13","B14","B15"],"terminus":1,"mode":"bus","color":"#0059a9","colorDark":"#00294f","angle":115.8,"snapDist":1,"label":1}},{"type":"Feature","geometry":{"type":"Point","coordinates":[18.664311,49.954864]},"properties":{"name":"Bzie Górne","lines":"B12, B13","arr":["B12","B13"],"terminus":0,"mode":"bus","color":"#0059a9","colorDark":"#00294f","angle":100.9,"snapDist":2,"label":1}},{"type":"Feature","geometry":{"type":"Point","coordinates":[18.663748,49.949984]},"properties":{"name":"Bzie Szkoła","lines":"B12, B13, B14, B15","arr":["B12","B13","B14","B15"],"terminus":1,"mode":"bus","color":"#0059a9","colorDark":"#00294f","angle":52.3,"snapDist":3,"label":0}},{"type":"Feature","geometry":{"type":"Point","coordinates":[18.655375,49.943465]},"properties":{"name":"Bzie - Gospodarska","lines":"B12, B13, B14, B15","arr":["B12","B13","B14","B15"],"terminus":0,"mode":"bus","color":"#0059a9","colorDark":"#00294f","angle":8.6,"snapDist":7,"label":0}},{"type":"Feature","geometry":{"type":"Point","coordinates":[18.622781,49.949765]},"properties":{"name":"Graniczna GSM","lines":"B12, C10, C11, C12, C19, M10, S16","arr":["B12","C10","C11","C12","C19","M10","S16"],"terminus":0,"mode":"bus","color":"#0059a9","colorDark":"#00294f","angle":37.2,"snapDist":3,"label":0}},{"type":"Feature","geometry":{"type":"Point","coordinates":[18.617197,49.953562]},"properties":{"name":"Graniczna Szkoła","lines":"B12, C10, C11, C12, C19, M10, S16","arr":["B12","C10","C11","C12","C19","M10","S16"],"terminus":0,"mode":"bus","color":"#0059a9","colorDark":"#00294f","angle":68.1,"snapDist":1,"label":0}},{"type":"Feature","geometry":{"type":"Point","coordinates":[18.596667,49.941984]},"properties":{"name":"Małopolska","lines":"B12, C11, C17, C18, S16","arr":["B12","C11","C17","C18","S16"],"terminus":0,"mode":"bus","color":"#0059a9","colorDark":"#00294f","angle":161.1,"snapDist":23,"label":0}},{"type":"Feature","geometry":{"type":"Point","coordinates":[18.601085,49.940994]},"properties":{"name":"Podhalańska Wodociągi","lines":"B12, B15, C11, C12, C17, C18, R10, R11, S10, S16","arr":["B12","B15","C11","C12","C17","C18","R10","R11","S10","S16"],"terminus":0,"mode":"bus","color":"#0059a9","colorDark":"#00294f","angle":151.4,"snapDist":8,"label":0}},{"type":"Feature","geometry":{"type":"Point","coordinates":[18.657752,49.921449]},"properties":{"name":"Bzie Dolne","lines":"B13, B14","arr":["B13","B14"],"terminus":1,"mode":"bus","color":"#0059a9","colorDark":"#00294f","angle":270.6,"snapDist":9,"label":1}},{"type":"Feature","geometry":{"type":"Point","coordinates":[18.653265,49.92652]},"properties":{"name":"Bzie - Kłosowa","lines":"B13, B14","arr":["B13","B14"],"terminus":0,"mode":"bus","color":"#0059a9","colorDark":"#00294f","angle":218.9,"snapDist":14,"label":1}},{"type":"Feature","geometry":{"type":"Point","coordinates":[18.649195,49.929413]},"properties":{"name":"Bzie - Żytnia","lines":"B13, B14","arr":["B13","B14"],"terminus":0,"mode":"bus","color":"#0059a9","colorDark":"#00294f","angle":44.1,"snapDist":4,"label":1}},{"type":"Feature","geometry":{"type":"Point","coordinates":[18.571328,49.948793]},"properties":{"name":"1 Maja Park","lines":"B13, C11, C13, C19","arr":["B13","C11","C13","C19"],"terminus":0,"mode":"bus","color":"#0059a9","colorDark":"#00294f","angle":336.6,"snapDist":3,"label":1}},{"type":"Feature","geometry":{"type":"Point","coordinates":[18.646936,49.936445]},"properties":{"name":"Bzie Zameckie","lines":"B13, B14, B15","arr":["B13","B14","B15"],"terminus":0,"mode":"bus","color":"#0059a9","colorDark":"#00294f","angle":264.3,"snapDist":5,"label":0}},{"type":"Feature","geometry":{"type":"Point","coordinates":[18.618238,49.946256]},"properties":{"name":"Podhalańska - Os.Barbary","lines":"B14, C10, C11, C12, C19, M10, S16","arr":["B14","C10","C11","C12","C19","M10","S16"],"terminus":0,"mode":"bus","color":"#0059a9","colorDark":"#00294f","angle":176.6,"snapDist":3,"label":1}},{"type":"Feature","geometry":{"type":"Point","coordinates":[18.61744,49.946226]},"properties":{"name":"Podhalańska - Os.Barbary","lines":"B14, C10, C16, C19, M10, S16","arr":["B14","C10","C16","C19","M10","S16"],"terminus":0,"mode":"bus","color":"#0059a9","colorDark":"#00294f","angle":356.3,"snapDist":0,"label":0}},{"type":"Feature","geometry":{"type":"Point","coordinates":[18.609674,49.945413]},"properties":{"name":"Dworzec Arki Bożka","lines":"B14, C10, C11, C12, C19, M10, R10, R11, S16, W09, W10","arr":["B14","C10","C11","C12","C19","M10","R10","R11","S16","W09","W10"],"terminus":1,"mode":"bus","color":"#0059a9","colorDark":"#00294f","angle":354,"snapDist":3,"label":0}},{"type":"Feature","geometry":{"type":"Point","coordinates":[18.641296,49.930102]},"properties":{"name":"Libowiec - Budowlana","lines":"B15","arr":["B15"],"terminus":0,"mode":"bus","color":"#0059a9","colorDark":"#00294f","angle":327.9,"snapDist":16,"label":1}},{"type":"Feature","geometry":{"type":"Point","coordinates":[18.635178,49.926598]},"properties":{"name":"Libowiec - Kolonia Jana","lines":"B15","arr":["B15"],"terminus":0,"mode":"bus","color":"#0059a9","colorDark":"#00294f","angle":312.4,"snapDist":4,"label":1}},{"type":"Feature","geometry":{"type":"Point","coordinates":[18.625805,49.925964]},"properties":{"name":"Libowiec - Matejki","lines":"B15","arr":["B15"],"terminus":0,"mode":"bus","color":"#0059a9","colorDark":"#00294f","angle":12.8,"snapDist":14,"label":1}},{"type":"Feature","geometry":{"type":"Point","coordinates":[18.612894,49.92894]},"properties":{"name":"Libowiec - Okrzei","lines":"B15","arr":["B15"],"terminus":0,"mode":"bus","color":"#0059a9","colorDark":"#00294f","angle":339.4,"snapDist":13,"label":1}},{"type":"Feature","geometry":{"type":"Point","coordinates":[18.602402,49.927716]},"properties":{"name":"Ruptawa Boisko","lines":"B15","arr":["B15"],"terminus":0,"mode":"bus","color":"#0059a9","colorDark":"#00294f","angle":343.1,"snapDist":2,"label":1}},{"type":"Feature","geometry":{"type":"Point","coordinates":[18.600121,49.925977]},"properties":{"name":"Ruptawa Centrum","lines":"B15, C12, C14, R10, R11","arr":["B15","C12","C14","R10","R11"],"terminus":0,"mode":"bus","color":"#0059a9","colorDark":"#00294f","angle":-83,"snapDist":12,"label":1}},{"type":"Feature","geometry":{"type":"Point","coordinates":[18.602114,49.921858]},"properties":{"name":"Ruptawa Szkoła","lines":"B15, C12, C14","arr":["B15","C12","C14"],"terminus":0,"mode":"bus","color":"#0059a9","colorDark":"#00294f","angle":96.8,"snapDist":8,"label":1}},{"type":"Feature","geometry":{"type":"Point","coordinates":[18.600131,49.926308]},"properties":{"name":"Ruptawa Centrum","lines":"B15, C12, C14, R10, R11","arr":["B15","C12","C14","R10","R11"],"terminus":0,"mode":"bus","color":"#0059a9","colorDark":"#00294f","angle":88.5,"snapDist":9,"label":0}},{"type":"Feature","geometry":{"type":"Point","coordinates":[18.596358,49.935513]},"properties":{"name":"Ruptawa Cmentarz","lines":"B15, C12, C14, R10, R11","arr":["B15","C12","C14","R10","R11"],"terminus":0,"mode":"bus","color":"#0059a9","colorDark":"#00294f","angle":227.1,"snapDist":4,"label":1}},{"type":"Feature","geometry":{"type":"Point","coordinates":[18.597777,49.940305]},"properties":{"name":"Podhalańska Cmentarz","lines":"B15, C12, R10, R11, S10","arr":["B15","C12","R10","R11","S10"],"terminus":0,"mode":"bus","color":"#0059a9","colorDark":"#00294f","angle":158.6,"snapDist":1,"label":1}},{"type":"Feature","geometry":{"type":"Point","coordinates":[18.594091,49.939339]},"properties":{"name":"Podhalańska - Rondo Ruptawskie","lines":"B15, C14, R10, R11, S10","arr":["B15","C14","R10","R11","S10"],"terminus":0,"mode":"bus","color":"#0059a9","colorDark":"#00294f","angle":332.7,"snapDist":0,"label":1}},{"type":"Feature","geometry":{"type":"Point","coordinates":[18.614998,49.928732]},"properties":{"name":"Libowiec - Okrzei","lines":"B15","arr":["B15"],"terminus":0,"mode":"bus","color":"#0059a9","colorDark":"#00294f","angle":210.2,"snapDist":5,"label":0}},{"type":"Feature","geometry":{"type":"Point","coordinates":[18.626643,49.925872]},"properties":{"name":"Libowiec - Matejki","lines":"B15","arr":["B15"],"terminus":0,"mode":"bus","color":"#0059a9","colorDark":"#00294f","angle":189.6,"snapDist":18,"label":0}},{"type":"Feature","geometry":{"type":"Point","coordinates":[18.636332,49.927403]},"properties":{"name":"Libowiec - Kolonia Jana","lines":"B15","arr":["B15"],"terminus":0,"mode":"bus","color":"#0059a9","colorDark":"#00294f","angle":133,"snapDist":4,"label":0}},{"type":"Feature","geometry":{"type":"Point","coordinates":[18.643614,49.930947]},"properties":{"name":"Libowiec - Budowlana","lines":"B15","arr":["B15"],"terminus":0,"mode":"bus","color":"#0059a9","colorDark":"#00294f","angle":163.4,"snapDist":9,"label":0}},{"type":"Feature","geometry":{"type":"Point","coordinates":[18.576111,49.95551]},"properties":{"name":"Jastrzębie Dolne - Połomska","lines":"C10, C13, C15, C17, S13","arr":["C10","C13","C15","C17","S13"],"terminus":0,"mode":"bus","color":"#0059a9","colorDark":"#00294f","angle":70.6,"snapDist":0,"label":1}},{"type":"Feature","geometry":{"type":"Point","coordinates":[18.574771,49.959662]},"properties":{"name":"Połomska Szpital","lines":"C10, C13, C15, C17, S13","arr":["C10","C13","C15","C17","S13"],"terminus":0,"mode":"bus","color":"#0059a9","colorDark":"#00294f","angle":111.3,"snapDist":4,"label":1}},{"type":"Feature","geometry":{"type":"Point","coordinates":[18.574407,49.965098]},"properties":{"name":"Os. Przyjaźń Szkoła","lines":"C10, C13, C15, C17, S13","arr":["C10","C13","C15","C17","S13"],"terminus":0,"mode":"bus","color":"#0059a9","colorDark":"#00294f","angle":121.1,"snapDist":5,"label":1}},{"type":"Feature","geometry":{"type":"Point","coordinates":[18.571198,49.963093]},"properties":{"name":"Os. Przyjaźń - Moniuszki","lines":"C10, C13, C15, C17, S13","arr":["C10","C13","C15","C17","S13"],"terminus":0,"mode":"bus","color":"#0059a9","colorDark":"#00294f","angle":279.8,"snapDist":5,"label":1}},{"type":"Feature","geometry":{"type":"Point","coordinates":[18.566893,49.963357]},"properties":{"name":"KWK Jas-Mos","lines":"C10, C13, C15, C17, S13","arr":["C10","C13","C15","C17","S13"],"terminus":1,"mode":"bus","color":"#0059a9","colorDark":"#00294f","angle":66.8,"snapDist":4,"label":1}},{"type":"Feature","geometry":{"type":"Point","coordinates":[18.57576,49.954899]},"properties":{"name":"Jastrzębie Dolne Rondo","lines":"C10, C13, C17, S11","arr":["C10","C13","C17","S11"],"terminus":0,"mode":"bus","color":"#0059a9","colorDark":"#00294f","angle":340.8,"snapDist":0,"label":1}},{"type":"Feature","geometry":{"type":"Point","coordinates":[18.5746,49.950918]},"properties":{"name":"Zdrojowa","lines":"C10, C13, C17, C19, S11, S13, W10","arr":["C10","C13","C17","C19","S11","S13","W10"],"terminus":0,"mode":"bus","color":"#0059a9","colorDark":"#00294f","angle":244,"snapDist":7,"label":1}},{"type":"Feature","geometry":{"type":"Point","coordinates":[18.584662,49.936747]},"properties":{"name":"Chlebowa Pętla","lines":"C11, C15, C16, R10, R11, S11, S16","arr":["C11","C15","C16","R10","R11","S11","S16"],"terminus":1,"mode":"bus","color":"#0059a9","colorDark":"#00294f","angle":357.2,"snapDist":2,"label":1}},{"type":"Feature","geometry":{"type":"Point","coordinates":[18.585241,49.937719]},"properties":{"name":"Jagiełły - Kusocińskiego","lines":"C11, C12, C14, C15, C16, S15","arr":["C11","C12","C14","C15","C16","S15"],"terminus":0,"mode":"bus","color":"#0059a9","colorDark":"#00294f","angle":182.2,"snapDist":2,"label":1}},{"type":"Feature","geometry":{"type":"Point","coordinates":[18.590681,49.93827]},"properties":{"name":"Jagiełły OD Krokus","lines":"C11, C12, C15, S15","arr":["C11","C12","C15","S15"],"terminus":0,"mode":"bus","color":"#0059a9","colorDark":"#00294f","angle":158.2,"snapDist":4,"label":1}},{"type":"Feature","geometry":{"type":"Point","coordinates":[18.582261,49.942886]},"properties":{"name":"Kusocińskiego","lines":"C11, C16, S15, S16","arr":["C11","C16","S15","S16"],"terminus":0,"mode":"bus","color":"#0059a9","colorDark":"#00294f","angle":50.8,"snapDist":1,"label":1}},{"type":"Feature","geometry":{"type":"Point","coordinates":[18.600432,49.947266]},"properties":{"name":"Łowicka","lines":"C12, C13","arr":["C12","C13"],"terminus":0,"mode":"bus","color":"#0059a9","colorDark":"#00294f","angle":358.1,"snapDist":5,"label":1}},{"type":"Feature","geometry":{"type":"Point","coordinates":[18.546884,49.94398]},"properties":{"name":"Armii Krajowej - Ranoszka","lines":"C12, M10, W09","arr":["C12","M10","W09"],"terminus":0,"mode":"bus","color":"#0059a9","colorDark":"#00294f","angle":344.1,"snapDist":1,"label":1}},{"type":"Feature","geometry":{"type":"Point","coordinates":[18.546811,49.939078]},"properties":{"name":"Ranoszka - Komuny Paryskiej","lines":"C12, C14","arr":["C12","C14"],"terminus":0,"mode":"bus","color":"#0059a9","colorDark":"#00294f","angle":260.5,"snapDist":5,"label":1}},{"type":"Feature","geometry":{"type":"Point","coordinates":[18.545604,49.931013]},"properties":{"name":"Moszczenica Piaski","lines":"C12, C14","arr":["C12","C14"],"terminus":0,"mode":"bus","color":"#0059a9","colorDark":"#00294f","angle":336,"snapDist":3,"label":1}},{"type":"Feature","geometry":{"type":"Point","coordinates":[18.554177,49.935932]},"properties":{"name":"Wyzwolenia - Kasztanowa","lines":"C12","arr":["C12"],"terminus":0,"mode":"bus","color":"#0059a9","colorDark":"#00294f","angle":198.6,"snapDist":4,"label":1}},{"type":"Feature","geometry":{"type":"Point","coordinates":[18.563915,49.932295]},"properties":{"name":"Moszczenica - Wyzwolenia","lines":"C12","arr":["C12"],"terminus":0,"mode":"bus","color":"#0059a9","colorDark":"#00294f","angle":218.5,"snapDist":18,"label":1}},{"type":"Feature","geometry":{"type":"Point","coordinates":[18.573687,49.930522]},"properties":{"name":"Ruptawa - Chlebowa","lines":"C12, C14","arr":["C12","C14"],"terminus":0,"mode":"bus","color":"#0059a9","colorDark":"#00294f","angle":122.8,"snapDist":5,"label":1}},{"type":"Feature","geometry":{"type":"Point","coordinates":[18.601457,49.947274]},"properties":{"name":"Łowicka","lines":"C13, C14","arr":["C13","C14"],"terminus":0,"mode":"bus","color":"#0059a9","colorDark":"#00294f","angle":178.2,"snapDist":6,"label":0}},{"type":"Feature","geometry":{"type":"Point","coordinates":[18.590264,49.938163]},"properties":{"name":"Jagiełły OD Krokus","lines":"C14, C15, C16, S15","arr":["C14","C15","C16","S15"],"terminus":0,"mode":"bus","color":"#0059a9","colorDark":"#00294f","angle":338.2,"snapDist":1,"label":0}},{"type":"Feature","geometry":{"type":"Point","coordinates":[18.563612,49.932449]},"properties":{"name":"Moszczenica - Wyzwolenia","lines":"C14","arr":["C14"],"terminus":0,"mode":"bus","color":"#0059a9","colorDark":"#00294f","angle":38.5,"snapDist":4,"label":0}},{"type":"Feature","geometry":{"type":"Point","coordinates":[18.553086,49.936166]},"properties":{"name":"Wyzwolenia - Kasztanowa","lines":"C14","arr":["C14"],"terminus":0,"mode":"bus","color":"#0059a9","colorDark":"#00294f","angle":19.4,"snapDist":5,"label":0}},{"type":"Feature","geometry":{"type":"Point","coordinates":[18.547223,49.944045]},"properties":{"name":"Armii Krajowej - Ranoszka","lines":"C14, M10, W09","arr":["C14","M10","W09"],"terminus":0,"mode":"bus","color":"#0059a9","colorDark":"#00294f","angle":163.3,"snapDist":2,"label":0}},{"type":"Feature","geometry":{"type":"Point","coordinates":[18.576921,49.955197]},"properties":{"name":"Jastrzębie Dolne Rondo","lines":"C15, S11, S13","arr":["C15","S11","S13"],"terminus":0,"mode":"bus","color":"#0059a9","colorDark":"#00294f","angle":125.7,"snapDist":5,"label":0}},{"type":"Feature","geometry":{"type":"Point","coordinates":[18.582098,49.957966]},"properties":{"name":"Pszczyńska - Prusa","lines":"C15, S11, S13","arr":["C15","S11","S13"],"terminus":0,"mode":"bus","color":"#0059a9","colorDark":"#00294f","angle":149.6,"snapDist":5,"label":1}},{"type":"Feature","geometry":{"type":"Point","coordinates":[18.592039,49.959813]},"properties":{"name":"Pszczyńska - Wierzyńskiego","lines":"C15, S11, S13","arr":["C15","S11","S13"],"terminus":0,"mode":"bus","color":"#0059a9","colorDark":"#00294f","angle":161.8,"snapDist":0,"label":1}},{"type":"Feature","geometry":{"type":"Point","coordinates":[18.597446,49.959363]},"properties":{"name":"Jastrzębie Górne Kościół","lines":"C15, S11, S13","arr":["C15","S11","S13"],"terminus":0,"mode":"bus","color":"#0059a9","colorDark":"#00294f","angle":197.1,"snapDist":1,"label":1}},{"type":"Feature","geometry":{"type":"Point","coordinates":[18.6082,49.957646]},"properties":{"name":"Jastrzębie Górne - Stodoły","lines":"C15, S11, S13","arr":["C15","S11","S13"],"terminus":0,"mode":"bus","color":"#0059a9","colorDark":"#00294f","angle":178.8,"snapDist":1,"label":1}},{"type":"Feature","geometry":{"type":"Point","coordinates":[18.607749,49.957655]},"properties":{"name":"Jastrzębie Górne - Stodoły","lines":"C15, S11, S13","arr":["C15","S11","S13"],"terminus":0,"mode":"bus","color":"#0059a9","colorDark":"#00294f","angle":3.3,"snapDist":2,"label":0}},{"type":"Feature","geometry":{"type":"Point","coordinates":[18.596923,49.959467]},"properties":{"name":"Jastrzębie Górne Kościół","lines":"C15, S11, S13","arr":["C15","S11","S13"],"terminus":0,"mode":"bus","color":"#0059a9","colorDark":"#00294f","angle":17.1,"snapDist":1,"label":0}},{"type":"Feature","geometry":{"type":"Point","coordinates":[18.582873,49.958231]},"properties":{"name":"Pszczyńska - Prusa","lines":"C15, S11, S13","arr":["C15","S11","S13"],"terminus":0,"mode":"bus","color":"#0059a9","colorDark":"#00294f","angle":332.7,"snapDist":16,"label":0}},{"type":"Feature","geometry":{"type":"Point","coordinates":[18.56888,49.959284]},"properties":{"name":"Os. Bogoczowiec","lines":"C19","arr":["C19"],"terminus":1,"mode":"bus","color":"#0059a9","colorDark":"#00294f","angle":73.7,"snapDist":2,"label":1}},{"type":"Feature","geometry":{"type":"Point","coordinates":[18.563626,49.956396]},"properties":{"name":"Boża Góra Prawa","lines":"C19","arr":["C19"],"terminus":0,"mode":"bus","color":"#0059a9","colorDark":"#00294f","angle":157.5,"snapDist":1,"label":1}},{"type":"Feature","geometry":{"type":"Point","coordinates":[18.572067,49.955152]},"properties":{"name":"Wodzisławska","lines":"C19, S13, W10","arr":["C19","S13","W10"],"terminus":0,"mode":"bus","color":"#0059a9","colorDark":"#00294f","angle":205.2,"snapDist":2,"label":1}},{"type":"Feature","geometry":{"type":"Point","coordinates":[18.570408,49.958792]},"properties":{"name":"Górnicza","lines":"C19, S13","arr":["C19","S13"],"terminus":0,"mode":"bus","color":"#0059a9","colorDark":"#00294f","angle":79.8,"snapDist":11,"label":1}},{"type":"Feature","geometry":{"type":"Point","coordinates":[18.718186,49.962204]},"properties":{"name":"Pawłowice UG","lines":"L-1, L-2, L-4, L-6","arr":["L-1","L-2","L-4","L-6"],"terminus":0,"mode":"bus","color":"#0059a9","colorDark":"#00294f","angle":276.1,"snapDist":4,"label":1}},{"type":"Feature","geometry":{"type":"Point","coordinates":[18.717585,49.954681]},"properties":{"name":"Pawłowice Piekarnia","lines":"L-1, L-2, L-5, L-6","arr":["L-1","L-2","L-5","L-6"],"terminus":0,"mode":"bus","color":"#0059a9","colorDark":"#00294f","angle":287.7,"snapDist":3,"label":1}},{"type":"Feature","geometry":{"type":"Point","coordinates":[18.716213,49.950808]},"properties":{"name":"Pawłowice PKP","lines":"L-1, L-2, L-5, L-6","arr":["L-1","L-2","L-5","L-6"],"terminus":0,"mode":"bus","color":"#0059a9","colorDark":"#00294f","angle":113.4,"snapDist":3,"label":1}},{"type":"Feature","geometry":{"type":"Point","coordinates":[18.713603,49.946923]},"properties":{"name":"Pawłowice Pętla","lines":"L-1, L-2, L-5, L-6","arr":["L-1","L-2","L-5","L-6"],"terminus":0,"mode":"bus","color":"#0059a9","colorDark":"#00294f","angle":298.7,"snapDist":5,"label":1}},{"type":"Feature","geometry":{"type":"Point","coordinates":[18.702666,49.938258]},"properties":{"name":"Golasowice Kolonia","lines":"L-1, L-2, L-6","arr":["L-1","L-2","L-6"],"terminus":0,"mode":"bus","color":"#0059a9","colorDark":"#00294f","angle":309.2,"snapDist":14,"label":1}},{"type":"Feature","geometry":{"type":"Point","coordinates":[18.697212,49.933999]},"properties":{"name":"Golasowice SKR","lines":"L-1, L-6","arr":["L-1","L-6"],"terminus":0,"mode":"bus","color":"#0059a9","colorDark":"#00294f","angle":308,"snapDist":9,"label":1}},{"type":"Feature","geometry":{"type":"Point","coordinates":[18.693311,49.923737]},"properties":{"name":"Golasowice Skrzyżowanie","lines":"L-1","arr":["L-1"],"terminus":0,"mode":"bus","color":"#0059a9","colorDark":"#00294f","angle":-78.4,"snapDist":12,"label":1}},{"type":"Feature","geometry":{"type":"Point","coordinates":[18.686211,49.917513]},"properties":{"name":"Golasowice Remiza","lines":"L-1","arr":["L-1"],"terminus":0,"mode":"bus","color":"#0059a9","colorDark":"#00294f","angle":305.3,"snapDist":7,"label":1}},{"type":"Feature","geometry":{"type":"Point","coordinates":[18.68136,49.9125]},"properties":{"name":"Golasowice Pętla","lines":"L-1, L-2, L-6","arr":["L-1","L-2","L-6"],"terminus":1,"mode":"bus","color":"#0059a9","colorDark":"#00294f","angle":93.2,"snapDist":19,"label":1}},{"type":"Feature","geometry":{"type":"Point","coordinates":[18.667376,49.907883]},"properties":{"name":"Pielgrzymowice Caritas","lines":"L-1, L-2","arr":["L-1","L-2"],"terminus":0,"mode":"bus","color":"#0059a9","colorDark":"#00294f","angle":328.2,"snapDist":5,"label":1}},{"type":"Feature","geometry":{"type":"Point","coordinates":[18.661829,49.905688]},"properties":{"name":"Pielgrzymowice Sklep","lines":"L-1, L-2","arr":["L-1","L-2"],"terminus":0,"mode":"bus","color":"#0059a9","colorDark":"#00294f","angle":328.4,"snapDist":8,"label":1}},{"type":"Feature","geometry":{"type":"Point","coordinates":[18.660624,49.904598]},"properties":{"name":"Pielgrzymowice II Bar","lines":"L-1, L-2","arr":["L-1","L-2"],"terminus":0,"mode":"bus","color":"#0059a9","colorDark":"#00294f","angle":73.4,"snapDist":3,"label":1}},{"type":"Feature","geometry":{"type":"Point","coordinates":[18.654612,49.899218]},"properties":{"name":"Pielgrzymowice OSP","lines":"L-1","arr":["L-1"],"terminus":0,"mode":"bus","color":"#0059a9","colorDark":"#00294f","angle":295.9,"snapDist":6,"label":1}},{"type":"Feature","geometry":{"type":"Point","coordinates":[18.648549,49.89546]},"properties":{"name":"Pielgrzymowice III","lines":"L-1","arr":["L-1"],"terminus":0,"mode":"bus","color":"#0059a9","colorDark":"#00294f","angle":327.7,"snapDist":5,"label":1}},{"type":"Feature","geometry":{"type":"Point","coordinates":[18.644257,49.892537]},"properties":{"name":"Pielgrzymowice IV","lines":"L-1","arr":["L-1"],"terminus":0,"mode":"bus","color":"#0059a9","colorDark":"#00294f","angle":318.2,"snapDist":9,"label":1}},{"type":"Feature","geometry":{"type":"Point","coordinates":[18.640203,49.897434]},"properties":{"name":"Pielgrzymowice Mała Strona","lines":"L-1","arr":["L-1"],"terminus":0,"mode":"bus","color":"#0059a9","colorDark":"#00294f","angle":-57.8,"snapDist":10,"label":1}},{"type":"Feature","geometry":{"type":"Point","coordinates":[18.645566,49.902152]},"properties":{"name":"Pielgrzymowice Sikorskiego","lines":"L-1","arr":["L-1"],"terminus":0,"mode":"bus","color":"#0059a9","colorDark":"#00294f","angle":130.1,"snapDist":0,"label":1}},{"type":"Feature","geometry":{"type":"Point","coordinates":[18.654382,49.909321]},"properties":{"name":"Pielgrzymowice Szkoła","lines":"L-1","arr":["L-1"],"terminus":0,"mode":"bus","color":"#0059a9","colorDark":"#00294f","angle":233,"snapDist":0,"label":1}},{"type":"Feature","geometry":{"type":"Point","coordinates":[18.686522,49.917852]},"properties":{"name":"Golasowice Remiza","lines":"L-1, L-6","arr":["L-1","L-6"],"terminus":0,"mode":"bus","color":"#0059a9","colorDark":"#00294f","angle":290.8,"snapDist":1,"label":0}},{"type":"Feature","geometry":{"type":"Point","coordinates":[18.697703,49.934377]},"properties":{"name":"Golasowice SKR","lines":"L-1, L-2, L-6","arr":["L-1","L-2","L-6"],"terminus":0,"mode":"bus","color":"#0059a9","colorDark":"#00294f","angle":129.4,"snapDist":4,"label":0}},{"type":"Feature","geometry":{"type":"Point","coordinates":[18.703016,49.938532]},"properties":{"name":"Golasowice Kolonia","lines":"L-1, L-2, L-6","arr":["L-1","L-2","L-6"],"terminus":0,"mode":"bus","color":"#0059a9","colorDark":"#00294f","angle":309.5,"snapDist":0,"label":0}},{"type":"Feature","geometry":{"type":"Point","coordinates":[18.716364,49.951041]},"properties":{"name":"Pawłowice PKP","lines":"L-1, L-2, L-5, L-6","arr":["L-1","L-2","L-5","L-6"],"terminus":0,"mode":"bus","color":"#0059a9","colorDark":"#00294f","angle":286.3,"snapDist":0,"label":0}},{"type":"Feature","geometry":{"type":"Point","coordinates":[18.698269,49.934235]},"properties":{"name":"Golasowice Reymonta","lines":"L-2","arr":["L-2"],"terminus":0,"mode":"bus","color":"#0059a9","colorDark":"#00294f","angle":174.9,"snapDist":1,"label":1}},{"type":"Feature","geometry":{"type":"Point","coordinates":[18.700801,49.92842]},"properties":{"name":"Golasowice Boisko","lines":"L-2","arr":["L-2"],"terminus":0,"mode":"bus","color":"#0059a9","colorDark":"#00294f","angle":271.9,"snapDist":1,"label":1}},{"type":"Feature","geometry":{"type":"Point","coordinates":[18.699896,49.923769]},"properties":{"name":"Golasowice Konopnickiej Skrzyżowanie","lines":"L-2, L-6","arr":["L-2","L-6"],"terminus":0,"mode":"bus","color":"#0059a9","colorDark":"#00294f","angle":277.2,"snapDist":1,"label":1}},{"type":"Feature","geometry":{"type":"Point","coordinates":[18.706272,49.922319]},"properties":{"name":"Golasowice Rańdówka","lines":"L-2, L-6","arr":["L-2","L-6"],"terminus":0,"mode":"bus","color":"#0059a9","colorDark":"#00294f","angle":294.5,"snapDist":0,"label":1}},{"type":"Feature","geometry":{"type":"Point","coordinates":[18.706254,49.91852]},"properties":{"name":"Jarząbkowice Tuwima","lines":"L-2, L-6","arr":["L-2","L-6"],"terminus":0,"mode":"bus","color":"#0059a9","colorDark":"#00294f","angle":259,"snapDist":6,"label":1}},{"type":"Feature","geometry":{"type":"Point","coordinates":[18.70861,49.909533]},"properties":{"name":"Jarząbkowice II Świetlica","lines":"L-2, L-6","arr":["L-2","L-6"],"terminus":0,"mode":"bus","color":"#0059a9","colorDark":"#00294f","angle":119.5,"snapDist":2,"label":1}},{"type":"Feature","geometry":{"type":"Point","coordinates":[18.709215,49.902484]},"properties":{"name":"Jarząbkowice I Sklep","lines":"L-2","arr":["L-2"],"terminus":0,"mode":"bus","color":"#0059a9","colorDark":"#00294f","angle":352.4,"snapDist":3,"label":1}},{"type":"Feature","geometry":{"type":"Point","coordinates":[18.696652,49.89997]},"properties":{"name":"Jarząbkowice Las","lines":"L-2","arr":["L-2"],"terminus":0,"mode":"bus","color":"#0059a9","colorDark":"#00294f","angle":69.7,"snapDist":3,"label":1}},{"type":"Feature","geometry":{"type":"Point","coordinates":[18.685676,49.901804]},"properties":{"name":"Golasowice Cieszyńska","lines":"L-2, L-6","arr":["L-2","L-6"],"terminus":0,"mode":"bus","color":"#0059a9","colorDark":"#00294f","angle":61.7,"snapDist":11,"label":1}},{"type":"Feature","geometry":{"type":"Point","coordinates":[18.685869,49.901576]},"properties":{"name":"Golasowice Cieszyńska","lines":"L-2","arr":["L-2"],"terminus":0,"mode":"bus","color":"#0059a9","colorDark":"#00294f","angle":240.7,"snapDist":8,"label":0}},{"type":"Feature","geometry":{"type":"Point","coordinates":[18.709914,49.902718]},"properties":{"name":"Jarząbkowice I Sklep","lines":"L-2","arr":["L-2"],"terminus":0,"mode":"bus","color":"#0059a9","colorDark":"#00294f","angle":119.5,"snapDist":0,"label":0}},{"type":"Feature","geometry":{"type":"Point","coordinates":[18.706175,49.91888]},"properties":{"name":"Jarząbkowice Tuwima","lines":"L-2","arr":["L-2"],"terminus":0,"mode":"bus","color":"#0059a9","colorDark":"#00294f","angle":83.7,"snapDist":0,"label":0}},{"type":"Feature","geometry":{"type":"Point","coordinates":[18.681527,49.896524]},"properties":{"name":"Pielgrzymowice Podlesie I","lines":"L-2","arr":["L-2"],"terminus":0,"mode":"bus","color":"#0059a9","colorDark":"#00294f","angle":327,"snapDist":11,"label":1}},{"type":"Feature","geometry":{"type":"Point","coordinates":[18.666936,49.892843]},"properties":{"name":"Pielgrzymowice Podlesie II","lines":"L-2","arr":["L-2"],"terminus":0,"mode":"bus","color":"#0059a9","colorDark":"#00294f","angle":349.1,"snapDist":11,"label":1}},{"type":"Feature","geometry":{"type":"Point","coordinates":[18.664257,49.899498]},"properties":{"name":"Pielgrzymowice Grunwaldzka","lines":"L-2","arr":["L-2"],"terminus":0,"mode":"bus","color":"#0059a9","colorDark":"#00294f","angle":64.4,"snapDist":5,"label":1}},{"type":"Feature","geometry":{"type":"Point","coordinates":[18.657783,49.9076]},"properties":{"name":"Pielgrzymowice Szkoła/Boisko","lines":"L-2","arr":["L-2"],"terminus":0,"mode":"bus","color":"#0059a9","colorDark":"#00294f","angle":48.2,"snapDist":24,"label":1}},{"type":"Feature","geometry":{"type":"Point","coordinates":[18.716046,49.963408]},"properties":{"name":"Pawłowice Szkoła","lines":"L-2","arr":["L-2"],"terminus":0,"mode":"bus","color":"#0059a9","colorDark":"#00294f","angle":85.6,"snapDist":2,"label":1}},{"type":"Feature","geometry":{"type":"Point","coordinates":[18.703848,49.961883]},"properties":{"name":"Pawłowice Osiedle Liceum","lines":"L-2, L-4, L-6","arr":["L-2","L-4","L-6"],"terminus":1,"mode":"bus","color":"#0059a9","colorDark":"#00294f","angle":262.5,"snapDist":3,"label":1}},{"type":"Feature","geometry":{"type":"Point","coordinates":[18.724087,49.96872]},"properties":{"name":"Pawłowice Wyzwolenia I","lines":"L-3","arr":["L-3"],"terminus":0,"mode":"bus","color":"#0059a9","colorDark":"#00294f","angle":156.9,"snapDist":1,"label":1}},{"type":"Feature","geometry":{"type":"Point","coordinates":[18.730624,49.968674]},"properties":{"name":"Pawłowice Wiadukt","lines":"L-3","arr":["L-3"],"terminus":0,"mode":"bus","color":"#0059a9","colorDark":"#00294f","angle":-9.1,"snapDist":6,"label":1}},{"type":"Feature","geometry":{"type":"Point","coordinates":[18.738326,49.971987]},"properties":{"name":"Pawłowice Wyzwolenia Baza","lines":"L-3","arr":["L-3"],"terminus":0,"mode":"bus","color":"#0059a9","colorDark":"#00294f","angle":125.2,"snapDist":9,"label":1}},{"type":"Feature","geometry":{"type":"Point","coordinates":[18.745985,49.975859]},"properties":{"name":"Pawłowice Koźle","lines":"L-3","arr":["L-3"],"terminus":0,"mode":"bus","color":"#0059a9","colorDark":"#00294f","angle":290.5,"snapDist":0,"label":1}},{"type":"Feature","geometry":{"type":"Point","coordinates":[18.759163,49.982734]},"properties":{"name":"Warszowice Kolonia Borki II","lines":"L-3","arr":["L-3"],"terminus":0,"mode":"bus","color":"#0059a9","colorDark":"#00294f","angle":163.5,"snapDist":1,"label":1}},{"type":"Feature","geometry":{"type":"Point","coordinates":[18.759402,49.988033]},"properties":{"name":"Mizerów Kolonia Borki","lines":"L-3","arr":["L-3"],"terminus":0,"mode":"bus","color":"#0059a9","colorDark":"#00294f","angle":103.4,"snapDist":1,"label":1}},{"type":"Feature","geometry":{"type":"Point","coordinates":[18.761656,49.990936]},"properties":{"name":"Mizerów Sklep","lines":"L-3","arr":["L-3"],"terminus":0,"mode":"bus","color":"#0059a9","colorDark":"#00294f","angle":76.8,"snapDist":2,"label":1}},{"type":"Feature","geometry":{"type":"Point","coordinates":[18.751431,49.995602]},"properties":{"name":"Warszowice Pszczyńska","lines":"L-3","arr":["L-3"],"terminus":0,"mode":"bus","color":"#0059a9","colorDark":"#00294f","angle":3.8,"snapDist":10,"label":1}},{"type":"Feature","geometry":{"type":"Point","coordinates":[18.739435,49.996229]},"properties":{"name":"Warszowice Zoll","lines":"L-3","arr":["L-3"],"terminus":0,"mode":"bus","color":"#0059a9","colorDark":"#00294f","angle":342.6,"snapDist":6,"label":1}},{"type":"Feature","geometry":{"type":"Point","coordinates":[18.729199,49.993625]},"properties":{"name":"Warszowice Tartak","lines":"L-3","arr":["L-3"],"terminus":0,"mode":"bus","color":"#0059a9","colorDark":"#00294f","angle":333.1,"snapDist":9,"label":1}},{"type":"Feature","geometry":{"type":"Point","coordinates":[18.712591,49.99239]},"properties":{"name":"Warszowice Wiadukt","lines":"L-3","arr":["L-3"],"terminus":1,"mode":"bus","color":"#0059a9","colorDark":"#00294f","angle":186.7,"snapDist":3,"label":1}},{"type":"Feature","geometry":{"type":"Point","coordinates":[18.729738,49.993799]},"properties":{"name":"Warszowice Tartak","lines":"L-3","arr":["L-3"],"terminus":0,"mode":"bus","color":"#0059a9","colorDark":"#00294f","angle":154.9,"snapDist":1,"label":0}},{"type":"Feature","geometry":{"type":"Point","coordinates":[18.738124,49.971804]},"properties":{"name":"Pawłowice Wyzwolenia Baza","lines":"L-3","arr":["L-3"],"terminus":0,"mode":"bus","color":"#0059a9","colorDark":"#00294f","angle":305.2,"snapDist":11,"label":0}},{"type":"Feature","geometry":{"type":"Point","coordinates":[18.698754,49.963509]},"properties":{"name":"Pawłowice Osiedle Sklep","lines":"L-4","arr":["L-4"],"terminus":0,"mode":"bus","color":"#0059a9","colorDark":"#00294f","angle":172.2,"snapDist":2,"label":1}},{"type":"Feature","geometry":{"type":"Point","coordinates":[18.710461,49.99225]},"properties":{"name":"Warszowice Kościół Ewangelicki","lines":"L-4","arr":["L-4"],"terminus":0,"mode":"bus","color":"#0059a9","colorDark":"#00294f","angle":165.3,"snapDist":6,"label":1}},{"type":"Feature","geometry":{"type":"Point","coordinates":[18.697324,49.990653]},"properties":{"name":"Krzyżowice PGR","lines":"L-4","arr":["L-4"],"terminus":0,"mode":"bus","color":"#0059a9","colorDark":"#00294f","angle":338.3,"snapDist":10,"label":1}},{"type":"Feature","geometry":{"type":"Point","coordinates":[18.691716,49.987319]},"properties":{"name":"Krzyżowice Stawy","lines":"L-4","arr":["L-4"],"terminus":0,"mode":"bus","color":"#0059a9","colorDark":"#00294f","angle":314,"snapDist":7,"label":1}},{"type":"Feature","geometry":{"type":"Point","coordinates":[18.683048,49.983357]},"properties":{"name":"Krzyżowice PKS","lines":"L-4","arr":["L-4"],"terminus":0,"mode":"bus","color":"#0059a9","colorDark":"#00294f","angle":167.7,"snapDist":6,"label":1}},{"type":"Feature","geometry":{"type":"Point","coordinates":[18.677322,49.982537]},"properties":{"name":"Krzyżowice Sklep","lines":"L-4","arr":["L-4"],"terminus":0,"mode":"bus","color":"#0059a9","colorDark":"#00294f","angle":177.6,"snapDist":4,"label":1}},{"type":"Feature","geometry":{"type":"Point","coordinates":[18.674143,49.985092]},"properties":{"name":"Krzyżowice Bajka-Śląska","lines":"L-4","arr":["L-4"],"terminus":0,"mode":"bus","color":"#0059a9","colorDark":"#00294f","angle":75.6,"snapDist":8,"label":1}},{"type":"Feature","geometry":{"type":"Point","coordinates":[18.664388,49.987524]},"properties":{"name":"Krzyżowice Kościół","lines":"L-4, S15","arr":["L-4","S15"],"terminus":1,"mode":"bus","color":"#0059a9","colorDark":"#00294f","angle":30.5,"snapDist":21,"label":1}},{"type":"Feature","geometry":{"type":"Point","coordinates":[18.675188,49.983584]},"properties":{"name":"Krzyżowice Zwycięstwa","lines":"L-4","arr":["L-4"],"terminus":0,"mode":"bus","color":"#0059a9","colorDark":"#00294f","angle":253.4,"snapDist":10,"label":1}},{"type":"Feature","geometry":{"type":"Point","coordinates":[18.734189,49.929323]},"properties":{"name":"Pawłowice Dębina","lines":"L-5","arr":["L-5"],"terminus":0,"mode":"bus","color":"#0059a9","colorDark":"#00294f","angle":264.9,"snapDist":16,"label":1}},{"type":"Feature","geometry":{"type":"Point","coordinates":[18.733751,49.928089]},"properties":{"name":"Pawłowice Leśna","lines":"L-5","arr":["L-5"],"terminus":0,"mode":"bus","color":"#0059a9","colorDark":"#00294f","angle":355.6,"snapDist":1,"label":1}},{"type":"Feature","geometry":{"type":"Point","coordinates":[18.726784,49.922261]},"properties":{"name":"Zbytków Centrum","lines":"L-5","arr":["L-5"],"terminus":0,"mode":"bus","color":"#0059a9","colorDark":"#00294f","angle":234.2,"snapDist":25,"label":1}},{"type":"Feature","geometry":{"type":"Point","coordinates":[18.737065,49.9176]},"properties":{"name":"Zbytków","lines":"L-5","arr":["L-5"],"terminus":0,"mode":"bus","color":"#0059a9","colorDark":"#00294f","angle":214.2,"snapDist":12,"label":1}},{"type":"Feature","geometry":{"type":"Point","coordinates":[18.752701,49.914751]},"properties":{"name":"Strumień Dworzec Kolejowy","lines":"L-5","arr":["L-5"],"terminus":0,"mode":"bus","color":"#0059a9","colorDark":"#00294f","angle":164,"snapDist":2,"label":1}},{"type":"Feature","geometry":{"type":"Point","coordinates":[18.76386,49.917067]},"properties":{"name":"Strumień RYNEK","lines":"L-5","arr":["L-5"],"terminus":1,"mode":"bus","color":"#0059a9","colorDark":"#00294f","angle":69.2,"snapDist":3,"label":1}},{"type":"Feature","geometry":{"type":"Point","coordinates":[18.752197,49.91466]},"properties":{"name":"Strumień Dworzec Kolejowy","lines":"L-5","arr":["L-5"],"terminus":0,"mode":"bus","color":"#0059a9","colorDark":"#00294f","angle":344.8,"snapDist":5,"label":0}},{"type":"Feature","geometry":{"type":"Point","coordinates":[18.73707,49.917598]},"properties":{"name":"Zbytków","lines":"L-5","arr":["L-5"],"terminus":0,"mode":"bus","color":"#0059a9","colorDark":"#00294f","angle":34.2,"snapDist":18,"label":0}},{"type":"Feature","geometry":{"type":"Point","coordinates":[18.733942,49.93087]},"properties":{"name":"Pawłowice Dębina","lines":"L-5","arr":["L-5"],"terminus":0,"mode":"bus","color":"#0059a9","colorDark":"#00294f","angle":67.7,"snapDist":6,"label":0}},{"type":"Feature","geometry":{"type":"Point","coordinates":[18.709621,49.949003]},"properties":{"name":"Pawłowice Stawowa","lines":"L-6","arr":["L-6"],"terminus":0,"mode":"bus","color":"#0059a9","colorDark":"#00294f","angle":11.2,"snapDist":0,"label":1}},{"type":"Feature","geometry":{"type":"Point","coordinates":[18.707428,49.947353]},"properties":{"name":"Pawłowice Klonowa","lines":"L-6","arr":["L-6"],"terminus":0,"mode":"bus","color":"#0059a9","colorDark":"#00294f","angle":163.8,"snapDist":2,"label":1}},{"type":"Feature","geometry":{"type":"Point","coordinates":[18.690642,49.935935]},"properties":{"name":"Golasowice Prusa","lines":"L-6","arr":["L-6"],"terminus":0,"mode":"bus","color":"#0059a9","colorDark":"#00294f","angle":18.8,"snapDist":2,"label":1}},{"type":"Feature","geometry":{"type":"Point","coordinates":[18.68039,49.927786]},"properties":{"name":"Golasowice Kochanowskiego","lines":"L-6","arr":["L-6"],"terminus":0,"mode":"bus","color":"#0059a9","colorDark":"#00294f","angle":339,"snapDist":4,"label":1}},{"type":"Feature","geometry":{"type":"Point","coordinates":[18.675637,49.925349]},"properties":{"name":"Golasowice Słowackiego I","lines":"L-6","arr":["L-6"],"terminus":0,"mode":"bus","color":"#0059a9","colorDark":"#00294f","angle":270.8,"snapDist":4,"label":1}},{"type":"Feature","geometry":{"type":"Point","coordinates":[18.675564,49.916241]},"properties":{"name":"Golasowice Słowackiego II","lines":"L-6","arr":["L-6"],"terminus":0,"mode":"bus","color":"#0059a9","colorDark":"#00294f","angle":238.8,"snapDist":5,"label":1}},{"type":"Feature","geometry":{"type":"Point","coordinates":[18.710191,49.899724]},"properties":{"name":"Jarząbkowice Piaskowa","lines":"L-6","arr":["L-6"],"terminus":0,"mode":"bus","color":"#0059a9","colorDark":"#00294f","angle":287.4,"snapDist":25,"label":1}},{"type":"Feature","geometry":{"type":"Point","coordinates":[18.720897,49.894734]},"properties":{"name":"Bąków Szkoła","lines":"L-6","arr":["L-6"],"terminus":0,"mode":"bus","color":"#0059a9","colorDark":"#00294f","angle":151.4,"snapDist":0,"label":1}},{"type":"Feature","geometry":{"type":"Point","coordinates":[18.73619,49.90239]},"properties":{"name":"Bąków Skrzyżowanie","lines":"L-6","arr":["L-6"],"terminus":1,"mode":"bus","color":"#0059a9","colorDark":"#00294f","angle":267.1,"snapDist":0,"label":1}},{"type":"Feature","geometry":{"type":"Point","coordinates":[18.700187,49.889903]},"properties":{"name":"Bąków Golasowicka","lines":"L-6","arr":["L-6"],"terminus":0,"mode":"bus","color":"#0059a9","colorDark":"#00294f","angle":79.9,"snapDist":2,"label":1}},{"type":"Feature","geometry":{"type":"Point","coordinates":[18.69118,49.935818]},"properties":{"name":"Golasowice Prusa","lines":"L-6","arr":["L-6"],"terminus":0,"mode":"bus","color":"#0059a9","colorDark":"#00294f","angle":198.8,"snapDist":2,"label":0}},{"type":"Feature","geometry":{"type":"Point","coordinates":[18.734921,49.960861]},"properties":{"name":"Pawłowice Kolonia Studzieńska I","lines":"L-7","arr":["L-7"],"terminus":0,"mode":"bus","color":"#0059a9","colorDark":"#00294f","angle":255.1,"snapDist":9,"label":1}},{"type":"Feature","geometry":{"type":"Point","coordinates":[18.741385,49.957142]},"properties":{"name":"Pawłowice Kolonia Studzieńska II","lines":"L-7","arr":["L-7"],"terminus":0,"mode":"bus","color":"#0059a9","colorDark":"#00294f","angle":234,"snapDist":2,"label":1}},{"type":"Feature","geometry":{"type":"Point","coordinates":[18.75083,49.95714]},"properties":{"name":"Studzionka Robotnicza III","lines":"L-7","arr":["L-7"],"terminus":0,"mode":"bus","color":"#0059a9","colorDark":"#00294f","angle":157.4,"snapDist":0,"label":1}},{"type":"Feature","geometry":{"type":"Point","coordinates":[18.759063,49.959255]},"properties":{"name":"Studzionka Robotnicza II","lines":"L-7","arr":["L-7"],"terminus":0,"mode":"bus","color":"#0059a9","colorDark":"#00294f","angle":173.4,"snapDist":2,"label":1}},{"type":"Feature","geometry":{"type":"Point","coordinates":[18.771737,49.962661]},"properties":{"name":"Studzionka Robotnicza I","lines":"L-7","arr":["L-7"],"terminus":0,"mode":"bus","color":"#0059a9","colorDark":"#00294f","angle":309.3,"snapDist":3,"label":1}},{"type":"Feature","geometry":{"type":"Point","coordinates":[18.771699,49.959142]},"properties":{"name":"Studzionka Cmentarz","lines":"L-7","arr":["L-7"],"terminus":1,"mode":"bus","color":"#0059a9","colorDark":"#00294f","angle":313.5,"snapDist":8,"label":1}},{"type":"Feature","geometry":{"type":"Point","coordinates":[18.772517,49.959735]},"properties":{"name":"Studzionka Cmentarz","lines":"L-7","arr":["L-7"],"terminus":1,"mode":"bus","color":"#0059a9","colorDark":"#00294f","angle":131.4,"snapDist":3,"label":0}},{"type":"Feature","geometry":{"type":"Point","coordinates":[18.757783,49.959164]},"properties":{"name":"Studzionka Robotnicza II","lines":"L-7","arr":["L-7"],"terminus":0,"mode":"bus","color":"#0059a9","colorDark":"#00294f","angle":354,"snapDist":2,"label":0}},{"type":"Feature","geometry":{"type":"Point","coordinates":[18.545035,49.942484]},"properties":{"name":"Złote Łany","lines":"M10","arr":["M10"],"terminus":0,"mode":"bus","color":"#0059a9","colorDark":"#00294f","angle":67.1,"snapDist":1,"label":1}},{"type":"Feature","geometry":{"type":"Point","coordinates":[18.542826,49.938604]},"properties":{"name":"Moszczenica Ośrodek Zdrowia","lines":"M10","arr":["M10"],"terminus":0,"mode":"bus","color":"#0059a9","colorDark":"#00294f","angle":346,"snapDist":2,"label":1}},{"type":"Feature","geometry":{"type":"Point","coordinates":[18.53812,49.937011]},"properties":{"name":"Szotkowice Kaplica","lines":"M10","arr":["M10"],"terminus":0,"mode":"bus","color":"#0059a9","colorDark":"#00294f","angle":324.6,"snapDist":1,"label":1}},{"type":"Feature","geometry":{"type":"Point","coordinates":[18.528499,49.935649]},"properties":{"name":"Szotkowice","lines":"M10","arr":["M10"],"terminus":0,"mode":"bus","color":"#0059a9","colorDark":"#00294f","angle":33.7,"snapDist":0,"label":1}},{"type":"Feature","geometry":{"type":"Point","coordinates":[18.522949,49.938052]},"properties":{"name":"Szotkowice Pętla","lines":"M10","arr":["M10"],"terminus":1,"mode":"bus","color":"#0059a9","colorDark":"#00294f","angle":69.1,"snapDist":4,"label":1}},{"type":"Feature","geometry":{"type":"Point","coordinates":[18.538794,49.937314]},"properties":{"name":"Szotkowice Kaplica","lines":"M10","arr":["M10"],"terminus":0,"mode":"bus","color":"#0059a9","colorDark":"#00294f","angle":143.7,"snapDist":2,"label":0}},{"type":"Feature","geometry":{"type":"Point","coordinates":[18.544909,49.938729]},"properties":{"name":"Moszczenica Ośrodek Zdrowia","lines":"M10","arr":["M10"],"terminus":0,"mode":"bus","color":"#0059a9","colorDark":"#00294f","angle":177.5,"snapDist":2,"label":0}},{"type":"Feature","geometry":{"type":"Point","coordinates":[18.576712,49.942763]},"properties":{"name":"Jagiełły - Os.Chrobrego","lines":"R10, R11, S11","arr":["R10","R11","S11"],"terminus":0,"mode":"bus","color":"#0059a9","colorDark":"#00294f","angle":98.1,"snapDist":3,"label":1}},{"type":"Feature","geometry":{"type":"Point","coordinates":[18.60336,49.919326]},"properties":{"name":"Ruptawa Ośrodek Zdrowia","lines":"R10, R11","arr":["R10","R11"],"terminus":0,"mode":"bus","color":"#0059a9","colorDark":"#00294f","angle":244.6,"snapDist":2,"label":1}},{"type":"Feature","geometry":{"type":"Point","coordinates":[18.610749,49.91083]},"properties":{"name":"Ruptawa - Długosza","lines":"R10, R11","arr":["R10","R11"],"terminus":0,"mode":"bus","color":"#0059a9","colorDark":"#00294f","angle":231.1,"snapDist":4,"label":1}},{"type":"Feature","geometry":{"type":"Point","coordinates":[18.607117,49.904896]},"properties":{"name":"Cisówka","lines":"R10, R11","arr":["R10","R11"],"terminus":0,"mode":"bus","color":"#0059a9","colorDark":"#00294f","angle":307.9,"snapDist":1,"label":1}},{"type":"Feature","geometry":{"type":"Point","coordinates":[18.602832,49.895571]},"properties":{"name":"Zebrzydowice Poziomkowa","lines":"R10, R11","arr":["R10","R11"],"terminus":0,"mode":"bus","color":"#0059a9","colorDark":"#00294f","angle":265.9,"snapDist":2,"label":1}},{"type":"Feature","geometry":{"type":"Point","coordinates":[18.603479,49.88914]},"properties":{"name":"Zebrzydowice Słowicza","lines":"R10, R11","arr":["R10","R11"],"terminus":0,"mode":"bus","color":"#0059a9","colorDark":"#00294f","angle":270.5,"snapDist":3,"label":1}},{"type":"Feature","geometry":{"type":"Point","coordinates":[18.602006,49.878689]},"properties":{"name":"Zebrzydowice Skrzyżowanie","lines":"R10","arr":["R10"],"terminus":0,"mode":"bus","color":"#0059a9","colorDark":"#00294f","angle":276.7,"snapDist":1,"label":0}},{"type":"Feature","geometry":{"type":"Point","coordinates":[18.608331,49.877743]},"properties":{"name":"Zebrzydowice Kino","lines":"R10","arr":["R10"],"terminus":0,"mode":"bus","color":"#0059a9","colorDark":"#00294f","angle":180.4,"snapDist":6,"label":1}},{"type":"Feature","geometry":{"type":"Point","coordinates":[18.617787,49.874986]},"properties":{"name":"Zebrzydowice Szkoła","lines":"R10","arr":["R10"],"terminus":0,"mode":"bus","color":"#0059a9","colorDark":"#00294f","angle":218.6,"snapDist":7,"label":1}},{"type":"Feature","geometry":{"type":"Point","coordinates":[18.625091,49.871177]},"properties":{"name":"Zebrzydowice Ośrodek Zdrowia","lines":"R10","arr":["R10"],"terminus":1,"mode":"bus","color":"#0059a9","colorDark":"#00294f","angle":39.2,"snapDist":2,"label":1}},{"type":"Feature","geometry":{"type":"Point","coordinates":[18.617214,49.875281]},"properties":{"name":"Zebrzydowice Szkoła","lines":"R10","arr":["R10"],"terminus":0,"mode":"bus","color":"#0059a9","colorDark":"#00294f","angle":38.7,"snapDist":4,"label":0}},{"type":"Feature","geometry":{"type":"Point","coordinates":[18.611796,49.877365]},"properties":{"name":"Zebrzydowice Kino","lines":"R10","arr":["R10"],"terminus":0,"mode":"bus","color":"#0059a9","colorDark":"#00294f","angle":28.3,"snapDist":1,"label":1}},{"type":"Feature","geometry":{"type":"Point","coordinates":[18.602087,49.879132]},"properties":{"name":"Zebrzydowice Skrzyżowanie","lines":"R10, R11","arr":["R10","R11"],"terminus":1,"mode":"bus","color":"#0059a9","colorDark":"#00294f","angle":96.7,"snapDist":2,"label":1}},{"type":"Feature","geometry":{"type":"Point","coordinates":[18.603498,49.889701]},"properties":{"name":"Zebrzydowice Słowicza","lines":"R10, R11","arr":["R10","R11"],"terminus":0,"mode":"bus","color":"#0059a9","colorDark":"#00294f","angle":91.5,"snapDist":2,"label":0}},{"type":"Feature","geometry":{"type":"Point","coordinates":[18.602908,49.894908]},"properties":{"name":"Zebrzydowice Poziomkowa","lines":"R10, R11","arr":["R10","R11"],"terminus":0,"mode":"bus","color":"#0059a9","colorDark":"#00294f","angle":85.7,"snapDist":3,"label":0}},{"type":"Feature","geometry":{"type":"Point","coordinates":[18.606765,49.904606]},"properties":{"name":"Cisówka","lines":"R10, R11","arr":["R10","R11"],"terminus":0,"mode":"bus","color":"#0059a9","colorDark":"#00294f","angle":127.2,"snapDist":7,"label":0}},{"type":"Feature","geometry":{"type":"Point","coordinates":[18.602914,49.919967]},"properties":{"name":"Ruptawa Ośrodek Zdrowia","lines":"R10, R11","arr":["R10","R11"],"terminus":0,"mode":"bus","color":"#0059a9","colorDark":"#00294f","angle":65.9,"snapDist":4,"label":0}},{"type":"Feature","geometry":{"type":"Point","coordinates":[18.577155,49.940861]},"properties":{"name":"Jagiełły - Os.Chrobrego","lines":"R10, R11, S11","arr":["R10","R11","S11"],"terminus":0,"mode":"bus","color":"#0059a9","colorDark":"#00294f","angle":243,"snapDist":5,"label":0}},{"type":"Feature","geometry":{"type":"Point","coordinates":[18.622029,49.965394]},"properties":{"name":"KWK Zofiówka","lines":"S10, S11, S12, S12A, S13, S14, S15, S16, W11","arr":["S10","S11","S12","S12A","S13","S14","S15","S16","W11"],"terminus":0,"mode":"bus","color":"#0059a9","colorDark":"#00294f","angle":216.9,"snapDist":5,"label":1}},{"type":"Feature","geometry":{"type":"Point","coordinates":[18.61569,49.97]},"properties":{"name":"Dubielec","lines":"S10, S11, S12, S12A, S13, S14, S15, S16, W11","arr":["S10","S11","S12","S12A","S13","S14","S15","S16","W11"],"terminus":0,"mode":"bus","color":"#0059a9","colorDark":"#00294f","angle":55.6,"snapDist":0,"label":1}},{"type":"Feature","geometry":{"type":"Point","coordinates":[18.611182,49.974185]},"properties":{"name":"Kolonia Kąty","lines":"S10, S11, S12, S12A, S13, S14, S15, S16, W11","arr":["S10","S11","S12","S12A","S13","S14","S15","S16","W11"],"terminus":0,"mode":"bus","color":"#0059a9","colorDark":"#00294f","angle":222.6,"snapDist":2,"label":1}},{"type":"Feature","geometry":{"type":"Point","coordinates":[18.607687,49.979509]},"properties":{"name":"Gogołowa Jastrzębska Kąty","lines":"S10, S13, W11","arr":["S10","S13","W11"],"terminus":0,"mode":"bus","color":"#0059a9","colorDark":"#00294f","angle":70.4,"snapDist":0,"label":1}},{"type":"Feature","geometry":{"type":"Point","coordinates":[18.603643,49.985341]},"properties":{"name":"Gogołowa Jastrzębska","lines":"S10, S13, W11","arr":["S10","S13","W11"],"terminus":0,"mode":"bus","color":"#0059a9","colorDark":"#00294f","angle":63.9,"snapDist":2,"label":1}},{"type":"Feature","geometry":{"type":"Point","coordinates":[18.607773,49.98647]},"properties":{"name":"Szeroka - Boczna","lines":"S10, S13","arr":["S10","S13"],"terminus":0,"mode":"bus","color":"#0059a9","colorDark":"#00294f","angle":149.2,"snapDist":4,"label":1}},{"type":"Feature","geometry":{"type":"Point","coordinates":[18.623998,49.988635]},"properties":{"name":"Szeroka Kościół","lines":"S10, S11, S12, S14, S15, S16","arr":["S10","S11","S12","S14","S15","S16"],"terminus":0,"mode":"bus","color":"#0059a9","colorDark":"#00294f","angle":178.9,"snapDist":7,"label":1}},{"type":"Feature","geometry":{"type":"Point","coordinates":[18.6314,49.990486]},"properties":{"name":"Szeroka Kaplica","lines":"S10, S12A","arr":["S10","S12A"],"terminus":0,"mode":"bus","color":"#0059a9","colorDark":"#00294f","angle":172.3,"snapDist":5,"label":1}},{"type":"Feature","geometry":{"type":"Point","coordinates":[18.633148,49.992387]},"properties":{"name":"Szeroka - Fredry","lines":"S10, S12A","arr":["S10","S12A"],"terminus":0,"mode":"bus","color":"#0059a9","colorDark":"#00294f","angle":118.4,"snapDist":3,"label":1}},{"type":"Feature","geometry":{"type":"Point","coordinates":[18.647268,49.998421]},"properties":{"name":"Borynia - 3 Maja","lines":"S10, S12A","arr":["S10","S12A"],"terminus":0,"mode":"bus","color":"#0059a9","colorDark":"#00294f","angle":177.8,"snapDist":3,"label":1}},{"type":"Feature","geometry":{"type":"Point","coordinates":[18.655171,50.004685]},"properties":{"name":"Borynia Sołtysówka","lines":"S10, S12A, S15","arr":["S10","S12A","S15"],"terminus":0,"mode":"bus","color":"#0059a9","colorDark":"#00294f","angle":127,"snapDist":1,"label":1}},{"type":"Feature","geometry":{"type":"Point","coordinates":[18.663683,50.011626]},"properties":{"name":"Borynia Ławczok","lines":"S10, S11","arr":["S10","S11"],"terminus":0,"mode":"bus","color":"#0059a9","colorDark":"#00294f","angle":159.6,"snapDist":6,"label":1}},{"type":"Feature","geometry":{"type":"Point","coordinates":[18.67231,50.022524]},"properties":{"name":"Al. Jana Pawła II -Industrialna","lines":"S10, S11","arr":["S10","S11"],"terminus":0,"mode":"bus","color":"#0059a9","colorDark":"#00294f","angle":151.5,"snapDist":3,"label":1}},{"type":"Feature","geometry":{"type":"Point","coordinates":[18.680913,50.026155]},"properties":{"name":"Al. Jana Pawła II - Spółdzielcza","lines":"S10, S11","arr":["S10","S11"],"terminus":0,"mode":"bus","color":"#0059a9","colorDark":"#00294f","angle":159.9,"snapDist":1,"label":0}},{"type":"Feature","geometry":{"type":"Point","coordinates":[18.686694,50.029662]},"properties":{"name":"Al. Jana Pawła II -Bajerówka","lines":"S10, S11","arr":["S10","S11"],"terminus":0,"mode":"bus","color":"#0059a9","colorDark":"#00294f","angle":124,"snapDist":6,"label":1}},{"type":"Feature","geometry":{"type":"Point","coordinates":[18.68581,50.029073]},"properties":{"name":"Al. Jana Pawła II -Bajerówka","lines":"S10, S11","arr":["S10","S11"],"terminus":0,"mode":"bus","color":"#0059a9","colorDark":"#00294f","angle":305.6,"snapDist":7,"label":0}},{"type":"Feature","geometry":{"type":"Point","coordinates":[18.679439,50.025662]},"properties":{"name":"Al. Jana Pawła II - Spółdzielcza","lines":"S10, S11","arr":["S10","S11"],"terminus":0,"mode":"bus","color":"#0059a9","colorDark":"#00294f","angle":327,"snapDist":6,"label":0}},{"type":"Feature","geometry":{"type":"Point","coordinates":[18.674254,50.023378]},"properties":{"name":"Al. Jana Pawła II - Towarowa","lines":"S10, S11","arr":["S10","S11"],"terminus":0,"mode":"bus","color":"#0059a9","colorDark":"#00294f","angle":325.5,"snapDist":3,"label":0}},{"type":"Feature","geometry":{"type":"Point","coordinates":[18.670771,50.021621]},"properties":{"name":"Al. Jana Pawła II -Industrialna","lines":"S10, S11","arr":["S10","S11"],"terminus":0,"mode":"bus","color":"#0059a9","colorDark":"#00294f","angle":283.3,"snapDist":4,"label":0}},{"type":"Feature","geometry":{"type":"Point","coordinates":[18.662955,50.011449]},"properties":{"name":"Borynia Ławczok","lines":"S10, S11","arr":["S10","S11"],"terminus":0,"mode":"bus","color":"#0059a9","colorDark":"#00294f","angle":337.7,"snapDist":9,"label":0}},{"type":"Feature","geometry":{"type":"Point","coordinates":[18.629859,49.990469]},"properties":{"name":"Szeroka Kaplica","lines":"S10, S12A","arr":["S10","S12A"],"terminus":0,"mode":"bus","color":"#0059a9","colorDark":"#00294f","angle":345.5,"snapDist":2,"label":0}},{"type":"Feature","geometry":{"type":"Point","coordinates":[18.625513,49.988598]},"properties":{"name":"Szeroka Kościół","lines":"S10, S11, S12, S14, S15, S16","arr":["S10","S11","S12","S14","S15","S16"],"terminus":0,"mode":"bus","color":"#0059a9","colorDark":"#00294f","angle":356.9,"snapDist":4,"label":0}},{"type":"Feature","geometry":{"type":"Point","coordinates":[18.620091,49.988148]},"properties":{"name":"Szeroka Wiadukt","lines":"S10, S13","arr":["S10","S13"],"terminus":0,"mode":"bus","color":"#0059a9","colorDark":"#00294f","angle":340.6,"snapDist":0,"label":1}},{"type":"Feature","geometry":{"type":"Point","coordinates":[18.654198,50.007972]},"properties":{"name":"Skrzeczkowice - Powstańców Śl.","lines":"S11, S12A, S15","arr":["S11","S12A","S15"],"terminus":0,"mode":"bus","color":"#0059a9","colorDark":"#00294f","angle":353.6,"snapDist":5,"label":1}},{"type":"Feature","geometry":{"type":"Point","coordinates":[18.642969,50.008338]},"properties":{"name":"Borynia - Edukacyjna","lines":"S11, S12A, S15","arr":["S11","S12A","S15"],"terminus":0,"mode":"bus","color":"#0059a9","colorDark":"#00294f","angle":18,"snapDist":5,"label":1}},{"type":"Feature","geometry":{"type":"Point","coordinates":[18.63473,50.010559]},"properties":{"name":"Borynia - Łąkowa","lines":"S11, S12A, S15","arr":["S11","S12A","S15"],"terminus":0,"mode":"bus","color":"#0059a9","colorDark":"#00294f","angle":26.3,"snapDist":6,"label":1}},{"type":"Feature","geometry":{"type":"Point","coordinates":[18.620514,50.013748]},"properties":{"name":"Skrzeczkowice - Plebiscytowa","lines":"S11, S12A, S15","arr":["S11","S12A","S15"],"terminus":0,"mode":"bus","color":"#0059a9","colorDark":"#00294f","angle":2.1,"snapDist":12,"label":1}},{"type":"Feature","geometry":{"type":"Point","coordinates":[18.604116,50.013703]},"properties":{"name":"Świerklany Kółko Rolnicze","lines":"S11, S12","arr":["S11","S12"],"terminus":0,"mode":"bus","color":"#0059a9","colorDark":"#00294f","angle":264.3,"snapDist":3,"label":1}},{"type":"Feature","geometry":{"type":"Point","coordinates":[18.604759,50.009702]},"properties":{"name":"Świerklany Sklep","lines":"S11, S12","arr":["S11","S12"],"terminus":0,"mode":"bus","color":"#0059a9","colorDark":"#00294f","angle":274.3,"snapDist":12,"label":1}},{"type":"Feature","geometry":{"type":"Point","coordinates":[18.609957,49.998534]},"properties":{"name":"KWK Borynia","lines":"S11, S12, S13, S14, S15, S16","arr":["S11","S12","S13","S14","S15","S16"],"terminus":1,"mode":"bus","color":"#0059a9","colorDark":"#00294f","angle":160.4,"snapDist":3,"label":1}},{"type":"Feature","geometry":{"type":"Point","coordinates":[18.622093,49.991612]},"properties":{"name":"Os. 1000-lecia","lines":"S11, S12, S13, S14, S15, S16","arr":["S11","S12","S13","S14","S15","S16"],"terminus":0,"mode":"bus","color":"#0059a9","colorDark":"#00294f","angle":239.4,"snapDist":7,"label":1}},{"type":"Feature","geometry":{"type":"Point","coordinates":[18.625695,49.985983]},"properties":{"name":"Gagarina - Norwida","lines":"S11, S12, S12A, S14, S15, S16","arr":["S11","S12","S12A","S14","S15","S16"],"terminus":0,"mode":"bus","color":"#0059a9","colorDark":"#00294f","angle":299.9,"snapDist":13,"label":1}},{"type":"Feature","geometry":{"type":"Point","coordinates":[18.617415,49.979986]},"properties":{"name":"Szeroka - Gagarina","lines":"S11, S12, S12A, S14, S15, S16","arr":["S11","S12","S12A","S14","S15","S16"],"terminus":0,"mode":"bus","color":"#0059a9","colorDark":"#00294f","angle":309.6,"snapDist":18,"label":1}},{"type":"Feature","geometry":{"type":"Point","coordinates":[18.617336,49.979925]},"properties":{"name":"Szeroka - Gagarina","lines":"S11, S12, S12A, S14, S15, S16","arr":["S11","S12","S12A","S14","S15","S16"],"terminus":0,"mode":"bus","color":"#0059a9","colorDark":"#00294f","angle":129.6,"snapDist":10,"label":0}},{"type":"Feature","geometry":{"type":"Point","coordinates":[18.625255,49.98548]},"properties":{"name":"Gagarina - Norwida","lines":"S11, S12, S12A, S14, S15, S16","arr":["S11","S12","S12A","S14","S15","S16"],"terminus":0,"mode":"bus","color":"#0059a9","colorDark":"#00294f","angle":118.6,"snapDist":9,"label":0}},{"type":"Feature","geometry":{"type":"Point","coordinates":[18.622606,49.990909]},"properties":{"name":"Os. 1000-lecia","lines":"S11, S12, S13, S14, S15, S16","arr":["S11","S12","S13","S14","S15","S16"],"terminus":0,"mode":"bus","color":"#0059a9","colorDark":"#00294f","angle":73.4,"snapDist":0,"label":0}},{"type":"Feature","geometry":{"type":"Point","coordinates":[18.621346,50.013723]},"properties":{"name":"Skrzeczkowice - Plebiscytowa","lines":"S11, S12A, S15","arr":["S11","S12A","S15"],"terminus":0,"mode":"bus","color":"#0059a9","colorDark":"#00294f","angle":182.8,"snapDist":8,"label":0}},{"type":"Feature","geometry":{"type":"Point","coordinates":[18.544119,50.090067]},"properties":{"name":"R-k Śródmieście Urszulanki","lines":"S12, S12A, W10","arr":["S12","S12A","W10"],"terminus":0,"mode":"bus","color":"#0059a9","colorDark":"#00294f","angle":274.3,"snapDist":4,"label":1}},{"type":"Feature","geometry":{"type":"Point","coordinates":[18.544006,50.08863]},"properties":{"name":"R-k Śródmieście Policja","lines":"S12, S12A","arr":["S12","S12A"],"terminus":0,"mode":"bus","color":"#0059a9","colorDark":"#00294f","angle":274.9,"snapDist":52,"label":1}},{"type":"Feature","geometry":{"type":"Point","coordinates":[18.547032,50.081604]},"properties":{"name":"R-k Meksyk Park","lines":"S12, S12A","arr":["S12","S12A"],"terminus":0,"mode":"bus","color":"#0059a9","colorDark":"#00294f","angle":264.9,"snapDist":4,"label":1}},{"type":"Feature","geometry":{"type":"Point","coordinates":[18.548896,50.071718]},"properties":{"name":"Chwałowice Kopalnia","lines":"S12, S12A","arr":["S12","S12A"],"terminus":0,"mode":"bus","color":"#0059a9","colorDark":"#00294f","angle":273.4,"snapDist":4,"label":1}},{"type":"Feature","geometry":{"type":"Point","coordinates":[18.552336,50.0629]},"properties":{"name":"Chwałowice Osiedle","lines":"S12, S12A","arr":["S12","S12A"],"terminus":0,"mode":"bus","color":"#0059a9","colorDark":"#00294f","angle":241.8,"snapDist":9,"label":1}},{"type":"Feature","geometry":{"type":"Point","coordinates":[18.559052,50.054506]},"properties":{"name":"Jankowice Świerklańska","lines":"S12, S12A","arr":["S12","S12A"],"terminus":0,"mode":"bus","color":"#0059a9","colorDark":"#00294f","angle":241.3,"snapDist":11,"label":0}},{"type":"Feature","geometry":{"type":"Point","coordinates":[18.568101,50.047781]},"properties":{"name":"Jankowice Gwarek","lines":"S12, S12A","arr":["S12","S12A"],"terminus":0,"mode":"bus","color":"#0059a9","colorDark":"#00294f","angle":235.6,"snapDist":6,"label":0}},{"type":"Feature","geometry":{"type":"Point","coordinates":[18.573584,50.042621]},"properties":{"name":"Jankowice UG","lines":"S12, S12A","arr":["S12","S12A"],"terminus":0,"mode":"bus","color":"#0059a9","colorDark":"#00294f","angle":235.6,"snapDist":8,"label":1}},{"type":"Feature","geometry":{"type":"Point","coordinates":[18.582336,50.032863]},"properties":{"name":"Świerklany Piekarnia","lines":"S12, S12A","arr":["S12","S12A"],"terminus":0,"mode":"bus","color":"#0059a9","colorDark":"#00294f","angle":229.3,"snapDist":16,"label":0}},{"type":"Feature","geometry":{"type":"Point","coordinates":[18.587545,50.029497]},"properties":{"name":"Świerklany Górne","lines":"S12, S12A","arr":["S12","S12A"],"terminus":0,"mode":"bus","color":"#0059a9","colorDark":"#00294f","angle":225,"snapDist":11,"label":0}},{"type":"Feature","geometry":{"type":"Point","coordinates":[18.593279,50.025483]},"properties":{"name":"Świerklany Szkoła","lines":"S12, S12A","arr":["S12","S12A"],"terminus":0,"mode":"bus","color":"#0059a9","colorDark":"#00294f","angle":234.4,"snapDist":3,"label":1}},{"type":"Feature","geometry":{"type":"Point","coordinates":[18.603826,50.017744]},"properties":{"name":"Świerklany Skrzyż. Boryńska","lines":"S12, S12A","arr":["S12","S12A"],"terminus":0,"mode":"bus","color":"#0059a9","colorDark":"#00294f","angle":207.4,"snapDist":6,"label":1}},{"type":"Feature","geometry":{"type":"Point","coordinates":[18.593617,50.025172]},"properties":{"name":"Świerklany Szkoła","lines":"S12, S12A","arr":["S12","S12A"],"terminus":0,"mode":"bus","color":"#0059a9","colorDark":"#00294f","angle":-122.9,"snapDist":7,"label":0}},{"type":"Feature","geometry":{"type":"Point","coordinates":[18.586969,50.029868]},"properties":{"name":"Świerklany Górne","lines":"S12, S12A","arr":["S12","S12A"],"terminus":0,"mode":"bus","color":"#0059a9","colorDark":"#00294f","angle":45.1,"snapDist":5,"label":0}},{"type":"Feature","geometry":{"type":"Point","coordinates":[18.580852,50.034504]},"properties":{"name":"Świerklany Piekarnia","lines":"S12, S12A","arr":["S12","S12A"],"terminus":0,"mode":"bus","color":"#0059a9","colorDark":"#00294f","angle":64.6,"snapDist":38,"label":0}},{"type":"Feature","geometry":{"type":"Point","coordinates":[18.572413,50.043721]},"properties":{"name":"Jankowice UG","lines":"S12, S12A","arr":["S12","S12A"],"terminus":0,"mode":"bus","color":"#0059a9","colorDark":"#00294f","angle":55.8,"snapDist":6,"label":0}},{"type":"Feature","geometry":{"type":"Point","coordinates":[18.55847,50.055385]},"properties":{"name":"Jankowice Świerklańska","lines":"S12, S12A","arr":["S12","S12A"],"terminus":0,"mode":"bus","color":"#0059a9","colorDark":"#00294f","angle":73.9,"snapDist":6,"label":0}},{"type":"Feature","geometry":{"type":"Point","coordinates":[18.555064,50.060137]},"properties":{"name":"Rybnik Chwałowice Pętla","lines":"S12, S12A","arr":["S12","S12A"],"terminus":0,"mode":"bus","color":"#0059a9","colorDark":"#00294f","angle":54.6,"snapDist":1,"label":0}},{"type":"Feature","geometry":{"type":"Point","coordinates":[18.55187,50.063338]},"properties":{"name":"Chwałowice Osiedle","lines":"S12, S12A","arr":["S12","S12A"],"terminus":0,"mode":"bus","color":"#0059a9","colorDark":"#00294f","angle":50.5,"snapDist":6,"label":0}},{"type":"Feature","geometry":{"type":"Point","coordinates":[18.545131,50.086872]},"properties":{"name":"R-k Meksyk Kamyczek","lines":"S12, S12A","arr":["S12","S12A"],"terminus":0,"mode":"bus","color":"#0059a9","colorDark":"#00294f","angle":118.6,"snapDist":54,"label":1}},{"type":"Feature","geometry":{"type":"Point","coordinates":[18.648031,49.99816]},"properties":{"name":"Borynia - 3 Maja","lines":"S15","arr":["S15"],"terminus":0,"mode":"bus","color":"#0059a9","colorDark":"#00294f","angle":51.1,"snapDist":0,"label":0}},{"type":"Feature","geometry":{"type":"Point","coordinates":[18.657183,49.989628]},"properties":{"name":"3 Maja Granica","lines":"S15","arr":["S15"],"terminus":0,"mode":"bus","color":"#0059a9","colorDark":"#00294f","angle":213.9,"snapDist":13,"label":1}},{"type":"Feature","geometry":{"type":"Point","coordinates":[18.655934,49.99006]},"properties":{"name":"3 Maja Granica","lines":"S15","arr":["S15"],"terminus":0,"mode":"bus","color":"#0059a9","colorDark":"#00294f","angle":26.2,"snapDist":7,"label":0}},{"type":"Feature","geometry":{"type":"Point","coordinates":[18.485368,49.995257]},"properties":{"name":"Wodzisław Wilchwy Cyganek","lines":"W09, W10","arr":["W09","W10"],"terminus":0,"mode":"bus","color":"#0059a9","colorDark":"#00294f","angle":40.7,"snapDist":21,"label":1}},{"type":"Feature","geometry":{"type":"Point","coordinates":[18.49424,49.990564]},"properties":{"name":"Wodzisław Wilchwy Szkoła","lines":"W09, W10","arr":["W09","W10"],"terminus":0,"mode":"bus","color":"#0059a9","colorDark":"#00294f","angle":211.6,"snapDist":12,"label":1}},{"type":"Feature","geometry":{"type":"Point","coordinates":[18.503177,49.987051]},"properties":{"name":"Wodzisław Wilchwy Blazy","lines":"W09, W10","arr":["W09","W10"],"terminus":0,"mode":"bus","color":"#0059a9","colorDark":"#00294f","angle":213.3,"snapDist":31,"label":1}},{"type":"Feature","geometry":{"type":"Point","coordinates":[18.501229,49.977547]},"properties":{"name":"Wodzisław Wilchwy Osiedle","lines":"W09","arr":["W09"],"terminus":0,"mode":"bus","color":"#0059a9","colorDark":"#00294f","angle":207.9,"snapDist":2,"label":1}},{"type":"Feature","geometry":{"type":"Point","coordinates":[18.513199,49.982229]},"properties":{"name":"Mszana Wodzisławska Uchytów","lines":"W09, W10","arr":["W09","W10"],"terminus":0,"mode":"bus","color":"#0059a9","colorDark":"#00294f","angle":228.5,"snapDist":7,"label":1}},{"type":"Feature","geometry":{"type":"Point","coordinates":[18.525479,49.976611]},"properties":{"name":"Mszana Wodzisławska Boisko","lines":"W09, W10","arr":["W09","W10"],"terminus":0,"mode":"bus","color":"#0059a9","colorDark":"#00294f","angle":193.4,"snapDist":6,"label":1}},{"type":"Feature","geometry":{"type":"Point","coordinates":[18.544421,49.96746]},"properties":{"name":"Mszana Wodzisławska Skrzyżowanie","lines":"W09, W10","arr":["W09","W10"],"terminus":0,"mode":"bus","color":"#0059a9","colorDark":"#00294f","angle":212.8,"snapDist":25,"label":1}},{"type":"Feature","geometry":{"type":"Point","coordinates":[18.545396,49.957292]},"properties":{"name":"Mszana Mszańskie Granice","lines":"W09","arr":["W09"],"terminus":0,"mode":"bus","color":"#0059a9","colorDark":"#00294f","angle":277.9,"snapDist":2,"label":1}},{"type":"Feature","geometry":{"type":"Point","coordinates":[18.545681,49.95717]},"properties":{"name":"Mszana Mszańskie Granice","lines":"W09","arr":["W09"],"terminus":0,"mode":"bus","color":"#0059a9","colorDark":"#00294f","angle":86.3,"snapDist":20,"label":0}},{"type":"Feature","geometry":{"type":"Point","coordinates":[18.544243,49.967534]},"properties":{"name":"Mszana Wodzisławska Skrzyżowanie","lines":"W09, W10","arr":["W09","W10"],"terminus":0,"mode":"bus","color":"#0059a9","colorDark":"#00294f","angle":32.8,"snapDist":19,"label":0}},{"type":"Feature","geometry":{"type":"Point","coordinates":[18.524537,49.976755]},"properties":{"name":"Mszana Wodzisławska Boisko","lines":"W09, W10","arr":["W09","W10"],"terminus":0,"mode":"bus","color":"#0059a9","colorDark":"#00294f","angle":13.4,"snapDist":4,"label":0}},{"type":"Feature","geometry":{"type":"Point","coordinates":[18.513056,49.982333]},"properties":{"name":"Mszana Wodzisławska Uchytów","lines":"W09, W10","arr":["W09","W10"],"terminus":0,"mode":"bus","color":"#0059a9","colorDark":"#00294f","angle":48.5,"snapDist":15,"label":0}},{"type":"Feature","geometry":{"type":"Point","coordinates":[18.503102,49.987083]},"properties":{"name":"Wodzisław Wilchwy Blazy","lines":"W09, W10","arr":["W09","W10"],"terminus":0,"mode":"bus","color":"#0059a9","colorDark":"#00294f","angle":33.3,"snapDist":6,"label":0}},{"type":"Feature","geometry":{"type":"Point","coordinates":[18.494534,49.990447]},"properties":{"name":"Wodzisław Wilchwy Szkoła","lines":"W09, W10","arr":["W09","W10"],"terminus":0,"mode":"bus","color":"#0059a9","colorDark":"#00294f","angle":31.6,"snapDist":21,"label":0}},{"type":"Feature","geometry":{"type":"Point","coordinates":[18.485318,49.995285]},"properties":{"name":"Wodzisław Wilchwy Cyganek","lines":"W09, W10","arr":["W09","W10"],"terminus":0,"mode":"bus","color":"#0059a9","colorDark":"#00294f","angle":-139.3,"snapDist":14,"label":0}},{"type":"Feature","geometry":{"type":"Point","coordinates":[18.561253,49.958594]},"properties":{"name":"Wodzisławska Boża Góra","lines":"W10","arr":["W10"],"terminus":0,"mode":"bus","color":"#0059a9","colorDark":"#00294f","angle":62.2,"snapDist":4,"label":1}},{"type":"Feature","geometry":{"type":"Point","coordinates":[18.501005,50.046682]},"properties":{"name":"R-k Popielów Wodzisławska","lines":"W10","arr":["W10"],"terminus":0,"mode":"bus","color":"#0059a9","colorDark":"#00294f","angle":115.2,"snapDist":8,"label":1}},{"type":"Feature","geometry":{"type":"Point","coordinates":[18.506787,50.054583]},"properties":{"name":"R-k Popielów Skrzyżowanie","lines":"W10","arr":["W10"],"terminus":0,"mode":"bus","color":"#0059a9","colorDark":"#00294f","angle":116.1,"snapDist":6,"label":1}},{"type":"Feature","geometry":{"type":"Point","coordinates":[18.511617,50.061211]},"properties":{"name":"R-k Popielów Żabik","lines":"W10","arr":["W10"],"terminus":0,"mode":"bus","color":"#0059a9","colorDark":"#00294f","angle":115.2,"snapDist":8,"label":1}},{"type":"Feature","geometry":{"type":"Point","coordinates":[18.519414,50.071876]},"properties":{"name":"R-k Niedobczyce Paryż","lines":"W10","arr":["W10"],"terminus":0,"mode":"bus","color":"#0059a9","colorDark":"#00294f","angle":115.1,"snapDist":7,"label":1}},{"type":"Feature","geometry":{"type":"Point","coordinates":[18.525696,50.080379]},"properties":{"name":"R-k Zamysłów Wodzisławska","lines":"W10","arr":["W10"],"terminus":0,"mode":"bus","color":"#0059a9","colorDark":"#00294f","angle":115.4,"snapDist":7,"label":1}},{"type":"Feature","geometry":{"type":"Point","coordinates":[18.530114,50.086343]},"properties":{"name":"R-k Smolna Osiedle","lines":"W10","arr":["W10"],"terminus":0,"mode":"bus","color":"#0059a9","colorDark":"#00294f","angle":116.2,"snapDist":11,"label":1}},{"type":"Feature","geometry":{"type":"Point","coordinates":[18.530744,50.087188]},"properties":{"name":"R-k Smolna Osiedle","lines":"W10","arr":["W10"],"terminus":0,"mode":"bus","color":"#0059a9","colorDark":"#00294f","angle":295.5,"snapDist":8,"label":0}},{"type":"Feature","geometry":{"type":"Point","coordinates":[18.526056,50.080864]},"properties":{"name":"R-k Zamysłów Wodzisławska","lines":"W10","arr":["W10"],"terminus":0,"mode":"bus","color":"#0059a9","colorDark":"#00294f","angle":295.3,"snapDist":7,"label":0}},{"type":"Feature","geometry":{"type":"Point","coordinates":[18.519061,50.071389]},"properties":{"name":"R-k Niedobczyce Paryż","lines":"W10","arr":["W10"],"terminus":0,"mode":"bus","color":"#0059a9","colorDark":"#00294f","angle":295.1,"snapDist":6,"label":0}},{"type":"Feature","geometry":{"type":"Point","coordinates":[18.511076,50.060473]},"properties":{"name":"R-k Popielów Żabik","lines":"W10","arr":["W10"],"terminus":0,"mode":"bus","color":"#0059a9","colorDark":"#00294f","angle":295.2,"snapDist":4,"label":0}},{"type":"Feature","geometry":{"type":"Point","coordinates":[18.507448,50.055479]},"properties":{"name":"R-k Popielów Skrzyżowanie","lines":"W10","arr":["W10"],"terminus":0,"mode":"bus","color":"#0059a9","colorDark":"#00294f","angle":295.5,"snapDist":5,"label":0}},{"type":"Feature","geometry":{"type":"Point","coordinates":[18.561577,49.958042]},"properties":{"name":"Wodzisławska Boża Góra","lines":"W10","arr":["W10"],"terminus":0,"mode":"bus","color":"#0059a9","colorDark":"#00294f","angle":252.6,"snapDist":4,"label":0}},{"type":"Feature","geometry":{"type":"Point","coordinates":[18.592259,49.986822]},"properties":{"name":"Gogołowa Wiejska Centrum","lines":"W11","arr":["W11"],"terminus":0,"mode":"bus","color":"#0059a9","colorDark":"#00294f","angle":311.3,"snapDist":5,"label":1}},{"type":"Feature","geometry":{"type":"Point","coordinates":[18.574308,49.987697]},"properties":{"name":"Gogołowa Wiejska Skrzyżowanie","lines":"W11","arr":["W11"],"terminus":0,"mode":"bus","color":"#0059a9","colorDark":"#00294f","angle":9.5,"snapDist":14,"label":1}},{"type":"Feature","geometry":{"type":"Point","coordinates":[18.562407,49.980781]},"properties":{"name":"Połomia Centralna Wiadukt","lines":"W11","arr":["W11"],"terminus":0,"mode":"bus","color":"#0059a9","colorDark":"#00294f","angle":245.3,"snapDist":5,"label":1}},{"type":"Feature","geometry":{"type":"Point","coordinates":[18.558568,49.987271]},"properties":{"name":"Połomia Centralna Boisko","lines":"W11","arr":["W11"],"terminus":0,"mode":"bus","color":"#0059a9","colorDark":"#00294f","angle":87.3,"snapDist":3,"label":1}},{"type":"Feature","geometry":{"type":"Point","coordinates":[18.557202,49.989193]},"properties":{"name":"Połomia Centralna Kościół","lines":"W11","arr":["W11"],"terminus":0,"mode":"bus","color":"#0059a9","colorDark":"#00294f","angle":35,"snapDist":1,"label":1}},{"type":"Feature","geometry":{"type":"Point","coordinates":[18.545057,49.994625]},"properties":{"name":"Połomia Centralna Malowiec","lines":"W11","arr":["W11"],"terminus":0,"mode":"bus","color":"#0059a9","colorDark":"#00294f","angle":43.2,"snapDist":19,"label":1}},{"type":"Feature","geometry":{"type":"Point","coordinates":[18.540086,49.99743]},"properties":{"name":"Połomia Centralna Na Końcu","lines":"W11","arr":["W11"],"terminus":0,"mode":"bus","color":"#0059a9","colorDark":"#00294f","angle":46.9,"snapDist":3,"label":1}},{"type":"Feature","geometry":{"type":"Point","coordinates":[18.525441,49.999406]},"properties":{"name":"Połomia Centralna Folwark","lines":"W11","arr":["W11"],"terminus":0,"mode":"bus","color":"#0059a9","colorDark":"#00294f","angle":36.5,"snapDist":5,"label":1}},{"type":"Feature","geometry":{"type":"Point","coordinates":[18.540495,49.997151]},"properties":{"name":"Połomia Centralna Na Końcu","lines":"W11","arr":["W11"],"terminus":0,"mode":"bus","color":"#0059a9","colorDark":"#00294f","angle":226.6,"snapDist":3,"label":0}},{"type":"Feature","geometry":{"type":"Point","coordinates":[18.545099,49.994547]},"properties":{"name":"Połomia Centralna Malowiec","lines":"W11","arr":["W11"],"terminus":0,"mode":"bus","color":"#0059a9","colorDark":"#00294f","angle":315.7,"snapDist":1,"label":0}},{"type":"Feature","geometry":{"type":"Point","coordinates":[18.556334,49.989582]},"properties":{"name":"Połomia Centralna Kościół","lines":"W11","arr":["W11"],"terminus":0,"mode":"bus","color":"#0059a9","colorDark":"#00294f","angle":215,"snapDist":4,"label":0}},{"type":"Feature","geometry":{"type":"Point","coordinates":[18.59181,49.986494]},"properties":{"name":"Gogołowa Wiejska Centrum","lines":"W11","arr":["W11"],"terminus":0,"mode":"bus","color":"#0059a9","colorDark":"#00294f","angle":131.3,"snapDist":6,"label":0}}]}