{"type":"FeatureCollection","features":[{"type":"Feature","properties":{"t":"vec","sid":"s0","d":1733},"geometry":{"type":"LineString","coordinates":[[18.52769,50.10175],[18.5352,50.086926]]}},{"type":"Feature","properties":{"t":"gps","sid":"s0"},"geometry":{"type":"Point","coordinates":[18.52769,50.10175]}},{"type":"Feature","properties":{"t":"sch","sid":"s0","name":"Rybnik Maroko Nowiny Rondo Mazamet","imp":0.179,"d":1733},"geometry":{"type":"Point","coordinates":[18.5352,50.086926]}},{"type":"Feature","properties":{"t":"vec","sid":"s1","d":1941},"geometry":{"type":"LineString","coordinates":[[18.523345,50.101605],[18.532456,50.085163]]}},{"type":"Feature","properties":{"t":"gps","sid":"s1"},"geometry":{"type":"Point","coordinates":[18.523345,50.101605]}},{"type":"Feature","properties":{"t":"sch","sid":"s1","name":"Rybnik Maroko Nowiny Budowlanych","imp":0.227,"d":1941},"geometry":{"type":"Point","coordinates":[18.532456,50.085163]}},{"type":"Feature","properties":{"t":"vec","sid":"s2","d":2241},"geometry":{"type":"LineString","coordinates":[[18.51587,50.094435],[18.529712,50.07635]]}},{"type":"Feature","properties":{"t":"gps","sid":"s2"},"geometry":{"type":"Point","coordinates":[18.51587,50.094435]}},{"type":"Feature","properties":{"t":"sch","sid":"s2","name":"Rybnik Maroko Nowiny Chabrowa","imp":0.136,"d":2241},"geometry":{"type":"Point","coordinates":[18.529712,50.07635]}},{"type":"Feature","properties":{"t":"vec","sid":"s3","d":2124},"geometry":{"type":"LineString","coordinates":[[18.52027,50.0973],[18.532456,50.079875]]}},{"type":"Feature","properties":{"t":"gps","sid":"s3"},"geometry":{"type":"Point","coordinates":[18.52027,50.0973]}},{"type":"Feature","properties":{"t":"sch","sid":"s3","name":"Rybnik Maroko Nowiny Dąbrówki","imp":0.122,"d":2124},"geometry":{"type":"Point","coordinates":[18.532456,50.079875]}},{"type":"Feature","properties":{"t":"vec","sid":"s4","d":1666},"geometry":{"type":"LineString","coordinates":[[18.53291,50.09576],[18.540689,50.081638]]}},{"type":"Feature","properties":{"t":"gps","sid":"s4"},"geometry":{"type":"Point","coordinates":[18.53291,50.09576]}},{"type":"Feature","properties":{"t":"sch","sid":"s4","name":"Rybnik Maroko Nowiny Zebrzydowicka","imp":0.27,"d":1666},"geometry":{"type":"Point","coordinates":[18.540689,50.081638]}},{"type":"Feature","properties":{"t":"vec","sid":"s5","d":1358},"geometry":{"type":"LineString","coordinates":[[18.54082,50.093357],[18.546177,50.081638]]}},{"type":"Feature","properties":{"t":"gps","sid":"s5"},"geometry":{"type":"Point","coordinates":[18.54082,50.093357]}},{"type":"Feature","properties":{"t":"sch","sid":"s5","name":"Rybnik Śródmieście Sąd","imp":0.675,"d":1358},"geometry":{"type":"Point","coordinates":[18.546177,50.081638]}},{"type":"Feature","properties":{"t":"vec","sid":"s6","d":1064},"geometry":{"type":"LineString","coordinates":[[18.54564,50.089213],[18.548921,50.079875]]}},{"type":"Feature","properties":{"t":"gps","sid":"s6"},"geometry":{"type":"Point","coordinates":[18.54564,50.089213]}},{"type":"Feature","properties":{"t":"sch","sid":"s6","name":"Rybnik Śródmieście Dworzec Kolejowy","imp":0.81,"d":1064},"geometry":{"type":"Point","coordinates":[18.548921,50.079875]}},{"type":"Feature","properties":{"t":"vec","sid":"s7","d":1496},"geometry":{"type":"LineString","coordinates":[[18.547865,50.09193],[18.557154,50.079875]]}},{"type":"Feature","properties":{"t":"gps","sid":"s7"},"geometry":{"type":"Point","coordinates":[18.547865,50.09193]}},{"type":"Feature","properties":{"t":"sch","sid":"s7","name":"Rybnik Śródmieście Politechnika","imp":0.335,"d":1496},"geometry":{"type":"Point","coordinates":[18.557154,50.079875]}},{"type":"Feature","properties":{"t":"vec","sid":"s8","d":1863},"geometry":{"type":"LineString","coordinates":[[18.55064,50.097306],[18.559898,50.081638]]}},{"type":"Feature","properties":{"t":"gps","sid":"s8"},"geometry":{"type":"Point","coordinates":[18.55064,50.097306]}},{"type":"Feature","properties":{"t":"sch","sid":"s8","name":"Rybnik Śródmieście Bazylika","imp":0.36,"d":1863},"geometry":{"type":"Point","coordinates":[18.559898,50.081638]}},{"type":"Feature","properties":{"t":"vec","sid":"s9","d":1552},"geometry":{"type":"LineString","coordinates":[[18.563125,50.094675],[18.570875,50.081638]]}},{"type":"Feature","properties":{"t":"gps","sid":"s9"},"geometry":{"type":"Point","coordinates":[18.563125,50.094675]}},{"type":"Feature","properties":{"t":"sch","sid":"s9","name":"Rybnik Ligota Ligocka Kuźnia Wiadukt","imp":0.136,"d":1552},"geometry":{"type":"Point","coordinates":[18.570875,50.081638]}},{"type":"Feature","properties":{"t":"vec","sid":"s10","d":1270},"geometry":{"type":"LineString","coordinates":[[18.571355,50.092675],[18.574021,50.08138]]}},{"type":"Feature","properties":{"t":"gps","sid":"s10"},"geometry":{"type":"Point","coordinates":[18.571355,50.092675]}},{"type":"Feature","properties":{"t":"sch","sid":"s10","name":"Rybnik Ligota Ligocka Kuźnia Żorska","imp":0.119,"d":1270},"geometry":{"type":"Point","coordinates":[18.574021,50.08138]}},{"type":"Feature","properties":{"t":"vec","sid":"s11","d":1145},"geometry":{"type":"LineString","coordinates":[[18.578285,50.0901],[18.576363,50.079875]]}},{"type":"Feature","properties":{"t":"gps","sid":"s11"},"geometry":{"type":"Point","coordinates":[18.578285,50.0901]}},{"type":"Feature","properties":{"t":"sch","sid":"s11","name":"Rybnik Ligota Ligocka Kuźnia Kaplica","imp":0.172,"d":1145},"geometry":{"type":"Point","coordinates":[18.576363,50.079875]}},{"type":"Feature","properties":{"t":"vec","sid":"s12","d":901},"geometry":{"type":"LineString","coordinates":[[18.58572,50.087915],[18.58734,50.079875]]}},{"type":"Feature","properties":{"t":"gps","sid":"s12"},"geometry":{"type":"Point","coordinates":[18.58572,50.087915]}},{"type":"Feature","properties":{"t":"sch","sid":"s12","name":"Rybnik Ligota Ligocka Kuźnia R Boguszowicki","imp":0.15,"d":901},"geometry":{"type":"Point","coordinates":[18.58734,50.079875]}},{"type":"Feature","properties":{"t":"vec","sid":"s13","d":863},"geometry":{"type":"LineString","coordinates":[[18.58608,50.08255],[18.589327,50.075074]]}},{"type":"Feature","properties":{"t":"gps","sid":"s13"},"geometry":{"type":"Point","coordinates":[18.58608,50.08255]}},{"type":"Feature","properties":{"t":"sch","sid":"s13","name":"Rybnik Ligota Ligocka Kuźnia Boguszowicka","imp":0.062,"d":863},"geometry":{"type":"Point","coordinates":[18.589327,50.075074]}},{"type":"Feature","properties":{"t":"vec","sid":"s14","d":255},"geometry":{"type":"LineString","coordinates":[[18.59379,50.07341],[18.595194,50.071305]]}},{"type":"Feature","properties":{"t":"gps","sid":"s14"},"geometry":{"type":"Point","coordinates":[18.59379,50.07341]}},{"type":"Feature","properties":{"t":"sch","sid":"s14","name":"Rybnik Boguszowice Stare Raszowiec","imp":0.062,"d":255},"geometry":{"type":"Point","coordinates":[18.595194,50.071305]}},{"type":"Feature","properties":{"t":"vec","sid":"s15","d":282},"geometry":{"type":"LineString","coordinates":[[18.599863,50.065123],[18.601061,50.067537]]}},{"type":"Feature","properties":{"t":"gps","sid":"s15"},"geometry":{"type":"Point","coordinates":[18.599863,50.065123]}},{"type":"Feature","properties":{"t":"sch","sid":"s15","name":"Rybnik Boguszowice Stare Strażacka","imp":0.201,"d":282},"geometry":{"type":"Point","coordinates":[18.601061,50.067537]}},{"type":"Feature","properties":{"t":"vec","sid":"s16","d":312},"geometry":{"type":"LineString","coordinates":[[18.599345,50.06143],[18.601061,50.064011]]}},{"type":"Feature","properties":{"t":"gps","sid":"s16"},"geometry":{"type":"Point","coordinates":[18.599345,50.06143]}},{"type":"Feature","properties":{"t":"sch","sid":"s16","name":"Rybnik Boguszowice Stare Szkoła","imp":0.136,"d":312},"geometry":{"type":"Point","coordinates":[18.601061,50.064011]}},{"type":"Feature","properties":{"t":"vec","sid":"s17","d":705},"geometry":{"type":"LineString","coordinates":[[18.589635,50.055885],[18.595975,50.060744]]}},{"type":"Feature","properties":{"t":"gps","sid":"s17"},"geometry":{"type":"Point","coordinates":[18.589635,50.055885]}},{"type":"Feature","properties":{"t":"sch","sid":"s17","name":"Rybnik Boguszowice Stare Małachowskiego","imp":0.048,"d":705},"geometry":{"type":"Point","coordinates":[18.595975,50.060744]}},{"type":"Feature","properties":{"t":"vec","sid":"s18","d":820},"geometry":{"type":"LineString","coordinates":[[18.588948,50.049175],[18.598317,50.053435]]}},{"type":"Feature","properties":{"t":"gps","sid":"s18"},"geometry":{"type":"Point","coordinates":[18.588948,50.049175]}},{"type":"Feature","properties":{"t":"sch","sid":"s18","name":"Boguszowice Osiedle Kopalnia","imp":0.186,"d":820},"geometry":{"type":"Point","coordinates":[18.598317,50.053435]}},{"type":"Feature","properties":{"t":"vec","sid":"s19","d":510},"geometry":{"type":"LineString","coordinates":[[18.600173,50.048182],[18.606785,50.04991]]}},{"type":"Feature","properties":{"t":"gps","sid":"s19"},"geometry":{"type":"Point","coordinates":[18.600173,50.048182]}},{"type":"Feature","properties":{"t":"sch","sid":"s19","name":"Boguszowice Osiedle Patriotów","imp":0.148,"d":510},"geometry":{"type":"Point","coordinates":[18.606785,50.04991]}},{"type":"Feature","properties":{"t":"vec","sid":"s20","d":751},"geometry":{"type":"LineString","coordinates":[[18.608243,50.046736],[18.617526,50.04991]]}},{"type":"Feature","properties":{"t":"gps","sid":"s20"},"geometry":{"type":"Point","coordinates":[18.608243,50.046736]}},{"type":"Feature","properties":{"t":"sch","sid":"s20","name":"Rybnik Boguszowice Osiedle Pętla","imp":0.384,"d":751},"geometry":{"type":"Point","coordinates":[18.617526,50.04991]}},{"type":"Feature","properties":{"t":"vec","sid":"s21","d":1329},"geometry":{"type":"LineString","coordinates":[[18.54662,50.093143],[18.551666,50.081638]]}},{"type":"Feature","properties":{"t":"gps","sid":"s21"},"geometry":{"type":"Point","coordinates":[18.54662,50.093143]}},{"type":"Feature","properties":{"t":"sch","sid":"s21","name":"Rybnik Śródmieście Chrobrego","imp":0.583,"d":1329},"geometry":{"type":"Point","coordinates":[18.551666,50.081638]}},{"type":"Feature","properties":{"t":"vec","sid":"s22","d":2120},"geometry":{"type":"LineString","coordinates":[[18.51562,50.10018],[18.529712,50.083401]]}},{"type":"Feature","properties":{"t":"gps","sid":"s22"},"geometry":{"type":"Point","coordinates":[18.51562,50.10018]}},{"type":"Feature","properties":{"t":"sch","sid":"s22","name":"Rybnik Maroko Nowiny Szkoła","imp":0.213,"d":2120},"geometry":{"type":"Point","coordinates":[18.529712,50.083401]}},{"type":"Feature","properties":{"t":"vec","sid":"s23","d":1551},"geometry":{"type":"LineString","coordinates":[[18.524315,50.08752],[18.532456,50.074587]]}},{"type":"Feature","properties":{"t":"gps","sid":"s23"},"geometry":{"type":"Point","coordinates":[18.524315,50.08752]}},{"type":"Feature","properties":{"t":"sch","sid":"s23","name":"Rybnik Smolna Krzyżowa","imp":0.048,"d":1551},"geometry":{"type":"Point","coordinates":[18.532456,50.074587]}},{"type":"Feature","properties":{"t":"vec","sid":"s24","d":834},"geometry":{"type":"LineString","coordinates":[[18.59969,50.08337],[18.595573,50.07635]]}},{"type":"Feature","properties":{"t":"gps","sid":"s24"},"geometry":{"type":"Point","coordinates":[18.59969,50.08337]}},{"type":"Feature","properties":{"t":"sch","sid":"s24","name":"Rybnik Ligota Ligocka Kuźnia Jaśminowa","imp":0.122,"d":834},"geometry":{"type":"Point","coordinates":[18.595573,50.07635]}},{"type":"Feature","properties":{"t":"vec","sid":"s25","d":857},"geometry":{"type":"LineString","coordinates":[[18.61226,50.079605],[18.60655,50.072825]]}},{"type":"Feature","properties":{"t":"gps","sid":"s25"},"geometry":{"type":"Point","coordinates":[18.61226,50.079605]}},{"type":"Feature","properties":{"t":"sch","sid":"s25","name":"Rybnik Gotartowice Ziołowa","imp":0.122,"d":857},"geometry":{"type":"Point","coordinates":[18.60655,50.072825]}},{"type":"Feature","properties":{"t":"vec","sid":"s26","d":887},"geometry":{"type":"LineString","coordinates":[[18.638025,50.07114],[18.625994,50.069148]]}},{"type":"Feature","properties":{"t":"gps","sid":"s26"},"geometry":{"type":"Point","coordinates":[18.638025,50.07114]}},{"type":"Feature","properties":{"t":"sch","sid":"s26","name":"Rybnik Gotartowice Lotnisko","imp":0.048,"d":887},"geometry":{"type":"Point","coordinates":[18.625994,50.069148]}},{"type":"Feature","properties":{"t":"vec","sid":"s27","d":1317},"geometry":{"type":"LineString","coordinates":[[18.655613,50.066223],[18.63948,50.060486]]}},{"type":"Feature","properties":{"t":"gps","sid":"s27"},"geometry":{"type":"Point","coordinates":[18.655613,50.066223]}},{"type":"Feature","properties":{"t":"sch","sid":"s27","name":"Żory Rybnicka Wiśniowa","imp":0.111,"d":1317},"geometry":{"type":"Point","coordinates":[18.63948,50.060486]}},{"type":"Feature","properties":{"t":"vec","sid":"s28","d":1482},"geometry":{"type":"LineString","coordinates":[[18.665857,50.059893],[18.647713,50.053435]]}},{"type":"Feature","properties":{"t":"gps","sid":"s28"},"geometry":{"type":"Point","coordinates":[18.665857,50.059893]}},{"type":"Feature","properties":{"t":"sch","sid":"s28","name":"Żory Rybnicka Pałki","imp":0.145,"d":1482},"geometry":{"type":"Point","coordinates":[18.647713,50.053435]}},{"type":"Feature","properties":{"t":"vec","sid":"s29","d":1644},"geometry":{"type":"LineString","coordinates":[[18.671357,50.058305],[18.651143,50.051232]]}},{"type":"Feature","properties":{"t":"gps","sid":"s29"},"geometry":{"type":"Point","coordinates":[18.671357,50.058305]}},{"type":"Feature","properties":{"t":"sch","sid":"s29","name":"Żory Rybnicka Strefa","imp":0.077,"d":1644},"geometry":{"type":"Point","coordinates":[18.651143,50.051232]}},{"type":"Feature","properties":{"t":"vec","sid":"s30","d":1867},"geometry":{"type":"LineString","coordinates":[[18.678714,50.055478],[18.654573,50.049029]]}},{"type":"Feature","properties":{"t":"gps","sid":"s30"},"geometry":{"type":"Point","coordinates":[18.678714,50.055478]}},{"type":"Feature","properties":{"t":"sch","sid":"s30","name":"Żory Rybnicka Cmentarz","imp":0.077,"d":1867},"geometry":{"type":"Point","coordinates":[18.654573,50.049029]}},{"type":"Feature","properties":{"t":"vec","sid":"s31","d":2050},"geometry":{"type":"LineString","coordinates":[[18.68567,50.05172],[18.658003,50.046825]]}},{"type":"Feature","properties":{"t":"gps","sid":"s31"},"geometry":{"type":"Point","coordinates":[18.68567,50.05172]}},{"type":"Feature","properties":{"t":"sch","sid":"s31","name":"Żory Rybnicka Kłapczyka","imp":0.077,"d":2050},"geometry":{"type":"Point","coordinates":[18.658003,50.046825]}},{"type":"Feature","properties":{"t":"vec","sid":"s32","d":2334},"geometry":{"type":"LineString","coordinates":[[18.693755,50.047742],[18.661434,50.044622]]}},{"type":"Feature","properties":{"t":"gps","sid":"s32"},"geometry":{"type":"Point","coordinates":[18.693755,50.047742]}},{"type":"Feature","properties":{"t":"sch","sid":"s32","name":"Żory Centrum Przesiadkowe","imp":0.641,"d":2334},"geometry":{"type":"Point","coordinates":[18.661434,50.044622]}},{"type":"Feature","properties":{"t":"vec","sid":"s33","d":1249},"geometry":{"type":"LineString","coordinates":[[18.54425,50.092467],[18.548921,50.081638]]}},{"type":"Feature","properties":{"t":"gps","sid":"s33"},"geometry":{"type":"Point","coordinates":[18.54425,50.092467]}},{"type":"Feature","properties":{"t":"sch","sid":"s33","name":"Rybnik Śródmieście 3 Maja","imp":0.721,"d":1249},"geometry":{"type":"Point","coordinates":[18.548921,50.081638]}},{"type":"Feature","properties":{"t":"vec","sid":"s34","d":1142},"geometry":{"type":"LineString","coordinates":[[18.544083,50.090057],[18.546177,50.079875]]}},{"type":"Feature","properties":{"t":"gps","sid":"s34"},"geometry":{"type":"Point","coordinates":[18.544083,50.090057]}},{"type":"Feature","properties":{"t":"sch","sid":"s34","name":"Rybnik Śródmieście Urszulanki","imp":0.468,"d":1142},"geometry":{"type":"Point","coordinates":[18.546177,50.079875]}},{"type":"Feature","properties":{"t":"vec","sid":"s35","d":1235},"geometry":{"type":"LineString","coordinates":[[18.543387,50.088637],[18.548921,50.078113]]}},{"type":"Feature","properties":{"t":"gps","sid":"s35"},"geometry":{"type":"Point","coordinates":[18.543387,50.088637]}},{"type":"Feature","properties":{"t":"sch","sid":"s35","name":"Rybnik Śródmieście Policja","imp":0.443,"d":1235},"geometry":{"type":"Point","coordinates":[18.548921,50.078113]}},{"type":"Feature","properties":{"t":"vec","sid":"s36","d":1803},"geometry":{"type":"LineString","coordinates":[[18.52866,50.09495],[18.537945,50.079875]]}},{"type":"Feature","properties":{"t":"gps","sid":"s36"},"geometry":{"type":"Point","coordinates":[18.52866,50.09495]}},{"type":"Feature","properties":{"t":"sch","sid":"s36","name":"Rybnik Smolna Kotucza","imp":0.139,"d":1803},"geometry":{"type":"Point","coordinates":[18.537945,50.079875]}},{"type":"Feature","properties":{"t":"vec","sid":"s37","d":770},"geometry":{"type":"LineString","coordinates":[[18.61638,50.075105],[18.607621,50.071062]]}},{"type":"Feature","properties":{"t":"gps","sid":"s37"},"geometry":{"type":"Point","coordinates":[18.61638,50.075105]}},{"type":"Feature","properties":{"t":"sch","sid":"s37","name":"Rybnik Gotartowice Straż","imp":0.077,"d":770},"geometry":{"type":"Point","coordinates":[18.607621,50.071062]}},{"type":"Feature","properties":{"t":"vec","sid":"s38","d":1491},"geometry":{"type":"LineString","coordinates":[[18.528475,50.090065],[18.537945,50.078113]]}},{"type":"Feature","properties":{"t":"gps","sid":"s38"},"geometry":{"type":"Point","coordinates":[18.528475,50.090065]}},{"type":"Feature","properties":{"t":"sch","sid":"s38","name":"Rybnik Smolna Reymonta","imp":0.156,"d":1491},"geometry":{"type":"Point","coordinates":[18.537945,50.078113]}},{"type":"Feature","properties":{"t":"vec","sid":"s39","d":1707},"geometry":{"type":"LineString","coordinates":[[18.52188,50.09188],[18.532456,50.078113]]}},{"type":"Feature","properties":{"t":"gps","sid":"s39"},"geometry":{"type":"Point","coordinates":[18.52188,50.09188]}},{"type":"Feature","properties":{"t":"sch","sid":"s39","name":"Rybnik Maroko Nowiny Raciborska","imp":0.182,"d":1707},"geometry":{"type":"Point","coordinates":[18.532456,50.078113]}},{"type":"Feature","properties":{"t":"vec","sid":"s40","d":1763},"geometry":{"type":"LineString","coordinates":[[18.544453,50.102093],[18.551666,50.086926]]}},{"type":"Feature","properties":{"t":"gps","sid":"s40"},"geometry":{"type":"Point","coordinates":[18.544453,50.102093]}},{"type":"Feature","properties":{"t":"sch","sid":"s40","name":"Rybnik Północ Rondo Gliwickie","imp":0.366,"d":1763},"geometry":{"type":"Point","coordinates":[18.551666,50.086926]}},{"type":"Feature","properties":{"t":"vec","sid":"s41","d":1606},"geometry":{"type":"LineString","coordinates":[[18.53562,50.09395],[18.540689,50.079875]]}},{"type":"Feature","properties":{"t":"gps","sid":"s41"},"geometry":{"type":"Point","coordinates":[18.53562,50.09395]}},{"type":"Feature","properties":{"t":"sch","sid":"s41","name":"Rybnik Smolna Franciszkanie","imp":0.165,"d":1606},"geometry":{"type":"Point","coordinates":[18.540689,50.079875]}},{"type":"Feature","properties":{"t":"vec","sid":"s42","d":1397},"geometry":{"type":"LineString","coordinates":[[18.530388,50.086763],[18.5352,50.074587]]}},{"type":"Feature","properties":{"t":"gps","sid":"s42"},"geometry":{"type":"Point","coordinates":[18.530388,50.086763]}},{"type":"Feature","properties":{"t":"sch","sid":"s42","name":"Rybnik Smolna Osiedle","imp":0.309,"d":1397},"geometry":{"type":"Point","coordinates":[18.5352,50.074587]}},{"type":"Feature","properties":{"t":"vec","sid":"s43","d":911},"geometry":{"type":"LineString","coordinates":[[18.5258,50.08249],[18.529144,50.074587]]}},{"type":"Feature","properties":{"t":"gps","sid":"s43"},"geometry":{"type":"Point","coordinates":[18.5258,50.08249]}},{"type":"Feature","properties":{"t":"sch","sid":"s43","name":"Rybnik Zamysłów Plebiscytowa","imp":0.077,"d":911},"geometry":{"type":"Point","coordinates":[18.529144,50.074587]}},{"type":"Feature","properties":{"t":"vec","sid":"s44","d":1206},"geometry":{"type":"LineString","coordinates":[[18.51888,50.08311],[18.524223,50.072825]]}},{"type":"Feature","properties":{"t":"gps","sid":"s44"},"geometry":{"type":"Point","coordinates":[18.51888,50.08311]}},{"type":"Feature","properties":{"t":"sch","sid":"s44","name":"Rybnik Zamysłów Niedobczycka","imp":0.094,"d":1206},"geometry":{"type":"Point","coordinates":[18.524223,50.072825]}},{"type":"Feature","properties":{"t":"vec","sid":"s45","d":1242},"geometry":{"type":"LineString","coordinates":[[18.511415,50.079435],[18.518735,50.069299]]}},{"type":"Feature","properties":{"t":"gps","sid":"s45"},"geometry":{"type":"Point","coordinates":[18.511415,50.079435]}},{"type":"Feature","properties":{"t":"sch","sid":"s45","name":"Rybnik Zamysłów Wrzosy","imp":0.094,"d":1242},"geometry":{"type":"Point","coordinates":[18.518735,50.069299]}},{"type":"Feature","properties":{"t":"vec","sid":"s46","d":1174},"geometry":{"type":"LineString","coordinates":[[18.50373,50.074565],[18.514619,50.066655]]}},{"type":"Feature","properties":{"t":"gps","sid":"s46"},"geometry":{"type":"Point","coordinates":[18.50373,50.074565]}},{"type":"Feature","properties":{"t":"sch","sid":"s46","name":"Rybnik Niedobczyce Niedobczycka","imp":0.062,"d":1174},"geometry":{"type":"Point","coordinates":[18.514619,50.066655]}},{"type":"Feature","properties":{"t":"vec","sid":"s47","d":986},"geometry":{"type":"LineString","coordinates":[[18.49842,50.068295],[18.510502,50.064011]]}},{"type":"Feature","properties":{"t":"gps","sid":"s47"},"geometry":{"type":"Point","coordinates":[18.49842,50.068295]}},{"type":"Feature","properties":{"t":"sch","sid":"s47","name":"Rybnik Niedobczyce Szkoła","imp":0.153,"d":986},"geometry":{"type":"Point","coordinates":[18.510502,50.064011]}},{"type":"Feature","properties":{"t":"vec","sid":"s48","d":1008},"geometry":{"type":"LineString","coordinates":[[18.49361,50.07111],[18.505014,50.065774]]}},{"type":"Feature","properties":{"t":"gps","sid":"s48"},"geometry":{"type":"Point","coordinates":[18.49361,50.07111]}},{"type":"Feature","properties":{"t":"sch","sid":"s48","name":"Rybnik Niedobczyce Wołodyjowskiego","imp":0.111,"d":1008},"geometry":{"type":"Point","coordinates":[18.505014,50.065774]}},{"type":"Feature","properties":{"t":"vec","sid":"s49","d":1584},"geometry":{"type":"LineString","coordinates":[[18.48175,50.07211],[18.500819,50.064842]]}},{"type":"Feature","properties":{"t":"gps","sid":"s49"},"geometry":{"type":"Point","coordinates":[18.48175,50.07211]}},{"type":"Feature","properties":{"t":"sch","sid":"s49","name":"Rybnik Niedobczyce Cegielnia","imp":0.062,"d":1584},"geometry":{"type":"Point","coordinates":[18.500819,50.064842]}},{"type":"Feature","properties":{"t":"vec","sid":"s50","d":1819},"geometry":{"type":"LineString","coordinates":[[18.47561,50.07111],[18.497428,50.062664]]}},{"type":"Feature","properties":{"t":"gps","sid":"s50"},"geometry":{"type":"Point","coordinates":[18.47561,50.07111]}},{"type":"Feature","properties":{"t":"sch","sid":"s50","name":"Rybnik Niewiadom Racławicka","imp":0.062,"d":1819},"geometry":{"type":"Point","coordinates":[18.497428,50.062664]}},{"type":"Feature","properties":{"t":"vec","sid":"s51","d":2118},"geometry":{"type":"LineString","coordinates":[[18.4678,50.06936],[18.494037,50.060486]]}},{"type":"Feature","properties":{"t":"gps","sid":"s51"},"geometry":{"type":"Point","coordinates":[18.4678,50.06936]}},{"type":"Feature","properties":{"t":"sch","sid":"s51","name":"Rybnik Niewiadom Dworzec Kol.","imp":0.122,"d":2118},"geometry":{"type":"Point","coordinates":[18.494037,50.060486]}},{"type":"Feature","properties":{"t":"vec","sid":"s52","d":1286},"geometry":{"type":"LineString","coordinates":[[18.475077,50.049653],[18.491293,50.044622]]}},{"type":"Feature","properties":{"t":"gps","sid":"s52"},"geometry":{"type":"Point","coordinates":[18.475077,50.049653]}},{"type":"Feature","properties":{"t":"sch","sid":"s52","name":"Radlin Korfantego Centrum","imp":0.277,"d":1286},"geometry":{"type":"Point","coordinates":[18.491293,50.044622]}},{"type":"Feature","properties":{"t":"vec","sid":"s53","d":479},"geometry":{"type":"LineString","coordinates":[[18.487498,50.04207],[18.494037,50.041097]]}},{"type":"Feature","properties":{"t":"gps","sid":"s53"},"geometry":{"type":"Point","coordinates":[18.487498,50.04207]}},{"type":"Feature","properties":{"t":"sch","sid":"s53","name":"Radlin Korfantego KWK Marcel","imp":0.217,"d":479},"geometry":{"type":"Point","coordinates":[18.494037,50.041097]}},{"type":"Feature","properties":{"t":"vec","sid":"s54","d":1993},"geometry":{"type":"LineString","coordinates":[[18.46794,50.06155],[18.494037,50.055198]]}},{"type":"Feature","properties":{"t":"gps","sid":"s54"},"geometry":{"type":"Point","coordinates":[18.46794,50.06155]}},{"type":"Feature","properties":{"t":"sch","sid":"s54","name":"Rybnik Niewiadom Kopalnia Ignacy","imp":0.062,"d":1993},"geometry":{"type":"Point","coordinates":[18.494037,50.055198]}},{"type":"Feature","properties":{"t":"vec","sid":"s55","d":1411},"geometry":{"type":"LineString","coordinates":[[18.55061,50.09938],[18.55441,50.086926]]}},{"type":"Feature","properties":{"t":"gps","sid":"s55"},"geometry":{"type":"Point","coordinates":[18.55061,50.09938]}},{"type":"Feature","properties":{"t":"sch","sid":"s55","name":"Rybnik Śródmieście Piasta","imp":0.218,"d":1411},"geometry":{"type":"Point","coordinates":[18.55441,50.086926]}},{"type":"Feature","properties":{"t":"vec","sid":"s56","d":661},"geometry":{"type":"LineString","coordinates":[[18.547013,50.081487],[18.551666,50.07635]]}},{"type":"Feature","properties":{"t":"gps","sid":"s56"},"geometry":{"type":"Point","coordinates":[18.547013,50.081487]}},{"type":"Feature","properties":{"t":"sch","sid":"s56","name":"Rybnik Meksyk Park","imp":0.309,"d":661},"geometry":{"type":"Point","coordinates":[18.551666,50.07635]}},{"type":"Feature","properties":{"t":"vec","sid":"s57","d":226},"geometry":{"type":"LineString","coordinates":[[18.54899,50.071747],[18.551666,50.072825]]}},{"type":"Feature","properties":{"t":"gps","sid":"s57"},"geometry":{"type":"Point","coordinates":[18.54899,50.071747]}},{"type":"Feature","properties":{"t":"sch","sid":"s57","name":"Rybnik Chwałowice Kopalnia","imp":0.33,"d":226},"geometry":{"type":"Point","coordinates":[18.551666,50.072825]}},{"type":"Feature","properties":{"t":"vec","sid":"s58","d":373},"geometry":{"type":"LineString","coordinates":[[18.552082,50.063103],[18.548921,50.065774]]}},{"type":"Feature","properties":{"t":"gps","sid":"s58"},"geometry":{"type":"Point","coordinates":[18.552082,50.063103]}},{"type":"Feature","properties":{"t":"sch","sid":"s58","name":"Rybnik Chwałowice Osiedle","imp":0.221,"d":373},"geometry":{"type":"Point","coordinates":[18.548921,50.065774]}},{"type":"Feature","properties":{"t":"vec","sid":"s59","d":592},"geometry":{"type":"LineString","coordinates":[[18.554878,50.060303],[18.548921,50.064011]]}},{"type":"Feature","properties":{"t":"gps","sid":"s59"},"geometry":{"type":"Point","coordinates":[18.554878,50.060303]}},{"type":"Feature","properties":{"t":"sch","sid":"s59","name":"Rybnik Chwałowice Pętla","imp":0.353,"d":592},"geometry":{"type":"Point","coordinates":[18.548921,50.064011]}},{"type":"Feature","properties":{"t":"vec","sid":"s60","d":1103},"geometry":{"type":"LineString","coordinates":[[18.545785,50.087285],[18.551666,50.078113]]}},{"type":"Feature","properties":{"t":"gps","sid":"s60"},"geometry":{"type":"Point","coordinates":[18.545785,50.087285]}},{"type":"Feature","properties":{"t":"sch","sid":"s60","name":"Rybnik Meksyk Kamyczek","imp":0.34,"d":1103},"geometry":{"type":"Point","coordinates":[18.551666,50.078113]}},{"type":"Feature","properties":{"t":"vec","sid":"s61","d":1095},"geometry":{"type":"LineString","coordinates":[[18.52587,50.080593],[18.529712,50.071062]]}},{"type":"Feature","properties":{"t":"gps","sid":"s61"},"geometry":{"type":"Point","coordinates":[18.52587,50.080593]}},{"type":"Feature","properties":{"t":"sch","sid":"s61","name":"Rybnik Zamysłów Wodzisławska","imp":0.193,"d":1095},"geometry":{"type":"Point","coordinates":[18.529712,50.071062]}},{"type":"Feature","properties":{"t":"vec","sid":"s62","d":747},"geometry":{"type":"LineString","coordinates":[[18.519288,50.0717],[18.524223,50.065774]]}},{"type":"Feature","properties":{"t":"gps","sid":"s62"},"geometry":{"type":"Point","coordinates":[18.519288,50.0717]}},{"type":"Feature","properties":{"t":"sch","sid":"s62","name":"Rybnik Niedobczyce Paryż","imp":0.193,"d":747},"geometry":{"type":"Point","coordinates":[18.524223,50.065774]}},{"type":"Feature","properties":{"t":"vec","sid":"s63","d":636},"geometry":{"type":"LineString","coordinates":[[18.509745,50.069275],[18.516795,50.065774]]}},{"type":"Feature","properties":{"t":"gps","sid":"s63"},"geometry":{"type":"Point","coordinates":[18.509745,50.069275]}},{"type":"Feature","properties":{"t":"sch","sid":"s63","name":"Rybnik Niedobczyce Karolinka","imp":0.091,"d":636},"geometry":{"type":"Point","coordinates":[18.516795,50.065774]}},{"type":"Feature","properties":{"t":"vec","sid":"s64","d":997},"geometry":{"type":"LineString","coordinates":[[18.494595,50.06469],[18.505014,50.058723]]}},{"type":"Feature","properties":{"t":"gps","sid":"s64"},"geometry":{"type":"Point","coordinates":[18.494595,50.06469]}},{"type":"Feature","properties":{"t":"sch","sid":"s64","name":"Rybnik Niedobczyce Stadion","imp":0.199,"d":997},"geometry":{"type":"Point","coordinates":[18.505014,50.058723]}},{"type":"Feature","properties":{"t":"vec","sid":"s65","d":1003},"geometry":{"type":"LineString","coordinates":[[18.487805,50.058735],[18.501355,50.056373]]}},{"type":"Feature","properties":{"t":"gps","sid":"s65"},"geometry":{"type":"Point","coordinates":[18.487805,50.058735]}},{"type":"Feature","properties":{"t":"sch","sid":"s65","name":"Rybnik Niedobczyce Orlik","imp":0.105,"d":1003},"geometry":{"type":"Point","coordinates":[18.501355,50.056373]}},{"type":"Feature","properties":{"t":"vec","sid":"s66","d":1000},"geometry":{"type":"LineString","coordinates":[[18.483745,50.05474],[18.497696,50.054023]]}},{"type":"Feature","properties":{"t":"gps","sid":"s66"},"geometry":{"type":"Point","coordinates":[18.483745,50.05474]}},{"type":"Feature","properties":{"t":"sch","sid":"s66","name":"Rybnik Niedobczyce Wrębowa","imp":0.105,"d":1000},"geometry":{"type":"Point","coordinates":[18.497696,50.054023]}},{"type":"Feature","properties":{"t":"vec","sid":"s67","d":355},"geometry":{"type":"LineString","coordinates":[[18.49814,50.042877],[18.50227,50.041097]]}},{"type":"Feature","properties":{"t":"gps","sid":"s67"},"geometry":{"type":"Point","coordinates":[18.49814,50.042877]}},{"type":"Feature","properties":{"t":"sch","sid":"s67","name":"Obszary Wiadukt","imp":0.156,"d":355},"geometry":{"type":"Point","coordinates":[18.50227,50.041097]}},{"type":"Feature","properties":{"t":"vec","sid":"s68","d":808},"geometry":{"type":"LineString","coordinates":[[18.5003,50.043635],[18.507248,50.037899]]}},{"type":"Feature","properties":{"t":"gps","sid":"s68"},"geometry":{"type":"Point","coordinates":[18.5003,50.043635]}},{"type":"Feature","properties":{"t":"sch","sid":"s68","name":"Radlin Marklowicka Dom Górnika","imp":0.077,"d":808},"geometry":{"type":"Point","coordinates":[18.507248,50.037899]}},{"type":"Feature","properties":{"t":"vec","sid":"s69","d":253},"geometry":{"type":"LineString","coordinates":[[18.50605,50.035503],[18.507758,50.033512]]}},{"type":"Feature","properties":{"t":"gps","sid":"s69"},"geometry":{"type":"Point","coordinates":[18.50605,50.035503]}},{"type":"Feature","properties":{"t":"sch","sid":"s69","name":"Marklowice Wiosny Ludów Kaplica","imp":0.077,"d":253},"geometry":{"type":"Point","coordinates":[18.507758,50.033512]}},{"type":"Feature","properties":{"t":"vec","sid":"s70","d":143},"geometry":{"type":"LineString","coordinates":[[18.506333,50.028087],[18.507758,50.02899]]}},{"type":"Feature","properties":{"t":"gps","sid":"s70"},"geometry":{"type":"Point","coordinates":[18.506333,50.028087]}},{"type":"Feature","properties":{"t":"sch","sid":"s70","name":"Marklowice Wiosny Ludów Sklep","imp":0.077,"d":143},"geometry":{"type":"Point","coordinates":[18.507758,50.02899]}},{"type":"Feature","properties":{"t":"vec","sid":"s71","d":164},"geometry":{"type":"LineString","coordinates":[[18.508865,50.018655],[18.507758,50.019945]]}},{"type":"Feature","properties":{"t":"gps","sid":"s71"},"geometry":{"type":"Point","coordinates":[18.508865,50.018655]}},{"type":"Feature","properties":{"t":"sch","sid":"s71","name":"Marklowice Wiosny Ludów Górka","imp":0.094,"d":164},"geometry":{"type":"Point","coordinates":[18.507758,50.019945]}},{"type":"Feature","properties":{"t":"vec","sid":"s72","d":2817},"geometry":{"type":"LineString","coordinates":[[18.520095,50.11502],[18.529712,50.090451]]}},{"type":"Feature","properties":{"t":"gps","sid":"s72"},"geometry":{"type":"Point","coordinates":[18.520095,50.11502]}},{"type":"Feature","properties":{"t":"sch","sid":"s72","name":"Rybnik Orzepowice Storczyków","imp":0.155,"d":2817},"geometry":{"type":"Point","coordinates":[18.529712,50.090451]}},{"type":"Feature","properties":{"t":"vec","sid":"s73","d":2875},"geometry":{"type":"LineString","coordinates":[[18.523063,50.112715],[18.537945,50.088689]]}},{"type":"Feature","properties":{"t":"gps","sid":"s73"},"geometry":{"type":"Point","coordinates":[18.523063,50.112715]}},{"type":"Feature","properties":{"t":"sch","sid":"s73","name":"Rybnik Orzepowice Szpital Woj","imp":0.223,"d":2875},"geometry":{"type":"Point","coordinates":[18.537945,50.088689]}},{"type":"Feature","properties":{"t":"vec","sid":"s74","d":1479},"geometry":{"type":"LineString","coordinates":[[18.48194,50.06484],[18.500329,50.058723]]}},{"type":"Feature","properties":{"t":"gps","sid":"s74"},"geometry":{"type":"Point","coordinates":[18.48194,50.06484]}},{"type":"Feature","properties":{"t":"sch","sid":"s74","name":"Rybnik Niedobczyce Janasa","imp":0.077,"d":1479},"geometry":{"type":"Point","coordinates":[18.500329,50.058723]}},{"type":"Feature","properties":{"t":"vec","sid":"s75","d":1982},"geometry":{"type":"LineString","coordinates":[[18.471995,50.06497],[18.496781,50.056961]]}},{"type":"Feature","properties":{"t":"gps","sid":"s75"},"geometry":{"type":"Point","coordinates":[18.471995,50.06497]}},{"type":"Feature","properties":{"t":"sch","sid":"s75","name":"Rybnik Niedobczyce Hałdy","imp":0.094,"d":1982},"geometry":{"type":"Point","coordinates":[18.496781,50.056961]}},{"type":"Feature","properties":{"t":"vec","sid":"s76","d":2408},"geometry":{"type":"LineString","coordinates":[[18.46509,50.07512],[18.494037,50.064011]]}},{"type":"Feature","properties":{"t":"gps","sid":"s76"},"geometry":{"type":"Point","coordinates":[18.46509,50.07512]}},{"type":"Feature","properties":{"t":"sch","sid":"s76","name":"Rybnik Niewiadom Szkoła","imp":0.159,"d":2408},"geometry":{"type":"Point","coordinates":[18.494037,50.064011]}},{"type":"Feature","properties":{"t":"vec","sid":"s77","d":2532},"geometry":{"type":"LineString","coordinates":[[18.459597,50.08068],[18.488549,50.067537]]}},{"type":"Feature","properties":{"t":"gps","sid":"s77"},"geometry":{"type":"Point","coordinates":[18.459597,50.08068]}},{"type":"Feature","properties":{"t":"sch","sid":"s77","name":"Rybnik Niewiadom Frontowa","imp":0.206,"d":2532},"geometry":{"type":"Point","coordinates":[18.488549,50.067537]}},{"type":"Feature","properties":{"t":"vec","sid":"s78","d":3044},"geometry":{"type":"LineString","coordinates":[[18.453727,50.079797],[18.488549,50.064011]]}},{"type":"Feature","properties":{"t":"gps","sid":"s78"},"geometry":{"type":"Point","coordinates":[18.453727,50.079797]}},{"type":"Feature","properties":{"t":"sch","sid":"s78","name":"Radoszowy Kościół","imp":0.139,"d":3044},"geometry":{"type":"Point","coordinates":[18.488549,50.064011]}},{"type":"Feature","properties":{"t":"vec","sid":"s79","d":1907},"geometry":{"type":"LineString","coordinates":[[18.48305,50.08082],[18.505014,50.071062]]}},{"type":"Feature","properties":{"t":"gps","sid":"s79"},"geometry":{"type":"Point","coordinates":[18.48305,50.08082]}},{"type":"Feature","properties":{"t":"sch","sid":"s79","name":"Rybnik Niewiadom Kol Beata","imp":0.111,"d":1907},"geometry":{"type":"Point","coordinates":[18.505014,50.071062]}},{"type":"Feature","properties":{"t":"vec","sid":"s80","d":2054},"geometry":{"type":"LineString","coordinates":[[18.47791,50.08088],[18.50227,50.071062]]}},{"type":"Feature","properties":{"t":"gps","sid":"s80"},"geometry":{"type":"Point","coordinates":[18.47791,50.08088]}},{"type":"Feature","properties":{"t":"sch","sid":"s80","name":"Rybnik Niewiadom Kol Beata","imp":0.094,"d":2054},"geometry":{"type":"Point","coordinates":[18.50227,50.071062]}},{"type":"Feature","properties":{"t":"vec","sid":"s81","d":1337},"geometry":{"type":"LineString","coordinates":[[18.504555,50.08876],[18.513247,50.078113]]}},{"type":"Feature","properties":{"t":"gps","sid":"s81"},"geometry":{"type":"Point","coordinates":[18.504555,50.08876]}},{"type":"Feature","properties":{"t":"sch","sid":"s81","name":"Rybnik Maroko Nowiny Graniczna","imp":0.094,"d":1337},"geometry":{"type":"Point","coordinates":[18.513247,50.078113]}},{"type":"Feature","properties":{"t":"vec","sid":"s82","d":1564},"geometry":{"type":"LineString","coordinates":[[18.51411,50.09101],[18.522851,50.078113]]}},{"type":"Feature","properties":{"t":"gps","sid":"s82"},"geometry":{"type":"Point","coordinates":[18.51411,50.09101]}},{"type":"Feature","properties":{"t":"sch","sid":"s82","name":"Rybnik Maroko Nowiny Brzozowa","imp":0.077,"d":1564},"geometry":{"type":"Point","coordinates":[18.522851,50.078113]}},{"type":"Feature","properties":{"t":"vec","sid":"s83","d":1291},"geometry":{"type":"LineString","coordinates":[[18.53913,50.08586],[18.543433,50.074587]]}},{"type":"Feature","properties":{"t":"gps","sid":"s83"},"geometry":{"type":"Point","coordinates":[18.53913,50.08586]}},{"type":"Feature","properties":{"t":"sch","sid":"s83","name":"Rybnik Śródmieście Jankowicka ZUS","imp":0.094,"d":1291},"geometry":{"type":"Point","coordinates":[18.543433,50.074587]}},{"type":"Feature","properties":{"t":"vec","sid":"s84","d":776},"geometry":{"type":"LineString","coordinates":[[18.532065,50.0734],[18.537945,50.067537]]}},{"type":"Feature","properties":{"t":"gps","sid":"s84"},"geometry":{"type":"Point","coordinates":[18.532065,50.0734]}},{"type":"Feature","properties":{"t":"sch","sid":"s84","name":"Rybnik Zamysłów Dolna Mostek","imp":0.052,"d":776},"geometry":{"type":"Point","coordinates":[18.537945,50.067537]}},{"type":"Feature","properties":{"t":"vec","sid":"s85","d":900},"geometry":{"type":"LineString","coordinates":[[18.529745,50.07628],[18.537945,50.07013]]}},{"type":"Feature","properties":{"t":"gps","sid":"s85"},"geometry":{"type":"Point","coordinates":[18.529745,50.07628]}},{"type":"Feature","properties":{"t":"sch","sid":"s85","name":"Rybnik Zamysłów Dolna Las","imp":0.048,"d":900},"geometry":{"type":"Point","coordinates":[18.537945,50.07013]}},{"type":"Feature","properties":{"t":"vec","sid":"s86","d":1074},"geometry":{"type":"LineString","coordinates":[[18.5299,50.080885],[18.537945,50.072724]]}},{"type":"Feature","properties":{"t":"gps","sid":"s86"},"geometry":{"type":"Point","coordinates":[18.5299,50.080885]}},{"type":"Feature","properties":{"t":"sch","sid":"s86","name":"Rybnik Zamysłów Dolna","imp":0.048,"d":1074},"geometry":{"type":"Point","coordinates":[18.537945,50.072724]}},{"type":"Feature","properties":{"t":"vec","sid":"s87","d":799},"geometry":{"type":"LineString","coordinates":[[18.49669,50.060555],[18.506844,50.057548]]}},{"type":"Feature","properties":{"t":"gps","sid":"s87"},"geometry":{"type":"Point","coordinates":[18.49669,50.060555]}},{"type":"Feature","properties":{"t":"sch","sid":"s87","name":"Rybnik Niedobczyce Kopalnia Rymer","imp":0.077,"d":799},"geometry":{"type":"Point","coordinates":[18.506844,50.057548]}},{"type":"Feature","properties":{"t":"vec","sid":"s88","d":241},"geometry":{"type":"LineString","coordinates":[[18.507135,50.055013],[18.510502,50.055198]]}},{"type":"Feature","properties":{"t":"gps","sid":"s88"},"geometry":{"type":"Point","coordinates":[18.507135,50.055013]}},{"type":"Feature","properties":{"t":"sch","sid":"s88","name":"Rybnik Popielów Skrzyżowanie","imp":0.17,"d":241},"geometry":{"type":"Point","coordinates":[18.510502,50.055198]}},{"type":"Feature","properties":{"t":"vec","sid":"s89","d":417},"geometry":{"type":"LineString","coordinates":[[18.5103,50.056105],[18.515991,50.056961]]}},{"type":"Feature","properties":{"t":"gps","sid":"s89"},"geometry":{"type":"Point","coordinates":[18.5103,50.056105]}},{"type":"Feature","properties":{"t":"sch","sid":"s89","name":"Rybnik Popielów Staffa","imp":0.079,"d":417},"geometry":{"type":"Point","coordinates":[18.515991,50.056961]}},{"type":"Feature","properties":{"t":"vec","sid":"s90","d":484},"geometry":{"type":"LineString","coordinates":[[18.5158,50.053605],[18.520107,50.056961]]}},{"type":"Feature","properties":{"t":"gps","sid":"s90"},"geometry":{"type":"Point","coordinates":[18.5158,50.053605]}},{"type":"Feature","properties":{"t":"sch","sid":"s90","name":"Rybnik Popielów Kościół","imp":0.062,"d":484},"geometry":{"type":"Point","coordinates":[18.520107,50.056961]}},{"type":"Feature","properties":{"t":"vec","sid":"s91","d":289},"geometry":{"type":"LineString","coordinates":[[18.52061,50.0558],[18.524223,50.056961]]}},{"type":"Feature","properties":{"t":"gps","sid":"s91"},"geometry":{"type":"Point","coordinates":[18.52061,50.0558]}},{"type":"Feature","properties":{"t":"sch","sid":"s91","name":"Rybnik Radziejów Spółdzielcza","imp":0.094,"d":289},"geometry":{"type":"Point","coordinates":[18.524223,50.056961]}},{"type":"Feature","properties":{"t":"vec","sid":"s92","d":285},"geometry":{"type":"LineString","coordinates":[[18.52638,50.05887],[18.530355,50.059136]]}},{"type":"Feature","properties":{"t":"gps","sid":"s92"},"geometry":{"type":"Point","coordinates":[18.52638,50.05887]}},{"type":"Feature","properties":{"t":"sch","sid":"s92","name":"Rybnik Radziejów Okulickiego","imp":0.077,"d":285},"geometry":{"type":"Point","coordinates":[18.530355,50.059136]}},{"type":"Feature","properties":{"t":"vec","sid":"s93","d":432},"geometry":{"type":"LineString","coordinates":[[18.53061,50.06468],[18.535683,50.062558]]}},{"type":"Feature","properties":{"t":"gps","sid":"s93"},"geometry":{"type":"Point","coordinates":[18.53061,50.06468]}},{"type":"Feature","properties":{"t":"sch","sid":"s93","name":"Rybnik Radziejów Świercze","imp":0.077,"d":432},"geometry":{"type":"Point","coordinates":[18.535683,50.062558]}},{"type":"Feature","properties":{"t":"vec","sid":"s94","d":459},"geometry":{"type":"LineString","coordinates":[[18.53733,50.06936],[18.54101,50.065981]]}},{"type":"Feature","properties":{"t":"gps","sid":"s94"},"geometry":{"type":"Point","coordinates":[18.53733,50.06936]}},{"type":"Feature","properties":{"t":"sch","sid":"s94","name":"Rybnik Chwałowice Las","imp":0.077,"d":459},"geometry":{"type":"Point","coordinates":[18.54101,50.065981]}},{"type":"Feature","properties":{"t":"vec","sid":"s95","d":3109},"geometry":{"type":"LineString","coordinates":[[18.52623,50.116825],[18.540689,50.090451]]}},{"type":"Feature","properties":{"t":"gps","sid":"s95"},"geometry":{"type":"Point","coordinates":[18.52623,50.116825]}},{"type":"Feature","properties":{"t":"sch","sid":"s95","name":"Rybnik Orzepowice Kuźnia","imp":0.122,"d":3109},"geometry":{"type":"Point","coordinates":[18.540689,50.090451]}},{"type":"Feature","properties":{"t":"vec","sid":"s96","d":2445},"geometry":{"type":"LineString","coordinates":[[18.535,50.11],[18.543433,50.088689]]}},{"type":"Feature","properties":{"t":"gps","sid":"s96"},"geometry":{"type":"Point","coordinates":[18.535,50.11]}},{"type":"Feature","properties":{"t":"sch","sid":"s96","name":"Rybnik Północ Wawok","imp":0.172,"d":2445},"geometry":{"type":"Point","coordinates":[18.543433,50.088689]}},{"type":"Feature","properties":{"t":"vec","sid":"s97","d":1937},"geometry":{"type":"LineString","coordinates":[[18.53719,50.10388],[18.543433,50.086926]]}},{"type":"Feature","properties":{"t":"gps","sid":"s97"},"geometry":{"type":"Point","coordinates":[18.53719,50.10388]}},{"type":"Feature","properties":{"t":"sch","sid":"s97","name":"Rybnik Północ Rudzka Cmentarz","imp":0.17,"d":1937},"geometry":{"type":"Point","coordinates":[18.543433,50.086926]}},{"type":"Feature","properties":{"t":"vec","sid":"s98","d":3245},"geometry":{"type":"LineString","coordinates":[[18.52141,50.1194],[18.537945,50.092214]]}},{"type":"Feature","properties":{"t":"gps","sid":"s98"},"geometry":{"type":"Point","coordinates":[18.52141,50.1194]}},{"type":"Feature","properties":{"t":"sch","sid":"s98","name":"Rybnik Orzepowice Rudzka","imp":0.153,"d":3245},"geometry":{"type":"Point","coordinates":[18.537945,50.092214]}},{"type":"Feature","properties":{"t":"vec","sid":"s99","d":3946},"geometry":{"type":"LineString","coordinates":[[18.50694,50.12455],[18.529712,50.092214]]}},{"type":"Feature","properties":{"t":"gps","sid":"s99"},"geometry":{"type":"Point","coordinates":[18.50694,50.12455]}},{"type":"Feature","properties":{"t":"sch","sid":"s99","name":"Rybnik Chwałęcice Przystań","imp":0.077,"d":3946},"geometry":{"type":"Point","coordinates":[18.529712,50.092214]}},{"type":"Feature","properties":{"t":"vec","sid":"s100","d":4698},"geometry":{"type":"LineString","coordinates":[[18.4923,50.130075],[18.521479,50.092214]]}},{"type":"Feature","properties":{"t":"gps","sid":"s100"},"geometry":{"type":"Point","coordinates":[18.4923,50.130075]}},{"type":"Feature","properties":{"t":"sch","sid":"s100","name":"Rybnik Chwałęcice Kierchówek","imp":0.111,"d":4698},"geometry":{"type":"Point","coordinates":[18.521479,50.092214]}},{"type":"Feature","properties":{"t":"vec","sid":"s101","d":5478},"geometry":{"type":"LineString","coordinates":[[18.48434,50.1377],[18.521479,50.0946]]}},{"type":"Feature","properties":{"t":"gps","sid":"s101"},"geometry":{"type":"Point","coordinates":[18.48434,50.1377]}},{"type":"Feature","properties":{"t":"sch","sid":"s101","name":"Rybnik Chwałęcice Skrzyżowanie","imp":0.062,"d":5478},"geometry":{"type":"Point","coordinates":[18.521479,50.0946]}},{"type":"Feature","properties":{"t":"vec","sid":"s102","d":6097},"geometry":{"type":"LineString","coordinates":[[18.47847,50.14675],[18.521362,50.09934]]}},{"type":"Feature","properties":{"t":"gps","sid":"s102"},"geometry":{"type":"Point","coordinates":[18.47847,50.14675]}},{"type":"Feature","properties":{"t":"sch","sid":"s102","name":"Rybnik Stodoły Przystań","imp":0.062,"d":6097},"geometry":{"type":"Point","coordinates":[18.521362,50.09934]}},{"type":"Feature","properties":{"t":"vec","sid":"s103","d":6515},"geometry":{"type":"LineString","coordinates":[[18.478987,50.15376],[18.518735,50.101027]]}},{"type":"Feature","properties":{"t":"gps","sid":"s103"},"geometry":{"type":"Point","coordinates":[18.478987,50.15376]}},{"type":"Feature","properties":{"t":"sch","sid":"s103","name":"Rybnik Stodoły Kaplica","imp":0.084,"d":6515},"geometry":{"type":"Point","coordinates":[18.518735,50.101027]}},{"type":"Feature","properties":{"t":"vec","sid":"s104","d":8155},"geometry":{"type":"LineString","coordinates":[[18.475955,50.173595],[18.513568,50.104346]]}},{"type":"Feature","properties":{"t":"gps","sid":"s104"},"geometry":{"type":"Point","coordinates":[18.475955,50.173595]}},{"type":"Feature","properties":{"t":"sch","sid":"s104","name":"Rudy Paproć","imp":0.048,"d":8155},"geometry":{"type":"Point","coordinates":[18.513568,50.104346]}},{"type":"Feature","properties":{"t":"vec","sid":"s105","d":9310},"geometry":{"type":"LineString","coordinates":[[18.459035,50.182795],[18.510985,50.106006]]}},{"type":"Feature","properties":{"t":"gps","sid":"s105"},"geometry":{"type":"Point","coordinates":[18.459035,50.182795]}},{"type":"Feature","properties":{"t":"sch","sid":"s105","name":"Rudy Rybnicka","imp":0.048,"d":9310},"geometry":{"type":"Point","coordinates":[18.510985,50.106006]}},{"type":"Feature","properties":{"t":"vec","sid":"s106","d":9857},"geometry":{"type":"LineString","coordinates":[[18.45419,50.18919],[18.508401,50.107665]]}},{"type":"Feature","properties":{"t":"gps","sid":"s106"},"geometry":{"type":"Point","coordinates":[18.45419,50.18919]}},{"type":"Feature","properties":{"t":"sch","sid":"s106","name":"Rudy Skrzyżowanie","imp":0.048,"d":9857},"geometry":{"type":"Point","coordinates":[18.508401,50.107665]}},{"type":"Feature","properties":{"t":"vec","sid":"s107","d":10158},"geometry":{"type":"LineString","coordinates":[[18.44719,50.192495],[18.507758,50.109841]]}},{"type":"Feature","properties":{"t":"gps","sid":"s107"},"geometry":{"type":"Point","coordinates":[18.44719,50.192495]}},{"type":"Feature","properties":{"t":"sch","sid":"s107","name":"Rudy Kościół","imp":0.052,"d":10158},"geometry":{"type":"Point","coordinates":[18.507758,50.109841]}},{"type":"Feature","properties":{"t":"vec","sid":"s108","d":3003},"geometry":{"type":"LineString","coordinates":[[18.449965,50.07989],[18.485805,50.065774]]}},{"type":"Feature","properties":{"t":"gps","sid":"s108"},"geometry":{"type":"Point","coordinates":[18.449965,50.07989]}},{"type":"Feature","properties":{"t":"sch","sid":"s108","name":"Rydułtowy Piekarnia","imp":0.142,"d":3003},"geometry":{"type":"Point","coordinates":[18.485805,50.065774]}},{"type":"Feature","properties":{"t":"vec","sid":"s109","d":3290},"geometry":{"type":"LineString","coordinates":[[18.43952,50.07776],[18.480316,50.064011]]}},{"type":"Feature","properties":{"t":"gps","sid":"s109"},"geometry":{"type":"Point","coordinates":[18.43952,50.07776]}},{"type":"Feature","properties":{"t":"sch","sid":"s109","name":"Rydułtowy Kowalski","imp":0.096,"d":3290},"geometry":{"type":"Point","coordinates":[18.480316,50.064011]}},{"type":"Feature","properties":{"t":"vec","sid":"s110","d":3820},"geometry":{"type":"LineString","coordinates":[[18.422763,50.075527],[18.472084,50.062249]]}},{"type":"Feature","properties":{"t":"gps","sid":"s110"},"geometry":{"type":"Point","coordinates":[18.422763,50.075527]}},{"type":"Feature","properties":{"t":"sch","sid":"s110","name":"Rydułtowy Orłowiec","imp":0.094,"d":3820},"geometry":{"type":"Point","coordinates":[18.472084,50.062249]}},{"type":"Feature","properties":{"t":"vec","sid":"s111","d":4053},"geometry":{"type":"LineString","coordinates":[[18.42496,50.065327],[18.477572,50.051673]]}},{"type":"Feature","properties":{"t":"gps","sid":"s111"},"geometry":{"type":"Point","coordinates":[18.42496,50.065327]}},{"type":"Feature","properties":{"t":"sch","sid":"s111","name":"Rydułtowy Ofiar Terroru","imp":0.122,"d":4053},"geometry":{"type":"Point","coordinates":[18.477572,50.051673]}},{"type":"Feature","properties":{"t":"vec","sid":"s112","d":3947},"geometry":{"type":"LineString","coordinates":[[18.415741,50.056806],[18.469339,50.048147]]}},{"type":"Feature","properties":{"t":"gps","sid":"s112"},"geometry":{"type":"Point","coordinates":[18.415741,50.056806]}},{"type":"Feature","properties":{"t":"sch","sid":"s112","name":"Rydułtowy Rynek","imp":0.379,"d":3947},"geometry":{"type":"Point","coordinates":[18.469339,50.048147]}},{"type":"Feature","properties":{"t":"vec","sid":"s113","d":4645},"geometry":{"type":"LineString","coordinates":[[18.405783,50.051348],[18.469339,50.042494]]}},{"type":"Feature","properties":{"t":"gps","sid":"s113"},"geometry":{"type":"Point","coordinates":[18.405783,50.051348]}},{"type":"Feature","properties":{"t":"sch","sid":"s113","name":"Pszów Traugutta Granica","imp":0.062,"d":4645},"geometry":{"type":"Point","coordinates":[18.469339,50.042494]}},{"type":"Feature","properties":{"t":"vec","sid":"s114","d":4551},"geometry":{"type":"LineString","coordinates":[[18.403224,50.041842],[18.466595,50.037571]]}},{"type":"Feature","properties":{"t":"gps","sid":"s114"},"geometry":{"type":"Point","coordinates":[18.403224,50.041842]}},{"type":"Feature","properties":{"t":"sch","sid":"s114","name":"Pszów Traugutta ZSZ","imp":0.156,"d":4551},"geometry":{"type":"Point","coordinates":[18.466595,50.037571]}},{"type":"Feature","properties":{"t":"vec","sid":"s115","d":4830},"geometry":{"type":"LineString","coordinates":[[18.396985,50.040555],[18.463851,50.034046]]}},{"type":"Feature","properties":{"t":"gps","sid":"s115"},"geometry":{"type":"Point","coordinates":[18.396985,50.040555]}},{"type":"Feature","properties":{"t":"sch","sid":"s115","name":"Pszów DA","imp":0.052,"d":4830},"geometry":{"type":"Point","coordinates":[18.463851,50.034046]}},{"type":"Feature","properties":{"t":"vec","sid":"s116","d":1477},"geometry":{"type":"LineString","coordinates":[[18.546695,50.103348],[18.551666,50.090451]]}},{"type":"Feature","properties":{"t":"gps","sid":"s116"},"geometry":{"type":"Point","coordinates":[18.546695,50.103348]}},{"type":"Feature","properties":{"t":"sch","sid":"s116","name":"Rybnik Północ Gliwicka Szpital","imp":0.261,"d":1477},"geometry":{"type":"Point","coordinates":[18.551666,50.090451]}},{"type":"Feature","properties":{"t":"vec","sid":"s117","d":2186},"geometry":{"type":"LineString","coordinates":[[18.546213,50.111558],[18.551666,50.092214]]}},{"type":"Feature","properties":{"t":"gps","sid":"s117"},"geometry":{"type":"Point","coordinates":[18.546213,50.111558]}},{"type":"Feature","properties":{"t":"sch","sid":"s117","name":"Rybnik Północ Kąpielisko Ruda","imp":0.302,"d":2186},"geometry":{"type":"Point","coordinates":[18.551666,50.092214]}},{"type":"Feature","properties":{"t":"vec","sid":"s118","d":2592},"geometry":{"type":"LineString","coordinates":[[18.54834,50.116075],[18.559898,50.093977]]}},{"type":"Feature","properties":{"t":"gps","sid":"s118"},"geometry":{"type":"Point","coordinates":[18.54834,50.116075]}},{"type":"Feature","properties":{"t":"sch","sid":"s118","name":"Rybnik Wielopole Skrzyżowanie","imp":0.165,"d":2592},"geometry":{"type":"Point","coordinates":[18.559898,50.093977]}},{"type":"Feature","properties":{"t":"vec","sid":"s119","d":2758},"geometry":{"type":"LineString","coordinates":[[18.544015,50.11798],[18.553724,50.093977]]}},{"type":"Feature","properties":{"t":"gps","sid":"s119"},"geometry":{"type":"Point","coordinates":[18.544015,50.11798]}},{"type":"Feature","properties":{"t":"sch","sid":"s119","name":"Rybnik Wielopole Lipowa","imp":0.077,"d":2758},"geometry":{"type":"Point","coordinates":[18.553724,50.093977]}},{"type":"Feature","properties":{"t":"vec","sid":"s120","d":3330},"geometry":{"type":"LineString","coordinates":[[18.53061,50.121875],[18.547549,50.093977]]}},{"type":"Feature","properties":{"t":"gps","sid":"s120"},"geometry":{"type":"Point","coordinates":[18.53061,50.121875]}},{"type":"Feature","properties":{"t":"sch","sid":"s120","name":"Rybnik Rybnicka Kuźnia Szkoła","imp":0.077,"d":3330},"geometry":{"type":"Point","coordinates":[18.547549,50.093977]}},{"type":"Feature","properties":{"t":"vec","sid":"s121","d":3562},"geometry":{"type":"LineString","coordinates":[[18.525055,50.124245],[18.541375,50.093977]]}},{"type":"Feature","properties":{"t":"gps","sid":"s121"},"geometry":{"type":"Point","coordinates":[18.525055,50.124245]}},{"type":"Feature","properties":{"t":"sch","sid":"s121","name":"Rybnik Rybnicka Kuźnia Maksymiliana","imp":0.077,"d":3562},"geometry":{"type":"Point","coordinates":[18.541375,50.093977]}},{"type":"Feature","properties":{"t":"vec","sid":"s122","d":3764},"geometry":{"type":"LineString","coordinates":[[18.5228,50.12688],[18.5352,50.093977]]}},{"type":"Feature","properties":{"t":"gps","sid":"s122"},"geometry":{"type":"Point","coordinates":[18.5228,50.12688]}},{"type":"Feature","properties":{"t":"sch","sid":"s122","name":"Rybnik Rybnicka Kuźnia Osiedle","imp":0.184,"d":3764},"geometry":{"type":"Point","coordinates":[18.5352,50.093977]}},{"type":"Feature","properties":{"t":"vec","sid":"s123","d":4032},"geometry":{"type":"LineString","coordinates":[[18.52138,50.1309],[18.5352,50.095739]]}},{"type":"Feature","properties":{"t":"gps","sid":"s123"},"geometry":{"type":"Point","coordinates":[18.52138,50.1309]}},{"type":"Feature","properties":{"t":"sch","sid":"s123","name":"Rybnik Rybnicka Kuźnia Elektrownia","imp":0.15,"d":4032},"geometry":{"type":"Point","coordinates":[18.5352,50.095739]}},{"type":"Feature","properties":{"t":"vec","sid":"s124","d":4133},"geometry":{"type":"LineString","coordinates":[[18.527373,50.13321],[18.543433,50.097502]]}},{"type":"Feature","properties":{"t":"gps","sid":"s124"},"geometry":{"type":"Point","coordinates":[18.527373,50.13321]}},{"type":"Feature","properties":{"t":"sch","sid":"s124","name":"Rybnik Rybnicka Kuźnia Chłodnie","imp":0.112,"d":4133},"geometry":{"type":"Point","coordinates":[18.543433,50.097502]}},{"type":"Feature","properties":{"t":"vec","sid":"s125","d":3216},"geometry":{"type":"LineString","coordinates":[[18.550315,50.123115],[18.559898,50.094858]]}},{"type":"Feature","properties":{"t":"gps","sid":"s125"},"geometry":{"type":"Point","coordinates":[18.550315,50.123115]}},{"type":"Feature","properties":{"t":"sch","sid":"s125","name":"Rybnik Wielopole Szkoła","imp":0.105,"d":3216},"geometry":{"type":"Point","coordinates":[18.559898,50.094858]}},{"type":"Feature","properties":{"t":"vec","sid":"s126","d":4103},"geometry":{"type":"LineString","coordinates":[[18.542305,50.133575],[18.55441,50.097502]]}},{"type":"Feature","properties":{"t":"gps","sid":"s126"},"geometry":{"type":"Point","coordinates":[18.542305,50.133575]}},{"type":"Feature","properties":{"t":"sch","sid":"s126","name":"Rybnik Rybnicka Kuźnia WORD","imp":0.098,"d":4103},"geometry":{"type":"Point","coordinates":[18.55441,50.097502]}},{"type":"Feature","properties":{"t":"vec","sid":"s127","d":181},"geometry":{"type":"LineString","coordinates":[[18.63058,50.0525],[18.628503,50.053435]]}},{"type":"Feature","properties":{"t":"gps","sid":"s127"},"geometry":{"type":"Point","coordinates":[18.63058,50.0525]}},{"type":"Feature","properties":{"t":"sch","sid":"s127","name":"Rybnik Kłokocin Pętla","imp":0.088,"d":181},"geometry":{"type":"Point","coordinates":[18.628503,50.053435]}},{"type":"Feature","properties":{"t":"vec","sid":"s128","d":292},"geometry":{"type":"LineString","coordinates":[[18.622275,50.054705],[18.622447,50.057326]]}},{"type":"Feature","properties":{"t":"gps","sid":"s128"},"geometry":{"type":"Point","coordinates":[18.622275,50.054705]}},{"type":"Feature","properties":{"t":"sch","sid":"s128","name":"Rybnik Kłokocin Osiedle","imp":0.062,"d":292},"geometry":{"type":"Point","coordinates":[18.622447,50.057326]}},{"type":"Feature","properties":{"t":"vec","sid":"s129","d":331},"geometry":{"type":"LineString","coordinates":[[18.61055,50.0575],[18.614782,50.058723]]}},{"type":"Feature","properties":{"t":"gps","sid":"s129"},"geometry":{"type":"Point","coordinates":[18.61055,50.0575]}},{"type":"Feature","properties":{"t":"sch","sid":"s129","name":"Rybnik Kłokocin Urząd Celny","imp":0.079,"d":331},"geometry":{"type":"Point","coordinates":[18.614782,50.058723]}},{"type":"Feature","properties":{"t":"vec","sid":"s130","d":307},"geometry":{"type":"LineString","coordinates":[[18.605,50.06111],[18.607922,50.06313]]}},{"type":"Feature","properties":{"t":"gps","sid":"s130"},"geometry":{"type":"Point","coordinates":[18.605,50.06111]}},{"type":"Feature","properties":{"t":"sch","sid":"s130","name":"Rybnik Boguszowice Stare Kłokocińska","imp":0.048,"d":307},"geometry":{"type":"Point","coordinates":[18.607922,50.06313]}},{"type":"Feature","properties":{"t":"vec","sid":"s131","d":5159},"geometry":{"type":"LineString","coordinates":[[18.48062,50.13619],[18.515991,50.095739]]}},{"type":"Feature","properties":{"t":"gps","sid":"s131"},"geometry":{"type":"Point","coordinates":[18.48062,50.13619]}},{"type":"Feature","properties":{"t":"sch","sid":"s131","name":"Rybnik Chwałęcice Kościół","imp":0.065,"d":5159},"geometry":{"type":"Point","coordinates":[18.515991,50.095739]}},{"type":"Feature","properties":{"t":"vec","sid":"s132","d":5279},"geometry":{"type":"LineString","coordinates":[[18.47113,50.135635],[18.511189,50.095739]]}},{"type":"Feature","properties":{"t":"gps","sid":"s132"},"geometry":{"type":"Point","coordinates":[18.47113,50.135635]}},{"type":"Feature","properties":{"t":"sch","sid":"s132","name":"Rybnik Chwałęcice Goj","imp":0.048,"d":5279},"geometry":{"type":"Point","coordinates":[18.511189,50.095739]}},{"type":"Feature","properties":{"t":"vec","sid":"s133","d":6047},"geometry":{"type":"LineString","coordinates":[[18.45719,50.14],[18.506386,50.095739]]}},{"type":"Feature","properties":{"t":"gps","sid":"s133"},"geometry":{"type":"Point","coordinates":[18.45719,50.14]}},{"type":"Feature","properties":{"t":"sch","sid":"s133","name":"Zwonowice Classen","imp":0.048,"d":6047},"geometry":{"type":"Point","coordinates":[18.506386,50.095739]}},{"type":"Feature","properties":{"t":"vec","sid":"s134","d":6271},"geometry":{"type":"LineString","coordinates":[[18.45111,50.14188],[18.501584,50.095739]]}},{"type":"Feature","properties":{"t":"gps","sid":"s134"},"geometry":{"type":"Point","coordinates":[18.45111,50.14188]}},{"type":"Feature","properties":{"t":"sch","sid":"s134","name":"Zwonowice Wyzwolenia","imp":0.048,"d":6271},"geometry":{"type":"Point","coordinates":[18.501584,50.095739]}},{"type":"Feature","properties":{"t":"vec","sid":"s135","d":6671},"geometry":{"type":"LineString","coordinates":[[18.44169,50.14419],[18.496781,50.095739]]}},{"type":"Feature","properties":{"t":"gps","sid":"s135"},"geometry":{"type":"Point","coordinates":[18.44169,50.14419]}},{"type":"Feature","properties":{"t":"sch","sid":"s135","name":"Zwonowice Szkoła","imp":0.087,"d":6671},"geometry":{"type":"Point","coordinates":[18.496781,50.095739]}},{"type":"Feature","properties":{"t":"vec","sid":"s136","d":640},"geometry":{"type":"LineString","coordinates":[[18.50969,50.05079],[18.515455,50.055198]]}},{"type":"Feature","properties":{"t":"gps","sid":"s136"},"geometry":{"type":"Point","coordinates":[18.50969,50.05079]}},{"type":"Feature","properties":{"t":"sch","sid":"s136","name":"Rybnik Popielów Konarskiego","imp":0.048,"d":640},"geometry":{"type":"Point","coordinates":[18.515455,50.055198]}},{"type":"Feature","properties":{"t":"vec","sid":"s137","d":1627},"geometry":{"type":"LineString","coordinates":[[18.55886,50.09918],[18.565387,50.085163]]}},{"type":"Feature","properties":{"t":"gps","sid":"s137"},"geometry":{"type":"Point","coordinates":[18.55886,50.09918]}},{"type":"Feature","properties":{"t":"sch","sid":"s137","name":"Rybnik Północ Karolinka","imp":0.224,"d":1627},"geometry":{"type":"Point","coordinates":[18.565387,50.085163]}},{"type":"Feature","properties":{"t":"vec","sid":"s138","d":1581},"geometry":{"type":"LineString","coordinates":[[18.57171,50.104485],[18.568131,50.090451]]}},{"type":"Feature","properties":{"t":"gps","sid":"s138"},"geometry":{"type":"Point","coordinates":[18.57171,50.104485]}},{"type":"Feature","properties":{"t":"sch","sid":"s138","name":"Rybnik Paruszowiec Piaski Mikołowska","imp":0.094,"d":1581},"geometry":{"type":"Point","coordinates":[18.568131,50.090451]}},{"type":"Feature","properties":{"t":"vec","sid":"s139","d":3062},"geometry":{"type":"LineString","coordinates":[[18.59355,50.11783],[18.573083,50.093633]]}},{"type":"Feature","properties":{"t":"gps","sid":"s139"},"geometry":{"type":"Point","coordinates":[18.59355,50.11783]}},{"type":"Feature","properties":{"t":"sch","sid":"s139","name":"Rybnik Kamień Las","imp":0.062,"d":3062},"geometry":{"type":"Point","coordinates":[18.573083,50.093633]}},{"type":"Feature","properties":{"t":"vec","sid":"s140","d":3664},"geometry":{"type":"LineString","coordinates":[[18.59419,50.12809],[18.578036,50.096814]]}},{"type":"Feature","properties":{"t":"gps","sid":"s140"},"geometry":{"type":"Point","coordinates":[18.59419,50.12809]}},{"type":"Feature","properties":{"t":"sch","sid":"s140","name":"Rybnik Kamień Robotnicza","imp":0.062,"d":3664},"geometry":{"type":"Point","coordinates":[18.578036,50.096814]}},{"type":"Feature","properties":{"t":"vec","sid":"s141","d":3992},"geometry":{"type":"LineString","coordinates":[[18.596355,50.132595],[18.584596,50.097502]]}},{"type":"Feature","properties":{"t":"gps","sid":"s141"},"geometry":{"type":"Point","coordinates":[18.596355,50.132595]}},{"type":"Feature","properties":{"t":"sch","sid":"s141","name":"Rybnik Kamień Ośrodek Sportowy","imp":0.079,"d":3992},"geometry":{"type":"Point","coordinates":[18.584596,50.097502]}},{"type":"Feature","properties":{"t":"vec","sid":"s142","d":4673},"geometry":{"type":"LineString","coordinates":[[18.60341,50.139785],[18.587072,50.099093]]}},{"type":"Feature","properties":{"t":"gps","sid":"s142"},"geometry":{"type":"Point","coordinates":[18.60341,50.139785]}},{"type":"Feature","properties":{"t":"sch","sid":"s142","name":"Rybnik Kamień Szkoła","imp":0.062,"d":4673},"geometry":{"type":"Point","coordinates":[18.587072,50.099093]}},{"type":"Feature","properties":{"t":"vec","sid":"s143","d":5380},"geometry":{"type":"LineString","coordinates":[[18.63319,50.142415],[18.605178,50.097502]]}},{"type":"Feature","properties":{"t":"gps","sid":"s143"},"geometry":{"type":"Point","coordinates":[18.63319,50.142415]}},{"type":"Feature","properties":{"t":"sch","sid":"s143","name":"Leszczyny Rondo","imp":0.091,"d":5380},"geometry":{"type":"Point","coordinates":[18.605178,50.097502]}},{"type":"Feature","properties":{"t":"vec","sid":"s144","d":4740},"geometry":{"type":"LineString","coordinates":[[18.628945,50.14115],[18.60655,50.101027]]}},{"type":"Feature","properties":{"t":"gps","sid":"s144"},"geometry":{"type":"Point","coordinates":[18.628945,50.14115]}},{"type":"Feature","properties":{"t":"sch","sid":"s144","name":"Leszczyny Ligonia","imp":0.108,"d":4740},"geometry":{"type":"Point","coordinates":[18.60655,50.101027]}},{"type":"Feature","properties":{"t":"vec","sid":"s145","d":5011},"geometry":{"type":"LineString","coordinates":[[18.621835,50.13996],[18.598317,50.097502]]}},{"type":"Feature","properties":{"t":"gps","sid":"s145"},"geometry":{"type":"Point","coordinates":[18.621835,50.13996]}},{"type":"Feature","properties":{"t":"sch","sid":"s145","name":"Leszczyny Broniewskiego","imp":0.108,"d":5011},"geometry":{"type":"Point","coordinates":[18.598317,50.097502]}},{"type":"Feature","properties":{"t":"vec","sid":"s146","d":5316},"geometry":{"type":"LineString","coordinates":[[18.60465,50.149677],[18.590084,50.10279]]}},{"type":"Feature","properties":{"t":"gps","sid":"s146"},"geometry":{"type":"Point","coordinates":[18.60465,50.149677]}},{"type":"Feature","properties":{"t":"sch","sid":"s146","name":"Książenice Brzozy","imp":0.094,"d":5316},"geometry":{"type":"Point","coordinates":[18.590084,50.10279]}},{"type":"Feature","properties":{"t":"vec","sid":"s147","d":5523},"geometry":{"type":"LineString","coordinates":[[18.59866,50.153687],[18.58734,50.104553]]}},{"type":"Feature","properties":{"t":"gps","sid":"s147"},"geometry":{"type":"Point","coordinates":[18.59866,50.153687]}},{"type":"Feature","properties":{"t":"sch","sid":"s147","name":"Książenice Kościół","imp":0.111,"d":5523},"geometry":{"type":"Point","coordinates":[18.58734,50.104553]}},{"type":"Feature","properties":{"t":"vec","sid":"s148","d":4896},"geometry":{"type":"LineString","coordinates":[[18.59833,50.145825],[18.584596,50.102689]]}},{"type":"Feature","properties":{"t":"gps","sid":"s148"},"geometry":{"type":"Point","coordinates":[18.59833,50.145825]}},{"type":"Feature","properties":{"t":"sch","sid":"s148","name":"Rybnik Kamień Pojdy","imp":0.062,"d":4896},"geometry":{"type":"Point","coordinates":[18.584596,50.102689]}},{"type":"Feature","properties":{"t":"vec","sid":"s149","d":4640},"geometry":{"type":"LineString","coordinates":[[18.60055,50.140545],[18.584596,50.100096]]}},{"type":"Feature","properties":{"t":"gps","sid":"s149"},"geometry":{"type":"Point","coordinates":[18.60055,50.140545]}},{"type":"Feature","properties":{"t":"sch","sid":"s149","name":"Rybnik Kamień Skrzyżowanie","imp":0.062,"d":4640},"geometry":{"type":"Point","coordinates":[18.584596,50.100096]}},{"type":"Feature","properties":{"t":"vec","sid":"s150","d":1605},"geometry":{"type":"LineString","coordinates":[[18.58152,50.10095],[18.576206,50.086926]]}},{"type":"Feature","properties":{"t":"gps","sid":"s150"},"geometry":{"type":"Point","coordinates":[18.58152,50.10095]}},{"type":"Feature","properties":{"t":"sch","sid":"s150","name":"Rybnik Paruszowiec Piaski Błonia","imp":0.062,"d":1605},"geometry":{"type":"Point","coordinates":[18.576206,50.086926]}},{"type":"Feature","properties":{"t":"vec","sid":"s151","d":1467},"geometry":{"type":"LineString","coordinates":[[18.575565,50.09816],[18.579108,50.085163]]}},{"type":"Feature","properties":{"t":"gps","sid":"s151"},"geometry":{"type":"Point","coordinates":[18.575565,50.09816]}},{"type":"Feature","properties":{"t":"sch","sid":"s151","name":"Rybnik Paruszowiec Piaski Przemysłowa","imp":0.146,"d":1467},"geometry":{"type":"Point","coordinates":[18.579108,50.085163]}},{"type":"Feature","properties":{"t":"vec","sid":"s152","d":1132},"geometry":{"type":"LineString","coordinates":[[18.587465,50.0952],[18.584818,50.085163]]}},{"type":"Feature","properties":{"t":"gps","sid":"s152"},"geometry":{"type":"Point","coordinates":[18.587465,50.0952]}},{"type":"Feature","properties":{"t":"sch","sid":"s152","name":"Rybnik Paruszowiec Piaski Wolna","imp":0.077,"d":1132},"geometry":{"type":"Point","coordinates":[18.584818,50.085163]}},{"type":"Feature","properties":{"t":"vec","sid":"s153","d":833},"geometry":{"type":"LineString","coordinates":[[18.59286,50.092285],[18.590398,50.084962]]}},{"type":"Feature","properties":{"t":"gps","sid":"s153"},"geometry":{"type":"Point","coordinates":[18.59286,50.092285]}},{"type":"Feature","properties":{"t":"sch","sid":"s153","name":"Rybnik Ligota Ligocka Kuźnia Skrzyż","imp":0.077,"d":833},"geometry":{"type":"Point","coordinates":[18.590398,50.084962]}},{"type":"Feature","properties":{"t":"vec","sid":"s154","d":789},"geometry":{"type":"LineString","coordinates":[[18.59861,50.08894],[18.594436,50.082368]]}},{"type":"Feature","properties":{"t":"gps","sid":"s154"},"geometry":{"type":"Point","coordinates":[18.59861,50.08894]}},{"type":"Feature","properties":{"t":"sch","sid":"s154","name":"Rybnik Ligota Ligocka Kuźnia Kościół","imp":0.077,"d":789},"geometry":{"type":"Point","coordinates":[18.594436,50.082368]}},{"type":"Feature","properties":{"t":"vec","sid":"s155","d":1218},"geometry":{"type":"LineString","coordinates":[[18.61561,50.08419],[18.602512,50.077181]]}},{"type":"Feature","properties":{"t":"gps","sid":"s155"},"geometry":{"type":"Point","coordinates":[18.61561,50.08419]}},{"type":"Feature","properties":{"t":"sch","sid":"s155","name":"Rybnik Gotartowice Sygnały","imp":0.077,"d":1218},"geometry":{"type":"Point","coordinates":[18.602512,50.077181]}},{"type":"Feature","properties":{"t":"vec","sid":"s156","d":2341},"geometry":{"type":"LineString","coordinates":[[18.50875,50.098435],[18.524223,50.079875]]}},{"type":"Feature","properties":{"t":"gps","sid":"s156"},"geometry":{"type":"Point","coordinates":[18.50875,50.098435]}},{"type":"Feature","properties":{"t":"sch","sid":"s156","name":"Rybnik Maroko Nowiny Księżok","imp":0.153,"d":2341},"geometry":{"type":"Point","coordinates":[18.524223,50.079875]}},{"type":"Feature","properties":{"t":"vec","sid":"s157","d":2580},"geometry":{"type":"LineString","coordinates":[[18.50001,50.09972],[18.518735,50.079875]]}},{"type":"Feature","properties":{"t":"gps","sid":"s157"},"geometry":{"type":"Point","coordinates":[18.50001,50.09972]}},{"type":"Feature","properties":{"t":"sch","sid":"s157","name":"Rybnik Zebrzydowice Myto","imp":0.15,"d":2580},"geometry":{"type":"Point","coordinates":[18.518735,50.079875]}},{"type":"Feature","properties":{"t":"vec","sid":"s158","d":2817},"geometry":{"type":"LineString","coordinates":[[18.48709,50.10202],[18.510502,50.081638]]}},{"type":"Feature","properties":{"t":"gps","sid":"s158"},"geometry":{"type":"Point","coordinates":[18.48709,50.10202]}},{"type":"Feature","properties":{"t":"sch","sid":"s158","name":"Rybnik Zebrzydowice Norwida","imp":0.15,"d":2817},"geometry":{"type":"Point","coordinates":[18.510502,50.081638]}},{"type":"Feature","properties":{"t":"vec","sid":"s159","d":3293},"geometry":{"type":"LineString","coordinates":[[18.476215,50.10477],[18.505014,50.081638]]}},{"type":"Feature","properties":{"t":"gps","sid":"s159"},"geometry":{"type":"Point","coordinates":[18.476215,50.10477]}},{"type":"Feature","properties":{"t":"sch","sid":"s159","name":"Jejkowice Centrum","imp":0.176,"d":3293},"geometry":{"type":"Point","coordinates":[18.505014,50.081638]}},{"type":"Feature","properties":{"t":"vec","sid":"s160","d":3762},"geometry":{"type":"LineString","coordinates":[[18.46701,50.10826],[18.499526,50.081638]]}},{"type":"Feature","properties":{"t":"gps","sid":"s160"},"geometry":{"type":"Point","coordinates":[18.46701,50.10826]}},{"type":"Feature","properties":{"t":"sch","sid":"s160","name":"Jejkowice Kuźnia","imp":0.108,"d":3762},"geometry":{"type":"Point","coordinates":[18.499526,50.081638]}},{"type":"Feature","properties":{"t":"vec","sid":"s161","d":3958},"geometry":{"type":"LineString","coordinates":[[18.45747,50.10619],[18.494795,50.079875]]}},{"type":"Feature","properties":{"t":"gps","sid":"s161"},"geometry":{"type":"Point","coordinates":[18.45747,50.10619]}},{"type":"Feature","properties":{"t":"sch","sid":"s161","name":"Szczerbice Piaskowa","imp":0.077,"d":3958},"geometry":{"type":"Point","coordinates":[18.494795,50.079875]}},{"type":"Feature","properties":{"t":"vec","sid":"s162","d":4028},"geometry":{"type":"LineString","coordinates":[[18.44775,50.104625],[18.488928,50.079875]]}},{"type":"Feature","properties":{"t":"gps","sid":"s162"},"geometry":{"type":"Point","coordinates":[18.44775,50.104625]}},{"type":"Feature","properties":{"t":"sch","sid":"s162","name":"Szczerbice","imp":0.077,"d":4028},"geometry":{"type":"Point","coordinates":[18.488928,50.079875]}},{"type":"Feature","properties":{"t":"vec","sid":"s163","d":4904},"geometry":{"type":"LineString","coordinates":[[18.43112,50.10872],[18.48306,50.079875]]}},{"type":"Feature","properties":{"t":"gps","sid":"s163"},"geometry":{"type":"Point","coordinates":[18.43112,50.10872]}},{"type":"Feature","properties":{"t":"sch","sid":"s163","name":"Gaszowice UG","imp":0.111,"d":4904},"geometry":{"type":"Point","coordinates":[18.48306,50.079875]}},{"type":"Feature","properties":{"t":"vec","sid":"s164","d":5132},"geometry":{"type":"LineString","coordinates":[[18.4228,50.10611],[18.478442,50.076909]]}},{"type":"Feature","properties":{"t":"gps","sid":"s164"},"geometry":{"type":"Point","coordinates":[18.4228,50.10611]}},{"type":"Feature","properties":{"t":"sch","sid":"s164","name":"Gaszowice Cegielnia","imp":0.048,"d":5132},"geometry":{"type":"Point","coordinates":[18.478442,50.076909]}},{"type":"Feature","properties":{"t":"vec","sid":"s165","d":5545},"geometry":{"type":"LineString","coordinates":[[18.40688,50.09919],[18.473824,50.073943]]}},{"type":"Feature","properties":{"t":"gps","sid":"s165"},"geometry":{"type":"Point","coordinates":[18.40688,50.09919]}},{"type":"Feature","properties":{"t":"sch","sid":"s165","name":"Łuków PKP","imp":0.048,"d":5545},"geometry":{"type":"Point","coordinates":[18.473824,50.073943]}},{"type":"Feature","properties":{"t":"vec","sid":"s166","d":5532},"geometry":{"type":"LineString","coordinates":[[18.40111,50.09469],[18.469206,50.070976]]}},{"type":"Feature","properties":{"t":"gps","sid":"s166"},"geometry":{"type":"Point","coordinates":[18.40111,50.09469]}},{"type":"Feature","properties":{"t":"sch","sid":"s166","name":"Łuków","imp":0.048,"d":5532},"geometry":{"type":"Point","coordinates":[18.469206,50.070976]}},{"type":"Feature","properties":{"t":"vec","sid":"s167","d":5036},"geometry":{"type":"LineString","coordinates":[[18.400045,50.083295],[18.463851,50.064011]]}},{"type":"Feature","properties":{"t":"gps","sid":"s167"},"geometry":{"type":"Point","coordinates":[18.400045,50.083295]}},{"type":"Feature","properties":{"t":"sch","sid":"s167","name":"Czernica Straż","imp":0.07,"d":5036},"geometry":{"type":"Point","coordinates":[18.463851,50.064011]}},{"type":"Feature","properties":{"t":"vec","sid":"s168","d":5011},"geometry":{"type":"LineString","coordinates":[[18.39991,50.07486],[18.466595,50.060851]]}},{"type":"Feature","properties":{"t":"gps","sid":"s168"},"geometry":{"type":"Point","coordinates":[18.39991,50.07486]}},{"type":"Feature","properties":{"t":"sch","sid":"s168","name":"Czernica przy Krzyżu","imp":0.048,"d":5011},"geometry":{"type":"Point","coordinates":[18.466595,50.060851]}},{"type":"Feature","properties":{"t":"vec","sid":"s169","d":4567},"geometry":{"type":"LineString","coordinates":[[18.407058,50.071938],[18.466595,50.056961]]}},{"type":"Feature","properties":{"t":"gps","sid":"s169"},"geometry":{"type":"Point","coordinates":[18.407058,50.071938]}},{"type":"Feature","properties":{"t":"sch","sid":"s169","name":"Rydułtowy Bema Raciborska","imp":0.111,"d":4567},"geometry":{"type":"Point","coordinates":[18.466595,50.056961]}},{"type":"Feature","properties":{"t":"vec","sid":"s170","d":4135},"geometry":{"type":"LineString","coordinates":[[18.411913,50.06653],[18.466595,50.054317]]}},{"type":"Feature","properties":{"t":"gps","sid":"s170"},"geometry":{"type":"Point","coordinates":[18.411913,50.06653]}},{"type":"Feature","properties":{"t":"sch","sid":"s170","name":"Rydułtowy Bema Stadion","imp":0.077,"d":4135},"geometry":{"type":"Point","coordinates":[18.466595,50.054317]}},{"type":"Feature","properties":{"t":"vec","sid":"s171","d":3892},"geometry":{"type":"LineString","coordinates":[[18.41474,50.062423],[18.466595,50.051673]]}},{"type":"Feature","properties":{"t":"gps","sid":"s171"},"geometry":{"type":"Point","coordinates":[18.41474,50.062423]}},{"type":"Feature","properties":{"t":"sch","sid":"s171","name":"Rydułtowy Bema Lidl","imp":0.136,"d":3892},"geometry":{"type":"Point","coordinates":[18.466595,50.051673]}},{"type":"Feature","properties":{"t":"vec","sid":"s172","d":5577},"geometry":{"type":"LineString","coordinates":[[18.420595,50.111985],[18.481688,50.080757]]}},{"type":"Feature","properties":{"t":"gps","sid":"s172"},"geometry":{"type":"Point","coordinates":[18.420595,50.111985]}},{"type":"Feature","properties":{"t":"sch","sid":"s172","name":"Gaszowice Pogwizdów","imp":0.048,"d":5577},"geometry":{"type":"Point","coordinates":[18.481688,50.080757]}},{"type":"Feature","properties":{"t":"vec","sid":"s173","d":6503},"geometry":{"type":"LineString","coordinates":[[18.41303,50.12104],[18.480316,50.081638]]}},{"type":"Feature","properties":{"t":"gps","sid":"s173"},"geometry":{"type":"Point","coordinates":[18.41303,50.12104]}},{"type":"Feature","properties":{"t":"sch","sid":"s173","name":"Sumina Centrum","imp":0.079,"d":6503},"geometry":{"type":"Point","coordinates":[18.480316,50.081638]}},{"type":"Feature","properties":{"t":"vec","sid":"s174","d":6912},"geometry":{"type":"LineString","coordinates":[[18.4008,50.12061],[18.4762,50.081638]]}},{"type":"Feature","properties":{"t":"gps","sid":"s174"},"geometry":{"type":"Point","coordinates":[18.4008,50.12061]}},{"type":"Feature","properties":{"t":"sch","sid":"s174","name":"Lyski Blazel","imp":0.062,"d":6912},"geometry":{"type":"Point","coordinates":[18.4762,50.081638]}},{"type":"Feature","properties":{"t":"vec","sid":"s175","d":7333},"geometry":{"type":"LineString","coordinates":[[18.38871,50.12012],[18.472084,50.081638]]}},{"type":"Feature","properties":{"t":"gps","sid":"s175"},"geometry":{"type":"Point","coordinates":[18.38871,50.12012]}},{"type":"Feature","properties":{"t":"sch","sid":"s175","name":"Lyski Rondo","imp":0.14,"d":7333},"geometry":{"type":"Point","coordinates":[18.472084,50.081638]}},{"type":"Feature","properties":{"t":"vec","sid":"s176","d":4428},"geometry":{"type":"LineString","coordinates":[[18.42962,50.10161],[18.477406,50.076243]]}},{"type":"Feature","properties":{"t":"gps","sid":"s176"},"geometry":{"type":"Point","coordinates":[18.42962,50.10161]}},{"type":"Feature","properties":{"t":"sch","sid":"s176","name":"Gaszowice Rydułtowska","imp":0.048,"d":4428},"geometry":{"type":"Point","coordinates":[18.477406,50.076243]}},{"type":"Feature","properties":{"t":"vec","sid":"s177","d":3854},"geometry":{"type":"LineString","coordinates":[[18.430305,50.094455],[18.472084,50.072522]]}},{"type":"Feature","properties":{"t":"gps","sid":"s177"},"geometry":{"type":"Point","coordinates":[18.430305,50.094455]}},{"type":"Feature","properties":{"t":"sch","sid":"s177","name":"Piece Gimnazjum","imp":0.048,"d":3854},"geometry":{"type":"Point","coordinates":[18.472084,50.072522]}},{"type":"Feature","properties":{"t":"vec","sid":"s178","d":3820},"geometry":{"type":"LineString","coordinates":[[18.42469,50.0833],[18.472084,50.067385]]}},{"type":"Feature","properties":{"t":"gps","sid":"s178"},"geometry":{"type":"Point","coordinates":[18.42469,50.0833]}},{"type":"Feature","properties":{"t":"sch","sid":"s178","name":"Rydułtowy Piecowska","imp":0.048,"d":3820},"geometry":{"type":"Point","coordinates":[18.472084,50.067385]}},{"type":"Feature","properties":{"t":"vec","sid":"s179","d":1481},"geometry":{"type":"LineString","coordinates":[[18.56622,50.101663],[18.570875,50.088689]]}},{"type":"Feature","properties":{"t":"gps","sid":"s179"},"geometry":{"type":"Point","coordinates":[18.56622,50.101663]}},{"type":"Feature","properties":{"t":"sch","sid":"s179","name":"R-k Paruszowiec Piaski H.Silesia","imp":0.17,"d":1481},"geometry":{"type":"Point","coordinates":[18.570875,50.088689]}},{"type":"Feature","properties":{"t":"vec","sid":"s180","d":544},"geometry":{"type":"LineString","coordinates":[[18.588925,50.043315],[18.595573,50.045696]]}},{"type":"Feature","properties":{"t":"gps","sid":"s180"},"geometry":{"type":"Point","coordinates":[18.588925,50.043315]}},{"type":"Feature","properties":{"t":"sch","sid":"s180","name":"Rybnik Boguszowice Osiedle Jastrzębska","imp":0.062,"d":544},"geometry":{"type":"Point","coordinates":[18.595573,50.045696]}},{"type":"Feature","properties":{"t":"vec","sid":"s181","d":773},"geometry":{"type":"LineString","coordinates":[[18.572825,50.043225],[18.573217,50.050168]]}},{"type":"Feature","properties":{"t":"gps","sid":"s181"},"geometry":{"type":"Point","coordinates":[18.572825,50.043225]}},{"type":"Feature","properties":{"t":"sch","sid":"s181","name":"Jankowice Urząd Gminy","imp":0.077,"d":773},"geometry":{"type":"Point","coordinates":[18.573217,50.050168]}},{"type":"Feature","properties":{"t":"vec","sid":"s182","d":651},"geometry":{"type":"LineString","coordinates":[[18.56819,50.04758],[18.568131,50.053435]]}},{"type":"Feature","properties":{"t":"gps","sid":"s182"},"geometry":{"type":"Point","coordinates":[18.56819,50.04758]}},{"type":"Feature","properties":{"t":"sch","sid":"s182","name":"Jankowice Gwarek","imp":0.187,"d":651},"geometry":{"type":"Point","coordinates":[18.568131,50.053435]}},{"type":"Feature","properties":{"t":"vec","sid":"s183","d":674},"geometry":{"type":"LineString","coordinates":[[18.558658,50.055075],[18.55441,50.060486]]}},{"type":"Feature","properties":{"t":"gps","sid":"s183"},"geometry":{"type":"Point","coordinates":[18.558658,50.055075]}},{"type":"Feature","properties":{"t":"sch","sid":"s183","name":"Jankowice Świerklańska","imp":0.122,"d":674},"geometry":{"type":"Point","coordinates":[18.55441,50.060486]}},{"type":"Feature","properties":{"t":"vec","sid":"s184","d":3903},"geometry":{"type":"LineString","coordinates":[[18.5504,50.13031],[18.559898,50.095739]]}},{"type":"Feature","properties":{"t":"gps","sid":"s184"},"geometry":{"type":"Point","coordinates":[18.5504,50.13031]}},{"type":"Feature","properties":{"t":"sch","sid":"s184","name":"Rybnik Wielopole Wiadukt","imp":0.122,"d":3903},"geometry":{"type":"Point","coordinates":[18.559898,50.095739]}},{"type":"Feature","properties":{"t":"vec","sid":"s185","d":4215},"geometry":{"type":"LineString","coordinates":[[18.55034,50.136675],[18.559898,50.099265]]}},{"type":"Feature","properties":{"t":"gps","sid":"s185"},"geometry":{"type":"Point","coordinates":[18.55034,50.136675]}},{"type":"Feature","properties":{"t":"sch","sid":"s185","name":"Rybnik Golejów Górka","imp":0.125,"d":4215},"geometry":{"type":"Point","coordinates":[18.559898,50.099265]}},{"type":"Feature","properties":{"t":"vec","sid":"s186","d":4763},"geometry":{"type":"LineString","coordinates":[[18.548815,50.143525],[18.557154,50.101027]]}},{"type":"Feature","properties":{"t":"gps","sid":"s186"},"geometry":{"type":"Point","coordinates":[18.548815,50.143525]}},{"type":"Feature","properties":{"t":"sch","sid":"s186","name":"Rybnik Golejów Skrzyżowanie","imp":0.108,"d":4763},"geometry":{"type":"Point","coordinates":[18.557154,50.101027]}},{"type":"Feature","properties":{"t":"vec","sid":"s187","d":1509},"geometry":{"type":"LineString","coordinates":[[18.540245,50.09819],[18.546177,50.085163]]}},{"type":"Feature","properties":{"t":"gps","sid":"s187"},"geometry":{"type":"Point","coordinates":[18.540245,50.09819]}},{"type":"Feature","properties":{"t":"sch","sid":"s187","name":"Rybnik Śródmieście Kampus","imp":0.17,"d":1509},"geometry":{"type":"Point","coordinates":[18.546177,50.085163]}},{"type":"Feature","properties":{"t":"vec","sid":"s188","d":1481},"geometry":{"type":"LineString","coordinates":[[18.50497,50.08234],[18.515991,50.071062]]}},{"type":"Feature","properties":{"t":"gps","sid":"s188"},"geometry":{"type":"Point","coordinates":[18.50497,50.08234]}},{"type":"Feature","properties":{"t":"sch","sid":"s188","name":"Rybnik Zamysłów Wodociągi","imp":0.065,"d":1481},"geometry":{"type":"Point","coordinates":[18.515991,50.071062]}},{"type":"Feature","properties":{"t":"vec","sid":"s189","d":1760},"geometry":{"type":"LineString","coordinates":[[18.498535,50.0849],[18.510502,50.071062]]}},{"type":"Feature","properties":{"t":"gps","sid":"s189"},"geometry":{"type":"Point","coordinates":[18.498535,50.0849]}},{"type":"Feature","properties":{"t":"sch","sid":"s189","name":"Rybnik Zamysłów Gruntowa","imp":0.048,"d":1760},"geometry":{"type":"Point","coordinates":[18.510502,50.071062]}},{"type":"Feature","properties":{"t":"vec","sid":"s190","d":3252},"geometry":{"type":"LineString","coordinates":[[18.44219,50.085293],[18.480316,50.069299]]}},{"type":"Feature","properties":{"t":"gps","sid":"s190"},"geometry":{"type":"Point","coordinates":[18.44219,50.085293]}},{"type":"Feature","properties":{"t":"sch","sid":"s190","name":"Buzowice Skrzyżowanie","imp":0.118,"d":3252},"geometry":{"type":"Point","coordinates":[18.480316,50.069299]}},{"type":"Feature","properties":{"t":"vec","sid":"s191","d":2829},"geometry":{"type":"LineString","coordinates":[[18.45138,50.08188],[18.485805,50.069299]]}},{"type":"Feature","properties":{"t":"gps","sid":"s191"},"geometry":{"type":"Point","coordinates":[18.45138,50.08188]}},{"type":"Feature","properties":{"t":"sch","sid":"s191","name":"Rybnik Niewiadom Buzowice","imp":0.079,"d":2829},"geometry":{"type":"Point","coordinates":[18.485805,50.069299]}},{"type":"Feature","properties":{"t":"vec","sid":"s192","d":2536},"geometry":{"type":"LineString","coordinates":[[18.443637,50.053105],[18.477572,50.046385]]}},{"type":"Feature","properties":{"t":"gps","sid":"s192"},"geometry":{"type":"Point","coordinates":[18.443637,50.053105]}},{"type":"Feature","properties":{"t":"sch","sid":"s192","name":"Rydułtowy Bohaterów W-wy Cegielnia","imp":0.15,"d":2536},"geometry":{"type":"Point","coordinates":[18.477572,50.046385]}},{"type":"Feature","properties":{"t":"vec","sid":"s193","d":3107},"geometry":{"type":"LineString","coordinates":[[18.433038,50.055898],[18.474828,50.048147]]}},{"type":"Feature","properties":{"t":"gps","sid":"s193"},"geometry":{"type":"Point","coordinates":[18.433038,50.055898]}},{"type":"Feature","properties":{"t":"sch","sid":"s193","name":"Rydułtowy Bohaterów W-wy Orlovska","imp":0.133,"d":3107},"geometry":{"type":"Point","coordinates":[18.474828,50.048147]}},{"type":"Feature","properties":{"t":"vec","sid":"s194","d":3595},"geometry":{"type":"LineString","coordinates":[[18.424062,50.059598],[18.472084,50.04991]]}},{"type":"Feature","properties":{"t":"gps","sid":"s194"},"geometry":{"type":"Point","coordinates":[18.424062,50.059598]}},{"type":"Feature","properties":{"t":"sch","sid":"s194","name":"Rydułtowy Plebiscytowa Szpital","imp":0.165,"d":3595},"geometry":{"type":"Point","coordinates":[18.472084,50.04991]}},{"type":"Feature","properties":{"t":"vec","sid":"s195","d":2170},"geometry":{"type":"LineString","coordinates":[[18.453533,50.04746],[18.48306,50.042859]]}},{"type":"Feature","properties":{"t":"gps","sid":"s195"},"geometry":{"type":"Point","coordinates":[18.453533,50.04746]}},{"type":"Feature","properties":{"t":"sch","sid":"s195","name":"Radlin Domeyki","imp":0.187,"d":2170},"geometry":{"type":"Point","coordinates":[18.48306,50.042859]}},{"type":"Feature","properties":{"t":"vec","sid":"s196","d":1803},"geometry":{"type":"LineString","coordinates":[[18.464386,50.04754],[18.488549,50.042859]]}},{"type":"Feature","properties":{"t":"gps","sid":"s196"},"geometry":{"type":"Point","coordinates":[18.464386,50.04754]}},{"type":"Feature","properties":{"t":"sch","sid":"s196","name":"Radlin Rymera Piekarnia","imp":0.139,"d":1803},"geometry":{"type":"Point","coordinates":[18.488549,50.042859]}},{"type":"Feature","properties":{"t":"vec","sid":"s197","d":1933},"geometry":{"type":"LineString","coordinates":[[18.462195,50.054438],[18.486184,50.046385]]}},{"type":"Feature","properties":{"t":"gps","sid":"s197"},"geometry":{"type":"Point","coordinates":[18.462195,50.054438]}},{"type":"Feature","properties":{"t":"sch","sid":"s197","name":"Radlin Rydułtowska Reden","imp":0.105,"d":1933},"geometry":{"type":"Point","coordinates":[18.486184,50.046385]}},{"type":"Feature","properties":{"t":"vec","sid":"s198","d":1849},"geometry":{"type":"LineString","coordinates":[[18.467855,50.055552],[18.489085,50.04604]]}},{"type":"Feature","properties":{"t":"gps","sid":"s198"},"geometry":{"type":"Point","coordinates":[18.467855,50.055552]}},{"type":"Feature","properties":{"t":"sch","sid":"s198","name":"Radlin Rydułtowska Sokolnia","imp":0.105,"d":1849},"geometry":{"type":"Point","coordinates":[18.489085,50.04604]}},{"type":"Feature","properties":{"t":"vec","sid":"s199","d":2365},"geometry":{"type":"LineString","coordinates":[[18.45199,50.053735],[18.48306,50.046385]]}},{"type":"Feature","properties":{"t":"gps","sid":"s199"},"geometry":{"type":"Point","coordinates":[18.45199,50.053735]}},{"type":"Feature","properties":{"t":"sch","sid":"s199","name":"Radlin Rydułtowska Reden Górka","imp":0.143,"d":2365},"geometry":{"type":"Point","coordinates":[18.48306,50.046385]}},{"type":"Feature","properties":{"t":"vec","sid":"s200","d":4840},"geometry":{"type":"LineString","coordinates":[[18.542955,50.14419],[18.551666,50.101027]]}},{"type":"Feature","properties":{"t":"gps","sid":"s200"},"geometry":{"type":"Point","coordinates":[18.542955,50.14419]}},{"type":"Feature","properties":{"t":"sch","sid":"s200","name":"Rybnik Golejów Szkoła","imp":0.111,"d":4840},"geometry":{"type":"Point","coordinates":[18.551666,50.101027]}},{"type":"Feature","properties":{"t":"vec","sid":"s201","d":4436},"geometry":{"type":"LineString","coordinates":[[18.52811,50.13969],[18.543433,50.101027]]}},{"type":"Feature","properties":{"t":"gps","sid":"s201"},"geometry":{"type":"Point","coordinates":[18.52811,50.13969]}},{"type":"Feature","properties":{"t":"sch","sid":"s201","name":"Rybnik Grabownia Poloczka","imp":0.062,"d":4436},"geometry":{"type":"Point","coordinates":[18.543433,50.101027]}},{"type":"Feature","properties":{"t":"vec","sid":"s202","d":4684},"geometry":{"type":"LineString","coordinates":[[18.51638,50.14138],[18.5352,50.101027]]}},{"type":"Feature","properties":{"t":"gps","sid":"s202"},"geometry":{"type":"Point","coordinates":[18.51638,50.14138]}},{"type":"Feature","properties":{"t":"sch","sid":"s202","name":"Rybnik Grabownia Olszowiec","imp":0.119,"d":4684},"geometry":{"type":"Point","coordinates":[18.5352,50.101027]}},{"type":"Feature","properties":{"t":"vec","sid":"s203","d":4895},"geometry":{"type":"LineString","coordinates":[[18.546885,50.14808],[18.557154,50.104553]]}},{"type":"Feature","properties":{"t":"gps","sid":"s203"},"geometry":{"type":"Point","coordinates":[18.546885,50.14808]}},{"type":"Feature","properties":{"t":"sch","sid":"s203","name":"Rybnik Golejów Siedliska","imp":0.096,"d":4895},"geometry":{"type":"Point","coordinates":[18.557154,50.104553]}},{"type":"Feature","properties":{"t":"vec","sid":"s204","d":5712},"geometry":{"type":"LineString","coordinates":[[18.543035,50.158925],[18.55441,50.108078]]}},{"type":"Feature","properties":{"t":"gps","sid":"s204"},"geometry":{"type":"Point","coordinates":[18.543035,50.158925]}},{"type":"Feature","properties":{"t":"sch","sid":"s204","name":"Rybnik Ochojec Młynek","imp":0.079,"d":5712},"geometry":{"type":"Point","coordinates":[18.55441,50.108078]}},{"type":"Feature","properties":{"t":"vec","sid":"s205","d":6177},"geometry":{"type":"LineString","coordinates":[[18.5483,50.16437],[18.55441,50.108959]]}},{"type":"Feature","properties":{"t":"gps","sid":"s205"},"geometry":{"type":"Point","coordinates":[18.5483,50.16437]}},{"type":"Feature","properties":{"t":"sch","sid":"s205","name":"Rybnik Ochojec Kościół","imp":0.048,"d":6177},"geometry":{"type":"Point","coordinates":[18.55441,50.108959]}},{"type":"Feature","properties":{"t":"vec","sid":"s206","d":6398},"geometry":{"type":"LineString","coordinates":[[18.54061,50.16669],[18.55441,50.109841]]}},{"type":"Feature","properties":{"t":"gps","sid":"s206"},"geometry":{"type":"Point","coordinates":[18.54061,50.16669]}},{"type":"Feature","properties":{"t":"sch","sid":"s206","name":"Rybnik Ochojec Centrum","imp":0.079,"d":6398},"geometry":{"type":"Point","coordinates":[18.55441,50.109841]}},{"type":"Feature","properties":{"t":"vec","sid":"s207","d":3681},"geometry":{"type":"LineString","coordinates":[[18.43019,50.068233],[18.477572,50.055198]]}},{"type":"Feature","properties":{"t":"gps","sid":"s207"},"geometry":{"type":"Point","coordinates":[18.43019,50.068233]}},{"type":"Feature","properties":{"t":"sch","sid":"s207","name":"Rydułtowy Kopalnia","imp":0.101,"d":3681},"geometry":{"type":"Point","coordinates":[18.477572,50.055198]}},{"type":"Feature","properties":{"t":"vec","sid":"s208","d":1008},"geometry":{"type":"LineString","coordinates":[[18.553745,50.085145],[18.562642,50.078113]]}},{"type":"Feature","properties":{"t":"gps","sid":"s208"},"geometry":{"type":"Point","coordinates":[18.553745,50.085145]}},{"type":"Feature","properties":{"t":"sch","sid":"s208","name":"Rybnik Meksyk Budowlanka","imp":0.079,"d":1008},"geometry":{"type":"Point","coordinates":[18.562642,50.078113]}},{"type":"Feature","properties":{"t":"vec","sid":"s209","d":127},"geometry":{"type":"LineString","coordinates":[[18.56469,50.07388],[18.565387,50.072825]]}},{"type":"Feature","properties":{"t":"gps","sid":"s209"},"geometry":{"type":"Point","coordinates":[18.56469,50.07388]}},{"type":"Feature","properties":{"t":"sch","sid":"s209","name":"Rybnik Meksyk Tkoczów","imp":0.111,"d":127},"geometry":{"type":"Point","coordinates":[18.565387,50.072825]}},{"type":"Feature","properties":{"t":"vec","sid":"s210","d":233},"geometry":{"type":"LineString","coordinates":[[18.56311,50.067795],[18.565387,50.069299]]}},{"type":"Feature","properties":{"t":"gps","sid":"s210"},"geometry":{"type":"Point","coordinates":[18.56311,50.067795]}},{"type":"Feature","properties":{"t":"sch","sid":"s210","name":"Rybnik Chwałowice Królewiok","imp":0.094,"d":233},"geometry":{"type":"Point","coordinates":[18.565387,50.069299]}},{"type":"Feature","properties":{"t":"vec","sid":"s211","d":521},"geometry":{"type":"LineString","coordinates":[[18.55611,50.0653],[18.559898,50.069299]]}},{"type":"Feature","properties":{"t":"gps","sid":"s211"},"geometry":{"type":"Point","coordinates":[18.55611,50.0653]}},{"type":"Feature","properties":{"t":"sch","sid":"s211","name":"Rybnik Chwałowice Kolonia","imp":0.077,"d":521},"geometry":{"type":"Point","coordinates":[18.559898,50.069299]}},{"type":"Feature","properties":{"t":"vec","sid":"s212","d":546},"geometry":{"type":"LineString","coordinates":[[18.55361,50.0633],[18.560545,50.065359]]}},{"type":"Feature","properties":{"t":"gps","sid":"s212"},"geometry":{"type":"Point","coordinates":[18.55361,50.0633]}},{"type":"Feature","properties":{"t":"sch","sid":"s212","name":"Rybnik Chwałowice Malchera","imp":0.048,"d":546},"geometry":{"type":"Point","coordinates":[18.560545,50.065359]}},{"type":"Feature","properties":{"t":"vec","sid":"s213","d":526},"geometry":{"type":"LineString","coordinates":[[18.56669,50.05669],[18.56668,50.061418]]}},{"type":"Feature","properties":{"t":"gps","sid":"s213"},"geometry":{"type":"Point","coordinates":[18.56669,50.05669]}},{"type":"Feature","properties":{"t":"sch","sid":"s213","name":"Rybnik Chwałowice Kożdoniów","imp":0.048,"d":526},"geometry":{"type":"Point","coordinates":[18.56668,50.061418]}},{"type":"Feature","properties":{"t":"vec","sid":"s214","d":757},"geometry":{"type":"LineString","coordinates":[[18.573553,50.051917],[18.573619,50.058723]]}},{"type":"Feature","properties":{"t":"gps","sid":"s214"},"geometry":{"type":"Point","coordinates":[18.573553,50.051917]}},{"type":"Feature","properties":{"t":"sch","sid":"s214","name":"Jankowice Pętla","imp":0.065,"d":757},"geometry":{"type":"Point","coordinates":[18.573619,50.058723]}},{"type":"Feature","properties":{"t":"vec","sid":"s215","d":332},"geometry":{"type":"LineString","coordinates":[[18.51137,50.060848],[18.515991,50.060486]]}},{"type":"Feature","properties":{"t":"gps","sid":"s215"},"geometry":{"type":"Point","coordinates":[18.51137,50.060848]}},{"type":"Feature","properties":{"t":"sch","sid":"s215","name":"Rybnik Popielów Żabik","imp":0.136,"d":332},"geometry":{"type":"Point","coordinates":[18.515991,50.060486]}},{"type":"Feature","properties":{"t":"vec","sid":"s216","d":482},"geometry":{"type":"LineString","coordinates":[[18.501027,50.04664],[18.507758,50.046385]]}},{"type":"Feature","properties":{"t":"gps","sid":"s216"},"geometry":{"type":"Point","coordinates":[18.501027,50.04664]}},{"type":"Feature","properties":{"t":"sch","sid":"s216","name":"Rybnik Popielów Wodzisławska","imp":0.079,"d":482},"geometry":{"type":"Point","coordinates":[18.507758,50.046385]}},{"type":"Feature","properties":{"t":"vec","sid":"s217","d":713},"geometry":{"type":"LineString","coordinates":[[18.489995,50.046535],[18.499526,50.044622]]}},{"type":"Feature","properties":{"t":"gps","sid":"s217"},"geometry":{"type":"Point","coordinates":[18.489995,50.046535]}},{"type":"Feature","properties":{"t":"sch","sid":"s217","name":"Biertułtowy Mariacka","imp":0.048,"d":713},"geometry":{"type":"Point","coordinates":[18.499526,50.044622]}},{"type":"Feature","properties":{"t":"vec","sid":"s218","d":820},"geometry":{"type":"LineString","coordinates":[[18.59738,50.053505],[18.601061,50.060486]]}},{"type":"Feature","properties":{"t":"gps","sid":"s218"},"geometry":{"type":"Point","coordinates":[18.59738,50.053505]}},{"type":"Feature","properties":{"t":"sch","sid":"s218","name":"Rybnik Boguszowice Stare Sztolniowa","imp":0.122,"d":820},"geometry":{"type":"Point","coordinates":[18.601061,50.060486]}},{"type":"Feature","properties":{"t":"vec","sid":"s219","d":769},"geometry":{"type":"LineString","coordinates":[[18.59719,50.0558],[18.601061,50.062249]]}},{"type":"Feature","properties":{"t":"gps","sid":"s219"},"geometry":{"type":"Point","coordinates":[18.59719,50.0558]}},{"type":"Feature","properties":{"t":"sch","sid":"s219","name":"Rybnik Boguszowice Stare Poczta","imp":0.105,"d":769},"geometry":{"type":"Point","coordinates":[18.601061,50.062249]}},{"type":"Feature","properties":{"t":"vec","sid":"s220","d":4553},"geometry":{"type":"LineString","coordinates":[[18.54969,50.14169],[18.559898,50.101271]]}},{"type":"Feature","properties":{"t":"gps","sid":"s220"},"geometry":{"type":"Point","coordinates":[18.54969,50.14169]}},{"type":"Feature","properties":{"t":"sch","sid":"s220","name":"Rybnik Golejów Kaplica","imp":0.048,"d":4553},"geometry":{"type":"Point","coordinates":[18.559898,50.101271]}},{"type":"Feature","properties":{"t":"vec","sid":"s221","d":4511},"geometry":{"type":"LineString","coordinates":[[18.555,50.14361],[18.559362,50.103134]]}},{"type":"Feature","properties":{"t":"gps","sid":"s221"},"geometry":{"type":"Point","coordinates":[18.555,50.14361]}},{"type":"Feature","properties":{"t":"sch","sid":"s221","name":"Rybnik Golejów Rondo","imp":0.048,"d":4511},"geometry":{"type":"Point","coordinates":[18.559362,50.103134]}},{"type":"Feature","properties":{"t":"vec","sid":"s222","d":1044},"geometry":{"type":"LineString","coordinates":[[18.54412,50.09579],[18.548921,50.086926]]}},{"type":"Feature","properties":{"t":"gps","sid":"s222"},"geometry":{"type":"Point","coordinates":[18.54412,50.09579]}},{"type":"Feature","properties":{"t":"sch","sid":"s222","name":"Plac Wolności","imp":0.401,"d":1044},"geometry":{"type":"Point","coordinates":[18.548921,50.086926]}},{"type":"Feature","properties":{"t":"vec","sid":"s223","d":5083},"geometry":{"type":"LineString","coordinates":[[18.61194,50.144075],[18.589549,50.100683]]}},{"type":"Feature","properties":{"t":"gps","sid":"s223"},"geometry":{"type":"Point","coordinates":[18.61194,50.144075]}},{"type":"Feature","properties":{"t":"sch","sid":"s223","name":"Rybnik Kamień Szewczyka","imp":0.062,"d":5083},"geometry":{"type":"Point","coordinates":[18.589549,50.100683]}},{"type":"Feature","properties":{"t":"vec","sid":"s224","d":422},"geometry":{"type":"LineString","coordinates":[[18.55052,50.06644],[18.55441,50.069299]]}},{"type":"Feature","properties":{"t":"gps","sid":"s224"},"geometry":{"type":"Point","coordinates":[18.55052,50.06644]}},{"type":"Feature","properties":{"t":"sch","sid":"s224","name":"Rybnik Chwałowice Kupiecka","imp":0.094,"d":422},"geometry":{"type":"Point","coordinates":[18.55441,50.069299]}},{"type":"Feature","properties":{"t":"vec","sid":"s225","d":1436},"geometry":{"type":"LineString","coordinates":[[18.55352,50.100935],[18.559898,50.088689]]}},{"type":"Feature","properties":{"t":"gps","sid":"s225"},"geometry":{"type":"Point","coordinates":[18.55352,50.100935]}},{"type":"Feature","properties":{"t":"sch","sid":"s225","name":"Rybnik Północ Wyzwolenia","imp":0.224,"d":1436},"geometry":{"type":"Point","coordinates":[18.559898,50.088689]}},{"type":"Feature","properties":{"t":"vec","sid":"s226","d":5843},"geometry":{"type":"LineString","coordinates":[[18.480325,50.1424],[18.521479,50.096986]]}},{"type":"Feature","properties":{"t":"gps","sid":"s226"},"geometry":{"type":"Point","coordinates":[18.480325,50.1424]}},{"type":"Feature","properties":{"t":"sch","sid":"s226","name":"Rybnik Chwałęcice Pniowiec","imp":0.062,"d":5843},"geometry":{"type":"Point","coordinates":[18.521479,50.096986]}},{"type":"Feature","properties":{"t":"vec","sid":"s227","d":1650},"geometry":{"type":"LineString","coordinates":[[18.535845,50.097415],[18.543433,50.083401]]}},{"type":"Feature","properties":{"t":"gps","sid":"s227"},"geometry":{"type":"Point","coordinates":[18.535845,50.097415]}},{"type":"Feature","properties":{"t":"sch","sid":"s227","name":"Rybnik Śródmieście Dworek","imp":0.115,"d":1650},"geometry":{"type":"Point","coordinates":[18.543433,50.083401]}},{"type":"Feature","properties":{"t":"vec","sid":"s228","d":2635},"geometry":{"type":"LineString","coordinates":[[18.53655,50.112365],[18.547951,50.089828]]}},{"type":"Feature","properties":{"t":"gps","sid":"s228"},"geometry":{"type":"Point","coordinates":[18.53655,50.112365]}},{"type":"Feature","properties":{"t":"sch","sid":"s228","name":"Rybnik Północ Janiego","imp":0.062,"d":2635},"geometry":{"type":"Point","coordinates":[18.547951,50.089828]}},{"type":"Feature","properties":{"t":"vec","sid":"s229","d":7576},"geometry":{"type":"LineString","coordinates":[[18.403055,50.13537],[18.480316,50.088689]]}},{"type":"Feature","properties":{"t":"gps","sid":"s229"},"geometry":{"type":"Point","coordinates":[18.403055,50.13537]}},{"type":"Feature","properties":{"t":"sch","sid":"s229","name":"Sumina PKP","imp":0.065,"d":7576},"geometry":{"type":"Point","coordinates":[18.480316,50.088689]}},{"type":"Feature","properties":{"t":"vec","sid":"s230","d":663},"geometry":{"type":"LineString","coordinates":[[18.56436,50.04758],[18.562642,50.053435]]}},{"type":"Feature","properties":{"t":"gps","sid":"s230"},"geometry":{"type":"Point","coordinates":[18.56436,50.04758]}},{"type":"Feature","properties":{"t":"sch","sid":"s230","name":"Jankowice Remiza","imp":0.065,"d":663},"geometry":{"type":"Point","coordinates":[18.562642,50.053435]}},{"type":"Feature","properties":{"t":"vec","sid":"s231","d":842},"geometry":{"type":"LineString","coordinates":[[18.55677,50.046625],[18.563704,50.052754]]}},{"type":"Feature","properties":{"t":"gps","sid":"s231"},"geometry":{"type":"Point","coordinates":[18.55677,50.046625]}},{"type":"Feature","properties":{"t":"sch","sid":"s231","name":"Jankowice Sklep","imp":0.048,"d":842},"geometry":{"type":"Point","coordinates":[18.563704,50.052754]}},{"type":"Feature","properties":{"t":"vec","sid":"s232","d":1315},"geometry":{"type":"LineString","coordinates":[[18.547535,50.047895],[18.564765,50.052072]]}},{"type":"Feature","properties":{"t":"gps","sid":"s232"},"geometry":{"type":"Point","coordinates":[18.547535,50.047895]}},{"type":"Feature","properties":{"t":"sch","sid":"s232","name":"Jankowice Kościelna","imp":0.048,"d":1315},"geometry":{"type":"Point","coordinates":[18.564765,50.052072]}},{"type":"Feature","properties":{"t":"vec","sid":"s233","d":1431},"geometry":{"type":"LineString","coordinates":[[18.5473,50.046495],[18.565826,50.05139]]}},{"type":"Feature","properties":{"t":"gps","sid":"s233"},"geometry":{"type":"Point","coordinates":[18.5473,50.046495]}},{"type":"Feature","properties":{"t":"sch","sid":"s233","name":"Jankowice Kościół","imp":0.048,"d":1431},"geometry":{"type":"Point","coordinates":[18.565826,50.05139]}},{"type":"Feature","properties":{"t":"vec","sid":"s234","d":1842},"geometry":{"type":"LineString","coordinates":[[18.542455,50.04541],[18.566887,50.050709]]}},{"type":"Feature","properties":{"t":"gps","sid":"s234"},"geometry":{"type":"Point","coordinates":[18.542455,50.04541]}},{"type":"Feature","properties":{"t":"sch","sid":"s234","name":"Jankowice Wowry","imp":0.048,"d":1842},"geometry":{"type":"Point","coordinates":[18.566887,50.050709]}},{"type":"Feature","properties":{"t":"vec","sid":"s235","d":1634},"geometry":{"type":"LineString","coordinates":[[18.54705,50.04405],[18.567949,50.050027]]}},{"type":"Feature","properties":{"t":"gps","sid":"s235"},"geometry":{"type":"Point","coordinates":[18.54705,50.04405]}},{"type":"Feature","properties":{"t":"sch","sid":"s235","name":"Jankowice Rybnicka","imp":0.048,"d":1634},"geometry":{"type":"Point","coordinates":[18.567949,50.050027]}},{"type":"Feature","properties":{"t":"vec","sid":"s236","d":596},"geometry":{"type":"LineString","coordinates":[[18.57077,50.04306],[18.568131,50.048147]]}},{"type":"Feature","properties":{"t":"gps","sid":"s236"},"geometry":{"type":"Point","coordinates":[18.57077,50.04306]}},{"type":"Feature","properties":{"t":"sch","sid":"s236","name":"Jankowice G.S.","imp":0.052,"d":596},"geometry":{"type":"Point","coordinates":[18.568131,50.048147]}},{"type":"Feature","properties":{"t":"vec","sid":"s237","d":1059},"geometry":{"type":"LineString","coordinates":[[18.556815,50.04296],[18.568131,50.049111]]}},{"type":"Feature","properties":{"t":"gps","sid":"s237"},"geometry":{"type":"Point","coordinates":[18.556815,50.04296]}},{"type":"Feature","properties":{"t":"sch","sid":"s237","name":"Jankowice Skrzyżowanie","imp":0.048,"d":1059},"geometry":{"type":"Point","coordinates":[18.568131,50.049111]}},{"type":"Feature","properties":{"t":"vec","sid":"s238","d":3363},"geometry":{"type":"LineString","coordinates":[[18.44647,50.09002],[18.483546,50.071374]]}},{"type":"Feature","properties":{"t":"gps","sid":"s238"},"geometry":{"type":"Point","coordinates":[18.44647,50.09002]}},{"type":"Feature","properties":{"t":"sch","sid":"s238","name":"Szczerbice Radoszowska","imp":0.048,"d":3363},"geometry":{"type":"Point","coordinates":[18.483546,50.071374]}},{"type":"Feature","properties":{"t":"vec","sid":"s239","d":3527},"geometry":{"type":"LineString","coordinates":[[18.4498,50.09447],[18.486775,50.073448]]}},{"type":"Feature","properties":{"t":"gps","sid":"s239"},"geometry":{"type":"Point","coordinates":[18.4498,50.09447]}},{"type":"Feature","properties":{"t":"sch","sid":"s239","name":"Szczerbice Dwór","imp":0.048,"d":3527},"geometry":{"type":"Point","coordinates":[18.486775,50.073448]}},{"type":"Feature","properties":{"t":"vec","sid":"s240","d":3942},"geometry":{"type":"LineString","coordinates":[[18.44983,50.09983],[18.490004,50.075522]]}},{"type":"Feature","properties":{"t":"gps","sid":"s240"},"geometry":{"type":"Point","coordinates":[18.44983,50.09983]}},{"type":"Feature","properties":{"t":"sch","sid":"s240","name":"Szczerbice Szkolna","imp":0.048,"d":3942},"geometry":{"type":"Point","coordinates":[18.490004,50.075522]}},{"type":"Feature","properties":{"t":"vec","sid":"s241","d":4000},"geometry":{"type":"LineString","coordinates":[[18.45008,50.10247],[18.491293,50.078113]]}},{"type":"Feature","properties":{"t":"gps","sid":"s241"},"geometry":{"type":"Point","coordinates":[18.45008,50.10247]}},{"type":"Feature","properties":{"t":"sch","sid":"s241","name":"Szczerbice Straż","imp":0.052,"d":4000},"geometry":{"type":"Point","coordinates":[18.491293,50.078113]}},{"type":"Feature","properties":{"t":"vec","sid":"s242","d":625},"geometry":{"type":"LineString","coordinates":[[18.605925,50.05117],[18.612038,50.055198]]}},{"type":"Feature","properties":{"t":"gps","sid":"s242"},"geometry":{"type":"Point","coordinates":[18.605925,50.05117]}},{"type":"Feature","properties":{"t":"sch","sid":"s242","name":"Rybnik Boguszowice Osiedle Rajska","imp":0.094,"d":625},"geometry":{"type":"Point","coordinates":[18.612038,50.055198]}},{"type":"Feature","properties":{"t":"vec","sid":"s243","d":758},"geometry":{"type":"LineString","coordinates":[[18.589385,50.054705],[18.595004,50.060486]]}},{"type":"Feature","properties":{"t":"gps","sid":"s243"},"geometry":{"type":"Point","coordinates":[18.589385,50.054705]}},{"type":"Feature","properties":{"t":"sch","sid":"s243","name":"Rybnik Boguszowice Stare Rejewskiego","imp":0.077,"d":758},"geometry":{"type":"Point","coordinates":[18.595004,50.060486]}},{"type":"Feature","properties":{"t":"vec","sid":"s244","d":1311},"geometry":{"type":"LineString","coordinates":[[18.54419,50.09593],[18.551666,50.085163]]}},{"type":"Feature","properties":{"t":"gps","sid":"s244"},"geometry":{"type":"Point","coordinates":[18.54419,50.09593]}},{"type":"Feature","properties":{"t":"sch","sid":"s244","name":"Rybnik Śródmieście Plac Wolności 1","imp":0.438,"d":1311},"geometry":{"type":"Point","coordinates":[18.551666,50.085163]}},{"type":"Feature","properties":{"t":"vec","sid":"s245","d":1434},"geometry":{"type":"LineString","coordinates":[[18.54419,50.09593],[18.548921,50.083401]]}},{"type":"Feature","properties":{"t":"gps","sid":"s245"},"geometry":{"type":"Point","coordinates":[18.54419,50.09593]}},{"type":"Feature","properties":{"t":"sch","sid":"s245","name":"Rybnik Śródmieście Plac Wolności 2","imp":0.559,"d":1434},"geometry":{"type":"Point","coordinates":[18.548921,50.083401]}},{"type":"Feature","properties":{"t":"vec","sid":"s246","d":1244},"geometry":{"type":"LineString","coordinates":[[18.54419,50.09593],[18.548921,50.085163]]}},{"type":"Feature","properties":{"t":"gps","sid":"s246"},"geometry":{"type":"Point","coordinates":[18.54419,50.09593]}},{"type":"Feature","properties":{"t":"sch","sid":"s246","name":"Rybnik Śródmieście Plac Wolności 3","imp":0.394,"d":1244},"geometry":{"type":"Point","coordinates":[18.548921,50.085163]}},{"type":"Feature","properties":{"t":"vec","sid":"s247","d":1684},"geometry":{"type":"LineString","coordinates":[[18.53354,50.101361],[18.540689,50.086926]]}},{"type":"Feature","properties":{"t":"gps","sid":"s247"},"geometry":{"type":"Point","coordinates":[18.53354,50.101361]}},{"type":"Feature","properties":{"t":"sch","sid":"s247","name":"Rybnik Maroko Nowiny Dworzec Aut. A","imp":1,"d":1684},"geometry":{"type":"Point","coordinates":[18.540689,50.086926]}},{"type":"Feature","properties":{"t":"vec","sid":"s248","d":465},"geometry":{"type":"LineString","coordinates":[[18.5903,50.03477],[18.595573,50.037227]]}},{"type":"Feature","properties":{"t":"gps","sid":"s248"},"geometry":{"type":"Point","coordinates":[18.5903,50.03477]}},{"type":"Feature","properties":{"t":"sch","sid":"s248","name":"Świerklany Plebiscytowa","imp":0.062,"d":465},"geometry":{"type":"Point","coordinates":[18.595573,50.037227]}},{"type":"Feature","properties":{"t":"vec","sid":"s249","d":601},"geometry":{"type":"LineString","coordinates":[[18.58727,50.02964],[18.595573,50.028758]]}},{"type":"Feature","properties":{"t":"gps","sid":"s249"},"geometry":{"type":"Point","coordinates":[18.58727,50.02964]}},{"type":"Feature","properties":{"t":"sch","sid":"s249","name":"Świerklany Górne","imp":0.156,"d":601},"geometry":{"type":"Point","coordinates":[18.595573,50.028758]}},{"type":"Feature","properties":{"t":"vec","sid":"s250","d":361},"geometry":{"type":"LineString","coordinates":[[18.581665,50.033677],[18.583057,50.036797]]}},{"type":"Feature","properties":{"t":"gps","sid":"s250"},"geometry":{"type":"Point","coordinates":[18.581665,50.033677]}},{"type":"Feature","properties":{"t":"sch","sid":"s250","name":"Świerklany Piekarnia","imp":0.105,"d":361},"geometry":{"type":"Point","coordinates":[18.583057,50.036797]}},{"type":"Feature","properties":{"t":"vec","sid":"s251","d":512},"geometry":{"type":"LineString","coordinates":[[18.610035,50.072205],[18.604184,50.069543]]}},{"type":"Feature","properties":{"t":"gps","sid":"s251"},"geometry":{"type":"Point","coordinates":[18.610035,50.072205]}},{"type":"Feature","properties":{"t":"sch","sid":"s251","name":"Rybnik Gotartowice Gotartowicka","imp":0.077,"d":512},"geometry":{"type":"Point","coordinates":[18.604184,50.069543]}},{"type":"Feature","properties":{"t":"vec","sid":"s252","d":5057},"geometry":{"type":"LineString","coordinates":[[18.39983,50.086405],[18.464588,50.06801]]}},{"type":"Feature","properties":{"t":"gps","sid":"s252"},"geometry":{"type":"Point","coordinates":[18.39983,50.086405]}},{"type":"Feature","properties":{"t":"sch","sid":"s252","name":"Czernica Ośrodek Zdrowia","imp":0.048,"d":5057},"geometry":{"type":"Point","coordinates":[18.464588,50.06801]}},{"type":"Feature","properties":{"t":"vec","sid":"s253","d":1887},"geometry":{"type":"LineString","coordinates":[[18.46194,50.06072],[18.485805,50.053435]]}},{"type":"Feature","properties":{"t":"gps","sid":"s253"},"geometry":{"type":"Point","coordinates":[18.46194,50.06072]}},{"type":"Feature","properties":{"t":"sch","sid":"s253","name":"Rybnik Niewiadom Morcinka","imp":0.052,"d":1887},"geometry":{"type":"Point","coordinates":[18.485805,50.053435]}},{"type":"Feature","properties":{"t":"vec","sid":"s254","d":563},"geometry":{"type":"LineString","coordinates":[[18.58782,50.026166],[18.595573,50.025233]]}},{"type":"Feature","properties":{"t":"gps","sid":"s254"},"geometry":{"type":"Point","coordinates":[18.58782,50.026166]}},{"type":"Feature","properties":{"t":"sch","sid":"s254","name":"Świerklany Ośrodek Zdrowia","imp":0.079,"d":563},"geometry":{"type":"Point","coordinates":[18.595573,50.025233]}},{"type":"Feature","properties":{"t":"vec","sid":"s255","d":533},"geometry":{"type":"LineString","coordinates":[[18.580153,50.019325],[18.581852,50.014657]]}},{"type":"Feature","properties":{"t":"gps","sid":"s255"},"geometry":{"type":"Point","coordinates":[18.580153,50.019325]}},{"type":"Feature","properties":{"t":"sch","sid":"s255","name":"Świerklany Dolne","imp":0.136,"d":533},"geometry":{"type":"Point","coordinates":[18.581852,50.014657]}},{"type":"Feature","properties":{"t":"vec","sid":"s256","d":841},"geometry":{"type":"LineString","coordinates":[[18.578215,50.01454],[18.58734,50.009755]]}},{"type":"Feature","properties":{"t":"gps","sid":"s256"},"geometry":{"type":"Point","coordinates":[18.578215,50.01454]}},{"type":"Feature","properties":{"t":"sch","sid":"s256","name":"Świerklany Szkoła Gimnazjum","imp":0.062,"d":841},"geometry":{"type":"Point","coordinates":[18.58734,50.009755]}},{"type":"Feature","properties":{"t":"vec","sid":"s257","d":674},"geometry":{"type":"LineString","coordinates":[[18.578113,50.004643],[18.58734,50.003392]]}},{"type":"Feature","properties":{"t":"gps","sid":"s257"},"geometry":{"type":"Point","coordinates":[18.578113,50.004643]}},{"type":"Feature","properties":{"t":"sch","sid":"s257","name":"Świerklany Bar Karliczek","imp":0.062,"d":674},"geometry":{"type":"Point","coordinates":[18.58734,50.003392]}},{"type":"Feature","properties":{"t":"vec","sid":"s258","d":635},"geometry":{"type":"LineString","coordinates":[[18.58502,50.00254],[18.58734,49.99703]]}},{"type":"Feature","properties":{"t":"gps","sid":"s258"},"geometry":{"type":"Point","coordinates":[18.58502,50.00254]}},{"type":"Feature","properties":{"t":"sch","sid":"s258","name":"Świerklany Szyb","imp":0.088,"d":635},"geometry":{"type":"Point","coordinates":[18.58734,49.99703]}},{"type":"Feature","properties":{"t":"vec","sid":"s259","d":4346},"geometry":{"type":"LineString","coordinates":[[18.45516,50.11133],[18.494723,50.081638]]}},{"type":"Feature","properties":{"t":"gps","sid":"s259"},"geometry":{"type":"Point","coordinates":[18.45516,50.11133]}},{"type":"Feature","properties":{"t":"sch","sid":"s259","name":"Jejkowice Sumińska","imp":0.048,"d":4346},"geometry":{"type":"Point","coordinates":[18.494723,50.081638]}},{"type":"Feature","properties":{"t":"vec","sid":"s260","d":4800},"geometry":{"type":"LineString","coordinates":[[18.445,50.11375],[18.489921,50.081638]]}},{"type":"Feature","properties":{"t":"gps","sid":"s260"},"geometry":{"type":"Point","coordinates":[18.445,50.11375]}},{"type":"Feature","properties":{"t":"sch","sid":"s260","name":"Szczerbice Kaplica","imp":0.048,"d":4800},"geometry":{"type":"Point","coordinates":[18.489921,50.081638]}},{"type":"Feature","properties":{"t":"vec","sid":"s261","d":5282},"geometry":{"type":"LineString","coordinates":[[18.43444,50.116235],[18.485119,50.081638]]}},{"type":"Feature","properties":{"t":"gps","sid":"s261"},"geometry":{"type":"Point","coordinates":[18.43444,50.116235]}},{"type":"Feature","properties":{"t":"sch","sid":"s261","name":"Gaszowice Las","imp":0.048,"d":5282},"geometry":{"type":"Point","coordinates":[18.485119,50.081638]}},{"type":"Feature","properties":{"t":"vec","sid":"s262","d":4553},"geometry":{"type":"LineString","coordinates":[[18.53155,50.14088],[18.546177,50.101027]]}},{"type":"Feature","properties":{"t":"gps","sid":"s262"},"geometry":{"type":"Point","coordinates":[18.53155,50.14088]}},{"type":"Feature","properties":{"t":"sch","sid":"s262","name":"Rybnik Grabownia Nowa Grabownia","imp":0.062,"d":4553},"geometry":{"type":"Point","coordinates":[18.546177,50.101027]}},{"type":"Feature","properties":{"t":"vec","sid":"s263","d":4480},"geometry":{"type":"LineString","coordinates":[[18.52322,50.13972],[18.540689,50.101027]]}},{"type":"Feature","properties":{"t":"gps","sid":"s263"},"geometry":{"type":"Point","coordinates":[18.52322,50.13972]}},{"type":"Feature","properties":{"t":"sch","sid":"s263","name":"Rybnik Grabownia Sklep","imp":0.062,"d":4480},"geometry":{"type":"Point","coordinates":[18.540689,50.101027]}},{"type":"Feature","properties":{"t":"vec","sid":"s264","d":218},"geometry":{"type":"LineString","coordinates":[[18.504735,50.024188],[18.507758,50.024467]]}},{"type":"Feature","properties":{"t":"gps","sid":"s264"},"geometry":{"type":"Point","coordinates":[18.504735,50.024188]}},{"type":"Feature","properties":{"t":"sch","sid":"s264","name":"Marklowice Wiosny Ludów Widokowa","imp":0.077,"d":218},"geometry":{"type":"Point","coordinates":[18.507758,50.024467]}},{"type":"Feature","properties":{"t":"vec","sid":"s265","d":1155},"geometry":{"type":"LineString","coordinates":[[18.648488,50.069385],[18.636736,50.062249]]}},{"type":"Feature","properties":{"t":"gps","sid":"s265"},"geometry":{"type":"Point","coordinates":[18.648488,50.069385]}},{"type":"Feature","properties":{"t":"sch","sid":"s265","name":"Żory Rybnicka Świetlica","imp":0.094,"d":1155},"geometry":{"type":"Point","coordinates":[18.636736,50.062249]}},{"type":"Feature","properties":{"t":"vec","sid":"s266","d":3968},"geometry":{"type":"LineString","coordinates":[[18.53655,50.132295],[18.548921,50.097502]]}},{"type":"Feature","properties":{"t":"gps","sid":"s266"},"geometry":{"type":"Point","coordinates":[18.53655,50.132295]}},{"type":"Feature","properties":{"t":"sch","sid":"s266","name":"Rybnik Rybnicka Kuźnia Boisko","imp":0.077,"d":3968},"geometry":{"type":"Point","coordinates":[18.548921,50.097502]}},{"type":"Feature","properties":{"t":"vec","sid":"s267","d":2254},"geometry":{"type":"LineString","coordinates":[[18.47244,50.08044],[18.496781,50.067537]]}},{"type":"Feature","properties":{"t":"gps","sid":"s267"},"geometry":{"type":"Point","coordinates":[18.47244,50.08044]}},{"type":"Feature","properties":{"t":"sch","sid":"s267","name":"Rybnik Niewiadom Kol Helena","imp":0.125,"d":2254},"geometry":{"type":"Point","coordinates":[18.496781,50.067537]}},{"type":"Feature","properties":{"t":"vec","sid":"s269","d":1388},"geometry":{"type":"LineString","coordinates":[[18.5348,50.0893],[18.543433,50.078113]]}},{"type":"Feature","properties":{"t":"gps","sid":"s269"},"geometry":{"type":"Point","coordinates":[18.5348,50.0893]}},{"type":"Feature","properties":{"t":"sch","sid":"s269","name":"Rybnik Smolna Rondo Wodzisławskie","imp":0.167,"d":1388},"geometry":{"type":"Point","coordinates":[18.543433,50.078113]}},{"type":"Feature","properties":{"t":"vec","sid":"s270","d":1994},"geometry":{"type":"LineString","coordinates":[[18.52919,50.10219],[18.537945,50.085163]]}},{"type":"Feature","properties":{"t":"gps","sid":"s270"},"geometry":{"type":"Point","coordinates":[18.52919,50.10219]}},{"type":"Feature","properties":{"t":"sch","sid":"s270","name":"Rybnik Maroko Nowiny Żołędziowa","imp":0.15,"d":1994},"geometry":{"type":"Point","coordinates":[18.537945,50.085163]}},{"type":"Feature","properties":{"t":"vec","sid":"s271","d":4030},"geometry":{"type":"LineString","coordinates":[[18.52886,50.13428],[18.543433,50.099265]]}},{"type":"Feature","properties":{"t":"gps","sid":"s271"},"geometry":{"type":"Point","coordinates":[18.52886,50.13428]}},{"type":"Feature","properties":{"t":"sch","sid":"s271","name":"Rybnik Rybnicka Kuźnia Chłodnie Pętla","imp":0.19,"d":4030},"geometry":{"type":"Point","coordinates":[18.543433,50.099265]}},{"type":"Feature","properties":{"t":"vec","sid":"s272","d":767},"geometry":{"type":"LineString","coordinates":[[18.58638,50.05225],[18.590084,50.058723]]}},{"type":"Feature","properties":{"t":"gps","sid":"s272"},"geometry":{"type":"Point","coordinates":[18.58638,50.05225]}},{"type":"Feature","properties":{"t":"sch","sid":"s272","name":"Rybnik Boguszowice Stare Błękitna","imp":0.139,"d":767},"geometry":{"type":"Point","coordinates":[18.590084,50.058723]}},{"type":"Feature","properties":{"t":"vec","sid":"s273","d":1228},"geometry":{"type":"LineString","coordinates":[[18.663282,50.061646],[18.647713,50.056961]]}},{"type":"Feature","properties":{"t":"gps","sid":"s273"},"geometry":{"type":"Point","coordinates":[18.663282,50.061646]}},{"type":"Feature","properties":{"t":"sch","sid":"s273","name":"Żory Rybnicka Rondo","imp":0.094,"d":1228},"geometry":{"type":"Point","coordinates":[18.647713,50.056961]}},{"type":"Feature","properties":{"t":"vec","sid":"s274","d":246},"geometry":{"type":"LineString","coordinates":[[18.513945,50.018295],[18.510502,50.018182]]}},{"type":"Feature","properties":{"t":"gps","sid":"s274"},"geometry":{"type":"Point","coordinates":[18.513945,50.018295]}},{"type":"Feature","properties":{"t":"sch","sid":"s274","name":"Marklowice Dolne","imp":0.163,"d":246},"geometry":{"type":"Point","coordinates":[18.510502,50.018182]}},{"type":"Feature","properties":{"t":"vec","sid":"s275","d":245},"geometry":{"type":"LineString","coordinates":[[18.51705,50.01675],[18.515991,50.014657]]}},{"type":"Feature","properties":{"t":"gps","sid":"s275"},"geometry":{"type":"Point","coordinates":[18.51705,50.01675]}},{"type":"Feature","properties":{"t":"sch","sid":"s275","name":"Marklowice Słoneczna Wyspa","imp":0.052,"d":245},"geometry":{"type":"Point","coordinates":[18.515991,50.014657]}},{"type":"Feature","properties":{"t":"vec","sid":"s276","d":479},"geometry":{"type":"LineString","coordinates":[[18.49025,50.04033],[18.496781,50.039334]]}},{"type":"Feature","properties":{"t":"gps","sid":"s276"},"geometry":{"type":"Point","coordinates":[18.49025,50.04033]}},{"type":"Feature","properties":{"t":"sch","sid":"s276","name":"Radlin Ujejskiego","imp":0.123,"d":479},"geometry":{"type":"Point","coordinates":[18.496781,50.039334]}},{"type":"Feature","properties":{"t":"vec","sid":"s277","d":2031},"geometry":{"type":"LineString","coordinates":[[18.516455,50.10308],[18.529712,50.086926]]}},{"type":"Feature","properties":{"t":"gps","sid":"s277"},"geometry":{"type":"Point","coordinates":[18.516455,50.10308]}},{"type":"Feature","properties":{"t":"sch","sid":"s277","name":"Rybnik Maroko Nowiny Krakusa","imp":0.065,"d":2031},"geometry":{"type":"Point","coordinates":[18.529712,50.086926]}},{"type":"Feature","properties":{"t":"vec","sid":"s278","d":3459},"geometry":{"type":"LineString","coordinates":[[18.51919,50.11947],[18.534397,50.089935]]}},{"type":"Feature","properties":{"t":"gps","sid":"s278"},"geometry":{"type":"Point","coordinates":[18.51919,50.11947]}},{"type":"Feature","properties":{"t":"sch","sid":"s278","name":"Rybnik Orzepowice Rondo","imp":0.048,"d":3459},"geometry":{"type":"Point","coordinates":[18.534397,50.089935]}},{"type":"Feature","properties":{"t":"vec","sid":"s279","d":3281},"geometry":{"type":"LineString","coordinates":[[18.51623,50.11704],[18.534397,50.089935]]}},{"type":"Feature","properties":{"t":"gps","sid":"s279"},"geometry":{"type":"Point","coordinates":[18.51623,50.11704]}},{"type":"Feature","properties":{"t":"sch","sid":"s279","name":"Rybnik Orzepowice Rondo","imp":0.048,"d":3281},"geometry":{"type":"Point","coordinates":[18.534397,50.089935]}},{"type":"Feature","properties":{"t":"vec","sid":"s280","d":2864},"geometry":{"type":"LineString","coordinates":[[18.5143,50.11283],[18.526282,50.088248]]}},{"type":"Feature","properties":{"t":"gps","sid":"s280"},"geometry":{"type":"Point","coordinates":[18.5143,50.11283]}},{"type":"Feature","properties":{"t":"sch","sid":"s280","name":"Rybnik Orzepowice Góreckiego","imp":0.048,"d":2864},"geometry":{"type":"Point","coordinates":[18.526282,50.088248]}},{"type":"Feature","properties":{"t":"vec","sid":"s281","d":2905},"geometry":{"type":"LineString","coordinates":[[18.50108,50.107155],[18.519421,50.083841]]}},{"type":"Feature","properties":{"t":"gps","sid":"s281"},"geometry":{"type":"Point","coordinates":[18.50108,50.107155]}},{"type":"Feature","properties":{"t":"sch","sid":"s281","name":"Rybnik Zebrzydowice Przedmieście","imp":0.048,"d":2905},"geometry":{"type":"Point","coordinates":[18.519421,50.083841]}},{"type":"Feature","properties":{"t":"vec","sid":"s282","d":2608},"geometry":{"type":"LineString","coordinates":[[18.49958,50.09541],[18.518735,50.075437]]}},{"type":"Feature","properties":{"t":"gps","sid":"s282"},"geometry":{"type":"Point","coordinates":[18.49958,50.09541]}},{"type":"Feature","properties":{"t":"sch","sid":"s282","name":"Rybnik Zebrzydowice Kasztanowa","imp":0.048,"d":2608},"geometry":{"type":"Point","coordinates":[18.518735,50.075437]}},{"type":"Feature","properties":{"t":"vec","sid":"s283","d":2238},"geometry":{"type":"LineString","coordinates":[[18.50002,50.0898],[18.514785,50.07205]]}},{"type":"Feature","properties":{"t":"gps","sid":"s283"},"geometry":{"type":"Point","coordinates":[18.50002,50.0898]}},{"type":"Feature","properties":{"t":"sch","sid":"s283","name":"Rybnik Zebrzydowice Las","imp":0.048,"d":2238},"geometry":{"type":"Point","coordinates":[18.514785,50.07205]}},{"type":"Feature","properties":{"t":"vec","sid":"s284","d":1820},"geometry":{"type":"LineString","coordinates":[[18.48766,50.07691],[18.5099,50.068912]]}},{"type":"Feature","properties":{"t":"gps","sid":"s284"},"geometry":{"type":"Point","coordinates":[18.48766,50.07691]}},{"type":"Feature","properties":{"t":"sch","sid":"s284","name":"Rybnik Niedobczyce Garbocze","imp":0.048,"d":1820},"geometry":{"type":"Point","coordinates":[18.5099,50.068912]}},{"type":"Feature","properties":{"t":"vec","sid":"s285","d":592},"geometry":{"type":"LineString","coordinates":[[18.50041,50.05593],[18.508673,50.056373]]}},{"type":"Feature","properties":{"t":"gps","sid":"s285"},"geometry":{"type":"Point","coordinates":[18.50041,50.05593]}},{"type":"Feature","properties":{"t":"sch","sid":"s285","name":"Rybnik Popielów Worcella","imp":0.077,"d":592},"geometry":{"type":"Point","coordinates":[18.508673,50.056373]}},{"type":"Feature","properties":{"t":"vec","sid":"s286","d":2971},"geometry":{"type":"LineString","coordinates":[[18.50902,50.111245],[18.522851,50.086045]]}},{"type":"Feature","properties":{"t":"gps","sid":"s286"},"geometry":{"type":"Point","coordinates":[18.50902,50.111245]}},{"type":"Feature","properties":{"t":"sch","sid":"s286","name":"Rybnik Orzepowice Łączna","imp":0.048,"d":2971},"geometry":{"type":"Point","coordinates":[18.522851,50.086045]}},{"type":"Feature","properties":{"t":"vec","sid":"s287","d":2771},"geometry":{"type":"LineString","coordinates":[[18.49306,50.101735],[18.515991,50.081638]]}},{"type":"Feature","properties":{"t":"gps","sid":"s287"},"geometry":{"type":"Point","coordinates":[18.49306,50.101735]}},{"type":"Feature","properties":{"t":"sch","sid":"s287","name":"Rybnik Zebrzydowice Szkoła","imp":0.07,"d":2771},"geometry":{"type":"Point","coordinates":[18.515991,50.081638]}},{"type":"Feature","properties":{"t":"vec","sid":"s288","d":1931},"geometry":{"type":"LineString","coordinates":[[18.466885,50.060895],[18.491293,50.053435]]}},{"type":"Feature","properties":{"t":"gps","sid":"s288"},"geometry":{"type":"Point","coordinates":[18.466885,50.060895]}},{"type":"Feature","properties":{"t":"sch","sid":"s288","name":"Rybnik Niewiadom Sportowa","imp":0.191,"d":1931},"geometry":{"type":"Point","coordinates":[18.491293,50.053435]}},{"type":"Feature","properties":{"t":"vec","sid":"s289","d":875},"geometry":{"type":"LineString","coordinates":[[18.606785,50.085555],[18.598474,50.079775]]}},{"type":"Feature","properties":{"t":"gps","sid":"s289"},"geometry":{"type":"Point","coordinates":[18.606785,50.085555]}},{"type":"Feature","properties":{"t":"sch","sid":"s289","name":"Rybnik Ligota Ligocka Kuźnia Wolna","imp":0.077,"d":875},"geometry":{"type":"Point","coordinates":[18.598474,50.079775]}},{"type":"Feature","properties":{"t":"vec","sid":"s290","d":6589},"geometry":{"type":"LineString","coordinates":[[18.478095,50.15667],[18.516152,50.102687]]}},{"type":"Feature","properties":{"t":"gps","sid":"s290"},"geometry":{"type":"Point","coordinates":[18.478095,50.15667]}},{"type":"Feature","properties":{"t":"sch","sid":"s290","name":"Rybnik Stodoły Stadnina","imp":0.048,"d":6589},"geometry":{"type":"Point","coordinates":[18.516152,50.102687]}},{"type":"Feature","properties":{"t":"vec","sid":"s291","d":5227},"geometry":{"type":"LineString","coordinates":[[18.48408,50.13538],[18.518735,50.093977]]}},{"type":"Feature","properties":{"t":"gps","sid":"s291"},"geometry":{"type":"Point","coordinates":[18.48408,50.13538]}},{"type":"Feature","properties":{"t":"sch","sid":"s291","name":"Rybnik Chwałęcice Szkoła","imp":0.048,"d":5227},"geometry":{"type":"Point","coordinates":[18.518735,50.093977]}},{"type":"Feature","properties":{"t":"vec","sid":"s293","d":1630},"geometry":{"type":"LineString","coordinates":[[18.55344,50.1065],[18.554946,50.09187]]}},{"type":"Feature","properties":{"t":"gps","sid":"s293"},"geometry":{"type":"Point","coordinates":[18.55344,50.1065]}},{"type":"Feature","properties":{"t":"sch","sid":"s293","name":"Rybnik Północ Żużlowa","imp":0.048,"d":1630},"geometry":{"type":"Point","coordinates":[18.554946,50.09187]}},{"type":"Feature","properties":{"t":"vec","sid":"s294","d":1232},"geometry":{"type":"LineString","coordinates":[[18.53722,50.08383],[18.5352,50.072825]]}},{"type":"Feature","properties":{"t":"gps","sid":"s294"},"geometry":{"type":"Point","coordinates":[18.53722,50.08383]}},{"type":"Feature","properties":{"t":"sch","sid":"s294","name":"Rybnik Śródmieście Jankowicka","imp":0.094,"d":1232},"geometry":{"type":"Point","coordinates":[18.5352,50.072825]}},{"type":"Feature","properties":{"t":"vec","sid":"s295","d":44},"geometry":{"type":"LineString","coordinates":[[18.54594,50.069705],[18.546338,50.069403]]}},{"type":"Feature","properties":{"t":"gps","sid":"s295"},"geometry":{"type":"Point","coordinates":[18.54594,50.069705]}},{"type":"Feature","properties":{"t":"sch","sid":"s295","name":"Rybnik Chwałowice Śląska","imp":0.077,"d":44},"geometry":{"type":"Point","coordinates":[18.546338,50.069403]}},{"type":"Feature","properties":{"t":"vec","sid":"s296","d":1385},"geometry":{"type":"LineString","coordinates":[[18.55836,50.10272],[18.557422,50.090279]]}},{"type":"Feature","properties":{"t":"gps","sid":"s296"},"geometry":{"type":"Point","coordinates":[18.55836,50.10272]}},{"type":"Feature","properties":{"t":"sch","sid":"s296","name":"Rybnik Północ Strzelecka","imp":0.048,"d":1385},"geometry":{"type":"Point","coordinates":[18.557422,50.090279]}},{"type":"Feature","properties":{"t":"vec","sid":"s297","d":1088},"geometry":{"type":"LineString","coordinates":[[18.54419,50.09594],[18.55441,50.088689]]}},{"type":"Feature","properties":{"t":"gps","sid":"s297"},"geometry":{"type":"Point","coordinates":[18.54419,50.09594]}},{"type":"Feature","properties":{"t":"sch","sid":"s297","name":"Rybnik Śródmieście Plac Wolności 3 kon","imp":0.052,"d":1088},"geometry":{"type":"Point","coordinates":[18.55441,50.088689]}},{"type":"Feature","properties":{"t":"vec","sid":"s298","d":1267},"geometry":{"type":"LineString","coordinates":[[18.476355,50.05258],[18.494037,50.051673]]}},{"type":"Feature","properties":{"t":"gps","sid":"s298"},"geometry":{"type":"Point","coordinates":[18.476355,50.05258]}},{"type":"Feature","properties":{"t":"sch","sid":"s298","name":"Radlin Rogozina","imp":0.136,"d":1267},"geometry":{"type":"Point","coordinates":[18.494037,50.051673]}},{"type":"Feature","properties":{"t":"vec","sid":"s299","d":1217},"geometry":{"type":"LineString","coordinates":[[18.54091,50.08906],[18.540689,50.078113]]}},{"type":"Feature","properties":{"t":"gps","sid":"s299"},"geometry":{"type":"Point","coordinates":[18.54091,50.08906]}},{"type":"Feature","properties":{"t":"sch","sid":"s299","name":"Rybnik Śródmieście Reymonta ZUS","imp":0.139,"d":1217},"geometry":{"type":"Point","coordinates":[18.540689,50.078113]}},{"type":"Feature","properties":{"t":"vec","sid":"s300","d":762},"geometry":{"type":"LineString","coordinates":[[18.48373,50.04566],[18.493635,50.043117]]}},{"type":"Feature","properties":{"t":"gps","sid":"s300"},"geometry":{"type":"Point","coordinates":[18.48373,50.04566]}},{"type":"Feature","properties":{"t":"sch","sid":"s300","name":"Radlin Korfantego Makuszyńskiego","imp":0.162,"d":762},"geometry":{"type":"Point","coordinates":[18.493635,50.043117]}},{"type":"Feature","properties":{"t":"vec","sid":"s301","d":8856},"geometry":{"type":"LineString","coordinates":[[18.579525,50.19821],[18.573619,50.118654]]}},{"type":"Feature","properties":{"t":"gps","sid":"s301"},"geometry":{"type":"Point","coordinates":[18.579525,50.19821]}},{"type":"Feature","properties":{"t":"sch","sid":"s301","name":"Wilcza Skrzyżowanie","imp":0.052,"d":8856},"geometry":{"type":"Point","coordinates":[18.573619,50.118654]}},{"type":"Feature","properties":{"t":"vec","sid":"s302","d":1404},"geometry":{"type":"LineString","coordinates":[[18.552755,50.089875],[18.559898,50.078113]]}},{"type":"Feature","properties":{"t":"gps","sid":"s302"},"geometry":{"type":"Point","coordinates":[18.552755,50.089875]}},{"type":"Feature","properties":{"t":"sch","sid":"s302","name":"Rybnik Meksyk Kolejowa","imp":0.07,"d":1404},"geometry":{"type":"Point","coordinates":[18.559898,50.078113]}},{"type":"Feature","properties":{"t":"vec","sid":"s303","d":1085},"geometry":{"type":"LineString","coordinates":[[18.482753,50.04836],[18.496781,50.044622]]}},{"type":"Feature","properties":{"t":"gps","sid":"s303"},"geometry":{"type":"Point","coordinates":[18.482753,50.04836]}},{"type":"Feature","properties":{"t":"sch","sid":"s303","name":"Radlin Miasteczko Ruchu Drogowego","imp":0.096,"d":1085},"geometry":{"type":"Point","coordinates":[18.496781,50.044622]}},{"type":"Feature","properties":{"t":"vec","sid":"s304","d":453},"geometry":{"type":"LineString","coordinates":[[18.496233,50.045873],[18.50227,50.044622]]}},{"type":"Feature","properties":{"t":"gps","sid":"s304"},"geometry":{"type":"Point","coordinates":[18.496233,50.045873]}},{"type":"Feature","properties":{"t":"sch","sid":"s304","name":"Radlin Ośrodek Zdrowia","imp":0.113,"d":453},"geometry":{"type":"Point","coordinates":[18.50227,50.044622]}},{"type":"Feature","properties":{"t":"vec","sid":"s305","d":6955},"geometry":{"type":"LineString","coordinates":[[18.4402,50.14496],[18.489353,50.090968]]}},{"type":"Feature","properties":{"t":"gps","sid":"s305"},"geometry":{"type":"Point","coordinates":[18.4402,50.14496]}},{"type":"Feature","properties":{"t":"sch","sid":"s305","name":"Zwonowice Dębce","imp":0.048,"d":6955},"geometry":{"type":"Point","coordinates":[18.489353,50.090968]}},{"type":"Feature","properties":{"t":"vec","sid":"s306","d":7699},"geometry":{"type":"LineString","coordinates":[[18.39619,50.132495],[18.47523,50.085422]]}},{"type":"Feature","properties":{"t":"gps","sid":"s306"},"geometry":{"type":"Point","coordinates":[18.39619,50.132495]}},{"type":"Feature","properties":{"t":"sch","sid":"s306","name":"Lyski Las","imp":0.048,"d":7699},"geometry":{"type":"Point","coordinates":[18.47523,50.085422]}},{"type":"Feature","properties":{"t":"vec","sid":"s307","d":869},"geometry":{"type":"LineString","coordinates":[[18.61789,50.07791],[18.612038,50.071062]]}},{"type":"Feature","properties":{"t":"gps","sid":"s307"},"geometry":{"type":"Point","coordinates":[18.61789,50.07791]}},{"type":"Feature","properties":{"t":"sch","sid":"s307","name":"Rybnik Gotartowice Zgodna","imp":0.125,"d":869},"geometry":{"type":"Point","coordinates":[18.612038,50.071062]}},{"type":"Feature","properties":{"t":"vec","sid":"s308","d":1823},"geometry":{"type":"LineString","coordinates":[[18.52341,50.09697],[18.532456,50.081638]]}},{"type":"Feature","properties":{"t":"gps","sid":"s308"},"geometry":{"type":"Point","coordinates":[18.52341,50.09697]}},{"type":"Feature","properties":{"t":"sch","sid":"s308","name":"Rybnik Maroko Nowiny Zielona","imp":0.143,"d":1823},"geometry":{"type":"Point","coordinates":[18.532456,50.081638]}},{"type":"Feature","properties":{"t":"vec","sid":"s309","d":775},"geometry":{"type":"LineString","coordinates":[[18.61261,50.08037],[18.60655,50.074587]]}},{"type":"Feature","properties":{"t":"gps","sid":"s309"},"geometry":{"type":"Point","coordinates":[18.61261,50.08037]}},{"type":"Feature","properties":{"t":"sch","sid":"s309","name":"Rybnik Gotartowice Rondo Sygnały","imp":0.153,"d":775},"geometry":{"type":"Point","coordinates":[18.60655,50.074587]}},{"type":"Feature","properties":{"t":"vec","sid":"s310","d":442},"geometry":{"type":"LineString","coordinates":[[18.51638,50.05218],[18.520408,50.055198]]}},{"type":"Feature","properties":{"t":"gps","sid":"s310"},"geometry":{"type":"Point","coordinates":[18.51638,50.05218]}},{"type":"Feature","properties":{"t":"sch","sid":"s310","name":"Rybnik Popielów Cmentarz","imp":0.048,"d":442},"geometry":{"type":"Point","coordinates":[18.520408,50.055198]}},{"type":"Feature","properties":{"t":"vec","sid":"s311","d":1685},"geometry":{"type":"LineString","coordinates":[[18.565925,50.10201],[18.568131,50.086926]]}},{"type":"Feature","properties":{"t":"gps","sid":"s311"},"geometry":{"type":"Point","coordinates":[18.565925,50.10201]}},{"type":"Feature","properties":{"t":"sch","sid":"s311","name":"Rybnik Paruszowiec Piaski Dworzec Kolejowy","imp":0.275,"d":1685},"geometry":{"type":"Point","coordinates":[18.568131,50.086926]}},{"type":"Feature","properties":{"t":"vec","sid":"s312","d":1081},"geometry":{"type":"LineString","coordinates":[[18.50947,50.08008],[18.519539,50.072825]]}},{"type":"Feature","properties":{"t":"gps","sid":"s312"},"geometry":{"type":"Point","coordinates":[18.50947,50.08008]}},{"type":"Feature","properties":{"t":"sch","sid":"s312","name":"Rybnik Zamysłów Pod Lasem","imp":0.048,"d":1081},"geometry":{"type":"Point","coordinates":[18.519539,50.072825]}},{"type":"Feature","properties":{"t":"vec","sid":"s313","d":2807},"geometry":{"type":"LineString","coordinates":[[18.49291,50.101155],[18.51405,50.079875]]}},{"type":"Feature","properties":{"t":"gps","sid":"s313"},"geometry":{"type":"Point","coordinates":[18.49291,50.101155]}},{"type":"Feature","properties":{"t":"sch","sid":"s313","name":"Rybnik Zebrzydowice Zebrzydowicka","imp":0.133,"d":2807},"geometry":{"type":"Point","coordinates":[18.51405,50.079875]}},{"type":"Feature","properties":{"t":"vec","sid":"s314","d":414},"geometry":{"type":"LineString","coordinates":[[18.606865,50.0562],[18.61244,50.057219]]}},{"type":"Feature","properties":{"t":"gps","sid":"s314"},"geometry":{"type":"Point","coordinates":[18.606865,50.0562]}},{"type":"Feature","properties":{"t":"sch","sid":"s314","name":"Rybnik Boguszowice Stare Zadumy","imp":0.048,"d":414},"geometry":{"type":"Point","coordinates":[18.61244,50.057219]}},{"type":"Feature","properties":{"t":"vec","sid":"s315","d":3987},"geometry":{"type":"LineString","coordinates":[[18.419787,50.067733],[18.472084,50.055198]]}},{"type":"Feature","properties":{"t":"gps","sid":"s315"},"geometry":{"type":"Point","coordinates":[18.419787,50.067733]}},{"type":"Feature","properties":{"t":"sch","sid":"s315","name":"Rydułtowy Ładna","imp":0.238,"d":3987},"geometry":{"type":"Point","coordinates":[18.472084,50.055198]}},{"type":"Feature","properties":{"t":"vec","sid":"s316","d":5116},"geometry":{"type":"LineString","coordinates":[[18.638827,50.140173],[18.612038,50.097502]]}},{"type":"Feature","properties":{"t":"gps","sid":"s316"},"geometry":{"type":"Point","coordinates":[18.638827,50.140173]}},{"type":"Feature","properties":{"t":"sch","sid":"s316","name":"Leszczyny Skrzyżowanie","imp":0.159,"d":5116},"geometry":{"type":"Point","coordinates":[18.612038,50.097502]}},{"type":"Feature","properties":{"t":"vec","sid":"s317","d":1851},"geometry":{"type":"LineString","coordinates":[[18.57765,50.1032],[18.572169,50.086926]]}},{"type":"Feature","properties":{"t":"gps","sid":"s317"},"geometry":{"type":"Point","coordinates":[18.57765,50.1032]}},{"type":"Feature","properties":{"t":"sch","sid":"s317","name":"Rybnik Paruszowiec Piaski Stawowa","imp":0.062,"d":1851},"geometry":{"type":"Point","coordinates":[18.572169,50.086926]}},{"type":"Feature","properties":{"t":"vec","sid":"s318","d":2972},"geometry":{"type":"LineString","coordinates":[[18.45943,50.08061],[18.494037,50.065774]]}},{"type":"Feature","properties":{"t":"gps","sid":"s318"},"geometry":{"type":"Point","coordinates":[18.45943,50.08061]}},{"type":"Feature","properties":{"t":"sch","sid":"s318","name":"Rydułtowy Bednorz","imp":0.189,"d":2972},"geometry":{"type":"Point","coordinates":[18.494037,50.065774]}},{"type":"Feature","properties":{"t":"vec","sid":"s319","d":2178},"geometry":{"type":"LineString","coordinates":[[18.688608,50.044905],[18.65869,50.041097]]}},{"type":"Feature","properties":{"t":"gps","sid":"s319"},"geometry":{"type":"Point","coordinates":[18.688608,50.044905]}},{"type":"Feature","properties":{"t":"sch","sid":"s319","name":"Al. Niepodległości","imp":0.252,"d":2178},"geometry":{"type":"Point","coordinates":[18.65869,50.041097]}},{"type":"Feature","properties":{"t":"vec","sid":"s320","d":2390},"geometry":{"type":"LineString","coordinates":[[18.6864,50.029575],[18.653201,50.032283]]}},{"type":"Feature","properties":{"t":"gps","sid":"s320"},"geometry":{"type":"Point","coordinates":[18.6864,50.029575]}},{"type":"Feature","properties":{"t":"sch","sid":"s320","name":"Al. Jana Pawła II Bajerówka","imp":0.24,"d":2390},"geometry":{"type":"Point","coordinates":[18.653201,50.032283]}},{"type":"Feature","properties":{"t":"vec","sid":"s321","d":1507},"geometry":{"type":"LineString","coordinates":[[18.67415,50.02336],[18.653201,50.021707]]}},{"type":"Feature","properties":{"t":"gps","sid":"s321"},"geometry":{"type":"Point","coordinates":[18.67415,50.02336]}},{"type":"Feature","properties":{"t":"sch","sid":"s321","name":"Al. Jana Pawła II - Towarowa","imp":0.122,"d":1507},"geometry":{"type":"Point","coordinates":[18.653201,50.021707]}},{"type":"Feature","properties":{"t":"vec","sid":"s322","d":2542},"geometry":{"type":"LineString","coordinates":[[18.699146,50.047096],[18.664178,50.042859]]}},{"type":"Feature","properties":{"t":"gps","sid":"s322"},"geometry":{"type":"Point","coordinates":[18.699146,50.047096]}},{"type":"Feature","properties":{"t":"sch","sid":"s322","name":"Dworcowa","imp":0.159,"d":2542},"geometry":{"type":"Point","coordinates":[18.664178,50.042859]}},{"type":"Feature","properties":{"t":"vec","sid":"s323","d":2764},"geometry":{"type":"LineString","coordinates":[[18.70703,50.0524],[18.66902,50.047732]]}},{"type":"Feature","properties":{"t":"gps","sid":"s323"},"geometry":{"type":"Point","coordinates":[18.70703,50.0524]}},{"type":"Feature","properties":{"t":"sch","sid":"s323","name":"Mikołowska - Dębowa","imp":0.048,"d":2764},"geometry":{"type":"Point","coordinates":[18.66902,50.047732]}},{"type":"Feature","properties":{"t":"vec","sid":"s324","d":2893},"geometry":{"type":"LineString","coordinates":[[18.711745,50.05612],[18.672411,50.04991]]}},{"type":"Feature","properties":{"t":"gps","sid":"s324"},"geometry":{"type":"Point","coordinates":[18.711745,50.05612]}},{"type":"Feature","properties":{"t":"sch","sid":"s324","name":"Boczna - Klonowa","imp":0.07,"d":2893},"geometry":{"type":"Point","coordinates":[18.672411,50.04991]}},{"type":"Feature","properties":{"t":"vec","sid":"s325","d":2723},"geometry":{"type":"LineString","coordinates":[[18.70778,50.05763],[18.672411,50.048492]]}},{"type":"Feature","properties":{"t":"gps","sid":"s325"},"geometry":{"type":"Point","coordinates":[18.70778,50.05763]}},{"type":"Feature","properties":{"t":"sch","sid":"s325","name":"Boczna - Park Przemysłowy","imp":0.048,"d":2723},"geometry":{"type":"Point","coordinates":[18.672411,50.048492]}},{"type":"Feature","properties":{"t":"vec","sid":"s326","d":2538},"geometry":{"type":"LineString","coordinates":[[18.705435,50.05356],[18.671228,50.047388]]}},{"type":"Feature","properties":{"t":"gps","sid":"s326"},"geometry":{"type":"Point","coordinates":[18.705435,50.05356]}},{"type":"Feature","properties":{"t":"sch","sid":"s326","name":"Brzozowa","imp":0.048,"d":2538},"geometry":{"type":"Point","coordinates":[18.671228,50.047388]}},{"type":"Feature","properties":{"t":"vec","sid":"s327","d":2837},"geometry":{"type":"LineString","coordinates":[[18.713615,50.04922],[18.675155,50.042859]]}},{"type":"Feature","properties":{"t":"gps","sid":"s327"},"geometry":{"type":"Point","coordinates":[18.713615,50.04922]}},{"type":"Feature","properties":{"t":"sch","sid":"s327","name":"Leśna Miasteczko Westernowe","imp":0.07,"d":2837},"geometry":{"type":"Point","coordinates":[18.675155,50.042859]}},{"type":"Feature","properties":{"t":"vec","sid":"s328","d":2263},"geometry":{"type":"LineString","coordinates":[[18.695595,50.036658],[18.664178,50.034046]]}},{"type":"Feature","properties":{"t":"gps","sid":"s328"},"geometry":{"type":"Point","coordinates":[18.695595,50.036658]}},{"type":"Feature","properties":{"t":"sch","sid":"s328","name":"Osińska Korfantego","imp":0.094,"d":2263},"geometry":{"type":"Point","coordinates":[18.664178,50.034046]}},{"type":"Feature","properties":{"t":"vec","sid":"s329","d":1213},"geometry":{"type":"LineString","coordinates":[[18.59173,50.02821],[18.608065,50.025233]]}},{"type":"Feature","properties":{"t":"gps","sid":"s329"},"geometry":{"type":"Point","coordinates":[18.59173,50.02821]}},{"type":"Feature","properties":{"t":"sch","sid":"s329","name":"Skrzyżowanie","imp":0.048,"d":1213},"geometry":{"type":"Point","coordinates":[18.608065,50.025233]}},{"type":"Feature","properties":{"t":"vec","sid":"s330","d":1879},"geometry":{"type":"LineString","coordinates":[[18.681955,50.04009],[18.655945,50.037571]]}},{"type":"Feature","properties":{"t":"gps","sid":"s330"},"geometry":{"type":"Point","coordinates":[18.681955,50.04009]}},{"type":"Feature","properties":{"t":"sch","sid":"s330","name":"Dąbrowskiego","imp":0.094,"d":1879},"geometry":{"type":"Point","coordinates":[18.655945,50.037571]}},{"type":"Feature","properties":{"t":"vec","sid":"s331","d":1124},"geometry":{"type":"LineString","coordinates":[[18.655673,50.055113],[18.640311,50.052901]]}},{"type":"Feature","properties":{"t":"gps","sid":"s331"},"geometry":{"type":"Point","coordinates":[18.655673,50.055113]}},{"type":"Feature","properties":{"t":"sch","sid":"s331","name":"Reja","imp":0.048,"d":1124},"geometry":{"type":"Point","coordinates":[18.640311,50.052901]}},{"type":"Feature","properties":{"t":"vec","sid":"s332","d":1584},"geometry":{"type":"LineString","coordinates":[[18.658317,50.0641],[18.63948,50.056583]]}},{"type":"Feature","properties":{"t":"gps","sid":"s332"},"geometry":{"type":"Point","coordinates":[18.658317,50.0641]}},{"type":"Feature","properties":{"t":"sch","sid":"s332","name":"Rondo Gliwickie","imp":0.048,"d":1584},"geometry":{"type":"Point","coordinates":[18.63948,50.056583]}},{"type":"Feature","properties":{"t":"vec","sid":"s333","d":2076},"geometry":{"type":"LineString","coordinates":[[18.68981,50.028038],[18.660748,50.028317]]}},{"type":"Feature","properties":{"t":"gps","sid":"s333"},"geometry":{"type":"Point","coordinates":[18.68981,50.028038]}},{"type":"Feature","properties":{"t":"sch","sid":"s333","name":"Wolontariuszy - Promienna","imp":0.062,"d":2076},"geometry":{"type":"Point","coordinates":[18.660748,50.028317]}},{"type":"Feature","properties":{"t":"vec","sid":"s334","d":2201},"geometry":{"type":"LineString","coordinates":[[18.693408,50.027335],[18.662806,50.029639]]}},{"type":"Feature","properties":{"t":"gps","sid":"s334"},"geometry":{"type":"Point","coordinates":[18.693408,50.027335]}},{"type":"Feature","properties":{"t":"sch","sid":"s334","name":"Wolontariuszy - Osińska","imp":0.062,"d":2201},"geometry":{"type":"Point","coordinates":[18.662806,50.029639]}},{"type":"Feature","properties":{"t":"vec","sid":"s335","d":2406},"geometry":{"type":"LineString","coordinates":[[18.698198,50.027833],[18.664864,50.030961]]}},{"type":"Feature","properties":{"t":"gps","sid":"s335"},"geometry":{"type":"Point","coordinates":[18.698198,50.027833]}},{"type":"Feature","properties":{"t":"sch","sid":"s335","name":"Bankowa","imp":0.062,"d":2406},"geometry":{"type":"Point","coordinates":[18.664864,50.030961]}},{"type":"Feature","properties":{"t":"vec","sid":"s336","d":1406},"geometry":{"type":"LineString","coordinates":[[18.67521,50.031957],[18.655945,50.029346]]}},{"type":"Feature","properties":{"t":"gps","sid":"s336"},"geometry":{"type":"Point","coordinates":[18.67521,50.031957]}},{"type":"Feature","properties":{"t":"sch","sid":"s336","name":"Żołnierzy Września - Parking","imp":0.062,"d":1406},"geometry":{"type":"Point","coordinates":[18.655945,50.029346]}},{"type":"Feature","properties":{"t":"vec","sid":"s337","d":1809},"geometry":{"type":"LineString","coordinates":[[18.68106,50.030845],[18.655945,50.028758]]}},{"type":"Feature","properties":{"t":"gps","sid":"s337"},"geometry":{"type":"Point","coordinates":[18.68106,50.030845]}},{"type":"Feature","properties":{"t":"sch","sid":"s337","name":"Żołnierzy Września","imp":0.079,"d":1809},"geometry":{"type":"Point","coordinates":[18.655945,50.028758]}},{"type":"Feature","properties":{"t":"vec","sid":"s338","d":1384},"geometry":{"type":"LineString","coordinates":[[18.6737,50.034918],[18.655945,50.029933]]}},{"type":"Feature","properties":{"t":"gps","sid":"s338"},"geometry":{"type":"Point","coordinates":[18.6737,50.034918]}},{"type":"Feature","properties":{"t":"sch","sid":"s338","name":"Armii Krajowej - Malinowa","imp":0.062,"d":1384},"geometry":{"type":"Point","coordinates":[18.655945,50.029933]}},{"type":"Feature","properties":{"t":"vec","sid":"s339","d":1604},"geometry":{"type":"LineString","coordinates":[[18.68362,50.03453],[18.661434,50.032283]]}},{"type":"Feature","properties":{"t":"gps","sid":"s339"},"geometry":{"type":"Point","coordinates":[18.68362,50.03453]}},{"type":"Feature","properties":{"t":"sch","sid":"s339","name":"Al. Zjednoczonej Europy - Szpital","imp":0.13,"d":1604},"geometry":{"type":"Point","coordinates":[18.661434,50.032283]}},{"type":"Feature","properties":{"t":"vec","sid":"s340","d":2635},"geometry":{"type":"LineString","coordinates":[[18.70479,50.04369],[18.668294,50.040215]]}},{"type":"Feature","properties":{"t":"gps","sid":"s340"},"geometry":{"type":"Point","coordinates":[18.70479,50.04369]}},{"type":"Feature","properties":{"t":"sch","sid":"s340","name":"Nowopszczyńska - Rondo","imp":0.062,"d":2635},"geometry":{"type":"Point","coordinates":[18.668294,50.040215]}},{"type":"Feature","properties":{"t":"vec","sid":"s341","d":3234},"geometry":{"type":"LineString","coordinates":[[18.717365,50.041048],[18.672411,50.037571]]}},{"type":"Feature","properties":{"t":"gps","sid":"s341"},"geometry":{"type":"Point","coordinates":[18.717365,50.041048]}},{"type":"Feature","properties":{"t":"sch","sid":"s341","name":"Nowopszczyńska - Wyzwolenia","imp":0.079,"d":3234},"geometry":{"type":"Point","coordinates":[18.672411,50.037571]}},{"type":"Feature","properties":{"t":"vec","sid":"s342","d":3476},"geometry":{"type":"LineString","coordinates":[[18.723088,50.040403],[18.674619,50.037571]]}},{"type":"Feature","properties":{"t":"gps","sid":"s342"},"geometry":{"type":"Point","coordinates":[18.723088,50.040403]}},{"type":"Feature","properties":{"t":"sch","sid":"s342","name":"Nowopszczyńska - Szkoła","imp":0.062,"d":3476},"geometry":{"type":"Point","coordinates":[18.674619,50.037571]}},{"type":"Feature","properties":{"t":"vec","sid":"s343","d":3978},"geometry":{"type":"LineString","coordinates":[[18.73188,50.03945],[18.676337,50.036812]]}},{"type":"Feature","properties":{"t":"gps","sid":"s343"},"geometry":{"type":"Point","coordinates":[18.73188,50.03945]}},{"type":"Feature","properties":{"t":"sch","sid":"s343","name":"Pszczyńska - Las","imp":0.062,"d":3978},"geometry":{"type":"Point","coordinates":[18.676337,50.036812]}},{"type":"Feature","properties":{"t":"vec","sid":"s344","d":4598},"geometry":{"type":"LineString","coordinates":[[18.74214,50.038523],[18.677899,50.035809]]}},{"type":"Feature","properties":{"t":"gps","sid":"s344"},"geometry":{"type":"Point","coordinates":[18.74214,50.038523]}},{"type":"Feature","properties":{"t":"sch","sid":"s344","name":"Pszczyńska - Targowa","imp":0.096,"d":4598},"geometry":{"type":"Point","coordinates":[18.677899,50.035809]}},{"type":"Feature","properties":{"t":"vec","sid":"s345","d":4874},"geometry":{"type":"LineString","coordinates":[[18.751448,50.038973],[18.683387,50.035809]]}},{"type":"Feature","properties":{"t":"gps","sid":"s345"},"geometry":{"type":"Point","coordinates":[18.751448,50.038973]}},{"type":"Feature","properties":{"t":"sch","sid":"s345","name":"Przyjazna","imp":0.07,"d":4874},"geometry":{"type":"Point","coordinates":[18.683387,50.035809]}},{"type":"Feature","properties":{"t":"vec","sid":"s346","d":4908},"geometry":{"type":"LineString","coordinates":[[18.75144,50.048985],[18.683387,50.042859]]}},{"type":"Feature","properties":{"t":"gps","sid":"s346"},"geometry":{"type":"Point","coordinates":[18.75144,50.048985]}},{"type":"Feature","properties":{"t":"sch","sid":"s346","name":"Jasna","imp":0.052,"d":4908},"geometry":{"type":"Point","coordinates":[18.683387,50.042859]}},{"type":"Feature","properties":{"t":"vec","sid":"s347","d":2246},"geometry":{"type":"LineString","coordinates":[[18.69418,50.031825],[18.662806,50.033165]]}},{"type":"Feature","properties":{"t":"gps","sid":"s347"},"geometry":{"type":"Point","coordinates":[18.69418,50.031825]}},{"type":"Feature","properties":{"t":"sch","sid":"s347","name":"Osińska - Za Targiem","imp":0.048,"d":2246},"geometry":{"type":"Point","coordinates":[18.662806,50.033165]}},{"type":"Feature","properties":{"t":"vec","sid":"s348","d":2285},"geometry":{"type":"LineString","coordinates":[[18.693575,50.029845],[18.661836,50.027253]]}},{"type":"Feature","properties":{"t":"gps","sid":"s348"},"geometry":{"type":"Point","coordinates":[18.693575,50.029845]}},{"type":"Feature","properties":{"t":"sch","sid":"s348","name":"Osińska - Wisus","imp":0.048,"d":2285},"geometry":{"type":"Point","coordinates":[18.661836,50.027253]}},{"type":"Feature","properties":{"t":"vec","sid":"s349","d":2258},"geometry":{"type":"LineString","coordinates":[[18.69336,50.02882],[18.661836,50.027253]]}},{"type":"Feature","properties":{"t":"gps","sid":"s349"},"geometry":{"type":"Point","coordinates":[18.69336,50.02882]}},{"type":"Feature","properties":{"t":"sch","sid":"s349","name":"Osińska - Żłobek","imp":0.048,"d":2258},"geometry":{"type":"Point","coordinates":[18.661836,50.027253]}},{"type":"Feature","properties":{"t":"vec","sid":"s350","d":2053},"geometry":{"type":"LineString","coordinates":[[18.69014,50.02268],[18.661434,50.021707]]}},{"type":"Feature","properties":{"t":"gps","sid":"s350"},"geometry":{"type":"Point","coordinates":[18.69014,50.02268]}},{"type":"Feature","properties":{"t":"sch","sid":"s350","name":"Główna - Spółdzielcza","imp":0.082,"d":2053},"geometry":{"type":"Point","coordinates":[18.661434,50.021707]}},{"type":"Feature","properties":{"t":"vec","sid":"s351","d":1939},"geometry":{"type":"LineString","coordinates":[[18.68851,50.01781],[18.661434,50.019063]]}},{"type":"Feature","properties":{"t":"gps","sid":"s351"},"geometry":{"type":"Point","coordinates":[18.68851,50.01781]}},{"type":"Feature","properties":{"t":"sch","sid":"s351","name":"Osińska - Warszowicka","imp":0.048,"d":1939},"geometry":{"type":"Point","coordinates":[18.661434,50.019063]}},{"type":"Feature","properties":{"t":"vec","sid":"s352","d":1927},"geometry":{"type":"LineString","coordinates":[[18.6883,50.0175],[18.661434,50.019063]]}},{"type":"Feature","properties":{"t":"gps","sid":"s352"},"geometry":{"type":"Point","coordinates":[18.6883,50.0175]}},{"type":"Feature","properties":{"t":"sch","sid":"s352","name":"Osińska - Warszowicka","imp":0.048,"d":1927},"geometry":{"type":"Point","coordinates":[18.661434,50.019063]}},{"type":"Feature","properties":{"t":"vec","sid":"s353","d":1809},"geometry":{"type":"LineString","coordinates":[[18.686508,50.01411],[18.661434,50.016419]]}},{"type":"Feature","properties":{"t":"gps","sid":"s353"},"geometry":{"type":"Point","coordinates":[18.686508,50.01411]}},{"type":"Feature","properties":{"t":"sch","sid":"s353","name":"Główna - Remiza","imp":0.065,"d":1809},"geometry":{"type":"Point","coordinates":[18.661434,50.016419]}},{"type":"Feature","properties":{"t":"vec","sid":"s354","d":1915},"geometry":{"type":"LineString","coordinates":[[18.682983,50.008253],[18.657719,50.014033]]}},{"type":"Feature","properties":{"t":"gps","sid":"s354"},"geometry":{"type":"Point","coordinates":[18.682983,50.008253]}},{"type":"Feature","properties":{"t":"sch","sid":"s354","name":"Główna - Wąwozowa","imp":0.048,"d":1915},"geometry":{"type":"Point","coordinates":[18.657719,50.014033]}},{"type":"Feature","properties":{"t":"vec","sid":"s355","d":1971},"geometry":{"type":"LineString","coordinates":[[18.681975,50.005255],[18.655945,50.011131]]}},{"type":"Feature","properties":{"t":"gps","sid":"s355"},"geometry":{"type":"Point","coordinates":[18.681975,50.005255]}},{"type":"Feature","properties":{"t":"sch","sid":"s355","name":"Główna Pętla","imp":0.101,"d":1971},"geometry":{"type":"Point","coordinates":[18.655945,50.011131]}},{"type":"Feature","properties":{"t":"vec","sid":"s356","d":2912},"geometry":{"type":"LineString","coordinates":[[18.71034,50.02169],[18.669666,50.02347]]}},{"type":"Feature","properties":{"t":"gps","sid":"s356"},"geometry":{"type":"Point","coordinates":[18.71034,50.02169]}},{"type":"Feature","properties":{"t":"sch","sid":"s356","name":"Pukowca - Strażacka","imp":0.082,"d":2912},"geometry":{"type":"Point","coordinates":[18.669666,50.02347]}},{"type":"Feature","properties":{"t":"vec","sid":"s357","d":3048},"geometry":{"type":"LineString","coordinates":[[18.71498,50.019833],[18.672411,50.021707]]}},{"type":"Feature","properties":{"t":"gps","sid":"s357"},"geometry":{"type":"Point","coordinates":[18.71498,50.019833]}},{"type":"Feature","properties":{"t":"sch","sid":"s357","name":"Pukowca - Zamkowa","imp":0.065,"d":3048},"geometry":{"type":"Point","coordinates":[18.672411,50.021707]}},{"type":"Feature","properties":{"t":"vec","sid":"s358","d":3830},"geometry":{"type":"LineString","coordinates":[[18.727393,50.015983],[18.67424,50.020532]]}},{"type":"Feature","properties":{"t":"gps","sid":"s358"},"geometry":{"type":"Point","coordinates":[18.727393,50.015983]}},{"type":"Feature","properties":{"t":"sch","sid":"s358","name":"Pukowca - Mała","imp":0.048,"d":3830},"geometry":{"type":"Point","coordinates":[18.67424,50.020532]}},{"type":"Feature","properties":{"t":"vec","sid":"s359","d":4255},"geometry":{"type":"LineString","coordinates":[[18.733918,50.01367],[18.675155,50.019945]]}},{"type":"Feature","properties":{"t":"gps","sid":"s359"},"geometry":{"type":"Point","coordinates":[18.733918,50.01367]}},{"type":"Feature","properties":{"t":"sch","sid":"s359","name":"Pukowca - Pętla","imp":0.07,"d":4255},"geometry":{"type":"Point","coordinates":[18.675155,50.019945]}},{"type":"Feature","properties":{"t":"vec","sid":"s360","d":4511},"geometry":{"type":"LineString","coordinates":[[18.738075,50.014998],[18.675155,50.018535]]}},{"type":"Feature","properties":{"t":"gps","sid":"s360"},"geometry":{"type":"Point","coordinates":[18.738075,50.014998]}},{"type":"Feature","properties":{"t":"sch","sid":"s360","name":"Dworska - Pukowca","imp":0.048,"d":4511},"geometry":{"type":"Point","coordinates":[18.675155,50.018535]}},{"type":"Feature","properties":{"t":"vec","sid":"s361","d":4611},"geometry":{"type":"LineString","coordinates":[[18.738918,50.009243],[18.675155,50.015714]]}},{"type":"Feature","properties":{"t":"gps","sid":"s361"},"geometry":{"type":"Point","coordinates":[18.738918,50.009243]}},{"type":"Feature","properties":{"t":"sch","sid":"s361","name":"Dworska - Turkusowa","imp":0.048,"d":4611},"geometry":{"type":"Point","coordinates":[18.675155,50.015714]}},{"type":"Feature","properties":{"t":"vec","sid":"s362","d":3223},"geometry":{"type":"LineString","coordinates":[[18.71466,50.015183],[18.671038,50.022589]]}},{"type":"Feature","properties":{"t":"gps","sid":"s362"},"geometry":{"type":"Point","coordinates":[18.71466,50.015183]}},{"type":"Feature","properties":{"t":"sch","sid":"s362","name":"Kawowa - Pętla","imp":0.048,"d":3223},"geometry":{"type":"Point","coordinates":[18.671038,50.022589]}},{"type":"Feature","properties":{"t":"vec","sid":"s363","d":1531},"geometry":{"type":"LineString","coordinates":[[18.672245,50.05976],[18.653201,50.053435]]}},{"type":"Feature","properties":{"t":"gps","sid":"s363"},"geometry":{"type":"Point","coordinates":[18.672245,50.05976]}},{"type":"Feature","properties":{"t":"sch","sid":"s363","name":"Wygoda Północna","imp":0.07,"d":1531},"geometry":{"type":"Point","coordinates":[18.653201,50.053435]}},{"type":"Feature","properties":{"t":"vec","sid":"s364","d":1813},"geometry":{"type":"LineString","coordinates":[[18.670583,50.057947],[18.647713,50.050867]]}},{"type":"Feature","properties":{"t":"gps","sid":"s364"},"geometry":{"type":"Point","coordinates":[18.670583,50.057947]}},{"type":"Feature","properties":{"t":"sch","sid":"s364","name":"Przemysłowa - Rybnicka","imp":0.048,"d":1813},"geometry":{"type":"Point","coordinates":[18.647713,50.050867]}},{"type":"Feature","properties":{"t":"vec","sid":"s365","d":1436},"geometry":{"type":"LineString","coordinates":[[18.668277,50.053367],[18.649487,50.048771]]}},{"type":"Feature","properties":{"t":"gps","sid":"s365"},"geometry":{"type":"Point","coordinates":[18.668277,50.053367]}},{"type":"Feature","properties":{"t":"sch","sid":"s365","name":"Przemysłowa","imp":0.048,"d":1436},"geometry":{"type":"Point","coordinates":[18.649487,50.048771]}},{"type":"Feature","properties":{"t":"vec","sid":"s366","d":1467},"geometry":{"type":"LineString","coordinates":[[18.672233,50.05018],[18.652314,50.046954]]}},{"type":"Feature","properties":{"t":"gps","sid":"s366"},"geometry":{"type":"Point","coordinates":[18.672233,50.05018]}},{"type":"Feature","properties":{"t":"sch","sid":"s366","name":"Ogniowa","imp":0.048,"d":1467},"geometry":{"type":"Point","coordinates":[18.652314,50.046954]}},{"type":"Feature","properties":{"t":"vec","sid":"s367","d":1904},"geometry":{"type":"LineString","coordinates":[[18.679105,50.040835],[18.652552,50.039334]]}},{"type":"Feature","properties":{"t":"gps","sid":"s367"},"geometry":{"type":"Point","coordinates":[18.679105,50.040835]}},{"type":"Feature","properties":{"t":"sch","sid":"s367","name":"Wodzisławska - Miła","imp":0.062,"d":1904},"geometry":{"type":"Point","coordinates":[18.652552,50.039334]}},{"type":"Feature","properties":{"t":"vec","sid":"s368","d":1404},"geometry":{"type":"LineString","coordinates":[[18.66919,50.038577],[18.649538,50.038744]]}},{"type":"Feature","properties":{"t":"gps","sid":"s368"},"geometry":{"type":"Point","coordinates":[18.66919,50.038577]}},{"type":"Feature","properties":{"t":"sch","sid":"s368","name":"Wodzisławska - Kominka","imp":0.062,"d":1404},"geometry":{"type":"Point","coordinates":[18.649538,50.038744]}},{"type":"Feature","properties":{"t":"vec","sid":"s369","d":1229},"geometry":{"type":"LineString","coordinates":[[18.664345,50.037135],[18.647139,50.037203]]}},{"type":"Feature","properties":{"t":"gps","sid":"s369"},"geometry":{"type":"Point","coordinates":[18.664345,50.037135]}},{"type":"Feature","properties":{"t":"sch","sid":"s369","name":"Wodzisławska - Zbożowa","imp":0.062,"d":1229},"geometry":{"type":"Point","coordinates":[18.647139,50.037203]}},{"type":"Feature","properties":{"t":"vec","sid":"s370","d":585},"geometry":{"type":"LineString","coordinates":[[18.65291,50.035333],[18.644739,50.035661]]}},{"type":"Feature","properties":{"t":"gps","sid":"s370"},"geometry":{"type":"Point","coordinates":[18.65291,50.035333]}},{"type":"Feature","properties":{"t":"sch","sid":"s370","name":"Wodzisławska - Kiepury","imp":0.062,"d":585},"geometry":{"type":"Point","coordinates":[18.644739,50.035661]}},{"type":"Feature","properties":{"t":"vec","sid":"s371","d":116},"geometry":{"type":"LineString","coordinates":[[18.64297,50.033157],[18.642339,50.03412]]}},{"type":"Feature","properties":{"t":"gps","sid":"s371"},"geometry":{"type":"Point","coordinates":[18.64297,50.033157]}},{"type":"Feature","properties":{"t":"sch","sid":"s371","name":"Wodzisławska - Stroma","imp":0.062,"d":116},"geometry":{"type":"Point","coordinates":[18.642339,50.03412]}},{"type":"Feature","properties":{"t":"vec","sid":"s372","d":394},"geometry":{"type":"LineString","coordinates":[[18.63465,50.031563],[18.639939,50.032578]]}},{"type":"Feature","properties":{"t":"gps","sid":"s372"},"geometry":{"type":"Point","coordinates":[18.63465,50.031563]}},{"type":"Feature","properties":{"t":"sch","sid":"s372","name":"Wodzisławska - Spokojna","imp":0.062,"d":394},"geometry":{"type":"Point","coordinates":[18.639939,50.032578]}},{"type":"Feature","properties":{"t":"vec","sid":"s373","d":648},"geometry":{"type":"LineString","coordinates":[[18.627673,50.032627],[18.636736,50.032283]]}},{"type":"Feature","properties":{"t":"gps","sid":"s373"},"geometry":{"type":"Point","coordinates":[18.627673,50.032627]}},{"type":"Feature","properties":{"t":"sch","sid":"s373","name":"Gwarków","imp":0.079,"d":648},"geometry":{"type":"Point","coordinates":[18.636736,50.032283]}},{"type":"Feature","properties":{"t":"vec","sid":"s374","d":683},"geometry":{"type":"LineString","coordinates":[[18.627173,50.037463],[18.636736,50.037571]]}},{"type":"Feature","properties":{"t":"gps","sid":"s374"},"geometry":{"type":"Point","coordinates":[18.627173,50.037463]}},{"type":"Feature","properties":{"t":"sch","sid":"s374","name":"Gwarków Osiedle","imp":0.084,"d":683},"geometry":{"type":"Point","coordinates":[18.636736,50.037571]}},{"type":"Feature","properties":{"t":"vec","sid":"s375","d":644},"geometry":{"type":"LineString","coordinates":[[18.612267,50.036663],[18.620271,50.039334]]}},{"type":"Feature","properties":{"t":"gps","sid":"s375"},"geometry":{"type":"Point","coordinates":[18.612267,50.036663]}},{"type":"Feature","properties":{"t":"sch","sid":"s375","name":"Boguszowicka","imp":0.07,"d":644},"geometry":{"type":"Point","coordinates":[18.620271,50.039334]}},{"type":"Feature","properties":{"t":"vec","sid":"s376","d":624},"geometry":{"type":"LineString","coordinates":[[18.623888,50.03216],[18.63262,50.032283]]}},{"type":"Feature","properties":{"t":"gps","sid":"s376"},"geometry":{"type":"Point","coordinates":[18.623888,50.03216]}},{"type":"Feature","properties":{"t":"sch","sid":"s376","name":"Wodzisławska - Kłokocińska","imp":0.048,"d":624},"geometry":{"type":"Point","coordinates":[18.63262,50.032283]}},{"type":"Feature","properties":{"t":"vec","sid":"s377","d":2432},"geometry":{"type":"LineString","coordinates":[[18.70371,50.034585],[18.669666,50.034046]]}},{"type":"Feature","properties":{"t":"gps","sid":"s377"},"geometry":{"type":"Point","coordinates":[18.70371,50.034585]}},{"type":"Feature","properties":{"t":"sch","sid":"s377","name":"Polska","imp":0.048,"d":2432},"geometry":{"type":"Point","coordinates":[18.669666,50.034046]}},{"type":"Feature","properties":{"t":"vec","sid":"s378","d":2320},"geometry":{"type":"LineString","coordinates":[[18.704365,50.03955],[18.672411,50.035809]]}},{"type":"Feature","properties":{"t":"gps","sid":"s378"},"geometry":{"type":"Point","coordinates":[18.704365,50.03955]}},{"type":"Feature","properties":{"t":"sch","sid":"s378","name":"Francuska","imp":0.087,"d":2320},"geometry":{"type":"Point","coordinates":[18.672411,50.035809]}},{"type":"Feature","properties":{"t":"vec","sid":"s379","d":1800},"geometry":{"type":"LineString","coordinates":[[18.68784,50.03414],[18.662806,50.032283]]}},{"type":"Feature","properties":{"t":"gps","sid":"s379"},"geometry":{"type":"Point","coordinates":[18.68784,50.03414]}},{"type":"Feature","properties":{"t":"sch","sid":"s379","name":"Al. Zjednoczonej Europy - Boryńska","imp":0.062,"d":1800},"geometry":{"type":"Point","coordinates":[18.662806,50.032283]}},{"type":"Feature","properties":{"t":"vec","sid":"s380","d":2397},"geometry":{"type":"LineString","coordinates":[[18.703055,50.03272],[18.669666,50.030521]]}},{"type":"Feature","properties":{"t":"gps","sid":"s380"},"geometry":{"type":"Point","coordinates":[18.703055,50.03272]}},{"type":"Feature","properties":{"t":"sch","sid":"s380","name":"Kościuszki - Zjedn. Europy","imp":0.079,"d":2397},"geometry":{"type":"Point","coordinates":[18.669666,50.030521]}},{"type":"Feature","properties":{"t":"vec","sid":"s381","d":3092},"geometry":{"type":"LineString","coordinates":[[18.707335,50.02561],[18.664178,50.02347]]}},{"type":"Feature","properties":{"t":"gps","sid":"s381"},"geometry":{"type":"Point","coordinates":[18.707335,50.02561]}},{"type":"Feature","properties":{"t":"sch","sid":"s381","name":"Kościuszki - Zamkowa","imp":0.079,"d":3092},"geometry":{"type":"Point","coordinates":[18.664178,50.02347]}},{"type":"Feature","properties":{"t":"vec","sid":"s382","d":2641},"geometry":{"type":"LineString","coordinates":[[18.703845,50.031765],[18.666922,50.030521]]}},{"type":"Feature","properties":{"t":"gps","sid":"s382"},"geometry":{"type":"Point","coordinates":[18.703845,50.031765]}},{"type":"Feature","properties":{"t":"sch","sid":"s382","name":"Kościuszki - Francuska","imp":0.079,"d":2641},"geometry":{"type":"Point","coordinates":[18.666922,50.030521]}},{"type":"Feature","properties":{"t":"vec","sid":"s383","d":1759},"geometry":{"type":"LineString","coordinates":[[18.68054,50.026053],[18.655945,50.025233]]}},{"type":"Feature","properties":{"t":"gps","sid":"s383"},"geometry":{"type":"Point","coordinates":[18.68054,50.026053]}},{"type":"Feature","properties":{"t":"sch","sid":"s383","name":"Al. Jana Pawła II - Spółdzielcza","imp":0.156,"d":1759},"geometry":{"type":"Point","coordinates":[18.655945,50.025233]}},{"type":"Feature","properties":{"t":"vec","sid":"s384","d":1570},"geometry":{"type":"LineString","coordinates":[[18.672405,50.022555],[18.650457,50.021707]]}},{"type":"Feature","properties":{"t":"gps","sid":"s384"},"geometry":{"type":"Point","coordinates":[18.672405,50.022555]}},{"type":"Feature","properties":{"t":"sch","sid":"s384","name":"Al. Jana Pawła II - Industrialna","imp":0.143,"d":1570},"geometry":{"type":"Point","coordinates":[18.650457,50.021707]}},{"type":"Feature","properties":{"t":"vec","sid":"s385","d":2641},"geometry":{"type":"LineString","coordinates":[[18.703135,50.04412],[18.666922,50.039334]]}},{"type":"Feature","properties":{"t":"gps","sid":"s385"},"geometry":{"type":"Point","coordinates":[18.703135,50.04412]}},{"type":"Feature","properties":{"t":"sch","sid":"s385","name":"Pszczyńska - Rondo","imp":0.096,"d":2641},"geometry":{"type":"Point","coordinates":[18.666922,50.039334]}},{"type":"Feature","properties":{"t":"vec","sid":"s386","d":2485},"geometry":{"type":"LineString","coordinates":[[18.695707,50.043173],[18.661434,50.039334]]}},{"type":"Feature","properties":{"t":"gps","sid":"s386"},"geometry":{"type":"Point","coordinates":[18.695707,50.043173]}},{"type":"Feature","properties":{"t":"sch","sid":"s386","name":"Stodolna - Cmentarz","imp":0.173,"d":2485},"geometry":{"type":"Point","coordinates":[18.661434,50.039334]}},{"type":"Feature","properties":{"t":"vec","sid":"s387","d":2264},"geometry":{"type":"LineString","coordinates":[[18.687253,50.042533],[18.655945,50.039334]]}},{"type":"Feature","properties":{"t":"gps","sid":"s387"},"geometry":{"type":"Point","coordinates":[18.687253,50.042533]}},{"type":"Feature","properties":{"t":"sch","sid":"s387","name":"Wodzisławska - Basen","imp":0.139,"d":2264},"geometry":{"type":"Point","coordinates":[18.655945,50.039334]}},{"type":"Feature","properties":{"t":"vec","sid":"s388","d":2168},"geometry":{"type":"LineString","coordinates":[[18.694515,50.032919],[18.664178,50.032283]]}},{"type":"Feature","properties":{"t":"gps","sid":"s388"},"geometry":{"type":"Point","coordinates":[18.694515,50.032919]}},{"type":"Feature","properties":{"t":"sch","sid":"s388","name":"Al. Zjednoczonej Europy - Osińska","imp":0.252,"d":2168},"geometry":{"type":"Point","coordinates":[18.664178,50.032283]}},{"type":"Feature","properties":{"t":"vec","sid":"s389","d":2282},"geometry":{"type":"LineString","coordinates":[[18.698858,50.032785],[18.666922,50.032283]]}},{"type":"Feature","properties":{"t":"gps","sid":"s389"},"geometry":{"type":"Point","coordinates":[18.698858,50.032785]}},{"type":"Feature","properties":{"t":"sch","sid":"s389","name":"Al. Zjednoczonej Europy - Okrężna","imp":0.159,"d":2282},"geometry":{"type":"Point","coordinates":[18.666922,50.032283]}},{"type":"Feature","properties":{"t":"vec","sid":"s390","d":2128},"geometry":{"type":"LineString","coordinates":[[18.687077,50.045517],[18.657317,50.044622]]}},{"type":"Feature","properties":{"t":"gps","sid":"s390"},"geometry":{"type":"Point","coordinates":[18.687077,50.045517]}},{"type":"Feature","properties":{"t":"sch","sid":"s390","name":"Al. Wojska Polskiego - Rondo","imp":0.062,"d":2128},"geometry":{"type":"Point","coordinates":[18.657317,50.044622]}},{"type":"Feature","properties":{"t":"vec","sid":"s391","d":1896},"geometry":{"type":"LineString","coordinates":[[18.679653,50.046067],[18.653201,50.044622]]}},{"type":"Feature","properties":{"t":"gps","sid":"s391"},"geometry":{"type":"Point","coordinates":[18.679653,50.046067]}},{"type":"Feature","properties":{"t":"sch","sid":"s391","name":"Al. Wojska Polskiego - Herberta","imp":0.079,"d":1896},"geometry":{"type":"Point","coordinates":[18.653201,50.044622]}},{"type":"Feature","properties":{"t":"vec","sid":"s392","d":1516},"geometry":{"type":"LineString","coordinates":[[18.669923,50.049307],[18.648905,50.047382]]}},{"type":"Feature","properties":{"t":"gps","sid":"s392"},"geometry":{"type":"Point","coordinates":[18.669923,50.049307]}},{"type":"Feature","properties":{"t":"sch","sid":"s392","name":"Folwarecka - Ogródki","imp":0.048,"d":1516},"geometry":{"type":"Point","coordinates":[18.648905,50.047382]}},{"type":"Feature","properties":{"t":"vec","sid":"s393","d":1129},"geometry":{"type":"LineString","coordinates":[[18.659793,50.052963],[18.644608,50.050142]]}},{"type":"Feature","properties":{"t":"gps","sid":"s393"},"geometry":{"type":"Point","coordinates":[18.659793,50.052963]}},{"type":"Feature","properties":{"t":"sch","sid":"s393","name":"Folwarecka - Pałki","imp":0.048,"d":1129},"geometry":{"type":"Point","coordinates":[18.644608,50.050142]}},{"type":"Feature","properties":{"t":"vec","sid":"s394","d":1351},"geometry":{"type":"LineString","coordinates":[[18.642875,50.070145],[18.628503,50.062249]]}},{"type":"Feature","properties":{"t":"gps","sid":"s394"},"geometry":{"type":"Point","coordinates":[18.642875,50.070145]}},{"type":"Feature","properties":{"t":"sch","sid":"s394","name":"Rybnicka - Granica","imp":0.088,"d":1351},"geometry":{"type":"Point","coordinates":[18.628503,50.062249]}},{"type":"Feature","properties":{"t":"vec","sid":"s395","d":1383},"geometry":{"type":"LineString","coordinates":[[18.670515,50.06253],[18.653201,50.056961]]}},{"type":"Feature","properties":{"t":"gps","sid":"s395"},"geometry":{"type":"Point","coordinates":[18.670515,50.06253]}},{"type":"Feature","properties":{"t":"sch","sid":"s395","name":"Wygoda","imp":0.087,"d":1383},"geometry":{"type":"Point","coordinates":[18.653201,50.056961]}},{"type":"Feature","properties":{"t":"vec","sid":"s396","d":2477},"geometry":{"type":"LineString","coordinates":[[18.70339,50.05157],[18.669666,50.046385]]}},{"type":"Feature","properties":{"t":"gps","sid":"s396"},"geometry":{"type":"Point","coordinates":[18.70339,50.05157]}},{"type":"Feature","properties":{"t":"sch","sid":"s396","name":"Dworzec Kolejowy","imp":0.079,"d":2477},"geometry":{"type":"Point","coordinates":[18.669666,50.046385]}},{"type":"Feature","properties":{"t":"vec","sid":"s397","d":2632},"geometry":{"type":"LineString","coordinates":[[18.70441,50.05076],[18.669666,50.042859]]}},{"type":"Feature","properties":{"t":"gps","sid":"s397"},"geometry":{"type":"Point","coordinates":[18.70441,50.05076]}},{"type":"Feature","properties":{"t":"sch","sid":"s397","name":"Leśna - Dworzec Kolejowy","imp":0.048,"d":2632},"geometry":{"type":"Point","coordinates":[18.669666,50.042859]}},{"type":"Feature","properties":{"t":"vec","sid":"s398","d":2884},"geometry":{"type":"LineString","coordinates":[[18.70502,50.05125],[18.665629,50.045554]]}},{"type":"Feature","properties":{"t":"gps","sid":"s398"},"geometry":{"type":"Point","coordinates":[18.70502,50.05125]}},{"type":"Feature","properties":{"t":"sch","sid":"s398","name":"Mikołowska - Dworzec Kolejowy","imp":0.048,"d":2884},"geometry":{"type":"Point","coordinates":[18.665629,50.045554]}},{"type":"Feature","properties":{"t":"vec","sid":"s399","d":2199},"geometry":{"type":"LineString","coordinates":[[18.689467,50.038107],[18.65869,50.037571]]}},{"type":"Feature","properties":{"t":"gps","sid":"s399"},"geometry":{"type":"Point","coordinates":[18.689467,50.038107]}},{"type":"Feature","properties":{"t":"sch","sid":"s399","name":"Al. Jana Pawła II - Sąd","imp":0.21,"d":2199},"geometry":{"type":"Point","coordinates":[18.65869,50.037571]}},{"type":"Feature","properties":{"t":"vec","sid":"s400","d":1886},"geometry":{"type":"LineString","coordinates":[[18.681805,50.03747],[18.655945,50.034046]]}},{"type":"Feature","properties":{"t":"gps","sid":"s400"},"geometry":{"type":"Point","coordinates":[18.681805,50.03747]}},{"type":"Feature","properties":{"t":"sch","sid":"s400","name":"Dąbrowskiego - Szkoła","imp":0.079,"d":1886},"geometry":{"type":"Point","coordinates":[18.655945,50.034046]}},{"type":"Feature","properties":{"t":"vec","sid":"s401","d":1670},"geometry":{"type":"LineString","coordinates":[[18.682065,50.035555],[18.65869,50.035809]]}},{"type":"Feature","properties":{"t":"gps","sid":"s401"},"geometry":{"type":"Point","coordinates":[18.682065,50.035555]}},{"type":"Feature","properties":{"t":"sch","sid":"s401","name":"Dąbrowskiego - Targowisko","imp":0.079,"d":1670},"geometry":{"type":"Point","coordinates":[18.65869,50.035809]}},{"type":"Feature","properties":{"t":"vec","sid":"s402","d":2033},"geometry":{"type":"LineString","coordinates":[[18.687153,50.027163],[18.65869,50.026995]]}},{"type":"Feature","properties":{"t":"gps","sid":"s402"},"geometry":{"type":"Point","coordinates":[18.687153,50.027163]}},{"type":"Feature","properties":{"t":"sch","sid":"s402","name":"Okrężna - Promienna","imp":0.079,"d":2033},"geometry":{"type":"Point","coordinates":[18.65869,50.026995]}},{"type":"Feature","properties":{"t":"vec","sid":"s403","d":1750},"geometry":{"type":"LineString","coordinates":[[18.679483,50.03489],[18.655945,50.030521]]}},{"type":"Feature","properties":{"t":"gps","sid":"s403"},"geometry":{"type":"Point","coordinates":[18.679483,50.03489]}},{"type":"Feature","properties":{"t":"sch","sid":"s403","name":"Al. Zjednoczonej Europy - Archiwum","imp":0.132,"d":1750},"geometry":{"type":"Point","coordinates":[18.655945,50.030521]}},{"type":"Feature","properties":{"t":"vec","sid":"s404","d":2879},"geometry":{"type":"LineString","coordinates":[[18.70723,50.025325],[18.666922,50.025233]]}},{"type":"Feature","properties":{"t":"gps","sid":"s404"},"geometry":{"type":"Point","coordinates":[18.70723,50.025325]}},{"type":"Feature","properties":{"t":"sch","sid":"s404","name":"Kościuszki - Owocowa","imp":0.079,"d":2879},"geometry":{"type":"Point","coordinates":[18.666922,50.025233]}},{"type":"Feature","properties":{"t":"vec","sid":"s405","d":425},"geometry":{"type":"LineString","coordinates":[[18.62544,50.042033],[18.631247,50.042859]]}},{"type":"Feature","properties":{"t":"gps","sid":"s405"},"geometry":{"type":"Point","coordinates":[18.62544,50.042033]}},{"type":"Feature","properties":{"t":"sch","sid":"s405","name":"Górnicza - Basen","imp":0.052,"d":425},"geometry":{"type":"Point","coordinates":[18.631247,50.042859]}},{"type":"Feature","properties":{"t":"vec","sid":"s406","d":843},"geometry":{"type":"LineString","coordinates":[[18.6167,50.032365],[18.628503,50.032283]]}},{"type":"Feature","properties":{"t":"gps","sid":"s406"},"geometry":{"type":"Point","coordinates":[18.6167,50.032365]}},{"type":"Feature","properties":{"t":"sch","sid":"s406","name":"Wodzisławska - Boguszowicka","imp":0.065,"d":843},"geometry":{"type":"Point","coordinates":[18.628503,50.032283]}},{"type":"Feature","properties":{"t":"vec","sid":"s407","d":1204},"geometry":{"type":"LineString","coordinates":[[18.60478,50.03168],[18.61967,50.026609]]}},{"type":"Feature","properties":{"t":"gps","sid":"s407"},"geometry":{"type":"Point","coordinates":[18.60478,50.03168]}},{"type":"Feature","properties":{"t":"sch","sid":"s407","name":"Wodzisławska - Jankowicka","imp":0.048,"d":1204},"geometry":{"type":"Point","coordinates":[18.61967,50.026609]}},{"type":"Feature","properties":{"t":"vec","sid":"s408","d":4542},"geometry":{"type":"LineString","coordinates":[[18.738427,50.013003],[18.675155,50.017124]]}},{"type":"Feature","properties":{"t":"gps","sid":"s408"},"geometry":{"type":"Point","coordinates":[18.738427,50.013003]}},{"type":"Feature","properties":{"t":"sch","sid":"s408","name":"Dworska - Podlesie","imp":0.048,"d":4542},"geometry":{"type":"Point","coordinates":[18.675155,50.017124]}},{"type":"Feature","properties":{"t":"vec","sid":"s409","d":4672},"geometry":{"type":"LineString","coordinates":[[18.737933,50.0025],[18.675155,50.014304]]}},{"type":"Feature","properties":{"t":"gps","sid":"s409"},"geometry":{"type":"Point","coordinates":[18.737933,50.0025]}},{"type":"Feature","properties":{"t":"sch","sid":"s409","name":"Szoszowska - Dworska","imp":0.048,"d":4672},"geometry":{"type":"Point","coordinates":[18.675155,50.014304]}},{"type":"Feature","properties":{"t":"vec","sid":"s410","d":4241},"geometry":{"type":"LineString","coordinates":[[18.73268,50.00343],[18.675155,50.012894]]}},{"type":"Feature","properties":{"t":"gps","sid":"s410"},"geometry":{"type":"Point","coordinates":[18.73268,50.00343]}},{"type":"Feature","properties":{"t":"sch","sid":"s410","name":"Szoszowy - Stalmacha","imp":0.052,"d":4241},"geometry":{"type":"Point","coordinates":[18.675155,50.012894]}},{"type":"Feature","properties":{"t":"vec","sid":"s411","d":3357},"geometry":{"type":"LineString","coordinates":[[18.72008,50.01802],[18.673325,50.02112]]}},{"type":"Feature","properties":{"t":"gps","sid":"s411"},"geometry":{"type":"Point","coordinates":[18.72008,50.01802]}},{"type":"Feature","properties":{"t":"sch","sid":"s411","name":"Pukowca - Szoszowska","imp":0.048,"d":3357},"geometry":{"type":"Point","coordinates":[18.673325,50.02112]}},{"type":"Feature","properties":{"t":"vec","sid":"s412","d":7503},"geometry":{"type":"LineString","coordinates":[[18.36853,49.97459],[18.466595,49.998793]]}},{"type":"Feature","properties":{"t":"gps","sid":"s412"},"geometry":{"type":"Point","coordinates":[18.36853,49.97459]}},{"type":"Feature","properties":{"t":"sch","sid":"s412","name":"BEŁSZNICA, RACIBORSKA POLNA","imp":0.048,"d":7503},"geometry":{"type":"Point","coordinates":[18.466595,49.998793]}},{"type":"Feature","properties":{"t":"vec","sid":"s413","d":7244},"geometry":{"type":"LineString","coordinates":[[18.36823,49.97483],[18.461643,50.000211]]}},{"type":"Feature","properties":{"t":"gps","sid":"s413"},"geometry":{"type":"Point","coordinates":[18.36823,49.97483]}},{"type":"Feature","properties":{"t":"sch","sid":"s413","name":"BEŁSZNICA, RACIBORSKA POLNA","imp":0.048,"d":7244},"geometry":{"type":"Point","coordinates":[18.461643,50.000211]}},{"type":"Feature","properties":{"t":"vec","sid":"s414","d":7639},"geometry":{"type":"LineString","coordinates":[[18.35775,49.98078],[18.458363,50.004081]]}},{"type":"Feature","properties":{"t":"gps","sid":"s414"},"geometry":{"type":"Point","coordinates":[18.35775,49.98078]}},{"type":"Feature","properties":{"t":"sch","sid":"s414","name":"BEŁSZNICA, RACIBORSKA STAWOWA","imp":0.065,"d":7639},"geometry":{"type":"Point","coordinates":[18.458363,50.004081]}},{"type":"Feature","properties":{"t":"vec","sid":"s415","d":7768},"geometry":{"type":"LineString","coordinates":[[18.35769,49.9807],[18.461107,50.002318]]}},{"type":"Feature","properties":{"t":"gps","sid":"s415"},"geometry":{"type":"Point","coordinates":[18.35769,49.9807]}},{"type":"Feature","properties":{"t":"sch","sid":"s415","name":"BEŁSZNICA, RACIBORSKA STAWOWA","imp":0.048,"d":7768},"geometry":{"type":"Point","coordinates":[18.461107,50.002318]}},{"type":"Feature","properties":{"t":"vec","sid":"s416","d":7667},"geometry":{"type":"LineString","coordinates":[[18.3622,49.9784],[18.463851,50.000555]]}},{"type":"Feature","properties":{"t":"gps","sid":"s416"},"geometry":{"type":"Point","coordinates":[18.3622,49.9784]}},{"type":"Feature","properties":{"t":"sch","sid":"s416","name":"BEŁSZNICA, RACIBORSKA WAŁOWA","imp":0.048,"d":7667},"geometry":{"type":"Point","coordinates":[18.463851,50.000555]}},{"type":"Feature","properties":{"t":"vec","sid":"s417","d":7363},"geometry":{"type":"LineString","coordinates":[[18.36265,49.97839],[18.459032,50.001888]]}},{"type":"Feature","properties":{"t":"gps","sid":"s417"},"geometry":{"type":"Point","coordinates":[18.36265,49.97839]}},{"type":"Feature","properties":{"t":"sch","sid":"s417","name":"BEŁSZNICA, RACIBORSKA WAŁOWA","imp":0.048,"d":7363},"geometry":{"type":"Point","coordinates":[18.459032,50.001888]}},{"type":"Feature","properties":{"t":"vec","sid":"s418","d":7352},"geometry":{"type":"LineString","coordinates":[[18.34289,49.99937],[18.444642,50.009369]]}},{"type":"Feature","properties":{"t":"gps","sid":"s418"},"geometry":{"type":"Point","coordinates":[18.34289,49.99937]}},{"type":"Feature","properties":{"t":"sch","sid":"s418","name":"BLUSZCZÓW, POWSTAŃCÓW RACIBORSKA","imp":0.048,"d":7352},"geometry":{"type":"Point","coordinates":[18.444642,50.009369]}},{"type":"Feature","properties":{"t":"vec","sid":"s419","d":7422},"geometry":{"type":"LineString","coordinates":[[18.34281,49.99938],[18.445556,50.009369]]}},{"type":"Feature","properties":{"t":"gps","sid":"s419"},"geometry":{"type":"Point","coordinates":[18.34281,49.99938]}},{"type":"Feature","properties":{"t":"sch","sid":"s419","name":"BLUSZCZÓW, POWSTAŃCÓW RACIBORSKA","imp":0.048,"d":7422},"geometry":{"type":"Point","coordinates":[18.445556,50.009369]}},{"type":"Feature","properties":{"t":"vec","sid":"s420","d":8199},"geometry":{"type":"LineString","coordinates":[[18.33064,49.99122],[18.441897,50.009369]]}},{"type":"Feature","properties":{"t":"gps","sid":"s420"},"geometry":{"type":"Point","coordinates":[18.33064,49.99122]}},{"type":"Feature","properties":{"t":"sch","sid":"s420","name":"BLUSZCZÓW, POWSTAŃCÓW ŚRODKOWA","imp":0.07,"d":8199},"geometry":{"type":"Point","coordinates":[18.441897,50.009369]}},{"type":"Feature","properties":{"t":"vec","sid":"s421","d":10350},"geometry":{"type":"LineString","coordinates":[[18.29038,50.00783],[18.433665,50.021707]]}},{"type":"Feature","properties":{"t":"gps","sid":"s421"},"geometry":{"type":"Point","coordinates":[18.29038,50.00783]}},{"type":"Feature","properties":{"t":"sch","sid":"s421","name":"BUKÓW, GŁÓWNA OŚRODEK WYPOCZYNKOWY","imp":0.07,"d":10350},"geometry":{"type":"Point","coordinates":[18.433665,50.021707]}},{"type":"Feature","properties":{"t":"vec","sid":"s422","d":10475},"geometry":{"type":"LineString","coordinates":[[18.28899,49.99923],[18.433665,50.014657]]}},{"type":"Feature","properties":{"t":"gps","sid":"s422"},"geometry":{"type":"Point","coordinates":[18.28899,49.99923]}},{"type":"Feature","properties":{"t":"sch","sid":"s422","name":"BUKÓW, GŁÓWNA OWOCOWA","imp":0.07,"d":10475},"geometry":{"type":"Point","coordinates":[18.433665,50.014657]}},{"type":"Feature","properties":{"t":"vec","sid":"s423","d":10132},"geometry":{"type":"LineString","coordinates":[[18.29599,49.99929],[18.435494,50.015832]]}},{"type":"Feature","properties":{"t":"gps","sid":"s423"},"geometry":{"type":"Point","coordinates":[18.29599,49.99929]}},{"type":"Feature","properties":{"t":"sch","sid":"s423","name":"BUKÓW, KRZYŻANOWICKA","imp":0.048,"d":10132},"geometry":{"type":"Point","coordinates":[18.435494,50.015832]}},{"type":"Feature","properties":{"t":"vec","sid":"s424","d":6110},"geometry":{"type":"LineString","coordinates":[[18.40068,49.97606],[18.48306,49.990863]]}},{"type":"Feature","properties":{"t":"gps","sid":"s424"},"geometry":{"type":"Point","coordinates":[18.40068,49.97606]}},{"type":"Feature","properties":{"t":"sch","sid":"s424","name":"CZYŻOWICE, GORZYCKA","imp":0.048,"d":6110},"geometry":{"type":"Point","coordinates":[18.48306,49.990863]}},{"type":"Feature","properties":{"t":"vec","sid":"s425","d":5902},"geometry":{"type":"LineString","coordinates":[[18.40074,49.97601],[18.480316,49.990313]]}},{"type":"Feature","properties":{"t":"gps","sid":"s425"},"geometry":{"type":"Point","coordinates":[18.40074,49.97601]}},{"type":"Feature","properties":{"t":"sch","sid":"s425","name":"CZYŻOWICE, GORZYCKA","imp":0.048,"d":5902},"geometry":{"type":"Point","coordinates":[18.480316,49.990313]}},{"type":"Feature","properties":{"t":"vec","sid":"s431","d":4870},"geometry":{"type":"LineString","coordinates":[[18.41695,49.98574],[18.48306,49.996444]]}},{"type":"Feature","properties":{"t":"gps","sid":"s431"},"geometry":{"type":"Point","coordinates":[18.41695,49.98574]}},{"type":"Feature","properties":{"t":"sch","sid":"s431","name":"CZYŻOWICE, WODZISŁAWSKA MARKET","imp":0.048,"d":4870},"geometry":{"type":"Point","coordinates":[18.48306,49.996444]}},{"type":"Feature","properties":{"t":"vec","sid":"s432","d":4703},"geometry":{"type":"LineString","coordinates":[[18.41639,49.98581],[18.480316,49.995966]]}},{"type":"Feature","properties":{"t":"gps","sid":"s432"},"geometry":{"type":"Point","coordinates":[18.41639,49.98581]}},{"type":"Feature","properties":{"t":"sch","sid":"s432","name":"CZYŻOWICE, WODZISŁAWSKA MARKET","imp":0.048,"d":4703},"geometry":{"type":"Point","coordinates":[18.480316,49.995966]}},{"type":"Feature","properties":{"t":"vec","sid":"s433","d":5519},"geometry":{"type":"LineString","coordinates":[[18.40706,49.98467],[18.48306,49.993653]]}},{"type":"Feature","properties":{"t":"gps","sid":"s433"},"geometry":{"type":"Point","coordinates":[18.40706,49.98467]}},{"type":"Feature","properties":{"t":"sch","sid":"s433","name":"CZYŻOWICE, WODZISŁAWSKA SZKOŁA","imp":0.048,"d":5519},"geometry":{"type":"Point","coordinates":[18.48306,49.993653]}},{"type":"Feature","properties":{"t":"vec","sid":"s434","d":5365},"geometry":{"type":"LineString","coordinates":[[18.40637,49.98465],[18.480316,49.99314]]}},{"type":"Feature","properties":{"t":"gps","sid":"s434"},"geometry":{"type":"Point","coordinates":[18.40637,49.98465]}},{"type":"Feature","properties":{"t":"sch","sid":"s434","name":"CZYŻOWICE, WODZISŁAWSKA SZKOŁA","imp":0.048,"d":5365},"geometry":{"type":"Point","coordinates":[18.480316,49.99314]}},{"type":"Feature","properties":{"t":"vec","sid":"s435","d":5140},"geometry":{"type":"LineString","coordinates":[[18.48343,49.92784],[18.518735,49.968122]]}},{"type":"Feature","properties":{"t":"gps","sid":"s435"},"geometry":{"type":"Point","coordinates":[18.48343,49.92784]}},{"type":"Feature","properties":{"t":"sch","sid":"s435","name":"GODÓW, 1 MAJA DWORCOWA","imp":0.048,"d":5140},"geometry":{"type":"Point","coordinates":[18.518735,49.968122]}},{"type":"Feature","properties":{"t":"vec","sid":"s436","d":4733},"geometry":{"type":"LineString","coordinates":[[18.48336,49.9279],[18.515991,49.964949]]}},{"type":"Feature","properties":{"t":"gps","sid":"s436"},"geometry":{"type":"Point","coordinates":[18.48336,49.9279]}},{"type":"Feature","properties":{"t":"sch","sid":"s436","name":"GODÓW, 1 MAJA DWORCOWA","imp":0.048,"d":4733},"geometry":{"type":"Point","coordinates":[18.515991,49.964949]}},{"type":"Feature","properties":{"t":"vec","sid":"s437","d":5869},"geometry":{"type":"LineString","coordinates":[[18.49064,49.91474],[18.526053,49.962364]]}},{"type":"Feature","properties":{"t":"gps","sid":"s437"},"geometry":{"type":"Point","coordinates":[18.49064,49.91474]}},{"type":"Feature","properties":{"t":"sch","sid":"s437","name":"GODÓW, 1 MAJA PRZYCHODNIA","imp":0.062,"d":5869},"geometry":{"type":"Point","coordinates":[18.526053,49.962364]}},{"type":"Feature","properties":{"t":"vec","sid":"s438","d":5454},"geometry":{"type":"LineString","coordinates":[[18.49014,49.91484],[18.522773,49.959183]]}},{"type":"Feature","properties":{"t":"gps","sid":"s438"},"geometry":{"type":"Point","coordinates":[18.49014,49.91484]}},{"type":"Feature","properties":{"t":"sch","sid":"s438","name":"GODÓW, 1 MAJA PRZYCHODNIA","imp":0.062,"d":5454},"geometry":{"type":"Point","coordinates":[18.522773,49.959183]}},{"type":"Feature","properties":{"t":"vec","sid":"s439","d":4785},"geometry":{"type":"LineString","coordinates":[[18.48657,49.93143],[18.518735,49.96918]]}},{"type":"Feature","properties":{"t":"gps","sid":"s439"},"geometry":{"type":"Point","coordinates":[18.48657,49.93143]}},{"type":"Feature","properties":{"t":"sch","sid":"s439","name":"GODÓW, 1 MAJA RASZCZYKOWIEC","imp":0.048,"d":4785},"geometry":{"type":"Point","coordinates":[18.518735,49.96918]}},{"type":"Feature","properties":{"t":"vec","sid":"s440","d":4425},"geometry":{"type":"LineString","coordinates":[[18.48646,49.93138],[18.515991,49.96636]]}},{"type":"Feature","properties":{"t":"gps","sid":"s440"},"geometry":{"type":"Point","coordinates":[18.48646,49.93138]}},{"type":"Feature","properties":{"t":"sch","sid":"s440","name":"GODÓW, 1 MAJA RASZCZYKOWIEC","imp":0.048,"d":4425},"geometry":{"type":"Point","coordinates":[18.515991,49.96636]}},{"type":"Feature","properties":{"t":"vec","sid":"s441","d":5681},"geometry":{"type":"LineString","coordinates":[[18.47846,49.92301],[18.518735,49.967065]]}},{"type":"Feature","properties":{"t":"gps","sid":"s441"},"geometry":{"type":"Point","coordinates":[18.47846,49.92301]}},{"type":"Feature","properties":{"t":"sch","sid":"s441","name":"GODÓW, 1 MAJA RONDO","imp":0.079,"d":5681},"geometry":{"type":"Point","coordinates":[18.518735,49.967065]}},{"type":"Feature","properties":{"t":"vec","sid":"s442","d":5263},"geometry":{"type":"LineString","coordinates":[[18.47836,49.92285],[18.515991,49.963539]]}},{"type":"Feature","properties":{"t":"gps","sid":"s442"},"geometry":{"type":"Point","coordinates":[18.47836,49.92285]}},{"type":"Feature","properties":{"t":"sch","sid":"s442","name":"GODÓW, 1 MAJA RONDO","imp":0.079,"d":5263},"geometry":{"type":"Point","coordinates":[18.515991,49.963539]}},{"type":"Feature","properties":{"t":"vec","sid":"s443","d":5881},"geometry":{"type":"LineString","coordinates":[[18.48382,49.91799],[18.522394,49.964714]]}},{"type":"Feature","properties":{"t":"gps","sid":"s443"},"geometry":{"type":"Point","coordinates":[18.48382,49.91799]}},{"type":"Feature","properties":{"t":"sch","sid":"s443","name":"GODÓW, 1 MAJA URZĄD GMINY","imp":0.062,"d":5881},"geometry":{"type":"Point","coordinates":[18.522394,49.964714]}},{"type":"Feature","properties":{"t":"vec","sid":"s444","d":5458},"geometry":{"type":"LineString","coordinates":[[18.48366,49.91797],[18.519382,49.961361]]}},{"type":"Feature","properties":{"t":"gps","sid":"s444"},"geometry":{"type":"Point","coordinates":[18.48366,49.91797]}},{"type":"Feature","properties":{"t":"sch","sid":"s444","name":"GODÓW, 1 MAJA URZĄD GMINY","imp":0.062,"d":5458},"geometry":{"type":"Point","coordinates":[18.519382,49.961361]}},{"type":"Feature","properties":{"t":"vec","sid":"s445","d":5199},"geometry":{"type":"LineString","coordinates":[[18.47678,49.92619],[18.51211,49.967065]]}},{"type":"Feature","properties":{"t":"gps","sid":"s445"},"geometry":{"type":"Point","coordinates":[18.47678,49.92619]}},{"type":"Feature","properties":{"t":"sch","sid":"s445","name":"GODÓW, POWSTAŃCÓW ŚLĄSKICH","imp":0.048,"d":5199},"geometry":{"type":"Point","coordinates":[18.51211,49.967065]}},{"type":"Feature","properties":{"t":"vec","sid":"s446","d":4845},"geometry":{"type":"LineString","coordinates":[[18.4769,49.9259],[18.509754,49.96402]]}},{"type":"Feature","properties":{"t":"gps","sid":"s446"},"geometry":{"type":"Point","coordinates":[18.4769,49.9259]}},{"type":"Feature","properties":{"t":"sch","sid":"s446","name":"GODÓW, POWSTAŃCÓW ŚLĄSKICH","imp":0.048,"d":4845},"geometry":{"type":"Point","coordinates":[18.509754,49.96402]}},{"type":"Feature","properties":{"t":"vec","sid":"s447","d":5772},"geometry":{"type":"LineString","coordinates":[[18.49919,49.91195],[18.529712,49.960014]]}},{"type":"Feature","properties":{"t":"gps","sid":"s447"},"geometry":{"type":"Point","coordinates":[18.49919,49.91195]}},{"type":"Feature","properties":{"t":"sch","sid":"s447","name":"GOŁKOWICE, 1 MAJA KOŚCIÓŁ","imp":0.079,"d":5772},"geometry":{"type":"Point","coordinates":[18.529712,49.960014]}},{"type":"Feature","properties":{"t":"vec","sid":"s448","d":5526},"geometry":{"type":"LineString","coordinates":[[18.49913,49.91188],[18.526968,49.958251]]}},{"type":"Feature","properties":{"t":"gps","sid":"s448"},"geometry":{"type":"Point","coordinates":[18.49913,49.91188]}},{"type":"Feature","properties":{"t":"sch","sid":"s448","name":"GOŁKOWICE, 1 MAJA KOŚCIÓŁ","imp":0.079,"d":5526},"geometry":{"type":"Point","coordinates":[18.526968,49.958251]}},{"type":"Feature","properties":{"t":"vec","sid":"s451","d":5682},"geometry":{"type":"LineString","coordinates":[[18.50456,49.91206],[18.532021,49.960014]]}},{"type":"Feature","properties":{"t":"gps","sid":"s451"},"geometry":{"type":"Point","coordinates":[18.50456,49.91206]}},{"type":"Feature","properties":{"t":"sch","sid":"s451","name":"GOŁKOWICE, 1 MAJA STRAŻACKA","imp":0.048,"d":5682},"geometry":{"type":"Point","coordinates":[18.532021,49.960014]}},{"type":"Feature","properties":{"t":"vec","sid":"s452","d":5457},"geometry":{"type":"LineString","coordinates":[[18.50432,49.91195],[18.529665,49.958251]]}},{"type":"Feature","properties":{"t":"gps","sid":"s452"},"geometry":{"type":"Point","coordinates":[18.50432,49.91195]}},{"type":"Feature","properties":{"t":"sch","sid":"s452","name":"GOŁKOWICE, 1 MAJA STRAŻACKA","imp":0.048,"d":5457},"geometry":{"type":"Point","coordinates":[18.529665,49.958251]}},{"type":"Feature","properties":{"t":"vec","sid":"s453","d":5426},"geometry":{"type":"LineString","coordinates":[[18.51036,49.91371],[18.53433,49.960014]]}},{"type":"Feature","properties":{"t":"gps","sid":"s453"},"geometry":{"type":"Point","coordinates":[18.51036,49.91371]}},{"type":"Feature","properties":{"t":"sch","sid":"s453","name":"GOŁKOWICE, 1 MAJA SZKOŁA","imp":0.048,"d":5426},"geometry":{"type":"Point","coordinates":[18.53433,49.960014]}},{"type":"Feature","properties":{"t":"vec","sid":"s454","d":5230},"geometry":{"type":"LineString","coordinates":[[18.51007,49.91345],[18.532362,49.958251]]}},{"type":"Feature","properties":{"t":"gps","sid":"s454"},"geometry":{"type":"Point","coordinates":[18.51007,49.91345]}},{"type":"Feature","properties":{"t":"sch","sid":"s454","name":"GOŁKOWICE, 1 MAJA SZKOŁA","imp":0.048,"d":5230},"geometry":{"type":"Point","coordinates":[18.532362,49.958251]}},{"type":"Feature","properties":{"t":"vec","sid":"s457","d":4293},"geometry":{"type":"LineString","coordinates":[[18.5315,49.924],[18.550033,49.960728]]}},{"type":"Feature","properties":{"t":"gps","sid":"s457"},"geometry":{"type":"Point","coordinates":[18.5315,49.924]}},{"type":"Feature","properties":{"t":"sch","sid":"s457","name":"GOŁKOWICE, 1 MAJA ŻABKÓW KRZYŻ","imp":0.048,"d":4293},"geometry":{"type":"Point","coordinates":[18.550033,49.960728]}},{"type":"Feature","properties":{"t":"vec","sid":"s458","d":4272},"geometry":{"type":"LineString","coordinates":[[18.53167,49.92393],[18.549758,49.960552]]}},{"type":"Feature","properties":{"t":"gps","sid":"s458"},"geometry":{"type":"Point","coordinates":[18.53167,49.92393]}},{"type":"Feature","properties":{"t":"sch","sid":"s458","name":"GOŁKOWICE, 1 MAJA ŻABKÓW KRZYŻ","imp":0.048,"d":4272},"geometry":{"type":"Point","coordinates":[18.549758,49.960552]}},{"type":"Feature","properties":{"t":"vec","sid":"s459","d":5934},"geometry":{"type":"LineString","coordinates":[[18.50538,49.90427],[18.532456,49.954726]]}},{"type":"Feature","properties":{"t":"gps","sid":"s459"},"geometry":{"type":"Point","coordinates":[18.50538,49.90427]}},{"type":"Feature","properties":{"t":"sch","sid":"s459","name":"GOŁKOWICE, CELNA","imp":0.052,"d":5934},"geometry":{"type":"Point","coordinates":[18.532456,49.954726]}},{"type":"Feature","properties":{"t":"vec","sid":"s460","d":6183},"geometry":{"type":"LineString","coordinates":[[18.50559,49.90424],[18.5352,49.956489]]}},{"type":"Feature","properties":{"t":"gps","sid":"s460"},"geometry":{"type":"Point","coordinates":[18.50559,49.90424]}},{"type":"Feature","properties":{"t":"sch","sid":"s460","name":"GOŁKOWICE, CELNA","imp":0.052,"d":6183},"geometry":{"type":"Point","coordinates":[18.5352,49.956489]}},{"type":"Feature","properties":{"t":"vec","sid":"s461","d":4726},"geometry":{"type":"LineString","coordinates":[[18.53435,49.91845],[18.548184,49.960014]]}},{"type":"Feature","properties":{"t":"gps","sid":"s461"},"geometry":{"type":"Point","coordinates":[18.53435,49.91845]}},{"type":"Feature","properties":{"t":"sch","sid":"s461","name":"GOŁKOWICE, GRANICZNA 1 MAJA ŻABKÓW","imp":0.048,"d":4726},"geometry":{"type":"Point","coordinates":[18.548184,49.960014]}},{"type":"Feature","properties":{"t":"vec","sid":"s462","d":4647},"geometry":{"type":"LineString","coordinates":[[18.53444,49.91843],[18.547851,49.959327]]}},{"type":"Feature","properties":{"t":"gps","sid":"s462"},"geometry":{"type":"Point","coordinates":[18.53444,49.91843]}},{"type":"Feature","properties":{"t":"sch","sid":"s462","name":"GOŁKOWICE, GRANICZNA 1 MAJA ŻABKÓW","imp":0.048,"d":4647},"geometry":{"type":"Point","coordinates":[18.547851,49.959327]}},{"type":"Feature","properties":{"t":"vec","sid":"s463","d":5410},"geometry":{"type":"LineString","coordinates":[[18.53828,49.91161],[18.545875,49.960014]]}},{"type":"Feature","properties":{"t":"gps","sid":"s463"},"geometry":{"type":"Point","coordinates":[18.53828,49.91161]}},{"type":"Feature","properties":{"t":"sch","sid":"s463","name":"GOŁKOWICE, GRANICZNA POPRZECZNA","imp":0.048,"d":5410},"geometry":{"type":"Point","coordinates":[18.545875,49.960014]}},{"type":"Feature","properties":{"t":"vec","sid":"s464","d":5215},"geometry":{"type":"LineString","coordinates":[[18.53839,49.9116],[18.545848,49.958251]]}},{"type":"Feature","properties":{"t":"gps","sid":"s464"},"geometry":{"type":"Point","coordinates":[18.53839,49.9116]}},{"type":"Feature","properties":{"t":"sch","sid":"s464","name":"GOŁKOWICE, GRANICZNA POPRZECZNA","imp":0.048,"d":5215},"geometry":{"type":"Point","coordinates":[18.545848,49.958251]}},{"type":"Feature","properties":{"t":"vec","sid":"s465","d":5374},"geometry":{"type":"LineString","coordinates":[[18.5145,49.91382],[18.536639,49.960014]]}},{"type":"Feature","properties":{"t":"gps","sid":"s465"},"geometry":{"type":"Point","coordinates":[18.5145,49.91382]}},{"type":"Feature","properties":{"t":"sch","sid":"s465","name":"GOŁKOWICE, PIOTROWICKA PIETRASZ","imp":0.048,"d":5374},"geometry":{"type":"Point","coordinates":[18.536639,49.960014]}},{"type":"Feature","properties":{"t":"vec","sid":"s466","d":5150},"geometry":{"type":"LineString","coordinates":[[18.51432,49.91389],[18.535059,49.958251]]}},{"type":"Feature","properties":{"t":"gps","sid":"s466"},"geometry":{"type":"Point","coordinates":[18.51432,49.91389]}},{"type":"Feature","properties":{"t":"sch","sid":"s466","name":"GOŁKOWICE, PIOTROWICKA PIETRASZ","imp":0.048,"d":5150},"geometry":{"type":"Point","coordinates":[18.535059,49.958251]}},{"type":"Feature","properties":{"t":"vec","sid":"s467","d":7513},"geometry":{"type":"LineString","coordinates":[[18.37386,49.95534],[18.462479,49.991742]]}},{"type":"Feature","properties":{"t":"gps","sid":"s467"},"geometry":{"type":"Point","coordinates":[18.37386,49.95534]}},{"type":"Feature","properties":{"t":"sch","sid":"s467","name":"GORZYCE, BOGUMIŃSKA BASEN","imp":0.048,"d":7513},"geometry":{"type":"Point","coordinates":[18.462479,49.991742]}},{"type":"Feature","properties":{"t":"vec","sid":"s468","d":7577},"geometry":{"type":"LineString","coordinates":[[18.36708,49.95703],[18.458363,49.991742]]}},{"type":"Feature","properties":{"t":"gps","sid":"s468"},"geometry":{"type":"Point","coordinates":[18.36708,49.95703]}},{"type":"Feature","properties":{"t":"sch","sid":"s468","name":"GORZYCE, DPS","imp":0.065,"d":7577},"geometry":{"type":"Point","coordinates":[18.458363,49.991742]}},{"type":"Feature","properties":{"t":"vec","sid":"s469","d":5051},"geometry":{"type":"LineString","coordinates":[[18.42083,49.96787],[18.481002,49.991742]]}},{"type":"Feature","properties":{"t":"gps","sid":"s469"},"geometry":{"type":"Point","coordinates":[18.42083,49.96787]}},{"type":"Feature","properties":{"t":"sch","sid":"s469","name":"GORZYCE, I","imp":0.062,"d":5051},"geometry":{"type":"Point","coordinates":[18.481002,49.991742]}},{"type":"Feature","properties":{"t":"vec","sid":"s470","d":4831},"geometry":{"type":"LineString","coordinates":[[18.42092,49.96805],[18.475743,49.993505]]}},{"type":"Feature","properties":{"t":"gps","sid":"s470"},"geometry":{"type":"Point","coordinates":[18.42092,49.96805]}},{"type":"Feature","properties":{"t":"sch","sid":"s470","name":"GORZYCE, I","imp":0.062,"d":4831},"geometry":{"type":"Point","coordinates":[18.475743,49.993505]}},{"type":"Feature","properties":{"t":"vec","sid":"s471","d":5751},"geometry":{"type":"LineString","coordinates":[[18.40843,49.95902],[18.481195,49.981166]]}},{"type":"Feature","properties":{"t":"gps","sid":"s471"},"geometry":{"type":"Point","coordinates":[18.40843,49.95902]}},{"type":"Feature","properties":{"t":"sch","sid":"s471","name":"GORZYCE, KOPERNIKA BANK","imp":0.048,"d":5751},"geometry":{"type":"Point","coordinates":[18.481195,49.981166]}},{"type":"Feature","properties":{"t":"vec","sid":"s472","d":5664},"geometry":{"type":"LineString","coordinates":[[18.40738,49.95902],[18.480059,49.979403]]}},{"type":"Feature","properties":{"t":"gps","sid":"s472"},"geometry":{"type":"Point","coordinates":[18.40738,49.95902]}},{"type":"Feature","properties":{"t":"sch","sid":"s472","name":"GORZYCE, KOPERNIKA BANK","imp":0.048,"d":5664},"geometry":{"type":"Point","coordinates":[18.480059,49.979403]}},{"type":"Feature","properties":{"t":"vec","sid":"s473","d":6008},"geometry":{"type":"LineString","coordinates":[[18.40062,49.95762],[18.476329,49.981166]]}},{"type":"Feature","properties":{"t":"gps","sid":"s473"},"geometry":{"type":"Point","coordinates":[18.40062,49.95762]}},{"type":"Feature","properties":{"t":"sch","sid":"s473","name":"GORZYCE, KOŚCIELNA UG","imp":0.048,"d":6008},"geometry":{"type":"Point","coordinates":[18.476329,49.981166]}},{"type":"Feature","properties":{"t":"vec","sid":"s474","d":5870},"geometry":{"type":"LineString","coordinates":[[18.40044,49.95747],[18.475192,49.979403]]}},{"type":"Feature","properties":{"t":"gps","sid":"s474"},"geometry":{"type":"Point","coordinates":[18.40044,49.95747]}},{"type":"Feature","properties":{"t":"sch","sid":"s474","name":"GORZYCE, KOŚCIELNA UG","imp":0.048,"d":5870},"geometry":{"type":"Point","coordinates":[18.475192,49.979403]}},{"type":"Feature","properties":{"t":"vec","sid":"s475","d":6111},"geometry":{"type":"LineString","coordinates":[[18.39531,49.95611],[18.471462,49.981166]]}},{"type":"Feature","properties":{"t":"gps","sid":"s475"},"geometry":{"type":"Point","coordinates":[18.39531,49.95611]}},{"type":"Feature","properties":{"t":"sch","sid":"s475","name":"GORZYCE, OGRODOWA","imp":0.048,"d":6111},"geometry":{"type":"Point","coordinates":[18.471462,49.981166]}},{"type":"Feature","properties":{"t":"vec","sid":"s476","d":5969},"geometry":{"type":"LineString","coordinates":[[18.39502,49.95613],[18.470325,49.979403]]}},{"type":"Feature","properties":{"t":"gps","sid":"s476"},"geometry":{"type":"Point","coordinates":[18.39502,49.95613]}},{"type":"Feature","properties":{"t":"sch","sid":"s476","name":"GORZYCE, OGRODOWA","imp":0.048,"d":5969},"geometry":{"type":"Point","coordinates":[18.470325,49.979403]}},{"type":"Feature","properties":{"t":"vec","sid":"s477","d":6529},"geometry":{"type":"LineString","coordinates":[[18.39942,49.96439],[18.48306,49.988073]]}},{"type":"Feature","properties":{"t":"gps","sid":"s477"},"geometry":{"type":"Point","coordinates":[18.39942,49.96439]}},{"type":"Feature","properties":{"t":"sch","sid":"s477","name":"GORZYCE, PIASKOWA","imp":0.048,"d":6529},"geometry":{"type":"Point","coordinates":[18.48306,49.988073]}},{"type":"Feature","properties":{"t":"vec","sid":"s478","d":6333},"geometry":{"type":"LineString","coordinates":[[18.39922,49.96446],[18.480316,49.987487]]}},{"type":"Feature","properties":{"t":"gps","sid":"s478"},"geometry":{"type":"Point","coordinates":[18.39922,49.96446]}},{"type":"Feature","properties":{"t":"sch","sid":"s478","name":"GORZYCE, PIASKOWA","imp":0.048,"d":6333},"geometry":{"type":"Point","coordinates":[18.480316,49.987487]}},{"type":"Feature","properties":{"t":"vec","sid":"s479","d":6476},"geometry":{"type":"LineString","coordinates":[[18.40103,49.96048],[18.48306,49.985282]]}},{"type":"Feature","properties":{"t":"gps","sid":"s479"},"geometry":{"type":"Point","coordinates":[18.40103,49.96048]}},{"type":"Feature","properties":{"t":"sch","sid":"s479","name":"GORZYCE, PIASKOWA URZĄD GMINY","imp":0.048,"d":6476},"geometry":{"type":"Point","coordinates":[18.48306,49.985282]}},{"type":"Feature","properties":{"t":"vec","sid":"s480","d":6275},"geometry":{"type":"LineString","coordinates":[[18.40103,49.96035],[18.480316,49.98466]]}},{"type":"Feature","properties":{"t":"gps","sid":"s480"},"geometry":{"type":"Point","coordinates":[18.40103,49.96035]}},{"type":"Feature","properties":{"t":"sch","sid":"s480","name":"GORZYCE, PIASKOWA URZĄD GMINY","imp":0.048,"d":6275},"geometry":{"type":"Point","coordinates":[18.480316,49.98466]}},{"type":"Feature","properties":{"t":"vec","sid":"s481","d":7465},"geometry":{"type":"LineString","coordinates":[[18.37213,49.97236],[18.469339,49.99703]]}},{"type":"Feature","properties":{"t":"gps","sid":"s481"},"geometry":{"type":"Point","coordinates":[18.37213,49.97236]}},{"type":"Feature","properties":{"t":"sch","sid":"s481","name":"GORZYCE, RACIBORSKA DWORZEC KOLEJOWY","imp":0.048,"d":7465},"geometry":{"type":"Point","coordinates":[18.469339,49.99703]}},{"type":"Feature","properties":{"t":"vec","sid":"s482","d":7177},"geometry":{"type":"LineString","coordinates":[[18.37245,49.97228],[18.464253,49.998535]]}},{"type":"Feature","properties":{"t":"gps","sid":"s482"},"geometry":{"type":"Point","coordinates":[18.37245,49.97228]}},{"type":"Feature","properties":{"t":"sch","sid":"s482","name":"GORZYCE, RACIBORSKA DWORZEC KOLEJOWY","imp":0.048,"d":7177},"geometry":{"type":"Point","coordinates":[18.464253,49.998535]}},{"type":"Feature","properties":{"t":"vec","sid":"s483","d":7242},"geometry":{"type":"LineString","coordinates":[[18.38285,49.96433],[18.472084,49.995267]]}},{"type":"Feature","properties":{"t":"gps","sid":"s483"},"geometry":{"type":"Point","coordinates":[18.38285,49.96433]}},{"type":"Feature","properties":{"t":"sch","sid":"s483","name":"GORZYCE, RACIBORSKA POPRZECZNA","imp":0.048,"d":7242},"geometry":{"type":"Point","coordinates":[18.472084,49.995267]}},{"type":"Feature","properties":{"t":"vec","sid":"s484","d":7044},"geometry":{"type":"LineString","coordinates":[[18.38183,49.96476],[18.466863,49.996858]]}},{"type":"Feature","properties":{"t":"gps","sid":"s484"},"geometry":{"type":"Point","coordinates":[18.38183,49.96476]}},{"type":"Feature","properties":{"t":"sch","sid":"s484","name":"GORZYCE, RACIBORSKA POPRZECZNA","imp":0.048,"d":7044},"geometry":{"type":"Point","coordinates":[18.466863,49.996858]}},{"type":"Feature","properties":{"t":"vec","sid":"s485","d":7058},"geometry":{"type":"LineString","coordinates":[[18.38979,49.96117],[18.474828,49.993505]]}},{"type":"Feature","properties":{"t":"gps","sid":"s485"},"geometry":{"type":"Point","coordinates":[18.38979,49.96117]}},{"type":"Feature","properties":{"t":"sch","sid":"s485","name":"GORZYCE, RACIBORSKA SZKOŁA","imp":0.048,"d":7058},"geometry":{"type":"Point","coordinates":[18.474828,49.993505]}},{"type":"Feature","properties":{"t":"vec","sid":"s486","d":6824},"geometry":{"type":"LineString","coordinates":[[18.38971,49.9614],[18.469473,49.995181]]}},{"type":"Feature","properties":{"t":"gps","sid":"s486"},"geometry":{"type":"Point","coordinates":[18.38971,49.9614]}},{"type":"Feature","properties":{"t":"sch","sid":"s486","name":"GORZYCE, RACIBORSKA SZKOŁA","imp":0.048,"d":6824},"geometry":{"type":"Point","coordinates":[18.469473,49.995181]}},{"type":"Feature","properties":{"t":"vec","sid":"s487","d":6859},"geometry":{"type":"LineString","coordinates":[[18.38958,49.96018],[18.472084,49.991742]]}},{"type":"Feature","properties":{"t":"gps","sid":"s487"},"geometry":{"type":"Point","coordinates":[18.38958,49.96018]}},{"type":"Feature","properties":{"t":"sch","sid":"s487","name":"GORZYCE, SZKOŁA","imp":0.048,"d":6859},"geometry":{"type":"Point","coordinates":[18.472084,49.991742]}},{"type":"Feature","properties":{"t":"vec","sid":"s488","d":6582},"geometry":{"type":"LineString","coordinates":[[18.38879,49.96002],[18.466595,49.991742]]}},{"type":"Feature","properties":{"t":"gps","sid":"s488"},"geometry":{"type":"Point","coordinates":[18.38879,49.96002]}},{"type":"Feature","properties":{"t":"sch","sid":"s488","name":"GORZYCE, SZKOŁA","imp":0.065,"d":6582},"geometry":{"type":"Point","coordinates":[18.466595,49.991742]}},{"type":"Feature","properties":{"t":"vec","sid":"s489","d":6384},"geometry":{"type":"LineString","coordinates":[[18.40249,49.96059],[18.477572,49.991742]]}},{"type":"Feature","properties":{"t":"gps","sid":"s489"},"geometry":{"type":"Point","coordinates":[18.40249,49.96059]}},{"type":"Feature","properties":{"t":"sch","sid":"s489","name":"GORZYCE, URZĄD GMINY","imp":0.079,"d":6384},"geometry":{"type":"Point","coordinates":[18.477572,49.991742]}},{"type":"Feature","properties":{"t":"vec","sid":"s490","d":6206},"geometry":{"type":"LineString","coordinates":[[18.40205,49.96047],[18.472084,49.993505]]}},{"type":"Feature","properties":{"t":"gps","sid":"s490"},"geometry":{"type":"Point","coordinates":[18.40205,49.96047]}},{"type":"Feature","properties":{"t":"sch","sid":"s490","name":"GORZYCE, URZĄD GMINY","imp":0.079,"d":6206},"geometry":{"type":"Point","coordinates":[18.472084,49.993505]}},{"type":"Feature","properties":{"t":"vec","sid":"s491","d":5614},"geometry":{"type":"LineString","coordinates":[[18.41512,49.95943],[18.486062,49.981166]]}},{"type":"Feature","properties":{"t":"gps","sid":"s491"},"geometry":{"type":"Point","coordinates":[18.41512,49.95943]}},{"type":"Feature","properties":{"t":"sch","sid":"s491","name":"GORZYCZKI, LEŚNA KOLONIA FRYDERYK I","imp":0.048,"d":5614},"geometry":{"type":"Point","coordinates":[18.486062,49.981166]}},{"type":"Feature","properties":{"t":"vec","sid":"s492","d":5468},"geometry":{"type":"LineString","coordinates":[[18.41491,49.95951],[18.484925,49.979403]]}},{"type":"Feature","properties":{"t":"gps","sid":"s492"},"geometry":{"type":"Point","coordinates":[18.41491,49.95951]}},{"type":"Feature","properties":{"t":"sch","sid":"s492","name":"GORZYCZKI, LEŚNA KOLONIA FRYDERYK I","imp":0.048,"d":5468},"geometry":{"type":"Point","coordinates":[18.484925,49.979403]}},{"type":"Feature","properties":{"t":"vec","sid":"s494","d":5452},"geometry":{"type":"LineString","coordinates":[[18.43019,49.94405],[18.485805,49.977641]]}},{"type":"Feature","properties":{"t":"gps","sid":"s494"},"geometry":{"type":"Point","coordinates":[18.43019,49.94405]}},{"type":"Feature","properties":{"t":"sch","sid":"s494","name":"GORZYCZKI RACIBORSKA LAS","imp":0.082,"d":5452},"geometry":{"type":"Point","coordinates":[18.485805,49.977641]}},{"type":"Feature","properties":{"t":"vec","sid":"s495","d":6631},"geometry":{"type":"LineString","coordinates":[[18.40182,49.95363],[18.48306,49.982492]]}},{"type":"Feature","properties":{"t":"gps","sid":"s495"},"geometry":{"type":"Point","coordinates":[18.40182,49.95363]}},{"type":"Feature","properties":{"t":"sch","sid":"s495","name":"GORZYCZKI, RACIBORSKA POLNA","imp":0.048,"d":6631},"geometry":{"type":"Point","coordinates":[18.48306,49.982492]}},{"type":"Feature","properties":{"t":"vec","sid":"s496","d":6523},"geometry":{"type":"LineString","coordinates":[[18.40175,49.95359],[18.481522,49.982154]]}},{"type":"Feature","properties":{"t":"gps","sid":"s496"},"geometry":{"type":"Point","coordinates":[18.40175,49.95359]}},{"type":"Feature","properties":{"t":"sch","sid":"s496","name":"GORZYCZKI, RACIBORSKA POLNA","imp":0.048,"d":6523},"geometry":{"type":"Point","coordinates":[18.481522,49.982154]}},{"type":"Feature","properties":{"t":"vec","sid":"s497","d":6529},"geometry":{"type":"LineString","coordinates":[[18.40629,49.94782],[18.48306,49.979701]]}},{"type":"Feature","properties":{"t":"gps","sid":"s497"},"geometry":{"type":"Point","coordinates":[18.40629,49.94782]}},{"type":"Feature","properties":{"t":"sch","sid":"s497","name":"GORZYCZKI, RACIBORSKA WIEJSKA","imp":0.048,"d":6529},"geometry":{"type":"Point","coordinates":[18.48306,49.979701]}},{"type":"Feature","properties":{"t":"vec","sid":"s498","d":6661},"geometry":{"type":"LineString","coordinates":[[18.40625,49.9477],[18.484633,49.980156]]}},{"type":"Feature","properties":{"t":"gps","sid":"s498"},"geometry":{"type":"Point","coordinates":[18.40625,49.9477]}},{"type":"Feature","properties":{"t":"sch","sid":"s498","name":"GORZYCZKI, RACIBORSKA WIEJSKA","imp":0.048,"d":6661},"geometry":{"type":"Point","coordinates":[18.484633,49.980156]}},{"type":"Feature","properties":{"t":"vec","sid":"s499","d":8260},"geometry":{"type":"LineString","coordinates":[[18.31834,50.02956],[18.433983,50.028553]]}},{"type":"Feature","properties":{"t":"gps","sid":"s499"},"geometry":{"type":"Point","coordinates":[18.31834,50.02956]}},{"type":"Feature","properties":{"t":"sch","sid":"s499","name":"GRABÓWKA, RACIBORSKA","imp":0.048,"d":8260},"geometry":{"type":"Point","coordinates":[18.433983,50.028553]}},{"type":"Feature","properties":{"t":"vec","sid":"s500","d":8792},"geometry":{"type":"LineString","coordinates":[[18.31896,50.02912],[18.441897,50.033105]]}},{"type":"Feature","properties":{"t":"gps","sid":"s500"},"geometry":{"type":"Point","coordinates":[18.31896,50.02912]}},{"type":"Feature","properties":{"t":"sch","sid":"s500","name":"GRABÓWKA, RACIBORSKA","imp":0.048,"d":8792},"geometry":{"type":"Point","coordinates":[18.441897,50.033105]}},{"type":"Feature","properties":{"t":"vec","sid":"s501","d":2709},"geometry":{"type":"LineString","coordinates":[[18.578277,49.944493],[18.576363,49.968827]]}},{"type":"Feature","properties":{"t":"gps","sid":"s501"},"geometry":{"type":"Point","coordinates":[18.578277,49.944493]}},{"type":"Feature","properties":{"t":"sch","sid":"s501","name":"JASTRZĘBIE ZDRÓJ, HALA SPORTOWA","imp":0.343,"d":2709},"geometry":{"type":"Point","coordinates":[18.576363,49.968827]}},{"type":"Feature","properties":{"t":"vec","sid":"s502","d":2481},"geometry":{"type":"LineString","coordinates":[[18.58454,49.948345],[18.581852,49.97059]]}},{"type":"Feature","properties":{"t":"gps","sid":"s502"},"geometry":{"type":"Point","coordinates":[18.58454,49.948345]}},{"type":"Feature","properties":{"t":"sch","sid":"s502","name":"JASTRZĘBIE ZDRÓJ, SZPITAL WOJEWÓDZKI","imp":0.238,"d":2481},"geometry":{"type":"Point","coordinates":[18.581852,49.97059]}},{"type":"Feature","properties":{"t":"vec","sid":"s503","d":2849},"geometry":{"type":"LineString","coordinates":[[18.582315,49.946815],[18.579108,49.972353]]}},{"type":"Feature","properties":{"t":"gps","sid":"s503"},"geometry":{"type":"Point","coordinates":[18.582315,49.946815]}},{"type":"Feature","properties":{"t":"sch","sid":"s503","name":"JASTRZĘBIE ZDRÓJ, SZPITAL WOJEWÓDZKI","imp":0.267,"d":2849},"geometry":{"type":"Point","coordinates":[18.579108,49.972353]}},{"type":"Feature","properties":{"t":"vec","sid":"s504","d":2557},"geometry":{"type":"LineString","coordinates":[[18.595238,49.949923],[18.58734,49.972353]]}},{"type":"Feature","properties":{"t":"gps","sid":"s504"},"geometry":{"type":"Point","coordinates":[18.595238,49.949923]}},{"type":"Feature","properties":{"t":"sch","sid":"s504","name":"JASTRZĘBIE ZDRÓJ, AL. PIŁSUDSKIEGO - OS. STASZICA","imp":0.508,"d":2557},"geometry":{"type":"Point","coordinates":[18.58734,49.972353]}},{"type":"Feature","properties":{"t":"vec","sid":"s505","d":2779},"geometry":{"type":"LineString","coordinates":[[18.557593,49.94212],[18.559898,49.967065]]}},{"type":"Feature","properties":{"t":"gps","sid":"s505"},"geometry":{"type":"Point","coordinates":[18.557593,49.94212]}},{"type":"Feature","properties":{"t":"sch","sid":"s505","name":"JASTRZĘBIE ZDRÓJ, ARMII KRAJOWEJ - KASZTANOWA","imp":0.196,"d":2779},"geometry":{"type":"Point","coordinates":[18.559898,49.967065]}},{"type":"Feature","properties":{"t":"vec","sid":"s506","d":2425},"geometry":{"type":"LineString","coordinates":[[18.600807,49.951153],[18.592829,49.972353]]}},{"type":"Feature","properties":{"t":"gps","sid":"s506"},"geometry":{"type":"Point","coordinates":[18.600807,49.951153]}},{"type":"Feature","properties":{"t":"sch","sid":"s506","name":"JASTRZĘBIE-ZDRÓJ, AL. PIŁSUDSKIEGO - OS. PIONIERÓW","imp":0.369,"d":2425},"geometry":{"type":"Point","coordinates":[18.592829,49.972353]}},{"type":"Feature","properties":{"t":"vec","sid":"s507","d":2779},"geometry":{"type":"LineString","coordinates":[[18.547035,49.944013],[18.551666,49.968827]]}},{"type":"Feature","properties":{"t":"gps","sid":"s507"},"geometry":{"type":"Point","coordinates":[18.547035,49.944013]}},{"type":"Feature","properties":{"t":"sch","sid":"s507","name":"JASTRZĘBIE-ZDRÓJ, ARMII KRAJOWEJ - RANOSZKA","imp":0.156,"d":2779},"geometry":{"type":"Point","coordinates":[18.551666,49.968827]}},{"type":"Feature","properties":{"t":"vec","sid":"s508","d":2670},"geometry":{"type":"LineString","coordinates":[[18.6099,49.945497],[18.601061,49.968827]]}},{"type":"Feature","properties":{"t":"gps","sid":"s508"},"geometry":{"type":"Point","coordinates":[18.6099,49.945497]}},{"type":"Feature","properties":{"t":"sch","sid":"s508","name":"Dworzec Arki Bożka","imp":0.701,"d":2670},"geometry":{"type":"Point","coordinates":[18.601061,49.968827]}},{"type":"Feature","properties":{"t":"vec","sid":"s509","d":2640},"geometry":{"type":"LineString","coordinates":[[18.57338,49.94509],[18.573619,49.968827]]}},{"type":"Feature","properties":{"t":"gps","sid":"s509"},"geometry":{"type":"Point","coordinates":[18.57338,49.94509]}},{"type":"Feature","properties":{"t":"sch","sid":"s509","name":"Dworzec Zdrój","imp":0.699,"d":2640},"geometry":{"type":"Point","coordinates":[18.573619,49.968827]}},{"type":"Feature","properties":{"t":"vec","sid":"s510","d":3447},"geometry":{"type":"LineString","coordinates":[[18.54564,49.93102],[18.551666,49.961777]]}},{"type":"Feature","properties":{"t":"gps","sid":"s510"},"geometry":{"type":"Point","coordinates":[18.54564,49.93102]}},{"type":"Feature","properties":{"t":"sch","sid":"s510","name":"JASTRZĘBIE-ZDRÓJ, MOSZCZENICA PIASKI","imp":0.128,"d":3447},"geometry":{"type":"Point","coordinates":[18.551666,49.961777]}},{"type":"Feature","properties":{"t":"vec","sid":"s511","d":2930},"geometry":{"type":"LineString","coordinates":[[18.54677,49.939137],[18.551666,49.965302]]}},{"type":"Feature","properties":{"t":"gps","sid":"s511"},"geometry":{"type":"Point","coordinates":[18.54677,49.939137]}},{"type":"Feature","properties":{"t":"sch","sid":"s511","name":"JASTRZĘBIE-ZDRÓJ, RANOSZKA - KOMUNY PARYSKIEJ","imp":0.077,"d":2930},"geometry":{"type":"Point","coordinates":[18.551666,49.965302]}},{"type":"Feature","properties":{"t":"vec","sid":"s512","d":3107},"geometry":{"type":"LineString","coordinates":[[18.476,49.95678],[18.507758,49.975878]]}},{"type":"Feature","properties":{"t":"gps","sid":"s512"},"geometry":{"type":"Point","coordinates":[18.476,49.95678]}},{"type":"Feature","properties":{"t":"sch","sid":"s512","name":"KROSTOSZOWICE, WĄWOZOWA","imp":0.082,"d":3107},"geometry":{"type":"Point","coordinates":[18.507758,49.975878]}},{"type":"Feature","properties":{"t":"vec","sid":"s517","d":8781},"geometry":{"type":"LineString","coordinates":[[18.3007,50.03537],[18.423644,50.035195]]}},{"type":"Feature","properties":{"t":"gps","sid":"s517"},"geometry":{"type":"Point","coordinates":[18.3007,50.03537]}},{"type":"Feature","properties":{"t":"sch","sid":"s517","name":"LUBOMIA, GRANICZNA KORFANTEGO","imp":0.048,"d":8781},"geometry":{"type":"Point","coordinates":[18.423644,50.035195]}},{"type":"Feature","properties":{"t":"vec","sid":"s518","d":10087},"geometry":{"type":"LineString","coordinates":[[18.3002,50.03569],[18.441125,50.041593]]}},{"type":"Feature","properties":{"t":"gps","sid":"s518"},"geometry":{"type":"Point","coordinates":[18.3002,50.03569]}},{"type":"Feature","properties":{"t":"sch","sid":"s518","name":"LUBOMIA, GRANICZNA KORFANTEGO","imp":0.048,"d":10087},"geometry":{"type":"Point","coordinates":[18.441125,50.041593]}},{"type":"Feature","properties":{"t":"vec","sid":"s519","d":9336},"geometry":{"type":"LineString","coordinates":[[18.29045,50.04026],[18.421059,50.036855]]}},{"type":"Feature","properties":{"t":"gps","sid":"s519"},"geometry":{"type":"Point","coordinates":[18.29045,50.04026]}},{"type":"Feature","properties":{"t":"sch","sid":"s519","name":"LUBOMIA, GRANICZNA PAPROTNIK","imp":0.048,"d":9336},"geometry":{"type":"Point","coordinates":[18.421059,50.036855]}},{"type":"Feature","properties":{"t":"vec","sid":"s520","d":10659},"geometry":{"type":"LineString","coordinates":[[18.28954,50.04078],[18.438733,50.04313]]}},{"type":"Feature","properties":{"t":"gps","sid":"s520"},"geometry":{"type":"Point","coordinates":[18.28954,50.04078]}},{"type":"Feature","properties":{"t":"sch","sid":"s520","name":"LUBOMIA, GRANICZNA PAPROTNIK","imp":0.048,"d":10659},"geometry":{"type":"Point","coordinates":[18.438733,50.04313]}},{"type":"Feature","properties":{"t":"vec","sid":"s521","d":8840},"geometry":{"type":"LineString","coordinates":[[18.30253,50.0362],[18.426229,50.033534]]}},{"type":"Feature","properties":{"t":"gps","sid":"s521"},"geometry":{"type":"Point","coordinates":[18.30253,50.0362]}},{"type":"Feature","properties":{"t":"sch","sid":"s521","name":"LUBOMIA, KORFANTEGO GRANICZNA","imp":0.048,"d":8840},"geometry":{"type":"Point","coordinates":[18.426229,50.033534]}},{"type":"Feature","properties":{"t":"vec","sid":"s522","d":9971},"geometry":{"type":"LineString","coordinates":[[18.3024,50.03621],[18.441897,50.039625]]}},{"type":"Feature","properties":{"t":"gps","sid":"s522"},"geometry":{"type":"Point","coordinates":[18.3024,50.03621]}},{"type":"Feature","properties":{"t":"sch","sid":"s522","name":"LUBOMIA, KORFANTEGO GRANICZNA","imp":0.048,"d":9971},"geometry":{"type":"Point","coordinates":[18.441897,50.039625]}},{"type":"Feature","properties":{"t":"vec","sid":"s523","d":9562},"geometry":{"type":"LineString","coordinates":[[18.30809,50.04018],[18.441897,50.037451]]}},{"type":"Feature","properties":{"t":"gps","sid":"s523"},"geometry":{"type":"Point","coordinates":[18.30809,50.04018]}},{"type":"Feature","properties":{"t":"sch","sid":"s523","name":"LUBOMIA, MICKIEWICZA KOŚCIÓŁ","imp":0.048,"d":9562},"geometry":{"type":"Point","coordinates":[18.441897,50.037451]}},{"type":"Feature","properties":{"t":"vec","sid":"s524","d":8688},"geometry":{"type":"LineString","coordinates":[[18.30783,50.04],[18.428814,50.031874]]}},{"type":"Feature","properties":{"t":"gps","sid":"s524"},"geometry":{"type":"Point","coordinates":[18.30783,50.04]}},{"type":"Feature","properties":{"t":"sch","sid":"s524","name":"LUBOMIA, MICKIEWICZA KOŚCIÓŁ","imp":0.048,"d":8688},"geometry":{"type":"Point","coordinates":[18.428814,50.031874]}},{"type":"Feature","properties":{"t":"vec","sid":"s530","d":8487},"geometry":{"type":"LineString","coordinates":[[18.31293,50.03614],[18.431398,50.030214]]}},{"type":"Feature","properties":{"t":"gps","sid":"s530"},"geometry":{"type":"Point","coordinates":[18.31293,50.03614]}},{"type":"Feature","properties":{"t":"sch","sid":"s530","name":"LUBOMIA, NEPOMUCENA PARK","imp":0.048,"d":8487},"geometry":{"type":"Point","coordinates":[18.431398,50.030214]}},{"type":"Feature","properties":{"t":"vec","sid":"s531","d":9203},"geometry":{"type":"LineString","coordinates":[[18.31305,50.03608],[18.441897,50.035278]]}},{"type":"Feature","properties":{"t":"gps","sid":"s531"},"geometry":{"type":"Point","coordinates":[18.31305,50.03608]}},{"type":"Feature","properties":{"t":"sch","sid":"s531","name":"LUBOMIA, NEPOMUCENA PARK","imp":0.048,"d":9203},"geometry":{"type":"Point","coordinates":[18.441897,50.035278]}},{"type":"Feature","properties":{"t":"vec","sid":"s532","d":5218},"geometry":{"type":"LineString","coordinates":[[18.43815,49.94367],[18.491238,49.975914]]}},{"type":"Feature","properties":{"t":"gps","sid":"s532"},"geometry":{"type":"Point","coordinates":[18.43815,49.94367]}},{"type":"Feature","properties":{"t":"sch","sid":"s532","name":"ŁAZISKA, POWSTAŃCÓW ŚLĄSKICH LEŚNA","imp":0.048,"d":5218},"geometry":{"type":"Point","coordinates":[18.491238,49.975914]}},{"type":"Feature","properties":{"t":"vec","sid":"s533","d":5105},"geometry":{"type":"LineString","coordinates":[[18.43735,49.94393],[18.490489,49.974632]]}},{"type":"Feature","properties":{"t":"gps","sid":"s533"},"geometry":{"type":"Point","coordinates":[18.43735,49.94393]}},{"type":"Feature","properties":{"t":"sch","sid":"s533","name":"ŁAZISKA, POWSTAŃCÓW ŚLĄSKICH LEŚNA","imp":0.048,"d":5105},"geometry":{"type":"Point","coordinates":[18.490489,49.974632]}},{"type":"Feature","properties":{"t":"vec","sid":"s534","d":4765},"geometry":{"type":"LineString","coordinates":[[18.46224,49.93443],[18.505485,49.967065]]}},{"type":"Feature","properties":{"t":"gps","sid":"s534"},"geometry":{"type":"Point","coordinates":[18.46224,49.93443]}},{"type":"Feature","properties":{"t":"sch","sid":"s534","name":"ŁAZISKA, POWSTAŃCÓW ŚLĄSKICH PARK","imp":0.048,"d":4765},"geometry":{"type":"Point","coordinates":[18.505485,49.967065]}},{"type":"Feature","properties":{"t":"vec","sid":"s535","d":4778},"geometry":{"type":"LineString","coordinates":[[18.46163,49.93435],[18.505125,49.966993]]}},{"type":"Feature","properties":{"t":"gps","sid":"s535"},"geometry":{"type":"Point","coordinates":[18.46163,49.93435]}},{"type":"Feature","properties":{"t":"sch","sid":"s535","name":"ŁAZISKA, POWSTAŃCÓW ŚLĄSKICH PARK","imp":0.048,"d":4778},"geometry":{"type":"Point","coordinates":[18.505125,49.966993]}},{"type":"Feature","properties":{"t":"vec","sid":"s536","d":5107},"geometry":{"type":"LineString","coordinates":[[18.45064,49.9353],[18.499859,49.968613]]}},{"type":"Feature","properties":{"t":"gps","sid":"s536"},"geometry":{"type":"Point","coordinates":[18.45064,49.9353]}},{"type":"Feature","properties":{"t":"sch","sid":"s536","name":"ŁAZISKA, POWSTAŃCÓW ŚLĄSKICH REMIZA","imp":0.048,"d":5107},"geometry":{"type":"Point","coordinates":[18.499859,49.968613]}},{"type":"Feature","properties":{"t":"vec","sid":"s537","d":5264},"geometry":{"type":"LineString","coordinates":[[18.4505,49.93518],[18.500496,49.969967]]}},{"type":"Feature","properties":{"t":"gps","sid":"s537"},"geometry":{"type":"Point","coordinates":[18.4505,49.93518]}},{"type":"Feature","properties":{"t":"sch","sid":"s537","name":"ŁAZISKA, POWSTAŃCÓW ŚLĄSKICH REMIZA","imp":0.048,"d":5264},"geometry":{"type":"Point","coordinates":[18.500496,49.969967]}},{"type":"Feature","properties":{"t":"vec","sid":"s538","d":5256},"geometry":{"type":"LineString","coordinates":[[18.442,49.93894],[18.495174,49.971623]]}},{"type":"Feature","properties":{"t":"gps","sid":"s538"},"geometry":{"type":"Point","coordinates":[18.442,49.93894]}},{"type":"Feature","properties":{"t":"sch","sid":"s538","name":"ŁAZISKA, POWSTAŃCÓW ŚLĄSKICH SZKOŁA","imp":0.048,"d":5256},"geometry":{"type":"Point","coordinates":[18.495174,49.971623]}},{"type":"Feature","properties":{"t":"vec","sid":"s539","d":5402},"geometry":{"type":"LineString","coordinates":[[18.44185,49.93893],[18.495867,49.97294]]}},{"type":"Feature","properties":{"t":"gps","sid":"s539"},"geometry":{"type":"Point","coordinates":[18.44185,49.93893]}},{"type":"Feature","properties":{"t":"sch","sid":"s539","name":"ŁAZISKA, POWSTAŃCÓW ŚLĄSKICH SZKOŁA","imp":0.048,"d":5402},"geometry":{"type":"Point","coordinates":[18.495867,49.97294]}},{"type":"Feature","properties":{"t":"vec","sid":"s540","d":393},"geometry":{"type":"LineString","coordinates":[[18.497527,50.016383],[18.50227,50.018182]]}},{"type":"Feature","properties":{"t":"gps","sid":"s540"},"geometry":{"type":"Point","coordinates":[18.497527,50.016383]}},{"type":"Feature","properties":{"t":"sch","sid":"s540","name":"MARKLOWICE, KRZYŻ","imp":0.094,"d":393},"geometry":{"type":"Point","coordinates":[18.50227,50.018182]}},{"type":"Feature","properties":{"t":"vec","sid":"s541","d":288},"geometry":{"type":"LineString","coordinates":[[18.514725,50.001625],[18.515991,50.004081]]}},{"type":"Feature","properties":{"t":"gps","sid":"s541"},"geometry":{"type":"Point","coordinates":[18.514725,50.001625]}},{"type":"Feature","properties":{"t":"sch","sid":"s541","name":"MARKLOWICE, SZYMANOWSKIEGO PRAGA","imp":0.079,"d":288},"geometry":{"type":"Point","coordinates":[18.515991,50.004081]}},{"type":"Feature","properties":{"t":"vec","sid":"s548","d":1921},"geometry":{"type":"LineString","coordinates":[[18.54558,49.95729],[18.551666,49.974115]]}},{"type":"Feature","properties":{"t":"gps","sid":"s548"},"geometry":{"type":"Point","coordinates":[18.54558,49.95729]}},{"type":"Feature","properties":{"t":"sch","sid":"s548","name":"Mszana Mszańskie Granice","imp":0.084,"d":1921},"geometry":{"type":"Point","coordinates":[18.551666,49.974115]}},{"type":"Feature","properties":{"t":"vec","sid":"s549","d":1803},"geometry":{"type":"LineString","coordinates":[[18.50281,49.97035],[18.518735,49.982929]]}},{"type":"Feature","properties":{"t":"gps","sid":"s549"},"geometry":{"type":"Point","coordinates":[18.50281,49.97035]}},{"type":"Feature","properties":{"t":"sch","sid":"s549","name":"MSZANA, SKRZYSZOWSKA TARTAK","imp":0.115,"d":1803},"geometry":{"type":"Point","coordinates":[18.518735,49.982929]}},{"type":"Feature","properties":{"t":"vec","sid":"s550","d":1523},"geometry":{"type":"LineString","coordinates":[[18.50267,49.97047],[18.515991,49.981166]]}},{"type":"Feature","properties":{"t":"gps","sid":"s550"},"geometry":{"type":"Point","coordinates":[18.50267,49.97047]}},{"type":"Feature","properties":{"t":"sch","sid":"s550","name":"MSZANA, SKRZYSZOWSKA TARTAK","imp":0.115,"d":1523},"geometry":{"type":"Point","coordinates":[18.515991,49.981166]}},{"type":"Feature","properties":{"t":"vec","sid":"s551","d":1525},"geometry":{"type":"LineString","coordinates":[[18.50125,49.9695],[18.512489,49.981166]]}},{"type":"Feature","properties":{"t":"gps","sid":"s551"},"geometry":{"type":"Point","coordinates":[18.50125,49.9695]}},{"type":"Feature","properties":{"t":"sch","sid":"s551","name":"MSZANA, TURSKA PUSTKI","imp":0.048,"d":1525},"geometry":{"type":"Point","coordinates":[18.512489,49.981166]}},{"type":"Feature","properties":{"t":"vec","sid":"s552","d":2002},"geometry":{"type":"LineString","coordinates":[[18.50145,49.96947],[18.515344,49.985107]]}},{"type":"Feature","properties":{"t":"gps","sid":"s552"},"geometry":{"type":"Point","coordinates":[18.50145,49.96947]}},{"type":"Feature","properties":{"t":"sch","sid":"s552","name":"MSZANA, TURSKA PUSTKI","imp":0.048,"d":2002},"geometry":{"type":"Point","coordinates":[18.515344,49.985107]}},{"type":"Feature","properties":{"t":"vec","sid":"s553","d":1151},"geometry":{"type":"LineString","coordinates":[[18.5252,49.976633],[18.538111,49.982822]]}},{"type":"Feature","properties":{"t":"gps","sid":"s553"},"geometry":{"type":"Point","coordinates":[18.5252,49.976633]}},{"type":"Feature","properties":{"t":"sch","sid":"s553","name":"MSZANA, WODZISŁAWSKA BOISKO","imp":0.077,"d":1151},"geometry":{"type":"Point","coordinates":[18.538111,49.982822]}},{"type":"Feature","properties":{"t":"vec","sid":"s554","d":1430},"geometry":{"type":"LineString","coordinates":[[18.544535,49.967383],[18.551666,49.979403]]}},{"type":"Feature","properties":{"t":"gps","sid":"s554"},"geometry":{"type":"Point","coordinates":[18.544535,49.967383]}},{"type":"Feature","properties":{"t":"sch","sid":"s554","name":"MSZANA, WODZISŁAWSKA SKRZYŻOWANIE","imp":0.111,"d":1430},"geometry":{"type":"Point","coordinates":[18.551666,49.979403]}},{"type":"Feature","properties":{"t":"vec","sid":"s555","d":1306},"geometry":{"type":"LineString","coordinates":[[18.51343,49.982088],[18.526968,49.989979]]}},{"type":"Feature","properties":{"t":"gps","sid":"s555"},"geometry":{"type":"Point","coordinates":[18.51343,49.982088]}},{"type":"Feature","properties":{"t":"sch","sid":"s555","name":"MSZANA, WODZISŁAWSKA UCHYTÓW","imp":0.094,"d":1306},"geometry":{"type":"Point","coordinates":[18.526968,49.989979]}},{"type":"Feature","properties":{"t":"vec","sid":"s556","d":6960},"geometry":{"type":"LineString","coordinates":[[18.34641,50.01142],[18.442812,50.020532]]}},{"type":"Feature","properties":{"t":"gps","sid":"s556"},"geometry":{"type":"Point","coordinates":[18.34641,50.01142]}},{"type":"Feature","properties":{"t":"sch","sid":"s556","name":"NIEBOCZOWY, DĄBROWY","imp":0.048,"d":6960},"geometry":{"type":"Point","coordinates":[18.442812,50.020532]}},{"type":"Feature","properties":{"t":"vec","sid":"s557","d":6648},"geometry":{"type":"LineString","coordinates":[[18.34639,50.01131],[18.437324,50.024058]]}},{"type":"Feature","properties":{"t":"gps","sid":"s557"},"geometry":{"type":"Point","coordinates":[18.34639,50.01131]}},{"type":"Feature","properties":{"t":"sch","sid":"s557","name":"NIEBOCZOWY, DĄBROWY","imp":0.048,"d":6648},"geometry":{"type":"Point","coordinates":[18.437324,50.024058]}},{"type":"Feature","properties":{"t":"vec","sid":"s558","d":6932},"geometry":{"type":"LineString","coordinates":[[18.34053,50.01003],[18.435494,50.022882]]}},{"type":"Feature","properties":{"t":"gps","sid":"s558"},"geometry":{"type":"Point","coordinates":[18.34053,50.01003]}},{"type":"Feature","properties":{"t":"sch","sid":"s558","name":"NIEBOCZOWY, WENDELBERGERA","imp":0.048,"d":6932},"geometry":{"type":"Point","coordinates":[18.435494,50.022882]}},{"type":"Feature","properties":{"t":"vec","sid":"s559","d":7117},"geometry":{"type":"LineString","coordinates":[[18.34032,50.01002],[18.439153,50.018182]]}},{"type":"Feature","properties":{"t":"gps","sid":"s559"},"geometry":{"type":"Point","coordinates":[18.34032,50.01002]}},{"type":"Feature","properties":{"t":"sch","sid":"s559","name":"NIEBOCZOWY, WENDELBERGERA","imp":0.048,"d":7117},"geometry":{"type":"Point","coordinates":[18.439153,50.018182]}},{"type":"Feature","properties":{"t":"vec","sid":"s560","d":6983},"geometry":{"type":"LineString","coordinates":[[18.34478,50.00814],[18.440983,50.019357]]}},{"type":"Feature","properties":{"t":"gps","sid":"s560"},"geometry":{"type":"Point","coordinates":[18.34478,50.00814]}},{"type":"Feature","properties":{"t":"sch","sid":"s560","name":"NIEBOCZOWY, WIEJSKA","imp":0.048,"d":6983},"geometry":{"type":"Point","coordinates":[18.440983,50.019357]}},{"type":"Feature","properties":{"t":"vec","sid":"s561","d":6774},"geometry":{"type":"LineString","coordinates":[[18.34461,50.00816],[18.436409,50.02347]]}},{"type":"Feature","properties":{"t":"gps","sid":"s561"},"geometry":{"type":"Point","coordinates":[18.34461,50.00816]}},{"type":"Feature","properties":{"t":"sch","sid":"s561","name":"NIEBOCZOWY, WIEJSKA","imp":0.048,"d":6774},"geometry":{"type":"Point","coordinates":[18.436409,50.02347]}},{"type":"Feature","properties":{"t":"vec","sid":"s562","d":9411},"geometry":{"type":"LineString","coordinates":[[18.31858,49.97074],[18.441897,50.000555]]}},{"type":"Feature","properties":{"t":"gps","sid":"s562"},"geometry":{"type":"Point","coordinates":[18.31858,49.97074]}},{"type":"Feature","properties":{"t":"sch","sid":"s562","name":"ODRA, GŁÓWNA PĘTLA","imp":0.07,"d":9411},"geometry":{"type":"Point","coordinates":[18.441897,50.000555]}},{"type":"Feature","properties":{"t":"vec","sid":"s563","d":9024},"geometry":{"type":"LineString","coordinates":[[18.3263,49.96984],[18.444135,49.999118]]}},{"type":"Feature","properties":{"t":"gps","sid":"s563"},"geometry":{"type":"Point","coordinates":[18.3263,49.96984]}},{"type":"Feature","properties":{"t":"sch","sid":"s563","name":"ODRA, GŁÓWNA ROGOWSKA","imp":0.048,"d":9024},"geometry":{"type":"Point","coordinates":[18.444135,49.999118]}},{"type":"Feature","properties":{"t":"vec","sid":"s564","d":9132},"geometry":{"type":"LineString","coordinates":[[18.32621,49.96989],[18.444938,50.000365]]}},{"type":"Feature","properties":{"t":"gps","sid":"s564"},"geometry":{"type":"Point","coordinates":[18.32621,49.96989]}},{"type":"Feature","properties":{"t":"sch","sid":"s564","name":"ODRA, GŁÓWNA ROGOWSKA","imp":0.048,"d":9132},"geometry":{"type":"Point","coordinates":[18.444938,50.000365]}},{"type":"Feature","properties":{"t":"vec","sid":"s565","d":8177},"geometry":{"type":"LineString","coordinates":[[18.35564,49.95576],[18.455321,49.991933]]}},{"type":"Feature","properties":{"t":"gps","sid":"s565"},"geometry":{"type":"Point","coordinates":[18.35564,49.95576]}},{"type":"Feature","properties":{"t":"sch","sid":"s565","name":"OLZA","imp":0.048,"d":8177},"geometry":{"type":"Point","coordinates":[18.455321,49.991933]}},{"type":"Feature","properties":{"t":"vec","sid":"s566","d":8274},"geometry":{"type":"LineString","coordinates":[[18.35578,49.95599],[18.456125,49.993179]]}},{"type":"Feature","properties":{"t":"gps","sid":"s566"},"geometry":{"type":"Point","coordinates":[18.35578,49.95599]}},{"type":"Feature","properties":{"t":"sch","sid":"s566","name":"OLZA","imp":0.048,"d":8274},"geometry":{"type":"Point","coordinates":[18.456125,49.993179]}},{"type":"Feature","properties":{"t":"vec","sid":"s567","d":9280},"geometry":{"type":"LineString","coordinates":[[18.33888,49.95461],[18.451651,49.996053]]}},{"type":"Feature","properties":{"t":"gps","sid":"s567"},"geometry":{"type":"Point","coordinates":[18.33888,49.95461]}},{"type":"Feature","properties":{"t":"sch","sid":"s567","name":"OLZA, DWORCOWA BOGUMIŃSKA","imp":0.048,"d":9280},"geometry":{"type":"Point","coordinates":[18.451651,49.996053]}},{"type":"Feature","properties":{"t":"vec","sid":"s568","d":8872},"geometry":{"type":"LineString","coordinates":[[18.33736,49.96075],[18.448609,49.996244]]}},{"type":"Feature","properties":{"t":"gps","sid":"s568"},"geometry":{"type":"Point","coordinates":[18.33736,49.96075]}},{"type":"Feature","properties":{"t":"sch","sid":"s568","name":"OLZA, DWORCOWA DWORZEC KOLEJOWY","imp":0.048,"d":8872},"geometry":{"type":"Point","coordinates":[18.448609,49.996244]}},{"type":"Feature","properties":{"t":"vec","sid":"s569","d":8992},"geometry":{"type":"LineString","coordinates":[[18.33751,49.96043],[18.449413,49.99749]]}},{"type":"Feature","properties":{"t":"gps","sid":"s569"},"geometry":{"type":"Point","coordinates":[18.33751,49.96043]}},{"type":"Feature","properties":{"t":"sch","sid":"s569","name":"OLZA, DWORCOWA DWORZEC KOLEJOWY","imp":0.048,"d":8992},"geometry":{"type":"Point","coordinates":[18.449413,49.99749]}},{"type":"Feature","properties":{"t":"vec","sid":"s570","d":8582},"geometry":{"type":"LineString","coordinates":[[18.33596,49.96724],[18.446372,49.997681]]}},{"type":"Feature","properties":{"t":"gps","sid":"s570"},"geometry":{"type":"Point","coordinates":[18.33596,49.96724]}},{"type":"Feature","properties":{"t":"sch","sid":"s570","name":"OLZA, DWORCOWA OSIEDLE","imp":0.048,"d":8582},"geometry":{"type":"Point","coordinates":[18.446372,49.997681]}},{"type":"Feature","properties":{"t":"vec","sid":"s571","d":8687},"geometry":{"type":"LineString","coordinates":[[18.33612,49.96707],[18.447176,49.998928]]}},{"type":"Feature","properties":{"t":"gps","sid":"s571"},"geometry":{"type":"Point","coordinates":[18.33612,49.96707]}},{"type":"Feature","properties":{"t":"sch","sid":"s571","name":"OLZA, DWORCOWA OSIEDLE","imp":0.048,"d":8687},"geometry":{"type":"Point","coordinates":[18.447176,49.998928]}},{"type":"Feature","properties":{"t":"vec","sid":"s572","d":9136},"geometry":{"type":"LineString","coordinates":[[18.33987,49.95395],[18.450847,49.994807]]}},{"type":"Feature","properties":{"t":"gps","sid":"s572"},"geometry":{"type":"Point","coordinates":[18.33987,49.95395]}},{"type":"Feature","properties":{"t":"sch","sid":"s572","name":"OLZA, SKRZYŻOWANIE","imp":0.048,"d":9136},"geometry":{"type":"Point","coordinates":[18.450847,49.994807]}},{"type":"Feature","properties":{"t":"vec","sid":"s573","d":8789},"geometry":{"type":"LineString","coordinates":[[18.34601,49.95442],[18.453084,49.99337]]}},{"type":"Feature","properties":{"t":"gps","sid":"s573"},"geometry":{"type":"Point","coordinates":[18.34601,49.95442]}},{"type":"Feature","properties":{"t":"sch","sid":"s573","name":"OLZA, SZKOŁA","imp":0.048,"d":8789},"geometry":{"type":"Point","coordinates":[18.453084,49.99337]}},{"type":"Feature","properties":{"t":"vec","sid":"s574","d":8833},"geometry":{"type":"LineString","coordinates":[[18.34706,49.95459],[18.453888,49.994616]]}},{"type":"Feature","properties":{"t":"gps","sid":"s574"},"geometry":{"type":"Point","coordinates":[18.34706,49.95459]}},{"type":"Feature","properties":{"t":"sch","sid":"s574","name":"OLZA, SZKOŁA","imp":0.048,"d":8833},"geometry":{"type":"Point","coordinates":[18.453888,49.994616]}},{"type":"Feature","properties":{"t":"vec","sid":"s575","d":4061},"geometry":{"type":"LineString","coordinates":[[18.46427,49.95075],[18.499526,49.979403]]}},{"type":"Feature","properties":{"t":"gps","sid":"s575"},"geometry":{"type":"Point","coordinates":[18.46427,49.95075]}},{"type":"Feature","properties":{"t":"sch","sid":"s575","name":"PODBUCZE, WIEJSKA SKLEP","imp":0.082,"d":4061},"geometry":{"type":"Point","coordinates":[18.499526,49.979403]}},{"type":"Feature","properties":{"t":"vec","sid":"s576","d":311},"geometry":{"type":"LineString","coordinates":[[18.525403,49.999383],[18.528173,50.001544]]}},{"type":"Feature","properties":{"t":"gps","sid":"s576"},"geometry":{"type":"Point","coordinates":[18.525403,49.999383]}},{"type":"Feature","properties":{"t":"sch","sid":"s576","name":"POŁOMIA, CENTRALNA FOLWARK","imp":0.048,"d":311},"geometry":{"type":"Point","coordinates":[18.528173,50.001544]}},{"type":"Feature","properties":{"t":"vec","sid":"s577","d":388},"geometry":{"type":"LineString","coordinates":[[18.5568,49.989355],[18.551666,49.988217]]}},{"type":"Feature","properties":{"t":"gps","sid":"s577"},"geometry":{"type":"Point","coordinates":[18.5568,49.989355]}},{"type":"Feature","properties":{"t":"sch","sid":"s577","name":"POŁOMIA, CENTRALNA KOŚCIÓŁ","imp":0.065,"d":388},"geometry":{"type":"Point","coordinates":[18.551666,49.988217]}},{"type":"Feature","properties":{"t":"vec","sid":"s578","d":280},"geometry":{"type":"LineString","coordinates":[[18.540315,49.99727],[18.537945,49.995267]]}},{"type":"Feature","properties":{"t":"gps","sid":"s578"},"geometry":{"type":"Point","coordinates":[18.540315,49.99727]}},{"type":"Feature","properties":{"t":"sch","sid":"s578","name":"POŁOMIA, CENTRALNA NA KOŃCU","imp":0.065,"d":280},"geometry":{"type":"Point","coordinates":[18.537945,49.995267]}},{"type":"Feature","properties":{"t":"vec","sid":"s582","d":4553},"geometry":{"type":"LineString","coordinates":[[18.397755,50.040385],[18.461107,50.035809]]}},{"type":"Feature","properties":{"t":"gps","sid":"s582"},"geometry":{"type":"Point","coordinates":[18.397755,50.040385]}},{"type":"Feature","properties":{"t":"sch","sid":"s582","name":"PSZÓW, DWORZEC AUTOBUSOWY","imp":0.223,"d":4553},"geometry":{"type":"Point","coordinates":[18.461107,50.035809]}},{"type":"Feature","properties":{"t":"vec","sid":"s583","d":4489},"geometry":{"type":"LineString","coordinates":[[18.39829,50.033458],[18.461107,50.03204]]}},{"type":"Feature","properties":{"t":"gps","sid":"s583"},"geometry":{"type":"Point","coordinates":[18.39829,50.033458]}},{"type":"Feature","properties":{"t":"sch","sid":"s583","name":"PSZÓW, I","imp":0.105,"d":4489},"geometry":{"type":"Point","coordinates":[18.461107,50.03204]}},{"type":"Feature","properties":{"t":"vec","sid":"s584","d":4156},"geometry":{"type":"LineString","coordinates":[[18.40298,50.02656],[18.461107,50.028271]]}},{"type":"Feature","properties":{"t":"gps","sid":"s584"},"geometry":{"type":"Point","coordinates":[18.40298,50.02656]}},{"type":"Feature","properties":{"t":"sch","sid":"s584","name":"PSZÓW, KIOSK","imp":0.105,"d":4156},"geometry":{"type":"Point","coordinates":[18.461107,50.028271]}},{"type":"Feature","properties":{"t":"vec","sid":"s585","d":3692},"geometry":{"type":"LineString","coordinates":[[18.42098,50.042557],[18.472084,50.037571]]}},{"type":"Feature","properties":{"t":"gps","sid":"s585"},"geometry":{"type":"Point","coordinates":[18.42098,50.042557]}},{"type":"Feature","properties":{"t":"sch","sid":"s585","name":"PSZÓW, KRASZEWSKIEGO","imp":0.094,"d":3692},"geometry":{"type":"Point","coordinates":[18.472084,50.037571]}},{"type":"Feature","properties":{"t":"vec","sid":"s586","d":4417},"geometry":{"type":"LineString","coordinates":[[18.40803,50.0428],[18.469339,50.037571]]}},{"type":"Feature","properties":{"t":"gps","sid":"s586"},"geometry":{"type":"Point","coordinates":[18.40803,50.0428]}},{"type":"Feature","properties":{"t":"sch","sid":"s586","name":"PSZÓW, KRASZEWSKIEGO BOISKO","imp":0.048,"d":4417},"geometry":{"type":"Point","coordinates":[18.469339,50.037571]}},{"type":"Feature","properties":{"t":"vec","sid":"s587","d":4404},"geometry":{"type":"LineString","coordinates":[[18.4082,50.04269],[18.469339,50.037571]]}},{"type":"Feature","properties":{"t":"gps","sid":"s587"},"geometry":{"type":"Point","coordinates":[18.4082,50.04269]}},{"type":"Feature","properties":{"t":"sch","sid":"s587","name":"PSZÓW, KRASZEWSKIEGO BOISKO","imp":0.077,"d":4404},"geometry":{"type":"Point","coordinates":[18.469339,50.037571]}},{"type":"Feature","properties":{"t":"vec","sid":"s588","d":5322},"geometry":{"type":"LineString","coordinates":[[18.38667,50.03421],[18.461107,50.032101]]}},{"type":"Feature","properties":{"t":"gps","sid":"s588"},"geometry":{"type":"Point","coordinates":[18.38667,50.03421]}},{"type":"Feature","properties":{"t":"sch","sid":"s588","name":"PSZÓW, PADEREWSKIEGO KRZYŻ","imp":0.048,"d":5322},"geometry":{"type":"Point","coordinates":[18.461107,50.032101]}},{"type":"Feature","properties":{"t":"vec","sid":"s589","d":4955},"geometry":{"type":"LineString","coordinates":[[18.38654,50.03428],[18.455854,50.032435]]}},{"type":"Feature","properties":{"t":"gps","sid":"s589"},"geometry":{"type":"Point","coordinates":[18.38654,50.03428]}},{"type":"Feature","properties":{"t":"sch","sid":"s589","name":"PSZÓW, PADEREWSKIEGO KRZYŻ","imp":0.048,"d":4955},"geometry":{"type":"Point","coordinates":[18.455854,50.032435]}},{"type":"Feature","properties":{"t":"vec","sid":"s590","d":5579},"geometry":{"type":"LineString","coordinates":[[18.38311,50.02567],[18.461107,50.028393]]}},{"type":"Feature","properties":{"t":"gps","sid":"s590"},"geometry":{"type":"Point","coordinates":[18.38311,50.02567]}},{"type":"Feature","properties":{"t":"sch","sid":"s590","name":"PSZÓW, PADEREWSKIEGO SZYBOWA","imp":0.048,"d":5579},"geometry":{"type":"Point","coordinates":[18.461107,50.028393]}},{"type":"Feature","properties":{"t":"vec","sid":"s591","d":5198},"geometry":{"type":"LineString","coordinates":[[18.38291,50.0256],[18.455618,50.027725]]}},{"type":"Feature","properties":{"t":"gps","sid":"s591"},"geometry":{"type":"Point","coordinates":[18.38291,50.0256]}},{"type":"Feature","properties":{"t":"sch","sid":"s591","name":"PSZÓW, PADEREWSKIEGO SZYBOWA","imp":0.048,"d":5198},"geometry":{"type":"Point","coordinates":[18.455618,50.027725]}},{"type":"Feature","properties":{"t":"vec","sid":"s592","d":14459},"geometry":{"type":"LineString","coordinates":[[18.22507,50.09558],[18.4172,50.054613]]}},{"type":"Feature","properties":{"t":"gps","sid":"s592"},"geometry":{"type":"Point","coordinates":[18.22507,50.09558]}},{"type":"Feature","properties":{"t":"sch","sid":"s592","name":"RACIBÓRZ, BOSACKA MOST ZAMKOWY","imp":0.048,"d":14459},"geometry":{"type":"Point","coordinates":[18.4172,50.054613]}},{"type":"Feature","properties":{"t":"vec","sid":"s593","d":14599},"geometry":{"type":"LineString","coordinates":[[18.2251,50.09582],[18.419592,50.055424]]}},{"type":"Feature","properties":{"t":"gps","sid":"s593"},"geometry":{"type":"Point","coordinates":[18.2251,50.09582]}},{"type":"Feature","properties":{"t":"sch","sid":"s593","name":"RACIBÓRZ, BOSACKA MOST ZAMKOWY","imp":0.048,"d":14599},"geometry":{"type":"Point","coordinates":[18.419592,50.055424]}},{"type":"Feature","properties":{"t":"vec","sid":"s594","d":14528},"geometry":{"type":"LineString","coordinates":[[18.22908,50.09532],[18.421985,50.053887]]}},{"type":"Feature","properties":{"t":"gps","sid":"s594"},"geometry":{"type":"Point","coordinates":[18.22908,50.09532]}},{"type":"Feature","properties":{"t":"sch","sid":"s594","name":"RACIBÓRZ, BOSACKA POLICJA","imp":0.048,"d":14528},"geometry":{"type":"Point","coordinates":[18.421985,50.053887]}},{"type":"Feature","properties":{"t":"vec","sid":"s595","d":14217},"geometry":{"type":"LineString","coordinates":[[18.22961,50.09502],[18.4172,50.052265]]}},{"type":"Feature","properties":{"t":"gps","sid":"s595"},"geometry":{"type":"Point","coordinates":[18.22961,50.09502]}},{"type":"Feature","properties":{"t":"sch","sid":"s595","name":"RACIBÓRZ, BOSACKA POLICJA","imp":0.048,"d":14217},"geometry":{"type":"Point","coordinates":[18.4172,50.052265]}},{"type":"Feature","properties":{"t":"vec","sid":"s596","d":11255},"geometry":{"type":"LineString","coordinates":[[18.26516,50.06713],[18.4172,50.040524]]}},{"type":"Feature","properties":{"t":"gps","sid":"s596"},"geometry":{"type":"Point","coordinates":[18.26516,50.06713]}},{"type":"Feature","properties":{"t":"sch","sid":"s596","name":"RACIBÓRZ, BRZESKA","imp":0.048,"d":11255},"geometry":{"type":"Point","coordinates":[18.4172,50.040524]}},{"type":"Feature","properties":{"t":"vec","sid":"s597","d":12269},"geometry":{"type":"LineString","coordinates":[[18.2653,50.06718],[18.433947,50.046203]]}},{"type":"Feature","properties":{"t":"gps","sid":"s597"},"geometry":{"type":"Point","coordinates":[18.2653,50.06718]}},{"type":"Feature","properties":{"t":"sch","sid":"s597","name":"RACIBÓRZ, BRZESKA","imp":0.048,"d":12269},"geometry":{"type":"Point","coordinates":[18.433947,50.046203]}},{"type":"Feature","properties":{"t":"vec","sid":"s598","d":11644},"geometry":{"type":"LineString","coordinates":[[18.26139,50.07369],[18.4172,50.042872]]}},{"type":"Feature","properties":{"t":"gps","sid":"s598"},"geometry":{"type":"Point","coordinates":[18.26139,50.07369]}},{"type":"Feature","properties":{"t":"sch","sid":"s598","name":"RACIBÓRZ, BRZESKA MYŚLIWCA","imp":0.048,"d":11644},"geometry":{"type":"Point","coordinates":[18.4172,50.042872]}},{"type":"Feature","properties":{"t":"vec","sid":"s599","d":12484},"geometry":{"type":"LineString","coordinates":[[18.26152,50.07376],[18.431555,50.04774]]}},{"type":"Feature","properties":{"t":"gps","sid":"s599"},"geometry":{"type":"Point","coordinates":[18.26152,50.07376]}},{"type":"Feature","properties":{"t":"sch","sid":"s599","name":"RACIBÓRZ, BRZESKA MYŚLIWCA","imp":0.048,"d":12484},"geometry":{"type":"Point","coordinates":[18.431555,50.04774]}},{"type":"Feature","properties":{"t":"vec","sid":"s600","d":10781},"geometry":{"type":"LineString","coordinates":[[18.27076,50.05845],[18.418474,50.038515]]}},{"type":"Feature","properties":{"t":"gps","sid":"s600"},"geometry":{"type":"Point","coordinates":[18.27076,50.05845]}},{"type":"Feature","properties":{"t":"sch","sid":"s600","name":"RACIBÓRZ, BRZESKA OGRÓDKI","imp":0.048,"d":10781},"geometry":{"type":"Point","coordinates":[18.418474,50.038515]}},{"type":"Feature","properties":{"t":"vec","sid":"s601","d":11815},"geometry":{"type":"LineString","coordinates":[[18.27217,50.05774],[18.43634,50.044666]]}},{"type":"Feature","properties":{"t":"gps","sid":"s601"},"geometry":{"type":"Point","coordinates":[18.27217,50.05774]}},{"type":"Feature","properties":{"t":"sch","sid":"s601","name":"RACIBÓRZ, BRZESKA OGRÓDKI","imp":0.048,"d":11815},"geometry":{"type":"Point","coordinates":[18.43634,50.044666]}},{"type":"Feature","properties":{"t":"vec","sid":"s602","d":12635},"geometry":{"type":"LineString","coordinates":[[18.25798,50.07795],[18.429162,50.049277]]}},{"type":"Feature","properties":{"t":"gps","sid":"s602"},"geometry":{"type":"Point","coordinates":[18.25798,50.07795]}},{"type":"Feature","properties":{"t":"sch","sid":"s602","name":"RACIBÓRZ, BRZESKA TOROWA","imp":0.048,"d":12635},"geometry":{"type":"Point","coordinates":[18.429162,50.049277]}},{"type":"Feature","properties":{"t":"vec","sid":"s603","d":11951},"geometry":{"type":"LineString","coordinates":[[18.25775,50.07781],[18.4172,50.04522]]}},{"type":"Feature","properties":{"t":"gps","sid":"s603"},"geometry":{"type":"Point","coordinates":[18.25775,50.07781]}},{"type":"Feature","properties":{"t":"sch","sid":"s603","name":"RACIBÓRZ, BRZESKA TOROWA","imp":0.048,"d":11951},"geometry":{"type":"Point","coordinates":[18.4172,50.04522]}},{"type":"Feature","properties":{"t":"vec","sid":"s604","d":12233},"geometry":{"type":"LineString","coordinates":[[18.25809,50.08829],[18.4172,50.047568]]}},{"type":"Feature","properties":{"t":"gps","sid":"s604"},"geometry":{"type":"Point","coordinates":[18.25809,50.08829]}},{"type":"Feature","properties":{"t":"sch","sid":"s604","name":"RACIBÓRZ, DĘBICZ","imp":0.048,"d":12233},"geometry":{"type":"Point","coordinates":[18.4172,50.047568]}},{"type":"Feature","properties":{"t":"vec","sid":"s605","d":12748},"geometry":{"type":"LineString","coordinates":[[18.25818,50.08845],[18.42677,50.050813]]}},{"type":"Feature","properties":{"t":"gps","sid":"s605"},"geometry":{"type":"Point","coordinates":[18.25818,50.08845]}},{"type":"Feature","properties":{"t":"sch","sid":"s605","name":"RACIBÓRZ, DĘBICZ","imp":0.048,"d":12748},"geometry":{"type":"Point","coordinates":[18.42677,50.050813]}},{"type":"Feature","properties":{"t":"vec","sid":"s606","d":14242},"geometry":{"type":"LineString","coordinates":[[18.22549,50.09221],[18.4172,50.056961]]}},{"type":"Feature","properties":{"t":"gps","sid":"s606"},"geometry":{"type":"Point","coordinates":[18.22549,50.09221]}},{"type":"Feature","properties":{"t":"sch","sid":"s606","name":"RACIBÓRZ, DWORZEC AUTOBUSOWY","imp":0.07,"d":14242},"geometry":{"type":"Point","coordinates":[18.4172,50.056961]}},{"type":"Feature","properties":{"t":"vec","sid":"s607","d":13968},"geometry":{"type":"LineString","coordinates":[[18.23433,50.09445],[18.4172,50.049917]]}},{"type":"Feature","properties":{"t":"gps","sid":"s607"},"geometry":{"type":"Point","coordinates":[18.23433,50.09445]}},{"type":"Feature","properties":{"t":"sch","sid":"s607","name":"RACIBÓRZ, RYBNICKA FABRYCZNA","imp":0.048,"d":13968},"geometry":{"type":"Point","coordinates":[18.4172,50.049917]}},{"type":"Feature","properties":{"t":"vec","sid":"s608","d":14325},"geometry":{"type":"LineString","coordinates":[[18.23488,50.09456],[18.424377,50.05235]]}},{"type":"Feature","properties":{"t":"gps","sid":"s608"},"geometry":{"type":"Point","coordinates":[18.23488,50.09456]}},{"type":"Feature","properties":{"t":"sch","sid":"s608","name":"RACIBÓRZ, RYBNICKA FABRYCZNA","imp":0.048,"d":14325},"geometry":{"type":"Point","coordinates":[18.424377,50.05235]}},{"type":"Feature","properties":{"t":"vec","sid":"s609","d":3330},"geometry":{"type":"LineString","coordinates":[[18.428473,50.040823],[18.474828,50.037571]]}},{"type":"Feature","properties":{"t":"gps","sid":"s609"},"geometry":{"type":"Point","coordinates":[18.428473,50.040823]}},{"type":"Feature","properties":{"t":"sch","sid":"s609","name":"RADLIN, CHROBREGO","imp":0.132,"d":3330},"geometry":{"type":"Point","coordinates":[18.474828,50.037571]}},{"type":"Feature","properties":{"t":"vec","sid":"s610","d":1853},"geometry":{"type":"LineString","coordinates":[[18.458027,50.041937],[18.48306,50.037571]]}},{"type":"Feature","properties":{"t":"gps","sid":"s610"},"geometry":{"type":"Point","coordinates":[18.458027,50.041937]}},{"type":"Feature","properties":{"t":"sch","sid":"s610","name":"RADLIN, KOMINKA OSIEDLE","imp":0.111,"d":1853},"geometry":{"type":"Point","coordinates":[18.48306,50.037571]}},{"type":"Feature","properties":{"t":"vec","sid":"s612","d":7478},"geometry":{"type":"LineString","coordinates":[[18.34957,49.99065],[18.45013,50.009369]]}},{"type":"Feature","properties":{"t":"gps","sid":"s612"},"geometry":{"type":"Point","coordinates":[18.34957,49.99065]}},{"type":"Feature","properties":{"t":"sch","sid":"s612","name":"ROGÓW, RACIBORSKA","imp":0.048,"d":7478},"geometry":{"type":"Point","coordinates":[18.45013,50.009369]}},{"type":"Feature","properties":{"t":"vec","sid":"s613","d":7552},"geometry":{"type":"LineString","coordinates":[[18.35133,49.99042],[18.452874,50.009369]]}},{"type":"Feature","properties":{"t":"gps","sid":"s613"},"geometry":{"type":"Point","coordinates":[18.35133,49.99042]}},{"type":"Feature","properties":{"t":"sch","sid":"s613","name":"ROGÓW, RACIBORSKA","imp":0.065,"d":7552},"geometry":{"type":"Point","coordinates":[18.452874,50.009369]}},{"type":"Feature","properties":{"t":"vec","sid":"s614","d":7449},"geometry":{"type":"LineString","coordinates":[[18.34581,49.99417],[18.447386,50.009369]]}},{"type":"Feature","properties":{"t":"gps","sid":"s614"},"geometry":{"type":"Point","coordinates":[18.34581,49.99417]}},{"type":"Feature","properties":{"t":"sch","sid":"s614","name":"ROGÓW, RACIBORSKA WYTRZĘSÓW","imp":0.048,"d":7449},"geometry":{"type":"Point","coordinates":[18.447386,50.009369]}},{"type":"Feature","properties":{"t":"vec","sid":"s615","d":7570},"geometry":{"type":"LineString","coordinates":[[18.34589,49.99419],[18.449215,50.009369]]}},{"type":"Feature","properties":{"t":"gps","sid":"s615"},"geometry":{"type":"Point","coordinates":[18.34589,49.99419]}},{"type":"Feature","properties":{"t":"sch","sid":"s615","name":"ROGÓW, RACIBORSKA WYTRZĘSÓW","imp":0.048,"d":7570},"geometry":{"type":"Point","coordinates":[18.449215,50.009369]}},{"type":"Feature","properties":{"t":"vec","sid":"s623","d":3970},"geometry":{"type":"LineString","coordinates":[[18.42671,50.067845],[18.477572,50.053435]]}},{"type":"Feature","properties":{"t":"gps","sid":"s623"},"geometry":{"type":"Point","coordinates":[18.42671,50.067845]}},{"type":"Feature","properties":{"t":"sch","sid":"s623","name":"RYDUŁTOWY, PKP","imp":0.098,"d":3970},"geometry":{"type":"Point","coordinates":[18.477572,50.053435]}},{"type":"Feature","properties":{"t":"vec","sid":"s624","d":5973},"geometry":{"type":"LineString","coordinates":[[18.52815,49.90696],[18.541257,49.960014]]}},{"type":"Feature","properties":{"t":"gps","sid":"s624"},"geometry":{"type":"Point","coordinates":[18.52815,49.90696]}},{"type":"Feature","properties":{"t":"sch","sid":"s624","name":"SKRBEŃSKO, PIOTROWICKA","imp":0.048,"d":5973},"geometry":{"type":"Point","coordinates":[18.541257,49.960014]}},{"type":"Feature","properties":{"t":"vec","sid":"s625","d":5777},"geometry":{"type":"LineString","coordinates":[[18.52816,49.9069],[18.540453,49.958251]]}},{"type":"Feature","properties":{"t":"gps","sid":"s625"},"geometry":{"type":"Point","coordinates":[18.52816,49.9069]}},{"type":"Feature","properties":{"t":"sch","sid":"s625","name":"SKRBEŃSKO, PIOTROWICKA","imp":0.048,"d":5777},"geometry":{"type":"Point","coordinates":[18.540453,49.958251]}},{"type":"Feature","properties":{"t":"vec","sid":"s626","d":5729},"geometry":{"type":"LineString","coordinates":[[18.51966,49.91],[18.538948,49.960014]]}},{"type":"Feature","properties":{"t":"gps","sid":"s626"},"geometry":{"type":"Point","coordinates":[18.51966,49.91]}},{"type":"Feature","properties":{"t":"sch","sid":"s626","name":"SKRBEŃSKO, PIOTROWICKA WACHTARCZYK","imp":0.048,"d":5729},"geometry":{"type":"Point","coordinates":[18.538948,49.960014]}},{"type":"Feature","properties":{"t":"vec","sid":"s627","d":5525},"geometry":{"type":"LineString","coordinates":[[18.51948,49.90997],[18.537756,49.958251]]}},{"type":"Feature","properties":{"t":"gps","sid":"s627"},"geometry":{"type":"Point","coordinates":[18.51948,49.90997]}},{"type":"Feature","properties":{"t":"sch","sid":"s627","name":"SKRBEŃSKO, PIOTROWICKA WACHTARCZYK","imp":0.048,"d":5525},"geometry":{"type":"Point","coordinates":[18.537756,49.958251]}},{"type":"Feature","properties":{"t":"vec","sid":"s628","d":5974},"geometry":{"type":"LineString","coordinates":[[18.53676,49.90647],[18.543566,49.960014]]}},{"type":"Feature","properties":{"t":"gps","sid":"s628"},"geometry":{"type":"Point","coordinates":[18.53676,49.90647]}},{"type":"Feature","properties":{"t":"sch","sid":"s628","name":"SKRBEŃSKO, POPRZECZNA GRANICA","imp":0.048,"d":5974},"geometry":{"type":"Point","coordinates":[18.543566,49.960014]}},{"type":"Feature","properties":{"t":"vec","sid":"s629","d":5778},"geometry":{"type":"LineString","coordinates":[[18.53686,49.90645],[18.54315,49.958251]]}},{"type":"Feature","properties":{"t":"gps","sid":"s629"},"geometry":{"type":"Point","coordinates":[18.53686,49.90645]}},{"type":"Feature","properties":{"t":"sch","sid":"s629","name":"SKRBEŃSKO, POPRZECZNA GRANICA","imp":0.048,"d":5778},"geometry":{"type":"Point","coordinates":[18.54315,49.958251]}},{"type":"Feature","properties":{"t":"vec","sid":"s630","d":3180},"geometry":{"type":"LineString","coordinates":[[18.49128,49.94984],[18.518735,49.972353]]}},{"type":"Feature","properties":{"t":"gps","sid":"s630"},"geometry":{"type":"Point","coordinates":[18.49128,49.94984]}},{"type":"Feature","properties":{"t":"sch","sid":"s630","name":"SKRZYSZÓW, 1 MAJA","imp":0.065,"d":3180},"geometry":{"type":"Point","coordinates":[18.518735,49.972353]}},{"type":"Feature","properties":{"t":"vec","sid":"s631","d":2819},"geometry":{"type":"LineString","coordinates":[[18.49164,49.95064],[18.515991,49.97059]]}},{"type":"Feature","properties":{"t":"gps","sid":"s631"},"geometry":{"type":"Point","coordinates":[18.49164,49.95064]}},{"type":"Feature","properties":{"t":"sch","sid":"s631","name":"SKRZYSZÓW, 1 MAJA","imp":0.065,"d":2819},"geometry":{"type":"Point","coordinates":[18.515991,49.97059]}},{"type":"Feature","properties":{"t":"vec","sid":"s634","d":4322},"geometry":{"type":"LineString","coordinates":[[18.48701,49.93714],[18.518735,49.970237]]}},{"type":"Feature","properties":{"t":"gps","sid":"s634"},"geometry":{"type":"Point","coordinates":[18.48701,49.93714]}},{"type":"Feature","properties":{"t":"sch","sid":"s634","name":"SKRZYSZÓW, 1 MAJA KORTY","imp":0.048,"d":4322},"geometry":{"type":"Point","coordinates":[18.518735,49.970237]}},{"type":"Feature","properties":{"t":"vec","sid":"s635","d":3951},"geometry":{"type":"LineString","coordinates":[[18.48699,49.93751],[18.515991,49.96777]]}},{"type":"Feature","properties":{"t":"gps","sid":"s635"},"geometry":{"type":"Point","coordinates":[18.48699,49.93751]}},{"type":"Feature","properties":{"t":"sch","sid":"s635","name":"SKRZYSZÓW, 1 MAJA KORTY","imp":0.048,"d":3951},"geometry":{"type":"Point","coordinates":[18.515991,49.96777]}},{"type":"Feature","properties":{"t":"vec","sid":"s636","d":2430},"geometry":{"type":"LineString","coordinates":[[18.49838,49.96189],[18.518735,49.979403]]}},{"type":"Feature","properties":{"t":"gps","sid":"s636"},"geometry":{"type":"Point","coordinates":[18.49838,49.96189]}},{"type":"Feature","properties":{"t":"sch","sid":"s636","name":"SKRZYSZÓW, 1 MAJA LEŚNICZÓWKA","imp":0.048,"d":2430},"geometry":{"type":"Point","coordinates":[18.518735,49.979403]}},{"type":"Feature","properties":{"t":"vec","sid":"s637","d":2342},"geometry":{"type":"LineString","coordinates":[[18.49811,49.96175],[18.515991,49.979403]]}},{"type":"Feature","properties":{"t":"gps","sid":"s637"},"geometry":{"type":"Point","coordinates":[18.49811,49.96175]}},{"type":"Feature","properties":{"t":"sch","sid":"s637","name":"SKRZYSZÓW, 1 MAJA LEŚNICZÓWKA","imp":0.048,"d":2342},"geometry":{"type":"Point","coordinates":[18.515991,49.979403]}},{"type":"Feature","properties":{"t":"vec","sid":"s638","d":3812},"geometry":{"type":"LineString","coordinates":[[18.4883,49.94313],[18.518735,49.971295]]}},{"type":"Feature","properties":{"t":"gps","sid":"s638"},"geometry":{"type":"Point","coordinates":[18.4883,49.94313]}},{"type":"Feature","properties":{"t":"sch","sid":"s638","name":"SKRZYSZÓW, 1 MAJA POLNA","imp":0.048,"d":3812},"geometry":{"type":"Point","coordinates":[18.518735,49.971295]}},{"type":"Feature","properties":{"t":"vec","sid":"s639","d":3534},"geometry":{"type":"LineString","coordinates":[[18.48812,49.94292],[18.515991,49.96918]]}},{"type":"Feature","properties":{"t":"gps","sid":"s639"},"geometry":{"type":"Point","coordinates":[18.48812,49.94292]}},{"type":"Feature","properties":{"t":"sch","sid":"s639","name":"SKRZYSZÓW, 1 MAJA POLNA","imp":0.048,"d":3534},"geometry":{"type":"Point","coordinates":[18.515991,49.96918]}},{"type":"Feature","properties":{"t":"vec","sid":"s640","d":2909},"geometry":{"type":"LineString","coordinates":[[18.49439,49.9549],[18.518735,49.975878]]}},{"type":"Feature","properties":{"t":"gps","sid":"s640"},"geometry":{"type":"Point","coordinates":[18.49439,49.9549]}},{"type":"Feature","properties":{"t":"sch","sid":"s640","name":"SKRZYSZÓW, 1 MAJA SZKOŁA","imp":0.065,"d":2909},"geometry":{"type":"Point","coordinates":[18.518735,49.975878]}},{"type":"Feature","properties":{"t":"vec","sid":"s641","d":3038},"geometry":{"type":"LineString","coordinates":[[18.49384,49.95432],[18.515991,49.977641]]}},{"type":"Feature","properties":{"t":"gps","sid":"s641"},"geometry":{"type":"Point","coordinates":[18.49384,49.95432]}},{"type":"Feature","properties":{"t":"sch","sid":"s641","name":"SKRZYSZÓW, 1 MAJA SZKOŁA","imp":0.065,"d":3038},"geometry":{"type":"Point","coordinates":[18.515991,49.977641]}},{"type":"Feature","properties":{"t":"vec","sid":"s649","d":7656},"geometry":{"type":"LineString","coordinates":[[18.33844,50.02392],[18.445556,50.026408]]}},{"type":"Feature","properties":{"t":"gps","sid":"s649"},"geometry":{"type":"Point","coordinates":[18.33844,50.02392]}},{"type":"Feature","properties":{"t":"sch","sid":"s649","name":"SYRYNIA, 3 MAJA","imp":0.048,"d":7656},"geometry":{"type":"Point","coordinates":[18.445556,50.026408]}},{"type":"Feature","properties":{"t":"vec","sid":"s650","d":7480},"geometry":{"type":"LineString","coordinates":[[18.33856,50.02391],[18.443269,50.025233]]}},{"type":"Feature","properties":{"t":"gps","sid":"s650"},"geometry":{"type":"Point","coordinates":[18.33856,50.02391]}},{"type":"Feature","properties":{"t":"sch","sid":"s650","name":"SYRYNIA, 3 MAJA","imp":0.048,"d":7480},"geometry":{"type":"Point","coordinates":[18.443269,50.025233]}},{"type":"Feature","properties":{"t":"vec","sid":"s651","d":7206},"geometry":{"type":"LineString","coordinates":[[18.34346,50.01867],[18.444073,50.02347]]}},{"type":"Feature","properties":{"t":"gps","sid":"s651"},"geometry":{"type":"Point","coordinates":[18.34346,50.01867]}},{"type":"Feature","properties":{"t":"sch","sid":"s651","name":"SYRYNIA, BUKOWSKA BOISKO","imp":0.048,"d":7206},"geometry":{"type":"Point","coordinates":[18.444073,50.02347]}},{"type":"Feature","properties":{"t":"vec","sid":"s652","d":6874},"geometry":{"type":"LineString","coordinates":[[18.34247,50.01847],[18.438238,50.024645]]}},{"type":"Feature","properties":{"t":"gps","sid":"s652"},"geometry":{"type":"Point","coordinates":[18.34247,50.01847]}},{"type":"Feature","properties":{"t":"sch","sid":"s652","name":"SYRYNIA, BUKOWSKA BOISKO","imp":0.048,"d":6874},"geometry":{"type":"Point","coordinates":[18.438238,50.024645]}},{"type":"Feature","properties":{"t":"vec","sid":"s655","d":7956},"geometry":{"type":"LineString","coordinates":[[18.32534,50.02304],[18.436568,50.026893]]}},{"type":"Feature","properties":{"t":"gps","sid":"s655"},"geometry":{"type":"Point","coordinates":[18.32534,50.02304]}},{"type":"Feature","properties":{"t":"sch","sid":"s655","name":"SYRYNIA, KRZYŻOWA","imp":0.048,"d":7956},"geometry":{"type":"Point","coordinates":[18.436568,50.026893]}},{"type":"Feature","properties":{"t":"vec","sid":"s656","d":8368},"geometry":{"type":"LineString","coordinates":[[18.32537,50.02316],[18.441897,50.030931]]}},{"type":"Feature","properties":{"t":"gps","sid":"s656"},"geometry":{"type":"Point","coordinates":[18.32537,50.02316]}},{"type":"Feature","properties":{"t":"sch","sid":"s656","name":"SYRYNIA, KRZYŻOWA","imp":0.048,"d":8368},"geometry":{"type":"Point","coordinates":[18.441897,50.030931]}},{"type":"Feature","properties":{"t":"vec","sid":"s657","d":7474},"geometry":{"type":"LineString","coordinates":[[18.33658,50.02605],[18.441211,50.025233]]}},{"type":"Feature","properties":{"t":"gps","sid":"s657"},"geometry":{"type":"Point","coordinates":[18.33658,50.02605]}},{"type":"Feature","properties":{"t":"sch","sid":"s657","name":"SYRYNIA, POPRZECZNA PRZEDSZKOLE","imp":0.048,"d":7474},"geometry":{"type":"Point","coordinates":[18.441211,50.025233]}},{"type":"Feature","properties":{"t":"vec","sid":"s658","d":7781},"geometry":{"type":"LineString","coordinates":[[18.33482,50.0258],[18.443727,50.027583]]}},{"type":"Feature","properties":{"t":"gps","sid":"s658"},"geometry":{"type":"Point","coordinates":[18.33482,50.0258]}},{"type":"Feature","properties":{"t":"sch","sid":"s658","name":"SYRYNIA, POPRZECZNA PRZEDSZKOLE","imp":0.048,"d":7781},"geometry":{"type":"Point","coordinates":[18.443727,50.027583]}},{"type":"Feature","properties":{"t":"vec","sid":"s659","d":7266},"geometry":{"type":"LineString","coordinates":[[18.34298,50.01922],[18.444642,50.021707]]}},{"type":"Feature","properties":{"t":"gps","sid":"s659"},"geometry":{"type":"Point","coordinates":[18.34298,50.01922]}},{"type":"Feature","properties":{"t":"sch","sid":"s659","name":"SYRYNIA, POWSTAŃCÓW ŚLĄSKICH BUKOWSKA","imp":0.079,"d":7266},"geometry":{"type":"Point","coordinates":[18.444642,50.021707]}},{"type":"Feature","properties":{"t":"vec","sid":"s660","d":7513},"geometry":{"type":"LineString","coordinates":[[18.33398,50.02405],[18.439153,50.025233]]}},{"type":"Feature","properties":{"t":"gps","sid":"s660"},"geometry":{"type":"Point","coordinates":[18.33398,50.02405]}},{"type":"Feature","properties":{"t":"sch","sid":"s660","name":"SYRYNIA, POWSTAŃCÓW ŚLĄSKICH SZKOŁA","imp":0.096,"d":7513},"geometry":{"type":"Point","coordinates":[18.439153,50.025233]}},{"type":"Feature","properties":{"t":"vec","sid":"s661","d":7715},"geometry":{"type":"LineString","coordinates":[[18.33413,50.02408],[18.441897,50.028758]]}},{"type":"Feature","properties":{"t":"gps","sid":"s661"},"geometry":{"type":"Point","coordinates":[18.33413,50.02408]}},{"type":"Feature","properties":{"t":"sch","sid":"s661","name":"SYRYNIA, POWSTAŃCÓW ŚLĄSKICH SZKOŁA","imp":0.079,"d":7715},"geometry":{"type":"Point","coordinates":[18.441897,50.028758]}},{"type":"Feature","properties":{"t":"vec","sid":"s662","d":7671},"geometry":{"type":"LineString","coordinates":[[18.33006,50.01359],[18.437324,50.017007]]}},{"type":"Feature","properties":{"t":"gps","sid":"s662"},"geometry":{"type":"Point","coordinates":[18.33006,50.01359]}},{"type":"Feature","properties":{"t":"sch","sid":"s662","name":"SYRYNIA, RACIBORSKA BUGLOWIEC","imp":0.048,"d":7671},"geometry":{"type":"Point","coordinates":[18.437324,50.017007]}},{"type":"Feature","properties":{"t":"vec","sid":"s663","d":7539},"geometry":{"type":"LineString","coordinates":[[18.32969,50.01471],[18.434579,50.022295]]}},{"type":"Feature","properties":{"t":"gps","sid":"s663"},"geometry":{"type":"Point","coordinates":[18.32969,50.01471]}},{"type":"Feature","properties":{"t":"sch","sid":"s663","name":"SYRYNIA, RACIBORSKA BUGLOWIEC","imp":0.048,"d":7539},"geometry":{"type":"Point","coordinates":[18.434579,50.022295]}},{"type":"Feature","properties":{"t":"vec","sid":"s666","d":6969},"geometry":{"type":"LineString","coordinates":[[18.35025,50.01933],[18.447386,50.025233]]}},{"type":"Feature","properties":{"t":"gps","sid":"s666"},"geometry":{"type":"Point","coordinates":[18.35025,50.01933]}},{"type":"Feature","properties":{"t":"sch","sid":"s666","name":"SYRYNIA, WODZISŁAWSKA","imp":0.065,"d":6969},"geometry":{"type":"Point","coordinates":[18.447386,50.025233]}},{"type":"Feature","properties":{"t":"vec","sid":"s667","d":6819},"geometry":{"type":"LineString","coordinates":[[18.3503,50.01936],[18.445328,50.025233]]}},{"type":"Feature","properties":{"t":"gps","sid":"s667"},"geometry":{"type":"Point","coordinates":[18.3503,50.01936]}},{"type":"Feature","properties":{"t":"sch","sid":"s667","name":"SYRYNIA, WODZISŁAWSKA","imp":0.048,"d":6819},"geometry":{"type":"Point","coordinates":[18.445328,50.025233]}},{"type":"Feature","properties":{"t":"vec","sid":"s668","d":3961},"geometry":{"type":"LineString","coordinates":[[18.43803,49.97223],[18.484433,49.991742]]}},{"type":"Feature","properties":{"t":"gps","sid":"s668"},"geometry":{"type":"Point","coordinates":[18.43803,49.97223]}},{"type":"Feature","properties":{"t":"sch","sid":"s668","name":"TURZA ŚLĄSKA","imp":0.062,"d":3961},"geometry":{"type":"Point","coordinates":[18.484433,49.991742]}},{"type":"Feature","properties":{"t":"vec","sid":"s669","d":3813},"geometry":{"type":"LineString","coordinates":[[18.43749,49.97226],[18.479401,49.993505]]}},{"type":"Feature","properties":{"t":"gps","sid":"s669"},"geometry":{"type":"Point","coordinates":[18.43749,49.97226]}},{"type":"Feature","properties":{"t":"sch","sid":"s669","name":"TURZA ŚLĄSKA","imp":0.062,"d":3813},"geometry":{"type":"Point","coordinates":[18.479401,49.993505]}},{"type":"Feature","properties":{"t":"vec","sid":"s670","d":4361},"geometry":{"type":"LineString","coordinates":[[18.4575,49.95161],[18.496781,49.981639]]}},{"type":"Feature","properties":{"t":"gps","sid":"s670"},"geometry":{"type":"Point","coordinates":[18.4575,49.95161]}},{"type":"Feature","properties":{"t":"sch","sid":"s670","name":"TURZA ŚLĄSKA GRANICZNA","imp":0.048,"d":4361},"geometry":{"type":"Point","coordinates":[18.496781,49.981639]}},{"type":"Feature","properties":{"t":"vec","sid":"s671","d":4438},"geometry":{"type":"LineString","coordinates":[[18.45771,49.95165],[18.499526,49.981166]]}},{"type":"Feature","properties":{"t":"gps","sid":"s671"},"geometry":{"type":"Point","coordinates":[18.45771,49.95165]}},{"type":"Feature","properties":{"t":"sch","sid":"s671","name":"TURZA ŚLĄSKA GRANICZNA","imp":0.048,"d":4438},"geometry":{"type":"Point","coordinates":[18.499526,49.981166]}},{"type":"Feature","properties":{"t":"vec","sid":"s672","d":3960},"geometry":{"type":"LineString","coordinates":[[18.43773,49.97114],[18.490929,49.981166]]}},{"type":"Feature","properties":{"t":"gps","sid":"s672"},"geometry":{"type":"Point","coordinates":[18.43773,49.97114]}},{"type":"Feature","properties":{"t":"sch","sid":"s672","name":"TURZA ŚLĄSKA ,KOŚCIUSZKI ,BOGUMIŃSKA","imp":0.048,"d":3960},"geometry":{"type":"Point","coordinates":[18.490929,49.981166]}},{"type":"Feature","properties":{"t":"vec","sid":"s673","d":3824},"geometry":{"type":"LineString","coordinates":[[18.43778,49.97123],[18.489792,49.979403]]}},{"type":"Feature","properties":{"t":"gps","sid":"s673"},"geometry":{"type":"Point","coordinates":[18.43778,49.97123]}},{"type":"Feature","properties":{"t":"sch","sid":"s673","name":"TURZA ŚLĄSKA ,KOŚCIUSZKI ,BOGUMIŃSKA","imp":0.048,"d":3824},"geometry":{"type":"Point","coordinates":[18.489792,49.979403]}},{"type":"Feature","properties":{"t":"vec","sid":"s674","d":4105},"geometry":{"type":"LineString","coordinates":[[18.44354,49.96579],[18.495796,49.981166]]}},{"type":"Feature","properties":{"t":"gps","sid":"s674"},"geometry":{"type":"Point","coordinates":[18.44354,49.96579]}},{"type":"Feature","properties":{"t":"sch","sid":"s674","name":"TURZA ŚLĄSKA, KOŚCIUSZKI SZKOŁA","imp":0.048,"d":4105},"geometry":{"type":"Point","coordinates":[18.495796,49.981166]}},{"type":"Feature","properties":{"t":"vec","sid":"s675","d":3947},"geometry":{"type":"LineString","coordinates":[[18.44358,49.96585],[18.494659,49.979403]]}},{"type":"Feature","properties":{"t":"gps","sid":"s675"},"geometry":{"type":"Point","coordinates":[18.44358,49.96585]}},{"type":"Feature","properties":{"t":"sch","sid":"s675","name":"TURZA ŚLĄSKA, KOŚCIUSZKI SZKOŁA","imp":0.048,"d":3947},"geometry":{"type":"Point","coordinates":[18.494659,49.979403]}},{"type":"Feature","properties":{"t":"vec","sid":"s676","d":2840},"geometry":{"type":"LineString","coordinates":[[18.46625,49.97545],[18.502002,49.986626]]}},{"type":"Feature","properties":{"t":"gps","sid":"s676"},"geometry":{"type":"Point","coordinates":[18.46625,49.97545]}},{"type":"Feature","properties":{"t":"sch","sid":"s676","name":"TURZA ŚLĄSKA, MSZAŃSKA","imp":0.048,"d":2840},"geometry":{"type":"Point","coordinates":[18.502002,49.986626]}},{"type":"Feature","properties":{"t":"vec","sid":"s677","d":3164},"geometry":{"type":"LineString","coordinates":[[18.46767,49.97519],[18.501577,49.993505]]}},{"type":"Feature","properties":{"t":"gps","sid":"s677"},"geometry":{"type":"Point","coordinates":[18.46767,49.97519]}},{"type":"Feature","properties":{"t":"sch","sid":"s677","name":"TURZA ŚLĄSKA, MSZAŃSKA","imp":0.048,"d":3164},"geometry":{"type":"Point","coordinates":[18.501577,49.993505]}},{"type":"Feature","properties":{"t":"vec","sid":"s678","d":3110},"geometry":{"type":"LineString","coordinates":[[18.45434,49.97936],[18.495007,49.989356]]}},{"type":"Feature","properties":{"t":"gps","sid":"s678"},"geometry":{"type":"Point","coordinates":[18.45434,49.97936]}},{"type":"Feature","properties":{"t":"sch","sid":"s678","name":"TURZA ŚLĄSKA, MSZAŃSKA 27 MARCA","imp":0.062,"d":3110},"geometry":{"type":"Point","coordinates":[18.495007,49.989356]}},{"type":"Feature","properties":{"t":"vec","sid":"s679","d":3205},"geometry":{"type":"LineString","coordinates":[[18.45426,49.97932],[18.492263,49.994644]]}},{"type":"Feature","properties":{"t":"gps","sid":"s679"},"geometry":{"type":"Point","coordinates":[18.45426,49.97932]}},{"type":"Feature","properties":{"t":"sch","sid":"s679","name":"TURZA ŚLĄSKA, MSZAŃSKA 27 MARCA","imp":0.062,"d":3205},"geometry":{"type":"Point","coordinates":[18.492263,49.994644]}},{"type":"Feature","properties":{"t":"vec","sid":"s680","d":3061},"geometry":{"type":"LineString","coordinates":[[18.4604,49.97699],[18.499526,49.988217]]}},{"type":"Feature","properties":{"t":"gps","sid":"s680"},"geometry":{"type":"Point","coordinates":[18.4604,49.97699]}},{"type":"Feature","properties":{"t":"sch","sid":"s680","name":"TURZA ŚLĄSKA, MSZAŃSKA WODZISŁAWSKA","imp":0.079,"d":3061},"geometry":{"type":"Point","coordinates":[18.499526,49.988217]}},{"type":"Feature","properties":{"t":"vec","sid":"s681","d":3192},"geometry":{"type":"LineString","coordinates":[[18.46035,49.97687],[18.496781,49.993505]]}},{"type":"Feature","properties":{"t":"gps","sid":"s681"},"geometry":{"type":"Point","coordinates":[18.46035,49.97687]}},{"type":"Feature","properties":{"t":"sch","sid":"s681","name":"TURZA ŚLĄSKA, MSZAŃSKA WODZISŁAWSKA","imp":0.079,"d":3192},"geometry":{"type":"Point","coordinates":[18.496781,49.993505]}},{"type":"Feature","properties":{"t":"vec","sid":"s682","d":3942},"geometry":{"type":"LineString","coordinates":[[18.45832,49.95934],[18.499526,49.982929]]}},{"type":"Feature","properties":{"t":"gps","sid":"s682"},"geometry":{"type":"Point","coordinates":[18.45832,49.95934]}},{"type":"Feature","properties":{"t":"sch","sid":"s682","name":"TURZA ŚLĄSKA, OLSZENICA","imp":0.048,"d":3942},"geometry":{"type":"Point","coordinates":[18.499526,49.982929]}},{"type":"Feature","properties":{"t":"vec","sid":"s683","d":3938},"geometry":{"type":"LineString","coordinates":[[18.45817,49.95933],[18.496781,49.984606]]}},{"type":"Feature","properties":{"t":"gps","sid":"s683"},"geometry":{"type":"Point","coordinates":[18.45817,49.95933]}},{"type":"Feature","properties":{"t":"sch","sid":"s683","name":"TURZA ŚLĄSKA, OLSZENICA","imp":0.048,"d":3938},"geometry":{"type":"Point","coordinates":[18.496781,49.984606]}},{"type":"Feature","properties":{"t":"vec","sid":"s684","d":3653},"geometry":{"type":"LineString","coordinates":[[18.45891,49.96473],[18.499526,49.984691]]}},{"type":"Feature","properties":{"t":"gps","sid":"s684"},"geometry":{"type":"Point","coordinates":[18.45891,49.96473]}},{"type":"Feature","properties":{"t":"sch","sid":"s684","name":"TURZA ŚLĄSKA, WODZISŁAWSKA/ GRANICZNA","imp":0.048,"d":3653},"geometry":{"type":"Point","coordinates":[18.499526,49.984691]}},{"type":"Feature","properties":{"t":"vec","sid":"s685","d":3777},"geometry":{"type":"LineString","coordinates":[[18.45861,49.96406],[18.496781,49.987572]]}},{"type":"Feature","properties":{"t":"gps","sid":"s685"},"geometry":{"type":"Point","coordinates":[18.45861,49.96406]}},{"type":"Feature","properties":{"t":"sch","sid":"s685","name":"TURZA ŚLĄSKA, WODZISŁAWSKA/ GRANICZNA","imp":0.048,"d":3777},"geometry":{"type":"Point","coordinates":[18.496781,49.987572]}},{"type":"Feature","properties":{"t":"vec","sid":"s686","d":3428},"geometry":{"type":"LineString","coordinates":[[18.45997,49.969],[18.499526,49.986454]]}},{"type":"Feature","properties":{"t":"gps","sid":"s686"},"geometry":{"type":"Point","coordinates":[18.45997,49.969]}},{"type":"Feature","properties":{"t":"sch","sid":"s686","name":"TURZA ŚLĄSKA, WODZISŁAWSKA LIGONIA","imp":0.048,"d":3428},"geometry":{"type":"Point","coordinates":[18.499526,49.986454]}},{"type":"Feature","properties":{"t":"vec","sid":"s687","d":3560},"geometry":{"type":"LineString","coordinates":[[18.45988,49.96902],[18.496781,49.990538]]}},{"type":"Feature","properties":{"t":"gps","sid":"s687"},"geometry":{"type":"Point","coordinates":[18.45988,49.96902]}},{"type":"Feature","properties":{"t":"sch","sid":"s687","name":"TURZA ŚLĄSKA, WODZISŁAWSKA LIGONIA","imp":0.048,"d":3560},"geometry":{"type":"Point","coordinates":[18.496781,49.990538]}},{"type":"Feature","properties":{"t":"vec","sid":"s688","d":7224},"geometry":{"type":"LineString","coordinates":[[18.38248,49.94509],[18.466595,49.981166]]}},{"type":"Feature","properties":{"t":"gps","sid":"s688"},"geometry":{"type":"Point","coordinates":[18.38248,49.94509]}},{"type":"Feature","properties":{"t":"sch","sid":"s688","name":"UCHYLSKO, WIEJSKA","imp":0.07,"d":7224},"geometry":{"type":"Point","coordinates":[18.466595,49.981166]}},{"type":"Feature","properties":{"t":"vec","sid":"s689","d":3319},"geometry":{"type":"LineString","coordinates":[[18.42836,50.03477],[18.474828,50.03452]]}},{"type":"Feature","properties":{"t":"gps","sid":"s689"},"geometry":{"type":"Point","coordinates":[18.42836,50.03477]}},{"type":"Feature","properties":{"t":"sch","sid":"s689","name":"WODZISŁAW ŚLASKI, CHROBREGO GRANICA","imp":0.048,"d":3319},"geometry":{"type":"Point","coordinates":[18.474828,50.03452]}},{"type":"Feature","properties":{"t":"vec","sid":"s690","d":3333},"geometry":{"type":"LineString","coordinates":[[18.42817,50.03472],[18.474828,50.03452]]}},{"type":"Feature","properties":{"t":"gps","sid":"s690"},"geometry":{"type":"Point","coordinates":[18.42817,50.03472]}},{"type":"Feature","properties":{"t":"sch","sid":"s690","name":"WODZISŁAW ŚLASKI, CHROBREGO GRANICA","imp":0.048,"d":3333},"geometry":{"type":"Point","coordinates":[18.474828,50.03452]}},{"type":"Feature","properties":{"t":"vec","sid":"s691","d":2377},"geometry":{"type":"LineString","coordinates":[[18.44878,50.01487],[18.480316,50.021707]]}},{"type":"Feature","properties":{"t":"gps","sid":"s691"},"geometry":{"type":"Point","coordinates":[18.44878,50.01487]}},{"type":"Feature","properties":{"t":"sch","sid":"s691","name":"WODZISŁAW ŚLĄSKI, MIESZKA","imp":0.094,"d":2377},"geometry":{"type":"Point","coordinates":[18.480316,50.021707]}},{"type":"Feature","properties":{"t":"vec","sid":"s692","d":2302},"geometry":{"type":"LineString","coordinates":[[18.44862,50.01619],[18.480316,50.019945]]}},{"type":"Feature","properties":{"t":"gps","sid":"s692"},"geometry":{"type":"Point","coordinates":[18.44862,50.01619]}},{"type":"Feature","properties":{"t":"sch","sid":"s692","name":"WODZISŁAW ŚLĄSKI, MIESZKA","imp":0.094,"d":2302},"geometry":{"type":"Point","coordinates":[18.480316,50.019945]}},{"type":"Feature","properties":{"t":"vec","sid":"s693","d":1749},"geometry":{"type":"LineString","coordinates":[[18.46668,50.00375],[18.488013,50.011476]]}},{"type":"Feature","properties":{"t":"gps","sid":"s693"},"geometry":{"type":"Point","coordinates":[18.46668,50.00375]}},{"type":"Feature","properties":{"t":"sch","sid":"s693","name":"WODZISŁAW ŚLĄSKI, 26 MARCA BIBLIOTEKA","imp":0.048,"d":1749},"geometry":{"type":"Point","coordinates":[18.488013,50.011476]}},{"type":"Feature","properties":{"t":"vec","sid":"s694","d":1701},"geometry":{"type":"LineString","coordinates":[[18.4674,50.00381],[18.488013,50.011476]]}},{"type":"Feature","properties":{"t":"gps","sid":"s694"},"geometry":{"type":"Point","coordinates":[18.4674,50.00381]}},{"type":"Feature","properties":{"t":"sch","sid":"s694","name":"WODZISŁAW ŚLĄSKI, 26 MARCA BIBLIOTEKA","imp":0.048,"d":1701},"geometry":{"type":"Point","coordinates":[18.488013,50.011476]}},{"type":"Feature","properties":{"t":"vec","sid":"s695","d":1420},"geometry":{"type":"LineString","coordinates":[[18.469135,50.010123],[18.488549,50.012894]]}},{"type":"Feature","properties":{"t":"gps","sid":"s695"},"geometry":{"type":"Point","coordinates":[18.469135,50.010123]}},{"type":"Feature","properties":{"t":"sch","sid":"s695","name":"WODZISŁAW ŚLĄSKI, 26 MARCA SZKOŁA","imp":0.148,"d":1420},"geometry":{"type":"Point","coordinates":[18.488549,50.012894]}},{"type":"Feature","properties":{"t":"vec","sid":"s696","d":1748},"geometry":{"type":"LineString","coordinates":[[18.46228,50.010325],[18.485805,50.014657]]}},{"type":"Feature","properties":{"t":"gps","sid":"s696"},"geometry":{"type":"Point","coordinates":[18.46228,50.010325]}},{"type":"Feature","properties":{"t":"sch","sid":"s696","name":"WODZISŁAW ŚLĄSKI, 26 MARCA SZPITAL","imp":0.227,"d":1748},"geometry":{"type":"Point","coordinates":[18.485805,50.014657]}},{"type":"Feature","properties":{"t":"vec","sid":"s697","d":1354},"geometry":{"type":"LineString","coordinates":[[18.4696,50.01249],[18.488549,50.012894]]}},{"type":"Feature","properties":{"t":"gps","sid":"s697"},"geometry":{"type":"Point","coordinates":[18.4696,50.01249]}},{"type":"Feature","properties":{"t":"sch","sid":"s697","name":"WODZISŁAW ŚLĄSKI, ARMII KRAJOWEJ","imp":0.062,"d":1354},"geometry":{"type":"Point","coordinates":[18.488549,50.012894]}},{"type":"Feature","properties":{"t":"vec","sid":"s698","d":1208},"geometry":{"type":"LineString","coordinates":[[18.47164,50.0125],[18.488549,50.012894]]}},{"type":"Feature","properties":{"t":"gps","sid":"s698"},"geometry":{"type":"Point","coordinates":[18.47164,50.0125]}},{"type":"Feature","properties":{"t":"sch","sid":"s698","name":"WODZISŁAW ŚLĄSKI, ARMII KRAJOWEJ","imp":0.062,"d":1208},"geometry":{"type":"Point","coordinates":[18.488549,50.012894]}},{"type":"Feature","properties":{"t":"vec","sid":"s699","d":2065},"geometry":{"type":"LineString","coordinates":[[18.45909,49.99875],[18.485805,50.005843]]}},{"type":"Feature","properties":{"t":"gps","sid":"s699"},"geometry":{"type":"Point","coordinates":[18.45909,49.99875]}},{"type":"Feature","properties":{"t":"sch","sid":"s699","name":"WODZISŁAW ŚLĄSKI, BOGUMIŃSKA STADION ALEJA","imp":0.125,"d":2065},"geometry":{"type":"Point","coordinates":[18.485805,50.005843]}},{"type":"Feature","properties":{"t":"vec","sid":"s700","d":2203},"geometry":{"type":"LineString","coordinates":[[18.45887,49.9987],[18.488549,50.004081]]}},{"type":"Feature","properties":{"t":"gps","sid":"s700"},"geometry":{"type":"Point","coordinates":[18.45887,49.9987]}},{"type":"Feature","properties":{"t":"sch","sid":"s700","name":"WODZISŁAW ŚLĄSKI, BOGUMIŃSKA STADION ALEJA","imp":0.094,"d":2203},"geometry":{"type":"Point","coordinates":[18.488549,50.004081]}},{"type":"Feature","properties":{"t":"vec","sid":"s701","d":1768},"geometry":{"type":"LineString","coordinates":[[18.46605,50.0227],[18.490489,50.025233]]}},{"type":"Feature","properties":{"t":"gps","sid":"s701"},"geometry":{"type":"Point","coordinates":[18.46605,50.0227]}},{"type":"Feature","properties":{"t":"sch","sid":"s701","name":"WODZISŁAW ŚLĄSKI, CHROBREGO BOISKO","imp":0.048,"d":1768},"geometry":{"type":"Point","coordinates":[18.490489,50.025233]}},{"type":"Feature","properties":{"t":"vec","sid":"s702","d":1699},"geometry":{"type":"LineString","coordinates":[[18.46626,50.0228],[18.489921,50.024351]]}},{"type":"Feature","properties":{"t":"gps","sid":"s702"},"geometry":{"type":"Point","coordinates":[18.46626,50.0228]}},{"type":"Feature","properties":{"t":"sch","sid":"s702","name":"WODZISŁAW ŚLĄSKI, CHROBREGO BOISKO","imp":0.048,"d":1699},"geometry":{"type":"Point","coordinates":[18.489921,50.024351]}},{"type":"Feature","properties":{"t":"vec","sid":"s703","d":2345},"geometry":{"type":"LineString","coordinates":[[18.44971,50.02578],[18.482445,50.027391]]}},{"type":"Feature","properties":{"t":"gps","sid":"s703"},"geometry":{"type":"Point","coordinates":[18.44971,50.02578]}},{"type":"Feature","properties":{"t":"sch","sid":"s703","name":"WODZISŁAW ŚLĄSKI, CHROBREGO DĄBROWSKIEGO","imp":0.048,"d":2345},"geometry":{"type":"Point","coordinates":[18.482445,50.027391]}},{"type":"Feature","properties":{"t":"vec","sid":"s704","d":2506},"geometry":{"type":"LineString","coordinates":[[18.44946,50.02577],[18.484385,50.027907]]}},{"type":"Feature","properties":{"t":"gps","sid":"s704"},"geometry":{"type":"Point","coordinates":[18.44946,50.02577]}},{"type":"Feature","properties":{"t":"sch","sid":"s704","name":"WODZISŁAW ŚLĄSKI, CHROBREGO DĄBROWSKIEGO","imp":0.048,"d":2506},"geometry":{"type":"Point","coordinates":[18.484385,50.027907]}},{"type":"Feature","properties":{"t":"vec","sid":"s705","d":1192},"geometry":{"type":"LineString","coordinates":[[18.47548,50.02095],[18.491695,50.02347]]}},{"type":"Feature","properties":{"t":"gps","sid":"s705"},"geometry":{"type":"Point","coordinates":[18.47548,50.02095]}},{"type":"Feature","properties":{"t":"sch","sid":"s705","name":"WODZISŁAW ŚLĄSKI, CHROBREGO GOŁĘBIA","imp":0.048,"d":1192},"geometry":{"type":"Point","coordinates":[18.491695,50.02347]}},{"type":"Feature","properties":{"t":"vec","sid":"s706","d":1237},"geometry":{"type":"LineString","coordinates":[[18.47606,50.02081],[18.492381,50.024534]]}},{"type":"Feature","properties":{"t":"gps","sid":"s706"},"geometry":{"type":"Point","coordinates":[18.47606,50.02081]}},{"type":"Feature","properties":{"t":"sch","sid":"s706","name":"WODZISŁAW ŚLĄSKI, CHROBREGO GOŁĘBIA","imp":0.048,"d":1237},"geometry":{"type":"Point","coordinates":[18.492381,50.024534]}},{"type":"Feature","properties":{"t":"vec","sid":"s707","d":2629},"geometry":{"type":"LineString","coordinates":[[18.44235,50.02804],[18.479085,50.029549]]}},{"type":"Feature","properties":{"t":"gps","sid":"s707"},"geometry":{"type":"Point","coordinates":[18.44235,50.02804]}},{"type":"Feature","properties":{"t":"sch","sid":"s707","name":"WODZISŁAW ŚLĄSKI, CHROBREGO OWOCOWA","imp":0.048,"d":2629},"geometry":{"type":"Point","coordinates":[18.479085,50.029549]}},{"type":"Feature","properties":{"t":"vec","sid":"s708","d":2837},"geometry":{"type":"LineString","coordinates":[[18.44142,50.02812],[18.481026,50.030065]]}},{"type":"Feature","properties":{"t":"gps","sid":"s708"},"geometry":{"type":"Point","coordinates":[18.44142,50.02812]}},{"type":"Feature","properties":{"t":"sch","sid":"s708","name":"WODZISŁAW ŚLĄSKI, CHROBREGO OWOCOWA","imp":0.048,"d":2837},"geometry":{"type":"Point","coordinates":[18.481026,50.030065]}},{"type":"Feature","properties":{"t":"vec","sid":"s709","d":1962},"geometry":{"type":"LineString","coordinates":[[18.46095,50.02278],[18.488147,50.025233]]}},{"type":"Feature","properties":{"t":"gps","sid":"s709"},"geometry":{"type":"Point","coordinates":[18.46095,50.02278]}},{"type":"Feature","properties":{"t":"sch","sid":"s709","name":"WODZISŁAW ŚLĄSKI, CHROBREGO REMIZA","imp":0.048,"d":1962},"geometry":{"type":"Point","coordinates":[18.488147,50.025233]}},{"type":"Feature","properties":{"t":"vec","sid":"s710","d":1967},"geometry":{"type":"LineString","coordinates":[[18.46085,50.02287],[18.488147,50.025233]]}},{"type":"Feature","properties":{"t":"gps","sid":"s710"},"geometry":{"type":"Point","coordinates":[18.46085,50.02287]}},{"type":"Feature","properties":{"t":"sch","sid":"s710","name":"WODZISŁAW ŚLĄSKI, CHROBREGO REMIZA","imp":0.048,"d":1967},"geometry":{"type":"Point","coordinates":[18.488147,50.025233]}},{"type":"Feature","properties":{"t":"vec","sid":"s711","d":3144},"geometry":{"type":"LineString","coordinates":[[18.4339,50.02919],[18.477666,50.032223]]}},{"type":"Feature","properties":{"t":"gps","sid":"s711"},"geometry":{"type":"Point","coordinates":[18.4339,50.02919]}},{"type":"Feature","properties":{"t":"sch","sid":"s711","name":"WODZISŁAW ŚLĄSKI, CHROBREGO SZKOŁA Nr 21","imp":0.048,"d":3144},"geometry":{"type":"Point","coordinates":[18.477666,50.032223]}},{"type":"Feature","properties":{"t":"vec","sid":"s712","d":2982},"geometry":{"type":"LineString","coordinates":[[18.43414,50.02929],[18.475726,50.031707]]}},{"type":"Feature","properties":{"t":"gps","sid":"s712"},"geometry":{"type":"Point","coordinates":[18.43414,50.02929]}},{"type":"Feature","properties":{"t":"sch","sid":"s712","name":"WODZISŁAW ŚLĄSKI, CHROBREGO SZKOŁA Nr 21","imp":0.048,"d":2982},"geometry":{"type":"Point","coordinates":[18.475726,50.031707]}},{"type":"Feature","properties":{"t":"vec","sid":"s713","d":2483},"geometry":{"type":"LineString","coordinates":[[18.45611,49.99253],[18.488549,50.000555]]}},{"type":"Feature","properties":{"t":"gps","sid":"s713"},"geometry":{"type":"Point","coordinates":[18.45611,49.99253]}},{"type":"Feature","properties":{"t":"sch","sid":"s713","name":"WODZISŁAW ŚLĄSKI, CMENTARZ KOMUNALNY","imp":0.156,"d":2483},"geometry":{"type":"Point","coordinates":[18.488549,50.000555]}},{"type":"Feature","properties":{"t":"vec","sid":"s716","d":2617},"geometry":{"type":"LineString","coordinates":[[18.48386,49.98017],[18.515471,49.992076]]}},{"type":"Feature","properties":{"t":"gps","sid":"s716"},"geometry":{"type":"Point","coordinates":[18.48386,49.98017]}},{"type":"Feature","properties":{"t":"sch","sid":"s716","name":"WODZISŁAW ŚLĄSKI, CZARNIECKIEGO ŁADNA","imp":0.048,"d":2617},"geometry":{"type":"Point","coordinates":[18.515471,49.992076]}},{"type":"Feature","properties":{"t":"vec","sid":"s717","d":2310},"geometry":{"type":"LineString","coordinates":[[18.48409,49.98022],[18.511875,49.990861]]}},{"type":"Feature","properties":{"t":"gps","sid":"s717"},"geometry":{"type":"Point","coordinates":[18.48409,49.98022]}},{"type":"Feature","properties":{"t":"sch","sid":"s717","name":"WODZISŁAW ŚLĄSKI, CZARNIECKIEGO ŁADNA","imp":0.048,"d":2310},"geometry":{"type":"Point","coordinates":[18.511875,49.990861]}},{"type":"Feature","properties":{"t":"vec","sid":"s718","d":3180},"geometry":{"type":"LineString","coordinates":[[18.47877,49.97527],[18.511899,49.99437]]}},{"type":"Feature","properties":{"t":"gps","sid":"s718"},"geometry":{"type":"Point","coordinates":[18.47877,49.97527]}},{"type":"Feature","properties":{"t":"sch","sid":"s718","name":"WODZISŁAW ŚLĄSKI CZARNIECKIEGO SKRZYSZOWSKA","imp":0.048,"d":3180},"geometry":{"type":"Point","coordinates":[18.511899,49.99437]}},{"type":"Feature","properties":{"t":"vec","sid":"s719","d":2900},"geometry":{"type":"LineString","coordinates":[[18.47889,49.97518],[18.508444,49.993064]]}},{"type":"Feature","properties":{"t":"gps","sid":"s719"},"geometry":{"type":"Point","coordinates":[18.47889,49.97518]}},{"type":"Feature","properties":{"t":"sch","sid":"s719","name":"WODZISŁAW ŚLĄSKI CZARNIECKIEGO SKRZYSZOWSKA","imp":0.048,"d":2900},"geometry":{"type":"Point","coordinates":[18.508444,49.993064]}},{"type":"Feature","properties":{"t":"vec","sid":"s720","d":2191},"geometry":{"type":"LineString","coordinates":[[18.48889,49.98513],[18.518735,49.989699]]}},{"type":"Feature","properties":{"t":"gps","sid":"s720"},"geometry":{"type":"Point","coordinates":[18.48889,49.98513]}},{"type":"Feature","properties":{"t":"sch","sid":"s720","name":"WODZISŁAW ŚLĄSKI, CZARNIECKIEGO TELIGI","imp":0.048,"d":2191},"geometry":{"type":"Point","coordinates":[18.518735,49.989699]}},{"type":"Feature","properties":{"t":"vec","sid":"s721","d":1892},"geometry":{"type":"LineString","coordinates":[[18.48933,49.98533],[18.515305,49.988657]]}},{"type":"Feature","properties":{"t":"gps","sid":"s721"},"geometry":{"type":"Point","coordinates":[18.48933,49.98533]}},{"type":"Feature","properties":{"t":"sch","sid":"s721","name":"WODZISŁAW ŚLĄSKI, CZARNIECKIEGO TELIGI","imp":0.048,"d":1892},"geometry":{"type":"Point","coordinates":[18.515305,49.988657]}},{"type":"Feature","properties":{"t":"vec","sid":"s722","d":1627},"geometry":{"type":"LineString","coordinates":[[18.45649,50.0003],[18.477572,50.005843]]}},{"type":"Feature","properties":{"t":"gps","sid":"s722"},"geometry":{"type":"Point","coordinates":[18.45649,50.0003]}},{"type":"Feature","properties":{"t":"sch","sid":"s722","name":"WODZISŁAW ŚLĄSKI, CZYŻOWICKA","imp":0.079,"d":1627},"geometry":{"type":"Point","coordinates":[18.477572,50.005843]}},{"type":"Feature","properties":{"t":"vec","sid":"s723","d":3895},"geometry":{"type":"LineString","coordinates":[[18.43077,49.9893],[18.48306,49.999234]]}},{"type":"Feature","properties":{"t":"gps","sid":"s723"},"geometry":{"type":"Point","coordinates":[18.43077,49.9893]}},{"type":"Feature","properties":{"t":"sch","sid":"s723","name":"WODZISŁAW ŚLĄSKI, CZYŻOWICKA KARKOSZKA","imp":0.048,"d":3895},"geometry":{"type":"Point","coordinates":[18.48306,49.999234]}},{"type":"Feature","properties":{"t":"vec","sid":"s724","d":3773},"geometry":{"type":"LineString","coordinates":[[18.42975,49.98899],[18.480316,49.998793]]}},{"type":"Feature","properties":{"t":"gps","sid":"s724"},"geometry":{"type":"Point","coordinates":[18.42975,49.98899]}},{"type":"Feature","properties":{"t":"sch","sid":"s724","name":"WODZISŁAW ŚLĄSKI, CZYŻOWICKA KARKOSZKA","imp":0.096,"d":3773},"geometry":{"type":"Point","coordinates":[18.480316,49.998793]}},{"type":"Feature","properties":{"t":"vec","sid":"s725","d":3419},"geometry":{"type":"LineString","coordinates":[[18.4377,49.99219],[18.48306,50.002025]]}},{"type":"Feature","properties":{"t":"gps","sid":"s725"},"geometry":{"type":"Point","coordinates":[18.4377,49.99219]}},{"type":"Feature","properties":{"t":"sch","sid":"s725","name":"WODZISŁAW ŚLĄSKI, CZYŻOWICKA KRZYŻ","imp":0.048,"d":3419},"geometry":{"type":"Point","coordinates":[18.48306,50.002025]}},{"type":"Feature","properties":{"t":"vec","sid":"s726","d":2849},"geometry":{"type":"LineString","coordinates":[[18.43953,49.99295],[18.477572,50.000656]]}},{"type":"Feature","properties":{"t":"gps","sid":"s726"},"geometry":{"type":"Point","coordinates":[18.43953,49.99295]}},{"type":"Feature","properties":{"t":"sch","sid":"s726","name":"WODZISŁAW ŚLĄSKI, CZYŻOWICKA KRZYŻ","imp":0.048,"d":2849},"geometry":{"type":"Point","coordinates":[18.477572,50.000656]}},{"type":"Feature","properties":{"t":"vec","sid":"s727","d":2573},"geometry":{"type":"LineString","coordinates":[[18.44961,49.99623],[18.48306,50.004815]]}},{"type":"Feature","properties":{"t":"gps","sid":"s727"},"geometry":{"type":"Point","coordinates":[18.44961,49.99623]}},{"type":"Feature","properties":{"t":"sch","sid":"s727","name":"WODZISŁAW ŚLĄSKI, CZYŻOWICKA MONIUSZKI","imp":0.048,"d":2573},"geometry":{"type":"Point","coordinates":[18.48306,50.004815]}},{"type":"Feature","properties":{"t":"vec","sid":"s728","d":2190},"geometry":{"type":"LineString","coordinates":[[18.44883,49.99639],[18.477572,50.00325]]}},{"type":"Feature","properties":{"t":"gps","sid":"s728"},"geometry":{"type":"Point","coordinates":[18.44883,49.99639]}},{"type":"Feature","properties":{"t":"sch","sid":"s728","name":"WODZISŁAW ŚLĄSKI, CZYŻOWICKA MONIUSZKI","imp":0.048,"d":2190},"geometry":{"type":"Point","coordinates":[18.477572,50.00325]}},{"type":"Feature","properties":{"t":"vec","sid":"s729","d":2807},"geometry":{"type":"LineString","coordinates":[[18.43827,50.01393],[18.476657,50.019357]]}},{"type":"Feature","properties":{"t":"gps","sid":"s729"},"geometry":{"type":"Point","coordinates":[18.43827,50.01393]}},{"type":"Feature","properties":{"t":"sch","sid":"s729","name":"WODZISŁAW ŚLĄSKI, GÓRNICZA SZYB","imp":0.048,"d":2807},"geometry":{"type":"Point","coordinates":[18.476657,50.019357]}},{"type":"Feature","properties":{"t":"vec","sid":"s730","d":2784},"geometry":{"type":"LineString","coordinates":[[18.4382,50.01415],[18.476389,50.019185]]}},{"type":"Feature","properties":{"t":"gps","sid":"s730"},"geometry":{"type":"Point","coordinates":[18.4382,50.01415]}},{"type":"Feature","properties":{"t":"sch","sid":"s730","name":"WODZISŁAW ŚLĄSKI, GÓRNICZA SZYB","imp":0.048,"d":2784},"geometry":{"type":"Point","coordinates":[18.476389,50.019185]}},{"type":"Feature","properties":{"t":"vec","sid":"s731","d":549},"geometry":{"type":"LineString","coordinates":[[18.50236,50.004177],[18.508562,50.00709]]}},{"type":"Feature","properties":{"t":"gps","sid":"s731"},"geometry":{"type":"Point","coordinates":[18.50236,50.004177]}},{"type":"Feature","properties":{"t":"sch","sid":"s731","name":"WODZISŁAW ŚLĄSKI, GRODZISKO","imp":0.062,"d":549},"geometry":{"type":"Point","coordinates":[18.508562,50.00709]}},{"type":"Feature","properties":{"t":"vec","sid":"s732","d":1287},"geometry":{"type":"LineString","coordinates":[[18.474107,50.007641],[18.491293,50.011131]]}},{"type":"Feature","properties":{"t":"gps","sid":"s732"},"geometry":{"type":"Point","coordinates":[18.474107,50.007641]}},{"type":"Feature","properties":{"t":"sch","sid":"s732","name":"Wodzisław Dworzec Kolejowy","imp":0.401,"d":1287},"geometry":{"type":"Point","coordinates":[18.491293,50.011131]}},{"type":"Feature","properties":{"t":"vec","sid":"s733","d":1297},"geometry":{"type":"LineString","coordinates":[[18.503283,49.986933],[18.515991,49.995267]]}},{"type":"Feature","properties":{"t":"gps","sid":"s733"},"geometry":{"type":"Point","coordinates":[18.503283,49.986933]}},{"type":"Feature","properties":{"t":"sch","sid":"s733","name":"WODZISŁAW ŚLĄSKI, JASTRZĘBSKA BLAZY","imp":0.108,"d":1297},"geometry":{"type":"Point","coordinates":[18.515991,49.995267]}},{"type":"Feature","properties":{"t":"vec","sid":"s734","d":1555},"geometry":{"type":"LineString","coordinates":[[18.485223,49.995375],[18.50227,50.004081]]}},{"type":"Feature","properties":{"t":"gps","sid":"s734"},"geometry":{"type":"Point","coordinates":[18.485223,49.995375]}},{"type":"Feature","properties":{"t":"sch","sid":"s734","name":"WODZISŁAW ŚLĄSKI, JASTRZĘBSKA CYGANEK","imp":0.108,"d":1555},"geometry":{"type":"Point","coordinates":[18.50227,50.004081]}},{"type":"Feature","properties":{"t":"vec","sid":"s735","d":1463},"geometry":{"type":"LineString","coordinates":[[18.49438,49.99054],[18.50913,49.999674]]}},{"type":"Feature","properties":{"t":"gps","sid":"s735"},"geometry":{"type":"Point","coordinates":[18.49438,49.99054]}},{"type":"Feature","properties":{"t":"sch","sid":"s735","name":"WODZISŁAW ŚLĄSKI, JASTRZĘBSKA SZKOŁA","imp":0.091,"d":1463},"geometry":{"type":"Point","coordinates":[18.50913,49.999674]}},{"type":"Feature","properties":{"t":"vec","sid":"s737","d":4051},"geometry":{"type":"LineString","coordinates":[[18.42611,49.98953],[18.480316,50.000262]]}},{"type":"Feature","properties":{"t":"gps","sid":"s737"},"geometry":{"type":"Point","coordinates":[18.42611,49.98953]}},{"type":"Feature","properties":{"t":"sch","sid":"s737","name":"WODZISŁAW ŚLĄSKI, KARKOSZKA KRZYŻ","imp":0.048,"d":4051},"geometry":{"type":"Point","coordinates":[18.480316,50.000262]}},{"type":"Feature","properties":{"t":"vec","sid":"s739","d":4108},"geometry":{"type":"LineString","coordinates":[[18.4247,49.9923],[18.480316,50.00173]]}},{"type":"Feature","properties":{"t":"gps","sid":"s739"},"geometry":{"type":"Point","coordinates":[18.4247,49.9923]}},{"type":"Feature","properties":{"t":"sch","sid":"s739","name":"WODZISŁAW ŚLĄSKI, KARKOSZKA SKRZYŻOWANIE","imp":0.048,"d":4108},"geometry":{"type":"Point","coordinates":[18.480316,50.00173]}},{"type":"Feature","properties":{"t":"vec","sid":"s740","d":2266},"geometry":{"type":"LineString","coordinates":[[18.45247,50.01808],[18.48306,50.02347]]}},{"type":"Feature","properties":{"t":"gps","sid":"s740"},"geometry":{"type":"Point","coordinates":[18.45247,50.01808]}},{"type":"Feature","properties":{"t":"sch","sid":"s740","name":"WODZISŁAW ŚLĄSKI KOKOSZYCKA LESZKA","imp":0.062,"d":2266},"geometry":{"type":"Point","coordinates":[18.48306,50.02347]}},{"type":"Feature","properties":{"t":"vec","sid":"s741","d":2238},"geometry":{"type":"LineString","coordinates":[[18.45332,50.01835],[18.484031,50.022331]]}},{"type":"Feature","properties":{"t":"gps","sid":"s741"},"geometry":{"type":"Point","coordinates":[18.45332,50.01835]}},{"type":"Feature","properties":{"t":"sch","sid":"s741","name":"WODZISŁAW ŚLĄSKI KOKOSZYCKA LESZKA","imp":0.062,"d":2238},"geometry":{"type":"Point","coordinates":[18.484031,50.022331]}},{"type":"Feature","properties":{"t":"vec","sid":"s742","d":2587},"geometry":{"type":"LineString","coordinates":[[18.44252,50.01561],[18.478108,50.019945]]}},{"type":"Feature","properties":{"t":"gps","sid":"s742"},"geometry":{"type":"Point","coordinates":[18.44252,50.01561]}},{"type":"Feature","properties":{"t":"sch","sid":"s742","name":"WODZISŁAW ŚLĄSKI, KOKOSZYCKA OSIEDLE BATORY","imp":0.048,"d":2587},"geometry":{"type":"Point","coordinates":[18.478108,50.019945]}},{"type":"Feature","properties":{"t":"vec","sid":"s743","d":2617},"geometry":{"type":"LineString","coordinates":[[18.44267,50.01556],[18.478487,50.020532]]}},{"type":"Feature","properties":{"t":"gps","sid":"s743"},"geometry":{"type":"Point","coordinates":[18.44267,50.01556]}},{"type":"Feature","properties":{"t":"sch","sid":"s743","name":"WODZISŁAW ŚLĄSKI, KOKOSZYCKA OSIEDLE BATORY","imp":0.048,"d":2617},"geometry":{"type":"Point","coordinates":[18.478487,50.020532]}},{"type":"Feature","properties":{"t":"vec","sid":"s744","d":1555},"geometry":{"type":"LineString","coordinates":[[18.461303,50.031453],[18.48306,50.031037]]}},{"type":"Feature","properties":{"t":"gps","sid":"s744"},"geometry":{"type":"Point","coordinates":[18.461303,50.031453]}},{"type":"Feature","properties":{"t":"sch","sid":"s744","name":"WODZISŁAW ŚLĄSKI, KOMINKA","imp":0.077,"d":1555},"geometry":{"type":"Point","coordinates":[18.48306,50.031037]}},{"type":"Feature","properties":{"t":"vec","sid":"s745","d":2193},"geometry":{"type":"LineString","coordinates":[[18.46891,49.99544],[18.496246,50.004425]]}},{"type":"Feature","properties":{"t":"gps","sid":"s745"},"geometry":{"type":"Point","coordinates":[18.46891,49.99544]}},{"type":"Feature","properties":{"t":"sch","sid":"s745","name":"WODZISŁAW ŚLĄSKI, KOPERNIKA GÓRNA","imp":0.091,"d":2193},"geometry":{"type":"Point","coordinates":[18.496246,50.004425]}},{"type":"Feature","properties":{"t":"vec","sid":"s746","d":2088},"geometry":{"type":"LineString","coordinates":[[18.46906,49.99536],[18.494952,50.004081]]}},{"type":"Feature","properties":{"t":"gps","sid":"s746"},"geometry":{"type":"Point","coordinates":[18.46906,49.99536]}},{"type":"Feature","properties":{"t":"sch","sid":"s746","name":"WODZISŁAW ŚLĄSKI, KOPERNIKA GÓRNA","imp":0.062,"d":2088},"geometry":{"type":"Point","coordinates":[18.494952,50.004081]}},{"type":"Feature","properties":{"t":"vec","sid":"s747","d":2607},"geometry":{"type":"LineString","coordinates":[[18.4606,49.99644],[18.494037,50.005843]]}},{"type":"Feature","properties":{"t":"gps","sid":"s747"},"geometry":{"type":"Point","coordinates":[18.4606,49.99644]}},{"type":"Feature","properties":{"t":"sch","sid":"s747","name":"WODZISŁAW ŚLĄSKI, KOPERNIKA SZACHTA","imp":0.139,"d":2607},"geometry":{"type":"Point","coordinates":[18.494037,50.005843]}},{"type":"Feature","properties":{"t":"vec","sid":"s748","d":2371},"geometry":{"type":"LineString","coordinates":[[18.46029,49.99647],[18.491293,50.004081]]}},{"type":"Feature","properties":{"t":"gps","sid":"s748"},"geometry":{"type":"Point","coordinates":[18.46029,49.99647]}},{"type":"Feature","properties":{"t":"sch","sid":"s748","name":"WODZISŁAW ŚLĄSKI, KOPERNIKA SZACHTA","imp":0.111,"d":2371},"geometry":{"type":"Point","coordinates":[18.491293,50.004081]}},{"type":"Feature","properties":{"t":"vec","sid":"s749","d":2064},"geometry":{"type":"LineString","coordinates":[[18.47364,49.99535],[18.499147,50.004081]]}},{"type":"Feature","properties":{"t":"gps","sid":"s749"},"geometry":{"type":"Point","coordinates":[18.47364,49.99535]}},{"type":"Feature","properties":{"t":"sch","sid":"s749","name":"WODZISŁAW ŚLĄSKI, KOPERNIKA SZKOŁA","imp":0.091,"d":2064},"geometry":{"type":"Point","coordinates":[18.499147,50.004081]}},{"type":"Feature","properties":{"t":"vec","sid":"s750","d":2027},"geometry":{"type":"LineString","coordinates":[[18.47376,49.99527],[18.498611,50.004081]]}},{"type":"Feature","properties":{"t":"gps","sid":"s750"},"geometry":{"type":"Point","coordinates":[18.47376,49.99527]}},{"type":"Feature","properties":{"t":"sch","sid":"s750","name":"WODZISŁAW ŚLĄSKI, KOPERNIKA SZKOŁA","imp":0.062,"d":2027},"geometry":{"type":"Point","coordinates":[18.498611,50.004081]}},{"type":"Feature","properties":{"t":"vec","sid":"s752","d":3058},"geometry":{"type":"LineString","coordinates":[[18.43812,50.00149],[18.480316,50.006137]]}},{"type":"Feature","properties":{"t":"gps","sid":"s752"},"geometry":{"type":"Point","coordinates":[18.43812,50.00149]}},{"type":"Feature","properties":{"t":"sch","sid":"s752","name":"WODZISŁAW ŚLĄSKI, KS. A. ROBOTY SZKOŁA","imp":0.048,"d":3058},"geometry":{"type":"Point","coordinates":[18.480316,50.006137]}},{"type":"Feature","properties":{"t":"vec","sid":"s753","d":2049},"geometry":{"type":"LineString","coordinates":[[18.459352,50.014583],[18.485805,50.021707]]}},{"type":"Feature","properties":{"t":"gps","sid":"s753"},"geometry":{"type":"Point","coordinates":[18.459352,50.014583]}},{"type":"Feature","properties":{"t":"sch","sid":"s753","name":"WODZISŁAW ŚLĄSKI, RADLIŃSKA LESZKA","imp":0.136,"d":2049},"geometry":{"type":"Point","coordinates":[18.485805,50.021707]}},{"type":"Feature","properties":{"t":"vec","sid":"s754","d":1986},"geometry":{"type":"LineString","coordinates":[[18.4575,50.01431],[18.484243,50.019185]]}},{"type":"Feature","properties":{"t":"gps","sid":"s754"},"geometry":{"type":"Point","coordinates":[18.4575,50.01431]}},{"type":"Feature","properties":{"t":"sch","sid":"s754","name":"WODZISŁAW ŚLĄSKI, LESZKA","imp":0.077,"d":1986},"geometry":{"type":"Point","coordinates":[18.484243,50.019185]}},{"type":"Feature","properties":{"t":"vec","sid":"s755","d":1450},"geometry":{"type":"LineString","coordinates":[[18.480033,50.003955],[18.499526,50.007606]]}},{"type":"Feature","properties":{"t":"gps","sid":"s755"},"geometry":{"type":"Point","coordinates":[18.480033,50.003955]}},{"type":"Feature","properties":{"t":"sch","sid":"s755","name":"WODZISŁAW ŚLĄSKI, ŁUŻYCKA","imp":0.079,"d":1450},"geometry":{"type":"Point","coordinates":[18.499526,50.007606]}},{"type":"Feature","properties":{"t":"vec","sid":"s756","d":653},"geometry":{"type":"LineString","coordinates":[[18.490573,50.01522],[18.499526,50.016419]]}},{"type":"Feature","properties":{"t":"gps","sid":"s756"},"geometry":{"type":"Point","coordinates":[18.490573,50.01522]}},{"type":"Feature","properties":{"t":"sch","sid":"s756","name":"WODZISŁAW ŚLĄSKI, MARKLOWICKA DZIAŁKI","imp":0.098,"d":653},"geometry":{"type":"Point","coordinates":[18.499526,50.016419]}},{"type":"Feature","properties":{"t":"vec","sid":"s757","d":904},"geometry":{"type":"LineString","coordinates":[[18.484183,50.013893],[18.496781,50.014657]]}},{"type":"Feature","properties":{"t":"gps","sid":"s757"},"geometry":{"type":"Point","coordinates":[18.484183,50.013893]}},{"type":"Feature","properties":{"t":"sch","sid":"s757","name":"WODZISŁAW ŚLĄSKI, MARKLOWICKA WODOCIĄGI","imp":0.094,"d":904},"geometry":{"type":"Point","coordinates":[18.496781,50.014657]}},{"type":"Feature","properties":{"t":"vec","sid":"s758","d":2708},"geometry":{"type":"LineString","coordinates":[[18.45448,49.98591],[18.491293,49.991742]]}},{"type":"Feature","properties":{"t":"gps","sid":"s758"},"geometry":{"type":"Point","coordinates":[18.45448,49.98591]}},{"type":"Feature","properties":{"t":"sch","sid":"s758","name":"WODZISŁAW ŚLĄSKI, MARUSZE","imp":0.108,"d":2708},"geometry":{"type":"Point","coordinates":[18.491293,49.991742]}},{"type":"Feature","properties":{"t":"vec","sid":"s759","d":2831},"geometry":{"type":"LineString","coordinates":[[18.45376,49.98483],[18.488549,49.99703]]}},{"type":"Feature","properties":{"t":"gps","sid":"s759"},"geometry":{"type":"Point","coordinates":[18.45376,49.98483]}},{"type":"Feature","properties":{"t":"sch","sid":"s759","name":"WODZISŁAW ŚLĄSKI, MARUSZE","imp":0.122,"d":2831},"geometry":{"type":"Point","coordinates":[18.488549,49.99703]}},{"type":"Feature","properties":{"t":"vec","sid":"s760","d":2449},"geometry":{"type":"LineString","coordinates":[[18.448323,50.006745],[18.480316,50.014657]]}},{"type":"Feature","properties":{"t":"gps","sid":"s760"},"geometry":{"type":"Point","coordinates":[18.448323,50.006745]}},{"type":"Feature","properties":{"t":"sch","sid":"s760","name":"WODZISŁAW ŚLĄSKI, MATUSZCZYKA SKRZYŻOWANIE","imp":0.15,"d":2449},"geometry":{"type":"Point","coordinates":[18.480316,50.014657]}},{"type":"Feature","properties":{"t":"vec","sid":"s761","d":1882},"geometry":{"type":"LineString","coordinates":[[18.458063,50.009298],[18.48306,50.014657]]}},{"type":"Feature","properties":{"t":"gps","sid":"s761"},"geometry":{"type":"Point","coordinates":[18.458063,50.009298]}},{"type":"Feature","properties":{"t":"sch","sid":"s761","name":"WODZISŁAW ŚLĄSKI, MATUSZCZYKA XXX-LECIA","imp":0.184,"d":1882},"geometry":{"type":"Point","coordinates":[18.48306,50.014657]}},{"type":"Feature","properties":{"t":"vec","sid":"s762","d":2467},"geometry":{"type":"LineString","coordinates":[[18.45116,50.01321],[18.48306,50.021707]]}},{"type":"Feature","properties":{"t":"gps","sid":"s762"},"geometry":{"type":"Point","coordinates":[18.45116,50.01321]}},{"type":"Feature","properties":{"t":"sch","sid":"s762","name":"WODZISŁAW ŚLĄSKI, MIESZKA OSIEDLE PIASTÓW","imp":0.077,"d":2467},"geometry":{"type":"Point","coordinates":[18.48306,50.021707]}},{"type":"Feature","properties":{"t":"vec","sid":"s763","d":2371},"geometry":{"type":"LineString","coordinates":[[18.45094,50.01339],[18.482525,50.019945]]}},{"type":"Feature","properties":{"t":"gps","sid":"s763"},"geometry":{"type":"Point","coordinates":[18.45094,50.01339]}},{"type":"Feature","properties":{"t":"sch","sid":"s763","name":"WODZISŁAW ŚLĄSKI, MIESZKA OSIEDLE PIASTÓW","imp":0.077,"d":2371},"geometry":{"type":"Point","coordinates":[18.482525,50.019945]}},{"type":"Feature","properties":{"t":"vec","sid":"s764","d":6284},"geometry":{"type":"LineString","coordinates":[[18.3628,50.01657],[18.45013,50.02347]]}},{"type":"Feature","properties":{"t":"gps","sid":"s764"},"geometry":{"type":"Point","coordinates":[18.3628,50.01657]}},{"type":"Feature","properties":{"t":"sch","sid":"s764","name":"WODZISŁAW ŚLĄSKI, MŁODZIEŻOWA BOISKO","imp":0.132,"d":6284},"geometry":{"type":"Point","coordinates":[18.45013,50.02347]}},{"type":"Feature","properties":{"t":"vec","sid":"s765","d":6219},"geometry":{"type":"LineString","coordinates":[[18.36608,50.01548],[18.452874,50.019945]]}},{"type":"Feature","properties":{"t":"gps","sid":"s765"},"geometry":{"type":"Point","coordinates":[18.36608,50.01548]}},{"type":"Feature","properties":{"t":"sch","sid":"s765","name":"WODZISŁAW ŚLĄSKI, MŁODZIEŻOWA BOISKO","imp":0.115,"d":6219},"geometry":{"type":"Point","coordinates":[18.452874,50.019945]}},{"type":"Feature","properties":{"t":"vec","sid":"s768","d":4164},"geometry":{"type":"LineString","coordinates":[[18.4072,50.01109],[18.463851,50.019945]]}},{"type":"Feature","properties":{"t":"gps","sid":"s768"},"geometry":{"type":"Point","coordinates":[18.4072,50.01109]}},{"type":"Feature","properties":{"t":"sch","sid":"s768","name":"WODZISŁAW ŚLĄSKI, MŁODZIEŻOWA ROZWOJOWA","imp":0.094,"d":4164},"geometry":{"type":"Point","coordinates":[18.463851,50.019945]}},{"type":"Feature","properties":{"t":"vec","sid":"s769","d":4059},"geometry":{"type":"LineString","coordinates":[[18.40761,50.01117],[18.463851,50.016419]]}},{"type":"Feature","properties":{"t":"gps","sid":"s769"},"geometry":{"type":"Point","coordinates":[18.40761,50.01117]}},{"type":"Feature","properties":{"t":"sch","sid":"s769","name":"WODZISŁAW ŚLĄSKI, MŁODZIEŻOWA ROZWOJOWA","imp":0.094,"d":4059},"geometry":{"type":"Point","coordinates":[18.463851,50.016419]}},{"type":"Feature","properties":{"t":"vec","sid":"s770","d":5750},"geometry":{"type":"LineString","coordinates":[[18.37544,50.01356],[18.455618,50.018182]]}},{"type":"Feature","properties":{"t":"gps","sid":"s770"},"geometry":{"type":"Point","coordinates":[18.37544,50.01356]}},{"type":"Feature","properties":{"t":"sch","sid":"s770","name":"WODZISŁAW ŚLĄSKI, MŁODZIEŻOWA SZKOŁA","imp":0.094,"d":5750},"geometry":{"type":"Point","coordinates":[18.455618,50.018182]}},{"type":"Feature","properties":{"t":"vec","sid":"s771","d":6037},"geometry":{"type":"LineString","coordinates":[[18.3748,50.01352],[18.458363,50.021707]]}},{"type":"Feature","properties":{"t":"gps","sid":"s771"},"geometry":{"type":"Point","coordinates":[18.3748,50.01352]}},{"type":"Feature","properties":{"t":"sch","sid":"s771","name":"WODZISŁAW ŚLĄSKI, MŁODZIEŻOWA SZKOŁA","imp":0.094,"d":6037},"geometry":{"type":"Point","coordinates":[18.458363,50.021707]}},{"type":"Feature","properties":{"t":"vec","sid":"s772","d":4741},"geometry":{"type":"LineString","coordinates":[[18.39551,50.01217],[18.460705,50.020203]]}},{"type":"Feature","properties":{"t":"gps","sid":"s772"},"geometry":{"type":"Point","coordinates":[18.39551,50.01217]}},{"type":"Feature","properties":{"t":"sch","sid":"s772","name":"WODZISŁAW ŚLĄSKI, MŁODZIEŻOWA WYPANDÓW","imp":0.062,"d":4741},"geometry":{"type":"Point","coordinates":[18.460705,50.020203]}},{"type":"Feature","properties":{"t":"vec","sid":"s773","d":4641},"geometry":{"type":"LineString","coordinates":[[18.39599,50.01225],[18.460303,50.018182]]}},{"type":"Feature","properties":{"t":"gps","sid":"s773"},"geometry":{"type":"Point","coordinates":[18.39599,50.01225]}},{"type":"Feature","properties":{"t":"sch","sid":"s773","name":"WODZISŁAW ŚLĄSKI, MŁODZIEŻOWA WYPANDÓW","imp":0.062,"d":4641},"geometry":{"type":"Point","coordinates":[18.460303,50.018182]}},{"type":"Feature","properties":{"t":"vec","sid":"s774","d":2386},"geometry":{"type":"LineString","coordinates":[[18.49018,49.97101],[18.511953,49.987285]]}},{"type":"Feature","properties":{"t":"gps","sid":"s774"},"geometry":{"type":"Point","coordinates":[18.49018,49.97101]}},{"type":"Feature","properties":{"t":"sch","sid":"s774","name":"WODZISŁAW ŚLĄSKI, MSZAŃSKA CICHY","imp":0.048,"d":2386},"geometry":{"type":"Point","coordinates":[18.511953,49.987285]}},{"type":"Feature","properties":{"t":"vec","sid":"s775","d":1841},"geometry":{"type":"LineString","coordinates":[[18.48972,49.97118],[18.509431,49.981854]]}},{"type":"Feature","properties":{"t":"gps","sid":"s775"},"geometry":{"type":"Point","coordinates":[18.48972,49.97118]}},{"type":"Feature","properties":{"t":"sch","sid":"s775","name":"WODZISŁAW ŚLĄSKI, MSZAŃSKA CICHY","imp":0.048,"d":1841},"geometry":{"type":"Point","coordinates":[18.509431,49.981854]}},{"type":"Feature","properties":{"t":"vec","sid":"s776","d":2620},"geometry":{"type":"LineString","coordinates":[[18.48212,49.97313],[18.508562,49.989463]]}},{"type":"Feature","properties":{"t":"gps","sid":"s776"},"geometry":{"type":"Point","coordinates":[18.48212,49.97313]}},{"type":"Feature","properties":{"t":"sch","sid":"s776","name":"WODZISŁAW ŚLĄSKI, MSZAŃSKA DZIAŁKI","imp":0.048,"d":2620},"geometry":{"type":"Point","coordinates":[18.508562,49.989463]}},{"type":"Feature","properties":{"t":"vec","sid":"s777","d":2109},"geometry":{"type":"LineString","coordinates":[[18.48204,49.97327],[18.506955,49.983445]]}},{"type":"Feature","properties":{"t":"gps","sid":"s777"},"geometry":{"type":"Point","coordinates":[18.48204,49.97327]}},{"type":"Feature","properties":{"t":"sch","sid":"s777","name":"WODZISŁAW ŚLĄSKI, MSZAŃSKA DZIAŁKI","imp":0.048,"d":2109},"geometry":{"type":"Point","coordinates":[18.506955,49.983445]}},{"type":"Feature","properties":{"t":"vec","sid":"s778","d":3956},"geometry":{"type":"LineString","coordinates":[[18.41269,50.00824],[18.466595,50.016419]]}},{"type":"Feature","properties":{"t":"gps","sid":"s778"},"geometry":{"type":"Point","coordinates":[18.41269,50.00824]}},{"type":"Feature","properties":{"t":"sch","sid":"s778","name":"WODZISŁAW ŚLĄSKI, OLSZYNY","imp":0.048,"d":3956},"geometry":{"type":"Point","coordinates":[18.466595,50.016419]}},{"type":"Feature","properties":{"t":"vec","sid":"s779","d":4115},"geometry":{"type":"LineString","coordinates":[[18.41277,50.00816],[18.469339,50.015173]]}},{"type":"Feature","properties":{"t":"gps","sid":"s779"},"geometry":{"type":"Point","coordinates":[18.41277,50.00816]}},{"type":"Feature","properties":{"t":"sch","sid":"s779","name":"WODZISŁAW ŚLĄSKI, OLSZYNY","imp":0.048,"d":4115},"geometry":{"type":"Point","coordinates":[18.469339,50.015173]}},{"type":"Feature","properties":{"t":"vec","sid":"s780","d":2560},"geometry":{"type":"LineString","coordinates":[[18.44407,50.008242],[18.477572,50.016419]]}},{"type":"Feature","properties":{"t":"gps","sid":"s780"},"geometry":{"type":"Point","coordinates":[18.44407,50.008242]}},{"type":"Feature","properties":{"t":"sch","sid":"s780","name":"WODZISŁAW ŚLĄSKI, OSIEDLE DĄBRÓWKI","imp":0.136,"d":2560},"geometry":{"type":"Point","coordinates":[18.477572,50.016419]}},{"type":"Feature","properties":{"t":"vec","sid":"s781","d":3145},"geometry":{"type":"LineString","coordinates":[[18.431778,50.01226],[18.474828,50.018182]]}},{"type":"Feature","properties":{"t":"gps","sid":"s781"},"geometry":{"type":"Point","coordinates":[18.431778,50.01226]}},{"type":"Feature","properties":{"t":"sch","sid":"s781","name":"WODZISŁAW ŚLĄSKI, OSIEDLE JEDŁOWNIK","imp":0.267,"d":3145},"geometry":{"type":"Point","coordinates":[18.474828,50.018182]}},{"type":"Feature","properties":{"t":"vec","sid":"s782","d":5718},"geometry":{"type":"LineString","coordinates":[[18.38152,50.01908],[18.461107,50.024685]]}},{"type":"Feature","properties":{"t":"gps","sid":"s782"},"geometry":{"type":"Point","coordinates":[18.38152,50.01908]}},{"type":"Feature","properties":{"t":"sch","sid":"s782","name":"WODZISŁAW ŚLĄSKI, PADEREWSKIEGO PIEKARNIA","imp":0.048,"d":5718},"geometry":{"type":"Point","coordinates":[18.461107,50.024685]}},{"type":"Feature","properties":{"t":"vec","sid":"s783","d":5325},"geometry":{"type":"LineString","coordinates":[[18.38131,50.0191],[18.455618,50.022954]]}},{"type":"Feature","properties":{"t":"gps","sid":"s783"},"geometry":{"type":"Point","coordinates":[18.38131,50.0191]}},{"type":"Feature","properties":{"t":"sch","sid":"s783","name":"WODZISŁAW ŚLĄSKI, PADEREWSKIEGO PIEKARNIA","imp":0.048,"d":5325},"geometry":{"type":"Point","coordinates":[18.455618,50.022954]}},{"type":"Feature","properties":{"t":"vec","sid":"s784","d":3747},"geometry":{"type":"LineString","coordinates":[[18.41789,50.01336],[18.469339,50.019945]]}},{"type":"Feature","properties":{"t":"gps","sid":"s784"},"geometry":{"type":"Point","coordinates":[18.41789,50.01336]}},{"type":"Feature","properties":{"t":"sch","sid":"s784","name":"WODZISŁAW ŚLĄSKI, PSZOWSKA KOKOSZYCE","imp":0.125,"d":3747},"geometry":{"type":"Point","coordinates":[18.469339,50.019945]}},{"type":"Feature","properties":{"t":"vec","sid":"s785","d":3596},"geometry":{"type":"LineString","coordinates":[[18.41668,50.01395],[18.466595,50.018182]]}},{"type":"Feature","properties":{"t":"gps","sid":"s785"},"geometry":{"type":"Point","coordinates":[18.41668,50.01395]}},{"type":"Feature","properties":{"t":"sch","sid":"s785","name":"WODZISŁAW ŚLĄSKI, PSZOWSKA KOKOSZYCE","imp":0.125,"d":3596},"geometry":{"type":"Point","coordinates":[18.466595,50.018182]}},{"type":"Feature","properties":{"t":"vec","sid":"s786","d":2208},"geometry":{"type":"LineString","coordinates":[[18.451058,50.004727],[18.480316,50.011131]]}},{"type":"Feature","properties":{"t":"gps","sid":"s786"},"geometry":{"type":"Point","coordinates":[18.451058,50.004727]}},{"type":"Feature","properties":{"t":"sch","sid":"s786","name":"WODZISŁAW ŚLĄSKI, PSZOWSKA PARTYZANTÓW","imp":0.17,"d":2208},"geometry":{"type":"Point","coordinates":[18.480316,50.011131]}},{"type":"Feature","properties":{"t":"vec","sid":"s787","d":4050},"geometry":{"type":"LineString","coordinates":[[18.407413,50.021723],[18.463851,50.025233]]}},{"type":"Feature","properties":{"t":"gps","sid":"s787"},"geometry":{"type":"Point","coordinates":[18.407413,50.021723]}},{"type":"Feature","properties":{"t":"sch","sid":"s787","name":"WODZISŁAW ŚLĄSKI, PSZOWSKA STAWKI","imp":0.156,"d":4050},"geometry":{"type":"Point","coordinates":[18.463851,50.025233]}},{"type":"Feature","properties":{"t":"vec","sid":"s788","d":1892},"geometry":{"type":"LineString","coordinates":[[18.45888,50.00066],[18.48306,50.007606]]}},{"type":"Feature","properties":{"t":"gps","sid":"s788"},"geometry":{"type":"Point","coordinates":[18.45888,50.00066]}},{"type":"Feature","properties":{"t":"sch","sid":"s788","name":"WODZISŁAW ŚLĄSKI, PSZOWSKA URZĄD MIASTA","imp":0.182,"d":1892},"geometry":{"type":"Point","coordinates":[18.48306,50.007606]}},{"type":"Feature","properties":{"t":"vec","sid":"s789","d":1928},"geometry":{"type":"LineString","coordinates":[[18.46022,50.00706],[18.485537,50.013066]]}},{"type":"Feature","properties":{"t":"gps","sid":"s789"},"geometry":{"type":"Point","coordinates":[18.46022,50.00706]}},{"type":"Feature","properties":{"t":"sch","sid":"s789","name":"WODZISŁAW ŚLĄSKI, RADLIŃSKA GAŁCZYŃSKIEGO","imp":0.048,"d":1928},"geometry":{"type":"Point","coordinates":[18.485537,50.013066]}},{"type":"Feature","properties":{"t":"vec","sid":"s790","d":1919},"geometry":{"type":"LineString","coordinates":[[18.46035,50.00706],[18.485537,50.013066]]}},{"type":"Feature","properties":{"t":"gps","sid":"s790"},"geometry":{"type":"Point","coordinates":[18.46035,50.00706]}},{"type":"Feature","properties":{"t":"sch","sid":"s790","name":"WODZISŁAW ŚLĄSKI, RADLIŃSKA GAŁCZYŃSKIEGO","imp":0.048,"d":1919},"geometry":{"type":"Point","coordinates":[18.485537,50.013066]}},{"type":"Feature","properties":{"t":"vec","sid":"s791","d":1988},"geometry":{"type":"LineString","coordinates":[[18.459515,50.012303],[18.485805,50.018182]]}},{"type":"Feature","properties":{"t":"gps","sid":"s791"},"geometry":{"type":"Point","coordinates":[18.459515,50.012303]}},{"type":"Feature","properties":{"t":"sch","sid":"s791","name":"WODZISŁAW ŚLĄSKI, RADLIŃSKA XXX LECIA","imp":0.153,"d":1988},"geometry":{"type":"Point","coordinates":[18.485805,50.018182]}},{"type":"Feature","properties":{"t":"vec","sid":"s793","d":3128},"geometry":{"type":"LineString","coordinates":[[18.43744,49.99894],[18.480316,50.004668]]}},{"type":"Feature","properties":{"t":"gps","sid":"s793"},"geometry":{"type":"Point","coordinates":[18.43744,49.99894]}},{"type":"Feature","properties":{"t":"sch","sid":"s793","name":"WODZISŁAW ŚLĄSKI, ROGOWSKA CMENTARZ","imp":0.048,"d":3128},"geometry":{"type":"Point","coordinates":[18.480316,50.004668]}},{"type":"Feature","properties":{"t":"vec","sid":"s795","d":3489},"geometry":{"type":"LineString","coordinates":[[18.43264,49.99638],[18.480316,50.003199]]}},{"type":"Feature","properties":{"t":"gps","sid":"s795"},"geometry":{"type":"Point","coordinates":[18.43264,49.99638]}},{"type":"Feature","properties":{"t":"sch","sid":"s795","name":"WODZISŁAW ŚLĄSKI, ROGOWSKA SŁOWIAŃSKA","imp":0.048,"d":3489},"geometry":{"type":"Point","coordinates":[18.480316,50.003199]}},{"type":"Feature","properties":{"t":"vec","sid":"s796","d":4191},"geometry":{"type":"LineString","coordinates":[[18.40957,50.00578],[18.466595,50.014657]]}},{"type":"Feature","properties":{"t":"gps","sid":"s796"},"geometry":{"type":"Point","coordinates":[18.40957,50.00578]}},{"type":"Feature","properties":{"t":"sch","sid":"s796","name":"WODZISŁAW ŚLĄSKI, ROZWOJOWA","imp":0.101,"d":4191},"geometry":{"type":"Point","coordinates":[18.466595,50.014657]}},{"type":"Feature","properties":{"t":"vec","sid":"s797","d":4127},"geometry":{"type":"LineString","coordinates":[[18.40943,50.00573],[18.466595,50.011131]]}},{"type":"Feature","properties":{"t":"gps","sid":"s797"},"geometry":{"type":"Point","coordinates":[18.40943,50.00573]}},{"type":"Feature","properties":{"t":"sch","sid":"s797","name":"WODZISŁAW ŚLĄSKI, ROZWOJOWA","imp":0.101,"d":4127},"geometry":{"type":"Point","coordinates":[18.466595,50.011131]}},{"type":"Feature","properties":{"t":"vec","sid":"s798","d":1174},"geometry":{"type":"LineString","coordinates":[[18.479548,50.018485],[18.494037,50.02347]]}},{"type":"Feature","properties":{"t":"gps","sid":"s798"},"geometry":{"type":"Point","coordinates":[18.479548,50.018485]}},{"type":"Feature","properties":{"t":"sch","sid":"s798","name":"WODZISŁAW ŚLĄSKI, RYBNICKA CHROBREGO","imp":0.156,"d":1174},"geometry":{"type":"Point","coordinates":[18.494037,50.02347]}},{"type":"Feature","properties":{"t":"vec","sid":"s799","d":1099},"geometry":{"type":"LineString","coordinates":[[18.476287,50.014245],[18.491293,50.016419]]}},{"type":"Feature","properties":{"t":"gps","sid":"s799"},"geometry":{"type":"Point","coordinates":[18.476287,50.014245]}},{"type":"Feature","properties":{"t":"sch","sid":"s799","name":"WODZISŁAW ŚLĄSKI, RYBNICKA RADLIŃSKIE CHAŁUPKI","imp":0.122,"d":1099},"geometry":{"type":"Point","coordinates":[18.491293,50.016419]}},{"type":"Feature","properties":{"t":"vec","sid":"s800","d":2995},"geometry":{"type":"LineString","coordinates":[[18.4774,49.975],[18.505014,49.995267]]}},{"type":"Feature","properties":{"t":"gps","sid":"s800"},"geometry":{"type":"Point","coordinates":[18.4774,49.975]}},{"type":"Feature","properties":{"t":"sch","sid":"s800","name":"WODZISŁAW ŚLĄSKI, SKRZYSZOWSKA CZARNIECKIEGO","imp":0.048,"d":2995},"geometry":{"type":"Point","coordinates":[18.505014,49.995267]}},{"type":"Feature","properties":{"t":"vec","sid":"s801","d":3253},"geometry":{"type":"LineString","coordinates":[[18.47761,49.97506],[18.508327,49.996665]]}},{"type":"Feature","properties":{"t":"gps","sid":"s801"},"geometry":{"type":"Point","coordinates":[18.47761,49.97506]}},{"type":"Feature","properties":{"t":"sch","sid":"s801","name":"WODZISŁAW ŚLĄSKI, SKRZYSZOWSKA CZARNIECKIEGO","imp":0.048,"d":3253},"geometry":{"type":"Point","coordinates":[18.508327,49.996665]}},{"type":"Feature","properties":{"t":"vec","sid":"s802","d":2841},"geometry":{"type":"LineString","coordinates":[[18.4729,49.98366],[18.504754,49.99896]]}},{"type":"Feature","properties":{"t":"gps","sid":"s802"},"geometry":{"type":"Point","coordinates":[18.4729,49.98366]}},{"type":"Feature","properties":{"t":"sch","sid":"s802","name":"WODZISŁAW ŚLĄSKI, SKRZYSZOWSKA ŁADNA","imp":0.048,"d":2841},"geometry":{"type":"Point","coordinates":[18.504754,49.99896]}},{"type":"Feature","properties":{"t":"vec","sid":"s803","d":2586},"geometry":{"type":"LineString","coordinates":[[18.47262,49.98352],[18.501584,49.997471]]}},{"type":"Feature","properties":{"t":"gps","sid":"s803"},"geometry":{"type":"Point","coordinates":[18.47262,49.98352]}},{"type":"Feature","properties":{"t":"sch","sid":"s803","name":"WODZISŁAW ŚLĄSKI, SKRZYSZOWSKA ŁADNA","imp":0.048,"d":2586},"geometry":{"type":"Point","coordinates":[18.501584,49.997471]}},{"type":"Feature","properties":{"t":"vec","sid":"s804","d":2425},"geometry":{"type":"LineString","coordinates":[[18.46416,49.99238],[18.494723,50.001877]]}},{"type":"Feature","properties":{"t":"gps","sid":"s804"},"geometry":{"type":"Point","coordinates":[18.46416,49.99238]}},{"type":"Feature","properties":{"t":"sch","sid":"s804","name":"WODZISŁAW ŚLĄSKI, SKRZYSZOWSKA SAKANDRZOK","imp":0.048,"d":2425},"geometry":{"type":"Point","coordinates":[18.494723,50.001877]}},{"type":"Feature","properties":{"t":"vec","sid":"s805","d":2677},"geometry":{"type":"LineString","coordinates":[[18.46432,49.99249],[18.49761,50.003549]]}},{"type":"Feature","properties":{"t":"gps","sid":"s805"},"geometry":{"type":"Point","coordinates":[18.46432,49.99249]}},{"type":"Feature","properties":{"t":"sch","sid":"s805","name":"WODZISŁAW ŚLĄSKI, SKRZYSZOWSKA SAKANDRZOK","imp":0.048,"d":2677},"geometry":{"type":"Point","coordinates":[18.49761,50.003549]}},{"type":"Feature","properties":{"t":"vec","sid":"s806","d":2513},"geometry":{"type":"LineString","coordinates":[[18.46831,49.9877],[18.498154,49.999674]]}},{"type":"Feature","properties":{"t":"gps","sid":"s806"},"geometry":{"type":"Point","coordinates":[18.46831,49.9877]}},{"type":"Feature","properties":{"t":"sch","sid":"s806","name":"WODZISŁAW ŚLĄSKI, SKRZYSZOWSKA ZIELONA","imp":0.048,"d":2513},"geometry":{"type":"Point","coordinates":[18.498154,49.999674]}},{"type":"Feature","properties":{"t":"vec","sid":"s807","d":2774},"geometry":{"type":"LineString","coordinates":[[18.46847,49.9878],[18.501182,50.001254]]}},{"type":"Feature","properties":{"t":"gps","sid":"s807"},"geometry":{"type":"Point","coordinates":[18.46847,49.9878]}},{"type":"Feature","properties":{"t":"sch","sid":"s807","name":"WODZISŁAW ŚLĄSKI, SKRZYSZOWSKA ZIELONA","imp":0.048,"d":2774},"geometry":{"type":"Point","coordinates":[18.501182,50.001254]}},{"type":"Feature","properties":{"t":"vec","sid":"s808","d":3071},"geometry":{"type":"LineString","coordinates":[[18.43969,49.99188],[18.481641,49.997942]]}},{"type":"Feature","properties":{"t":"gps","sid":"s808"},"geometry":{"type":"Point","coordinates":[18.43969,49.99188]}},{"type":"Feature","properties":{"t":"sch","sid":"s808","name":"WODZISŁAW ŚLĄSKI, STAROWIEJSKA CZYŻOWICKA","imp":0.048,"d":3071},"geometry":{"type":"Point","coordinates":[18.481641,49.997942]}},{"type":"Feature","properties":{"t":"vec","sid":"s810","d":2875},"geometry":{"type":"LineString","coordinates":[[18.44862,49.98133],[18.48306,49.994708]]}},{"type":"Feature","properties":{"t":"gps","sid":"s810"},"geometry":{"type":"Point","coordinates":[18.44862,49.98133]}},{"type":"Feature","properties":{"t":"sch","sid":"s810","name":"WODZISŁAW ŚLĄSKI, STAROWIEJSKA KS.KASPERCZYKA","imp":0.048,"d":2875},"geometry":{"type":"Point","coordinates":[18.48306,49.994708]}},{"type":"Feature","properties":{"t":"vec","sid":"s812","d":2974},"geometry":{"type":"LineString","coordinates":[[18.44574,49.98406],[18.48306,49.995912]]}},{"type":"Feature","properties":{"t":"gps","sid":"s812"},"geometry":{"type":"Point","coordinates":[18.44574,49.98406]}},{"type":"Feature","properties":{"t":"sch","sid":"s812","name":"WODZISŁAW ŚLĄSKI, STAROWIEJSKA POLNA","imp":0.048,"d":2974},"geometry":{"type":"Point","coordinates":[18.48306,49.995912]}},{"type":"Feature","properties":{"t":"vec","sid":"s813","d":3161},"geometry":{"type":"LineString","coordinates":[[18.44077,49.98853],[18.482966,49.99709]]}},{"type":"Feature","properties":{"t":"gps","sid":"s813"},"geometry":{"type":"Point","coordinates":[18.44077,49.98853]}},{"type":"Feature","properties":{"t":"sch","sid":"s813","name":"WODZISŁAW ŚLĄSKI, STAROWIEJSKA POPRZECZNA","imp":0.048,"d":3161},"geometry":{"type":"Point","coordinates":[18.482966,49.99709]}},{"type":"Feature","properties":{"t":"vec","sid":"s815","d":2041},"geometry":{"type":"LineString","coordinates":[[18.46472,50.00086],[18.491293,50.007606]]}},{"type":"Feature","properties":{"t":"gps","sid":"s815"},"geometry":{"type":"Point","coordinates":[18.46472,50.00086]}},{"type":"Feature","properties":{"t":"sch","sid":"s815","name":"Wodzisław Dworzec Autobusowy","imp":0.929,"d":2041},"geometry":{"type":"Point","coordinates":[18.491293,50.007606]}},{"type":"Feature","properties":{"t":"vec","sid":"s816","d":2298},"geometry":{"type":"LineString","coordinates":[[18.47676,49.97454],[18.504478,49.985035]]}},{"type":"Feature","properties":{"t":"gps","sid":"s816"},"geometry":{"type":"Point","coordinates":[18.47676,49.97454]}},{"type":"Feature","properties":{"t":"sch","sid":"s816","name":"WODZISŁAW ŚLĄSKI, TURSKA","imp":0.048,"d":2298},"geometry":{"type":"Point","coordinates":[18.504478,49.985035]}},{"type":"Feature","properties":{"t":"vec","sid":"s817","d":2775},"geometry":{"type":"LineString","coordinates":[[18.477,49.97445],[18.505171,49.991641]]}},{"type":"Feature","properties":{"t":"gps","sid":"s817"},"geometry":{"type":"Point","coordinates":[18.477,49.97445]}},{"type":"Feature","properties":{"t":"sch","sid":"s817","name":"WODZISŁAW ŚLĄSKI, TURSKA","imp":0.048,"d":2775},"geometry":{"type":"Point","coordinates":[18.505171,49.991641]}},{"type":"Feature","properties":{"t":"vec","sid":"s818","d":2775},"geometry":{"type":"LineString","coordinates":[[18.45053,49.97986],[18.48306,49.993505]]}},{"type":"Feature","properties":{"t":"gps","sid":"s818"},"geometry":{"type":"Point","coordinates":[18.45053,49.97986]}},{"type":"Feature","properties":{"t":"sch","sid":"s818","name":"WODZISŁAW ŚLĄSKI, TURZYCZKA SKRZYŻOWANIE","imp":0.094,"d":2775},"geometry":{"type":"Point","coordinates":[18.48306,49.993505]}},{"type":"Feature","properties":{"t":"vec","sid":"s819","d":2964},"geometry":{"type":"LineString","coordinates":[[18.45071,49.97987],[18.487863,49.991742]]}},{"type":"Feature","properties":{"t":"gps","sid":"s819"},"geometry":{"type":"Point","coordinates":[18.45071,49.97987]}},{"type":"Feature","properties":{"t":"sch","sid":"s819","name":"WODZISŁAW ŚLĄSKI, TURZYCZKA SKRZYŻOWANIE","imp":0.062,"d":2964},"geometry":{"type":"Point","coordinates":[18.487863,49.991742]}},{"type":"Feature","properties":{"t":"vec","sid":"s820","d":1596},"geometry":{"type":"LineString","coordinates":[[18.50121,49.97755],[18.518735,49.986454]]}},{"type":"Feature","properties":{"t":"gps","sid":"s820"},"geometry":{"type":"Point","coordinates":[18.50121,49.97755]}},{"type":"Feature","properties":{"t":"sch","sid":"s820","name":"WODZISŁAW, ŚLĄSKI, WILCHWY PĘTLA","imp":0.201,"d":1596},"geometry":{"type":"Point","coordinates":[18.518735,49.986454]}},{"type":"Feature","properties":{"t":"vec","sid":"s821","d":2160},"geometry":{"type":"LineString","coordinates":[[18.44803,49.99938],[18.474828,50.00838]]}},{"type":"Feature","properties":{"t":"gps","sid":"s821"},"geometry":{"type":"Point","coordinates":[18.44803,49.99938]}},{"type":"Feature","properties":{"t":"sch","sid":"s821","name":"WODZISŁAW ŚLĄSKI, WOLNOŚCI CHOPINA","imp":0.048,"d":2160},"geometry":{"type":"Point","coordinates":[18.474828,50.00838]}},{"type":"Feature","properties":{"t":"vec","sid":"s822","d":2583},"geometry":{"type":"LineString","coordinates":[[18.44788,49.99935],[18.481688,50.007606]]}},{"type":"Feature","properties":{"t":"gps","sid":"s822"},"geometry":{"type":"Point","coordinates":[18.44788,49.99935]}},{"type":"Feature","properties":{"t":"sch","sid":"s822","name":"WODZISŁAW ŚLĄSKI, WOLNOŚCI CHOPINA","imp":0.062,"d":2583},"geometry":{"type":"Point","coordinates":[18.481688,50.007606]}},{"type":"Feature","properties":{"t":"vec","sid":"s823","d":2902},"geometry":{"type":"LineString","coordinates":[[18.43545,50.0085],[18.474828,50.014915]]}},{"type":"Feature","properties":{"t":"gps","sid":"s823"},"geometry":{"type":"Point","coordinates":[18.43545,50.0085]}},{"type":"Feature","properties":{"t":"sch","sid":"s823","name":"WODZISŁAW ŚLĄSKI, WOLNOŚCI DZIAŁKI","imp":0.048,"d":2902},"geometry":{"type":"Point","coordinates":[18.474828,50.014915]}},{"type":"Feature","properties":{"t":"vec","sid":"s824","d":2872},"geometry":{"type":"LineString","coordinates":[[18.43494,50.00888],[18.474828,50.012164]]}},{"type":"Feature","properties":{"t":"gps","sid":"s824"},"geometry":{"type":"Point","coordinates":[18.43494,50.00888]}},{"type":"Feature","properties":{"t":"sch","sid":"s824","name":"WODZISŁAW ŚLĄSKI, WOLNOŚCI DZIAŁKI","imp":0.048,"d":2872},"geometry":{"type":"Point","coordinates":[18.474828,50.012164]}},{"type":"Feature","properties":{"t":"vec","sid":"s825","d":2695},"geometry":{"type":"LineString","coordinates":[[18.4406,50.00145],[18.474828,50.011648]]}},{"type":"Feature","properties":{"t":"gps","sid":"s825"},"geometry":{"type":"Point","coordinates":[18.4406,50.00145]}},{"type":"Feature","properties":{"t":"sch","sid":"s825","name":"WODZISŁAW ŚLĄSKI, WOLNOŚCI KOŚCIÓŁ","imp":0.048,"d":2695},"geometry":{"type":"Point","coordinates":[18.474828,50.011648]}},{"type":"Feature","properties":{"t":"vec","sid":"s826","d":2961},"geometry":{"type":"LineString","coordinates":[[18.43989,50.00172],[18.480316,50.007606]]}},{"type":"Feature","properties":{"t":"gps","sid":"s826"},"geometry":{"type":"Point","coordinates":[18.43989,50.00172]}},{"type":"Feature","properties":{"t":"sch","sid":"s826","name":"WODZISŁAW ŚLĄSKI, WOLNOŚCI KOŚCIÓŁ","imp":0.079,"d":2961},"geometry":{"type":"Point","coordinates":[18.480316,50.007606]}},{"type":"Feature","properties":{"t":"vec","sid":"s827","d":1936},"geometry":{"type":"LineString","coordinates":[[18.459162,50.022035],[18.485805,50.025233]]}},{"type":"Feature","properties":{"t":"gps","sid":"s827"},"geometry":{"type":"Point","coordinates":[18.459162,50.022035]}},{"type":"Feature","properties":{"t":"sch","sid":"s827","name":"WODZISŁAW ŚLĄŚKI, RADLIŃSKA REMIZA","imp":0.25,"d":1936},"geometry":{"type":"Point","coordinates":[18.485805,50.025233]}},{"type":"Feature","properties":{"t":"vec","sid":"s829","d":1699},"geometry":{"type":"LineString","coordinates":[[18.6788,50.00369],[18.655945,50.007933]]}},{"type":"Feature","properties":{"t":"gps","sid":"s829"},"geometry":{"type":"Point","coordinates":[18.6788,50.00369]}},{"type":"Feature","properties":{"t":"sch","sid":"s829","name":"Krzyżowice Kolonia","imp":0.048,"d":1699},"geometry":{"type":"Point","coordinates":[18.655945,50.007933]}},{"type":"Feature","properties":{"t":"vec","sid":"s830","d":2168},"geometry":{"type":"LineString","coordinates":[[18.67418,49.98667],[18.65552,50.002045]]}},{"type":"Feature","properties":{"t":"gps","sid":"s830"},"geometry":{"type":"Point","coordinates":[18.67418,49.98667]}},{"type":"Feature","properties":{"t":"sch","sid":"s830","name":"Krzyżowice Śląska","imp":0.048,"d":2168},"geometry":{"type":"Point","coordinates":[18.65552,50.002045]}},{"type":"Feature","properties":{"t":"vec","sid":"s831","d":2016},"geometry":{"type":"LineString","coordinates":[[18.66454,49.98769],[18.642224,49.998793]]}},{"type":"Feature","properties":{"t":"gps","sid":"s831"},"geometry":{"type":"Point","coordinates":[18.66454,49.98769]}},{"type":"Feature","properties":{"t":"sch","sid":"s831","name":"Krzyżowice Kościół","imp":0.156,"d":2016},"geometry":{"type":"Point","coordinates":[18.642224,49.998793]}},{"type":"Feature","properties":{"t":"vec","sid":"s832","d":1743},"geometry":{"type":"LineString","coordinates":[[18.68006,50.00415],[18.655945,50.006532]]}},{"type":"Feature","properties":{"t":"gps","sid":"s832"},"geometry":{"type":"Point","coordinates":[18.68006,50.00415]}},{"type":"Feature","properties":{"t":"sch","sid":"s832","name":"Krzyżowice Kolonia","imp":0.048,"d":1743},"geometry":{"type":"Point","coordinates":[18.655945,50.006532]}},{"type":"Feature","properties":{"t":"vec","sid":"s838","d":1355},"geometry":{"type":"LineString","coordinates":[[18.67071,50.02163],[18.653201,50.016936]]}},{"type":"Feature","properties":{"t":"gps","sid":"s838"},"geometry":{"type":"Point","coordinates":[18.67071,50.02163]}},{"type":"Feature","properties":{"t":"sch","sid":"s838","name":"Al. Jana Pawła II -Industrialna","imp":0.062,"d":1355},"geometry":{"type":"Point","coordinates":[18.653201,50.016936]}},{"type":"Feature","properties":{"t":"vec","sid":"s839","d":971},"geometry":{"type":"LineString","coordinates":[[18.48376,50.024],[18.496781,50.026509]]}},{"type":"Feature","properties":{"t":"gps","sid":"s839"},"geometry":{"type":"Point","coordinates":[18.48376,50.024]}},{"type":"Feature","properties":{"t":"sch","sid":"s839","name":"Radlin Piekarnia","imp":0.077,"d":971},"geometry":{"type":"Point","coordinates":[18.496781,50.026509]}},{"type":"Feature","properties":{"t":"vec","sid":"s840","d":673},"geometry":{"type":"LineString","coordinates":[[18.48757,50.029],[18.496781,50.030277]]}},{"type":"Feature","properties":{"t":"gps","sid":"s840"},"geometry":{"type":"Point","coordinates":[18.48757,50.029]}},{"type":"Feature","properties":{"t":"sch","sid":"s840","name":"Radlin Osiedle","imp":0.077,"d":673},"geometry":{"type":"Point","coordinates":[18.496781,50.030277]}},{"type":"Feature","properties":{"t":"vec","sid":"s841","d":348},"geometry":{"type":"LineString","coordinates":[[18.49236,50.03537],[18.496781,50.034046]]}},{"type":"Feature","properties":{"t":"gps","sid":"s841"},"geometry":{"type":"Point","coordinates":[18.49236,50.03537]}},{"type":"Feature","properties":{"t":"sch","sid":"s841","name":"Obszary PKP","imp":0.125,"d":348},"geometry":{"type":"Point","coordinates":[18.496781,50.034046]}},{"type":"Feature","properties":{"t":"vec","sid":"s842","d":3876},"geometry":{"type":"LineString","coordinates":[[18.41862,50.06584],[18.469339,50.053435]]}},{"type":"Feature","properties":{"t":"gps","sid":"s842"},"geometry":{"type":"Point","coordinates":[18.41862,50.06584]}},{"type":"Feature","properties":{"t":"sch","sid":"s842","name":"Rydułtowy Ośrodek Zdrowia","imp":0.108,"d":3876},"geometry":{"type":"Point","coordinates":[18.469339,50.053435]}},{"type":"Feature","properties":{"t":"vec","sid":"s843","d":4316},"geometry":{"type":"LineString","coordinates":[[18.40812,50.05795],[18.466595,50.048147]]}},{"type":"Feature","properties":{"t":"gps","sid":"s843"},"geometry":{"type":"Point","coordinates":[18.40812,50.05795]}},{"type":"Feature","properties":{"t":"sch","sid":"s843","name":"Rydułtowy Krzyżkowicka Orzechowa","imp":0.048,"d":4316},"geometry":{"type":"Point","coordinates":[18.466595,50.048147]}},{"type":"Feature","properties":{"t":"vec","sid":"s844","d":4740},"geometry":{"type":"LineString","coordinates":[[18.39972,50.05912],[18.463851,50.048147]]}},{"type":"Feature","properties":{"t":"gps","sid":"s844"},"geometry":{"type":"Point","coordinates":[18.39972,50.05912]}},{"type":"Feature","properties":{"t":"sch","sid":"s844","name":"Pszów Krzyżkowicka Jesionowa","imp":0.096,"d":4740},"geometry":{"type":"Point","coordinates":[18.463851,50.048147]}},{"type":"Feature","properties":{"t":"vec","sid":"s845","d":5509},"geometry":{"type":"LineString","coordinates":[[18.38645,50.05499],[18.462077,50.045245]]}},{"type":"Feature","properties":{"t":"gps","sid":"s845"},"geometry":{"type":"Point","coordinates":[18.38645,50.05499]}},{"type":"Feature","properties":{"t":"sch","sid":"s845","name":"Pszów Ar. Krajowej","imp":0.048,"d":5509},"geometry":{"type":"Point","coordinates":[18.462077,50.045245]}},{"type":"Feature","properties":{"t":"vec","sid":"s846","d":5657},"geometry":{"type":"LineString","coordinates":[[18.38063,50.05261],[18.458363,50.042859]]}},{"type":"Feature","properties":{"t":"gps","sid":"s846"},"geometry":{"type":"Point","coordinates":[18.38063,50.05261]}},{"type":"Feature","properties":{"t":"sch","sid":"s846","name":"Krzyżkowice Skrzyżowanie","imp":0.096,"d":5657},"geometry":{"type":"Point","coordinates":[18.458363,50.042859]}},{"type":"Feature","properties":{"t":"vec","sid":"s847","d":5268},"geometry":{"type":"LineString","coordinates":[[18.38826,50.04498],[18.461107,50.037571]]}},{"type":"Feature","properties":{"t":"gps","sid":"s847"},"geometry":{"type":"Point","coordinates":[18.38826,50.04498]}},{"type":"Feature","properties":{"t":"sch","sid":"s847","name":"Pszów Wiadukt","imp":0.079,"d":5268},"geometry":{"type":"Point","coordinates":[18.461107,50.037571]}},{"type":"Feature","properties":{"t":"vec","sid":"s848","d":4806},"geometry":{"type":"LineString","coordinates":[[18.39408,50.04046],[18.461107,50.03669]]}},{"type":"Feature","properties":{"t":"gps","sid":"s848"},"geometry":{"type":"Point","coordinates":[18.39408,50.04046]}},{"type":"Feature","properties":{"t":"sch","sid":"s848","name":"Pszów Bazylika","imp":0.062,"d":4806},"geometry":{"type":"Point","coordinates":[18.461107,50.03669]}},{"type":"Feature","properties":{"t":"vec","sid":"s849","d":3798},"geometry":{"type":"LineString","coordinates":[[18.41777,50.01339],[18.469339,50.021707]]}},{"type":"Feature","properties":{"t":"gps","sid":"s849"},"geometry":{"type":"Point","coordinates":[18.41777,50.01339]}},{"type":"Feature","properties":{"t":"sch","sid":"s849","name":"Kokoszyce Kościół","imp":0.077,"d":3798},"geometry":{"type":"Point","coordinates":[18.469339,50.021707]}},{"type":"Feature","properties":{"t":"vec","sid":"s850","d":3873},"geometry":{"type":"LineString","coordinates":[[18.41644,50.01403],[18.469339,50.021707]]}},{"type":"Feature","properties":{"t":"gps","sid":"s850"},"geometry":{"type":"Point","coordinates":[18.41644,50.01403]}},{"type":"Feature","properties":{"t":"sch","sid":"s850","name":"Kokoszyce Kościół","imp":0.077,"d":3873},"geometry":{"type":"Point","coordinates":[18.469339,50.021707]}},{"type":"Feature","properties":{"t":"vec","sid":"s851","d":5109},"geometry":{"type":"LineString","coordinates":[[18.38818,50.04646],[18.458363,50.037571]]}},{"type":"Feature","properties":{"t":"gps","sid":"s851"},"geometry":{"type":"Point","coordinates":[18.38818,50.04646]}},{"type":"Feature","properties":{"t":"sch","sid":"s851","name":"Pszów Wiadukt","imp":0.079,"d":5109},"geometry":{"type":"Point","coordinates":[18.458363,50.037571]}},{"type":"Feature","properties":{"t":"vec","sid":"s852","d":5428},"geometry":{"type":"LineString","coordinates":[[18.38102,50.0522],[18.455618,50.042859]]}},{"type":"Feature","properties":{"t":"gps","sid":"s852"},"geometry":{"type":"Point","coordinates":[18.38102,50.0522]}},{"type":"Feature","properties":{"t":"sch","sid":"s852","name":"Krzyżkowice Skrzyżowanie","imp":0.096,"d":5428},"geometry":{"type":"Point","coordinates":[18.455618,50.042859]}},{"type":"Feature","properties":{"t":"vec","sid":"s853","d":5320},"geometry":{"type":"LineString","coordinates":[[18.38665,50.05476],[18.459735,50.045503]]}},{"type":"Feature","properties":{"t":"gps","sid":"s853"},"geometry":{"type":"Point","coordinates":[18.38665,50.05476]}},{"type":"Feature","properties":{"t":"sch","sid":"s853","name":"Pszów Ar. Krajowej","imp":0.048,"d":5320},"geometry":{"type":"Point","coordinates":[18.459735,50.045503]}},{"type":"Feature","properties":{"t":"vec","sid":"s854","d":4299},"geometry":{"type":"LineString","coordinates":[[18.40823,50.05761],[18.466595,50.048147]]}},{"type":"Feature","properties":{"t":"gps","sid":"s854"},"geometry":{"type":"Point","coordinates":[18.40823,50.05761]}},{"type":"Feature","properties":{"t":"sch","sid":"s854","name":"Rydułtowy Krzyżkowicka Orzechowa","imp":0.048,"d":4299},"geometry":{"type":"Point","coordinates":[18.466595,50.048147]}},{"type":"Feature","properties":{"t":"vec","sid":"s855","d":468},"geometry":{"type":"LineString","coordinates":[[18.48791,50.02951],[18.494037,50.031007]]}},{"type":"Feature","properties":{"t":"gps","sid":"s855"},"geometry":{"type":"Point","coordinates":[18.48791,50.02951]}},{"type":"Feature","properties":{"t":"sch","sid":"s855","name":"Radlin Osiedle","imp":0.077,"d":468},"geometry":{"type":"Point","coordinates":[18.494037,50.031007]}},{"type":"Feature","properties":{"t":"vec","sid":"s856","d":786},"geometry":{"type":"LineString","coordinates":[[18.48396,50.0244],[18.494037,50.027239]]}},{"type":"Feature","properties":{"t":"gps","sid":"s856"},"geometry":{"type":"Point","coordinates":[18.48396,50.0244]}},{"type":"Feature","properties":{"t":"sch","sid":"s856","name":"Radlin Piekarnia","imp":0.077,"d":786},"geometry":{"type":"Point","coordinates":[18.494037,50.027239]}},{"type":"Feature","properties":{"t":"vec","sid":"s857","d":770},"geometry":{"type":"LineString","coordinates":[[18.48933,50.04687],[18.499526,50.044622]]}},{"type":"Feature","properties":{"t":"gps","sid":"s857"},"geometry":{"type":"Point","coordinates":[18.48933,50.04687]}},{"type":"Feature","properties":{"t":"sch","sid":"s857","name":"Radlin Boisko","imp":0.048,"d":770},"geometry":{"type":"Point","coordinates":[18.499526,50.044622]}},{"type":"Feature","properties":{"t":"vec","sid":"s858","d":2177},"geometry":{"type":"LineString","coordinates":[[18.45113,50.04674],[18.480316,50.041097]]}},{"type":"Feature","properties":{"t":"gps","sid":"s858"},"geometry":{"type":"Point","coordinates":[18.45113,50.04674]}},{"type":"Feature","properties":{"t":"sch","sid":"s858","name":"Radlin Rymera Szkoła nr 3","imp":0.079,"d":2177},"geometry":{"type":"Point","coordinates":[18.480316,50.041097]}},{"type":"Feature","properties":{"t":"vec","sid":"s859","d":2451},"geometry":{"type":"LineString","coordinates":[[18.44523,50.04536],[18.478487,50.039922]]}},{"type":"Feature","properties":{"t":"gps","sid":"s859"},"geometry":{"type":"Point","coordinates":[18.44523,50.04536]}},{"type":"Feature","properties":{"t":"sch","sid":"s859","name":"Radlin Rymera Kościół","imp":0.062,"d":2451},"geometry":{"type":"Point","coordinates":[18.478487,50.039922]}},{"type":"Feature","properties":{"t":"vec","sid":"s860","d":2896},"geometry":{"type":"LineString","coordinates":[[18.43673,50.04329],[18.476657,50.038746]]}},{"type":"Feature","properties":{"t":"gps","sid":"s860"},"geometry":{"type":"Point","coordinates":[18.43673,50.04329]}},{"type":"Feature","properties":{"t":"sch","sid":"s860","name":"Radlin Rymera Głożyńska","imp":0.062,"d":2896},"geometry":{"type":"Point","coordinates":[18.476657,50.038746]}},{"type":"Feature","properties":{"t":"vec","sid":"s861","d":5109},"geometry":{"type":"LineString","coordinates":[[18.38774,50.04661],[18.458363,50.039334]]}},{"type":"Feature","properties":{"t":"gps","sid":"s861"},"geometry":{"type":"Point","coordinates":[18.38774,50.04661]}},{"type":"Feature","properties":{"t":"sch","sid":"s861","name":"Pszów K. Miarki Skwary","imp":0.116,"d":5109},"geometry":{"type":"Point","coordinates":[18.458363,50.039334]}},{"type":"Feature","properties":{"t":"vec","sid":"s862","d":5349},"geometry":{"type":"LineString","coordinates":[[18.38079,50.04337],[18.45507,50.037219]]}},{"type":"Feature","properties":{"t":"gps","sid":"s862"},"geometry":{"type":"Point","coordinates":[18.38079,50.04337]}},{"type":"Feature","properties":{"t":"sch","sid":"s862","name":"Pszów K. Miarki Fornalskiej","imp":0.048,"d":5349},"geometry":{"type":"Point","coordinates":[18.45507,50.037219]}},{"type":"Feature","properties":{"t":"vec","sid":"s863","d":5892},"geometry":{"type":"LineString","coordinates":[[18.37099,50.03817],[18.453423,50.036161]]}},{"type":"Feature","properties":{"t":"gps","sid":"s863"},"geometry":{"type":"Point","coordinates":[18.37099,50.03817]}},{"type":"Feature","properties":{"t":"sch","sid":"s863","name":"Pszów K. Miarki Kaplica","imp":0.048,"d":5892},"geometry":{"type":"Point","coordinates":[18.453423,50.036161]}},{"type":"Feature","properties":{"t":"vec","sid":"s864","d":6031},"geometry":{"type":"LineString","coordinates":[[18.36575,50.03617],[18.45013,50.034046]]}},{"type":"Feature","properties":{"t":"gps","sid":"s864"},"geometry":{"type":"Point","coordinates":[18.36575,50.03617]}},{"type":"Feature","properties":{"t":"sch","sid":"s864","name":"Pszów Staffa","imp":0.07,"d":6031},"geometry":{"type":"Point","coordinates":[18.45013,50.034046]}},{"type":"Feature","properties":{"t":"vec","sid":"s865","d":5767},"geometry":{"type":"LineString","coordinates":[[18.37115,50.03782],[18.451776,50.035104]]}},{"type":"Feature","properties":{"t":"gps","sid":"s865"},"geometry":{"type":"Point","coordinates":[18.37115,50.03782]}},{"type":"Feature","properties":{"t":"sch","sid":"s865","name":"Pszów K. Miarki Kaplica","imp":0.048,"d":5767},"geometry":{"type":"Point","coordinates":[18.451776,50.035104]}},{"type":"Feature","properties":{"t":"vec","sid":"s866","d":5427},"geometry":{"type":"LineString","coordinates":[[18.38111,50.04312],[18.456716,50.038276]]}},{"type":"Feature","properties":{"t":"gps","sid":"s866"},"geometry":{"type":"Point","coordinates":[18.38111,50.04312]}},{"type":"Feature","properties":{"t":"sch","sid":"s866","name":"Pszów K. Miarki Fornalskiej","imp":0.048,"d":5427},"geometry":{"type":"Point","coordinates":[18.456716,50.038276]}},{"type":"Feature","properties":{"t":"vec","sid":"s867","d":5915},"geometry":{"type":"LineString","coordinates":[[18.37189,50.05573],[18.452874,50.044622]]}},{"type":"Feature","properties":{"t":"gps","sid":"s867"},"geometry":{"type":"Point","coordinates":[18.37189,50.05573]}},{"type":"Feature","properties":{"t":"sch","sid":"s867","name":"Krzyżkowice Sklep","imp":0.065,"d":5915},"geometry":{"type":"Point","coordinates":[18.452874,50.044622]}},{"type":"Feature","properties":{"t":"vec","sid":"s868","d":6049},"geometry":{"type":"LineString","coordinates":[[18.36432,50.05878],[18.447386,50.048147]]}},{"type":"Feature","properties":{"t":"gps","sid":"s868"},"geometry":{"type":"Point","coordinates":[18.36432,50.05878]}},{"type":"Feature","properties":{"t":"sch","sid":"s868","name":"Krzyżkowice Działki","imp":0.087,"d":6049},"geometry":{"type":"Point","coordinates":[18.447386,50.048147]}},{"type":"Feature","properties":{"t":"vec","sid":"s869","d":655},"geometry":{"type":"LineString","coordinates":[[18.49081,50.04646],[18.499526,50.044622]]}},{"type":"Feature","properties":{"t":"gps","sid":"s869"},"geometry":{"type":"Point","coordinates":[18.49081,50.04646]}},{"type":"Feature","properties":{"t":"sch","sid":"s869","name":"Radlin Boisko","imp":0.048,"d":655},"geometry":{"type":"Point","coordinates":[18.499526,50.044622]}},{"type":"Feature","properties":{"t":"vec","sid":"s870","d":7382},"geometry":{"type":"LineString","coordinates":[[18.35278,50.06939],[18.452188,50.051232]]}},{"type":"Feature","properties":{"t":"gps","sid":"s870"},"geometry":{"type":"Point","coordinates":[18.35278,50.06939]}},{"type":"Feature","properties":{"t":"sch","sid":"s870","name":"Rzuchów Dom Dziecka","imp":0.048,"d":7382},"geometry":{"type":"Point","coordinates":[18.452188,50.051232]}},{"type":"Feature","properties":{"t":"vec","sid":"s871","d":6208},"geometry":{"type":"LineString","coordinates":[[18.37493,50.07272],[18.45699,50.054317]]}},{"type":"Feature","properties":{"t":"gps","sid":"s871"},"geometry":{"type":"Point","coordinates":[18.37493,50.07272]}},{"type":"Feature","properties":{"t":"sch","sid":"s871","name":"Rzuchów I","imp":0.048,"d":6208},"geometry":{"type":"Point","coordinates":[18.45699,50.054317]}},{"type":"Feature","properties":{"t":"vec","sid":"s872","d":5242},"geometry":{"type":"LineString","coordinates":[[18.39121,50.07031],[18.461793,50.057401]]}},{"type":"Feature","properties":{"t":"gps","sid":"s872"},"geometry":{"type":"Point","coordinates":[18.39121,50.07031]}},{"type":"Feature","properties":{"t":"sch","sid":"s872","name":"Rydułtowy Las","imp":0.048,"d":5242},"geometry":{"type":"Point","coordinates":[18.461793,50.057401]}},{"type":"Feature","properties":{"t":"vec","sid":"s873","d":4234},"geometry":{"type":"LineString","coordinates":[[18.41075,50.07327],[18.466595,50.060486]]}},{"type":"Feature","properties":{"t":"gps","sid":"s873"},"geometry":{"type":"Point","coordinates":[18.41075,50.07327]}},{"type":"Feature","properties":{"t":"sch","sid":"s873","name":"Raciborska Galeria","imp":0.111,"d":4234},"geometry":{"type":"Point","coordinates":[18.466595,50.060486]}},{"type":"Feature","properties":{"t":"vec","sid":"s874","d":4165},"geometry":{"type":"LineString","coordinates":[[18.41317,50.07374],[18.466595,50.058723]]}},{"type":"Feature","properties":{"t":"gps","sid":"s874"},"geometry":{"type":"Point","coordinates":[18.41317,50.07374]}},{"type":"Feature","properties":{"t":"sch","sid":"s874","name":"Raciborska Galeria","imp":0.111,"d":4165},"geometry":{"type":"Point","coordinates":[18.466595,50.058723]}},{"type":"Feature","properties":{"t":"vec","sid":"s875","d":5301},"geometry":{"type":"LineString","coordinates":[[18.39147,50.07061],[18.461994,50.055768]]}},{"type":"Feature","properties":{"t":"gps","sid":"s875"},"geometry":{"type":"Point","coordinates":[18.39147,50.07061]}},{"type":"Feature","properties":{"t":"sch","sid":"s875","name":"Rydułtowy Las","imp":0.048,"d":5301},"geometry":{"type":"Point","coordinates":[18.461994,50.055768]}},{"type":"Feature","properties":{"t":"vec","sid":"s876","d":6267},"geometry":{"type":"LineString","coordinates":[[18.37544,50.07294],[18.457392,50.052812]]}},{"type":"Feature","properties":{"t":"gps","sid":"s876"},"geometry":{"type":"Point","coordinates":[18.37544,50.07294]}},{"type":"Feature","properties":{"t":"sch","sid":"s876","name":"Rzuchów I","imp":0.048,"d":6267},"geometry":{"type":"Point","coordinates":[18.457392,50.052812]}},{"type":"Feature","properties":{"t":"vec","sid":"s877","d":7574},"geometry":{"type":"LineString","coordinates":[[18.35087,50.06866],[18.452791,50.049857]]}},{"type":"Feature","properties":{"t":"gps","sid":"s877"},"geometry":{"type":"Point","coordinates":[18.35087,50.06866]}},{"type":"Feature","properties":{"t":"sch","sid":"s877","name":"Rzuchów Dom Dziecka","imp":0.048,"d":7574},"geometry":{"type":"Point","coordinates":[18.452791,50.049857]}},{"type":"Feature","properties":{"t":"vec","sid":"s878","d":3206},"geometry":{"type":"LineString","coordinates":[[18.43129,50.06371],[18.472084,50.051673]]}},{"type":"Feature","properties":{"t":"gps","sid":"s878"},"geometry":{"type":"Point","coordinates":[18.43129,50.06371]}},{"type":"Feature","properties":{"t":"sch","sid":"s878","name":"Rydułtowy Tetmajera","imp":0.048,"d":3206},"geometry":{"type":"Point","coordinates":[18.472084,50.051673]}},{"type":"Feature","properties":{"t":"vec","sid":"s879","d":3414},"geometry":{"type":"LineString","coordinates":[[18.43017,50.06819],[18.472084,50.053435]]}},{"type":"Feature","properties":{"t":"gps","sid":"s879"},"geometry":{"type":"Point","coordinates":[18.43017,50.06819]}},{"type":"Feature","properties":{"t":"sch","sid":"s879","name":"KWK Rydułtowy","imp":0.048,"d":3414},"geometry":{"type":"Point","coordinates":[18.472084,50.053435]}},{"type":"Feature","properties":{"t":"vec","sid":"s880","d":4001},"geometry":{"type":"LineString","coordinates":[[18.42388,50.07544],[18.474828,50.060486]]}},{"type":"Feature","properties":{"t":"gps","sid":"s880"},"geometry":{"type":"Point","coordinates":[18.42388,50.07544]}},{"type":"Feature","properties":{"t":"sch","sid":"s880","name":"Raciborska Orłowiec","imp":0.237,"d":4001},"geometry":{"type":"Point","coordinates":[18.474828,50.060486]}},{"type":"Feature","properties":{"t":"vec","sid":"s881","d":3867},"geometry":{"type":"LineString","coordinates":[[18.42168,50.07523],[18.469339,50.058723]]}},{"type":"Feature","properties":{"t":"gps","sid":"s881"},"geometry":{"type":"Point","coordinates":[18.42168,50.07523]}},{"type":"Feature","properties":{"t":"sch","sid":"s881","name":"Raciborska Orłowiec","imp":0.136,"d":3867},"geometry":{"type":"Point","coordinates":[18.469339,50.058723]}},{"type":"Feature","properties":{"t":"vec","sid":"s882","d":3375},"geometry":{"type":"LineString","coordinates":[[18.43958,50.07763],[18.480316,50.062249]]}},{"type":"Feature","properties":{"t":"gps","sid":"s882"},"geometry":{"type":"Point","coordinates":[18.43958,50.07763]}},{"type":"Feature","properties":{"t":"sch","sid":"s882","name":"Raciborska Kowalski","imp":0.125,"d":3375},"geometry":{"type":"Point","coordinates":[18.480316,50.062249]}},{"type":"Feature","properties":{"t":"vec","sid":"s883","d":2789},"geometry":{"type":"LineString","coordinates":[[18.45988,50.08067],[18.491293,50.065774]]}},{"type":"Feature","properties":{"t":"gps","sid":"s883"},"geometry":{"type":"Point","coordinates":[18.45988,50.08067]}},{"type":"Feature","properties":{"t":"sch","sid":"s883","name":"Raciborska Bednorz","imp":0.084,"d":2789},"geometry":{"type":"Point","coordinates":[18.491293,50.065774]}},{"type":"Feature","properties":{"t":"vec","sid":"s884","d":3457},"geometry":{"type":"LineString","coordinates":[[18.43976,50.0779],[18.48306,50.064011]]}},{"type":"Feature","properties":{"t":"gps","sid":"s884"},"geometry":{"type":"Point","coordinates":[18.43976,50.0779]}},{"type":"Feature","properties":{"t":"sch","sid":"s884","name":"Raciborska Kowalski","imp":0.062,"d":3457},"geometry":{"type":"Point","coordinates":[18.48306,50.064011]}},{"type":"Feature","properties":{"t":"vec","sid":"s885","d":1858},"geometry":{"type":"LineString","coordinates":[[18.45741,50.04302],[18.48306,50.040215]]}},{"type":"Feature","properties":{"t":"gps","sid":"s885"},"geometry":{"type":"Point","coordinates":[18.45741,50.04302]}},{"type":"Feature","properties":{"t":"sch","sid":"s885","name":"Radlin Kominka Osiedle","imp":0.062,"d":1858},"geometry":{"type":"Point","coordinates":[18.48306,50.040215]}},{"type":"Feature","properties":{"t":"vec","sid":"s886","d":2254},"geometry":{"type":"LineString","coordinates":[[18.46644,50.07084],[18.494037,50.061002]]}},{"type":"Feature","properties":{"t":"gps","sid":"s886"},"geometry":{"type":"Point","coordinates":[18.46644,50.07084]}},{"type":"Feature","properties":{"t":"sch","sid":"s886","name":"Niewiadom Boisko","imp":0.048,"d":2254},"geometry":{"type":"Point","coordinates":[18.494037,50.061002]}},{"type":"Feature","properties":{"t":"vec","sid":"s887","d":2734},"geometry":{"type":"LineString","coordinates":[[18.44953,50.06881],[18.484433,50.058723]]}},{"type":"Feature","properties":{"t":"gps","sid":"s887"},"geometry":{"type":"Point","coordinates":[18.44953,50.06881]}},{"type":"Feature","properties":{"t":"sch","sid":"s887","name":"Radoszowy Barwna","imp":0.048,"d":2734},"geometry":{"type":"Point","coordinates":[18.484433,50.058723]}},{"type":"Feature","properties":{"t":"vec","sid":"s888","d":3073},"geometry":{"type":"LineString","coordinates":[[18.44369,50.06987],[18.48306,50.058723]]}},{"type":"Feature","properties":{"t":"gps","sid":"s888"},"geometry":{"type":"Point","coordinates":[18.44369,50.06987]}},{"type":"Feature","properties":{"t":"sch","sid":"s888","name":"Radoszowy Pętla","imp":0.065,"d":3073},"geometry":{"type":"Point","coordinates":[18.48306,50.058723]}},{"type":"Feature","properties":{"t":"vec","sid":"s889","d":4024},"geometry":{"type":"LineString","coordinates":[[18.42619,50.07356],[18.477572,50.058723]]}},{"type":"Feature","properties":{"t":"gps","sid":"s889"},"geometry":{"type":"Point","coordinates":[18.42619,50.07356]}},{"type":"Feature","properties":{"t":"sch","sid":"s889","name":"Rydułtowy Obywatelska","imp":0.07,"d":4024},"geometry":{"type":"Point","coordinates":[18.477572,50.058723]}},{"type":"Feature","properties":{"t":"vec","sid":"s890","d":2679},"geometry":{"type":"LineString","coordinates":[[18.45163,50.06865],[18.485805,50.058723]]}},{"type":"Feature","properties":{"t":"gps","sid":"s890"},"geometry":{"type":"Point","coordinates":[18.45163,50.06865]}},{"type":"Feature","properties":{"t":"sch","sid":"s890","name":"Radoszowy Barwna","imp":0.065,"d":2679},"geometry":{"type":"Point","coordinates":[18.485805,50.058723]}},{"type":"Feature","properties":{"t":"vec","sid":"s891","d":2201},"geometry":{"type":"LineString","coordinates":[[18.46672,50.07067],[18.491293,50.058723]]}},{"type":"Feature","properties":{"t":"gps","sid":"s891"},"geometry":{"type":"Point","coordinates":[18.46672,50.07067]}},{"type":"Feature","properties":{"t":"sch","sid":"s891","name":"Niewiadom Boisko","imp":0.065,"d":2201},"geometry":{"type":"Point","coordinates":[18.491293,50.058723]}},{"type":"Feature","properties":{"t":"vec","sid":"s892","d":1343},"geometry":{"type":"LineString","coordinates":[[18.52889,50.01681],[18.510502,50.014292]]}},{"type":"Feature","properties":{"t":"gps","sid":"s892"},"geometry":{"type":"Point","coordinates":[18.52889,50.01681]}},{"type":"Feature","properties":{"t":"sch","sid":"s892","name":"Marklowice Straż","imp":0.048,"d":1343},"geometry":{"type":"Point","coordinates":[18.510502,50.014292]}},{"type":"Feature","properties":{"t":"vec","sid":"s893","d":1211},"geometry":{"type":"LineString","coordinates":[[18.52642,50.00665],[18.510502,50.010401]]}},{"type":"Feature","properties":{"t":"gps","sid":"s893"},"geometry":{"type":"Point","coordinates":[18.52642,50.00665]}},{"type":"Feature","properties":{"t":"sch","sid":"s893","name":"Marklowice Mała Praga","imp":0.048,"d":1211},"geometry":{"type":"Point","coordinates":[18.510502,50.010401]}},{"type":"Feature","properties":{"t":"vec","sid":"s894","d":1006},"geometry":{"type":"LineString","coordinates":[[18.52235,50.00091],[18.511708,50.006832]]}},{"type":"Feature","properties":{"t":"gps","sid":"s894"},"geometry":{"type":"Point","coordinates":[18.52235,50.00091]}},{"type":"Feature","properties":{"t":"sch","sid":"s894","name":"Marklowice Krakusa Skrzyżowanie","imp":0.048,"d":1006},"geometry":{"type":"Point","coordinates":[18.511708,50.006832]}},{"type":"Feature","properties":{"t":"vec","sid":"s895","d":463},"geometry":{"type":"LineString","coordinates":[[18.53038,50.01772],[18.524223,50.016419]]}},{"type":"Feature","properties":{"t":"gps","sid":"s895"},"geometry":{"type":"Point","coordinates":[18.53038,50.01772]}},{"type":"Feature","properties":{"t":"sch","sid":"s895","name":"Marklowice Pawilon","imp":0.065,"d":463},"geometry":{"type":"Point","coordinates":[18.524223,50.016419]}},{"type":"Feature","properties":{"t":"vec","sid":"s896","d":521},"geometry":{"type":"LineString","coordinates":[[18.53568,50.01645],[18.530941,50.012894]]}},{"type":"Feature","properties":{"t":"gps","sid":"s896"},"geometry":{"type":"Point","coordinates":[18.53568,50.01645]}},{"type":"Feature","properties":{"t":"sch","sid":"s896","name":"Marklowice Strefa","imp":0.048,"d":521},"geometry":{"type":"Point","coordinates":[18.530941,50.012894]}},{"type":"Feature","properties":{"t":"vec","sid":"s897","d":446},"geometry":{"type":"LineString","coordinates":[[18.54478,50.01542],[18.539931,50.012894]]}},{"type":"Feature","properties":{"t":"gps","sid":"s897"},"geometry":{"type":"Point","coordinates":[18.54478,50.01542]}},{"type":"Feature","properties":{"t":"sch","sid":"s897","name":"Marklowice Górne","imp":0.048,"d":446},"geometry":{"type":"Point","coordinates":[18.539931,50.012894]}},{"type":"Feature","properties":{"t":"vec","sid":"s898","d":320},"geometry":{"type":"LineString","coordinates":[[18.55188,50.01506],[18.548921,50.012894]]}},{"type":"Feature","properties":{"t":"gps","sid":"s898"},"geometry":{"type":"Point","coordinates":[18.55188,50.01506]}},{"type":"Feature","properties":{"t":"sch","sid":"s898","name":"Marklowice Granica","imp":0.065,"d":320},"geometry":{"type":"Point","coordinates":[18.548921,50.012894]}},{"type":"Feature","properties":{"t":"vec","sid":"s899","d":474},"geometry":{"type":"LineString","coordinates":[[18.56734,50.01706],[18.565955,50.012894]]}},{"type":"Feature","properties":{"t":"gps","sid":"s899"},"geometry":{"type":"Point","coordinates":[18.56734,50.01706]}},{"type":"Feature","properties":{"t":"sch","sid":"s899","name":"Świerklany Gazownia","imp":0.048,"d":474},"geometry":{"type":"Point","coordinates":[18.565955,50.012894]}},{"type":"Feature","properties":{"t":"vec","sid":"s900","d":50},"geometry":{"type":"LineString","coordinates":[[18.54386,50.01555],[18.544153,50.015957]]}},{"type":"Feature","properties":{"t":"gps","sid":"s900"},"geometry":{"type":"Point","coordinates":[18.54386,50.01555]}},{"type":"Feature","properties":{"t":"sch","sid":"s900","name":"Marklowice Górne","imp":0.048,"d":50},"geometry":{"type":"Point","coordinates":[18.544153,50.015957]}},{"type":"Feature","properties":{"t":"vec","sid":"s901","d":138},"geometry":{"type":"LineString","coordinates":[[18.53585,50.01677],[18.537709,50.016419]]}},{"type":"Feature","properties":{"t":"gps","sid":"s901"},"geometry":{"type":"Point","coordinates":[18.53585,50.01677]}},{"type":"Feature","properties":{"t":"sch","sid":"s901","name":"Marklowice Strefa","imp":0.048,"d":138},"geometry":{"type":"Point","coordinates":[18.537709,50.016419]}},{"type":"Feature","properties":{"t":"vec","sid":"s902","d":149},"geometry":{"type":"LineString","coordinates":[[18.53092,50.01776],[18.530966,50.016419]]}},{"type":"Feature","properties":{"t":"gps","sid":"s902"},"geometry":{"type":"Point","coordinates":[18.53092,50.01776]}},{"type":"Feature","properties":{"t":"sch","sid":"s902","name":"Marklowice Pawilon","imp":0.048,"d":149},"geometry":{"type":"Point","coordinates":[18.530966,50.016419]}},{"type":"Feature","properties":{"t":"vec","sid":"s903","d":9347},"geometry":{"type":"LineString","coordinates":[[18.73879,50.16574],[18.65869,50.099265]]}},{"type":"Feature","properties":{"t":"gps","sid":"s903"},"geometry":{"type":"Point","coordinates":[18.73879,50.16574]}},{"type":"Feature","properties":{"t":"sch","sid":"s903","name":"Dębieńsko Las","imp":0.14,"d":9347},"geometry":{"type":"Point","coordinates":[18.65869,50.099265]}},{"type":"Feature","properties":{"t":"vec","sid":"s904","d":9212},"geometry":{"type":"LineString","coordinates":[[18.72995,50.16585],[18.653201,50.099265]]}},{"type":"Feature","properties":{"t":"gps","sid":"s904"},"geometry":{"type":"Point","coordinates":[18.72995,50.16585]}},{"type":"Feature","properties":{"t":"sch","sid":"s904","name":"Dębieńsko Grzomba","imp":0.094,"d":9212},"geometry":{"type":"Point","coordinates":[18.653201,50.099265]}},{"type":"Feature","properties":{"t":"vec","sid":"s905","d":9083},"geometry":{"type":"LineString","coordinates":[[18.71875,50.1676],[18.649085,50.099265]]}},{"type":"Feature","properties":{"t":"gps","sid":"s905"},"geometry":{"type":"Point","coordinates":[18.71875,50.1676]}},{"type":"Feature","properties":{"t":"sch","sid":"s905","name":"Dębieńsko Centrum","imp":0.077,"d":9083},"geometry":{"type":"Point","coordinates":[18.649085,50.099265]}},{"type":"Feature","properties":{"t":"vec","sid":"s906","d":9028},"geometry":{"type":"LineString","coordinates":[[18.70975,50.16898],[18.644968,50.099265]]}},{"type":"Feature","properties":{"t":"gps","sid":"s906"},"geometry":{"type":"Point","coordinates":[18.70975,50.16898]}},{"type":"Feature","properties":{"t":"sch","sid":"s906","name":"Dębieńsko Jesionka","imp":0.094,"d":9028},"geometry":{"type":"Point","coordinates":[18.644968,50.099265]}},{"type":"Feature","properties":{"t":"vec","sid":"s907","d":8815},"geometry":{"type":"LineString","coordinates":[[18.70556,50.16974],[18.63948,50.10279]]}},{"type":"Feature","properties":{"t":"gps","sid":"s907"},"geometry":{"type":"Point","coordinates":[18.70556,50.16974]}},{"type":"Feature","properties":{"t":"sch","sid":"s907","name":"Dębieńsko Stare Skrzyżowanie","imp":0.094,"d":8815},"geometry":{"type":"Point","coordinates":[18.63948,50.10279]}},{"type":"Feature","properties":{"t":"vec","sid":"s908","d":8309},"geometry":{"type":"LineString","coordinates":[[18.70156,50.16502],[18.638565,50.102202]]}},{"type":"Feature","properties":{"t":"gps","sid":"s908"},"geometry":{"type":"Point","coordinates":[18.70156,50.16502]}},{"type":"Feature","properties":{"t":"sch","sid":"s908","name":"Dębieńsko Szyb","imp":0.048,"d":8309},"geometry":{"type":"Point","coordinates":[18.638565,50.102202]}},{"type":"Feature","properties":{"t":"vec","sid":"s909","d":7320},"geometry":{"type":"LineString","coordinates":[[18.69364,50.15675],[18.637651,50.101615]]}},{"type":"Feature","properties":{"t":"gps","sid":"s909"},"geometry":{"type":"Point","coordinates":[18.69364,50.15675]}},{"type":"Feature","properties":{"t":"sch","sid":"s909","name":"Czerwionka Rozlewnia","imp":0.048,"d":7320},"geometry":{"type":"Point","coordinates":[18.637651,50.101615]}},{"type":"Feature","properties":{"t":"vec","sid":"s910","d":6871},"geometry":{"type":"LineString","coordinates":[[18.68558,50.15426],[18.636736,50.101027]]}},{"type":"Feature","properties":{"t":"gps","sid":"s910"},"geometry":{"type":"Point","coordinates":[18.68558,50.15426]}},{"type":"Feature","properties":{"t":"sch","sid":"s910","name":"Czerwionka Park","imp":0.065,"d":6871},"geometry":{"type":"Point","coordinates":[18.636736,50.101027]}},{"type":"Feature","properties":{"t":"vec","sid":"s911","d":6466},"geometry":{"type":"LineString","coordinates":[[18.67609,50.14802],[18.631247,50.097502]]}},{"type":"Feature","properties":{"t":"gps","sid":"s911"},"geometry":{"type":"Point","coordinates":[18.67609,50.14802]}},{"type":"Feature","properties":{"t":"sch","sid":"s911","name":"Czerwionka Centrum","imp":0.139,"d":6466},"geometry":{"type":"Point","coordinates":[18.631247,50.097502]}},{"type":"Feature","properties":{"t":"vec","sid":"s912","d":5570},"geometry":{"type":"LineString","coordinates":[[18.66907,50.13955],[18.631247,50.095739]]}},{"type":"Feature","properties":{"t":"gps","sid":"s912"},"geometry":{"type":"Point","coordinates":[18.66907,50.13955]}},{"type":"Feature","properties":{"t":"sch","sid":"s912","name":"Stanowice Parcele","imp":0.091,"d":5570},"geometry":{"type":"Point","coordinates":[18.631247,50.095739]}},{"type":"Feature","properties":{"t":"vec","sid":"s913","d":5292},"geometry":{"type":"LineString","coordinates":[[18.66975,50.13464],[18.631247,50.093977]]}},{"type":"Feature","properties":{"t":"gps","sid":"s913"},"geometry":{"type":"Point","coordinates":[18.66975,50.13464]}},{"type":"Feature","properties":{"t":"sch","sid":"s913","name":"Stanowice Leszczyńska","imp":0.108,"d":5292},"geometry":{"type":"Point","coordinates":[18.631247,50.093977]}},{"type":"Feature","properties":{"t":"vec","sid":"s914","d":5045},"geometry":{"type":"LineString","coordinates":[[18.67318,50.12996],[18.633992,50.092214]]}},{"type":"Feature","properties":{"t":"gps","sid":"s914"},"geometry":{"type":"Point","coordinates":[18.67318,50.12996]}},{"type":"Feature","properties":{"t":"sch","sid":"s914","name":"Stanowice Skrzyżowanie","imp":0.125,"d":5045},"geometry":{"type":"Point","coordinates":[18.633992,50.092214]}},{"type":"Feature","properties":{"t":"vec","sid":"s915","d":5149},"geometry":{"type":"LineString","coordinates":[[18.66829,50.12841],[18.631247,50.088689]]}},{"type":"Feature","properties":{"t":"gps","sid":"s915"},"geometry":{"type":"Point","coordinates":[18.66829,50.12841]}},{"type":"Feature","properties":{"t":"sch","sid":"s915","name":"Stanowice Szkoła","imp":0.125,"d":5149},"geometry":{"type":"Point","coordinates":[18.631247,50.088689]}},{"type":"Feature","properties":{"t":"vec","sid":"s916","d":4573},"geometry":{"type":"LineString","coordinates":[[18.65218,50.12475],[18.620673,50.088947]]}},{"type":"Feature","properties":{"t":"gps","sid":"s916"},"geometry":{"type":"Point","coordinates":[18.65218,50.12475]}},{"type":"Feature","properties":{"t":"sch","sid":"s916","name":"Przegędza Mikołowska Skrzyżowanie","imp":0.077,"d":4573},"geometry":{"type":"Point","coordinates":[18.620673,50.088947]}},{"type":"Feature","properties":{"t":"vec","sid":"s917","d":4302},"geometry":{"type":"LineString","coordinates":[[18.64501,50.12312],[18.617526,50.088689]]}},{"type":"Feature","properties":{"t":"gps","sid":"s917"},"geometry":{"type":"Point","coordinates":[18.64501,50.12312]}},{"type":"Feature","properties":{"t":"sch","sid":"s917","name":"Przegędza Mikołowska","imp":0.108,"d":4302},"geometry":{"type":"Point","coordinates":[18.617526,50.088689]}},{"type":"Feature","properties":{"t":"vec","sid":"s918","d":3934},"geometry":{"type":"LineString","coordinates":[[18.63177,50.12099],[18.609294,50.088689]]}},{"type":"Feature","properties":{"t":"gps","sid":"s918"},"geometry":{"type":"Point","coordinates":[18.63177,50.12099]}},{"type":"Feature","properties":{"t":"sch","sid":"s918","name":"Przegędza Kościół","imp":0.108,"d":3934},"geometry":{"type":"Point","coordinates":[18.609294,50.088689]}},{"type":"Feature","properties":{"t":"vec","sid":"s919","d":3781},"geometry":{"type":"LineString","coordinates":[[18.61976,50.12154],[18.598317,50.090451]]}},{"type":"Feature","properties":{"t":"gps","sid":"s919"},"geometry":{"type":"Point","coordinates":[18.61976,50.12154]}},{"type":"Feature","properties":{"t":"sch","sid":"s919","name":"Przegędza Las","imp":0.108,"d":3781},"geometry":{"type":"Point","coordinates":[18.598317,50.090451]}},{"type":"Feature","properties":{"t":"vec","sid":"s920","d":1827},"geometry":{"type":"LineString","coordinates":[[18.57368,50.10548],[18.584028,50.090451]]}},{"type":"Feature","properties":{"t":"gps","sid":"s920"},"geometry":{"type":"Point","coordinates":[18.57368,50.10548]}},{"type":"Feature","properties":{"t":"sch","sid":"s920","name":"R-k Paruszowiec Piaski Mikołowska","imp":0.091,"d":1827},"geometry":{"type":"Point","coordinates":[18.584028,50.090451]}},{"type":"Feature","properties":{"t":"vec","sid":"s921","d":11225},"geometry":{"type":"LineString","coordinates":[[18.76581,50.17979],[18.664178,50.10279]]}},{"type":"Feature","properties":{"t":"gps","sid":"s921"},"geometry":{"type":"Point","coordinates":[18.76581,50.17979]}},{"type":"Feature","properties":{"t":"sch","sid":"s921","name":"Ornontowice Centrum","imp":0.052,"d":11225},"geometry":{"type":"Point","coordinates":[18.664178,50.10279]}},{"type":"Feature","properties":{"t":"vec","sid":"s922","d":10960},"geometry":{"type":"LineString","coordinates":[[18.7641,50.17539],[18.662348,50.101615]]}},{"type":"Feature","properties":{"t":"gps","sid":"s922"},"geometry":{"type":"Point","coordinates":[18.7641,50.17539]}},{"type":"Feature","properties":{"t":"sch","sid":"s922","name":"KWK Budryk","imp":0.048,"d":10960},"geometry":{"type":"Point","coordinates":[18.662348,50.101615]}},{"type":"Feature","properties":{"t":"vec","sid":"s923","d":10638},"geometry":{"type":"LineString","coordinates":[[18.76159,50.17071],[18.660519,50.10044]]}},{"type":"Feature","properties":{"t":"gps","sid":"s923"},"geometry":{"type":"Point","coordinates":[18.76159,50.17071]}},{"type":"Feature","properties":{"t":"sch","sid":"s923","name":"Ornontowice Leśna","imp":0.048,"d":10638},"geometry":{"type":"Point","coordinates":[18.660519,50.10044]}},{"type":"Feature","properties":{"t":"vec","sid":"s924","d":2037},"geometry":{"type":"LineString","coordinates":[[18.57417,50.10559],[18.585164,50.088689]]}},{"type":"Feature","properties":{"t":"gps","sid":"s924"},"geometry":{"type":"Point","coordinates":[18.57417,50.10559]}},{"type":"Feature","properties":{"t":"sch","sid":"s924","name":"R-k Paruszowiec Piaski Mikołowska","imp":0.091,"d":2037},"geometry":{"type":"Point","coordinates":[18.585164,50.088689]}},{"type":"Feature","properties":{"t":"vec","sid":"s925","d":4514},"geometry":{"type":"LineString","coordinates":[[18.64586,50.12321],[18.617526,50.086926]]}},{"type":"Feature","properties":{"t":"gps","sid":"s925"},"geometry":{"type":"Point","coordinates":[18.64586,50.12321]}},{"type":"Feature","properties":{"t":"sch","sid":"s925","name":"Przegędza Mikołowska","imp":0.108,"d":4514},"geometry":{"type":"Point","coordinates":[18.617526,50.086926]}},{"type":"Feature","properties":{"t":"vec","sid":"s926","d":4406},"geometry":{"type":"LineString","coordinates":[[18.65349,50.1249],[18.623015,50.090451]]}},{"type":"Feature","properties":{"t":"gps","sid":"s926"},"geometry":{"type":"Point","coordinates":[18.65349,50.1249]}},{"type":"Feature","properties":{"t":"sch","sid":"s926","name":"Przegędza Mikołowska Skrzyżowanie","imp":0.094,"d":4406},"geometry":{"type":"Point","coordinates":[18.623015,50.090451]}},{"type":"Feature","properties":{"t":"vec","sid":"s927","d":4996},"geometry":{"type":"LineString","coordinates":[[18.66876,50.12837],[18.631247,50.090451]]}},{"type":"Feature","properties":{"t":"gps","sid":"s927"},"geometry":{"type":"Point","coordinates":[18.66876,50.12837]}},{"type":"Feature","properties":{"t":"sch","sid":"s927","name":"Stanowice Szkoła","imp":0.142,"d":4996},"geometry":{"type":"Point","coordinates":[18.631247,50.090451]}},{"type":"Feature","properties":{"t":"vec","sid":"s928","d":5636},"geometry":{"type":"LineString","coordinates":[[18.66918,50.1393],[18.631247,50.094858]]}},{"type":"Feature","properties":{"t":"gps","sid":"s928"},"geometry":{"type":"Point","coordinates":[18.66918,50.1393]}},{"type":"Feature","properties":{"t":"sch","sid":"s928","name":"Stanowice Parcele","imp":0.091,"d":5636},"geometry":{"type":"Point","coordinates":[18.631247,50.094858]}},{"type":"Feature","properties":{"t":"vec","sid":"s929","d":6577},"geometry":{"type":"LineString","coordinates":[[18.67563,50.14756],[18.631247,50.095739]]}},{"type":"Feature","properties":{"t":"gps","sid":"s929"},"geometry":{"type":"Point","coordinates":[18.67563,50.14756]}},{"type":"Feature","properties":{"t":"sch","sid":"s929","name":"Czerwionka Centrum","imp":0.139,"d":6577},"geometry":{"type":"Point","coordinates":[18.631247,50.095739]}},{"type":"Feature","properties":{"t":"vec","sid":"s930","d":9099},"geometry":{"type":"LineString","coordinates":[[18.72012,50.16719],[18.649085,50.099265]]}},{"type":"Feature","properties":{"t":"gps","sid":"s930"},"geometry":{"type":"Point","coordinates":[18.72012,50.16719]}},{"type":"Feature","properties":{"t":"sch","sid":"s930","name":"Dębieńsko Centrum","imp":0.077,"d":9099},"geometry":{"type":"Point","coordinates":[18.649085,50.099265]}},{"type":"Feature","properties":{"t":"vec","sid":"s931","d":4672},"geometry":{"type":"LineString","coordinates":[[18.65309,50.12686],[18.625759,50.088689]]}},{"type":"Feature","properties":{"t":"gps","sid":"s931"},"geometry":{"type":"Point","coordinates":[18.65309,50.12686]}},{"type":"Feature","properties":{"t":"sch","sid":"s931","name":"Przegędza Skrzyżowanie","imp":0.079,"d":4672},"geometry":{"type":"Point","coordinates":[18.625759,50.088689]}},{"type":"Feature","properties":{"t":"vec","sid":"s932","d":4650},"geometry":{"type":"LineString","coordinates":[[18.6448,50.13271],[18.620271,50.093977]]}},{"type":"Feature","properties":{"t":"gps","sid":"s932"},"geometry":{"type":"Point","coordinates":[18.6448,50.13271]}},{"type":"Feature","properties":{"t":"sch","sid":"s932","name":"Leszczyny Stare","imp":0.111,"d":4650},"geometry":{"type":"Point","coordinates":[18.620271,50.093977]}},{"type":"Feature","properties":{"t":"vec","sid":"s933","d":5116},"geometry":{"type":"LineString","coordinates":[[18.6408,50.13822],[18.615752,50.095116]]}},{"type":"Feature","properties":{"t":"gps","sid":"s933"},"geometry":{"type":"Point","coordinates":[18.6408,50.13822]}},{"type":"Feature","properties":{"t":"sch","sid":"s933","name":"Leszczyny Szkoła","imp":0.077,"d":5116},"geometry":{"type":"Point","coordinates":[18.615752,50.095116]}},{"type":"Feature","properties":{"t":"vec","sid":"s934","d":5598},"geometry":{"type":"LineString","coordinates":[[18.65116,50.1421],[18.614782,50.097502]]}},{"type":"Feature","properties":{"t":"gps","sid":"s934"},"geometry":{"type":"Point","coordinates":[18.65116,50.1421]}},{"type":"Feature","properties":{"t":"sch","sid":"s934","name":"Leszczyny Zakłady Drobiarskie","imp":0.048,"d":5598},"geometry":{"type":"Point","coordinates":[18.614782,50.097502]}},{"type":"Feature","properties":{"t":"vec","sid":"s935","d":6005},"geometry":{"type":"LineString","coordinates":[[18.65975,50.1442],[18.617526,50.097502]]}},{"type":"Feature","properties":{"t":"gps","sid":"s935"},"geometry":{"type":"Point","coordinates":[18.65975,50.1442]}},{"type":"Feature","properties":{"t":"sch","sid":"s935","name":"Leszczyny Wodociągi","imp":0.065,"d":6005},"geometry":{"type":"Point","coordinates":[18.617526,50.097502]}},{"type":"Feature","properties":{"t":"vec","sid":"s936","d":6298},"geometry":{"type":"LineString","coordinates":[[18.67047,50.14555],[18.628503,50.095739]]}},{"type":"Feature","properties":{"t":"gps","sid":"s936"},"geometry":{"type":"Point","coordinates":[18.67047,50.14555]}},{"type":"Feature","properties":{"t":"sch","sid":"s936","name":"Leszczyny Spółdzielnia","imp":0.065,"d":6298},"geometry":{"type":"Point","coordinates":[18.628503,50.095739]}},{"type":"Feature","properties":{"t":"vec","sid":"s937","d":6792},"geometry":{"type":"LineString","coordinates":[[18.67077,50.15398],[18.628503,50.099265]]}},{"type":"Feature","properties":{"t":"gps","sid":"s937"},"geometry":{"type":"Point","coordinates":[18.67077,50.15398]}},{"type":"Feature","properties":{"t":"sch","sid":"s937","name":"Czerwionka Ośrodek Zdrowia","imp":0.125,"d":6792},"geometry":{"type":"Point","coordinates":[18.628503,50.099265]}},{"type":"Feature","properties":{"t":"vec","sid":"s938","d":7059},"geometry":{"type":"LineString","coordinates":[[18.66372,50.15981],[18.620271,50.10279]]}},{"type":"Feature","properties":{"t":"gps","sid":"s938"},"geometry":{"type":"Point","coordinates":[18.66372,50.15981]}},{"type":"Feature","properties":{"t":"sch","sid":"s938","name":"KWK Dębieńsko","imp":0.191,"d":7059},"geometry":{"type":"Point","coordinates":[18.620271,50.10279]}},{"type":"Feature","properties":{"t":"vec","sid":"s939","d":7385},"geometry":{"type":"LineString","coordinates":[[18.66521,50.16348],[18.617526,50.104553]]}},{"type":"Feature","properties":{"t":"gps","sid":"s939"},"geometry":{"type":"Point","coordinates":[18.66521,50.16348]}},{"type":"Feature","properties":{"t":"sch","sid":"s939","name":"Czuchów Apteka","imp":0.139,"d":7385},"geometry":{"type":"Point","coordinates":[18.617526,50.104553]}},{"type":"Feature","properties":{"t":"vec","sid":"s940","d":6990},"geometry":{"type":"LineString","coordinates":[[18.66854,50.16109],[18.625759,50.104553]]}},{"type":"Feature","properties":{"t":"gps","sid":"s940"},"geometry":{"type":"Point","coordinates":[18.66854,50.16109]}},{"type":"Feature","properties":{"t":"sch","sid":"s940","name":"Koksownia Dębieńsko","imp":0.122,"d":6990},"geometry":{"type":"Point","coordinates":[18.625759,50.104553]}},{"type":"Feature","properties":{"t":"vec","sid":"s941","d":7566},"geometry":{"type":"LineString","coordinates":[[18.67561,50.16549],[18.626674,50.10514]]}},{"type":"Feature","properties":{"t":"gps","sid":"s941"},"geometry":{"type":"Point","coordinates":[18.67561,50.16549]}},{"type":"Feature","properties":{"t":"sch","sid":"s941","name":"Dębieńsko Górnicza II","imp":0.062,"d":7566},"geometry":{"type":"Point","coordinates":[18.626674,50.10514]}},{"type":"Feature","properties":{"t":"vec","sid":"s942","d":8244},"geometry":{"type":"LineString","coordinates":[[18.67634,50.17293],[18.627589,50.105728]]}},{"type":"Feature","properties":{"t":"gps","sid":"s942"},"geometry":{"type":"Point","coordinates":[18.67634,50.17293]}},{"type":"Feature","properties":{"t":"sch","sid":"s942","name":"Dębieńsko Górnicza I","imp":0.062,"d":8244},"geometry":{"type":"Point","coordinates":[18.627589,50.105728]}},{"type":"Feature","properties":{"t":"vec","sid":"s943","d":8513},"geometry":{"type":"LineString","coordinates":[[18.68463,50.17385],[18.628503,50.106315]]}},{"type":"Feature","properties":{"t":"gps","sid":"s943"},"geometry":{"type":"Point","coordinates":[18.68463,50.17385]}},{"type":"Feature","properties":{"t":"sch","sid":"s943","name":"Dębieńsko Ameryka","imp":0.079,"d":8513},"geometry":{"type":"Point","coordinates":[18.628503,50.106315]}},{"type":"Feature","properties":{"t":"vec","sid":"s944","d":8474},"geometry":{"type":"LineString","coordinates":[[18.68865,50.17301],[18.631247,50.106315]]}},{"type":"Feature","properties":{"t":"gps","sid":"s944"},"geometry":{"type":"Point","coordinates":[18.68865,50.17301]}},{"type":"Feature","properties":{"t":"sch","sid":"s944","name":"Dębieńsko Leśniczówka","imp":0.062,"d":8474},"geometry":{"type":"Point","coordinates":[18.631247,50.106315]}},{"type":"Feature","properties":{"t":"vec","sid":"s945","d":8512},"geometry":{"type":"LineString","coordinates":[[18.69632,50.17156],[18.633992,50.106315]]}},{"type":"Feature","properties":{"t":"gps","sid":"s945"},"geometry":{"type":"Point","coordinates":[18.69632,50.17156]}},{"type":"Feature","properties":{"t":"sch","sid":"s945","name":"Dębieńsko Stare II","imp":0.079,"d":8512},"geometry":{"type":"Point","coordinates":[18.633992,50.106315]}},{"type":"Feature","properties":{"t":"vec","sid":"s946","d":8694},"geometry":{"type":"LineString","coordinates":[[18.70293,50.17017],[18.636736,50.104553]]}},{"type":"Feature","properties":{"t":"gps","sid":"s946"},"geometry":{"type":"Point","coordinates":[18.70293,50.17017]}},{"type":"Feature","properties":{"t":"sch","sid":"s946","name":"Dębieńsko Stare","imp":0.062,"d":8694},"geometry":{"type":"Point","coordinates":[18.636736,50.104553]}},{"type":"Feature","properties":{"t":"vec","sid":"s947","d":8496},"geometry":{"type":"LineString","coordinates":[[18.68864,50.17324],[18.631247,50.106315]]}},{"type":"Feature","properties":{"t":"gps","sid":"s947"},"geometry":{"type":"Point","coordinates":[18.68864,50.17324]}},{"type":"Feature","properties":{"t":"sch","sid":"s947","name":"Dębieńsko Leśniczówka","imp":0.062,"d":8496},"geometry":{"type":"Point","coordinates":[18.631247,50.106315]}},{"type":"Feature","properties":{"t":"vec","sid":"s948","d":7291},"geometry":{"type":"LineString","coordinates":[[18.6629,50.158],[18.617526,50.099265]]}},{"type":"Feature","properties":{"t":"gps","sid":"s948"},"geometry":{"type":"Point","coordinates":[18.6629,50.158]}},{"type":"Feature","properties":{"t":"sch","sid":"s948","name":"KWK Dębieńsko","imp":0.108,"d":7291},"geometry":{"type":"Point","coordinates":[18.617526,50.099265]}},{"type":"Feature","properties":{"t":"vec","sid":"s949","d":5542},"geometry":{"type":"LineString","coordinates":[[18.64984,50.14197],[18.614782,50.097502]]}},{"type":"Feature","properties":{"t":"gps","sid":"s949"},"geometry":{"type":"Point","coordinates":[18.64984,50.14197]}},{"type":"Feature","properties":{"t":"sch","sid":"s949","name":"Leszczyny Zakłady Drobiarskie","imp":0.048,"d":5542},"geometry":{"type":"Point","coordinates":[18.614782,50.097502]}},{"type":"Feature","properties":{"t":"vec","sid":"s950","d":4380},"geometry":{"type":"LineString","coordinates":[[18.65373,50.12631],[18.623015,50.092214]]}},{"type":"Feature","properties":{"t":"gps","sid":"s950"},"geometry":{"type":"Point","coordinates":[18.65373,50.12631]}},{"type":"Feature","properties":{"t":"sch","sid":"s950","name":"Przegędza Skrzyżowanie","imp":0.079,"d":4380},"geometry":{"type":"Point","coordinates":[18.623015,50.092214]}},{"type":"Feature","properties":{"t":"vec","sid":"s951","d":7032},"geometry":{"type":"LineString","coordinates":[[18.66782,50.15997],[18.625759,50.10279]]}},{"type":"Feature","properties":{"t":"gps","sid":"s951"},"geometry":{"type":"Point","coordinates":[18.66782,50.15997]}},{"type":"Feature","properties":{"t":"sch","sid":"s951","name":"Koksownia Dębieńsko Pętla","imp":0.21,"d":7032},"geometry":{"type":"Point","coordinates":[18.625759,50.10279]}},{"type":"Feature","properties":{"t":"vec","sid":"s952","d":6981},"geometry":{"type":"LineString","coordinates":[[18.66278,50.16461],[18.620271,50.108078]]}},{"type":"Feature","properties":{"t":"gps","sid":"s952"},"geometry":{"type":"Point","coordinates":[18.66278,50.16461]}},{"type":"Feature","properties":{"t":"sch","sid":"s952","name":"Czuchów Sklep","imp":0.065,"d":6981},"geometry":{"type":"Point","coordinates":[18.620271,50.108078]}},{"type":"Feature","properties":{"t":"vec","sid":"s953","d":7108},"geometry":{"type":"LineString","coordinates":[[18.65398,50.1697],[18.616556,50.110464]]}},{"type":"Feature","properties":{"t":"gps","sid":"s953"},"geometry":{"type":"Point","coordinates":[18.65398,50.1697]}},{"type":"Feature","properties":{"t":"sch","sid":"s953","name":"Czuchów Szkoła","imp":0.048,"d":7108},"geometry":{"type":"Point","coordinates":[18.616556,50.110464]}},{"type":"Feature","properties":{"t":"vec","sid":"s954","d":8351},"geometry":{"type":"LineString","coordinates":[[18.65124,50.18236],[18.612038,50.111603]]}},{"type":"Feature","properties":{"t":"gps","sid":"s954"},"geometry":{"type":"Point","coordinates":[18.65124,50.18236]}},{"type":"Feature","properties":{"t":"sch","sid":"s954","name":"Czuchów Granica","imp":0.065,"d":8351},"geometry":{"type":"Point","coordinates":[18.612038,50.111603]}},{"type":"Feature","properties":{"t":"vec","sid":"s955","d":9505},"geometry":{"type":"LineString","coordinates":[[18.64992,50.19519],[18.608324,50.113989]]}},{"type":"Feature","properties":{"t":"gps","sid":"s955"},"geometry":{"type":"Point","coordinates":[18.64992,50.19519]}},{"type":"Feature","properties":{"t":"sch","sid":"s955","name":"Szczygłowice Kościół","imp":0.048,"d":9505},"geometry":{"type":"Point","coordinates":[18.608324,50.113989]}},{"type":"Feature","properties":{"t":"vec","sid":"s956","d":8903},"geometry":{"type":"LineString","coordinates":[[18.63255,50.19304],[18.603805,50.115129]]}},{"type":"Feature","properties":{"t":"gps","sid":"s956"},"geometry":{"type":"Point","coordinates":[18.63255,50.19304]}},{"type":"Feature","properties":{"t":"sch","sid":"s956","name":"Szczygłowice KWK","imp":0.065,"d":8903},"geometry":{"type":"Point","coordinates":[18.603805,50.115129]}},{"type":"Feature","properties":{"t":"vec","sid":"s957","d":8765},"geometry":{"type":"LineString","coordinates":[[18.62166,50.18863],[18.595573,50.111603]]}},{"type":"Feature","properties":{"t":"gps","sid":"s957"},"geometry":{"type":"Point","coordinates":[18.62166,50.18863]}},{"type":"Feature","properties":{"t":"sch","sid":"s957","name":"Szczygłowice Centrum Przesiadkowe","imp":0.065,"d":8765},"geometry":{"type":"Point","coordinates":[18.595573,50.111603]}},{"type":"Feature","properties":{"t":"vec","sid":"s958","d":7603},"geometry":{"type":"LineString","coordinates":[[18.61124,50.17639],[18.594122,50.108909]]}},{"type":"Feature","properties":{"t":"gps","sid":"s958"},"geometry":{"type":"Point","coordinates":[18.61124,50.17639]}},{"type":"Feature","properties":{"t":"sch","sid":"s958","name":"Książenice Las","imp":0.048,"d":7603},"geometry":{"type":"Point","coordinates":[18.594122,50.108909]}},{"type":"Feature","properties":{"t":"vec","sid":"s959","d":6028},"geometry":{"type":"LineString","coordinates":[[18.60204,50.16045],[18.590731,50.106731]]}},{"type":"Feature","properties":{"t":"gps","sid":"s959"},"geometry":{"type":"Point","coordinates":[18.60204,50.16045]}},{"type":"Feature","properties":{"t":"sch","sid":"s959","name":"Książenice Szkoła","imp":0.048,"d":6028},"geometry":{"type":"Point","coordinates":[18.590731,50.106731]}},{"type":"Feature","properties":{"t":"vec","sid":"s960","d":4986},"geometry":{"type":"LineString","coordinates":[[18.61686,50.14197],[18.595573,50.099265]]}},{"type":"Feature","properties":{"t":"gps","sid":"s960"},"geometry":{"type":"Point","coordinates":[18.61686,50.14197]}},{"type":"Feature","properties":{"t":"sch","sid":"s960","name":"Kamień Rzędówka","imp":0.052,"d":4986},"geometry":{"type":"Point","coordinates":[18.595573,50.099265]}},{"type":"Feature","properties":{"t":"vec","sid":"s961","d":6011},"geometry":{"type":"LineString","coordinates":[[18.6024,50.16059],[18.588791,50.107247]]}},{"type":"Feature","properties":{"t":"gps","sid":"s961"},"geometry":{"type":"Point","coordinates":[18.6024,50.16059]}},{"type":"Feature","properties":{"t":"sch","sid":"s961","name":"Książenice Szkoła","imp":0.048,"d":6011},"geometry":{"type":"Point","coordinates":[18.588791,50.107247]}},{"type":"Feature","properties":{"t":"vec","sid":"s962","d":7588},"geometry":{"type":"LineString","coordinates":[[18.61157,50.17652],[18.592182,50.109425]]}},{"type":"Feature","properties":{"t":"gps","sid":"s962"},"geometry":{"type":"Point","coordinates":[18.61157,50.17652]}},{"type":"Feature","properties":{"t":"sch","sid":"s962","name":"Książenice Las","imp":0.048,"d":7588},"geometry":{"type":"Point","coordinates":[18.592182,50.109425]}},{"type":"Feature","properties":{"t":"vec","sid":"s963","d":9622},"geometry":{"type":"LineString","coordinates":[[18.65002,50.19486],[18.60752,50.112743]]}},{"type":"Feature","properties":{"t":"gps","sid":"s963"},"geometry":{"type":"Point","coordinates":[18.65002,50.19486]}},{"type":"Feature","properties":{"t":"sch","sid":"s963","name":"Szczygłowice Kościół","imp":0.048,"d":9622},"geometry":{"type":"Point","coordinates":[18.60752,50.112743]}},{"type":"Feature","properties":{"t":"vec","sid":"s964","d":4863},"geometry":{"type":"LineString","coordinates":[[18.63469,50.13632],[18.609294,50.095739]]}},{"type":"Feature","properties":{"t":"gps","sid":"s964"},"geometry":{"type":"Point","coordinates":[18.63469,50.13632]}},{"type":"Feature","properties":{"t":"sch","sid":"s964","name":"Leszczyny Czereśniowa","imp":0.088,"d":4863},"geometry":{"type":"Point","coordinates":[18.609294,50.095739]}},{"type":"Feature","properties":{"t":"vec","sid":"s965","d":4661},"geometry":{"type":"LineString","coordinates":[[18.63084,50.13817],[18.60655,50.099265]]}},{"type":"Feature","properties":{"t":"gps","sid":"s965"},"geometry":{"type":"Point","coordinates":[18.63084,50.13817]}},{"type":"Feature","properties":{"t":"sch","sid":"s965","name":"Leszczyny Konopnickiej","imp":0.079,"d":4661},"geometry":{"type":"Point","coordinates":[18.60655,50.099265]}},{"type":"Feature","properties":{"t":"vec","sid":"s966","d":1885},"geometry":{"type":"LineString","coordinates":[[18.6873,50.0519],[18.661434,50.048512]]}},{"type":"Feature","properties":{"t":"gps","sid":"s966"},"geometry":{"type":"Point","coordinates":[18.6873,50.0519]}},{"type":"Feature","properties":{"t":"sch","sid":"s966","name":"Szczejkowicka","imp":0.062,"d":1885},"geometry":{"type":"Point","coordinates":[18.661434,50.048512]}},{"type":"Feature","properties":{"t":"vec","sid":"s967","d":2248},"geometry":{"type":"LineString","coordinates":[[18.6878,50.05936],[18.65869,50.051673]]}},{"type":"Feature","properties":{"t":"gps","sid":"s967"},"geometry":{"type":"Point","coordinates":[18.6878,50.05936]}},{"type":"Feature","properties":{"t":"sch","sid":"s967","name":"Szczejkowicka-Rondo","imp":0.079,"d":2248},"geometry":{"type":"Point","coordinates":[18.65869,50.051673]}},{"type":"Feature","properties":{"t":"vec","sid":"s968","d":2330},"geometry":{"type":"LineString","coordinates":[[18.68874,50.06926],[18.65869,50.061115]]}},{"type":"Feature","properties":{"t":"gps","sid":"s968"},"geometry":{"type":"Point","coordinates":[18.68874,50.06926]}},{"type":"Feature","properties":{"t":"sch","sid":"s968","name":"Szczejkowicka-Żwaka","imp":0.062,"d":2330},"geometry":{"type":"Point","coordinates":[18.65869,50.061115]}},{"type":"Feature","properties":{"t":"vec","sid":"s969","d":2323},"geometry":{"type":"LineString","coordinates":[[18.68294,50.08075],[18.655364,50.069673]]}},{"type":"Feature","properties":{"t":"gps","sid":"s969"},"geometry":{"type":"Point","coordinates":[18.68294,50.08075]}},{"type":"Feature","properties":{"t":"sch","sid":"s969","name":"Szczejkowice Nowa Wieś","imp":0.062,"d":2323},"geometry":{"type":"Point","coordinates":[18.655364,50.069673]}},{"type":"Feature","properties":{"t":"vec","sid":"s970","d":3626},"geometry":{"type":"LineString","coordinates":[[18.68069,50.09952],[18.644968,50.07635]]}},{"type":"Feature","properties":{"t":"gps","sid":"s970"},"geometry":{"type":"Point","coordinates":[18.68069,50.09952]}},{"type":"Feature","properties":{"t":"sch","sid":"s970","name":"Szczejkowice Centrum","imp":0.101,"d":3626},"geometry":{"type":"Point","coordinates":[18.644968,50.07635]}},{"type":"Feature","properties":{"t":"vec","sid":"s971","d":3919},"geometry":{"type":"LineString","coordinates":[[18.69004,50.09766],[18.645753,50.076854]]}},{"type":"Feature","properties":{"t":"gps","sid":"s971"},"geometry":{"type":"Point","coordinates":[18.69004,50.09766]}},{"type":"Feature","properties":{"t":"sch","sid":"s971","name":"Szczejkowice Przygon","imp":0.062,"d":3919},"geometry":{"type":"Point","coordinates":[18.645753,50.076854]}},{"type":"Feature","properties":{"t":"vec","sid":"s972","d":5489},"geometry":{"type":"LineString","coordinates":[[18.71584,50.0987],[18.646537,50.077357]]}},{"type":"Feature","properties":{"t":"gps","sid":"s972"},"geometry":{"type":"Point","coordinates":[18.71584,50.0987]}},{"type":"Feature","properties":{"t":"sch","sid":"s972","name":"Palowice I","imp":0.062,"d":5489},"geometry":{"type":"Point","coordinates":[18.646537,50.077357]}},{"type":"Feature","properties":{"t":"vec","sid":"s973","d":5776},"geometry":{"type":"LineString","coordinates":[[18.72135,50.09878],[18.647321,50.077861]]}},{"type":"Feature","properties":{"t":"gps","sid":"s973"},"geometry":{"type":"Point","coordinates":[18.72135,50.09878]}},{"type":"Feature","properties":{"t":"sch","sid":"s973","name":"Palowice Skrzyżowanie Wiejska","imp":0.062,"d":5776},"geometry":{"type":"Point","coordinates":[18.647321,50.077861]}},{"type":"Feature","properties":{"t":"vec","sid":"s974","d":6396},"geometry":{"type":"LineString","coordinates":[[18.73023,50.1013],[18.648105,50.078365]]}},{"type":"Feature","properties":{"t":"gps","sid":"s974"},"geometry":{"type":"Point","coordinates":[18.73023,50.1013]}},{"type":"Feature","properties":{"t":"sch","sid":"s974","name":"Palowice Centrum","imp":0.062,"d":6396},"geometry":{"type":"Point","coordinates":[18.648105,50.078365]}},{"type":"Feature","properties":{"t":"vec","sid":"s975","d":5869},"geometry":{"type":"LineString","coordinates":[[18.72437,50.09972],[18.648889,50.078868]]}},{"type":"Feature","properties":{"t":"gps","sid":"s975"},"geometry":{"type":"Point","coordinates":[18.72437,50.09972]}},{"type":"Feature","properties":{"t":"sch","sid":"s975","name":"Palowice Skrzyżowanie Bełkowska","imp":0.062,"d":5869},"geometry":{"type":"Point","coordinates":[18.648889,50.078868]}},{"type":"Feature","properties":{"t":"vec","sid":"s976","d":5880},"geometry":{"type":"LineString","coordinates":[[18.71659,50.11018],[18.649673,50.079372]]}},{"type":"Feature","properties":{"t":"gps","sid":"s976"},"geometry":{"type":"Point","coordinates":[18.71659,50.11018]}},{"type":"Feature","properties":{"t":"sch","sid":"s976","name":"Bełk Gojowiec","imp":0.062,"d":5880},"geometry":{"type":"Point","coordinates":[18.649673,50.079372]}},{"type":"Feature","properties":{"t":"vec","sid":"s977","d":6151},"geometry":{"type":"LineString","coordinates":[[18.7131,50.11784],[18.650457,50.079875]]}},{"type":"Feature","properties":{"t":"gps","sid":"s977"},"geometry":{"type":"Point","coordinates":[18.7131,50.11784]}},{"type":"Feature","properties":{"t":"sch","sid":"s977","name":"Bełk Palowicka","imp":0.079,"d":6151},"geometry":{"type":"Point","coordinates":[18.650457,50.079875]}},{"type":"Feature","properties":{"t":"vec","sid":"s978","d":6489},"geometry":{"type":"LineString","coordinates":[[18.70995,50.12927],[18.650457,50.085163]]}},{"type":"Feature","properties":{"t":"gps","sid":"s978"},"geometry":{"type":"Point","coordinates":[18.70995,50.12927]}},{"type":"Feature","properties":{"t":"sch","sid":"s978","name":"Bełk Remiza","imp":0.079,"d":6489},"geometry":{"type":"Point","coordinates":[18.650457,50.085163]}},{"type":"Feature","properties":{"t":"vec","sid":"s979","d":6822},"geometry":{"type":"LineString","coordinates":[[18.72741,50.12953],[18.65869,50.086926]]}},{"type":"Feature","properties":{"t":"gps","sid":"s979"},"geometry":{"type":"Point","coordinates":[18.72741,50.12953]}},{"type":"Feature","properties":{"t":"sch","sid":"s979","name":"Bełk Lipa","imp":0.048,"d":6822},"geometry":{"type":"Point","coordinates":[18.65869,50.086926]}},{"type":"Feature","properties":{"t":"vec","sid":"s980","d":6977},"geometry":{"type":"LineString","coordinates":[[18.73613,50.12936],[18.664178,50.086926]]}},{"type":"Feature","properties":{"t":"gps","sid":"s980"},"geometry":{"type":"Point","coordinates":[18.73613,50.12936]}},{"type":"Feature","properties":{"t":"sch","sid":"s980","name":"Bełk Pętla","imp":0.052,"d":6977},"geometry":{"type":"Point","coordinates":[18.664178,50.086926]}},{"type":"Feature","properties":{"t":"vec","sid":"s981","d":6446},"geometry":{"type":"LineString","coordinates":[[18.71236,50.1307],[18.653201,50.086926]]}},{"type":"Feature","properties":{"t":"gps","sid":"s981"},"geometry":{"type":"Point","coordinates":[18.71236,50.1307]}},{"type":"Feature","properties":{"t":"sch","sid":"s981","name":"Bełk Skrzyżowanie","imp":0.099,"d":6446},"geometry":{"type":"Point","coordinates":[18.653201,50.086926]}},{"type":"Feature","properties":{"t":"vec","sid":"s982","d":6282},"geometry":{"type":"LineString","coordinates":[[18.6987,50.13165],[18.644968,50.086926]]}},{"type":"Feature","properties":{"t":"gps","sid":"s982"},"geometry":{"type":"Point","coordinates":[18.6987,50.13165]}},{"type":"Feature","properties":{"t":"sch","sid":"s982","name":"Bełk Osiedle","imp":0.079,"d":6282},"geometry":{"type":"Point","coordinates":[18.644968,50.086926]}},{"type":"Feature","properties":{"t":"vec","sid":"s983","d":5382},"geometry":{"type":"LineString","coordinates":[[18.68155,50.13061],[18.63948,50.090451]]}},{"type":"Feature","properties":{"t":"gps","sid":"s983"},"geometry":{"type":"Point","coordinates":[18.68155,50.13061]}},{"type":"Feature","properties":{"t":"sch","sid":"s983","name":"Stanowice Zwycięstwa","imp":0.113,"d":5382},"geometry":{"type":"Point","coordinates":[18.63948,50.090451]}},{"type":"Feature","properties":{"t":"vec","sid":"s984","d":6225},"geometry":{"type":"LineString","coordinates":[[18.70158,50.13144],[18.642224,50.090451]]}},{"type":"Feature","properties":{"t":"gps","sid":"s984"},"geometry":{"type":"Point","coordinates":[18.70158,50.13144]}},{"type":"Feature","properties":{"t":"sch","sid":"s984","name":"Bełk Osiedle","imp":0.079,"d":6225},"geometry":{"type":"Point","coordinates":[18.642224,50.090451]}},{"type":"Feature","properties":{"t":"vec","sid":"s988","d":6490},"geometry":{"type":"LineString","coordinates":[[18.70987,50.1295],[18.647713,50.086926]]}},{"type":"Feature","properties":{"t":"gps","sid":"s988"},"geometry":{"type":"Point","coordinates":[18.70987,50.1295]}},{"type":"Feature","properties":{"t":"sch","sid":"s988","name":"Bełk Remiza","imp":0.079,"d":6490},"geometry":{"type":"Point","coordinates":[18.647713,50.086926]}},{"type":"Feature","properties":{"t":"vec","sid":"s989","d":2764},"geometry":{"type":"LineString","coordinates":[[18.68268,50.08097],[18.649542,50.068124]]}},{"type":"Feature","properties":{"t":"gps","sid":"s989"},"geometry":{"type":"Point","coordinates":[18.68268,50.08097]}},{"type":"Feature","properties":{"t":"sch","sid":"s989","name":"Szczejkowice Nowa Wieś","imp":0.062,"d":2764},"geometry":{"type":"Point","coordinates":[18.649542,50.068124]}},{"type":"Feature","properties":{"t":"vec","sid":"s990","d":2308},"geometry":{"type":"LineString","coordinates":[[18.68872,50.06879],[18.65869,50.061115]]}},{"type":"Feature","properties":{"t":"gps","sid":"s990"},"geometry":{"type":"Point","coordinates":[18.68872,50.06879]}},{"type":"Feature","properties":{"t":"sch","sid":"s990","name":"Szczejkowicka-Żwaka","imp":0.062,"d":2308},"geometry":{"type":"Point","coordinates":[18.65869,50.061115]}},{"type":"Feature","properties":{"t":"vec","sid":"s991","d":3669},"geometry":{"type":"LineString","coordinates":[[18.68926,49.96528],[18.647713,49.984691]]}},{"type":"Feature","properties":{"t":"gps","sid":"s991"},"geometry":{"type":"Point","coordinates":[18.68926,49.96528]}},{"type":"Feature","properties":{"t":"sch","sid":"s991","name":"KWK Pniówek","imp":0.182,"d":3669},"geometry":{"type":"Point","coordinates":[18.647713,49.984691]}},{"type":"Feature","properties":{"t":"vec","sid":"s992","d":4550},"geometry":{"type":"LineString","coordinates":[[18.69737,49.95873],[18.653201,49.988217]]}},{"type":"Feature","properties":{"t":"gps","sid":"s992"},"geometry":{"type":"Point","coordinates":[18.69737,49.95873]}},{"type":"Feature","properties":{"t":"sch","sid":"s992","name":"Pawłowice Skrzyżowanie","imp":0.122,"d":4550},"geometry":{"type":"Point","coordinates":[18.653201,49.988217]}},{"type":"Feature","properties":{"t":"vec","sid":"s993","d":4795},"geometry":{"type":"LineString","coordinates":[[18.70635,49.95973],[18.655945,49.988217]]}},{"type":"Feature","properties":{"t":"gps","sid":"s993"},"geometry":{"type":"Point","coordinates":[18.70635,49.95973]}},{"type":"Feature","properties":{"t":"sch","sid":"s993","name":"Pawłowice Osiedle","imp":0.167,"d":4795},"geometry":{"type":"Point","coordinates":[18.655945,49.988217]}},{"type":"Feature","properties":{"t":"vec","sid":"s994","d":4790},"geometry":{"type":"LineString","coordinates":[[18.71781,49.96411],[18.664178,49.989979]]}},{"type":"Feature","properties":{"t":"gps","sid":"s994"},"geometry":{"type":"Point","coordinates":[18.71781,49.96411]}},{"type":"Feature","properties":{"t":"sch","sid":"s994","name":"Pawłowice Centrum - TARG","imp":0.479,"d":4790},"geometry":{"type":"Point","coordinates":[18.664178,49.989979]}},{"type":"Feature","properties":{"t":"vec","sid":"s995","d":4599},"geometry":{"type":"LineString","coordinates":[[18.71721,49.97335],[18.661434,49.994021]]}},{"type":"Feature","properties":{"t":"gps","sid":"s995"},"geometry":{"type":"Point","coordinates":[18.71721,49.97335]}},{"type":"Feature","properties":{"t":"sch","sid":"s995","name":"Pawłowice Szybowa","imp":0.062,"d":4599},"geometry":{"type":"Point","coordinates":[18.661434,49.994021]}},{"type":"Feature","properties":{"t":"vec","sid":"s996","d":4135},"geometry":{"type":"LineString","coordinates":[[18.71422,49.98353],[18.661434,49.998793]]}},{"type":"Feature","properties":{"t":"gps","sid":"s996"},"geometry":{"type":"Point","coordinates":[18.71422,49.98353]}},{"type":"Feature","properties":{"t":"sch","sid":"s996","name":"Warszowice Kościelna","imp":0.079,"d":4135},"geometry":{"type":"Point","coordinates":[18.661434,49.998793]}},{"type":"Feature","properties":{"t":"vec","sid":"s997","d":3812},"geometry":{"type":"LineString","coordinates":[[18.71152,49.9933],[18.661434,50.005145]]}},{"type":"Feature","properties":{"t":"gps","sid":"s997"},"geometry":{"type":"Point","coordinates":[18.71152,49.9933]}},{"type":"Feature","properties":{"t":"sch","sid":"s997","name":"Warszowice Kościół","imp":0.048,"d":3812},"geometry":{"type":"Point","coordinates":[18.661434,50.005145]}},{"type":"Feature","properties":{"t":"vec","sid":"s998","d":3379},"geometry":{"type":"LineString","coordinates":[[18.70912,50.01039],[18.661836,50.011389]]}},{"type":"Feature","properties":{"t":"gps","sid":"s998"},"geometry":{"type":"Point","coordinates":[18.70912,50.01039]}},{"type":"Feature","properties":{"t":"sch","sid":"s998","name":"Warszowice Szczurowiec","imp":0.048,"d":3379},"geometry":{"type":"Point","coordinates":[18.661836,50.011389]}},{"type":"Feature","properties":{"t":"vec","sid":"s999","d":3149},"geometry":{"type":"LineString","coordinates":[[18.70776,50.02143],[18.664178,50.017118]]}},{"type":"Feature","properties":{"t":"gps","sid":"s999"},"geometry":{"type":"Point","coordinates":[18.70776,50.02143]}},{"type":"Feature","properties":{"t":"sch","sid":"s999","name":"Kościuszki-Pukowca","imp":0.048,"d":3149},"geometry":{"type":"Point","coordinates":[18.664178,50.017118]}},{"type":"Feature","properties":{"t":"vec","sid":"s1000","d":2345},"geometry":{"type":"LineString","coordinates":[[18.69228,50.0425],[18.660062,50.038453]]}},{"type":"Feature","properties":{"t":"gps","sid":"s1000"},"geometry":{"type":"Point","coordinates":[18.69228,50.0425]}},{"type":"Feature","properties":{"t":"sch","sid":"s1000","name":"Stodolna","imp":0.048,"d":2345},"geometry":{"type":"Point","coordinates":[18.660062,50.038453]}},{"type":"Feature","properties":{"t":"vec","sid":"s1001","d":2921},"geometry":{"type":"LineString","coordinates":[[18.70742,50.02163],[18.666922,50.017999]]}},{"type":"Feature","properties":{"t":"gps","sid":"s1001"},"geometry":{"type":"Point","coordinates":[18.70742,50.02163]}},{"type":"Feature","properties":{"t":"sch","sid":"s1001","name":"Kościuszki-Pukowca","imp":0.048,"d":2921},"geometry":{"type":"Point","coordinates":[18.666922,50.017999]}},{"type":"Feature","properties":{"t":"vec","sid":"s1002","d":3145},"geometry":{"type":"LineString","coordinates":[[18.7086,50.01072],[18.66458,50.011389]]}},{"type":"Feature","properties":{"t":"gps","sid":"s1002"},"geometry":{"type":"Point","coordinates":[18.7086,50.01072]}},{"type":"Feature","properties":{"t":"sch","sid":"s1002","name":"Warszowice Szczurowiec","imp":0.048,"d":3145},"geometry":{"type":"Point","coordinates":[18.66458,50.011389]}},{"type":"Feature","properties":{"t":"vec","sid":"s1003","d":3581},"geometry":{"type":"LineString","coordinates":[[18.71117,49.99304],[18.664178,50.004263]]}},{"type":"Feature","properties":{"t":"gps","sid":"s1003"},"geometry":{"type":"Point","coordinates":[18.71117,49.99304]}},{"type":"Feature","properties":{"t":"sch","sid":"s1003","name":"Warszowice Kościół","imp":0.048,"d":3581},"geometry":{"type":"Point","coordinates":[18.664178,50.004263]}},{"type":"Feature","properties":{"t":"vec","sid":"s1004","d":3896},"geometry":{"type":"LineString","coordinates":[[18.71411,49.98293],[18.664178,49.99703]]}},{"type":"Feature","properties":{"t":"gps","sid":"s1004"},"geometry":{"type":"Point","coordinates":[18.71411,49.98293]}},{"type":"Feature","properties":{"t":"sch","sid":"s1004","name":"Warszowice Kościelna","imp":0.079,"d":3896},"geometry":{"type":"Point","coordinates":[18.664178,49.99703]}},{"type":"Feature","properties":{"t":"vec","sid":"s1005","d":4370},"geometry":{"type":"LineString","coordinates":[[18.717,49.97368],[18.664178,49.993505]]}},{"type":"Feature","properties":{"t":"gps","sid":"s1005"},"geometry":{"type":"Point","coordinates":[18.717,49.97368]}},{"type":"Feature","properties":{"t":"sch","sid":"s1005","name":"Pawłowice Szybowa","imp":0.062,"d":4370},"geometry":{"type":"Point","coordinates":[18.664178,49.993505]}},{"type":"Feature","properties":{"t":"vec","sid":"s1006","d":4453},"geometry":{"type":"LineString","coordinates":[[18.70458,49.95958],[18.656347,49.984949]]}},{"type":"Feature","properties":{"t":"gps","sid":"s1006"},"geometry":{"type":"Point","coordinates":[18.70458,49.95958]}},{"type":"Feature","properties":{"t":"sch","sid":"s1006","name":"Pawłowice Osiedle","imp":0.105,"d":4453},"geometry":{"type":"Point","coordinates":[18.656347,49.984949]}},{"type":"Feature","properties":{"t":"vec","sid":"s1007","d":4002},"geometry":{"type":"LineString","coordinates":[[18.6963,49.95871],[18.650457,49.979403]]}},{"type":"Feature","properties":{"t":"gps","sid":"s1007"},"geometry":{"type":"Point","coordinates":[18.6963,49.95871]}},{"type":"Feature","properties":{"t":"sch","sid":"s1007","name":"Pawłowice Skrzyżowanie","imp":0.122,"d":4002},"geometry":{"type":"Point","coordinates":[18.650457,49.979403]}},{"type":"Feature","properties":{"t":"vec","sid":"s1008","d":5285},"geometry":{"type":"LineString","coordinates":[[18.75434,50.03654],[18.680442,50.034175]]}},{"type":"Feature","properties":{"t":"gps","sid":"s1008"},"geometry":{"type":"Point","coordinates":[18.75434,50.03654]}},{"type":"Feature","properties":{"t":"sch","sid":"s1008","name":"Rudziczka Bar","imp":0.048,"d":5285},"geometry":{"type":"Point","coordinates":[18.680442,50.034175]}},{"type":"Feature","properties":{"t":"vec","sid":"s1009","d":5645},"geometry":{"type":"LineString","coordinates":[[18.76186,50.03574],[18.682985,50.032541]]}},{"type":"Feature","properties":{"t":"gps","sid":"s1009"},"geometry":{"type":"Point","coordinates":[18.76186,50.03574]}},{"type":"Feature","properties":{"t":"sch","sid":"s1009","name":"Rudziczka Sklep","imp":0.048,"d":5645},"geometry":{"type":"Point","coordinates":[18.682985,50.032541]}},{"type":"Feature","properties":{"t":"vec","sid":"s1010","d":6019},"geometry":{"type":"LineString","coordinates":[[18.76961,50.03461],[18.685529,50.030908]]}},{"type":"Feature","properties":{"t":"gps","sid":"s1010"},"geometry":{"type":"Point","coordinates":[18.76961,50.03461]}},{"type":"Feature","properties":{"t":"sch","sid":"s1010","name":"Suszec II","imp":0.048,"d":6019},"geometry":{"type":"Point","coordinates":[18.685529,50.030908]}},{"type":"Feature","properties":{"t":"vec","sid":"s1011","d":6961},"geometry":{"type":"LineString","coordinates":[[18.78907,50.02992],[18.69162,50.028758]]}},{"type":"Feature","properties":{"t":"gps","sid":"s1011"},"geometry":{"type":"Point","coordinates":[18.78907,50.02992]}},{"type":"Feature","properties":{"t":"sch","sid":"s1011","name":"Suszec Bisam","imp":0.048,"d":6961},"geometry":{"type":"Point","coordinates":[18.69162,50.028758]}},{"type":"Feature","properties":{"t":"vec","sid":"s1012","d":6945},"geometry":{"type":"LineString","coordinates":[[18.79156,50.02885],[18.694364,50.026995]]}},{"type":"Feature","properties":{"t":"gps","sid":"s1012"},"geometry":{"type":"Point","coordinates":[18.79156,50.02885]}},{"type":"Feature","properties":{"t":"sch","sid":"s1012","name":"Suszec Skrzyżowanie","imp":0.048,"d":6945},"geometry":{"type":"Point","coordinates":[18.694364,50.026995]}},{"type":"Feature","properties":{"t":"vec","sid":"s1013","d":7628},"geometry":{"type":"LineString","coordinates":[[18.80341,50.01859],[18.697108,50.025233]]}},{"type":"Feature","properties":{"t":"gps","sid":"s1013"},"geometry":{"type":"Point","coordinates":[18.80341,50.01859]}},{"type":"Feature","properties":{"t":"sch","sid":"s1013","name":"Kryry Kolonia","imp":0.065,"d":7628},"geometry":{"type":"Point","coordinates":[18.697108,50.025233]}},{"type":"Feature","properties":{"t":"vec","sid":"s1014","d":8073},"geometry":{"type":"LineString","coordinates":[[18.80884,50.00721],[18.697108,50.018182]]}},{"type":"Feature","properties":{"t":"gps","sid":"s1014"},"geometry":{"type":"Point","coordinates":[18.80884,50.00721]}},{"type":"Feature","properties":{"t":"sch","sid":"s1014","name":"Kryry Kościół","imp":0.065,"d":8073},"geometry":{"type":"Point","coordinates":[18.697108,50.018182]}},{"type":"Feature","properties":{"t":"vec","sid":"s1015","d":8309},"geometry":{"type":"LineString","coordinates":[[18.81115,49.99815],[18.697108,50.012894]]}},{"type":"Feature","properties":{"t":"gps","sid":"s1015"},"geometry":{"type":"Point","coordinates":[18.81115,49.99815]}},{"type":"Feature","properties":{"t":"sch","sid":"s1015","name":"Kryry Poczta","imp":0.048,"d":8309},"geometry":{"type":"Point","coordinates":[18.697108,50.012894]}},{"type":"Feature","properties":{"t":"vec","sid":"s1016","d":8012},"geometry":{"type":"LineString","coordinates":[[18.8062,49.99083],[18.697108,50.007606]]}},{"type":"Feature","properties":{"t":"gps","sid":"s1016"},"geometry":{"type":"Point","coordinates":[18.8062,49.99083]}},{"type":"Feature","properties":{"t":"sch","sid":"s1016","name":"Mizerów PGR","imp":0.065,"d":8012},"geometry":{"type":"Point","coordinates":[18.697108,50.007606]}},{"type":"Feature","properties":{"t":"vec","sid":"s1017","d":7269},"geometry":{"type":"LineString","coordinates":[[18.78954,49.98979],[18.69162,50.007606]]}},{"type":"Feature","properties":{"t":"gps","sid":"s1017"},"geometry":{"type":"Point","coordinates":[18.78954,49.98979]}},{"type":"Feature","properties":{"t":"sch","sid":"s1017","name":"Mizerów Boisko","imp":0.087,"d":7269},"geometry":{"type":"Point","coordinates":[18.69162,50.007606]}},{"type":"Feature","properties":{"t":"vec","sid":"s1018","d":6035},"geometry":{"type":"LineString","coordinates":[[18.77096,49.99474],[18.688876,50.007606]]}},{"type":"Feature","properties":{"t":"gps","sid":"s1018"},"geometry":{"type":"Point","coordinates":[18.77096,49.99474]}},{"type":"Feature","properties":{"t":"sch","sid":"s1018","name":"Mizerów Mały Dwór","imp":0.048,"d":6035},"geometry":{"type":"Point","coordinates":[18.688876,50.007606]}},{"type":"Feature","properties":{"t":"vec","sid":"s1019","d":5536},"geometry":{"type":"LineString","coordinates":[[18.76144,49.99581],[18.686132,50.007606]]}},{"type":"Feature","properties":{"t":"gps","sid":"s1019"},"geometry":{"type":"Point","coordinates":[18.76144,49.99581]}},{"type":"Feature","properties":{"t":"sch","sid":"s1019","name":"Mizerów Nadrzeczna","imp":0.048,"d":5536},"geometry":{"type":"Point","coordinates":[18.686132,50.007606]}},{"type":"Feature","properties":{"t":"vec","sid":"s1020","d":5891},"geometry":{"type":"LineString","coordinates":[[18.76168,49.99094],[18.683387,50.007606]]}},{"type":"Feature","properties":{"t":"gps","sid":"s1020"},"geometry":{"type":"Point","coordinates":[18.76168,49.99094]}},{"type":"Feature","properties":{"t":"sch","sid":"s1020","name":"Mizerów Sklep","imp":0.111,"d":5891},"geometry":{"type":"Point","coordinates":[18.683387,50.007606]}},{"type":"Feature","properties":{"t":"vec","sid":"s1021","d":8170},"geometry":{"type":"LineString","coordinates":[[18.80708,49.99092],[18.697108,50.011131]]}},{"type":"Feature","properties":{"t":"gps","sid":"s1021"},"geometry":{"type":"Point","coordinates":[18.80708,49.99092]}},{"type":"Feature","properties":{"t":"sch","sid":"s1021","name":"Mizerów PGR","imp":0.048,"d":8170},"geometry":{"type":"Point","coordinates":[18.697108,50.011131]}},{"type":"Feature","properties":{"t":"vec","sid":"s1022","d":8361},"geometry":{"type":"LineString","coordinates":[[18.81138,49.99833],[18.697108,50.014657]]}},{"type":"Feature","properties":{"t":"gps","sid":"s1022"},"geometry":{"type":"Point","coordinates":[18.81138,49.99833]}},{"type":"Feature","properties":{"t":"sch","sid":"s1022","name":"Kryry Poczta","imp":0.048,"d":8361},"geometry":{"type":"Point","coordinates":[18.697108,50.014657]}},{"type":"Feature","properties":{"t":"vec","sid":"s1023","d":6811},"geometry":{"type":"LineString","coordinates":[[18.7924,50.02808],[18.697108,50.030319]]}},{"type":"Feature","properties":{"t":"gps","sid":"s1023"},"geometry":{"type":"Point","coordinates":[18.7924,50.02808]}},{"type":"Feature","properties":{"t":"sch","sid":"s1023","name":"Suszec Skrzyżowanie","imp":0.048,"d":6811},"geometry":{"type":"Point","coordinates":[18.697108,50.030319]}},{"type":"Feature","properties":{"t":"vec","sid":"s1024","d":6839},"geometry":{"type":"LineString","coordinates":[[18.78733,50.03046],[18.691731,50.033975]]}},{"type":"Feature","properties":{"t":"gps","sid":"s1024"},"geometry":{"type":"Point","coordinates":[18.78733,50.03046]}},{"type":"Feature","properties":{"t":"sch","sid":"s1024","name":"Suszec Bisam","imp":0.048,"d":6839},"geometry":{"type":"Point","coordinates":[18.691731,50.033975]}},{"type":"Feature","properties":{"t":"vec","sid":"s1025","d":6443},"geometry":{"type":"LineString","coordinates":[[18.77619,50.04088],[18.686132,50.037571]]}},{"type":"Feature","properties":{"t":"gps","sid":"s1025"},"geometry":{"type":"Point","coordinates":[18.77619,50.04088]}},{"type":"Feature","properties":{"t":"sch","sid":"s1025","name":"Suszec Piaskowa Osiedle.","imp":0.07,"d":6443},"geometry":{"type":"Point","coordinates":[18.686132,50.037571]}},{"type":"Feature","properties":{"t":"vec","sid":"s1026","d":6469},"geometry":{"type":"LineString","coordinates":[[18.77769,50.04566],[18.68834,50.036153]]}},{"type":"Feature","properties":{"t":"gps","sid":"s1026"},"geometry":{"type":"Point","coordinates":[18.77769,50.04566]}},{"type":"Feature","properties":{"t":"sch","sid":"s1026","name":"KWK Krupiński","imp":0.048,"d":6469},"geometry":{"type":"Point","coordinates":[18.68834,50.036153]}},{"type":"Feature","properties":{"t":"vec","sid":"s1030","d":6918},"geometry":{"type":"LineString","coordinates":[[18.78365,50.04714],[18.688876,50.034289]]}},{"type":"Feature","properties":{"t":"gps","sid":"s1030"},"geometry":{"type":"Point","coordinates":[18.78365,50.04714]}},{"type":"Feature","properties":{"t":"sch","sid":"s1030","name":"Suszec Dolna II","imp":0.048,"d":6918},"geometry":{"type":"Point","coordinates":[18.688876,50.034289]}},{"type":"Feature","properties":{"t":"vec","sid":"s1031","d":6865},"geometry":{"type":"LineString","coordinates":[[18.78423,50.04002],[18.688876,50.032283]]}},{"type":"Feature","properties":{"t":"gps","sid":"s1031"},"geometry":{"type":"Point","coordinates":[18.78423,50.04002]}},{"type":"Feature","properties":{"t":"sch","sid":"s1031","name":"Suszec Dolna I","imp":0.065,"d":6865},"geometry":{"type":"Point","coordinates":[18.688876,50.032283]}},{"type":"Feature","properties":{"t":"vec","sid":"s1032","d":7109},"geometry":{"type":"LineString","coordinates":[[18.78816,50.0359],[18.688876,50.031402]]}},{"type":"Feature","properties":{"t":"gps","sid":"s1032"},"geometry":{"type":"Point","coordinates":[18.78816,50.0359]}},{"type":"Feature","properties":{"t":"sch","sid":"s1032","name":"Suszec Kościół","imp":0.048,"d":7109},"geometry":{"type":"Point","coordinates":[18.688876,50.031402]}},{"type":"Feature","properties":{"t":"vec","sid":"s1033","d":6890},"geometry":{"type":"LineString","coordinates":[[18.78533,50.03176],[18.688876,50.030521]]}},{"type":"Feature","properties":{"t":"gps","sid":"s1033"},"geometry":{"type":"Point","coordinates":[18.78533,50.03176]}},{"type":"Feature","properties":{"t":"sch","sid":"s1033","name":"Suszec św. Jana","imp":0.099,"d":6890},"geometry":{"type":"Point","coordinates":[18.688876,50.030521]}},{"type":"Feature","properties":{"t":"vec","sid":"s1034","d":6064},"geometry":{"type":"LineString","coordinates":[[18.77024,50.03461],[18.685529,50.030908]]}},{"type":"Feature","properties":{"t":"gps","sid":"s1034"},"geometry":{"type":"Point","coordinates":[18.77024,50.03461]}},{"type":"Feature","properties":{"t":"sch","sid":"s1034","name":"Suszec II","imp":0.048,"d":6064},"geometry":{"type":"Point","coordinates":[18.685529,50.030908]}},{"type":"Feature","properties":{"t":"vec","sid":"s1035","d":5548},"geometry":{"type":"LineString","coordinates":[[18.76049,50.03591],[18.682985,50.032541]]}},{"type":"Feature","properties":{"t":"gps","sid":"s1035"},"geometry":{"type":"Point","coordinates":[18.76049,50.03591]}},{"type":"Feature","properties":{"t":"sch","sid":"s1035","name":"Rudziczka Sklep","imp":0.048,"d":5548},"geometry":{"type":"Point","coordinates":[18.682985,50.032541]}},{"type":"Feature","properties":{"t":"vec","sid":"s1036","d":5218},"geometry":{"type":"LineString","coordinates":[[18.75338,50.03683],[18.680442,50.034175]]}},{"type":"Feature","properties":{"t":"gps","sid":"s1036"},"geometry":{"type":"Point","coordinates":[18.75338,50.03683]}},{"type":"Feature","properties":{"t":"sch","sid":"s1036","name":"Rudziczka Bar","imp":0.048,"d":5218},"geometry":{"type":"Point","coordinates":[18.680442,50.034175]}},{"type":"Feature","properties":{"t":"vec","sid":"s1037","d":7151},"geometry":{"type":"LineString","coordinates":[[18.78866,50.03672],[18.688876,50.031402]]}},{"type":"Feature","properties":{"t":"gps","sid":"s1037"},"geometry":{"type":"Point","coordinates":[18.78866,50.03672]}},{"type":"Feature","properties":{"t":"sch","sid":"s1037","name":"Suszec Kościół","imp":0.048,"d":7151},"geometry":{"type":"Point","coordinates":[18.688876,50.031402]}},{"type":"Feature","properties":{"t":"vec","sid":"s1038","d":6895},"geometry":{"type":"LineString","coordinates":[[18.65728,50.1583],[18.620271,50.101027]]}},{"type":"Feature","properties":{"t":"gps","sid":"s1038"},"geometry":{"type":"Point","coordinates":[18.65728,50.1583]}},{"type":"Feature","properties":{"t":"sch","sid":"s1038","name":"Malenie Młyńska","imp":0.065,"d":6895},"geometry":{"type":"Point","coordinates":[18.620271,50.101027]}},{"type":"Feature","properties":{"t":"vec","sid":"s1039","d":6601},"geometry":{"type":"LineString","coordinates":[[18.65014,50.15603],[18.620271,50.099852]]}},{"type":"Feature","properties":{"t":"gps","sid":"s1039"},"geometry":{"type":"Point","coordinates":[18.65014,50.15603]}},{"type":"Feature","properties":{"t":"sch","sid":"s1039","name":"Malenie Zakład Odsalania","imp":0.048,"d":6601},"geometry":{"type":"Point","coordinates":[18.620271,50.099852]}},{"type":"Feature","properties":{"t":"vec","sid":"s1040","d":6028},"geometry":{"type":"LineString","coordinates":[[18.63648,50.15188],[18.620271,50.098677]]}},{"type":"Feature","properties":{"t":"gps","sid":"s1040"},"geometry":{"type":"Point","coordinates":[18.63648,50.15188]}},{"type":"Feature","properties":{"t":"sch","sid":"s1040","name":"Malenie Polna Skrzyżowanie","imp":0.048,"d":6028},"geometry":{"type":"Point","coordinates":[18.620271,50.098677]}},{"type":"Feature","properties":{"t":"vec","sid":"s1041","d":5255},"geometry":{"type":"LineString","coordinates":[[18.64041,50.14296],[18.620271,50.097502]]}},{"type":"Feature","properties":{"t":"gps","sid":"s1041"},"geometry":{"type":"Point","coordinates":[18.64041,50.14296]}},{"type":"Feature","properties":{"t":"sch","sid":"s1041","name":"Malenie Polna PEC","imp":0.048,"d":5255},"geometry":{"type":"Point","coordinates":[18.620271,50.097502]}},{"type":"Feature","properties":{"t":"vec","sid":"s1042","d":5191},"geometry":{"type":"LineString","coordinates":[[18.64385,50.14049],[18.620271,50.096327]]}},{"type":"Feature","properties":{"t":"gps","sid":"s1042"},"geometry":{"type":"Point","coordinates":[18.64385,50.14049]}},{"type":"Feature","properties":{"t":"sch","sid":"s1042","name":"Powstańców Skrzyżowanie","imp":0.048,"d":5191},"geometry":{"type":"Point","coordinates":[18.620271,50.096327]}},{"type":"Feature","properties":{"t":"vec","sid":"s1043","d":4870},"geometry":{"type":"LineString","coordinates":[[18.64613,50.13568],[18.620271,50.095152]]}},{"type":"Feature","properties":{"t":"gps","sid":"s1043"},"geometry":{"type":"Point","coordinates":[18.64613,50.13568]}},{"type":"Feature","properties":{"t":"sch","sid":"s1043","name":"Leszczyny Powstańców Sklep","imp":0.048,"d":4870},"geometry":{"type":"Point","coordinates":[18.620271,50.095152]}},{"type":"Feature","properties":{"t":"vec","sid":"s1044","d":2438},"geometry":{"type":"LineString","coordinates":[[18.56454,49.94338],[18.565387,49.965302]]}},{"type":"Feature","properties":{"t":"gps","sid":"s1044"},"geometry":{"type":"Point","coordinates":[18.56454,49.94338]}},{"type":"Feature","properties":{"t":"sch","sid":"s1044","name":"Carbonarium WORD","imp":0.281,"d":2438},"geometry":{"type":"Point","coordinates":[18.565387,49.965302]}},{"type":"Feature","properties":{"t":"vec","sid":"s1045","d":2647},"geometry":{"type":"LineString","coordinates":[[18.55812,49.9452],[18.562642,49.968827]]}},{"type":"Feature","properties":{"t":"gps","sid":"s1045"},"geometry":{"type":"Point","coordinates":[18.55812,49.9452]}},{"type":"Feature","properties":{"t":"sch","sid":"s1045","name":"1 Maja - Kasztanowa","imp":0.182,"d":2647},"geometry":{"type":"Point","coordinates":[18.562642,49.968827]}},{"type":"Feature","properties":{"t":"vec","sid":"s1046","d":2241},"geometry":{"type":"LineString","coordinates":[[18.56453,49.94692],[18.565387,49.967065]]}},{"type":"Feature","properties":{"t":"gps","sid":"s1046"},"geometry":{"type":"Point","coordinates":[18.56453,49.94692]}},{"type":"Feature","properties":{"t":"sch","sid":"s1046","name":"1 Maja - K. Miarki","imp":0.136,"d":2241},"geometry":{"type":"Point","coordinates":[18.565387,49.967065]}},{"type":"Feature","properties":{"t":"vec","sid":"s1047","d":2088},"geometry":{"type":"LineString","coordinates":[[18.61129,49.953],[18.601061,49.97059]]}},{"type":"Feature","properties":{"t":"gps","sid":"s1047"},"geometry":{"type":"Point","coordinates":[18.61129,49.953]}},{"type":"Feature","properties":{"t":"sch","sid":"s1047","name":"Al. Piłsudskiego Urząd Miasta","imp":0.34,"d":2088},"geometry":{"type":"Point","coordinates":[18.601061,49.97059]}},{"type":"Feature","properties":{"t":"vec","sid":"s1048","d":2280},"geometry":{"type":"LineString","coordinates":[[18.62015,49.95836],[18.609294,49.977641]]}},{"type":"Feature","properties":{"t":"gps","sid":"s1048"},"geometry":{"type":"Point","coordinates":[18.62015,49.95836]}},{"type":"Feature","properties":{"t":"sch","sid":"s1048","name":"Al. Piechoczka - Pszczyńska","imp":0.321,"d":2280},"geometry":{"type":"Point","coordinates":[18.609294,49.977641]}},{"type":"Feature","properties":{"t":"vec","sid":"s1049","d":2311},"geometry":{"type":"LineString","coordinates":[[18.62116,49.96007],[18.609294,49.979403]]}},{"type":"Feature","properties":{"t":"gps","sid":"s1049"},"geometry":{"type":"Point","coordinates":[18.62116,49.96007]}},{"type":"Feature","properties":{"t":"sch","sid":"s1049","name":"Pszczyńska - Rybnicka","imp":0.221,"d":2311},"geometry":{"type":"Point","coordinates":[18.609294,49.979403]}},{"type":"Feature","properties":{"t":"vec","sid":"s1050","d":2239},"geometry":{"type":"LineString","coordinates":[[18.63148,49.96214],[18.615351,49.979403]]}},{"type":"Feature","properties":{"t":"gps","sid":"s1050"},"geometry":{"type":"Point","coordinates":[18.63148,49.96214]}},{"type":"Feature","properties":{"t":"sch","sid":"s1050","name":"Pszczyńska - Dębina","imp":0.077,"d":2239},"geometry":{"type":"Point","coordinates":[18.615351,49.979403]}},{"type":"Feature","properties":{"t":"vec","sid":"s1051","d":2451},"geometry":{"type":"LineString","coordinates":[[18.63747,49.96209],[18.620271,49.981166]]}},{"type":"Feature","properties":{"t":"gps","sid":"s1051"},"geometry":{"type":"Point","coordinates":[18.63747,49.96209]}},{"type":"Feature","properties":{"t":"sch","sid":"s1051","name":"Pszczyńska Obwodnica","imp":0.111,"d":2451},"geometry":{"type":"Point","coordinates":[18.620271,49.981166]}},{"type":"Feature","properties":{"t":"vec","sid":"s1052","d":3604},"geometry":{"type":"LineString","coordinates":[[18.66163,49.95848],[18.628503,49.982929]]}},{"type":"Feature","properties":{"t":"gps","sid":"s1052"},"geometry":{"type":"Point","coordinates":[18.66163,49.95848]}},{"type":"Feature","properties":{"t":"sch","sid":"s1052","name":"Bzie Pomnik","imp":0.111,"d":3604},"geometry":{"type":"Point","coordinates":[18.628503,49.982929]}},{"type":"Feature","properties":{"t":"vec","sid":"s1053","d":3107},"geometry":{"type":"LineString","coordinates":[[18.67039,49.96164],[18.642224,49.982929]]}},{"type":"Feature","properties":{"t":"gps","sid":"s1053"},"geometry":{"type":"Point","coordinates":[18.67039,49.96164]}},{"type":"Feature","properties":{"t":"sch","sid":"s1053","name":"Pniówek Orla","imp":0.128,"d":3107},"geometry":{"type":"Point","coordinates":[18.642224,49.982929]}},{"type":"Feature","properties":{"t":"vec","sid":"s1054","d":3027},"geometry":{"type":"LineString","coordinates":[[18.67349,49.96455],[18.644968,49.984691]]}},{"type":"Feature","properties":{"t":"gps","sid":"s1054"},"geometry":{"type":"Point","coordinates":[18.67349,49.96455]}},{"type":"Feature","properties":{"t":"sch","sid":"s1054","name":"Pniówek Wieś","imp":0.115,"d":3027},"geometry":{"type":"Point","coordinates":[18.644968,49.984691]}},{"type":"Feature","properties":{"t":"vec","sid":"s1055","d":3270},"geometry":{"type":"LineString","coordinates":[[18.66358,49.95873],[18.633992,49.981166]]}},{"type":"Feature","properties":{"t":"gps","sid":"s1055"},"geometry":{"type":"Point","coordinates":[18.66358,49.95873]}},{"type":"Feature","properties":{"t":"sch","sid":"s1055","name":"Bzie Pomnik","imp":0.111,"d":3270},"geometry":{"type":"Point","coordinates":[18.633992,49.981166]}},{"type":"Feature","properties":{"t":"vec","sid":"s1056","d":2278},"geometry":{"type":"LineString","coordinates":[[18.63075,49.96198],[18.613978,49.979403]]}},{"type":"Feature","properties":{"t":"gps","sid":"s1056"},"geometry":{"type":"Point","coordinates":[18.63075,49.96198]}},{"type":"Feature","properties":{"t":"sch","sid":"s1056","name":"Pszczyńska - Dębina","imp":0.077,"d":2278},"geometry":{"type":"Point","coordinates":[18.613978,49.979403]}},{"type":"Feature","properties":{"t":"vec","sid":"s1057","d":2350},"geometry":{"type":"LineString","coordinates":[[18.6218,49.96068],[18.60655,49.979403]]}},{"type":"Feature","properties":{"t":"gps","sid":"s1057"},"geometry":{"type":"Point","coordinates":[18.6218,49.96068]}},{"type":"Feature","properties":{"t":"sch","sid":"s1057","name":"Pszczyńska - Rybnicka","imp":0.221,"d":2350},"geometry":{"type":"Point","coordinates":[18.60655,49.979403]}},{"type":"Feature","properties":{"t":"vec","sid":"s1058","d":2431},"geometry":{"type":"LineString","coordinates":[[18.60922,49.95289],[18.601061,49.974115]]}},{"type":"Feature","properties":{"t":"gps","sid":"s1058"},"geometry":{"type":"Point","coordinates":[18.60922,49.95289]}},{"type":"Feature","properties":{"t":"sch","sid":"s1058","name":"Al. Piłsudskiego - Os. Morcinka","imp":0.34,"d":2431},"geometry":{"type":"Point","coordinates":[18.601061,49.974115]}},{"type":"Feature","properties":{"t":"vec","sid":"s1059","d":2616},"geometry":{"type":"LineString","coordinates":[[18.56481,49.94707],[18.565387,49.97059]]}},{"type":"Feature","properties":{"t":"gps","sid":"s1059"},"geometry":{"type":"Point","coordinates":[18.56481,49.94707]}},{"type":"Feature","properties":{"t":"sch","sid":"s1059","name":"1 Maja - K. Miarki","imp":0.136,"d":2616},"geometry":{"type":"Point","coordinates":[18.565387,49.97059]}},{"type":"Feature","properties":{"t":"vec","sid":"s1060","d":3560},"geometry":{"type":"LineString","coordinates":[[18.67766,49.95829],[18.642793,49.981166]]}},{"type":"Feature","properties":{"t":"gps","sid":"s1060"},"geometry":{"type":"Point","coordinates":[18.67766,49.95829]}},{"type":"Feature","properties":{"t":"sch","sid":"s1060","name":"Pniówek Las","imp":0.048,"d":3560},"geometry":{"type":"Point","coordinates":[18.642793,49.981166]}},{"type":"Feature","properties":{"t":"vec","sid":"s1061","d":2292},"geometry":{"type":"LineString","coordinates":[[18.60222,49.95571],[18.595573,49.975878]]}},{"type":"Feature","properties":{"t":"gps","sid":"s1061"},"geometry":{"type":"Point","coordinates":[18.60222,49.95571]}},{"type":"Feature","properties":{"t":"sch","sid":"s1061","name":"Jastrzębie Dworzec Główny","imp":0.156,"d":2292},"geometry":{"type":"Point","coordinates":[18.595573,49.975878]}},{"type":"Feature","properties":{"t":"vec","sid":"s1062","d":2259},"geometry":{"type":"LineString","coordinates":[[18.59699,49.95429],[18.590084,49.974115]]}},{"type":"Feature","properties":{"t":"gps","sid":"s1062"},"geometry":{"type":"Point","coordinates":[18.59699,49.95429]}},{"type":"Feature","properties":{"t":"sch","sid":"s1062","name":"Warszawska","imp":0.108,"d":2259},"geometry":{"type":"Point","coordinates":[18.590084,49.974115]}},{"type":"Feature","properties":{"t":"vec","sid":"s1063","d":2940},"geometry":{"type":"LineString","coordinates":[[18.58146,49.94948],[18.579108,49.975878]]}},{"type":"Feature","properties":{"t":"gps","sid":"s1063"},"geometry":{"type":"Point","coordinates":[18.58146,49.94948]}},{"type":"Feature","properties":{"t":"sch","sid":"s1063","name":"11 Listopada Szkoła","imp":0.193,"d":2940},"geometry":{"type":"Point","coordinates":[18.579108,49.975878]}},{"type":"Feature","properties":{"t":"vec","sid":"s1064","d":2665},"geometry":{"type":"LineString","coordinates":[[18.57656,49.95015],[18.576363,49.974115]]}},{"type":"Feature","properties":{"t":"gps","sid":"s1064"},"geometry":{"type":"Point","coordinates":[18.57656,49.95015]}},{"type":"Feature","properties":{"t":"sch","sid":"s1064","name":"Urząd Skarbowy","imp":0.227,"d":2665},"geometry":{"type":"Point","coordinates":[18.576363,49.974115]}},{"type":"Feature","properties":{"t":"vec","sid":"s1065","d":2108},"geometry":{"type":"LineString","coordinates":[[18.57208,49.95517],[18.570875,49.974115]]}},{"type":"Feature","properties":{"t":"gps","sid":"s1065"},"geometry":{"type":"Point","coordinates":[18.57208,49.95517]}},{"type":"Feature","properties":{"t":"sch","sid":"s1065","name":"Wodzisławska","imp":0.179,"d":2108},"geometry":{"type":"Point","coordinates":[18.570875,49.974115]}},{"type":"Feature","properties":{"t":"vec","sid":"s1066","d":2101},"geometry":{"type":"LineString","coordinates":[[18.57056,49.95881],[18.568131,49.977641]]}},{"type":"Feature","properties":{"t":"gps","sid":"s1066"},"geometry":{"type":"Point","coordinates":[18.57056,49.95881]}},{"type":"Feature","properties":{"t":"sch","sid":"s1066","name":"Górnicza","imp":0.096,"d":2101},"geometry":{"type":"Point","coordinates":[18.568131,49.977641]}},{"type":"Feature","properties":{"t":"vec","sid":"s1067","d":1981},"geometry":{"type":"LineString","coordinates":[[18.56694,49.96337],[18.568131,49.981166]]}},{"type":"Feature","properties":{"t":"gps","sid":"s1067"},"geometry":{"type":"Point","coordinates":[18.56694,49.96337]}},{"type":"Feature","properties":{"t":"sch","sid":"s1067","name":"KWK Jas-Mos","imp":0.207,"d":1981},"geometry":{"type":"Point","coordinates":[18.568131,49.981166]}},{"type":"Feature","properties":{"t":"vec","sid":"s1068","d":2583},"geometry":{"type":"LineString","coordinates":[[18.57451,49.95089],[18.573619,49.974115]]}},{"type":"Feature","properties":{"t":"gps","sid":"s1068"},"geometry":{"type":"Point","coordinates":[18.57451,49.95089]}},{"type":"Feature","properties":{"t":"sch","sid":"s1068","name":"Zdrojowa","imp":0.184,"d":2583},"geometry":{"type":"Point","coordinates":[18.573619,49.974115]}},{"type":"Feature","properties":{"t":"vec","sid":"s1069","d":2715},"geometry":{"type":"LineString","coordinates":[[18.5827,49.94981],[18.579108,49.974115]]}},{"type":"Feature","properties":{"t":"gps","sid":"s1069"},"geometry":{"type":"Point","coordinates":[18.5827,49.94981]}},{"type":"Feature","properties":{"t":"sch","sid":"s1069","name":"11 Listopada Szkoła","imp":0.199,"d":2715},"geometry":{"type":"Point","coordinates":[18.579108,49.974115]}},{"type":"Feature","properties":{"t":"vec","sid":"s1070","d":4154},"geometry":{"type":"LineString","coordinates":[[18.67426,49.95844],[18.639147,49.988217]]}},{"type":"Feature","properties":{"t":"gps","sid":"s1070"},"geometry":{"type":"Point","coordinates":[18.67426,49.95844]}},{"type":"Feature","properties":{"t":"sch","sid":"s1070","name":"Pniówek Las","imp":0.048,"d":4154},"geometry":{"type":"Point","coordinates":[18.639147,49.988217]}},{"type":"Feature","properties":{"t":"vec","sid":"s1071","d":2880},"geometry":{"type":"LineString","coordinates":[[18.60181,49.94126],[18.598317,49.967065]]}},{"type":"Feature","properties":{"t":"gps","sid":"s1071"},"geometry":{"type":"Point","coordinates":[18.60181,49.94126]}},{"type":"Feature","properties":{"t":"sch","sid":"s1071","name":"Podhalańska Wodociągi","imp":0.193,"d":2880},"geometry":{"type":"Point","coordinates":[18.598317,49.967065]}},{"type":"Feature","properties":{"t":"vec","sid":"s1072","d":2904},"geometry":{"type":"LineString","coordinates":[[18.59517,49.94144],[18.58734,49.967065]]}},{"type":"Feature","properties":{"t":"gps","sid":"s1072"},"geometry":{"type":"Point","coordinates":[18.59517,49.94144]}},{"type":"Feature","properties":{"t":"sch","sid":"s1072","name":"Małopolska","imp":0.122,"d":2904},"geometry":{"type":"Point","coordinates":[18.58734,49.967065]}},{"type":"Feature","properties":{"t":"vec","sid":"s1073","d":3049},"geometry":{"type":"LineString","coordinates":[[18.59111,49.94349],[18.584596,49.97059]]}},{"type":"Feature","properties":{"t":"gps","sid":"s1073"},"geometry":{"type":"Point","coordinates":[18.59111,49.94349]}},{"type":"Feature","properties":{"t":"sch","sid":"s1073","name":"Cieszyńska - Os.Tuwima","imp":0.287,"d":3049},"geometry":{"type":"Point","coordinates":[18.584596,49.97059]}},{"type":"Feature","properties":{"t":"vec","sid":"s1074","d":2688},"geometry":{"type":"LineString","coordinates":[[18.61827,49.9524],[18.609294,49.975878]]}},{"type":"Feature","properties":{"t":"gps","sid":"s1074"},"geometry":{"type":"Point","coordinates":[18.61827,49.9524]}},{"type":"Feature","properties":{"t":"sch","sid":"s1074","name":"Graniczna Szkoła","imp":0.15,"d":2688},"geometry":{"type":"Point","coordinates":[18.609294,49.975878]}},{"type":"Feature","properties":{"t":"vec","sid":"s1075","d":2806},"geometry":{"type":"LineString","coordinates":[[18.6221,49.95026],[18.609294,49.974115]]}},{"type":"Feature","properties":{"t":"gps","sid":"s1075"},"geometry":{"type":"Point","coordinates":[18.6221,49.95026]}},{"type":"Feature","properties":{"t":"sch","sid":"s1075","name":"Graniczna GSM","imp":0.15,"d":2806},"geometry":{"type":"Point","coordinates":[18.609294,49.974115]}},{"type":"Feature","properties":{"t":"vec","sid":"s1076","d":3719},"geometry":{"type":"LineString","coordinates":[[18.63975,49.94211],[18.617526,49.972353]]}},{"type":"Feature","properties":{"t":"gps","sid":"s1076"},"geometry":{"type":"Point","coordinates":[18.63975,49.94211]}},{"type":"Feature","properties":{"t":"sch","sid":"s1076","name":"Cicha - Rolnicza","imp":0.148,"d":3719},"geometry":{"type":"Point","coordinates":[18.617526,49.972353]}},{"type":"Feature","properties":{"t":"vec","sid":"s1077","d":4177},"geometry":{"type":"LineString","coordinates":[[18.6469,49.93715],[18.620271,49.97059]]}},{"type":"Feature","properties":{"t":"gps","sid":"s1077"},"geometry":{"type":"Point","coordinates":[18.6469,49.93715]}},{"type":"Feature","properties":{"t":"sch","sid":"s1077","name":"Bzie Zameckie","imp":0.142,"d":4177},"geometry":{"type":"Point","coordinates":[18.620271,49.97059]}},{"type":"Feature","properties":{"t":"vec","sid":"s1078","d":4035},"geometry":{"type":"LineString","coordinates":[[18.65584,49.9434],[18.625759,49.974115]]}},{"type":"Feature","properties":{"t":"gps","sid":"s1078"},"geometry":{"type":"Point","coordinates":[18.65584,49.9434]}},{"type":"Feature","properties":{"t":"sch","sid":"s1078","name":"Bzie - Gospodarska","imp":0.125,"d":4035},"geometry":{"type":"Point","coordinates":[18.625759,49.974115]}},{"type":"Feature","properties":{"t":"vec","sid":"s1079","d":3491},"geometry":{"type":"LineString","coordinates":[[18.66375,49.94971],[18.636736,49.975878]]}},{"type":"Feature","properties":{"t":"gps","sid":"s1079"},"geometry":{"type":"Point","coordinates":[18.66375,49.94971]}},{"type":"Feature","properties":{"t":"sch","sid":"s1079","name":"Bzie Szkoła","imp":0.129,"d":3491},"geometry":{"type":"Point","coordinates":[18.636736,49.975878]}},{"type":"Feature","properties":{"t":"vec","sid":"s1080","d":3367},"geometry":{"type":"LineString","coordinates":[[18.66434,49.95486],[18.636736,49.979403]]}},{"type":"Feature","properties":{"t":"gps","sid":"s1080"},"geometry":{"type":"Point","coordinates":[18.66434,49.95486]}},{"type":"Feature","properties":{"t":"sch","sid":"s1080","name":"Bzie Górne","imp":0.113,"d":3367},"geometry":{"type":"Point","coordinates":[18.636736,49.979403]}},{"type":"Feature","properties":{"t":"vec","sid":"s1081","d":3738},"geometry":{"type":"LineString","coordinates":[[18.66372,49.94997],[18.633992,49.977641]]}},{"type":"Feature","properties":{"t":"gps","sid":"s1081"},"geometry":{"type":"Point","coordinates":[18.66372,49.94997]}},{"type":"Feature","properties":{"t":"sch","sid":"s1081","name":"Bzie Szkoła","imp":0.129,"d":3738},"geometry":{"type":"Point","coordinates":[18.633992,49.977641]}},{"type":"Feature","properties":{"t":"vec","sid":"s1082","d":3736},"geometry":{"type":"LineString","coordinates":[[18.65539,49.94353],[18.628503,49.972353]]}},{"type":"Feature","properties":{"t":"gps","sid":"s1082"},"geometry":{"type":"Point","coordinates":[18.65539,49.94353]}},{"type":"Feature","properties":{"t":"sch","sid":"s1082","name":"Bzie - Gospodarska","imp":0.142,"d":3736},"geometry":{"type":"Point","coordinates":[18.628503,49.972353]}},{"type":"Feature","properties":{"t":"vec","sid":"s1083","d":2765},"geometry":{"type":"LineString","coordinates":[[18.62281,49.94979],[18.60655,49.972353]]}},{"type":"Feature","properties":{"t":"gps","sid":"s1083"},"geometry":{"type":"Point","coordinates":[18.62281,49.94979]}},{"type":"Feature","properties":{"t":"sch","sid":"s1083","name":"Graniczna GSM","imp":0.15,"d":2765},"geometry":{"type":"Point","coordinates":[18.60655,49.972353]}},{"type":"Feature","properties":{"t":"vec","sid":"s1084","d":2478},"geometry":{"type":"LineString","coordinates":[[18.61719,49.95356],[18.603805,49.974115]]}},{"type":"Feature","properties":{"t":"gps","sid":"s1084"},"geometry":{"type":"Point","coordinates":[18.61719,49.95356]}},{"type":"Feature","properties":{"t":"sch","sid":"s1084","name":"Graniczna Szkoła","imp":0.15,"d":2478},"geometry":{"type":"Point","coordinates":[18.603805,49.974115]}},{"type":"Feature","properties":{"t":"vec","sid":"s1085","d":3081},"geometry":{"type":"LineString","coordinates":[[18.59677,49.94179],[18.58734,49.968827]]}},{"type":"Feature","properties":{"t":"gps","sid":"s1085"},"geometry":{"type":"Point","coordinates":[18.59677,49.94179]}},{"type":"Feature","properties":{"t":"sch","sid":"s1085","name":"Małopolska","imp":0.122,"d":3081},"geometry":{"type":"Point","coordinates":[18.58734,49.968827]}},{"type":"Feature","properties":{"t":"vec","sid":"s1086","d":2933},"geometry":{"type":"LineString","coordinates":[[18.60114,49.94093],[18.595573,49.967065]]}},{"type":"Feature","properties":{"t":"gps","sid":"s1086"},"geometry":{"type":"Point","coordinates":[18.60114,49.94093]}},{"type":"Feature","properties":{"t":"sch","sid":"s1086","name":"Podhalańska Wodociągi","imp":0.193,"d":2933},"geometry":{"type":"Point","coordinates":[18.595573,49.967065]}},{"type":"Feature","properties":{"t":"vec","sid":"s1087","d":4071},"geometry":{"type":"LineString","coordinates":[[18.64686,49.93644],[18.620271,49.968827]]}},{"type":"Feature","properties":{"t":"gps","sid":"s1087"},"geometry":{"type":"Point","coordinates":[18.64686,49.93644]}},{"type":"Feature","properties":{"t":"sch","sid":"s1087","name":"Bzie Zameckie","imp":0.094,"d":4071},"geometry":{"type":"Point","coordinates":[18.620271,49.968827]}},{"type":"Feature","properties":{"t":"vec","sid":"s1088","d":4670},"geometry":{"type":"LineString","coordinates":[[18.64916,49.92939],[18.620271,49.967065]]}},{"type":"Feature","properties":{"t":"gps","sid":"s1088"},"geometry":{"type":"Point","coordinates":[18.64916,49.92939]}},{"type":"Feature","properties":{"t":"sch","sid":"s1088","name":"Bzie - Żytnia","imp":0.079,"d":4670},"geometry":{"type":"Point","coordinates":[18.620271,49.967065]}},{"type":"Feature","properties":{"t":"vec","sid":"s1089","d":4961},"geometry":{"type":"LineString","coordinates":[[18.65314,49.92642],[18.621643,49.966183]]}},{"type":"Feature","properties":{"t":"gps","sid":"s1089"},"geometry":{"type":"Point","coordinates":[18.65314,49.92642]}},{"type":"Feature","properties":{"t":"sch","sid":"s1089","name":"Bzie - Kłosowa","imp":0.062,"d":4961},"geometry":{"type":"Point","coordinates":[18.621643,49.966183]}},{"type":"Feature","properties":{"t":"vec","sid":"s1090","d":5467},"geometry":{"type":"LineString","coordinates":[[18.65763,49.92145],[18.623015,49.965302]]}},{"type":"Feature","properties":{"t":"gps","sid":"s1090"},"geometry":{"type":"Point","coordinates":[18.65763,49.92145]}},{"type":"Feature","properties":{"t":"sch","sid":"s1090","name":"Bzie Dolne","imp":0.122,"d":5467},"geometry":{"type":"Point","coordinates":[18.623015,49.965302]}},{"type":"Feature","properties":{"t":"vec","sid":"s1091","d":2622},"geometry":{"type":"LineString","coordinates":[[18.57131,49.94882],[18.573619,49.972353]]}},{"type":"Feature","properties":{"t":"gps","sid":"s1091"},"geometry":{"type":"Point","coordinates":[18.57131,49.94882]}},{"type":"Feature","properties":{"t":"sch","sid":"s1091","name":"1 Maja Park","imp":0.125,"d":2622},"geometry":{"type":"Point","coordinates":[18.573619,49.972353]}},{"type":"Feature","properties":{"t":"vec","sid":"s1092","d":6285},"geometry":{"type":"LineString","coordinates":[[18.66315,49.91324],[18.623015,49.963539]]}},{"type":"Feature","properties":{"t":"gps","sid":"s1092"},"geometry":{"type":"Point","coordinates":[18.66315,49.91324]}},{"type":"Feature","properties":{"t":"sch","sid":"s1092","name":"Pielgrzymowice Bzie II","imp":0.048,"d":6285},"geometry":{"type":"Point","coordinates":[18.623015,49.963539]}},{"type":"Feature","properties":{"t":"vec","sid":"s1093","d":6795},"geometry":{"type":"LineString","coordinates":[[18.66506,49.90696],[18.623015,49.961777]]}},{"type":"Feature","properties":{"t":"gps","sid":"s1093"},"geometry":{"type":"Point","coordinates":[18.66506,49.90696]}},{"type":"Feature","properties":{"t":"sch","sid":"s1093","name":"Pielgrzymowice Caritas","imp":0.065,"d":6795},"geometry":{"type":"Point","coordinates":[18.623015,49.961777]}},{"type":"Feature","properties":{"t":"vec","sid":"s1094","d":6713},"geometry":{"type":"LineString","coordinates":[[18.66058,49.90459],[18.617526,49.958251]]}},{"type":"Feature","properties":{"t":"gps","sid":"s1094"},"geometry":{"type":"Point","coordinates":[18.66058,49.90459]}},{"type":"Feature","properties":{"t":"sch","sid":"s1094","name":"Pielgrzymowice II Bar","imp":0.079,"d":6713},"geometry":{"type":"Point","coordinates":[18.617526,49.958251]}},{"type":"Feature","properties":{"t":"vec","sid":"s1095","d":6970},"geometry":{"type":"LineString","coordinates":[[18.65454,49.89924],[18.614782,49.956489]]}},{"type":"Feature","properties":{"t":"gps","sid":"s1095"},"geometry":{"type":"Point","coordinates":[18.65454,49.89924]}},{"type":"Feature","properties":{"t":"sch","sid":"s1095","name":"Pielgrzymowice OSP","imp":0.079,"d":6970},"geometry":{"type":"Point","coordinates":[18.614782,49.956489]}},{"type":"Feature","properties":{"t":"vec","sid":"s1096","d":7082},"geometry":{"type":"LineString","coordinates":[[18.64851,49.8955],[18.612038,49.954726]]}},{"type":"Feature","properties":{"t":"gps","sid":"s1096"},"geometry":{"type":"Point","coordinates":[18.64851,49.8955]}},{"type":"Feature","properties":{"t":"sch","sid":"s1096","name":"Pielgrzymowice III","imp":0.062,"d":7082},"geometry":{"type":"Point","coordinates":[18.612038,49.954726]}},{"type":"Feature","properties":{"t":"vec","sid":"s1097","d":7159},"geometry":{"type":"LineString","coordinates":[[18.64417,49.8926],[18.609294,49.952963]]}},{"type":"Feature","properties":{"t":"gps","sid":"s1097"},"geometry":{"type":"Point","coordinates":[18.64417,49.8926]}},{"type":"Feature","properties":{"t":"sch","sid":"s1097","name":"Pielgrzymowice IV","imp":0.096,"d":7159},"geometry":{"type":"Point","coordinates":[18.609294,49.952963]}},{"type":"Feature","properties":{"t":"vec","sid":"s1098","d":7127},"geometry":{"type":"LineString","coordinates":[[18.63525,49.88981],[18.60655,49.951201]]}},{"type":"Feature","properties":{"t":"gps","sid":"s1098"},"geometry":{"type":"Point","coordinates":[18.63525,49.88981]}},{"type":"Feature","properties":{"t":"sch","sid":"s1098","name":"Pielgrzymowice Pętla Zebrzydowice","imp":0.052,"d":7127},"geometry":{"type":"Point","coordinates":[18.60655,49.951201]}},{"type":"Feature","properties":{"t":"vec","sid":"s1099","d":7083},"geometry":{"type":"LineString","coordinates":[[18.64888,49.89559],[18.612038,49.954726]]}},{"type":"Feature","properties":{"t":"gps","sid":"s1099"},"geometry":{"type":"Point","coordinates":[18.64888,49.89559]}},{"type":"Feature","properties":{"t":"sch","sid":"s1099","name":"Pielgrzymowice III","imp":0.062,"d":7083},"geometry":{"type":"Point","coordinates":[18.612038,49.954726]}},{"type":"Feature","properties":{"t":"vec","sid":"s1100","d":6248},"geometry":{"type":"LineString","coordinates":[[18.66295,49.91355],[18.623015,49.963539]]}},{"type":"Feature","properties":{"t":"gps","sid":"s1100"},"geometry":{"type":"Point","coordinates":[18.66295,49.91355]}},{"type":"Feature","properties":{"t":"sch","sid":"s1100","name":"Pielgrzymowice Bzie II","imp":0.048,"d":6248},"geometry":{"type":"Point","coordinates":[18.623015,49.963539]}},{"type":"Feature","properties":{"t":"vec","sid":"s1101","d":2898},"geometry":{"type":"LineString","coordinates":[[18.61824,49.94623],[18.603805,49.97059]]}},{"type":"Feature","properties":{"t":"gps","sid":"s1101"},"geometry":{"type":"Point","coordinates":[18.61824,49.94623]}},{"type":"Feature","properties":{"t":"sch","sid":"s1101","name":"Podhalańska - Os.Barbary","imp":0.15,"d":2898},"geometry":{"type":"Point","coordinates":[18.603805,49.97059]}},{"type":"Feature","properties":{"t":"vec","sid":"s1102","d":2630},"geometry":{"type":"LineString","coordinates":[[18.61744,49.94623],[18.60655,49.968827]]}},{"type":"Feature","properties":{"t":"gps","sid":"s1102"},"geometry":{"type":"Point","coordinates":[18.61744,49.94623]}},{"type":"Feature","properties":{"t":"sch","sid":"s1102","name":"Podhalańska - Os.Barbary","imp":0.15,"d":2630},"geometry":{"type":"Point","coordinates":[18.60655,49.968827]}},{"type":"Feature","properties":{"t":"vec","sid":"s1103","d":3291},"geometry":{"type":"LineString","coordinates":[[18.59409,49.93934],[18.590084,49.968827]]}},{"type":"Feature","properties":{"t":"gps","sid":"s1103"},"geometry":{"type":"Point","coordinates":[18.59409,49.93934]}},{"type":"Feature","properties":{"t":"sch","sid":"s1103","name":"Podhalańska - Rondo Ruptawskie","imp":0.122,"d":3291},"geometry":{"type":"Point","coordinates":[18.590084,49.968827]}},{"type":"Feature","properties":{"t":"vec","sid":"s1104","d":3184},"geometry":{"type":"LineString","coordinates":[[18.59632,49.93549],[18.58734,49.963539]]}},{"type":"Feature","properties":{"t":"gps","sid":"s1104"},"geometry":{"type":"Point","coordinates":[18.59632,49.93549]}},{"type":"Feature","properties":{"t":"sch","sid":"s1104","name":"Ruptawa Cmentarz","imp":0.173,"d":3184},"geometry":{"type":"Point","coordinates":[18.58734,49.963539]}},{"type":"Feature","properties":{"t":"vec","sid":"s1105","d":4041},"geometry":{"type":"LineString","coordinates":[[18.59995,49.92599],[18.590084,49.961777]]}},{"type":"Feature","properties":{"t":"gps","sid":"s1105"},"geometry":{"type":"Point","coordinates":[18.59995,49.92599]}},{"type":"Feature","properties":{"t":"sch","sid":"s1105","name":"Ruptawa Centrum","imp":0.139,"d":4041},"geometry":{"type":"Point","coordinates":[18.590084,49.961777]}},{"type":"Feature","properties":{"t":"vec","sid":"s1106","d":4543},"geometry":{"type":"LineString","coordinates":[[18.60222,49.92185],[18.588712,49.961777]]}},{"type":"Feature","properties":{"t":"gps","sid":"s1106"},"geometry":{"type":"Point","coordinates":[18.60222,49.92185]}},{"type":"Feature","properties":{"t":"sch","sid":"s1106","name":"Ruptawa Szkoła","imp":0.077,"d":4543},"geometry":{"type":"Point","coordinates":[18.588712,49.961777]}},{"type":"Feature","properties":{"t":"vec","sid":"s1107","d":4050},"geometry":{"type":"LineString","coordinates":[[18.60026,49.92631],[18.58734,49.961777]]}},{"type":"Feature","properties":{"t":"gps","sid":"s1107"},"geometry":{"type":"Point","coordinates":[18.60026,49.92631]}},{"type":"Feature","properties":{"t":"sch","sid":"s1107","name":"Ruptawa Centrum","imp":0.139,"d":4050},"geometry":{"type":"Point","coordinates":[18.58734,49.961777]}},{"type":"Feature","properties":{"t":"vec","sid":"s1108","d":4210},"geometry":{"type":"LineString","coordinates":[[18.60241,49.9277],[18.595573,49.965302]]}},{"type":"Feature","properties":{"t":"gps","sid":"s1108"},"geometry":{"type":"Point","coordinates":[18.60241,49.9277]}},{"type":"Feature","properties":{"t":"sch","sid":"s1108","name":"Ruptawa Boisko","imp":0.082,"d":4210},"geometry":{"type":"Point","coordinates":[18.595573,49.965302]}},{"type":"Feature","properties":{"t":"vec","sid":"s1109","d":4188},"geometry":{"type":"LineString","coordinates":[[18.61496,49.92869],[18.601194,49.965302]]}},{"type":"Feature","properties":{"t":"gps","sid":"s1109"},"geometry":{"type":"Point","coordinates":[18.61496,49.92869]}},{"type":"Feature","properties":{"t":"sch","sid":"s1109","name":"Libowiec - Okrzei","imp":0.048,"d":4188},"geometry":{"type":"Point","coordinates":[18.601194,49.965302]}},{"type":"Feature","properties":{"t":"vec","sid":"s1110","d":4624},"geometry":{"type":"LineString","coordinates":[[18.6266,49.92571],[18.606816,49.965302]]}},{"type":"Feature","properties":{"t":"gps","sid":"s1110"},"geometry":{"type":"Point","coordinates":[18.6266,49.92571]}},{"type":"Feature","properties":{"t":"sch","sid":"s1110","name":"Libowiec - Matejki","imp":0.048,"d":4624},"geometry":{"type":"Point","coordinates":[18.606816,49.965302]}},{"type":"Feature","properties":{"t":"vec","sid":"s1111","d":4572},"geometry":{"type":"LineString","coordinates":[[18.63637,49.92738],[18.612321,49.965483]]}},{"type":"Feature","properties":{"t":"gps","sid":"s1111"},"geometry":{"type":"Point","coordinates":[18.63637,49.92738]}},{"type":"Feature","properties":{"t":"sch","sid":"s1111","name":"Libowiec - Kolonia Jana","imp":0.048,"d":4572},"geometry":{"type":"Point","coordinates":[18.612321,49.965483]}},{"type":"Feature","properties":{"t":"vec","sid":"s1112","d":4571},"geometry":{"type":"LineString","coordinates":[[18.64365,49.93087],[18.616296,49.968037]]}},{"type":"Feature","properties":{"t":"gps","sid":"s1112"},"geometry":{"type":"Point","coordinates":[18.64365,49.93087]}},{"type":"Feature","properties":{"t":"sch","sid":"s1112","name":"Libowiec - Budowlana","imp":0.048,"d":4571},"geometry":{"type":"Point","coordinates":[18.616296,49.968037]}},{"type":"Feature","properties":{"t":"vec","sid":"s1113","d":4541},"geometry":{"type":"LineString","coordinates":[[18.64118,49.93022],[18.615653,49.967624]]}},{"type":"Feature","properties":{"t":"gps","sid":"s1113"},"geometry":{"type":"Point","coordinates":[18.64118,49.93022]}},{"type":"Feature","properties":{"t":"sch","sid":"s1113","name":"Libowiec - Budowlana","imp":0.048,"d":4541},"geometry":{"type":"Point","coordinates":[18.615653,49.967624]}},{"type":"Feature","properties":{"t":"vec","sid":"s1114","d":4614},"geometry":{"type":"LineString","coordinates":[[18.63514,49.92662],[18.611756,49.965302]]}},{"type":"Feature","properties":{"t":"gps","sid":"s1114"},"geometry":{"type":"Point","coordinates":[18.63514,49.92662]}},{"type":"Feature","properties":{"t":"sch","sid":"s1114","name":"Libowiec - Kolonia Jana","imp":0.048,"d":4614},"geometry":{"type":"Point","coordinates":[18.611756,49.965302]}},{"type":"Feature","properties":{"t":"vec","sid":"s1115","d":4577},"geometry":{"type":"LineString","coordinates":[[18.62585,49.92609],[18.606361,49.965302]]}},{"type":"Feature","properties":{"t":"gps","sid":"s1115"},"geometry":{"type":"Point","coordinates":[18.62585,49.92609]}},{"type":"Feature","properties":{"t":"sch","sid":"s1115","name":"Libowiec - Matejki","imp":0.048,"d":4577},"geometry":{"type":"Point","coordinates":[18.606361,49.965302]}},{"type":"Feature","properties":{"t":"vec","sid":"s1116","d":4119},"geometry":{"type":"LineString","coordinates":[[18.61283,49.92905],[18.600967,49.965302]]}},{"type":"Feature","properties":{"t":"gps","sid":"s1116"},"geometry":{"type":"Point","coordinates":[18.61283,49.92905]}},{"type":"Feature","properties":{"t":"sch","sid":"s1116","name":"Libowiec - Okrzei","imp":0.048,"d":4119},"geometry":{"type":"Point","coordinates":[18.600967,49.965302]}},{"type":"Feature","properties":{"t":"vec","sid":"s1117","d":2997},"geometry":{"type":"LineString","coordinates":[[18.59778,49.9403],[18.592829,49.967065]]}},{"type":"Feature","properties":{"t":"gps","sid":"s1117"},"geometry":{"type":"Point","coordinates":[18.59778,49.9403]}},{"type":"Feature","properties":{"t":"sch","sid":"s1117","name":"Podhalańska Cmentarz","imp":0.122,"d":2997},"geometry":{"type":"Point","coordinates":[18.592829,49.967065]}},{"type":"Feature","properties":{"t":"vec","sid":"s1118","d":2295},"geometry":{"type":"LineString","coordinates":[[18.57611,49.95551],[18.570875,49.975878]]}},{"type":"Feature","properties":{"t":"gps","sid":"s1118"},"geometry":{"type":"Point","coordinates":[18.57611,49.95551]}},{"type":"Feature","properties":{"t":"sch","sid":"s1118","name":"Jastrzębie Dolne - Połomska","imp":0.139,"d":2295},"geometry":{"type":"Point","coordinates":[18.570875,49.975878]}},{"type":"Feature","properties":{"t":"vec","sid":"s1119","d":2394},"geometry":{"type":"LineString","coordinates":[[18.57482,49.95965],[18.573619,49.981166]]}},{"type":"Feature","properties":{"t":"gps","sid":"s1119"},"geometry":{"type":"Point","coordinates":[18.57482,49.95965]}},{"type":"Feature","properties":{"t":"sch","sid":"s1119","name":"Połomska Szpital","imp":0.139,"d":2394},"geometry":{"type":"Point","coordinates":[18.573619,49.981166]}},{"type":"Feature","properties":{"t":"vec","sid":"s1120","d":1794},"geometry":{"type":"LineString","coordinates":[[18.57435,49.96512],[18.57179,49.981166]]}},{"type":"Feature","properties":{"t":"gps","sid":"s1120"},"geometry":{"type":"Point","coordinates":[18.57435,49.96512]}},{"type":"Feature","properties":{"t":"sch","sid":"s1120","name":"Os. Przyjaźń Szkoła","imp":0.105,"d":1794},"geometry":{"type":"Point","coordinates":[18.57179,49.981166]}},{"type":"Feature","properties":{"t":"vec","sid":"s1121","d":2011},"geometry":{"type":"LineString","coordinates":[[18.57113,49.9631],[18.56996,49.981166]]}},{"type":"Feature","properties":{"t":"gps","sid":"s1121"},"geometry":{"type":"Point","coordinates":[18.57113,49.9631]}},{"type":"Feature","properties":{"t":"sch","sid":"s1121","name":"Os. Przyjaźń - Moniuszki","imp":0.105,"d":2011},"geometry":{"type":"Point","coordinates":[18.56996,49.981166]}},{"type":"Feature","properties":{"t":"vec","sid":"s1122","d":2338},"geometry":{"type":"LineString","coordinates":[[18.57576,49.9549],[18.573619,49.975878]]}},{"type":"Feature","properties":{"t":"gps","sid":"s1122"},"geometry":{"type":"Point","coordinates":[18.57576,49.9549]}},{"type":"Feature","properties":{"t":"sch","sid":"s1122","name":"Jastrzębie Dolne Rondo","imp":0.108,"d":2338},"geometry":{"type":"Point","coordinates":[18.573619,49.975878]}},{"type":"Feature","properties":{"t":"vec","sid":"s1123","d":3039},"geometry":{"type":"LineString","coordinates":[[18.58466,49.93673],[18.576363,49.963539]]}},{"type":"Feature","properties":{"t":"gps","sid":"s1123"},"geometry":{"type":"Point","coordinates":[18.58466,49.93673]}},{"type":"Feature","properties":{"t":"sch","sid":"s1123","name":"Chlebowa Pętla","imp":0.316,"d":3039},"geometry":{"type":"Point","coordinates":[18.576363,49.963539]}},{"type":"Feature","properties":{"t":"vec","sid":"s1124","d":2906},"geometry":{"type":"LineString","coordinates":[[18.58524,49.9377],[18.579108,49.963539]]}},{"type":"Feature","properties":{"t":"gps","sid":"s1124"},"geometry":{"type":"Point","coordinates":[18.58524,49.9377]}},{"type":"Feature","properties":{"t":"sch","sid":"s1124","name":"Jagiełły - Kusocińskiego","imp":0.17,"d":2906},"geometry":{"type":"Point","coordinates":[18.579108,49.963539]}},{"type":"Feature","properties":{"t":"vec","sid":"s1125","d":3075},"geometry":{"type":"LineString","coordinates":[[18.5907,49.93824],[18.581852,49.965302]]}},{"type":"Feature","properties":{"t":"gps","sid":"s1125"},"geometry":{"type":"Point","coordinates":[18.5907,49.93824]}},{"type":"Feature","properties":{"t":"sch","sid":"s1125","name":"Jagiełły OD Krokus","imp":0.125,"d":3075},"geometry":{"type":"Point","coordinates":[18.581852,49.965302]}},{"type":"Feature","properties":{"t":"vec","sid":"s1126","d":2699},"geometry":{"type":"LineString","coordinates":[[18.58225,49.94288],[18.579108,49.967065]]}},{"type":"Feature","properties":{"t":"gps","sid":"s1126"},"geometry":{"type":"Point","coordinates":[18.58225,49.94288]}},{"type":"Feature","properties":{"t":"sch","sid":"s1126","name":"Kusocińskiego","imp":0.142,"d":2699},"geometry":{"type":"Point","coordinates":[18.579108,49.967065]}},{"type":"Feature","properties":{"t":"vec","sid":"s1127","d":2881},"geometry":{"type":"LineString","coordinates":[[18.60043,49.94731],[18.590084,49.972353]]}},{"type":"Feature","properties":{"t":"gps","sid":"s1127"},"geometry":{"type":"Point","coordinates":[18.60043,49.94731]}},{"type":"Feature","properties":{"t":"sch","sid":"s1127","name":"Łowicka","imp":0.079,"d":2881},"geometry":{"type":"Point","coordinates":[18.590084,49.972353]}},{"type":"Feature","properties":{"t":"vec","sid":"s1128","d":2697},"geometry":{"type":"LineString","coordinates":[[18.55416,49.9359],[18.558226,49.960014]]}},{"type":"Feature","properties":{"t":"gps","sid":"s1128"},"geometry":{"type":"Point","coordinates":[18.55416,49.9359]}},{"type":"Feature","properties":{"t":"sch","sid":"s1128","name":"Wyzwolenia - Kasztanowa","imp":0.048,"d":2697},"geometry":{"type":"Point","coordinates":[18.558226,49.960014]}},{"type":"Feature","properties":{"t":"vec","sid":"s1129","d":3100},"geometry":{"type":"LineString","coordinates":[[18.56376,49.93217],[18.565922,49.960014]]}},{"type":"Feature","properties":{"t":"gps","sid":"s1129"},"geometry":{"type":"Point","coordinates":[18.56376,49.93217]}},{"type":"Feature","properties":{"t":"sch","sid":"s1129","name":"Moszczenica - Wyzwolenia","imp":0.048,"d":3100},"geometry":{"type":"Point","coordinates":[18.565922,49.960014]}},{"type":"Feature","properties":{"t":"vec","sid":"s1130","d":3282},"geometry":{"type":"LineString","coordinates":[[18.57374,49.9305],[18.573619,49.960014]]}},{"type":"Feature","properties":{"t":"gps","sid":"s1130"},"geometry":{"type":"Point","coordinates":[18.57374,49.9305]}},{"type":"Feature","properties":{"t":"sch","sid":"s1130","name":"Ruptawa - Chlebowa","imp":0.079,"d":3282},"geometry":{"type":"Point","coordinates":[18.573619,49.960014]}},{"type":"Feature","properties":{"t":"vec","sid":"s1131","d":2439},"geometry":{"type":"LineString","coordinates":[[18.60146,49.94722],[18.595573,49.968827]]}},{"type":"Feature","properties":{"t":"gps","sid":"s1131"},"geometry":{"type":"Point","coordinates":[18.60146,49.94722]}},{"type":"Feature","properties":{"t":"sch","sid":"s1131","name":"Łowicka","imp":0.079,"d":2439},"geometry":{"type":"Point","coordinates":[18.595573,49.968827]}},{"type":"Feature","properties":{"t":"vec","sid":"s1132","d":3044},"geometry":{"type":"LineString","coordinates":[[18.59026,49.93817],[18.584596,49.965302]]}},{"type":"Feature","properties":{"t":"gps","sid":"s1132"},"geometry":{"type":"Point","coordinates":[18.59026,49.93817]}},{"type":"Feature","properties":{"t":"sch","sid":"s1132","name":"Jagiełły OD Krokus","imp":0.125,"d":3044},"geometry":{"type":"Point","coordinates":[18.584596,49.965302]}},{"type":"Feature","properties":{"t":"vec","sid":"s1133","d":3066},"geometry":{"type":"LineString","coordinates":[[18.56365,49.93248],[18.565922,49.960014]]}},{"type":"Feature","properties":{"t":"gps","sid":"s1133"},"geometry":{"type":"Point","coordinates":[18.56365,49.93248]}},{"type":"Feature","properties":{"t":"sch","sid":"s1133","name":"Moszczenica - Wyzwolenia","imp":0.048,"d":3066},"geometry":{"type":"Point","coordinates":[18.565922,49.960014]}},{"type":"Feature","properties":{"t":"vec","sid":"s1134","d":2672},"geometry":{"type":"LineString","coordinates":[[18.55311,49.93621],[18.558226,49.960014]]}},{"type":"Feature","properties":{"t":"gps","sid":"s1134"},"geometry":{"type":"Point","coordinates":[18.55311,49.93621]}},{"type":"Feature","properties":{"t":"sch","sid":"s1134","name":"Wyzwolenia - Kasztanowa","imp":0.048,"d":2672},"geometry":{"type":"Point","coordinates":[18.558226,49.960014]}},{"type":"Feature","properties":{"t":"vec","sid":"s1135","d":2321},"geometry":{"type":"LineString","coordinates":[[18.60775,49.95767],[18.598317,49.977641]]}},{"type":"Feature","properties":{"t":"gps","sid":"s1135"},"geometry":{"type":"Point","coordinates":[18.60775,49.95767]}},{"type":"Feature","properties":{"t":"sch","sid":"s1135","name":"Jastrzębie Górne - Stodoły","imp":0.094,"d":2321},"geometry":{"type":"Point","coordinates":[18.598317,49.977641]}},{"type":"Feature","properties":{"t":"vec","sid":"s1136","d":2049},"geometry":{"type":"LineString","coordinates":[[18.59692,49.95946],[18.59226,49.977641]]}},{"type":"Feature","properties":{"t":"gps","sid":"s1136"},"geometry":{"type":"Point","coordinates":[18.59692,49.95946]}},{"type":"Feature","properties":{"t":"sch","sid":"s1136","name":"Jastrzębie Górne Kościół","imp":0.077,"d":2049},"geometry":{"type":"Point","coordinates":[18.59226,49.977641]}},{"type":"Feature","properties":{"t":"vec","sid":"s1137","d":2204},"geometry":{"type":"LineString","coordinates":[[18.59204,49.95981],[18.58734,49.979403]]}},{"type":"Feature","properties":{"t":"gps","sid":"s1137"},"geometry":{"type":"Point","coordinates":[18.59204,49.95981]}},{"type":"Feature","properties":{"t":"sch","sid":"s1137","name":"Pszczyńska - Wierzyńskiego","imp":0.111,"d":2204},"geometry":{"type":"Point","coordinates":[18.58734,49.979403]}},{"type":"Feature","properties":{"t":"vec","sid":"s1138","d":2192},"geometry":{"type":"LineString","coordinates":[[18.58277,49.95836],[18.576363,49.977641]]}},{"type":"Feature","properties":{"t":"gps","sid":"s1138"},"geometry":{"type":"Point","coordinates":[18.58277,49.95836]}},{"type":"Feature","properties":{"t":"sch","sid":"s1138","name":"Pszczyńska - Prusa","imp":0.094,"d":2192},"geometry":{"type":"Point","coordinates":[18.576363,49.977641]}},{"type":"Feature","properties":{"t":"vec","sid":"s1139","d":2329},"geometry":{"type":"LineString","coordinates":[[18.57698,49.95517],[18.581852,49.975878]]}},{"type":"Feature","properties":{"t":"gps","sid":"s1139"},"geometry":{"type":"Point","coordinates":[18.57698,49.95517]}},{"type":"Feature","properties":{"t":"sch","sid":"s1139","name":"Jastrzębie Dolne Rondo","imp":0.094,"d":2329},"geometry":{"type":"Point","coordinates":[18.581852,49.975878]}},{"type":"Feature","properties":{"t":"vec","sid":"s1140","d":2199},"geometry":{"type":"LineString","coordinates":[[18.58213,49.95793],[18.584596,49.977641]]}},{"type":"Feature","properties":{"t":"gps","sid":"s1140"},"geometry":{"type":"Point","coordinates":[18.58213,49.95793]}},{"type":"Feature","properties":{"t":"sch","sid":"s1140","name":"Pszczyńska - Prusa","imp":0.077,"d":2199},"geometry":{"type":"Point","coordinates":[18.584596,49.977641]}},{"type":"Feature","properties":{"t":"vec","sid":"s1141","d":2254},"geometry":{"type":"LineString","coordinates":[[18.59744,49.95935],[18.592829,49.979403]]}},{"type":"Feature","properties":{"t":"gps","sid":"s1141"},"geometry":{"type":"Point","coordinates":[18.59744,49.95935]}},{"type":"Feature","properties":{"t":"sch","sid":"s1141","name":"Jastrzębie Górne Kościół","imp":0.077,"d":2254},"geometry":{"type":"Point","coordinates":[18.592829,49.979403]}},{"type":"Feature","properties":{"t":"vec","sid":"s1142","d":2521},"geometry":{"type":"LineString","coordinates":[[18.6082,49.95764],[18.598317,49.979403]]}},{"type":"Feature","properties":{"t":"gps","sid":"s1142"},"geometry":{"type":"Point","coordinates":[18.6082,49.95764]}},{"type":"Feature","properties":{"t":"sch","sid":"s1142","name":"Jastrzębie Górne - Stodoły","imp":0.094,"d":2521},"geometry":{"type":"Point","coordinates":[18.598317,49.979403]}},{"type":"Feature","properties":{"t":"vec","sid":"s1143","d":2251},"geometry":{"type":"LineString","coordinates":[[18.56891,49.95929],[18.565387,49.979403]]}},{"type":"Feature","properties":{"t":"gps","sid":"s1143"},"geometry":{"type":"Point","coordinates":[18.56891,49.95929]}},{"type":"Feature","properties":{"t":"sch","sid":"s1143","name":"Os. Bogoczowiec","imp":0.07,"d":2251},"geometry":{"type":"Point","coordinates":[18.565387,49.979403]}},{"type":"Feature","properties":{"t":"vec","sid":"s1144","d":2364},"geometry":{"type":"LineString","coordinates":[[18.56363,49.95639],[18.562642,49.977641]]}},{"type":"Feature","properties":{"t":"gps","sid":"s1144"},"geometry":{"type":"Point","coordinates":[18.56363,49.95639]}},{"type":"Feature","properties":{"t":"sch","sid":"s1144","name":"Boża Góra Prawa","imp":0.065,"d":2364},"geometry":{"type":"Point","coordinates":[18.562642,49.977641]}},{"type":"Feature","properties":{"t":"vec","sid":"s1145","d":5036},"geometry":{"type":"LineString","coordinates":[[18.71824,49.9622],[18.65869,49.986454]]}},{"type":"Feature","properties":{"t":"gps","sid":"s1145"},"geometry":{"type":"Point","coordinates":[18.71824,49.9622]}},{"type":"Feature","properties":{"t":"sch","sid":"s1145","name":"Pawłowice UG","imp":0.125,"d":5036},"geometry":{"type":"Point","coordinates":[18.65869,49.986454]}},{"type":"Feature","properties":{"t":"vec","sid":"s1146","d":5247},"geometry":{"type":"LineString","coordinates":[[18.71754,49.95469],[18.65869,49.982929]]}},{"type":"Feature","properties":{"t":"gps","sid":"s1146"},"geometry":{"type":"Point","coordinates":[18.71754,49.95469]}},{"type":"Feature","properties":{"t":"sch","sid":"s1146","name":"Pawłowice Piekarnia","imp":0.125,"d":5247},"geometry":{"type":"Point","coordinates":[18.65869,49.982929]}},{"type":"Feature","properties":{"t":"vec","sid":"s1147","d":5467},"geometry":{"type":"LineString","coordinates":[[18.71617,49.95082],[18.655945,49.981166]]}},{"type":"Feature","properties":{"t":"gps","sid":"s1147"},"geometry":{"type":"Point","coordinates":[18.71617,49.95082]}},{"type":"Feature","properties":{"t":"sch","sid":"s1147","name":"Pawłowice PKP","imp":0.108,"d":5467},"geometry":{"type":"Point","coordinates":[18.655945,49.981166]}},{"type":"Feature","properties":{"t":"vec","sid":"s1148","d":5483},"geometry":{"type":"LineString","coordinates":[[18.71367,49.9469],[18.655945,49.979403]]}},{"type":"Feature","properties":{"t":"gps","sid":"s1148"},"geometry":{"type":"Point","coordinates":[18.71367,49.9469]}},{"type":"Feature","properties":{"t":"sch","sid":"s1148","name":"Pawłowice Pętla","imp":0.176,"d":5483},"geometry":{"type":"Point","coordinates":[18.655945,49.979403]}},{"type":"Feature","properties":{"t":"vec","sid":"s1149","d":5581},"geometry":{"type":"LineString","coordinates":[[18.70251,49.93834],[18.647713,49.974115]]}},{"type":"Feature","properties":{"t":"gps","sid":"s1149"},"geometry":{"type":"Point","coordinates":[18.70251,49.93834]}},{"type":"Feature","properties":{"t":"sch","sid":"s1149","name":"Golasowice Kolonia","imp":0.094,"d":5581},"geometry":{"type":"Point","coordinates":[18.647713,49.974115]}},{"type":"Feature","properties":{"t":"vec","sid":"s1150","d":5658},"geometry":{"type":"LineString","coordinates":[[18.69711,49.93405],[18.644968,49.972353]]}},{"type":"Feature","properties":{"t":"gps","sid":"s1150"},"geometry":{"type":"Point","coordinates":[18.69711,49.93405]}},{"type":"Feature","properties":{"t":"sch","sid":"s1150","name":"Golasowice SKR","imp":0.096,"d":5658},"geometry":{"type":"Point","coordinates":[18.644968,49.972353]}},{"type":"Feature","properties":{"t":"vec","sid":"s1151","d":6192},"geometry":{"type":"LineString","coordinates":[[18.69314,49.92376],[18.642224,49.968827]]}},{"type":"Feature","properties":{"t":"gps","sid":"s1151"},"geometry":{"type":"Point","coordinates":[18.69314,49.92376]}},{"type":"Feature","properties":{"t":"sch","sid":"s1151","name":"Golasowice Skrzyżowanie","imp":0.065,"d":6192},"geometry":{"type":"Point","coordinates":[18.642224,49.968827]}},{"type":"Feature","properties":{"t":"vec","sid":"s1152","d":6404},"geometry":{"type":"LineString","coordinates":[[18.68613,49.91755],[18.638108,49.966183]]}},{"type":"Feature","properties":{"t":"gps","sid":"s1152"},"geometry":{"type":"Point","coordinates":[18.68613,49.91755]}},{"type":"Feature","properties":{"t":"sch","sid":"s1152","name":"Golasowice Remiza","imp":0.048,"d":6404},"geometry":{"type":"Point","coordinates":[18.638108,49.966183]}},{"type":"Feature","properties":{"t":"vec","sid":"s1153","d":6618},"geometry":{"type":"LineString","coordinates":[[18.68163,49.91249],[18.633992,49.963539]]}},{"type":"Feature","properties":{"t":"gps","sid":"s1153"},"geometry":{"type":"Point","coordinates":[18.68163,49.91249]}},{"type":"Feature","properties":{"t":"sch","sid":"s1153","name":"Golasowice Pętla","imp":0.166,"d":6618},"geometry":{"type":"Point","coordinates":[18.633992,49.963539]}},{"type":"Feature","properties":{"t":"vec","sid":"s1154","d":6634},"geometry":{"type":"LineString","coordinates":[[18.66734,49.90792],[18.629473,49.9624]]}},{"type":"Feature","properties":{"t":"gps","sid":"s1154"},"geometry":{"type":"Point","coordinates":[18.66734,49.90792]}},{"type":"Feature","properties":{"t":"sch","sid":"s1154","name":"Pielgrzymowice Caritas","imp":0.048,"d":6634},"geometry":{"type":"Point","coordinates":[18.629473,49.9624]}},{"type":"Feature","properties":{"t":"vec","sid":"s1155","d":6559},"geometry":{"type":"LineString","coordinates":[[18.66177,49.90575],[18.625759,49.960014]]}},{"type":"Feature","properties":{"t":"gps","sid":"s1155"},"geometry":{"type":"Point","coordinates":[18.66177,49.90575]}},{"type":"Feature","properties":{"t":"sch","sid":"s1155","name":"Pielgrzymowice Sklep","imp":0.065,"d":6559},"geometry":{"type":"Point","coordinates":[18.625759,49.960014]}},{"type":"Feature","properties":{"t":"vec","sid":"s1156","d":5847},"geometry":{"type":"LineString","coordinates":[[18.65438,49.90932],[18.622045,49.957628]]}},{"type":"Feature","properties":{"t":"gps","sid":"s1156"},"geometry":{"type":"Point","coordinates":[18.65438,49.90932]}},{"type":"Feature","properties":{"t":"sch","sid":"s1156","name":"Pielgrzymowice Szkoła","imp":0.048,"d":5847},"geometry":{"type":"Point","coordinates":[18.622045,49.957628]}},{"type":"Feature","properties":{"t":"vec","sid":"s1157","d":6216},"geometry":{"type":"LineString","coordinates":[[18.64557,49.90215],[18.61833,49.955242]]}},{"type":"Feature","properties":{"t":"gps","sid":"s1157"},"geometry":{"type":"Point","coordinates":[18.64557,49.90215]}},{"type":"Feature","properties":{"t":"sch","sid":"s1157","name":"Pielgrzymowice Sikorskiego","imp":0.048,"d":6216},"geometry":{"type":"Point","coordinates":[18.61833,49.955242]}},{"type":"Feature","properties":{"t":"vec","sid":"s1158","d":6434},"geometry":{"type":"LineString","coordinates":[[18.64009,49.89748],[18.614547,49.952963]]}},{"type":"Feature","properties":{"t":"gps","sid":"s1158"},"geometry":{"type":"Point","coordinates":[18.64009,49.89748]}},{"type":"Feature","properties":{"t":"sch","sid":"s1158","name":"Pielgrzymowice Mała Strona","imp":0.048,"d":6434},"geometry":{"type":"Point","coordinates":[18.614547,49.952963]}},{"type":"Feature","properties":{"t":"vec","sid":"s1159","d":7558},"geometry":{"type":"LineString","coordinates":[[18.68577,49.90154],[18.636736,49.961777]]}},{"type":"Feature","properties":{"t":"gps","sid":"s1159"},"geometry":{"type":"Point","coordinates":[18.68577,49.90154]}},{"type":"Feature","properties":{"t":"sch","sid":"s1159","name":"Golasowice Cieszyńska","imp":0.062,"d":7558},"geometry":{"type":"Point","coordinates":[18.636736,49.961777]}},{"type":"Feature","properties":{"t":"vec","sid":"s1160","d":7826},"geometry":{"type":"LineString","coordinates":[[18.69661,49.89996],[18.63948,49.960014]]}},{"type":"Feature","properties":{"t":"gps","sid":"s1160"},"geometry":{"type":"Point","coordinates":[18.69661,49.89996]}},{"type":"Feature","properties":{"t":"sch","sid":"s1160","name":"Jarząbkowice Las","imp":0.096,"d":7826},"geometry":{"type":"Point","coordinates":[18.63948,49.960014]}},{"type":"Feature","properties":{"t":"vec","sid":"s1161","d":8154},"geometry":{"type":"LineString","coordinates":[[18.70991,49.90272],[18.642224,49.961777]]}},{"type":"Feature","properties":{"t":"gps","sid":"s1161"},"geometry":{"type":"Point","coordinates":[18.70991,49.90272]}},{"type":"Feature","properties":{"t":"sch","sid":"s1161","name":"Jarząbkowice I Sklep","imp":0.062,"d":8154},"geometry":{"type":"Point","coordinates":[18.642224,49.961777]}},{"type":"Feature","properties":{"t":"vec","sid":"s1162","d":7530},"geometry":{"type":"LineString","coordinates":[[18.70859,49.90954],[18.644968,49.963539]]}},{"type":"Feature","properties":{"t":"gps","sid":"s1162"},"geometry":{"type":"Point","coordinates":[18.70859,49.90954]}},{"type":"Feature","properties":{"t":"sch","sid":"s1162","name":"Jarząbkowice II Świetlica","imp":0.128,"d":7530},"geometry":{"type":"Point","coordinates":[18.644968,49.963539]}},{"type":"Feature","properties":{"t":"vec","sid":"s1163","d":6690},"geometry":{"type":"LineString","coordinates":[[18.70617,49.91888],[18.644968,49.964421]]}},{"type":"Feature","properties":{"t":"gps","sid":"s1163"},"geometry":{"type":"Point","coordinates":[18.70617,49.91888]}},{"type":"Feature","properties":{"t":"sch","sid":"s1163","name":"Jarząbkowice Tuwima","imp":0.062,"d":6690},"geometry":{"type":"Point","coordinates":[18.644968,49.964421]}},{"type":"Feature","properties":{"t":"vec","sid":"s1164","d":6482},"geometry":{"type":"LineString","coordinates":[[18.70627,49.92232],[18.644968,49.965302]]}},{"type":"Feature","properties":{"t":"gps","sid":"s1164"},"geometry":{"type":"Point","coordinates":[18.70627,49.92232]}},{"type":"Feature","properties":{"t":"sch","sid":"s1164","name":"Golasowice Rańdówka","imp":0.094,"d":6482},"geometry":{"type":"Point","coordinates":[18.644968,49.965302]}},{"type":"Feature","properties":{"t":"vec","sid":"s1165","d":6335},"geometry":{"type":"LineString","coordinates":[[18.69988,49.92377],[18.642224,49.967065]]}},{"type":"Feature","properties":{"t":"gps","sid":"s1165"},"geometry":{"type":"Point","coordinates":[18.69988,49.92377]}},{"type":"Feature","properties":{"t":"sch","sid":"s1165","name":"Golasowice Konopnickiej Skrzyżowanie","imp":0.094,"d":6335},"geometry":{"type":"Point","coordinates":[18.642224,49.967065]}},{"type":"Feature","properties":{"t":"vec","sid":"s1166","d":6031},"geometry":{"type":"LineString","coordinates":[[18.70082,49.92842],[18.647713,49.97059]]}},{"type":"Feature","properties":{"t":"gps","sid":"s1166"},"geometry":{"type":"Point","coordinates":[18.70082,49.92842]}},{"type":"Feature","properties":{"t":"sch","sid":"s1166","name":"Golasowice Boisko","imp":0.079,"d":6031},"geometry":{"type":"Point","coordinates":[18.647713,49.97059]}},{"type":"Feature","properties":{"t":"vec","sid":"s1167","d":5953},"geometry":{"type":"LineString","coordinates":[[18.69766,49.9344],[18.644968,49.975878]]}},{"type":"Feature","properties":{"t":"gps","sid":"s1167"},"geometry":{"type":"Point","coordinates":[18.69766,49.9344]}},{"type":"Feature","properties":{"t":"sch","sid":"s1167","name":"Golasowice SKR","imp":0.111,"d":5953},"geometry":{"type":"Point","coordinates":[18.644968,49.975878]}},{"type":"Feature","properties":{"t":"vec","sid":"s1168","d":5888},"geometry":{"type":"LineString","coordinates":[[18.70302,49.93853],[18.649653,49.978887]]}},{"type":"Feature","properties":{"t":"gps","sid":"s1168"},"geometry":{"type":"Point","coordinates":[18.70302,49.93853]}},{"type":"Feature","properties":{"t":"sch","sid":"s1168","name":"Golasowice Kolonia","imp":0.077,"d":5888},"geometry":{"type":"Point","coordinates":[18.649653,49.978887]}},{"type":"Feature","properties":{"t":"vec","sid":"s1169","d":5310},"geometry":{"type":"LineString","coordinates":[[18.71637,49.95104],[18.65869,49.981166]]}},{"type":"Feature","properties":{"t":"gps","sid":"s1169"},"geometry":{"type":"Point","coordinates":[18.71637,49.95104]}},{"type":"Feature","properties":{"t":"sch","sid":"s1169","name":"Pawłowice PKP","imp":0.125,"d":5310},"geometry":{"type":"Point","coordinates":[18.65869,49.981166]}},{"type":"Feature","properties":{"t":"vec","sid":"s1173","d":6256},"geometry":{"type":"LineString","coordinates":[[18.68653,49.91785],[18.63948,49.965302]]}},{"type":"Feature","properties":{"t":"gps","sid":"s1173"},"geometry":{"type":"Point","coordinates":[18.68653,49.91785]}},{"type":"Feature","properties":{"t":"sch","sid":"s1173","name":"Golasowice Remiza","imp":0.079,"d":6256},"geometry":{"type":"Point","coordinates":[18.63948,49.965302]}},{"type":"Feature","properties":{"t":"vec","sid":"s1175","d":5569},"geometry":{"type":"LineString","coordinates":[[18.69827,49.93423],[18.647713,49.972353]]}},{"type":"Feature","properties":{"t":"gps","sid":"s1175"},"geometry":{"type":"Point","coordinates":[18.69827,49.93423]}},{"type":"Feature","properties":{"t":"sch","sid":"s1175","name":"Golasowice Reymonta","imp":0.048,"d":5569},"geometry":{"type":"Point","coordinates":[18.647713,49.972353]}},{"type":"Feature","properties":{"t":"vec","sid":"s1176","d":6721},"geometry":{"type":"LineString","coordinates":[[18.70617,49.91851],[18.644968,49.964421]]}},{"type":"Feature","properties":{"t":"gps","sid":"s1176"},"geometry":{"type":"Point","coordinates":[18.70617,49.91851]}},{"type":"Feature","properties":{"t":"sch","sid":"s1176","name":"Jarząbkowice Tuwima","imp":0.062,"d":6721},"geometry":{"type":"Point","coordinates":[18.644968,49.964421]}},{"type":"Feature","properties":{"t":"vec","sid":"s1177","d":8144},"geometry":{"type":"LineString","coordinates":[[18.70921,49.90251],[18.642224,49.961777]]}},{"type":"Feature","properties":{"t":"gps","sid":"s1177"},"geometry":{"type":"Point","coordinates":[18.70921,49.90251]}},{"type":"Feature","properties":{"t":"sch","sid":"s1177","name":"Jarząbkowice I Sklep","imp":0.048,"d":8144},"geometry":{"type":"Point","coordinates":[18.642224,49.961777]}},{"type":"Feature","properties":{"t":"vec","sid":"s1178","d":7452},"geometry":{"type":"LineString","coordinates":[[18.68581,49.90185],[18.633992,49.960014]]}},{"type":"Feature","properties":{"t":"gps","sid":"s1178"},"geometry":{"type":"Point","coordinates":[18.68581,49.90185]}},{"type":"Feature","properties":{"t":"sch","sid":"s1178","name":"Golasowice Cieszyńska","imp":0.079,"d":7452},"geometry":{"type":"Point","coordinates":[18.633992,49.960014]}},{"type":"Feature","properties":{"t":"vec","sid":"s1183","d":4578},"geometry":{"type":"LineString","coordinates":[[18.70381,49.96188],[18.650457,49.984691]]}},{"type":"Feature","properties":{"t":"gps","sid":"s1183"},"geometry":{"type":"Point","coordinates":[18.70381,49.96188]}},{"type":"Feature","properties":{"t":"sch","sid":"s1183","name":"Pawłowice Osiedle Liceum","imp":0.153,"d":4578},"geometry":{"type":"Point","coordinates":[18.650457,49.984691]}},{"type":"Feature","properties":{"t":"vec","sid":"s1185","d":4797},"geometry":{"type":"LineString","coordinates":[[18.72408,49.96873],[18.667892,49.992365]]}},{"type":"Feature","properties":{"t":"gps","sid":"s1185"},"geometry":{"type":"Point","coordinates":[18.72408,49.96873]}},{"type":"Feature","properties":{"t":"sch","sid":"s1185","name":"Pawłowice Wyzwolenia I","imp":0.062,"d":4797},"geometry":{"type":"Point","coordinates":[18.667892,49.992365]}},{"type":"Feature","properties":{"t":"vec","sid":"s1186","d":5259},"geometry":{"type":"LineString","coordinates":[[18.73061,49.96873],[18.669666,49.995267]]}},{"type":"Feature","properties":{"t":"gps","sid":"s1186"},"geometry":{"type":"Point","coordinates":[18.73061,49.96873]}},{"type":"Feature","properties":{"t":"sch","sid":"s1186","name":"Pawłowice Wiadukt","imp":0.079,"d":5259},"geometry":{"type":"Point","coordinates":[18.669666,49.995267]}},{"type":"Feature","properties":{"t":"vec","sid":"s1187","d":5479},"geometry":{"type":"LineString","coordinates":[[18.73843,49.97194],[18.672411,49.99703]]}},{"type":"Feature","properties":{"t":"gps","sid":"s1187"},"geometry":{"type":"Point","coordinates":[18.73843,49.97194]}},{"type":"Feature","properties":{"t":"sch","sid":"s1187","name":"Pawłowice Wyzwolenia Baza","imp":0.062,"d":5479},"geometry":{"type":"Point","coordinates":[18.672411,49.99703]}},{"type":"Feature","properties":{"t":"vec","sid":"s1188","d":5665},"geometry":{"type":"LineString","coordinates":[[18.74598,49.97586],[18.675155,49.998793]]}},{"type":"Feature","properties":{"t":"gps","sid":"s1188"},"geometry":{"type":"Point","coordinates":[18.74598,49.97586]}},{"type":"Feature","properties":{"t":"sch","sid":"s1188","name":"Pawłowice Koźle","imp":0.079,"d":5665},"geometry":{"type":"Point","coordinates":[18.675155,49.998793]}},{"type":"Feature","properties":{"t":"vec","sid":"s1189","d":6076},"geometry":{"type":"LineString","coordinates":[[18.75916,49.98274],[18.679193,50.001386]]}},{"type":"Feature","properties":{"t":"gps","sid":"s1189"},"geometry":{"type":"Point","coordinates":[18.75916,49.98274]}},{"type":"Feature","properties":{"t":"sch","sid":"s1189","name":"Warszowice Kolonia Borki II","imp":0.062,"d":6076},"geometry":{"type":"Point","coordinates":[18.679193,50.001386]}},{"type":"Feature","properties":{"t":"vec","sid":"s1190","d":5723},"geometry":{"type":"LineString","coordinates":[[18.75942,49.98803],[18.68323,50.00398]]}},{"type":"Feature","properties":{"t":"gps","sid":"s1190"},"geometry":{"type":"Point","coordinates":[18.75942,49.98803]}},{"type":"Feature","properties":{"t":"sch","sid":"s1190","name":"Mizerów Kolonia Borki","imp":0.062,"d":5723},"geometry":{"type":"Point","coordinates":[18.68323,50.00398]}},{"type":"Feature","properties":{"t":"vec","sid":"s1191","d":5245},"geometry":{"type":"LineString","coordinates":[[18.75144,49.99569],[18.681045,50.009111]]}},{"type":"Feature","properties":{"t":"gps","sid":"s1191"},"geometry":{"type":"Point","coordinates":[18.75144,49.99569]}},{"type":"Feature","properties":{"t":"sch","sid":"s1191","name":"Warszowice Pszczyńska","imp":0.062,"d":5245},"geometry":{"type":"Point","coordinates":[18.681045,50.009111]}},{"type":"Feature","properties":{"t":"vec","sid":"s1192","d":4628},"geometry":{"type":"LineString","coordinates":[[18.73941,49.99628],[18.677899,50.009369]]}},{"type":"Feature","properties":{"t":"gps","sid":"s1192"},"geometry":{"type":"Point","coordinates":[18.73941,49.99628]}},{"type":"Feature","properties":{"t":"sch","sid":"s1192","name":"Warszowice Zoll","imp":0.079,"d":4628},"geometry":{"type":"Point","coordinates":[18.677899,50.009369]}},{"type":"Feature","properties":{"t":"vec","sid":"s1193","d":4271},"geometry":{"type":"LineString","coordinates":[[18.72914,49.9937],[18.672411,50.005843]]}},{"type":"Feature","properties":{"t":"gps","sid":"s1193"},"geometry":{"type":"Point","coordinates":[18.72914,49.9937]}},{"type":"Feature","properties":{"t":"sch","sid":"s1193","name":"Warszowice Tartak","imp":0.079,"d":4271},"geometry":{"type":"Point","coordinates":[18.672411,50.005843]}},{"type":"Feature","properties":{"t":"vec","sid":"s1194","d":3586},"geometry":{"type":"LineString","coordinates":[[18.71258,49.99242],[18.666922,50.005843]]}},{"type":"Feature","properties":{"t":"gps","sid":"s1194"},"geometry":{"type":"Point","coordinates":[18.71258,49.99242]}},{"type":"Feature","properties":{"t":"sch","sid":"s1194","name":"Warszowice Wiadukt","imp":0.084,"d":3586},"geometry":{"type":"Point","coordinates":[18.666922,50.005843]}},{"type":"Feature","properties":{"t":"vec","sid":"s1196","d":4189},"geometry":{"type":"LineString","coordinates":[[18.72973,49.99381],[18.675155,50.007606]]}},{"type":"Feature","properties":{"t":"gps","sid":"s1196"},"geometry":{"type":"Point","coordinates":[18.72973,49.99381]}},{"type":"Feature","properties":{"t":"sch","sid":"s1196","name":"Warszowice Tartak","imp":0.048,"d":4189},"geometry":{"type":"Point","coordinates":[18.675155,50.007606]}},{"type":"Feature","properties":{"t":"vec","sid":"s1197","d":5457},"geometry":{"type":"LineString","coordinates":[[18.738,49.97186],[18.672411,49.99703]]}},{"type":"Feature","properties":{"t":"gps","sid":"s1197"},"geometry":{"type":"Point","coordinates":[18.738,49.97186]}},{"type":"Feature","properties":{"t":"sch","sid":"s1197","name":"Pawłowice Wyzwolenia Baza","imp":0.048,"d":5457},"geometry":{"type":"Point","coordinates":[18.672411,49.99703]}},{"type":"Feature","properties":{"t":"vec","sid":"s1198","d":3554},"geometry":{"type":"LineString","coordinates":[[18.71044,49.9923],[18.664178,50.004081]]}},{"type":"Feature","properties":{"t":"gps","sid":"s1198"},"geometry":{"type":"Point","coordinates":[18.71044,49.9923]}},{"type":"Feature","properties":{"t":"sch","sid":"s1198","name":"Warszowice Kościół Ewangelicki","imp":0.082,"d":3554},"geometry":{"type":"Point","coordinates":[18.664178,50.004081]}},{"type":"Feature","properties":{"t":"vec","sid":"s1199","d":2865},"geometry":{"type":"LineString","coordinates":[[18.69727,49.99074],[18.661434,50.002318]]}},{"type":"Feature","properties":{"t":"gps","sid":"s1199"},"geometry":{"type":"Point","coordinates":[18.69727,49.99074]}},{"type":"Feature","properties":{"t":"sch","sid":"s1199","name":"Krzyżowice PGR","imp":0.048,"d":2865},"geometry":{"type":"Point","coordinates":[18.661434,50.002318]}},{"type":"Feature","properties":{"t":"vec","sid":"s1200","d":2774},"geometry":{"type":"LineString","coordinates":[[18.69165,49.98736],[18.65869,50.000555]]}},{"type":"Feature","properties":{"t":"gps","sid":"s1200"},"geometry":{"type":"Point","coordinates":[18.69165,49.98736]}},{"type":"Feature","properties":{"t":"sch","sid":"s1200","name":"Krzyżowice Stawy","imp":0.048,"d":2774},"geometry":{"type":"Point","coordinates":[18.65869,50.000555]}},{"type":"Feature","properties":{"t":"vec","sid":"s1201","d":2582},"geometry":{"type":"LineString","coordinates":[[18.68303,49.98341],[18.655945,49.998793]]}},{"type":"Feature","properties":{"t":"gps","sid":"s1201"},"geometry":{"type":"Point","coordinates":[18.68303,49.98341]}},{"type":"Feature","properties":{"t":"sch","sid":"s1201","name":"Krzyżowice PKS","imp":0.048,"d":2582},"geometry":{"type":"Point","coordinates":[18.655945,49.998793]}},{"type":"Feature","properties":{"t":"vec","sid":"s1202","d":2356},"geometry":{"type":"LineString","coordinates":[[18.67732,49.98257],[18.653201,49.99703]]}},{"type":"Feature","properties":{"t":"gps","sid":"s1202"},"geometry":{"type":"Point","coordinates":[18.67732,49.98257]}},{"type":"Feature","properties":{"t":"sch","sid":"s1202","name":"Krzyżowice Sklep","imp":0.065,"d":2356},"geometry":{"type":"Point","coordinates":[18.653201,49.99703]}},{"type":"Feature","properties":{"t":"vec","sid":"s1203","d":2281},"geometry":{"type":"LineString","coordinates":[[18.67425,49.98511],[18.650457,49.998793]]}},{"type":"Feature","properties":{"t":"gps","sid":"s1203"},"geometry":{"type":"Point","coordinates":[18.67425,49.98511]}},{"type":"Feature","properties":{"t":"sch","sid":"s1203","name":"Krzyżowice Bajka-Śląska","imp":0.065,"d":2281},"geometry":{"type":"Point","coordinates":[18.650457,49.998793]}},{"type":"Feature","properties":{"t":"vec","sid":"s1204","d":2494},"geometry":{"type":"LineString","coordinates":[[18.67506,49.98356],[18.647144,49.99703]]}},{"type":"Feature","properties":{"t":"gps","sid":"s1204"},"geometry":{"type":"Point","coordinates":[18.67506,49.98356]}},{"type":"Feature","properties":{"t":"sch","sid":"s1204","name":"Krzyżowice Zwycięstwa","imp":0.048,"d":2494},"geometry":{"type":"Point","coordinates":[18.647144,49.99703]}},{"type":"Feature","properties":{"t":"vec","sid":"s1205","d":4257},"geometry":{"type":"LineString","coordinates":[[18.69875,49.96353],[18.649085,49.984691]]}},{"type":"Feature","properties":{"t":"gps","sid":"s1205"},"geometry":{"type":"Point","coordinates":[18.69875,49.96353]}},{"type":"Feature","properties":{"t":"sch","sid":"s1205","name":"Pawłowice Osiedle Sklep","imp":0.048,"d":4257},"geometry":{"type":"Point","coordinates":[18.649085,49.984691]}},{"type":"Feature","properties":{"t":"vec","sid":"s1206","d":1772},"geometry":{"type":"LineString","coordinates":[[18.67731,50.00315],[18.652785,50.005576]]}},{"type":"Feature","properties":{"t":"gps","sid":"s1206"},"geometry":{"type":"Point","coordinates":[18.67731,50.00315]}},{"type":"Feature","properties":{"t":"sch","sid":"s1206","name":"Krzyżowice ks.F.Kuboszka","imp":0.048,"d":1772},"geometry":{"type":"Point","coordinates":[18.652785,50.005576]}},{"type":"Feature","properties":{"t":"vec","sid":"s1207","d":1147},"geometry":{"type":"LineString","coordinates":[[18.6653,50.00278],[18.649265,50.003315]]}},{"type":"Feature","properties":{"t":"gps","sid":"s1207"},"geometry":{"type":"Point","coordinates":[18.6653,50.00278]}},{"type":"Feature","properties":{"t":"sch","sid":"s1207","name":"Krzyżowice Partyzantów","imp":0.048,"d":1147},"geometry":{"type":"Point","coordinates":[18.649265,50.003315]}},{"type":"Feature","properties":{"t":"vec","sid":"s1208","d":1613},"geometry":{"type":"LineString","coordinates":[[18.66316,49.99182],[18.645745,50.001054]]}},{"type":"Feature","properties":{"t":"gps","sid":"s1208"},"geometry":{"type":"Point","coordinates":[18.66316,49.99182]}},{"type":"Feature","properties":{"t":"sch","sid":"s1208","name":"Krzyżowice Partyzantów-Bema","imp":0.048,"d":1613},"geometry":{"type":"Point","coordinates":[18.645745,50.001054]}},{"type":"Feature","properties":{"t":"vec","sid":"s1209","d":2446},"geometry":{"type":"LineString","coordinates":[[18.66061,49.9646],[18.643139,49.983516]]}},{"type":"Feature","properties":{"t":"gps","sid":"s1209"},"geometry":{"type":"Point","coordinates":[18.66061,49.9646]}},{"type":"Feature","properties":{"t":"sch","sid":"s1209","name":"Pniówek Dąbkowa","imp":0.048,"d":2446},"geometry":{"type":"Point","coordinates":[18.643139,49.983516]}},{"type":"Feature","properties":{"t":"vec","sid":"s1210","d":2543},"geometry":{"type":"LineString","coordinates":[[18.66587,49.96603],[18.644054,49.984104]]}},{"type":"Feature","properties":{"t":"gps","sid":"s1210"},"geometry":{"type":"Point","coordinates":[18.66587,49.96603]}},{"type":"Feature","properties":{"t":"sch","sid":"s1210","name":"Pniówek Krucza","imp":0.048,"d":2543},"geometry":{"type":"Point","coordinates":[18.644054,49.984104]}},{"type":"Feature","properties":{"t":"vec","sid":"s1211","d":7646},"geometry":{"type":"LineString","coordinates":[[18.73396,49.92931],[18.655945,49.976394]]}},{"type":"Feature","properties":{"t":"gps","sid":"s1211"},"geometry":{"type":"Point","coordinates":[18.73396,49.92931]}},{"type":"Feature","properties":{"t":"sch","sid":"s1211","name":"Pawłowice Dębina","imp":0.048,"d":7646},"geometry":{"type":"Point","coordinates":[18.655945,49.976394]}},{"type":"Feature","properties":{"t":"vec","sid":"s1212","d":7411},"geometry":{"type":"LineString","coordinates":[[18.73375,49.9281],[18.65869,49.974115]]}},{"type":"Feature","properties":{"t":"gps","sid":"s1212"},"geometry":{"type":"Point","coordinates":[18.73375,49.9281]}},{"type":"Feature","properties":{"t":"sch","sid":"s1212","name":"Pawłowice Leśna","imp":0.065,"d":7411},"geometry":{"type":"Point","coordinates":[18.65869,49.974115]}},{"type":"Feature","properties":{"t":"vec","sid":"s1213","d":7466},"geometry":{"type":"LineString","coordinates":[[18.7265,49.92213],[18.65869,49.973234]]}},{"type":"Feature","properties":{"t":"gps","sid":"s1213"},"geometry":{"type":"Point","coordinates":[18.7265,49.92213]}},{"type":"Feature","properties":{"t":"sch","sid":"s1213","name":"Zbytków Centrum","imp":0.048,"d":7466},"geometry":{"type":"Point","coordinates":[18.65869,49.973234]}},{"type":"Feature","properties":{"t":"vec","sid":"s1214","d":8273},"geometry":{"type":"LineString","coordinates":[[18.73697,49.91751],[18.65869,49.972353]]}},{"type":"Feature","properties":{"t":"gps","sid":"s1214"},"geometry":{"type":"Point","coordinates":[18.73697,49.91751]}},{"type":"Feature","properties":{"t":"sch","sid":"s1214","name":"Zbytków","imp":0.065,"d":8273},"geometry":{"type":"Point","coordinates":[18.65869,49.972353]}},{"type":"Feature","properties":{"t":"vec","sid":"s1215","d":9002},"geometry":{"type":"LineString","coordinates":[[18.75271,49.91473],[18.664178,49.972353]]}},{"type":"Feature","properties":{"t":"gps","sid":"s1215"},"geometry":{"type":"Point","coordinates":[18.75271,49.91473]}},{"type":"Feature","properties":{"t":"sch","sid":"s1215","name":"Strumień Dworzec Kolejowy","imp":0.048,"d":9002},"geometry":{"type":"Point","coordinates":[18.664178,49.972353]}},{"type":"Feature","properties":{"t":"vec","sid":"s1216","d":9112},"geometry":{"type":"LineString","coordinates":[[18.76387,49.91709],[18.669666,49.972353]]}},{"type":"Feature","properties":{"t":"gps","sid":"s1216"},"geometry":{"type":"Point","coordinates":[18.76387,49.91709]}},{"type":"Feature","properties":{"t":"sch","sid":"s1216","name":"Strumień RYNEK","imp":0.07,"d":9112},"geometry":{"type":"Point","coordinates":[18.669666,49.972353]}},{"type":"Feature","properties":{"t":"vec","sid":"s1217","d":8887},"geometry":{"type":"LineString","coordinates":[[18.75218,49.9147],[18.666007,49.972353]]}},{"type":"Feature","properties":{"t":"gps","sid":"s1217"},"geometry":{"type":"Point","coordinates":[18.75218,49.9147]}},{"type":"Feature","properties":{"t":"sch","sid":"s1217","name":"Strumień Dworzec Kolejowy","imp":0.048,"d":8887},"geometry":{"type":"Point","coordinates":[18.666007,49.972353]}},{"type":"Feature","properties":{"t":"vec","sid":"s1218","d":8092},"geometry":{"type":"LineString","coordinates":[[18.73721,49.91773],[18.662348,49.972353]]}},{"type":"Feature","properties":{"t":"gps","sid":"s1218"},"geometry":{"type":"Point","coordinates":[18.73721,49.91773]}},{"type":"Feature","properties":{"t":"sch","sid":"s1218","name":"Zbytków","imp":0.048,"d":8092},"geometry":{"type":"Point","coordinates":[18.662348,49.972353]}},{"type":"Feature","properties":{"t":"vec","sid":"s1219","d":7481},"geometry":{"type":"LineString","coordinates":[[18.73402,49.93089],[18.65869,49.977641]]}},{"type":"Feature","properties":{"t":"gps","sid":"s1219"},"geometry":{"type":"Point","coordinates":[18.73402,49.93089]}},{"type":"Feature","properties":{"t":"sch","sid":"s1219","name":"Pawłowice Dębina","imp":0.048,"d":7481},"geometry":{"type":"Point","coordinates":[18.65869,49.977641]}},{"type":"Feature","properties":{"t":"vec","sid":"s1220","d":5388},"geometry":{"type":"LineString","coordinates":[[18.70962,49.949],[18.653201,49.981166]]}},{"type":"Feature","properties":{"t":"gps","sid":"s1220"},"geometry":{"type":"Point","coordinates":[18.70962,49.949]}},{"type":"Feature","properties":{"t":"sch","sid":"s1220","name":"Pawłowice Stawowa","imp":0.065,"d":5388},"geometry":{"type":"Point","coordinates":[18.653201,49.981166]}},{"type":"Feature","properties":{"t":"vec","sid":"s1221","d":5262},"geometry":{"type":"LineString","coordinates":[[18.70742,49.94737],[18.653201,49.979403]]}},{"type":"Feature","properties":{"t":"gps","sid":"s1221"},"geometry":{"type":"Point","coordinates":[18.70742,49.94737]}},{"type":"Feature","properties":{"t":"sch","sid":"s1221","name":"Pawłowice Klonowa","imp":0.065,"d":5262},"geometry":{"type":"Point","coordinates":[18.653201,49.979403]}},{"type":"Feature","properties":{"t":"vec","sid":"s1222","d":5450},"geometry":{"type":"LineString","coordinates":[[18.69065,49.93595],[18.638676,49.971836]]}},{"type":"Feature","properties":{"t":"gps","sid":"s1222"},"geometry":{"type":"Point","coordinates":[18.69065,49.93595]}},{"type":"Feature","properties":{"t":"sch","sid":"s1222","name":"Golasowice Prusa","imp":0.048,"d":5450},"geometry":{"type":"Point","coordinates":[18.638676,49.971836]}},{"type":"Feature","properties":{"t":"vec","sid":"s1223","d":5636},"geometry":{"type":"LineString","coordinates":[[18.68037,49.92782],[18.633992,49.968827]]}},{"type":"Feature","properties":{"t":"gps","sid":"s1223"},"geometry":{"type":"Point","coordinates":[18.68037,49.92782]}},{"type":"Feature","properties":{"t":"sch","sid":"s1223","name":"Golasowice Kochanowskiego","imp":0.065,"d":5636},"geometry":{"type":"Point","coordinates":[18.633992,49.968827]}},{"type":"Feature","properties":{"t":"vec","sid":"s1224","d":5508},"geometry":{"type":"LineString","coordinates":[[18.67558,49.92535],[18.633992,49.967065]]}},{"type":"Feature","properties":{"t":"gps","sid":"s1224"},"geometry":{"type":"Point","coordinates":[18.67558,49.92535]}},{"type":"Feature","properties":{"t":"sch","sid":"s1224","name":"Golasowice Słowackiego I","imp":0.048,"d":5508},"geometry":{"type":"Point","coordinates":[18.633992,49.967065]}},{"type":"Feature","properties":{"t":"vec","sid":"s1225","d":6211},"geometry":{"type":"LineString","coordinates":[[18.67551,49.91622],[18.633992,49.965302]]}},{"type":"Feature","properties":{"t":"gps","sid":"s1225"},"geometry":{"type":"Point","coordinates":[18.67551,49.91622]}},{"type":"Feature","properties":{"t":"sch","sid":"s1225","name":"Golasowice Słowackiego II","imp":0.048,"d":6211},"geometry":{"type":"Point","coordinates":[18.633992,49.965302]}},{"type":"Feature","properties":{"t":"vec","sid":"s1226","d":5491},"geometry":{"type":"LineString","coordinates":[[18.69117,49.9358],[18.63948,49.972353]]}},{"type":"Feature","properties":{"t":"gps","sid":"s1226"},"geometry":{"type":"Point","coordinates":[18.69117,49.9358]}},{"type":"Feature","properties":{"t":"sch","sid":"s1226","name":"Golasowice Prusa","imp":0.048,"d":5491},"geometry":{"type":"Point","coordinates":[18.63948,49.972353]}},{"type":"Feature","properties":{"t":"vec","sid":"s1227","d":8191},"geometry":{"type":"LineString","coordinates":[[18.70986,49.89979],[18.644968,49.96053]]}},{"type":"Feature","properties":{"t":"gps","sid":"s1227"},"geometry":{"type":"Point","coordinates":[18.70986,49.89979]}},{"type":"Feature","properties":{"t":"sch","sid":"s1227","name":"Jarząbkowice Piaskowa","imp":0.048,"d":8191},"geometry":{"type":"Point","coordinates":[18.644968,49.96053]}},{"type":"Feature","properties":{"t":"vec","sid":"s1228","d":8787},"geometry":{"type":"LineString","coordinates":[[18.7209,49.89473],[18.647713,49.958251]]}},{"type":"Feature","properties":{"t":"gps","sid":"s1228"},"geometry":{"type":"Point","coordinates":[18.7209,49.89473]}},{"type":"Feature","properties":{"t":"sch","sid":"s1228","name":"Bąków Szkoła","imp":0.065,"d":8787},"geometry":{"type":"Point","coordinates":[18.647713,49.958251]}},{"type":"Feature","properties":{"t":"vec","sid":"s1229","d":8893},"geometry":{"type":"LineString","coordinates":[[18.73619,49.90239],[18.655945,49.963539]]}},{"type":"Feature","properties":{"t":"gps","sid":"s1229"},"geometry":{"type":"Point","coordinates":[18.73619,49.90239]}},{"type":"Feature","properties":{"t":"sch","sid":"s1229","name":"Bąków Skrzyżowanie","imp":0.052,"d":8893},"geometry":{"type":"Point","coordinates":[18.655945,49.963539]}},{"type":"Feature","properties":{"t":"vec","sid":"s1230","d":8853},"geometry":{"type":"LineString","coordinates":[[18.70016,49.8899],[18.641421,49.960014]]}},{"type":"Feature","properties":{"t":"gps","sid":"s1230"},"geometry":{"type":"Point","coordinates":[18.70016,49.8899]}},{"type":"Feature","properties":{"t":"sch","sid":"s1230","name":"Bąków Golasowicka","imp":0.048,"d":8853},"geometry":{"type":"Point","coordinates":[18.641421,49.960014]}},{"type":"Feature","properties":{"t":"vec","sid":"s1232","d":5835},"geometry":{"type":"LineString","coordinates":[[18.73483,49.96081],[18.666922,49.989979]]}},{"type":"Feature","properties":{"t":"gps","sid":"s1232"},"geometry":{"type":"Point","coordinates":[18.73483,49.96081]}},{"type":"Feature","properties":{"t":"sch","sid":"s1232","name":"Pawłowice Kolonia Studzieńska I","imp":0.048,"d":5835},"geometry":{"type":"Point","coordinates":[18.666922,49.989979]}},{"type":"Feature","properties":{"t":"vec","sid":"s1233","d":6290},"geometry":{"type":"LineString","coordinates":[[18.74136,49.95713],[18.669666,49.989979]]}},{"type":"Feature","properties":{"t":"gps","sid":"s1233"},"geometry":{"type":"Point","coordinates":[18.74136,49.95713]}},{"type":"Feature","properties":{"t":"sch","sid":"s1233","name":"Pawłowice Kolonia Studzieńska II","imp":0.048,"d":6290},"geometry":{"type":"Point","coordinates":[18.669666,49.989979]}},{"type":"Feature","properties":{"t":"vec","sid":"s1234","d":6686},"geometry":{"type":"LineString","coordinates":[[18.75083,49.95714],[18.672411,49.989979]]}},{"type":"Feature","properties":{"t":"gps","sid":"s1234"},"geometry":{"type":"Point","coordinates":[18.75083,49.95714]}},{"type":"Feature","properties":{"t":"sch","sid":"s1234","name":"Studzionka Robotnicza III","imp":0.065,"d":6686},"geometry":{"type":"Point","coordinates":[18.672411,49.989979]}},{"type":"Feature","properties":{"t":"vec","sid":"s1235","d":6974},"geometry":{"type":"LineString","coordinates":[[18.75906,49.95927],[18.676125,49.992365]]}},{"type":"Feature","properties":{"t":"gps","sid":"s1235"},"geometry":{"type":"Point","coordinates":[18.75906,49.95927]}},{"type":"Feature","properties":{"t":"sch","sid":"s1235","name":"Studzionka Robotnicza II","imp":0.048,"d":6974},"geometry":{"type":"Point","coordinates":[18.676125,49.992365]}},{"type":"Feature","properties":{"t":"vec","sid":"s1236","d":7352},"geometry":{"type":"LineString","coordinates":[[18.7717,49.96268],[18.680643,49.993505]]}},{"type":"Feature","properties":{"t":"gps","sid":"s1236"},"geometry":{"type":"Point","coordinates":[18.7717,49.96268]}},{"type":"Feature","properties":{"t":"sch","sid":"s1236","name":"Studzionka Robotnicza I","imp":0.082,"d":7352},"geometry":{"type":"Point","coordinates":[18.680643,49.993505]}},{"type":"Feature","properties":{"t":"vec","sid":"s1237","d":7255},"geometry":{"type":"LineString","coordinates":[[18.77162,49.95919],[18.680643,49.988217]]}},{"type":"Feature","properties":{"t":"gps","sid":"s1237"},"geometry":{"type":"Point","coordinates":[18.77162,49.95919]}},{"type":"Feature","properties":{"t":"sch","sid":"s1237","name":"Studzionka Cmentarz","imp":0.052,"d":7255},"geometry":{"type":"Point","coordinates":[18.680643,49.988217]}},{"type":"Feature","properties":{"t":"vec","sid":"s1238","d":7291},"geometry":{"type":"LineString","coordinates":[[18.77249,49.95975],[18.683387,49.991742]]}},{"type":"Feature","properties":{"t":"gps","sid":"s1238"},"geometry":{"type":"Point","coordinates":[18.77249,49.95975]}},{"type":"Feature","properties":{"t":"sch","sid":"s1238","name":"Studzionka Cmentarz","imp":0.052,"d":7291},"geometry":{"type":"Point","coordinates":[18.683387,49.991742]}},{"type":"Feature","properties":{"t":"vec","sid":"s1239","d":6779},"geometry":{"type":"LineString","coordinates":[[18.75778,49.95918],[18.676929,49.991119]]}},{"type":"Feature","properties":{"t":"gps","sid":"s1239"},"geometry":{"type":"Point","coordinates":[18.75778,49.95918]}},{"type":"Feature","properties":{"t":"sch","sid":"s1239","name":"Studzionka Robotnicza II","imp":0.048,"d":6779},"geometry":{"type":"Point","coordinates":[18.676929,49.991119]}},{"type":"Feature","properties":{"t":"vec","sid":"s1240","d":2748},"geometry":{"type":"LineString","coordinates":[[18.54502,49.94248],[18.548921,49.967065]]}},{"type":"Feature","properties":{"t":"gps","sid":"s1240"},"geometry":{"type":"Point","coordinates":[18.54502,49.94248]}},{"type":"Feature","properties":{"t":"sch","sid":"s1240","name":"Złote Łany","imp":0.065,"d":2748},"geometry":{"type":"Point","coordinates":[18.548921,49.967065]}},{"type":"Feature","properties":{"t":"vec","sid":"s1241","d":3069},"geometry":{"type":"LineString","coordinates":[[18.54282,49.93862],[18.54736,49.966062]]}},{"type":"Feature","properties":{"t":"gps","sid":"s1241"},"geometry":{"type":"Point","coordinates":[18.54282,49.93862]}},{"type":"Feature","properties":{"t":"sch","sid":"s1241","name":"Moszczenica Ośrodek Zdrowia","imp":0.048,"d":3069},"geometry":{"type":"Point","coordinates":[18.54736,49.966062]}},{"type":"Feature","properties":{"t":"vec","sid":"s1242","d":3190},"geometry":{"type":"LineString","coordinates":[[18.53811,49.93702],[18.545641,49.965302]]}},{"type":"Feature","properties":{"t":"gps","sid":"s1242"},"geometry":{"type":"Point","coordinates":[18.53811,49.93702]}},{"type":"Feature","properties":{"t":"sch","sid":"s1242","name":"Szotkowice Kaplica","imp":0.048,"d":3190},"geometry":{"type":"Point","coordinates":[18.545641,49.965302]}},{"type":"Feature","properties":{"t":"vec","sid":"s1243","d":3465},"geometry":{"type":"LineString","coordinates":[[18.5285,49.93565],[18.543433,49.965302]]}},{"type":"Feature","properties":{"t":"gps","sid":"s1243"},"geometry":{"type":"Point","coordinates":[18.5285,49.93565]}},{"type":"Feature","properties":{"t":"sch","sid":"s1243","name":"Szotkowice","imp":0.065,"d":3465},"geometry":{"type":"Point","coordinates":[18.543433,49.965302]}},{"type":"Feature","properties":{"t":"vec","sid":"s1244","d":3588},"geometry":{"type":"LineString","coordinates":[[18.5229,49.93804],[18.537945,49.968827]]}},{"type":"Feature","properties":{"t":"gps","sid":"s1244"},"geometry":{"type":"Point","coordinates":[18.5229,49.93804]}},{"type":"Feature","properties":{"t":"sch","sid":"s1244","name":"Szotkowice Pętla","imp":0.052,"d":3588},"geometry":{"type":"Point","coordinates":[18.537945,49.968827]}},{"type":"Feature","properties":{"t":"vec","sid":"s1245","d":3255},"geometry":{"type":"LineString","coordinates":[[18.53881,49.9373],[18.544994,49.966305]]}},{"type":"Feature","properties":{"t":"gps","sid":"s1245"},"geometry":{"type":"Point","coordinates":[18.53881,49.9373]}},{"type":"Feature","properties":{"t":"sch","sid":"s1245","name":"Szotkowice Kaplica","imp":0.048,"d":3255},"geometry":{"type":"Point","coordinates":[18.544994,49.966305]}},{"type":"Feature","properties":{"t":"vec","sid":"s1246","d":3156},"geometry":{"type":"LineString","coordinates":[[18.54491,49.93871],[18.546713,49.967065]]}},{"type":"Feature","properties":{"t":"gps","sid":"s1246"},"geometry":{"type":"Point","coordinates":[18.54491,49.93871]}},{"type":"Feature","properties":{"t":"sch","sid":"s1246","name":"Moszczenica Ośrodek Zdrowia","imp":0.048,"d":3156},"geometry":{"type":"Point","coordinates":[18.546713,49.967065]}},{"type":"Feature","properties":{"t":"vec","sid":"s1247","d":2348},"geometry":{"type":"LineString","coordinates":[[18.57675,49.94276],[18.570875,49.963539]]}},{"type":"Feature","properties":{"t":"gps","sid":"s1247"},"geometry":{"type":"Point","coordinates":[18.57675,49.94276]}},{"type":"Feature","properties":{"t":"sch","sid":"s1247","name":"Jagiełły - Os.Chrobrego","imp":0.094,"d":2348},"geometry":{"type":"Point","coordinates":[18.570875,49.963539]}},{"type":"Feature","properties":{"t":"vec","sid":"s1248","d":4620},"geometry":{"type":"LineString","coordinates":[[18.60334,49.91932],[18.592427,49.960272]]}},{"type":"Feature","properties":{"t":"gps","sid":"s1248"},"geometry":{"type":"Point","coordinates":[18.60334,49.91932]}},{"type":"Feature","properties":{"t":"sch","sid":"s1248","name":"Ruptawa Ośrodek Zdrowia","imp":0.062,"d":4620},"geometry":{"type":"Point","coordinates":[18.592427,49.960272]}},{"type":"Feature","properties":{"t":"vec","sid":"s1249","d":5428},"geometry":{"type":"LineString","coordinates":[[18.61071,49.91081],[18.592829,49.958251]]}},{"type":"Feature","properties":{"t":"gps","sid":"s1249"},"geometry":{"type":"Point","coordinates":[18.61071,49.91081]}},{"type":"Feature","properties":{"t":"sch","sid":"s1249","name":"Ruptawa - Długosza","imp":0.096,"d":5428},"geometry":{"type":"Point","coordinates":[18.592829,49.958251]}},{"type":"Feature","properties":{"t":"vec","sid":"s1250","d":5826},"geometry":{"type":"LineString","coordinates":[[18.60711,49.9049],[18.592829,49.956489]]}},{"type":"Feature","properties":{"t":"gps","sid":"s1250"},"geometry":{"type":"Point","coordinates":[18.60711,49.9049]}},{"type":"Feature","properties":{"t":"sch","sid":"s1250","name":"Cisówka","imp":0.062,"d":5826},"geometry":{"type":"Point","coordinates":[18.592829,49.956489]}},{"type":"Feature","properties":{"t":"vec","sid":"s1251","d":6616},"geometry":{"type":"LineString","coordinates":[[18.6028,49.89557],[18.592829,49.954726]]}},{"type":"Feature","properties":{"t":"gps","sid":"s1251"},"geometry":{"type":"Point","coordinates":[18.6028,49.89557]}},{"type":"Feature","properties":{"t":"sch","sid":"s1251","name":"Zebrzydowice Poziomkowa","imp":0.062,"d":6616},"geometry":{"type":"Point","coordinates":[18.592829,49.954726]}},{"type":"Feature","properties":{"t":"vec","sid":"s1252","d":7137},"geometry":{"type":"LineString","coordinates":[[18.60344,49.88914],[18.592829,49.952963]]}},{"type":"Feature","properties":{"t":"gps","sid":"s1252"},"geometry":{"type":"Point","coordinates":[18.60344,49.88914]}},{"type":"Feature","properties":{"t":"sch","sid":"s1252","name":"Zebrzydowice Słowicza","imp":0.079,"d":7137},"geometry":{"type":"Point","coordinates":[18.592829,49.952963]}},{"type":"Feature","properties":{"t":"vec","sid":"s1253","d":8091},"geometry":{"type":"LineString","coordinates":[[18.60199,49.87869],[18.595372,49.95133]]}},{"type":"Feature","properties":{"t":"gps","sid":"s1253"},"geometry":{"type":"Point","coordinates":[18.60199,49.87869]}},{"type":"Feature","properties":{"t":"sch","sid":"s1253","name":"Zebrzydowice Skrzyżowanie","imp":0.048,"d":8091},"geometry":{"type":"Point","coordinates":[18.595372,49.95133]}},{"type":"Feature","properties":{"t":"vec","sid":"s1254","d":8041},"geometry":{"type":"LineString","coordinates":[[18.60833,49.87769],[18.597915,49.949696]]}},{"type":"Feature","properties":{"t":"gps","sid":"s1254"},"geometry":{"type":"Point","coordinates":[18.60833,49.87769]}},{"type":"Feature","properties":{"t":"sch","sid":"s1254","name":"Zebrzydowice Kino","imp":0.048,"d":8041},"geometry":{"type":"Point","coordinates":[18.597915,49.949696]}},{"type":"Feature","properties":{"t":"vec","sid":"s1255","d":8224},"geometry":{"type":"LineString","coordinates":[[18.61773,49.87494],[18.600458,49.948062]]}},{"type":"Feature","properties":{"t":"gps","sid":"s1255"},"geometry":{"type":"Point","coordinates":[18.61773,49.87494]}},{"type":"Feature","properties":{"t":"sch","sid":"s1255","name":"Zebrzydowice Szkoła","imp":0.048,"d":8224},"geometry":{"type":"Point","coordinates":[18.600458,49.948062]}},{"type":"Feature","properties":{"t":"vec","sid":"s1256","d":8487},"geometry":{"type":"LineString","coordinates":[[18.62509,49.87116],[18.601061,49.945913]]}},{"type":"Feature","properties":{"t":"gps","sid":"s1256"},"geometry":{"type":"Point","coordinates":[18.62509,49.87116]}},{"type":"Feature","properties":{"t":"sch","sid":"s1256","name":"Zebrzydowice Ośrodek Zdrowia","imp":0.07,"d":8487},"geometry":{"type":"Point","coordinates":[18.601061,49.945913]}},{"type":"Feature","properties":{"t":"vec","sid":"s1257","d":8161},"geometry":{"type":"LineString","coordinates":[[18.61725,49.87531],[18.59816,49.947675]]}},{"type":"Feature","properties":{"t":"gps","sid":"s1257"},"geometry":{"type":"Point","coordinates":[18.61725,49.87531]}},{"type":"Feature","properties":{"t":"sch","sid":"s1257","name":"Zebrzydowice Szkoła","imp":0.048,"d":8161},"geometry":{"type":"Point","coordinates":[18.59816,49.947675]}},{"type":"Feature","properties":{"t":"vec","sid":"s1258","d":7919},"geometry":{"type":"LineString","coordinates":[[18.6118,49.87737],[18.594122,49.947675]]}},{"type":"Feature","properties":{"t":"gps","sid":"s1258"},"geometry":{"type":"Point","coordinates":[18.6118,49.87737]}},{"type":"Feature","properties":{"t":"sch","sid":"s1258","name":"Zebrzydowice Kino","imp":0.048,"d":7919},"geometry":{"type":"Point","coordinates":[18.594122,49.947675]}},{"type":"Feature","properties":{"t":"vec","sid":"s1259","d":7670},"geometry":{"type":"LineString","coordinates":[[18.60211,49.87913],[18.590084,49.947675]]}},{"type":"Feature","properties":{"t":"gps","sid":"s1259"},"geometry":{"type":"Point","coordinates":[18.60211,49.87913]}},{"type":"Feature","properties":{"t":"sch","sid":"s1259","name":"Zebrzydowice Skrzyżowanie","imp":0.101,"d":7670},"geometry":{"type":"Point","coordinates":[18.590084,49.947675]}},{"type":"Feature","properties":{"t":"vec","sid":"s1260","d":6829},"geometry":{"type":"LineString","coordinates":[[18.60353,49.8897],[18.590084,49.950502]]}},{"type":"Feature","properties":{"t":"gps","sid":"s1260"},"geometry":{"type":"Point","coordinates":[18.60353,49.8897]}},{"type":"Feature","properties":{"t":"sch","sid":"s1260","name":"Zebrzydowice Słowicza","imp":0.062,"d":6829},"geometry":{"type":"Point","coordinates":[18.590084,49.950502]}},{"type":"Feature","properties":{"t":"vec","sid":"s1261","d":6561},"geometry":{"type":"LineString","coordinates":[[18.60295,49.89491],[18.590084,49.953328]]}},{"type":"Feature","properties":{"t":"gps","sid":"s1261"},"geometry":{"type":"Point","coordinates":[18.60295,49.89491]}},{"type":"Feature","properties":{"t":"sch","sid":"s1261","name":"Zebrzydowice Poziomkowa","imp":0.062,"d":6561},"geometry":{"type":"Point","coordinates":[18.590084,49.953328]}},{"type":"Feature","properties":{"t":"vec","sid":"s1262","d":5859},"geometry":{"type":"LineString","coordinates":[[18.60684,49.90457],[18.590084,49.956155]]}},{"type":"Feature","properties":{"t":"gps","sid":"s1262"},"geometry":{"type":"Point","coordinates":[18.60684,49.90457]}},{"type":"Feature","properties":{"t":"sch","sid":"s1262","name":"Cisówka","imp":0.062,"d":5859},"geometry":{"type":"Point","coordinates":[18.590084,49.956155]}},{"type":"Feature","properties":{"t":"vec","sid":"s1263","d":4546},"geometry":{"type":"LineString","coordinates":[[18.60296,49.91998],[18.590084,49.960014]]}},{"type":"Feature","properties":{"t":"gps","sid":"s1263"},"geometry":{"type":"Point","coordinates":[18.60296,49.91998]}},{"type":"Feature","properties":{"t":"sch","sid":"s1263","name":"Ruptawa Ośrodek Zdrowia","imp":0.062,"d":4546},"geometry":{"type":"Point","coordinates":[18.590084,49.960014]}},{"type":"Feature","properties":{"t":"vec","sid":"s1264","d":2731},"geometry":{"type":"LineString","coordinates":[[18.57709,49.94084],[18.573619,49.965302]]}},{"type":"Feature","properties":{"t":"gps","sid":"s1264"},"geometry":{"type":"Point","coordinates":[18.57709,49.94084]}},{"type":"Feature","properties":{"t":"sch","sid":"s1264","name":"Jagiełły - Os.Chrobrego","imp":0.094,"d":2731},"geometry":{"type":"Point","coordinates":[18.573619,49.965302]}},{"type":"Feature","properties":{"t":"vec","sid":"s1265","d":1978},"geometry":{"type":"LineString","coordinates":[[18.62199,49.96536],[18.609294,49.981166]]}},{"type":"Feature","properties":{"t":"gps","sid":"s1265"},"geometry":{"type":"Point","coordinates":[18.62199,49.96536]}},{"type":"Feature","properties":{"t":"sch","sid":"s1265","name":"KWK Zofiówka","imp":0.179,"d":1978},"geometry":{"type":"Point","coordinates":[18.609294,49.981166]}},{"type":"Feature","properties":{"t":"vec","sid":"s1266","d":1450},"geometry":{"type":"LineString","coordinates":[[18.61569,49.97],[18.607922,49.982047]]}},{"type":"Feature","properties":{"t":"gps","sid":"s1266"},"geometry":{"type":"Point","coordinates":[18.61569,49.97]}},{"type":"Feature","properties":{"t":"sch","sid":"s1266","name":"Dubielec","imp":0.162,"d":1450},"geometry":{"type":"Point","coordinates":[18.607922,49.982047]}},{"type":"Feature","properties":{"t":"vec","sid":"s1267","d":1028},"geometry":{"type":"LineString","coordinates":[[18.61116,49.97417],[18.60655,49.982929]]}},{"type":"Feature","properties":{"t":"gps","sid":"s1267"},"geometry":{"type":"Point","coordinates":[18.61116,49.97417]}},{"type":"Feature","properties":{"t":"sch","sid":"s1267","name":"Kolonia Kąty","imp":0.196,"d":1028},"geometry":{"type":"Point","coordinates":[18.60655,49.982929]}},{"type":"Feature","properties":{"t":"vec","sid":"s1268","d":772},"geometry":{"type":"LineString","coordinates":[[18.60769,49.97951],[18.602433,49.985573]]}},{"type":"Feature","properties":{"t":"gps","sid":"s1268"},"geometry":{"type":"Point","coordinates":[18.60769,49.97951]}},{"type":"Feature","properties":{"t":"sch","sid":"s1268","name":"Gogołowa Jastrzębska Kąty","imp":0.077,"d":772},"geometry":{"type":"Point","coordinates":[18.602433,49.985573]}},{"type":"Feature","properties":{"t":"vec","sid":"s1269","d":498},"geometry":{"type":"LineString","coordinates":[[18.60367,49.98535],[18.598317,49.988217]]}},{"type":"Feature","properties":{"t":"gps","sid":"s1269"},"geometry":{"type":"Point","coordinates":[18.60367,49.98535]}},{"type":"Feature","properties":{"t":"sch","sid":"s1269","name":"Gogołowa Jastrzębska","imp":0.111,"d":498},"geometry":{"type":"Point","coordinates":[18.598317,49.988217]}},{"type":"Feature","properties":{"t":"vec","sid":"s1270","d":655},"geometry":{"type":"LineString","coordinates":[[18.6078,49.98644],[18.603805,49.991742]]}},{"type":"Feature","properties":{"t":"gps","sid":"s1270"},"geometry":{"type":"Point","coordinates":[18.6078,49.98644]}},{"type":"Feature","properties":{"t":"sch","sid":"s1270","name":"Szeroka - Boczna","imp":0.079,"d":655},"geometry":{"type":"Point","coordinates":[18.603805,49.991742]}},{"type":"Feature","properties":{"t":"vec","sid":"s1271","d":747},"geometry":{"type":"LineString","coordinates":[[18.624,49.98857],[18.614782,49.991742]]}},{"type":"Feature","properties":{"t":"gps","sid":"s1271"},"geometry":{"type":"Point","coordinates":[18.624,49.98857]}},{"type":"Feature","properties":{"t":"sch","sid":"s1271","name":"Szeroka Kościół","imp":0.153,"d":747},"geometry":{"type":"Point","coordinates":[18.614782,49.991742]}},{"type":"Feature","properties":{"t":"vec","sid":"s1272","d":1106},"geometry":{"type":"LineString","coordinates":[[18.63141,49.99044],[18.623015,49.998793]]}},{"type":"Feature","properties":{"t":"gps","sid":"s1272"},"geometry":{"type":"Point","coordinates":[18.63141,49.99044]}},{"type":"Feature","properties":{"t":"sch","sid":"s1272","name":"Szeroka Kaplica","imp":0.079,"d":1106},"geometry":{"type":"Point","coordinates":[18.623015,49.998793]}},{"type":"Feature","properties":{"t":"vec","sid":"s1273","d":723},"geometry":{"type":"LineString","coordinates":[[18.63311,49.9924],[18.631247,49.998793]]}},{"type":"Feature","properties":{"t":"gps","sid":"s1273"},"geometry":{"type":"Point","coordinates":[18.63311,49.9924]}},{"type":"Feature","properties":{"t":"sch","sid":"s1273","name":"Szeroka - Fredry","imp":0.079,"d":723},"geometry":{"type":"Point","coordinates":[18.631247,49.998793]}},{"type":"Feature","properties":{"t":"vec","sid":"s1274","d":845},"geometry":{"type":"LineString","coordinates":[[18.64727,49.99839],[18.638108,50.003199]]}},{"type":"Feature","properties":{"t":"gps","sid":"s1274"},"geometry":{"type":"Point","coordinates":[18.64727,49.99839]}},{"type":"Feature","properties":{"t":"sch","sid":"s1274","name":"Borynia - 3 Maja","imp":0.062,"d":845},"geometry":{"type":"Point","coordinates":[18.638108,50.003199]}},{"type":"Feature","properties":{"t":"vec","sid":"s1275","d":797},"geometry":{"type":"LineString","coordinates":[[18.65516,50.00469],[18.644968,50.007606]]}},{"type":"Feature","properties":{"t":"gps","sid":"s1275"},"geometry":{"type":"Point","coordinates":[18.65516,50.00469]}},{"type":"Feature","properties":{"t":"sch","sid":"s1275","name":"Borynia Sołtysówka","imp":0.128,"d":797},"geometry":{"type":"Point","coordinates":[18.644968,50.007606]}},{"type":"Feature","properties":{"t":"vec","sid":"s1276","d":1193},"geometry":{"type":"LineString","coordinates":[[18.66371,50.01158],[18.647713,50.014657]]}},{"type":"Feature","properties":{"t":"gps","sid":"s1276"},"geometry":{"type":"Point","coordinates":[18.66371,50.01158]}},{"type":"Feature","properties":{"t":"sch","sid":"s1276","name":"Borynia Ławczok","imp":0.079,"d":1193},"geometry":{"type":"Point","coordinates":[18.647713,50.014657]}},{"type":"Feature","properties":{"t":"vec","sid":"s1277","d":902},"geometry":{"type":"LineString","coordinates":[[18.66291,50.01152],[18.650457,50.012894]]}},{"type":"Feature","properties":{"t":"gps","sid":"s1277"},"geometry":{"type":"Point","coordinates":[18.66291,50.01152]}},{"type":"Feature","properties":{"t":"sch","sid":"s1277","name":"Borynia Ławczok","imp":0.079,"d":902},"geometry":{"type":"Point","coordinates":[18.650457,50.012894]}},{"type":"Feature","properties":{"t":"vec","sid":"s1278","d":445},"geometry":{"type":"LineString","coordinates":[[18.62985,49.99049],[18.625759,49.993505]]}},{"type":"Feature","properties":{"t":"gps","sid":"s1278"},"geometry":{"type":"Point","coordinates":[18.62985,49.99049]}},{"type":"Feature","properties":{"t":"sch","sid":"s1278","name":"Szeroka Kaplica","imp":0.079,"d":445},"geometry":{"type":"Point","coordinates":[18.625759,49.993505]}},{"type":"Feature","properties":{"t":"vec","sid":"s1279","d":787},"geometry":{"type":"LineString","coordinates":[[18.62551,49.98863],[18.617526,49.993505]]}},{"type":"Feature","properties":{"t":"gps","sid":"s1279"},"geometry":{"type":"Point","coordinates":[18.62551,49.98863]}},{"type":"Feature","properties":{"t":"sch","sid":"s1279","name":"Szeroka Kościół","imp":0.153,"d":787},"geometry":{"type":"Point","coordinates":[18.617526,49.993505]}},{"type":"Feature","properties":{"t":"vec","sid":"s1280","d":828},"geometry":{"type":"LineString","coordinates":[[18.62009,49.98815],[18.612038,49.993505]]}},{"type":"Feature","properties":{"t":"gps","sid":"s1280"},"geometry":{"type":"Point","coordinates":[18.62009,49.98815]}},{"type":"Feature","properties":{"t":"sch","sid":"s1280","name":"Szeroka Wiadukt","imp":0.096,"d":828},"geometry":{"type":"Point","coordinates":[18.612038,49.993505]}},{"type":"Feature","properties":{"t":"vec","sid":"s1281","d":271},"geometry":{"type":"LineString","coordinates":[[18.60997,49.99851],[18.612038,50.000555]]}},{"type":"Feature","properties":{"t":"gps","sid":"s1281"},"geometry":{"type":"Point","coordinates":[18.60997,49.99851]}},{"type":"Feature","properties":{"t":"sch","sid":"s1281","name":"KWK Borynia","imp":0.217,"d":271},"geometry":{"type":"Point","coordinates":[18.612038,50.000555]}},{"type":"Feature","properties":{"t":"vec","sid":"s1282","d":954},"geometry":{"type":"LineString","coordinates":[[18.62201,49.99158],[18.614782,49.998793]]}},{"type":"Feature","properties":{"t":"gps","sid":"s1282"},"geometry":{"type":"Point","coordinates":[18.62201,49.99158]}},{"type":"Feature","properties":{"t":"sch","sid":"s1282","name":"Os. 1000-lecia","imp":0.153,"d":954},"geometry":{"type":"Point","coordinates":[18.614782,49.998793]}},{"type":"Feature","properties":{"t":"vec","sid":"s1283","d":771},"geometry":{"type":"LineString","coordinates":[[18.62261,49.99091],[18.617526,49.99703]]}},{"type":"Feature","properties":{"t":"gps","sid":"s1283"},"geometry":{"type":"Point","coordinates":[18.62261,49.99091]}},{"type":"Feature","properties":{"t":"sch","sid":"s1283","name":"Os. 1000-lecia","imp":0.136,"d":771},"geometry":{"type":"Point","coordinates":[18.617526,49.99703]}},{"type":"Feature","properties":{"t":"vec","sid":"s1284","d":922},"geometry":{"type":"LineString","coordinates":[[18.65419,50.00802],[18.642224,50.011131]]}},{"type":"Feature","properties":{"t":"gps","sid":"s1284"},"geometry":{"type":"Point","coordinates":[18.65419,50.00802]}},{"type":"Feature","properties":{"t":"sch","sid":"s1284","name":"Skrzeczkowice - Powstańców Śl.","imp":0.111,"d":922},"geometry":{"type":"Point","coordinates":[18.642224,50.011131]}},{"type":"Feature","properties":{"t":"vec","sid":"s1285","d":464},"geometry":{"type":"LineString","coordinates":[[18.64299,50.00838],[18.638108,50.011131]]}},{"type":"Feature","properties":{"t":"gps","sid":"s1285"},"geometry":{"type":"Point","coordinates":[18.64299,50.00838]}},{"type":"Feature","properties":{"t":"sch","sid":"s1285","name":"Borynia - Edukacyjna","imp":0.077,"d":464},"geometry":{"type":"Point","coordinates":[18.638108,50.011131]}},{"type":"Feature","properties":{"t":"vec","sid":"s1286","d":80},"geometry":{"type":"LineString","coordinates":[[18.63477,50.01061],[18.633992,50.011131]]}},{"type":"Feature","properties":{"t":"gps","sid":"s1286"},"geometry":{"type":"Point","coordinates":[18.63477,50.01061]}},{"type":"Feature","properties":{"t":"sch","sid":"s1286","name":"Borynia - Łąkowa","imp":0.094,"d":80},"geometry":{"type":"Point","coordinates":[18.633992,50.011131]}},{"type":"Feature","properties":{"t":"vec","sid":"s1287","d":352},"geometry":{"type":"LineString","coordinates":[[18.62052,50.01386],[18.623015,50.011131]]}},{"type":"Feature","properties":{"t":"gps","sid":"s1287"},"geometry":{"type":"Point","coordinates":[18.62052,50.01386]}},{"type":"Feature","properties":{"t":"sch","sid":"s1287","name":"Skrzeczkowice - Plebiscytowa","imp":0.111,"d":352},"geometry":{"type":"Point","coordinates":[18.623015,50.011131]}},{"type":"Feature","properties":{"t":"vec","sid":"s1288","d":637},"geometry":{"type":"LineString","coordinates":[[18.60407,50.0137],[18.612038,50.011131]]}},{"type":"Feature","properties":{"t":"gps","sid":"s1288"},"geometry":{"type":"Point","coordinates":[18.60407,50.0137]}},{"type":"Feature","properties":{"t":"sch","sid":"s1288","name":"Świerklany Kółko Rolnicze","imp":0.094,"d":637},"geometry":{"type":"Point","coordinates":[18.612038,50.011131]}},{"type":"Feature","properties":{"t":"vec","sid":"s1289","d":684},"geometry":{"type":"LineString","coordinates":[[18.60459,50.00971],[18.612038,50.005843]]}},{"type":"Feature","properties":{"t":"gps","sid":"s1289"},"geometry":{"type":"Point","coordinates":[18.60459,50.00971]}},{"type":"Feature","properties":{"t":"sch","sid":"s1289","name":"Świerklany Sklep","imp":0.062,"d":684},"geometry":{"type":"Point","coordinates":[18.612038,50.005843]}},{"type":"Feature","properties":{"t":"vec","sid":"s1290","d":621},"geometry":{"type":"LineString","coordinates":[[18.62554,49.98604],[18.617526,49.988217]]}},{"type":"Feature","properties":{"t":"gps","sid":"s1290"},"geometry":{"type":"Point","coordinates":[18.62554,49.98604]}},{"type":"Feature","properties":{"t":"sch","sid":"s1290","name":"Gagarina - Norwida","imp":0.136,"d":621},"geometry":{"type":"Point","coordinates":[18.617526,49.988217]}},{"type":"Feature","properties":{"t":"vec","sid":"s1291","d":639},"geometry":{"type":"LineString","coordinates":[[18.61722,49.98009],[18.61244,49.984949]]}},{"type":"Feature","properties":{"t":"gps","sid":"s1291"},"geometry":{"type":"Point","coordinates":[18.61722,49.98009]}},{"type":"Feature","properties":{"t":"sch","sid":"s1291","name":"Szeroka - Gagarina","imp":0.119,"d":639},"geometry":{"type":"Point","coordinates":[18.61244,49.984949]}},{"type":"Feature","properties":{"t":"vec","sid":"s1292","d":879},"geometry":{"type":"LineString","coordinates":[[18.61744,49.97987],[18.61341,49.987335]]}},{"type":"Feature","properties":{"t":"gps","sid":"s1292"},"geometry":{"type":"Point","coordinates":[18.61744,49.97987]}},{"type":"Feature","properties":{"t":"sch","sid":"s1292","name":"Szeroka - Gagarina","imp":0.119,"d":879},"geometry":{"type":"Point","coordinates":[18.61341,49.987335]}},{"type":"Feature","properties":{"t":"vec","sid":"s1293","d":790},"geometry":{"type":"LineString","coordinates":[[18.62537,49.98544],[18.620271,49.991742]]}},{"type":"Feature","properties":{"t":"gps","sid":"s1293"},"geometry":{"type":"Point","coordinates":[18.62537,49.98544]}},{"type":"Feature","properties":{"t":"sch","sid":"s1293","name":"Gagarina - Norwida","imp":0.136,"d":790},"geometry":{"type":"Point","coordinates":[18.620271,49.991742]}},{"type":"Feature","properties":{"t":"vec","sid":"s1294","d":571},"geometry":{"type":"LineString","coordinates":[[18.62134,50.01365],[18.625759,50.009369]]}},{"type":"Feature","properties":{"t":"gps","sid":"s1294"},"geometry":{"type":"Point","coordinates":[18.62134,50.01365]}},{"type":"Feature","properties":{"t":"sch","sid":"s1294","name":"Skrzeczkowice - Plebiscytowa","imp":0.094,"d":571},"geometry":{"type":"Point","coordinates":[18.625759,50.009369]}},{"type":"Feature","properties":{"t":"vec","sid":"s1295","d":470},"geometry":{"type":"LineString","coordinates":[[18.57349,50.04258],[18.576363,50.046385]]}},{"type":"Feature","properties":{"t":"gps","sid":"s1295"},"geometry":{"type":"Point","coordinates":[18.57349,50.04258]}},{"type":"Feature","properties":{"t":"sch","sid":"s1295","name":"Jankowice UG","imp":0.139,"d":470},"geometry":{"type":"Point","coordinates":[18.576363,50.046385]}},{"type":"Feature","properties":{"t":"vec","sid":"s1296","d":751},"geometry":{"type":"LineString","coordinates":[[18.59325,50.02547],[18.603404,50.023728]]}},{"type":"Feature","properties":{"t":"gps","sid":"s1296"},"geometry":{"type":"Point","coordinates":[18.59325,50.02547]}},{"type":"Feature","properties":{"t":"sch","sid":"s1296","name":"Świerklany Szkoła","imp":0.062,"d":751},"geometry":{"type":"Point","coordinates":[18.603404,50.023728]}},{"type":"Feature","properties":{"t":"vec","sid":"s1297","d":397},"geometry":{"type":"LineString","coordinates":[[18.60379,50.0177],[18.609294,50.018182]]}},{"type":"Feature","properties":{"t":"gps","sid":"s1297"},"geometry":{"type":"Point","coordinates":[18.60379,50.0177]}},{"type":"Feature","properties":{"t":"sch","sid":"s1297","name":"Świerklany Skrzyż. Boryńska","imp":0.079,"d":397},"geometry":{"type":"Point","coordinates":[18.609294,50.018182]}},{"type":"Feature","properties":{"t":"vec","sid":"s1298","d":722},"geometry":{"type":"LineString","coordinates":[[18.59354,50.02514],[18.603404,50.023728]]}},{"type":"Feature","properties":{"t":"gps","sid":"s1298"},"geometry":{"type":"Point","coordinates":[18.59354,50.02514]}},{"type":"Feature","properties":{"t":"sch","sid":"s1298","name":"Świerklany Szkoła","imp":0.062,"d":722},"geometry":{"type":"Point","coordinates":[18.603404,50.023728]}},{"type":"Feature","properties":{"t":"vec","sid":"s1299","d":716},"geometry":{"type":"LineString","coordinates":[[18.57248,50.04375],[18.573217,50.050168]]}},{"type":"Feature","properties":{"t":"gps","sid":"s1299"},"geometry":{"type":"Point","coordinates":[18.57248,50.04375]}},{"type":"Feature","properties":{"t":"sch","sid":"s1299","name":"Jankowice UG","imp":0.062,"d":716},"geometry":{"type":"Point","coordinates":[18.573217,50.050168]}},{"type":"Feature","properties":{"t":"vec","sid":"s1300","d":666},"geometry":{"type":"LineString","coordinates":[[18.64803,49.99816],[18.63948,50.000555]]}},{"type":"Feature","properties":{"t":"gps","sid":"s1300"},"geometry":{"type":"Point","coordinates":[18.64803,49.99816]}},{"type":"Feature","properties":{"t":"sch","sid":"s1300","name":"Borynia - 3 Maja","imp":0.065,"d":666},"geometry":{"type":"Point","coordinates":[18.63948,50.000555]}},{"type":"Feature","properties":{"t":"vec","sid":"s1301","d":1617},"geometry":{"type":"LineString","coordinates":[[18.65708,49.98953],[18.640852,49.999674]]}},{"type":"Feature","properties":{"t":"gps","sid":"s1301"},"geometry":{"type":"Point","coordinates":[18.65708,49.98953]}},{"type":"Feature","properties":{"t":"sch","sid":"s1301","name":"3 Maja Granica","imp":0.048,"d":1617},"geometry":{"type":"Point","coordinates":[18.640852,49.999674]}},{"type":"Feature","properties":{"t":"vec","sid":"s1302","d":1515},"geometry":{"type":"LineString","coordinates":[[18.65598,49.99012],[18.640852,49.999674]]}},{"type":"Feature","properties":{"t":"gps","sid":"s1302"},"geometry":{"type":"Point","coordinates":[18.65598,49.99012]}},{"type":"Feature","properties":{"t":"sch","sid":"s1302","name":"3 Maja Granica","imp":0.048,"d":1515},"geometry":{"type":"Point","coordinates":[18.640852,49.999674]}},{"type":"Feature","properties":{"t":"vec","sid":"s1303","d":1745},"geometry":{"type":"LineString","coordinates":[[18.5613,49.95861],[18.559663,49.974267]]}},{"type":"Feature","properties":{"t":"gps","sid":"s1303"},"geometry":{"type":"Point","coordinates":[18.5613,49.95861]}},{"type":"Feature","properties":{"t":"sch","sid":"s1303","name":"Wodzisławska Boża Góra","imp":0.048,"d":1745},"geometry":{"type":"Point","coordinates":[18.559663,49.974267]}},{"type":"Feature","properties":{"t":"vec","sid":"s1304","d":1810},"geometry":{"type":"LineString","coordinates":[[18.56152,49.95803],[18.559663,49.974267]]}},{"type":"Feature","properties":{"t":"gps","sid":"s1304"},"geometry":{"type":"Point","coordinates":[18.56152,49.95803]}},{"type":"Feature","properties":{"t":"sch","sid":"s1304","name":"Wodzisławska Boża Góra","imp":0.048,"d":1810},"geometry":{"type":"Point","coordinates":[18.559663,49.974267]}},{"type":"Feature","properties":{"t":"vec","sid":"s1305","d":380},"geometry":{"type":"LineString","coordinates":[[18.59221,49.98685],[18.58734,49.988217]]}},{"type":"Feature","properties":{"t":"gps","sid":"s1305"},"geometry":{"type":"Point","coordinates":[18.59221,49.98685]}},{"type":"Feature","properties":{"t":"sch","sid":"s1305","name":"Gogołowa Wiejska Centrum","imp":0.048,"d":380},"geometry":{"type":"Point","coordinates":[18.58734,49.988217]}},{"type":"Feature","properties":{"t":"vec","sid":"s1306","d":151},"geometry":{"type":"LineString","coordinates":[[18.57434,49.98782],[18.576363,49.988217]]}},{"type":"Feature","properties":{"t":"gps","sid":"s1306"},"geometry":{"type":"Point","coordinates":[18.57434,49.98782]}},{"type":"Feature","properties":{"t":"sch","sid":"s1306","name":"Gogołowa Wiejska Skrzyżowanie","imp":0.065,"d":151},"geometry":{"type":"Point","coordinates":[18.576363,49.988217]}},{"type":"Feature","properties":{"t":"vec","sid":"s1307","d":918},"geometry":{"type":"LineString","coordinates":[[18.56247,49.9808],[18.568131,49.988217]]}},{"type":"Feature","properties":{"t":"gps","sid":"s1307"},"geometry":{"type":"Point","coordinates":[18.56247,49.9808]}},{"type":"Feature","properties":{"t":"sch","sid":"s1307","name":"Połomia Centralna Wiadukt","imp":0.048,"d":918},"geometry":{"type":"Point","coordinates":[18.568131,49.988217]}},{"type":"Feature","properties":{"t":"vec","sid":"s1308","d":144},"geometry":{"type":"LineString","coordinates":[[18.55853,49.98727],[18.559898,49.988217]]}},{"type":"Feature","properties":{"t":"gps","sid":"s1308"},"geometry":{"type":"Point","coordinates":[18.55853,49.98727]}},{"type":"Feature","properties":{"t":"sch","sid":"s1308","name":"Połomia Centralna Boisko","imp":0.048,"d":144},"geometry":{"type":"Point","coordinates":[18.559898,49.988217]}},{"type":"Feature","properties":{"t":"vec","sid":"s1309","d":265},"geometry":{"type":"LineString","coordinates":[[18.54524,49.99475],[18.545207,49.992365]]}},{"type":"Feature","properties":{"t":"gps","sid":"s1309"},"geometry":{"type":"Point","coordinates":[18.54524,49.99475]}},{"type":"Feature","properties":{"t":"sch","sid":"s1309","name":"Połomia Centralna Malowiec","imp":0.048,"d":265},"geometry":{"type":"Point","coordinates":[18.545207,49.992365]}},{"type":"Feature","properties":{"t":"vec","sid":"s1310","d":384},"geometry":{"type":"LineString","coordinates":[[18.54511,49.99454],[18.544403,49.991119]]}},{"type":"Feature","properties":{"t":"gps","sid":"s1310"},"geometry":{"type":"Point","coordinates":[18.54511,49.99454]}},{"type":"Feature","properties":{"t":"sch","sid":"s1310","name":"Połomia Centralna Malowiec","imp":0.048,"d":384},"geometry":{"type":"Point","coordinates":[18.544403,49.991119]}},{"type":"Feature","properties":{"t":"vec","sid":"s1314","d":378},"geometry":{"type":"LineString","coordinates":[[18.59187,49.98646],[18.58734,49.988217]]}},{"type":"Feature","properties":{"t":"gps","sid":"s1314"},"geometry":{"type":"Point","coordinates":[18.59187,49.98646]}},{"type":"Feature","properties":{"t":"sch","sid":"s1314","name":"Gogołowa Wiejska Centrum","imp":0.048,"d":378},"geometry":{"type":"Point","coordinates":[18.58734,49.988217]}}]}