{"type":"FeatureCollection","features":[{"type":"Feature","properties":{"id":"c0","lines":"42 45","n":2,"tram":0,"op":"mix"},"geometry":{"type":"LineString","coordinates":[[18.612979,50.047163],[18.605139,50.052199],[18.603179,50.052199]]}},{"type":"Feature","properties":{"id":"c1","lines":"42","n":1,"tram":0,"op":"Wodzisław county"},"geometry":{"type":"LineString","coordinates":[[18.603179,50.052199],[18.599258,50.049681],[18.599258,50.048422]]}},{"type":"Feature","properties":{"id":"c2","lines":"45","n":1,"tram":0,"op":"KM Rybnik"},"geometry":{"type":"LineString","coordinates":[[18.603179,50.052199],[18.595338,50.057235],[18.593378,50.057235]]}},{"type":"Feature","properties":{"id":"c3","lines":"15 42 N8","n":3,"tram":0,"op":"mix"},"geometry":{"type":"LineString","coordinates":[[18.599258,50.048422],[18.603179,50.045904],[18.603179,50.044645]]}},{"type":"Feature","properties":{"id":"c4","lines":"15 N8","n":2,"tram":0,"op":"KM Rybnik"},"geometry":{"type":"LineString","coordinates":[[18.599258,50.048422],[18.593378,50.052199]]}},{"type":"Feature","properties":{"id":"c5","lines":"05 13 32 42 46 46A 48 49","n":8,"tram":0,"op":"mix"},"geometry":{"type":"LineString","coordinates":[[18.603179,50.044645],[18.593378,50.044645],[18.589458,50.047163]]}},{"type":"Feature","properties":{"id":"c6","lines":"05","n":1,"tram":0,"op":"MZK Jastrzębie + region"},"geometry":{"type":"LineString","coordinates":[[18.603179,50.044645],[18.605139,50.043386],[18.605139,50.035832]]}},{"type":"Feature","properties":{"id":"c7","lines":"05","n":1,"tram":0,"op":"MZK Jastrzębie + region"},"geometry":{"type":"LineString","coordinates":[[18.603179,50.044645],[18.603179,50.042127],[18.609059,50.03835]]}},{"type":"Feature","properties":{"id":"c8","lines":"42 46 46A 48 49","n":5,"tram":0,"op":"mix"},"geometry":{"type":"LineString","coordinates":[[18.589458,50.047163],[18.585537,50.049681],[18.585537,50.05094]]}},{"type":"Feature","properties":{"id":"c9","lines":"13 32","n":2,"tram":0,"op":"mix"},"geometry":{"type":"LineString","coordinates":[[18.589458,50.047163],[18.589458,50.029536]]}},{"type":"Feature","properties":{"id":"c10","lines":"42 46 46A","n":3,"tram":0,"op":"mix"},"geometry":{"type":"LineString","coordinates":[[18.585537,50.05094],[18.591418,50.05094],[18.593378,50.052199]]}},{"type":"Feature","properties":{"id":"c11","lines":"49","n":1,"tram":0,"op":"KM Rybnik"},"geometry":{"type":"LineString","coordinates":[[18.585537,50.05094],[18.571816,50.059754],[18.567896,50.059754]]}},{"type":"Feature","properties":{"id":"c12","lines":"48","n":1,"tram":0,"op":"KM Rybnik"},"geometry":{"type":"LineString","coordinates":[[18.585537,50.05094],[18.593378,50.055976]]}},{"type":"Feature","properties":{"id":"c13","lines":"15 42 46 46A N8","n":5,"tram":0,"op":"mix"},"geometry":{"type":"LineString","coordinates":[[18.593378,50.052199],[18.593378,50.055976]]}},{"type":"Feature","properties":{"id":"c14","lines":"15 42 46 46A 48 N8","n":6,"tram":0,"op":"mix"},"geometry":{"type":"LineString","coordinates":[[18.593378,50.055976],[18.593378,50.057235]]}},{"type":"Feature","properties":{"id":"c15","lines":"42 46","n":2,"tram":0,"op":"mix"},"geometry":{"type":"LineString","coordinates":[[18.593378,50.057235],[18.581617,50.06479]]}},{"type":"Feature","properties":{"id":"c16","lines":"15 45 48","n":3,"tram":0,"op":"KM Rybnik"},"geometry":{"type":"LineString","coordinates":[[18.593378,50.057235],[18.597298,50.059754],[18.601218,50.059754]]}},{"type":"Feature","properties":{"id":"c17","lines":"46A","n":1,"tram":0,"op":"KM Rybnik"},"geometry":{"type":"LineString","coordinates":[[18.593378,50.057235],[18.581617,50.057235],[18.573776,50.062272],[18.558095,50.062272]]}},{"type":"Feature","properties":{"id":"c18","lines":"N8","n":1,"tram":0,"op":"KM Rybnik"},"geometry":{"type":"LineString","coordinates":[[18.593378,50.057235],[18.567896,50.057235]]}},{"type":"Feature","properties":{"id":"c19","lines":"16 42 45 46 48 51 52","n":7,"tram":0,"op":"mix"},"geometry":{"type":"LineString","coordinates":[[18.581617,50.06479],[18.579657,50.066049],[18.575737,50.066049]]}},{"type":"Feature","properties":{"id":"c20","lines":"16 45 48 51 52","n":5,"tram":0,"op":"mix"},"geometry":{"type":"LineString","coordinates":[[18.581617,50.06479],[18.583577,50.06479],[18.587497,50.062272]]}},{"type":"Feature","properties":{"id":"c21","lines":"42","n":1,"tram":0,"op":"Wodzisław county"},"geometry":{"type":"LineString","coordinates":[[18.575737,50.066049],[18.575737,50.06479],[18.567896,50.059754]]}},{"type":"Feature","properties":{"id":"c22","lines":"16 45 46 48 51 52","n":6,"tram":0,"op":"mix"},"geometry":{"type":"LineString","coordinates":[[18.575737,50.066049],[18.573776,50.067308],[18.569856,50.067308]]}},{"type":"Feature","properties":{"id":"c23","lines":"30 42","n":2,"tram":0,"op":"mix"},"geometry":{"type":"LineString","coordinates":[[18.567896,50.059754],[18.567896,50.057235]]}},{"type":"Feature","properties":{"id":"c24","lines":"30 49","n":2,"tram":0,"op":"KM Rybnik"},"geometry":{"type":"LineString","coordinates":[[18.567896,50.059754],[18.565936,50.061013],[18.565936,50.06479]]}},{"type":"Feature","properties":{"id":"c25","lines":"30 42 N8","n":3,"tram":0,"op":"mix"},"geometry":{"type":"LineString","coordinates":[[18.567896,50.057235],[18.558095,50.057235]]}},{"type":"Feature","properties":{"id":"c26","lines":"42 N8","n":2,"tram":0,"op":"mix"},"geometry":{"type":"LineString","coordinates":[[18.558095,50.057235],[18.558095,50.061013]]}},{"type":"Feature","properties":{"id":"c27","lines":"30","n":1,"tram":0,"op":"KM Rybnik"},"geometry":{"type":"LineString","coordinates":[[18.558095,50.057235],[18.571816,50.048422]]}},{"type":"Feature","properties":{"id":"c28","lines":"5 12 13 15 22 23 27 29 32 33 36 41 43 N8 S12 S12A","n":16,"tram":0,"op":"mix"},"geometry":{"type":"LineString","coordinates":[[18.558095,50.061013],[18.558095,50.062272]]}},{"type":"Feature","properties":{"id":"c29","lines":"12 13 15 27 29 32 33 36 41 43 S12 S12A","n":12,"tram":0,"op":"mix"},"geometry":{"type":"LineString","coordinates":[[18.558095,50.061013],[18.556135,50.059754],[18.556135,50.055976]]}},{"type":"Feature","properties":{"id":"c30","lines":"5 22 23","n":3,"tram":0,"op":"KM Rybnik"},"geometry":{"type":"LineString","coordinates":[[18.558095,50.061013],[18.540454,50.049681],[18.536534,50.049681]]}},{"type":"Feature","properties":{"id":"c31","lines":"1 27 34 43 46 48 52 A","n":8,"tram":0,"op":"mix"},"geometry":{"type":"LineString","coordinates":[[18.546334,50.069826],[18.548295,50.069826]]}},{"type":"Feature","properties":{"id":"c32","lines":"1 27 33 34 43 46 48 52 A","n":9,"tram":0,"op":"mix"},"geometry":{"type":"LineString","coordinates":[[18.546334,50.069826],[18.544374,50.069826]]}},{"type":"Feature","properties":{"id":"c33","lines":"33 46 48","n":3,"tram":0,"op":"mix"},"geometry":{"type":"LineString","coordinates":[[18.546334,50.069826],[18.546334,50.072344]]}},{"type":"Feature","properties":{"id":"c34","lines":"1 27 34 43 46 48 52 A N8","n":9,"tram":0,"op":"mix"},"geometry":{"type":"LineString","coordinates":[[18.548295,50.069826],[18.544374,50.069826]]}},{"type":"Feature","properties":{"id":"c35","lines":"16 27 45 51","n":4,"tram":0,"op":"mix"},"geometry":{"type":"LineString","coordinates":[[18.548295,50.069826],[18.548295,50.067308]]}},{"type":"Feature","properties":{"id":"c36","lines":"3 6 24 45","n":4,"tram":0,"op":"KM Rybnik"},"geometry":{"type":"LineString","coordinates":[[18.548295,50.069826],[18.546334,50.071085]]}},{"type":"Feature","properties":{"id":"c37","lines":"3 6 24 45","n":4,"tram":0,"op":"KM Rybnik"},"geometry":{"type":"LineString","coordinates":[[18.548295,50.069826],[18.548295,50.071085],[18.546334,50.072344]]}},{"type":"Feature","properties":{"id":"c38","lines":"--> 1 2 3 4 5 6 9 10 17 18 19 22 300 301","n":15,"tram":0,"op":"mix"},"geometry":{"type":"LineString","coordinates":[[18.548295,50.069826],[18.550255,50.071085],[18.558095,50.071085]]}},{"type":"Feature","properties":{"id":"c39","lines":"24 34 43 N8","n":4,"tram":0,"op":"mix"},"geometry":{"type":"LineString","coordinates":[[18.548295,50.069826],[18.552215,50.069826]]}},{"type":"Feature","properties":{"id":"c40","lines":"16 51","n":2,"tram":0,"op":"mix"},"geometry":{"type":"LineString","coordinates":[[18.548295,50.069826],[18.550255,50.068567]]}},{"type":"Feature","properties":{"id":"c41","lines":"14","n":1,"tram":0,"op":"KM Rybnik"},"geometry":{"type":"LineString","coordinates":[[18.548295,50.069826],[18.546334,50.068567]]}},{"type":"Feature","properties":{"id":"c42","lines":"A","n":1,"tram":0,"op":"KM Rybnik"},"geometry":{"type":"LineString","coordinates":[[18.548295,50.069826],[18.550255,50.071085],[18.552215,50.071085]]}},{"type":"Feature","properties":{"id":"c43","lines":"1 27 33 43 46 48 52 A N8","n":9,"tram":0,"op":"mix"},"geometry":{"type":"LineString","coordinates":[[18.544374,50.069826],[18.540454,50.069826],[18.538494,50.068567]]}},{"type":"Feature","properties":{"id":"c44","lines":"33 46 48","n":3,"tram":0,"op":"mix"},"geometry":{"type":"LineString","coordinates":[[18.544374,50.069826],[18.546334,50.071085]]}},{"type":"Feature","properties":{"id":"c45","lines":"34","n":1,"tram":0,"op":"Wodzisław county"},"geometry":{"type":"LineString","coordinates":[[18.544374,50.069826],[18.542414,50.071085]]}},{"type":"Feature","properties":{"id":"c46","lines":"46","n":1,"tram":0,"op":"KM Rybnik"},"geometry":{"type":"LineString","coordinates":[[18.538494,50.068567],[18.540454,50.067308],[18.540454,50.066049]]}},{"type":"Feature","properties":{"id":"c47","lines":"46","n":1,"tram":0,"op":"KM Rybnik"},"geometry":{"type":"LineString","coordinates":[[18.538494,50.068567],[18.540454,50.068567],[18.542414,50.067308]]}},{"type":"Feature","properties":{"id":"c48","lines":"33 43 48 52 A N8","n":6,"tram":0,"op":"mix"},"geometry":{"type":"LineString","coordinates":[[18.538494,50.068567],[18.538494,50.063531]]}},{"type":"Feature","properties":{"id":"c49","lines":"1 27","n":2,"tram":0,"op":"KM Rybnik"},"geometry":{"type":"LineString","coordinates":[[18.538494,50.068567],[18.534573,50.066049]]}},{"type":"Feature","properties":{"id":"c50","lines":"26 28 29 36 46","n":5,"tram":0,"op":"mix"},"geometry":{"type":"LineString","coordinates":[[18.540454,50.066049],[18.546334,50.066049],[18.548295,50.067308]]}},{"type":"Feature","properties":{"id":"c51","lines":"26 28 29 36","n":4,"tram":0,"op":"mix"},"geometry":{"type":"LineString","coordinates":[[18.540454,50.066049],[18.534573,50.066049]]}},{"type":"Feature","properties":{"id":"c52","lines":"4 9 16 26 27 28 29 36 45 46 51 A N8","n":13,"tram":0,"op":"mix"},"geometry":{"type":"LineString","coordinates":[[18.548295,50.067308],[18.552215,50.067308],[18.554175,50.068567]]}},{"type":"Feature","properties":{"id":"c53","lines":"26 28 29 36 46","n":5,"tram":0,"op":"mix"},"geometry":{"type":"LineString","coordinates":[[18.548295,50.067308],[18.542414,50.067308]]}},{"type":"Feature","properties":{"id":"c54","lines":"4 9 A N8","n":4,"tram":0,"op":"KM Rybnik"},"geometry":{"type":"LineString","coordinates":[[18.548295,50.067308],[18.546334,50.068567]]}},{"type":"Feature","properties":{"id":"c55","lines":"1 2 3 4 6 16 26 28 45 46 48 51","n":12,"tram":0,"op":"mix"},"geometry":{"type":"LineString","coordinates":[[18.554175,50.068567],[18.558095,50.066049]]}},{"type":"Feature","properties":{"id":"c56","lines":"2 3 6 26 28 45 46 48","n":8,"tram":0,"op":"KM Rybnik"},"geometry":{"type":"LineString","coordinates":[[18.554175,50.068567],[18.554175,50.066049]]}},{"type":"Feature","properties":{"id":"c57","lines":"1 9 N6","n":3,"tram":0,"op":"KM Rybnik"},"geometry":{"type":"LineString","coordinates":[[18.554175,50.068567],[18.556135,50.069826]]}},{"type":"Feature","properties":{"id":"c58","lines":"1 2 3 6 33 43 48 N6","n":8,"tram":0,"op":"mix"},"geometry":{"type":"LineString","coordinates":[[18.554175,50.068567],[18.552215,50.067308],[18.550255,50.067308]]}},{"type":"Feature","properties":{"id":"c59","lines":"27 28 29 33 36 43 46A","n":7,"tram":0,"op":"mix"},"geometry":{"type":"LineString","coordinates":[[18.554175,50.068567],[18.554175,50.066049],[18.556135,50.06479]]}},{"type":"Feature","properties":{"id":"c60","lines":"27 29 33 36 43","n":5,"tram":0,"op":"mix"},"geometry":{"type":"LineString","coordinates":[[18.554175,50.068567],[18.554175,50.067308],[18.558095,50.06479]]}},{"type":"Feature","properties":{"id":"c61","lines":"-->","n":1,"tram":0,"op":"KM Rybnik"},"geometry":{"type":"LineString","coordinates":[[18.554175,50.068567],[18.556135,50.068567],[18.558095,50.069826]]}},{"type":"Feature","properties":{"id":"c62","lines":"16 46A 51","n":3,"tram":0,"op":"mix"},"geometry":{"type":"LineString","coordinates":[[18.554175,50.068567],[18.558095,50.068567]]}},{"type":"Feature","properties":{"id":"c63","lines":"7 16 51","n":3,"tram":0,"op":"mix"},"geometry":{"type":"LineString","coordinates":[[18.554175,50.068567],[18.550255,50.068567]]}},{"type":"Feature","properties":{"id":"c64","lines":"7 A","n":2,"tram":0,"op":"KM Rybnik"},"geometry":{"type":"LineString","coordinates":[[18.554175,50.068567],[18.552215,50.068567],[18.548295,50.066049]]}},{"type":"Feature","properties":{"id":"c65","lines":"A","n":1,"tram":0,"op":"KM Rybnik"},"geometry":{"type":"LineString","coordinates":[[18.554175,50.068567],[18.552215,50.067308],[18.552215,50.066049]]}},{"type":"Feature","properties":{"id":"c66","lines":"7","n":1,"tram":0,"op":"KM Rybnik"},"geometry":{"type":"LineString","coordinates":[[18.554175,50.068567],[18.546334,50.063531]]}},{"type":"Feature","properties":{"id":"c67","lines":"N8","n":1,"tram":0,"op":"KM Rybnik"},"geometry":{"type":"LineString","coordinates":[[18.554175,50.068567],[18.560055,50.068567]]}},{"type":"Feature","properties":{"id":"c68","lines":"2 10 16 17 18 19 23 28 45 46 48 51 52 300 301 302 306 S12 S12A W10","n":20,"tram":0,"op":"mix"},"geometry":{"type":"LineString","coordinates":[[18.558095,50.066049],[18.560055,50.066049],[18.562016,50.067308]]}},{"type":"Feature","properties":{"id":"c69","lines":"22 52","n":2,"tram":0,"op":"mix"},"geometry":{"type":"LineString","coordinates":[[18.558095,50.066049],[18.552215,50.062272],[18.550255,50.062272]]}},{"type":"Feature","properties":{"id":"c70","lines":"5 12 13 15 23 24 30 41 46A 49 N8 S12 S12A","n":13,"tram":0,"op":"mix"},"geometry":{"type":"LineString","coordinates":[[18.558095,50.066049],[18.558095,50.06479]]}},{"type":"Feature","properties":{"id":"c71","lines":"1 3 4 5 6 8 9 12 13 14 15 22 24 26 30 41 46A 49 N6 N8","n":20,"tram":0,"op":"mix"},"geometry":{"type":"LineString","coordinates":[[18.558095,50.066049],[18.558095,50.068567]]}},{"type":"Feature","properties":{"id":"c72","lines":"8 9 10 14 N6","n":5,"tram":0,"op":"KM Rybnik"},"geometry":{"type":"LineString","coordinates":[[18.558095,50.066049],[18.548295,50.066049]]}},{"type":"Feature","properties":{"id":"c73","lines":"17 18 19 300 301 302 306","n":7,"tram":0,"op":"mix"},"geometry":{"type":"LineString","coordinates":[[18.558095,50.066049],[18.558095,50.067308]]}},{"type":"Feature","properties":{"id":"c74","lines":"W10","n":1,"tram":0,"op":"MZK Jastrzębie + region"},"geometry":{"type":"LineString","coordinates":[[18.558095,50.066049],[18.554175,50.063531],[18.546334,50.063531]]}},{"type":"Feature","properties":{"id":"c75","lines":"2 10 16 17 18 19 23 28 45 46 48 51 52 300 301 302 306","n":17,"tram":0,"op":"mix"},"geometry":{"type":"LineString","coordinates":[[18.562016,50.067308],[18.563976,50.068567]]}},{"type":"Feature","properties":{"id":"c76","lines":"S12 S12A W10","n":3,"tram":0,"op":"MZK Jastrzębie + region"},"geometry":{"type":"LineString","coordinates":[[18.562016,50.067308],[18.558095,50.067308]]}},{"type":"Feature","properties":{"id":"c77","lines":"16 45 46 48 51 52","n":6,"tram":0,"op":"mix"},"geometry":{"type":"LineString","coordinates":[[18.563976,50.068567],[18.565936,50.067308],[18.569856,50.067308]]}},{"type":"Feature","properties":{"id":"c78","lines":"2 10 16 23 28 45 48 51 52 301","n":10,"tram":0,"op":"mix"},"geometry":{"type":"LineString","coordinates":[[18.563976,50.068567],[18.558095,50.068567]]}},{"type":"Feature","properties":{"id":"c79","lines":"16 17 18 19 28 51 300 301 302 306","n":10,"tram":0,"op":"mix"},"geometry":{"type":"LineString","coordinates":[[18.563976,50.068567],[18.565936,50.069826]]}},{"type":"Feature","properties":{"id":"c80","lines":"2 10 23","n":3,"tram":0,"op":"KM Rybnik"},"geometry":{"type":"LineString","coordinates":[[18.563976,50.068567],[18.563976,50.071085]]}},{"type":"Feature","properties":{"id":"c81","lines":"2 10 23","n":3,"tram":0,"op":"KM Rybnik"},"geometry":{"type":"LineString","coordinates":[[18.563976,50.068567],[18.562016,50.069826]]}},{"type":"Feature","properties":{"id":"c82","lines":"300 302 306","n":3,"tram":0,"op":"MZK Jastrzębie + region"},"geometry":{"type":"LineString","coordinates":[[18.563976,50.068567],[18.562016,50.067308],[18.558095,50.067308]]}},{"type":"Feature","properties":{"id":"c83","lines":"46","n":1,"tram":0,"op":"KM Rybnik"},"geometry":{"type":"LineString","coordinates":[[18.569856,50.067308],[18.565936,50.069826]]}},{"type":"Feature","properties":{"id":"c84","lines":"3 24 33 46","n":4,"tram":0,"op":"mix"},"geometry":{"type":"LineString","coordinates":[[18.542414,50.073603],[18.544374,50.072344],[18.546334,50.072344]]}},{"type":"Feature","properties":{"id":"c85","lines":"24","n":1,"tram":0,"op":"KM Rybnik"},"geometry":{"type":"LineString","coordinates":[[18.542414,50.073603],[18.540454,50.073603],[18.532613,50.068567]]}},{"type":"Feature","properties":{"id":"c86","lines":"3 6 24 33 45 46 48","n":7,"tram":0,"op":"mix"},"geometry":{"type":"LineString","coordinates":[[18.546334,50.072344],[18.546334,50.071085]]}},{"type":"Feature","properties":{"id":"c87","lines":"45 48","n":2,"tram":0,"op":"KM Rybnik"},"geometry":{"type":"LineString","coordinates":[[18.546334,50.072344],[18.546334,50.074862]]}},{"type":"Feature","properties":{"id":"c88","lines":"6","n":1,"tram":0,"op":"KM Rybnik"},"geometry":{"type":"LineString","coordinates":[[18.546334,50.072344],[18.550255,50.074862]]}},{"type":"Feature","properties":{"id":"c89","lines":"46","n":1,"tram":0,"op":"KM Rybnik"},"geometry":{"type":"LineString","coordinates":[[18.565936,50.069826],[18.562016,50.069826]]}},{"type":"Feature","properties":{"id":"c90","lines":"16 17 18 19 28 51 300 301 302 306","n":10,"tram":0,"op":"mix"},"geometry":{"type":"LineString","coordinates":[[18.565936,50.069826],[18.567896,50.071085]]}},{"type":"Feature","properties":{"id":"c91","lines":"17 18 19 46","n":4,"tram":0,"op":"KM Rybnik"},"geometry":{"type":"LineString","coordinates":[[18.562016,50.069826],[18.558095,50.069826]]}},{"type":"Feature","properties":{"id":"c92","lines":"17 18 19","n":3,"tram":0,"op":"KM Rybnik"},"geometry":{"type":"LineString","coordinates":[[18.562016,50.069826],[18.565936,50.069826],[18.567896,50.071085]]}},{"type":"Feature","properties":{"id":"c93","lines":"17 19","n":2,"tram":0,"op":"KM Rybnik"},"geometry":{"type":"LineString","coordinates":[[18.562016,50.069826],[18.560055,50.068567]]}},{"type":"Feature","properties":{"id":"c94","lines":"23","n":1,"tram":0,"op":"KM Rybnik"},"geometry":{"type":"LineString","coordinates":[[18.562016,50.069826],[18.558095,50.072344]]}},{"type":"Feature","properties":{"id":"c95","lines":"2 10","n":2,"tram":0,"op":"KM Rybnik"},"geometry":{"type":"LineString","coordinates":[[18.562016,50.069826],[18.560055,50.071085],[18.558095,50.071085]]}},{"type":"Feature","properties":{"id":"c96","lines":"15 26 46 49","n":4,"tram":0,"op":"KM Rybnik"},"geometry":{"type":"LineString","coordinates":[[18.558095,50.069826],[18.558095,50.067308]]}},{"type":"Feature","properties":{"id":"c97","lines":"--> 26 49","n":3,"tram":0,"op":"KM Rybnik"},"geometry":{"type":"LineString","coordinates":[[18.558095,50.069826],[18.558095,50.072344]]}},{"type":"Feature","properties":{"id":"c98","lines":"1 3 4 5 6 8 9 22 24 30","n":10,"tram":0,"op":"KM Rybnik"},"geometry":{"type":"LineString","coordinates":[[18.558095,50.069826],[18.558095,50.068567]]}},{"type":"Feature","properties":{"id":"c99","lines":"1 3 4 5 6 9 17 18 19 22","n":10,"tram":0,"op":"KM Rybnik"},"geometry":{"type":"LineString","coordinates":[[18.558095,50.069826],[18.558095,50.071085]]}},{"type":"Feature","properties":{"id":"c100","lines":"24 34","n":2,"tram":0,"op":"mix"},"geometry":{"type":"LineString","coordinates":[[18.558095,50.069826],[18.552215,50.069826]]}},{"type":"Feature","properties":{"id":"c101","lines":"15 30","n":2,"tram":0,"op":"KM Rybnik"},"geometry":{"type":"LineString","coordinates":[[18.558095,50.069826],[18.560055,50.071085],[18.563976,50.071085]]}},{"type":"Feature","properties":{"id":"c102","lines":"2 3 4 5 6 8 10 12 14 15 22 23 24 26 28 30 32 41 45 46 48 49 52 N8 S12 S12A W10","n":27,"tram":0,"op":"mix"},"geometry":{"type":"LineString","coordinates":[[18.558095,50.067308],[18.556135,50.067308],[18.554175,50.066049]]}},{"type":"Feature","properties":{"id":"c103","lines":"2 10 23 28 45 48 52","n":7,"tram":0,"op":"mix"},"geometry":{"type":"LineString","coordinates":[[18.558095,50.067308],[18.558095,50.068567]]}},{"type":"Feature","properties":{"id":"c104","lines":"3 4 6 30","n":4,"tram":0,"op":"KM Rybnik"},"geometry":{"type":"LineString","coordinates":[[18.558095,50.067308],[18.556135,50.068567],[18.556135,50.069826]]}},{"type":"Feature","properties":{"id":"c105","lines":"5 8 12 14 17 18 19 22 24 32 41 N8","n":12,"tram":0,"op":"mix"},"geometry":{"type":"LineString","coordinates":[[18.558095,50.067308],[18.554175,50.069826]]}},{"type":"Feature","properties":{"id":"c106","lines":"300 301","n":2,"tram":0,"op":"MZK Jastrzębie + region"},"geometry":{"type":"LineString","coordinates":[[18.558095,50.067308],[18.558095,50.071085]]}},{"type":"Feature","properties":{"id":"c107","lines":"5 12 15 22 23 24 30 32 41 49 52 N8 S12 S12A","n":14,"tram":0,"op":"mix"},"geometry":{"type":"LineString","coordinates":[[18.554175,50.066049],[18.556135,50.06479]]}},{"type":"Feature","properties":{"id":"c108","lines":"4 8 10 14","n":4,"tram":0,"op":"KM Rybnik"},"geometry":{"type":"LineString","coordinates":[[18.554175,50.066049],[18.552215,50.066049]]}},{"type":"Feature","properties":{"id":"c109","lines":"W10","n":1,"tram":0,"op":"MZK Jastrzębie + region"},"geometry":{"type":"LineString","coordinates":[[18.554175,50.066049],[18.550255,50.063531],[18.546334,50.063531]]}},{"type":"Feature","properties":{"id":"c110","lines":"26 28 29 36","n":4,"tram":0,"op":"mix"},"geometry":{"type":"LineString","coordinates":[[18.542414,50.067308],[18.536534,50.067308],[18.534573,50.066049]]}},{"type":"Feature","properties":{"id":"c111","lines":"52","n":1,"tram":0,"op":"Wodzisław county"},"geometry":{"type":"LineString","coordinates":[[18.538494,50.063531],[18.544374,50.063531],[18.548295,50.061013]]}},{"type":"Feature","properties":{"id":"c112","lines":"33 43 48 A N8","n":5,"tram":0,"op":"mix"},"geometry":{"type":"LineString","coordinates":[[18.538494,50.063531],[18.540454,50.06479],[18.542414,50.06479]]}},{"type":"Feature","properties":{"id":"c113","lines":"5 22 52","n":3,"tram":0,"op":"mix"},"geometry":{"type":"LineString","coordinates":[[18.548295,50.061013],[18.550255,50.062272]]}},{"type":"Feature","properties":{"id":"c114","lines":"5 22","n":2,"tram":0,"op":"KM Rybnik"},"geometry":{"type":"LineString","coordinates":[[18.548295,50.061013],[18.542414,50.061013]]}},{"type":"Feature","properties":{"id":"c115","lines":"5 52","n":2,"tram":0,"op":"mix"},"geometry":{"type":"LineString","coordinates":[[18.550255,50.062272],[18.552215,50.062272],[18.556135,50.06479]]}},{"type":"Feature","properties":{"id":"c116","lines":"16 45 48 52","n":4,"tram":0,"op":"mix"},"geometry":{"type":"LineString","coordinates":[[18.587497,50.062272],[18.589458,50.061013],[18.597298,50.061013]]}},{"type":"Feature","properties":{"id":"c117","lines":"51","n":1,"tram":0,"op":"Wodzisław county"},"geometry":{"type":"LineString","coordinates":[[18.587497,50.062272],[18.597298,50.062272]]}},{"type":"Feature","properties":{"id":"c118","lines":"15 45 48 52","n":4,"tram":0,"op":"mix"},"geometry":{"type":"LineString","coordinates":[[18.597298,50.061013],[18.599258,50.059754],[18.601218,50.059754]]}},{"type":"Feature","properties":{"id":"c119","lines":"15 16","n":2,"tram":0,"op":"KM Rybnik"},"geometry":{"type":"LineString","coordinates":[[18.597298,50.061013],[18.597298,50.062272]]}},{"type":"Feature","properties":{"id":"c120","lines":"52","n":1,"tram":0,"op":"Wodzisław county"},"geometry":{"type":"LineString","coordinates":[[18.601218,50.059754],[18.609059,50.059754],[18.61886,50.053458]]}},{"type":"Feature","properties":{"id":"c121","lines":"15","n":1,"tram":0,"op":"KM Rybnik"},"geometry":{"type":"LineString","coordinates":[[18.601218,50.059754],[18.597298,50.062272]]}},{"type":"Feature","properties":{"id":"c122","lines":"04 08 52","n":3,"tram":0,"op":"mix"},"geometry":{"type":"LineString","coordinates":[[18.61886,50.053458],[18.62082,50.052199]]}},{"type":"Feature","properties":{"id":"c123","lines":"04 08","n":2,"tram":0,"op":"MZK Jastrzębie + region"},"geometry":{"type":"LineString","coordinates":[[18.61886,50.053458],[18.612979,50.053458]]}},{"type":"Feature","properties":{"id":"c124","lines":"04 08 52","n":3,"tram":0,"op":"mix"},"geometry":{"type":"LineString","coordinates":[[18.62082,50.052199],[18.62474,50.049681]]}},{"type":"Feature","properties":{"id":"c125","lines":"04 08","n":2,"tram":0,"op":"MZK Jastrzębie + region"},"geometry":{"type":"LineString","coordinates":[[18.62082,50.052199],[18.62082,50.05094],[18.6267,50.047163]]}},{"type":"Feature","properties":{"id":"c126","lines":"04","n":1,"tram":0,"op":"MZK Jastrzębie + region"},"geometry":{"type":"LineString","coordinates":[[18.62082,50.052199],[18.62082,50.044645],[18.628661,50.039609]]}},{"type":"Feature","properties":{"id":"c127","lines":"04 52","n":2,"tram":0,"op":"mix"},"geometry":{"type":"LineString","coordinates":[[18.62474,50.049681],[18.6267,50.048422],[18.6267,50.047163]]}},{"type":"Feature","properties":{"id":"c128","lines":"08","n":1,"tram":0,"op":"MZK Jastrzębie + region"},"geometry":{"type":"LineString","coordinates":[[18.62474,50.049681],[18.630621,50.049681]]}},{"type":"Feature","properties":{"id":"c129","lines":"04 08 52","n":3,"tram":0,"op":"mix"},"geometry":{"type":"LineString","coordinates":[[18.6267,50.047163],[18.6267,50.045904],[18.636501,50.039609]]}},{"type":"Feature","properties":{"id":"c130","lines":"08","n":1,"tram":0,"op":"MZK Jastrzębie + region"},"geometry":{"type":"LineString","coordinates":[[18.6267,50.047163],[18.628661,50.045904],[18.628661,50.039609]]}},{"type":"Feature","properties":{"id":"c131","lines":"08","n":1,"tram":0,"op":"MZK Jastrzębie + region"},"geometry":{"type":"LineString","coordinates":[[18.6267,50.047163],[18.630621,50.049681]]}},{"type":"Feature","properties":{"id":"c132","lines":"08","n":1,"tram":0,"op":"MZK Jastrzębie + region"},"geometry":{"type":"LineString","coordinates":[[18.6267,50.047163],[18.630621,50.047163]]}},{"type":"Feature","properties":{"id":"c133","lines":"01 02 03 04 05 06 07 08 09 307 S10 S11 ZL","n":13,"tram":0,"op":"MZK Jastrzębie + region"},"geometry":{"type":"LineString","coordinates":[[18.636501,50.039609],[18.634541,50.03835]]}},{"type":"Feature","properties":{"id":"c134","lines":"04 08","n":2,"tram":0,"op":"MZK Jastrzębie + region"},"geometry":{"type":"LineString","coordinates":[[18.636501,50.039609],[18.628661,50.039609]]}},{"type":"Feature","properties":{"id":"c135","lines":"06 07 09 308","n":4,"tram":0,"op":"MZK Jastrzębie + region"},"geometry":{"type":"LineString","coordinates":[[18.636501,50.039609],[18.638461,50.039609]]}},{"type":"Feature","properties":{"id":"c136","lines":"305 306","n":2,"tram":0,"op":"MZK Jastrzębie + region"},"geometry":{"type":"LineString","coordinates":[[18.636501,50.039609],[18.634541,50.040868],[18.634541,50.045904]]}},{"type":"Feature","properties":{"id":"c137","lines":"307","n":1,"tram":0,"op":"MZK Jastrzębie + region"},"geometry":{"type":"LineString","coordinates":[[18.636501,50.039609],[18.636501,50.037091]]}},{"type":"Feature","properties":{"id":"c138","lines":"12 13 14 15 26 41 49","n":7,"tram":0,"op":"mix"},"geometry":{"type":"LineString","coordinates":[[18.558095,50.068567],[18.556135,50.069826]]}},{"type":"Feature","properties":{"id":"c139","lines":"15 30 49 N6 N8","n":5,"tram":0,"op":"KM Rybnik"},"geometry":{"type":"LineString","coordinates":[[18.558095,50.068567],[18.560055,50.068567]]}},{"type":"Feature","properties":{"id":"c140","lines":"301","n":1,"tram":0,"op":"MZK Jastrzębie + region"},"geometry":{"type":"LineString","coordinates":[[18.558095,50.068567],[18.558095,50.071085]]}},{"type":"Feature","properties":{"id":"c141","lines":"30 49","n":2,"tram":0,"op":"KM Rybnik"},"geometry":{"type":"LineString","coordinates":[[18.556135,50.06479],[18.565936,50.06479]]}},{"type":"Feature","properties":{"id":"c142","lines":"12 15 22 23 27 29 32 33 36 41 43 46A N8 S12 S12A","n":15,"tram":0,"op":"mix"},"geometry":{"type":"LineString","coordinates":[[18.556135,50.06479],[18.556135,50.063531],[18.558095,50.062272]]}},{"type":"Feature","properties":{"id":"c143","lines":"24","n":1,"tram":0,"op":"KM Rybnik"},"geometry":{"type":"LineString","coordinates":[[18.556135,50.06479],[18.560055,50.06479],[18.562016,50.063531],[18.563976,50.063531]]}},{"type":"Feature","properties":{"id":"c144","lines":"26 34 48 49 N6","n":5,"tram":0,"op":"mix"},"geometry":{"type":"LineString","coordinates":[[18.546334,50.07738],[18.550255,50.079898],[18.552215,50.079898]]}},{"type":"Feature","properties":{"id":"c145","lines":"12 26 34 41 48 49 N6","n":7,"tram":0,"op":"mix"},"geometry":{"type":"LineString","coordinates":[[18.546334,50.07738],[18.546334,50.076121]]}},{"type":"Feature","properties":{"id":"c146","lines":"12 41 48 N6","n":4,"tram":0,"op":"mix"},"geometry":{"type":"LineString","coordinates":[[18.546334,50.07738],[18.550255,50.07738],[18.552215,50.078639]]}},{"type":"Feature","properties":{"id":"c147","lines":"34","n":1,"tram":0,"op":"Wodzisław county"},"geometry":{"type":"LineString","coordinates":[[18.552215,50.079898],[18.562016,50.079898]]}},{"type":"Feature","properties":{"id":"c148","lines":"26 49 N6","n":3,"tram":0,"op":"KM Rybnik"},"geometry":{"type":"LineString","coordinates":[[18.546334,50.076121],[18.558095,50.076121]]}},{"type":"Feature","properties":{"id":"c149","lines":"12 41 48","n":3,"tram":0,"op":"mix"},"geometry":{"type":"LineString","coordinates":[[18.546334,50.076121],[18.546334,50.074862]]}},{"type":"Feature","properties":{"id":"c150","lines":"34","n":1,"tram":0,"op":"Wodzisław county"},"geometry":{"type":"LineString","coordinates":[[18.546334,50.076121],[18.542414,50.073603],[18.542414,50.071085]]}},{"type":"Feature","properties":{"id":"c151","lines":"34","n":1,"tram":0,"op":"Wodzisław county"},"geometry":{"type":"LineString","coordinates":[[18.546334,50.076121],[18.542414,50.073603],[18.542414,50.071085]]}},{"type":"Feature","properties":{"id":"c152","lines":"--> 26 49 N6","n":4,"tram":0,"op":"KM Rybnik"},"geometry":{"type":"LineString","coordinates":[[18.558095,50.076121],[18.560055,50.074862]]}},{"type":"Feature","properties":{"id":"c153","lines":"--> 12 13 14 26 32 41 49 N6","n":9,"tram":0,"op":"mix"},"geometry":{"type":"LineString","coordinates":[[18.560055,50.074862],[18.558095,50.073603]]}},{"type":"Feature","properties":{"id":"c154","lines":"12 13 14 32 41","n":5,"tram":0,"op":"mix"},"geometry":{"type":"LineString","coordinates":[[18.560055,50.074862],[18.562016,50.076121],[18.562016,50.07738]]}},{"type":"Feature","properties":{"id":"c155","lines":"--> 12 13 14 23 26 32 41 49 N6 PR","n":11,"tram":0,"op":"mix"},"geometry":{"type":"LineString","coordinates":[[18.558095,50.073603],[18.558095,50.072344]]}},{"type":"Feature","properties":{"id":"c156","lines":"30","n":1,"tram":0,"op":"KM Rybnik"},"geometry":{"type":"LineString","coordinates":[[18.558095,50.073603],[18.560055,50.073603],[18.563976,50.071085]]}},{"type":"Feature","properties":{"id":"c157","lines":"7 PR","n":2,"tram":0,"op":"KM Rybnik"},"geometry":{"type":"LineString","coordinates":[[18.558095,50.073603],[18.552215,50.073603]]}},{"type":"Feature","properties":{"id":"c158","lines":"--> 12 13 14 26 49 N6 PR","n":8,"tram":0,"op":"KM Rybnik"},"geometry":{"type":"LineString","coordinates":[[18.558095,50.072344],[18.556135,50.071085],[18.556135,50.069826]]}},{"type":"Feature","properties":{"id":"c159","lines":"-->","n":1,"tram":0,"op":"KM Rybnik"},"geometry":{"type":"LineString","coordinates":[[18.558095,50.072344],[18.558095,50.071085]]}},{"type":"Feature","properties":{"id":"c160","lines":"14 26 N6 PR","n":4,"tram":0,"op":"KM Rybnik"},"geometry":{"type":"LineString","coordinates":[[18.558095,50.072344],[18.560055,50.071085],[18.560055,50.068567]]}},{"type":"Feature","properties":{"id":"c161","lines":"14 32 41","n":3,"tram":0,"op":"mix"},"geometry":{"type":"LineString","coordinates":[[18.558095,50.072344],[18.554175,50.069826]]}},{"type":"Feature","properties":{"id":"c162","lines":"23","n":1,"tram":0,"op":"KM Rybnik"},"geometry":{"type":"LineString","coordinates":[[18.558095,50.072344],[18.562016,50.072344],[18.563976,50.071085]]}},{"type":"Feature","properties":{"id":"c163","lines":"30 49","n":2,"tram":0,"op":"KM Rybnik"},"geometry":{"type":"LineString","coordinates":[[18.565936,50.06479],[18.558095,50.06479]]}},{"type":"Feature","properties":{"id":"c164","lines":"5 12 13 15 23 27 29 33 36 41 43 46A N8 S12 S12A","n":15,"tram":0,"op":"mix"},"geometry":{"type":"LineString","coordinates":[[18.558095,50.06479],[18.558095,50.062272]]}},{"type":"Feature","properties":{"id":"c165","lines":"24","n":1,"tram":0,"op":"KM Rybnik"},"geometry":{"type":"LineString","coordinates":[[18.558095,50.06479],[18.560055,50.063531],[18.563976,50.063531]]}},{"type":"Feature","properties":{"id":"c166","lines":"1 3 4 6 9 43","n":6,"tram":0,"op":"KM Rybnik"},"geometry":{"type":"LineString","coordinates":[[18.556135,50.069826],[18.558095,50.071085]]}},{"type":"Feature","properties":{"id":"c167","lines":"15 30","n":2,"tram":0,"op":"KM Rybnik"},"geometry":{"type":"LineString","coordinates":[[18.556135,50.069826],[18.562016,50.069826],[18.563976,50.071085]]}},{"type":"Feature","properties":{"id":"c168","lines":"41 43","n":2,"tram":0,"op":"mix"},"geometry":{"type":"LineString","coordinates":[[18.556135,50.069826],[18.552215,50.069826]]}},{"type":"Feature","properties":{"id":"c169","lines":"43 45 PR","n":3,"tram":0,"op":"KM Rybnik"},"geometry":{"type":"LineString","coordinates":[[18.546334,50.074862],[18.536534,50.074862]]}},{"type":"Feature","properties":{"id":"c170","lines":"12 41 43 PR","n":4,"tram":0,"op":"mix"},"geometry":{"type":"LineString","coordinates":[[18.546334,50.074862],[18.550255,50.074862]]}},{"type":"Feature","properties":{"id":"c171","lines":"45","n":1,"tram":0,"op":"KM Rybnik"},"geometry":{"type":"LineString","coordinates":[[18.536534,50.074862],[18.532613,50.07738]]}},{"type":"Feature","properties":{"id":"c172","lines":"45","n":1,"tram":0,"op":"KM Rybnik"},"geometry":{"type":"LineString","coordinates":[[18.536534,50.074862],[18.532613,50.07738]]}},{"type":"Feature","properties":{"id":"c173","lines":"43 PR","n":2,"tram":0,"op":"KM Rybnik"},"geometry":{"type":"LineString","coordinates":[[18.536534,50.074862],[18.536534,50.079898],[18.534573,50.081157]]}},{"type":"Feature","properties":{"id":"c174","lines":"45","n":1,"tram":0,"op":"KM Rybnik"},"geometry":{"type":"LineString","coordinates":[[18.532613,50.07738],[18.518892,50.07738]]}},{"type":"Feature","properties":{"id":"c175","lines":"45","n":1,"tram":0,"op":"KM Rybnik"},"geometry":{"type":"LineString","coordinates":[[18.518892,50.07738],[18.511052,50.072344],[18.507131,50.072344]]}},{"type":"Feature","properties":{"id":"c176","lines":"45","n":1,"tram":0,"op":"KM Rybnik"},"geometry":{"type":"LineString","coordinates":[[18.518892,50.07738],[18.514972,50.07738],[18.507131,50.072344]]}},{"type":"Feature","properties":{"id":"c177","lines":"45","n":1,"tram":0,"op":"KM Rybnik"},"geometry":{"type":"LineString","coordinates":[[18.507131,50.072344],[18.499291,50.067308]]}},{"type":"Feature","properties":{"id":"c178","lines":"27 36","n":2,"tram":0,"op":"mix"},"geometry":{"type":"LineString","coordinates":[[18.499291,50.067308],[18.507131,50.067308]]}},{"type":"Feature","properties":{"id":"c179","lines":"6 43","n":2,"tram":0,"op":"KM Rybnik"},"geometry":{"type":"LineString","coordinates":[[18.558095,50.071085],[18.552215,50.071085]]}},{"type":"Feature","properties":{"id":"c180","lines":"5 17 18 19 22 43","n":6,"tram":0,"op":"KM Rybnik"},"geometry":{"type":"LineString","coordinates":[[18.558095,50.071085],[18.556135,50.071085],[18.554175,50.069826]]}},{"type":"Feature","properties":{"id":"c181","lines":"2 10","n":2,"tram":0,"op":"KM Rybnik"},"geometry":{"type":"LineString","coordinates":[[18.558095,50.071085],[18.563976,50.071085]]}},{"type":"Feature","properties":{"id":"c182","lines":"4 9 A N8","n":4,"tram":0,"op":"KM Rybnik"},"geometry":{"type":"LineString","coordinates":[[18.546334,50.068567],[18.542414,50.066049],[18.542414,50.06479]]}},{"type":"Feature","properties":{"id":"c183","lines":"14","n":1,"tram":0,"op":"KM Rybnik"},"geometry":{"type":"LineString","coordinates":[[18.546334,50.068567],[18.546334,50.066049]]}},{"type":"Feature","properties":{"id":"c184","lines":"4 9 10","n":3,"tram":0,"op":"KM Rybnik"},"geometry":{"type":"LineString","coordinates":[[18.542414,50.06479],[18.530653,50.06479]]}},{"type":"Feature","properties":{"id":"c185","lines":"10 33 43 48","n":4,"tram":0,"op":"mix"},"geometry":{"type":"LineString","coordinates":[[18.542414,50.06479],[18.544374,50.06479],[18.546334,50.066049]]}},{"type":"Feature","properties":{"id":"c186","lines":"9 10","n":2,"tram":0,"op":"KM Rybnik"},"geometry":{"type":"LineString","coordinates":[[18.530653,50.06479],[18.530653,50.063531],[18.522813,50.058494]]}},{"type":"Feature","properties":{"id":"c187","lines":"4 10","n":2,"tram":0,"op":"KM Rybnik"},"geometry":{"type":"LineString","coordinates":[[18.530653,50.06479],[18.530653,50.063531],[18.524773,50.059754],[18.524773,50.058494]]}},{"type":"Feature","properties":{"id":"c188","lines":"7 9 10","n":3,"tram":0,"op":"KM Rybnik"},"geometry":{"type":"LineString","coordinates":[[18.522813,50.058494],[18.518892,50.055976]]}},{"type":"Feature","properties":{"id":"c189","lines":"7","n":1,"tram":0,"op":"KM Rybnik"},"geometry":{"type":"LineString","coordinates":[[18.522813,50.058494],[18.524773,50.058494]]}},{"type":"Feature","properties":{"id":"c190","lines":"4 7 9 10","n":4,"tram":0,"op":"KM Rybnik"},"geometry":{"type":"LineString","coordinates":[[18.518892,50.055976],[18.513012,50.055976]]}},{"type":"Feature","properties":{"id":"c191","lines":"4 7 10","n":3,"tram":0,"op":"KM Rybnik"},"geometry":{"type":"LineString","coordinates":[[18.518892,50.055976],[18.520852,50.055976],[18.524773,50.058494]]}},{"type":"Feature","properties":{"id":"c192","lines":"4 7 10","n":3,"tram":0,"op":"KM Rybnik"},"geometry":{"type":"LineString","coordinates":[[18.518892,50.055976],[18.516932,50.057235]]}},{"type":"Feature","properties":{"id":"c193","lines":"4 9 10","n":3,"tram":0,"op":"KM Rybnik"},"geometry":{"type":"LineString","coordinates":[[18.513012,50.055976],[18.513012,50.054717]]}},{"type":"Feature","properties":{"id":"c194","lines":"4 9 23 205","n":4,"tram":0,"op":"mix"},"geometry":{"type":"LineString","coordinates":[[18.513012,50.055976],[18.516932,50.053458]]}},{"type":"Feature","properties":{"id":"c195","lines":"7 23","n":2,"tram":0,"op":"KM Rybnik"},"geometry":{"type":"LineString","coordinates":[[18.513012,50.055976],[18.511052,50.057235]]}},{"type":"Feature","properties":{"id":"c196","lines":"7 10 204 205","n":4,"tram":0,"op":"mix"},"geometry":{"type":"LineString","coordinates":[[18.513012,50.055976],[18.511052,50.055976]]}},{"type":"Feature","properties":{"id":"c197","lines":"4 9 10 204 205","n":5,"tram":0,"op":"mix"},"geometry":{"type":"LineString","coordinates":[[18.513012,50.054717],[18.516932,50.057235]]}},{"type":"Feature","properties":{"id":"c198","lines":"10","n":1,"tram":0,"op":"KM Rybnik"},"geometry":{"type":"LineString","coordinates":[[18.513012,50.054717],[18.507131,50.054717]]}},{"type":"Feature","properties":{"id":"c199","lines":"204 205","n":2,"tram":0,"op":"MZK Jastrzębie + region"},"geometry":{"type":"LineString","coordinates":[[18.513012,50.054717],[18.511052,50.053458],[18.507131,50.053458]]}},{"type":"Feature","properties":{"id":"c200","lines":"4 9 23","n":3,"tram":0,"op":"KM Rybnik"},"geometry":{"type":"LineString","coordinates":[[18.516932,50.053458],[18.518892,50.052199]]}},{"type":"Feature","properties":{"id":"c201","lines":"9 23 205","n":3,"tram":0,"op":"mix"},"geometry":{"type":"LineString","coordinates":[[18.516932,50.053458],[18.516932,50.057235]]}},{"type":"Feature","properties":{"id":"c202","lines":"205","n":1,"tram":0,"op":"MZK Jastrzębie + region"},"geometry":{"type":"LineString","coordinates":[[18.516932,50.053458],[18.516932,50.05094]]}},{"type":"Feature","properties":{"id":"c203","lines":"205","n":1,"tram":0,"op":"MZK Jastrzębie + region"},"geometry":{"type":"LineString","coordinates":[[18.516932,50.053458],[18.514972,50.054717]]}},{"type":"Feature","properties":{"id":"c204","lines":"205","n":1,"tram":0,"op":"MZK Jastrzębie + region"},"geometry":{"type":"LineString","coordinates":[[18.516932,50.053458],[18.516932,50.05094]]}},{"type":"Feature","properties":{"id":"c205","lines":"1 4 9 23 N6","n":5,"tram":0,"op":"KM Rybnik"},"geometry":{"type":"LineString","coordinates":[[18.518892,50.052199],[18.518892,50.049681],[18.514972,50.047163]]}},{"type":"Feature","properties":{"id":"c206","lines":"1 N6","n":2,"tram":0,"op":"KM Rybnik"},"geometry":{"type":"LineString","coordinates":[[18.518892,50.052199],[18.522813,50.054717],[18.524773,50.054717]]}},{"type":"Feature","properties":{"id":"c207","lines":"9 24","n":2,"tram":0,"op":"KM Rybnik"},"geometry":{"type":"LineString","coordinates":[[18.514972,50.047163],[18.518892,50.049681]]}},{"type":"Feature","properties":{"id":"c208","lines":"4 24","n":2,"tram":0,"op":"KM Rybnik"},"geometry":{"type":"LineString","coordinates":[[18.514972,50.047163],[18.518892,50.049681]]}},{"type":"Feature","properties":{"id":"c209","lines":"24","n":1,"tram":0,"op":"KM Rybnik"},"geometry":{"type":"LineString","coordinates":[[18.514972,50.047163],[18.511052,50.047163]]}},{"type":"Feature","properties":{"id":"c210","lines":"1 23 N6","n":3,"tram":0,"op":"KM Rybnik"},"geometry":{"type":"LineString","coordinates":[[18.514972,50.047163],[18.516932,50.045904]]}},{"type":"Feature","properties":{"id":"c211","lines":"4 9 24","n":3,"tram":0,"op":"KM Rybnik"},"geometry":{"type":"LineString","coordinates":[[18.518892,50.049681],[18.522813,50.049681],[18.524773,50.05094]]}},{"type":"Feature","properties":{"id":"c212","lines":"2 3 4 9","n":4,"tram":0,"op":"KM Rybnik"},"geometry":{"type":"LineString","coordinates":[[18.524773,50.05094],[18.528693,50.053458]]}},{"type":"Feature","properties":{"id":"c213","lines":"6 23 N6","n":3,"tram":0,"op":"KM Rybnik"},"geometry":{"type":"LineString","coordinates":[[18.524773,50.05094],[18.528693,50.048422]]}},{"type":"Feature","properties":{"id":"c214","lines":"2 3 6 23 N6","n":5,"tram":0,"op":"KM Rybnik"},"geometry":{"type":"LineString","coordinates":[[18.524773,50.05094],[18.516932,50.045904]]}},{"type":"Feature","properties":{"id":"c215","lines":"24","n":1,"tram":0,"op":"KM Rybnik"},"geometry":{"type":"LineString","coordinates":[[18.524773,50.05094],[18.524773,50.054717]]}},{"type":"Feature","properties":{"id":"c216","lines":"2 3 4 9","n":4,"tram":0,"op":"KM Rybnik"},"geometry":{"type":"LineString","coordinates":[[18.528693,50.053458],[18.530653,50.053458],[18.536534,50.057235]]}},{"type":"Feature","properties":{"id":"c217","lines":"1 N6","n":2,"tram":0,"op":"KM Rybnik"},"geometry":{"type":"LineString","coordinates":[[18.528693,50.053458],[18.534573,50.057235],[18.534573,50.058494]]}},{"type":"Feature","properties":{"id":"c218","lines":"1 N6","n":2,"tram":0,"op":"KM Rybnik"},"geometry":{"type":"LineString","coordinates":[[18.528693,50.053458],[18.526733,50.054717],[18.524773,50.054717]]}},{"type":"Feature","properties":{"id":"c219","lines":"2 3 4 5 6 8 9 22 N6 W10","n":10,"tram":0,"op":"mix"},"geometry":{"type":"LineString","coordinates":[[18.536534,50.057235],[18.542414,50.061013]]}},{"type":"Feature","properties":{"id":"c220","lines":"5 6 8 22 N6 W10","n":6,"tram":0,"op":"mix"},"geometry":{"type":"LineString","coordinates":[[18.536534,50.057235],[18.536534,50.055976],[18.530653,50.052199]]}},{"type":"Feature","properties":{"id":"c221","lines":"2 3 4 6 8 9 N6 W10","n":8,"tram":0,"op":"mix"},"geometry":{"type":"LineString","coordinates":[[18.542414,50.061013],[18.546334,50.063531]]}},{"type":"Feature","properties":{"id":"c222","lines":"7 8 9 A N6","n":5,"tram":0,"op":"KM Rybnik"},"geometry":{"type":"LineString","coordinates":[[18.546334,50.063531],[18.546334,50.06479],[18.548295,50.066049]]}},{"type":"Feature","properties":{"id":"c223","lines":"1 2 3 6 N6","n":5,"tram":0,"op":"KM Rybnik"},"geometry":{"type":"LineString","coordinates":[[18.546334,50.063531],[18.546334,50.06479],[18.550255,50.067308]]}},{"type":"Feature","properties":{"id":"c224","lines":"4 8 A","n":3,"tram":0,"op":"KM Rybnik"},"geometry":{"type":"LineString","coordinates":[[18.546334,50.063531],[18.548295,50.063531],[18.552215,50.066049]]}},{"type":"Feature","properties":{"id":"c225","lines":"1 7 N6","n":3,"tram":0,"op":"KM Rybnik"},"geometry":{"type":"LineString","coordinates":[[18.546334,50.063531],[18.544374,50.063531],[18.540454,50.061013]]}},{"type":"Feature","properties":{"id":"c226","lines":"A","n":1,"tram":0,"op":"KM Rybnik"},"geometry":{"type":"LineString","coordinates":[[18.546334,50.063531],[18.546334,50.058494]]}},{"type":"Feature","properties":{"id":"c227","lines":"10 14","n":2,"tram":0,"op":"KM Rybnik"},"geometry":{"type":"LineString","coordinates":[[18.548295,50.066049],[18.546334,50.066049]]}},{"type":"Feature","properties":{"id":"c228","lines":"7 23","n":2,"tram":0,"op":"KM Rybnik"},"geometry":{"type":"LineString","coordinates":[[18.516932,50.057235],[18.511052,50.057235]]}},{"type":"Feature","properties":{"id":"c229","lines":"33 43 48","n":3,"tram":0,"op":"mix"},"geometry":{"type":"LineString","coordinates":[[18.546334,50.066049],[18.548295,50.067308],[18.550255,50.067308]]}},{"type":"Feature","properties":{"id":"c230","lines":"10 14","n":2,"tram":0,"op":"KM Rybnik"},"geometry":{"type":"LineString","coordinates":[[18.546334,50.066049],[18.552215,50.066049]]}},{"type":"Feature","properties":{"id":"c231","lines":"12 41 48","n":3,"tram":0,"op":"mix"},"geometry":{"type":"LineString","coordinates":[[18.560055,50.078639],[18.552215,50.078639]]}},{"type":"Feature","properties":{"id":"c232","lines":"12 41","n":2,"tram":0,"op":"mix"},"geometry":{"type":"LineString","coordinates":[[18.560055,50.078639],[18.562016,50.07738]]}},{"type":"Feature","properties":{"id":"c233","lines":"12 13 15 27 29 32 33 36 41 43 S12 S12A","n":12,"tram":0,"op":"mix"},"geometry":{"type":"LineString","coordinates":[[18.556135,50.055976],[18.556135,50.054717]]}},{"type":"Feature","properties":{"id":"c234","lines":"S12 S12A","n":2,"tram":0,"op":"MZK Jastrzębie + region"},"geometry":{"type":"LineString","coordinates":[[18.556135,50.055976],[18.560055,50.053458],[18.560055,50.052199]]}},{"type":"Feature","properties":{"id":"c235","lines":"13 32 33 S12 S12A","n":5,"tram":0,"op":"mix"},"geometry":{"type":"LineString","coordinates":[[18.556135,50.054717],[18.560055,50.052199]]}},{"type":"Feature","properties":{"id":"c236","lines":"13 32 33 S12 S12A","n":5,"tram":0,"op":"mix"},"geometry":{"type":"LineString","coordinates":[[18.560055,50.052199],[18.560055,50.05094],[18.567896,50.045904]]}},{"type":"Feature","properties":{"id":"c237","lines":"13 32 33","n":3,"tram":0,"op":"mix"},"geometry":{"type":"LineString","coordinates":[[18.567896,50.045904],[18.573776,50.042127],[18.573776,50.040868]]}},{"type":"Feature","properties":{"id":"c238","lines":"30","n":1,"tram":0,"op":"KM Rybnik"},"geometry":{"type":"LineString","coordinates":[[18.567896,50.045904],[18.565936,50.045904]]}},{"type":"Feature","properties":{"id":"c239","lines":"30","n":1,"tram":0,"op":"KM Rybnik"},"geometry":{"type":"LineString","coordinates":[[18.567896,50.045904],[18.571816,50.048422]]}},{"type":"Feature","properties":{"id":"c240","lines":"S12 S12A","n":2,"tram":0,"op":"MZK Jastrzębie + region"},"geometry":{"type":"LineString","coordinates":[[18.567896,50.045904],[18.573776,50.042127],[18.573776,50.040868]]}},{"type":"Feature","properties":{"id":"c241","lines":"S12 S12A","n":2,"tram":0,"op":"MZK Jastrzębie + region"},"geometry":{"type":"LineString","coordinates":[[18.567896,50.045904],[18.573776,50.042127],[18.573776,50.040868]]}},{"type":"Feature","properties":{"id":"c242","lines":"13 32 33 S12 S12A","n":5,"tram":0,"op":"mix"},"geometry":{"type":"LineString","coordinates":[[18.573776,50.040868],[18.573776,50.039609],[18.589458,50.029536]]}},{"type":"Feature","properties":{"id":"c243","lines":"33","n":1,"tram":0,"op":"Wodzisław county"},"geometry":{"type":"LineString","coordinates":[[18.589458,50.029536],[18.589458,50.027018]]}},{"type":"Feature","properties":{"id":"c244","lines":"S12 S12A","n":2,"tram":0,"op":"MZK Jastrzębie + region"},"geometry":{"type":"LineString","coordinates":[[18.589458,50.029536],[18.599258,50.023241],[18.599258,50.020723]]}},{"type":"Feature","properties":{"id":"c245","lines":"S12 S12A","n":2,"tram":0,"op":"MZK Jastrzębie + region"},"geometry":{"type":"LineString","coordinates":[[18.589458,50.029536],[18.599258,50.023241],[18.599258,50.020723]]}},{"type":"Feature","properties":{"id":"c246","lines":"05 33","n":2,"tram":0,"op":"mix"},"geometry":{"type":"LineString","coordinates":[[18.589458,50.027018],[18.579657,50.020723],[18.579657,50.019464]]}},{"type":"Feature","properties":{"id":"c247","lines":"05","n":1,"tram":0,"op":"MZK Jastrzębie + region"},"geometry":{"type":"LineString","coordinates":[[18.589458,50.027018],[18.603179,50.027018],[18.611019,50.032054]]}},{"type":"Feature","properties":{"id":"c248","lines":"33 208","n":2,"tram":0,"op":"mix"},"geometry":{"type":"LineString","coordinates":[[18.579657,50.019464],[18.583577,50.016946],[18.583577,50.006874]]}},{"type":"Feature","properties":{"id":"c249","lines":"208","n":1,"tram":0,"op":"MZK Jastrzębie + region"},"geometry":{"type":"LineString","coordinates":[[18.579657,50.019464],[18.575737,50.016946],[18.554175,50.016946]]}},{"type":"Feature","properties":{"id":"c250","lines":"6 12 41 43 PR","n":5,"tram":0,"op":"mix"},"geometry":{"type":"LineString","coordinates":[[18.550255,50.074862],[18.552215,50.073603]]}},{"type":"Feature","properties":{"id":"c251","lines":"6 7 12 41 43 A","n":6,"tram":0,"op":"mix"},"geometry":{"type":"LineString","coordinates":[[18.552215,50.073603],[18.552215,50.071085]]}},{"type":"Feature","properties":{"id":"c252","lines":"12 41","n":2,"tram":0,"op":"mix"},"geometry":{"type":"LineString","coordinates":[[18.552215,50.071085],[18.552215,50.069826]]}},{"type":"Feature","properties":{"id":"c253","lines":"7","n":1,"tram":0,"op":"KM Rybnik"},"geometry":{"type":"LineString","coordinates":[[18.552215,50.071085],[18.550255,50.069826],[18.550255,50.068567]]}},{"type":"Feature","properties":{"id":"c254","lines":"6 8 22 N6 W10","n":5,"tram":0,"op":"mix"},"geometry":{"type":"LineString","coordinates":[[18.530653,50.052199],[18.528693,50.05094],[18.528693,50.048422]]}},{"type":"Feature","properties":{"id":"c255","lines":"5","n":1,"tram":0,"op":"KM Rybnik"},"geometry":{"type":"LineString","coordinates":[[18.530653,50.052199],[18.530653,50.049681]]}},{"type":"Feature","properties":{"id":"c256","lines":"22","n":1,"tram":0,"op":"KM Rybnik"},"geometry":{"type":"LineString","coordinates":[[18.528693,50.048422],[18.534573,50.048422],[18.536534,50.049681]]}},{"type":"Feature","properties":{"id":"c257","lines":"8 W10","n":2,"tram":0,"op":"mix"},"geometry":{"type":"LineString","coordinates":[[18.528693,50.048422],[18.526733,50.047163],[18.526733,50.042127]]}},{"type":"Feature","properties":{"id":"c258","lines":"23","n":1,"tram":0,"op":"KM Rybnik"},"geometry":{"type":"LineString","coordinates":[[18.528693,50.048422],[18.530653,50.049681]]}},{"type":"Feature","properties":{"id":"c259","lines":"1 2 3 6","n":4,"tram":0,"op":"KM Rybnik"},"geometry":{"type":"LineString","coordinates":[[18.516932,50.045904],[18.514972,50.044645],[18.514972,50.042127]]}},{"type":"Feature","properties":{"id":"c260","lines":"1 2 3 6 201 202 207 209 210","n":9,"tram":0,"op":"mix"},"geometry":{"type":"LineString","coordinates":[[18.514972,50.042127],[18.516932,50.040868],[18.516932,50.03835]]}},{"type":"Feature","properties":{"id":"c261","lines":"8 203","n":2,"tram":0,"op":"mix"},"geometry":{"type":"LineString","coordinates":[[18.514972,50.042127],[18.518892,50.042127]]}},{"type":"Feature","properties":{"id":"c262","lines":"8 59 201 202 203","n":5,"tram":0,"op":"mix"},"geometry":{"type":"LineString","coordinates":[[18.514972,50.042127],[18.511052,50.039609]]}},{"type":"Feature","properties":{"id":"c263","lines":"8 59 207 209 210","n":5,"tram":0,"op":"mix"},"geometry":{"type":"LineString","coordinates":[[18.514972,50.042127],[18.509092,50.042127]]}},{"type":"Feature","properties":{"id":"c264","lines":"1 3 6","n":3,"tram":0,"op":"KM Rybnik"},"geometry":{"type":"LineString","coordinates":[[18.516932,50.03835],[18.518892,50.037091]]}},{"type":"Feature","properties":{"id":"c265","lines":"2 207 209","n":3,"tram":0,"op":"mix"},"geometry":{"type":"LineString","coordinates":[[18.516932,50.03835],[18.522813,50.03835]]}},{"type":"Feature","properties":{"id":"c266","lines":"201 202","n":2,"tram":0,"op":"MZK Jastrzębie + region"},"geometry":{"type":"LineString","coordinates":[[18.516932,50.03835],[18.516932,50.034573],[18.518892,50.033314]]}},{"type":"Feature","properties":{"id":"c267","lines":"1 26 27 28 29 36","n":6,"tram":0,"op":"mix"},"geometry":{"type":"LineString","coordinates":[[18.534573,50.066049],[18.532613,50.066049]]}},{"type":"Feature","properties":{"id":"c268","lines":"1 24 26 27 28 29 36","n":7,"tram":0,"op":"mix"},"geometry":{"type":"LineString","coordinates":[[18.532613,50.066049],[18.526733,50.066049]]}},{"type":"Feature","properties":{"id":"c269","lines":"24","n":1,"tram":0,"op":"KM Rybnik"},"geometry":{"type":"LineString","coordinates":[[18.532613,50.066049],[18.532613,50.061013],[18.524773,50.055976],[18.524773,50.054717]]}},{"type":"Feature","properties":{"id":"c270","lines":"1 24 26 27 28 29 36","n":7,"tram":0,"op":"mix"},"geometry":{"type":"LineString","coordinates":[[18.526733,50.066049],[18.524773,50.066049]]}},{"type":"Feature","properties":{"id":"c271","lines":"24","n":1,"tram":0,"op":"KM Rybnik"},"geometry":{"type":"LineString","coordinates":[[18.526733,50.066049],[18.530653,50.068567],[18.532613,50.068567]]}},{"type":"Feature","properties":{"id":"c272","lines":"27 28 29 36","n":4,"tram":0,"op":"mix"},"geometry":{"type":"LineString","coordinates":[[18.524773,50.066049],[18.520852,50.066049]]}},{"type":"Feature","properties":{"id":"c273","lines":"12 24 34 43 N8","n":5,"tram":0,"op":"mix"},"geometry":{"type":"LineString","coordinates":[[18.554175,50.069826],[18.552215,50.069826]]}},{"type":"Feature","properties":{"id":"c274","lines":"5 23","n":2,"tram":0,"op":"KM Rybnik"},"geometry":{"type":"LineString","coordinates":[[18.536534,50.049681],[18.530653,50.049681]]}},{"type":"Feature","properties":{"id":"c275","lines":"8","n":1,"tram":0,"op":"KM Rybnik"},"geometry":{"type":"LineString","coordinates":[[18.526733,50.042127],[18.522813,50.042127]]}},{"type":"Feature","properties":{"id":"c276","lines":"W10","n":1,"tram":0,"op":"MZK Jastrzębie + region"},"geometry":{"type":"LineString","coordinates":[[18.526733,50.042127],[18.526733,50.040868],[18.522813,50.03835]]}},{"type":"Feature","properties":{"id":"c277","lines":"8","n":1,"tram":0,"op":"KM Rybnik"},"geometry":{"type":"LineString","coordinates":[[18.522813,50.042127],[18.518892,50.042127]]}},{"type":"Feature","properties":{"id":"c278","lines":"203","n":1,"tram":0,"op":"MZK Jastrzębie + region"},"geometry":{"type":"LineString","coordinates":[[18.522813,50.042127],[18.518892,50.042127]]}},{"type":"Feature","properties":{"id":"c279","lines":"203","n":1,"tram":0,"op":"MZK Jastrzębie + region"},"geometry":{"type":"LineString","coordinates":[[18.522813,50.042127],[18.522813,50.03835]]}},{"type":"Feature","properties":{"id":"c280","lines":"203","n":1,"tram":0,"op":"MZK Jastrzębie + region"},"geometry":{"type":"LineString","coordinates":[[18.522813,50.042127],[18.518892,50.042127]]}},{"type":"Feature","properties":{"id":"c281","lines":"8 201 202","n":3,"tram":0,"op":"mix"},"geometry":{"type":"LineString","coordinates":[[18.511052,50.039609],[18.509092,50.039609]]}},{"type":"Feature","properties":{"id":"c282","lines":"59","n":1,"tram":0,"op":"Wodzisław county"},"geometry":{"type":"LineString","coordinates":[[18.511052,50.039609],[18.511052,50.035832],[18.509092,50.034573]]}},{"type":"Feature","properties":{"id":"c283","lines":"203","n":1,"tram":0,"op":"MZK Jastrzębie + region"},"geometry":{"type":"LineString","coordinates":[[18.511052,50.039609],[18.509092,50.03835],[18.507131,50.03835]]}},{"type":"Feature","properties":{"id":"c284","lines":"8 201 202 205 206","n":5,"tram":0,"op":"mix"},"geometry":{"type":"LineString","coordinates":[[18.509092,50.039609],[18.505171,50.042127]]}},{"type":"Feature","properties":{"id":"c285","lines":"205 206","n":2,"tram":0,"op":"MZK Jastrzębie + region"},"geometry":{"type":"LineString","coordinates":[[18.509092,50.039609],[18.509092,50.034573]]}},{"type":"Feature","properties":{"id":"c286","lines":"205 206","n":2,"tram":0,"op":"MZK Jastrzębie + region"},"geometry":{"type":"LineString","coordinates":[[18.509092,50.039609],[18.509092,50.034573]]}},{"type":"Feature","properties":{"id":"c287","lines":"210","n":1,"tram":0,"op":"MZK Jastrzębie + region"},"geometry":{"type":"LineString","coordinates":[[18.509092,50.039609],[18.509092,50.042127]]}},{"type":"Feature","properties":{"id":"c288","lines":"210","n":1,"tram":0,"op":"MZK Jastrzębie + region"},"geometry":{"type":"LineString","coordinates":[[18.509092,50.039609],[18.507131,50.03835]]}},{"type":"Feature","properties":{"id":"c289","lines":"8 59 201 202 205 206 207","n":7,"tram":0,"op":"mix"},"geometry":{"type":"LineString","coordinates":[[18.505171,50.042127],[18.503211,50.043386]]}},{"type":"Feature","properties":{"id":"c290","lines":"8 59 207","n":3,"tram":0,"op":"mix"},"geometry":{"type":"LineString","coordinates":[[18.505171,50.042127],[18.509092,50.042127]]}},{"type":"Feature","properties":{"id":"c291","lines":"8 59 201 202 204 205 206 207","n":8,"tram":0,"op":"mix"},"geometry":{"type":"LineString","coordinates":[[18.503211,50.043386],[18.499291,50.043386]]}},{"type":"Feature","properties":{"id":"c292","lines":"204","n":1,"tram":0,"op":"MZK Jastrzębie + region"},"geometry":{"type":"LineString","coordinates":[[18.503211,50.043386],[18.501251,50.044645],[18.501251,50.048422]]}},{"type":"Feature","properties":{"id":"c293","lines":"29 201 202 203 205 206","n":6,"tram":0,"op":"mix"},"geometry":{"type":"LineString","coordinates":[[18.499291,50.043386],[18.499291,50.045904]]}},{"type":"Feature","properties":{"id":"c294","lines":"10 28 59 201 202","n":5,"tram":0,"op":"mix"},"geometry":{"type":"LineString","coordinates":[[18.499291,50.043386],[18.501251,50.043386],[18.505171,50.045904]]}},{"type":"Feature","properties":{"id":"c295","lines":"10 204","n":2,"tram":0,"op":"mix"},"geometry":{"type":"LineString","coordinates":[[18.499291,50.043386],[18.499291,50.040868],[18.497331,50.039609],[18.497331,50.035832]]}},{"type":"Feature","properties":{"id":"c296","lines":"201","n":1,"tram":0,"op":"MZK Jastrzębie + region"},"geometry":{"type":"LineString","coordinates":[[18.499291,50.043386],[18.495371,50.043386]]}},{"type":"Feature","properties":{"id":"c297","lines":"202","n":1,"tram":0,"op":"MZK Jastrzębie + region"},"geometry":{"type":"LineString","coordinates":[[18.499291,50.043386],[18.495371,50.043386]]}},{"type":"Feature","properties":{"id":"c298","lines":"13 14 32","n":3,"tram":0,"op":"mix"},"geometry":{"type":"LineString","coordinates":[[18.562016,50.07738],[18.562016,50.079898]]}},{"type":"Feature","properties":{"id":"c299","lines":"13 14 32 34","n":4,"tram":0,"op":"mix"},"geometry":{"type":"LineString","coordinates":[[18.562016,50.079898],[18.560055,50.081157]]}},{"type":"Feature","properties":{"id":"c300","lines":"14","n":1,"tram":0,"op":"KM Rybnik"},"geometry":{"type":"LineString","coordinates":[[18.562016,50.079898],[18.562016,50.082416],[18.560055,50.083675]]}},{"type":"Feature","properties":{"id":"c301","lines":"13 14 32","n":3,"tram":0,"op":"mix"},"geometry":{"type":"LineString","coordinates":[[18.560055,50.081157],[18.556135,50.081157]]}},{"type":"Feature","properties":{"id":"c302","lines":"14 34","n":2,"tram":0,"op":"mix"},"geometry":{"type":"LineString","coordinates":[[18.560055,50.081157],[18.560055,50.083675]]}},{"type":"Feature","properties":{"id":"c303","lines":"13 14","n":2,"tram":0,"op":"KM Rybnik"},"geometry":{"type":"LineString","coordinates":[[18.556135,50.081157],[18.546334,50.081157]]}},{"type":"Feature","properties":{"id":"c304","lines":"14","n":1,"tram":0,"op":"KM Rybnik"},"geometry":{"type":"LineString","coordinates":[[18.556135,50.081157],[18.560055,50.083675]]}},{"type":"Feature","properties":{"id":"c305","lines":"14 32","n":2,"tram":0,"op":"mix"},"geometry":{"type":"LineString","coordinates":[[18.556135,50.081157],[18.546334,50.081157]]}},{"type":"Feature","properties":{"id":"c306","lines":"7","n":1,"tram":0,"op":"KM Rybnik"},"geometry":{"type":"LineString","coordinates":[[18.524773,50.058494],[18.526733,50.058494],[18.528693,50.059754],[18.532613,50.059754]]}},{"type":"Feature","properties":{"id":"c307","lines":"15 16 51","n":3,"tram":0,"op":"mix"},"geometry":{"type":"LineString","coordinates":[[18.597298,50.062272],[18.587497,50.068567],[18.573776,50.068567]]}},{"type":"Feature","properties":{"id":"c308","lines":"16 51","n":2,"tram":0,"op":"mix"},"geometry":{"type":"LineString","coordinates":[[18.573776,50.068567],[18.571816,50.068567],[18.567896,50.071085]]}},{"type":"Feature","properties":{"id":"c309","lines":"15 28","n":2,"tram":0,"op":"KM Rybnik"},"geometry":{"type":"LineString","coordinates":[[18.573776,50.068567],[18.571816,50.068567],[18.567896,50.071085]]}},{"type":"Feature","properties":{"id":"c310","lines":"15 28","n":2,"tram":0,"op":"KM Rybnik"},"geometry":{"type":"LineString","coordinates":[[18.573776,50.068567],[18.569856,50.071085]]}},{"type":"Feature","properties":{"id":"c311","lines":"15","n":1,"tram":0,"op":"KM Rybnik"},"geometry":{"type":"LineString","coordinates":[[18.567896,50.071085],[18.563976,50.071085]]}},{"type":"Feature","properties":{"id":"c312","lines":"17 18 19","n":3,"tram":0,"op":"KM Rybnik"},"geometry":{"type":"LineString","coordinates":[[18.567896,50.071085],[18.571816,50.073603],[18.573776,50.073603]]}},{"type":"Feature","properties":{"id":"c313","lines":"28 300 301 302 306","n":5,"tram":0,"op":"mix"},"geometry":{"type":"LineString","coordinates":[[18.567896,50.071085],[18.569856,50.071085]]}},{"type":"Feature","properties":{"id":"c314","lines":"15","n":1,"tram":0,"op":"KM Rybnik"},"geometry":{"type":"LineString","coordinates":[[18.563976,50.071085],[18.569856,50.071085]]}},{"type":"Feature","properties":{"id":"c315","lines":"30","n":1,"tram":0,"op":"KM Rybnik"},"geometry":{"type":"LineString","coordinates":[[18.563976,50.071085],[18.560055,50.073603]]}},{"type":"Feature","properties":{"id":"c316","lines":"300 301 302 306","n":4,"tram":0,"op":"MZK Jastrzębie + region"},"geometry":{"type":"LineString","coordinates":[[18.569856,50.071085],[18.589458,50.071085],[18.593378,50.073603]]}},{"type":"Feature","properties":{"id":"c317","lines":"300 301 302 306","n":4,"tram":0,"op":"MZK Jastrzębie + region"},"geometry":{"type":"LineString","coordinates":[[18.569856,50.071085],[18.577697,50.071085],[18.581617,50.073603],[18.593378,50.073603]]}},{"type":"Feature","properties":{"id":"c318","lines":"18 19","n":2,"tram":0,"op":"KM Rybnik"},"geometry":{"type":"LineString","coordinates":[[18.573776,50.073603],[18.581617,50.078639]]}},{"type":"Feature","properties":{"id":"c319","lines":"17","n":1,"tram":0,"op":"KM Rybnik"},"geometry":{"type":"LineString","coordinates":[[18.573776,50.073603],[18.579657,50.073603],[18.587497,50.078639],[18.601218,50.078639]]}},{"type":"Feature","properties":{"id":"c320","lines":"18 19","n":2,"tram":0,"op":"KM Rybnik"},"geometry":{"type":"LineString","coordinates":[[18.581617,50.078639],[18.581617,50.082416],[18.583577,50.083675]]}},{"type":"Feature","properties":{"id":"c321","lines":"18 19","n":2,"tram":0,"op":"KM Rybnik"},"geometry":{"type":"LineString","coordinates":[[18.581617,50.078639],[18.585537,50.081157],[18.585537,50.082416]]}},{"type":"Feature","properties":{"id":"c322","lines":"18 19 303","n":3,"tram":0,"op":"mix"},"geometry":{"type":"LineString","coordinates":[[18.583577,50.083675],[18.585537,50.082416]]}},{"type":"Feature","properties":{"id":"c323","lines":"303","n":1,"tram":0,"op":"MZK Jastrzębie + region"},"geometry":{"type":"LineString","coordinates":[[18.583577,50.083675],[18.589458,50.087453],[18.589458,50.088712]]}},{"type":"Feature","properties":{"id":"c324","lines":"303","n":1,"tram":0,"op":"MZK Jastrzębie + region"},"geometry":{"type":"LineString","coordinates":[[18.583577,50.083675],[18.583577,50.084935],[18.589458,50.088712]]}},{"type":"Feature","properties":{"id":"c325","lines":"303","n":1,"tram":0,"op":"MZK Jastrzębie + region"},"geometry":{"type":"LineString","coordinates":[[18.585537,50.082416],[18.591418,50.078639]]}},{"type":"Feature","properties":{"id":"c326","lines":"14 34","n":2,"tram":0,"op":"mix"},"geometry":{"type":"LineString","coordinates":[[18.560055,50.083675],[18.560055,50.084935]]}},{"type":"Feature","properties":{"id":"c327","lines":"14","n":1,"tram":0,"op":"KM Rybnik"},"geometry":{"type":"LineString","coordinates":[[18.560055,50.084935],[18.560055,50.087453]]}},{"type":"Feature","properties":{"id":"c328","lines":"14 34","n":2,"tram":0,"op":"mix"},"geometry":{"type":"LineString","coordinates":[[18.560055,50.084935],[18.560055,50.087453]]}},{"type":"Feature","properties":{"id":"c329","lines":"34","n":1,"tram":0,"op":"Wodzisław county"},"geometry":{"type":"LineString","coordinates":[[18.560055,50.087453],[18.569856,50.093748],[18.573776,50.093748]]}},{"type":"Feature","properties":{"id":"c330","lines":"1 7 N6","n":3,"tram":0,"op":"KM Rybnik"},"geometry":{"type":"LineString","coordinates":[[18.540454,50.061013],[18.538494,50.061013],[18.534573,50.058494]]}},{"type":"Feature","properties":{"id":"c331","lines":"7","n":1,"tram":0,"op":"KM Rybnik"},"geometry":{"type":"LineString","coordinates":[[18.540454,50.061013],[18.534573,50.061013],[18.532613,50.059754]]}},{"type":"Feature","properties":{"id":"c332","lines":"7","n":1,"tram":0,"op":"KM Rybnik"},"geometry":{"type":"LineString","coordinates":[[18.534573,50.058494],[18.532613,50.059754]]}},{"type":"Feature","properties":{"id":"c333","lines":"27 28 29","n":3,"tram":0,"op":"KM Rybnik"},"geometry":{"type":"LineString","coordinates":[[18.520852,50.066049],[18.518892,50.06479],[18.511052,50.06479]]}},{"type":"Feature","properties":{"id":"c334","lines":"36","n":1,"tram":0,"op":"Wodzisław county"},"geometry":{"type":"LineString","coordinates":[[18.520852,50.066049],[18.518892,50.067308],[18.507131,50.067308]]}},{"type":"Feature","properties":{"id":"c335","lines":"29","n":1,"tram":0,"op":"KM Rybnik"},"geometry":{"type":"LineString","coordinates":[[18.511052,50.06479],[18.495371,50.054717]]}},{"type":"Feature","properties":{"id":"c336","lines":"27","n":1,"tram":0,"op":"KM Rybnik"},"geometry":{"type":"LineString","coordinates":[[18.511052,50.06479],[18.507131,50.067308]]}},{"type":"Feature","properties":{"id":"c337","lines":"28","n":1,"tram":0,"op":"KM Rybnik"},"geometry":{"type":"LineString","coordinates":[[18.511052,50.06479],[18.501251,50.058494],[18.501251,50.052199]]}},{"type":"Feature","properties":{"id":"c338","lines":"29","n":1,"tram":0,"op":"KM Rybnik"},"geometry":{"type":"LineString","coordinates":[[18.495371,50.054717],[18.495371,50.05094]]}},{"type":"Feature","properties":{"id":"c339","lines":"29 205 206","n":3,"tram":0,"op":"mix"},"geometry":{"type":"LineString","coordinates":[[18.495371,50.05094],[18.495371,50.048422],[18.499291,50.045904]]}},{"type":"Feature","properties":{"id":"c340","lines":"205 206","n":2,"tram":0,"op":"MZK Jastrzębie + region"},"geometry":{"type":"LineString","coordinates":[[18.495371,50.05094],[18.497331,50.049681]]}},{"type":"Feature","properties":{"id":"c341","lines":"205 206","n":2,"tram":0,"op":"MZK Jastrzębie + region"},"geometry":{"type":"LineString","coordinates":[[18.495371,50.05094],[18.497331,50.05094]]}},{"type":"Feature","properties":{"id":"c342","lines":"201 202 203 205","n":4,"tram":0,"op":"MZK Jastrzębie + region"},"geometry":{"type":"LineString","coordinates":[[18.499291,50.045904],[18.501251,50.047163]]}},{"type":"Feature","properties":{"id":"c343","lines":"43","n":1,"tram":0,"op":"KM Rybnik"},"geometry":{"type":"LineString","coordinates":[[18.534573,50.081157],[18.526733,50.086194],[18.526733,50.087453]]}},{"type":"Feature","properties":{"id":"c344","lines":"30","n":1,"tram":0,"op":"KM Rybnik"},"geometry":{"type":"LineString","coordinates":[[18.571816,50.048422],[18.569856,50.048422],[18.565936,50.045904]]}},{"type":"Feature","properties":{"id":"c345","lines":"30","n":1,"tram":0,"op":"KM Rybnik"},"geometry":{"type":"LineString","coordinates":[[18.565936,50.045904],[18.565936,50.044645],[18.569856,50.042127]]}},{"type":"Feature","properties":{"id":"c346","lines":"10 23 28","n":3,"tram":0,"op":"KM Rybnik"},"geometry":{"type":"LineString","coordinates":[[18.501251,50.052199],[18.501251,50.048422]]}},{"type":"Feature","properties":{"id":"c347","lines":"10 23","n":2,"tram":0,"op":"KM Rybnik"},"geometry":{"type":"LineString","coordinates":[[18.501251,50.052199],[18.505171,50.052199]]}},{"type":"Feature","properties":{"id":"c348","lines":"10 28","n":2,"tram":0,"op":"KM Rybnik"},"geometry":{"type":"LineString","coordinates":[[18.501251,50.048422],[18.505171,50.045904]]}},{"type":"Feature","properties":{"id":"c349","lines":"23","n":1,"tram":0,"op":"KM Rybnik"},"geometry":{"type":"LineString","coordinates":[[18.501251,50.048422],[18.507131,50.048422]]}},{"type":"Feature","properties":{"id":"c350","lines":"203 205","n":2,"tram":0,"op":"MZK Jastrzębie + region"},"geometry":{"type":"LineString","coordinates":[[18.501251,50.048422],[18.501251,50.047163]]}},{"type":"Feature","properties":{"id":"c351","lines":"203","n":1,"tram":0,"op":"MZK Jastrzębie + region"},"geometry":{"type":"LineString","coordinates":[[18.501251,50.048422],[18.499291,50.048422],[18.497331,50.049681]]}},{"type":"Feature","properties":{"id":"c352","lines":"203","n":1,"tram":0,"op":"MZK Jastrzębie + region"},"geometry":{"type":"LineString","coordinates":[[18.501251,50.048422],[18.497331,50.05094]]}},{"type":"Feature","properties":{"id":"c353","lines":"204 205","n":2,"tram":0,"op":"MZK Jastrzębie + region"},"geometry":{"type":"LineString","coordinates":[[18.501251,50.048422],[18.501251,50.049681],[18.503211,50.05094]]}},{"type":"Feature","properties":{"id":"c354","lines":"204 205","n":2,"tram":0,"op":"MZK Jastrzębie + region"},"geometry":{"type":"LineString","coordinates":[[18.501251,50.048422],[18.501251,50.049681],[18.505171,50.052199]]}},{"type":"Feature","properties":{"id":"c355","lines":"59 201 202","n":3,"tram":0,"op":"mix"},"geometry":{"type":"LineString","coordinates":[[18.505171,50.045904],[18.505171,50.047163]]}},{"type":"Feature","properties":{"id":"c356","lines":"7 23","n":2,"tram":0,"op":"KM Rybnik"},"geometry":{"type":"LineString","coordinates":[[18.511052,50.057235],[18.509092,50.058494]]}},{"type":"Feature","properties":{"id":"c357","lines":"23","n":1,"tram":0,"op":"KM Rybnik"},"geometry":{"type":"LineString","coordinates":[[18.509092,50.058494],[18.507131,50.057235],[18.507131,50.054717]]}},{"type":"Feature","properties":{"id":"c358","lines":"7","n":1,"tram":0,"op":"KM Rybnik"},"geometry":{"type":"LineString","coordinates":[[18.509092,50.058494],[18.514972,50.062272],[18.514972,50.063531]]}},{"type":"Feature","properties":{"id":"c359","lines":"7","n":1,"tram":0,"op":"KM Rybnik"},"geometry":{"type":"LineString","coordinates":[[18.509092,50.058494],[18.509092,50.057235],[18.511052,50.055976]]}},{"type":"Feature","properties":{"id":"c360","lines":"10 23","n":2,"tram":0,"op":"KM Rybnik"},"geometry":{"type":"LineString","coordinates":[[18.507131,50.054717],[18.507131,50.053458]]}},{"type":"Feature","properties":{"id":"c361","lines":"10","n":1,"tram":0,"op":"KM Rybnik"},"geometry":{"type":"LineString","coordinates":[[18.507131,50.054717],[18.509092,50.055976],[18.511052,50.055976]]}},{"type":"Feature","properties":{"id":"c362","lines":"10 23 204 205","n":4,"tram":0,"op":"mix"},"geometry":{"type":"LineString","coordinates":[[18.507131,50.053458],[18.505171,50.052199]]}},{"type":"Feature","properties":{"id":"c363","lines":"204 205","n":2,"tram":0,"op":"MZK Jastrzębie + region"},"geometry":{"type":"LineString","coordinates":[[18.507131,50.053458],[18.511052,50.055976]]}},{"type":"Feature","properties":{"id":"c364","lines":"204 205","n":2,"tram":0,"op":"MZK Jastrzębie + region"},"geometry":{"type":"LineString","coordinates":[[18.505171,50.052199],[18.503211,50.05094]]}},{"type":"Feature","properties":{"id":"c365","lines":"205","n":1,"tram":0,"op":"MZK Jastrzębie + region"},"geometry":{"type":"LineString","coordinates":[[18.505171,50.052199],[18.505171,50.049681]]}},{"type":"Feature","properties":{"id":"c366","lines":"205 206","n":2,"tram":0,"op":"MZK Jastrzębie + region"},"geometry":{"type":"LineString","coordinates":[[18.505171,50.052199],[18.499291,50.052199],[18.497331,50.05094]]}},{"type":"Feature","properties":{"id":"c367","lines":"205","n":1,"tram":0,"op":"MZK Jastrzębie + region"},"geometry":{"type":"LineString","coordinates":[[18.507131,50.048422],[18.505171,50.049681]]}},{"type":"Feature","properties":{"id":"c368","lines":"205","n":1,"tram":0,"op":"MZK Jastrzębie + region"},"geometry":{"type":"LineString","coordinates":[[18.507131,50.048422],[18.509092,50.049681],[18.511052,50.049681]]}},{"type":"Feature","properties":{"id":"c369","lines":"17 301 304 309","n":4,"tram":0,"op":"mix"},"geometry":{"type":"LineString","coordinates":[[18.601218,50.078639],[18.597298,50.081157]]}},{"type":"Feature","properties":{"id":"c370","lines":"17 301 304 309","n":4,"tram":0,"op":"mix"},"geometry":{"type":"LineString","coordinates":[[18.601218,50.078639],[18.597298,50.081157],[18.591418,50.081157]]}},{"type":"Feature","properties":{"id":"c371","lines":"301 304 309","n":3,"tram":0,"op":"MZK Jastrzębie + region"},"geometry":{"type":"LineString","coordinates":[[18.601218,50.078639],[18.603179,50.07738]]}},{"type":"Feature","properties":{"id":"c372","lines":"301","n":1,"tram":0,"op":"MZK Jastrzębie + region"},"geometry":{"type":"LineString","coordinates":[[18.601218,50.078639],[18.607099,50.078639]]}},{"type":"Feature","properties":{"id":"c373","lines":"301","n":1,"tram":0,"op":"MZK Jastrzębie + region"},"geometry":{"type":"LineString","coordinates":[[18.601218,50.078639],[18.607099,50.078639]]}},{"type":"Feature","properties":{"id":"c374","lines":"17 301","n":2,"tram":0,"op":"mix"},"geometry":{"type":"LineString","coordinates":[[18.597298,50.081157],[18.591418,50.081157]]}},{"type":"Feature","properties":{"id":"c375","lines":"304 309","n":2,"tram":0,"op":"MZK Jastrzębie + region"},"geometry":{"type":"LineString","coordinates":[[18.597298,50.081157],[18.597298,50.078639]]}},{"type":"Feature","properties":{"id":"c376","lines":"304 309","n":2,"tram":0,"op":"MZK Jastrzębie + region"},"geometry":{"type":"LineString","coordinates":[[18.591418,50.081157],[18.593378,50.081157],[18.597298,50.078639]]}},{"type":"Feature","properties":{"id":"c377","lines":"204 205","n":2,"tram":0,"op":"MZK Jastrzębie + region"},"geometry":{"type":"LineString","coordinates":[[18.511052,50.055976],[18.513012,50.054717],[18.514972,50.054717]]}},{"type":"Feature","properties":{"id":"c378","lines":"10","n":1,"tram":0,"op":"KM Rybnik"},"geometry":{"type":"LineString","coordinates":[[18.497331,50.035832],[18.495371,50.035832]]}},{"type":"Feature","properties":{"id":"c379","lines":"51","n":1,"tram":0,"op":"Wodzisław county"},"geometry":{"type":"LineString","coordinates":[[18.497331,50.035832],[18.499291,50.035832]]}},{"type":"Feature","properties":{"id":"c380","lines":"51 203 204 210","n":4,"tram":0,"op":"mix"},"geometry":{"type":"LineString","coordinates":[[18.497331,50.035832],[18.49341,50.033314]]}},{"type":"Feature","properties":{"id":"c381","lines":"51 203 210","n":3,"tram":0,"op":"mix"},"geometry":{"type":"LineString","coordinates":[[18.497331,50.035832],[18.499291,50.035832]]}},{"type":"Feature","properties":{"id":"c382","lines":"2 207 209","n":3,"tram":0,"op":"mix"},"geometry":{"type":"LineString","coordinates":[[18.522813,50.03835],[18.526733,50.035832],[18.526733,50.021982]]}},{"type":"Feature","properties":{"id":"c383","lines":"203 W10","n":2,"tram":0,"op":"MZK Jastrzębie + region"},"geometry":{"type":"LineString","coordinates":[[18.522813,50.03835],[18.522813,50.035832],[18.518892,50.033314]]}},{"type":"Feature","properties":{"id":"c384","lines":"2 207","n":2,"tram":0,"op":"mix"},"geometry":{"type":"LineString","coordinates":[[18.526733,50.021982],[18.528693,50.020723]]}},{"type":"Feature","properties":{"id":"c385","lines":"209","n":1,"tram":0,"op":"MZK Jastrzębie + region"},"geometry":{"type":"LineString","coordinates":[[18.526733,50.021982],[18.524773,50.021982],[18.522813,50.020723]]}},{"type":"Feature","properties":{"id":"c386","lines":"2","n":1,"tram":0,"op":"KM Rybnik"},"geometry":{"type":"LineString","coordinates":[[18.528693,50.020723],[18.530653,50.019464]]}},{"type":"Feature","properties":{"id":"c387","lines":"52 208","n":2,"tram":0,"op":"mix"},"geometry":{"type":"LineString","coordinates":[[18.528693,50.020723],[18.522813,50.020723]]}},{"type":"Feature","properties":{"id":"c388","lines":"207","n":1,"tram":0,"op":"MZK Jastrzębie + region"},"geometry":{"type":"LineString","coordinates":[[18.528693,50.020723],[18.528693,50.014428],[18.532613,50.01191]]}},{"type":"Feature","properties":{"id":"c389","lines":"208","n":1,"tram":0,"op":"MZK Jastrzębie + region"},"geometry":{"type":"LineString","coordinates":[[18.528693,50.020723],[18.534573,50.020723],[18.536534,50.019464]]}},{"type":"Feature","properties":{"id":"c390","lines":"04 05 08 09 S10 S11 ZL","n":7,"tram":0,"op":"MZK Jastrzębie + region"},"geometry":{"type":"LineString","coordinates":[[18.632581,50.028277],[18.632581,50.034573],[18.634541,50.035832]]}},{"type":"Feature","properties":{"id":"c391","lines":"09 S10 S11","n":3,"tram":0,"op":"MZK Jastrzębie + region"},"geometry":{"type":"LineString","coordinates":[[18.632581,50.028277],[18.630621,50.027018]]}},{"type":"Feature","properties":{"id":"c392","lines":"03 04 05 06 08 09 307 S10 S11 ZL","n":10,"tram":0,"op":"MZK Jastrzębie + region"},"geometry":{"type":"LineString","coordinates":[[18.634541,50.035832],[18.634541,50.03835]]}},{"type":"Feature","properties":{"id":"c393","lines":"03 06 307","n":3,"tram":0,"op":"MZK Jastrzębie + region"},"geometry":{"type":"LineString","coordinates":[[18.634541,50.035832],[18.636501,50.034573],[18.636501,50.032054]]}},{"type":"Feature","properties":{"id":"c394","lines":"307","n":1,"tram":0,"op":"MZK Jastrzębie + region"},"geometry":{"type":"LineString","coordinates":[[18.634541,50.035832],[18.636501,50.037091]]}},{"type":"Feature","properties":{"id":"c395","lines":"01 02 05 07 ZL","n":5,"tram":0,"op":"MZK Jastrzębie + region"},"geometry":{"type":"LineString","coordinates":[[18.634541,50.03835],[18.632581,50.037091]]}},{"type":"Feature","properties":{"id":"c396","lines":"01 02 08","n":3,"tram":0,"op":"MZK Jastrzębie + region"},"geometry":{"type":"LineString","coordinates":[[18.634541,50.03835],[18.636501,50.037091]]}},{"type":"Feature","properties":{"id":"c397","lines":"07","n":1,"tram":0,"op":"MZK Jastrzębie + region"},"geometry":{"type":"LineString","coordinates":[[18.642382,50.034573],[18.638461,50.032054]]}},{"type":"Feature","properties":{"id":"c398","lines":"07","n":1,"tram":0,"op":"MZK Jastrzębie + region"},"geometry":{"type":"LineString","coordinates":[[18.642382,50.034573],[18.638461,50.032054]]}},{"type":"Feature","properties":{"id":"c399","lines":"07","n":1,"tram":0,"op":"MZK Jastrzębie + region"},"geometry":{"type":"LineString","coordinates":[[18.642382,50.034573],[18.640421,50.035832],[18.640421,50.037091]]}},{"type":"Feature","properties":{"id":"c400","lines":"01 02 06 07","n":4,"tram":0,"op":"MZK Jastrzębie + region"},"geometry":{"type":"LineString","coordinates":[[18.638461,50.032054],[18.636501,50.032054]]}},{"type":"Feature","properties":{"id":"c401","lines":"01 02","n":2,"tram":0,"op":"MZK Jastrzębie + region"},"geometry":{"type":"LineString","coordinates":[[18.638461,50.032054],[18.636501,50.030795],[18.634541,50.030795]]}},{"type":"Feature","properties":{"id":"c402","lines":"06","n":1,"tram":0,"op":"MZK Jastrzębie + region"},"geometry":{"type":"LineString","coordinates":[[18.638461,50.032054],[18.638461,50.030795]]}},{"type":"Feature","properties":{"id":"c403","lines":"06","n":1,"tram":0,"op":"MZK Jastrzębie + region"},"geometry":{"type":"LineString","coordinates":[[18.638461,50.032054],[18.640421,50.030795]]}},{"type":"Feature","properties":{"id":"c404","lines":"07 08","n":2,"tram":0,"op":"MZK Jastrzębie + region"},"geometry":{"type":"LineString","coordinates":[[18.636501,50.032054],[18.634541,50.032054]]}},{"type":"Feature","properties":{"id":"c405","lines":"07","n":1,"tram":0,"op":"MZK Jastrzębie + region"},"geometry":{"type":"LineString","coordinates":[[18.636501,50.032054],[18.634541,50.032054]]}},{"type":"Feature","properties":{"id":"c406","lines":"01 02 08","n":3,"tram":0,"op":"MZK Jastrzębie + region"},"geometry":{"type":"LineString","coordinates":[[18.636501,50.032054],[18.638461,50.033314]]}},{"type":"Feature","properties":{"id":"c407","lines":"03","n":1,"tram":0,"op":"MZK Jastrzębie + region"},"geometry":{"type":"LineString","coordinates":[[18.636501,50.032054],[18.636501,50.027018]]}},{"type":"Feature","properties":{"id":"c408","lines":"03","n":1,"tram":0,"op":"MZK Jastrzębie + region"},"geometry":{"type":"LineString","coordinates":[[18.636501,50.032054],[18.636501,50.027018]]}},{"type":"Feature","properties":{"id":"c409","lines":"07 08","n":2,"tram":0,"op":"MZK Jastrzębie + region"},"geometry":{"type":"LineString","coordinates":[[18.636501,50.032054],[18.634541,50.032054]]}},{"type":"Feature","properties":{"id":"c410","lines":"307","n":1,"tram":0,"op":"MZK Jastrzębie + region"},"geometry":{"type":"LineString","coordinates":[[18.636501,50.032054],[18.638461,50.030795],[18.640421,50.030795]]}},{"type":"Feature","properties":{"id":"c411","lines":"307","n":1,"tram":0,"op":"MZK Jastrzębie + region"},"geometry":{"type":"LineString","coordinates":[[18.636501,50.032054],[18.638461,50.030795]]}},{"type":"Feature","properties":{"id":"c412","lines":"07","n":1,"tram":0,"op":"MZK Jastrzębie + region"},"geometry":{"type":"LineString","coordinates":[[18.634541,50.032054],[18.632581,50.033314]]}},{"type":"Feature","properties":{"id":"c413","lines":"07","n":1,"tram":0,"op":"MZK Jastrzębie + region"},"geometry":{"type":"LineString","coordinates":[[18.634541,50.032054],[18.632581,50.033314],[18.630621,50.033314]]}},{"type":"Feature","properties":{"id":"c414","lines":"08","n":1,"tram":0,"op":"MZK Jastrzębie + region"},"geometry":{"type":"LineString","coordinates":[[18.634541,50.032054],[18.630621,50.032054]]}},{"type":"Feature","properties":{"id":"c415","lines":"08","n":1,"tram":0,"op":"MZK Jastrzębie + region"},"geometry":{"type":"LineString","coordinates":[[18.634541,50.032054],[18.636501,50.033314],[18.638461,50.033314]]}},{"type":"Feature","properties":{"id":"c416","lines":"01 07","n":2,"tram":0,"op":"MZK Jastrzębie + region"},"geometry":{"type":"LineString","coordinates":[[18.632581,50.033314],[18.630621,50.034573],[18.630621,50.035832]]}},{"type":"Feature","properties":{"id":"c417","lines":"01","n":1,"tram":0,"op":"MZK Jastrzębie + region"},"geometry":{"type":"LineString","coordinates":[[18.632581,50.033314],[18.630621,50.032054]]}},{"type":"Feature","properties":{"id":"c418","lines":"01 02 07","n":3,"tram":0,"op":"MZK Jastrzębie + region"},"geometry":{"type":"LineString","coordinates":[[18.630621,50.035832],[18.632581,50.037091]]}},{"type":"Feature","properties":{"id":"c419","lines":"02 07","n":2,"tram":0,"op":"MZK Jastrzębie + region"},"geometry":{"type":"LineString","coordinates":[[18.630621,50.035832],[18.630621,50.033314]]}},{"type":"Feature","properties":{"id":"c420","lines":"07","n":1,"tram":0,"op":"MZK Jastrzębie + region"},"geometry":{"type":"LineString","coordinates":[[18.632581,50.037091],[18.636501,50.037091]]}},{"type":"Feature","properties":{"id":"c421","lines":"05 ZL","n":2,"tram":0,"op":"MZK Jastrzębie + region"},"geometry":{"type":"LineString","coordinates":[[18.632581,50.037091],[18.628661,50.037091],[18.62082,50.032054],[18.614939,50.032054]]}},{"type":"Feature","properties":{"id":"c422","lines":"07 308","n":2,"tram":0,"op":"MZK Jastrzębie + region"},"geometry":{"type":"LineString","coordinates":[[18.638461,50.039609],[18.644342,50.035832]]}},{"type":"Feature","properties":{"id":"c423","lines":"07 308","n":2,"tram":0,"op":"MZK Jastrzębie + region"},"geometry":{"type":"LineString","coordinates":[[18.638461,50.039609],[18.640421,50.03835],[18.640421,50.037091]]}},{"type":"Feature","properties":{"id":"c424","lines":"09","n":1,"tram":0,"op":"MZK Jastrzębie + region"},"geometry":{"type":"LineString","coordinates":[[18.638461,50.039609],[18.642382,50.042127],[18.642382,50.043386]]}},{"type":"Feature","properties":{"id":"c425","lines":"06 09","n":2,"tram":0,"op":"MZK Jastrzębie + region"},"geometry":{"type":"LineString","coordinates":[[18.638461,50.039609],[18.638461,50.040868]]}},{"type":"Feature","properties":{"id":"c426","lines":"06","n":1,"tram":0,"op":"MZK Jastrzębie + region"},"geometry":{"type":"LineString","coordinates":[[18.638461,50.039609],[18.644342,50.039609]]}},{"type":"Feature","properties":{"id":"c427","lines":"06","n":1,"tram":0,"op":"MZK Jastrzębie + region"},"geometry":{"type":"LineString","coordinates":[[18.638461,50.039609],[18.644342,50.039609]]}},{"type":"Feature","properties":{"id":"c428","lines":"09","n":1,"tram":0,"op":"MZK Jastrzębie + region"},"geometry":{"type":"LineString","coordinates":[[18.638461,50.039609],[18.640421,50.040868],[18.640421,50.042127]]}},{"type":"Feature","properties":{"id":"c429","lines":"07 308","n":2,"tram":0,"op":"MZK Jastrzębie + region"},"geometry":{"type":"LineString","coordinates":[[18.644342,50.035832],[18.646302,50.035832],[18.648262,50.034573]]}},{"type":"Feature","properties":{"id":"c430","lines":"07 308","n":2,"tram":0,"op":"MZK Jastrzębie + region"},"geometry":{"type":"LineString","coordinates":[[18.644342,50.035832],[18.642382,50.037091],[18.640421,50.037091]]}},{"type":"Feature","properties":{"id":"c431","lines":"07","n":1,"tram":0,"op":"MZK Jastrzębie + region"},"geometry":{"type":"LineString","coordinates":[[18.648262,50.034573],[18.652182,50.034573]]}},{"type":"Feature","properties":{"id":"c432","lines":"308","n":1,"tram":0,"op":"MZK Jastrzębie + region"},"geometry":{"type":"LineString","coordinates":[[18.648262,50.034573],[18.656103,50.029536],[18.658063,50.029536]]}},{"type":"Feature","properties":{"id":"c433","lines":"308","n":1,"tram":0,"op":"MZK Jastrzębie + region"},"geometry":{"type":"LineString","coordinates":[[18.648262,50.034573],[18.656103,50.029536],[18.658063,50.029536]]}},{"type":"Feature","properties":{"id":"c434","lines":"07","n":1,"tram":0,"op":"MZK Jastrzębie + region"},"geometry":{"type":"LineString","coordinates":[[18.652182,50.034573],[18.652182,50.039609]]}},{"type":"Feature","properties":{"id":"c435","lines":"07","n":1,"tram":0,"op":"MZK Jastrzębie + region"},"geometry":{"type":"LineString","coordinates":[[18.636501,50.037091],[18.640421,50.037091]]}},{"type":"Feature","properties":{"id":"c436","lines":"01 02 08","n":3,"tram":0,"op":"MZK Jastrzębie + region"},"geometry":{"type":"LineString","coordinates":[[18.636501,50.037091],[18.636501,50.034573],[18.638461,50.033314]]}},{"type":"Feature","properties":{"id":"c437","lines":"02","n":1,"tram":0,"op":"MZK Jastrzębie + region"},"geometry":{"type":"LineString","coordinates":[[18.630621,50.033314],[18.630621,50.032054]]}},{"type":"Feature","properties":{"id":"c438","lines":"01 02 09 S10 S11","n":5,"tram":0,"op":"MZK Jastrzębie + region"},"geometry":{"type":"LineString","coordinates":[[18.630621,50.027018],[18.630621,50.0245],[18.628661,50.023241]]}},{"type":"Feature","properties":{"id":"c439","lines":"01 02 09 S10 S11","n":5,"tram":0,"op":"MZK Jastrzębie + region"},"geometry":{"type":"LineString","coordinates":[[18.630621,50.027018],[18.628661,50.025759]]}},{"type":"Feature","properties":{"id":"c440","lines":"01 02","n":2,"tram":0,"op":"MZK Jastrzębie + region"},"geometry":{"type":"LineString","coordinates":[[18.630621,50.027018],[18.632581,50.027018],[18.634541,50.028277]]}},{"type":"Feature","properties":{"id":"c441","lines":"01 02","n":2,"tram":0,"op":"MZK Jastrzębie + region"},"geometry":{"type":"LineString","coordinates":[[18.630621,50.027018],[18.630621,50.029536]]}},{"type":"Feature","properties":{"id":"c442","lines":"01 02 09","n":3,"tram":0,"op":"MZK Jastrzębie + region"},"geometry":{"type":"LineString","coordinates":[[18.628661,50.023241],[18.628661,50.025759]]}},{"type":"Feature","properties":{"id":"c443","lines":"S10 S11","n":2,"tram":0,"op":"MZK Jastrzębie + region"},"geometry":{"type":"LineString","coordinates":[[18.628661,50.023241],[18.628661,50.018205]]}},{"type":"Feature","properties":{"id":"c444","lines":"09","n":1,"tram":0,"op":"MZK Jastrzębie + region"},"geometry":{"type":"LineString","coordinates":[[18.642382,50.043386],[18.642382,50.045904]]}},{"type":"Feature","properties":{"id":"c445","lines":"09","n":1,"tram":0,"op":"MZK Jastrzębie + region"},"geometry":{"type":"LineString","coordinates":[[18.642382,50.043386],[18.640421,50.042127]]}},{"type":"Feature","properties":{"id":"c446","lines":"09","n":1,"tram":0,"op":"MZK Jastrzębie + region"},"geometry":{"type":"LineString","coordinates":[[18.642382,50.045904],[18.640421,50.044645]]}},{"type":"Feature","properties":{"id":"c447","lines":"09","n":1,"tram":0,"op":"MZK Jastrzębie + region"},"geometry":{"type":"LineString","coordinates":[[18.640421,50.044645],[18.638461,50.043386],[18.638461,50.040868]]}},{"type":"Feature","properties":{"id":"c448","lines":"09","n":1,"tram":0,"op":"MZK Jastrzębie + region"},"geometry":{"type":"LineString","coordinates":[[18.640421,50.044645],[18.640421,50.042127]]}},{"type":"Feature","properties":{"id":"c449","lines":"06","n":1,"tram":0,"op":"MZK Jastrzębie + region"},"geometry":{"type":"LineString","coordinates":[[18.638461,50.040868],[18.642382,50.040868],[18.644342,50.039609]]}},{"type":"Feature","properties":{"id":"c450","lines":"S10 S11","n":2,"tram":0,"op":"MZK Jastrzębie + region"},"geometry":{"type":"LineString","coordinates":[[18.628661,50.025759],[18.628661,50.020723],[18.6267,50.019464]]}},{"type":"Feature","properties":{"id":"c451","lines":"05 ZL","n":2,"tram":0,"op":"MZK Jastrzębie + region"},"geometry":{"type":"LineString","coordinates":[[18.614939,50.032054],[18.614939,50.035832]]}},{"type":"Feature","properties":{"id":"c452","lines":"05","n":1,"tram":0,"op":"MZK Jastrzębie + region"},"geometry":{"type":"LineString","coordinates":[[18.614939,50.032054],[18.611019,50.032054]]}},{"type":"Feature","properties":{"id":"c453","lines":"ZL","n":1,"tram":0,"op":"MZK Jastrzębie + region"},"geometry":{"type":"LineString","coordinates":[[18.614939,50.035832],[18.614939,50.039609]]}},{"type":"Feature","properties":{"id":"c454","lines":"05","n":1,"tram":0,"op":"MZK Jastrzębie + region"},"geometry":{"type":"LineString","coordinates":[[18.611019,50.032054],[18.605139,50.035832]]}},{"type":"Feature","properties":{"id":"c455","lines":"05","n":1,"tram":0,"op":"MZK Jastrzębie + region"},"geometry":{"type":"LineString","coordinates":[[18.611019,50.032054],[18.611019,50.037091],[18.609059,50.03835]]}},{"type":"Feature","properties":{"id":"c456","lines":"01 02","n":2,"tram":0,"op":"MZK Jastrzębie + region"},"geometry":{"type":"LineString","coordinates":[[18.634541,50.030795],[18.634541,50.028277]]}},{"type":"Feature","properties":{"id":"c457","lines":"01 02","n":2,"tram":0,"op":"MZK Jastrzębie + region"},"geometry":{"type":"LineString","coordinates":[[18.634541,50.028277],[18.632581,50.029536],[18.630621,50.029536]]}},{"type":"Feature","properties":{"id":"c458","lines":"01 02","n":2,"tram":0,"op":"MZK Jastrzębie + region"},"geometry":{"type":"LineString","coordinates":[[18.630621,50.029536],[18.630621,50.032054]]}},{"type":"Feature","properties":{"id":"c459","lines":"06 307","n":2,"tram":0,"op":"MZK Jastrzębie + region"},"geometry":{"type":"LineString","coordinates":[[18.638461,50.030795],[18.638461,50.025759]]}},{"type":"Feature","properties":{"id":"c460","lines":"06","n":1,"tram":0,"op":"MZK Jastrzębie + region"},"geometry":{"type":"LineString","coordinates":[[18.638461,50.025759],[18.640421,50.0245]]}},{"type":"Feature","properties":{"id":"c461","lines":"307","n":1,"tram":0,"op":"MZK Jastrzębie + region"},"geometry":{"type":"LineString","coordinates":[[18.638461,50.025759],[18.638461,50.021982],[18.636501,50.020723],[18.636501,50.006874]]}},{"type":"Feature","properties":{"id":"c462","lines":"06","n":1,"tram":0,"op":"MZK Jastrzębie + region"},"geometry":{"type":"LineString","coordinates":[[18.640421,50.0245],[18.642382,50.023241]]}},{"type":"Feature","properties":{"id":"c463","lines":"06","n":1,"tram":0,"op":"MZK Jastrzębie + region"},"geometry":{"type":"LineString","coordinates":[[18.640421,50.0245],[18.642382,50.023241]]}},{"type":"Feature","properties":{"id":"c464","lines":"06","n":1,"tram":0,"op":"MZK Jastrzębie + region"},"geometry":{"type":"LineString","coordinates":[[18.640421,50.0245],[18.640421,50.028277]]}},{"type":"Feature","properties":{"id":"c465","lines":"06","n":1,"tram":0,"op":"MZK Jastrzębie + region"},"geometry":{"type":"LineString","coordinates":[[18.642382,50.023241],[18.644342,50.021982],[18.646302,50.021982]]}},{"type":"Feature","properties":{"id":"c466","lines":"06","n":1,"tram":0,"op":"MZK Jastrzębie + region"},"geometry":{"type":"LineString","coordinates":[[18.646302,50.021982],[18.646302,50.018205]]}},{"type":"Feature","properties":{"id":"c467","lines":"06 307","n":2,"tram":0,"op":"MZK Jastrzębie + region"},"geometry":{"type":"LineString","coordinates":[[18.640421,50.028277],[18.640421,50.030795]]}},{"type":"Feature","properties":{"id":"c468","lines":"307","n":1,"tram":0,"op":"MZK Jastrzębie + region"},"geometry":{"type":"LineString","coordinates":[[18.640421,50.028277],[18.640421,50.021982],[18.638461,50.020723],[18.638461,50.008133]]}},{"type":"Feature","properties":{"id":"c469","lines":"03","n":1,"tram":0,"op":"MZK Jastrzębie + region"},"geometry":{"type":"LineString","coordinates":[[18.636501,50.027018],[18.634541,50.025759],[18.634541,50.021982]]}},{"type":"Feature","properties":{"id":"c470","lines":"03","n":1,"tram":0,"op":"MZK Jastrzębie + region"},"geometry":{"type":"LineString","coordinates":[[18.636501,50.027018],[18.634541,50.025759],[18.634541,50.021982]]}},{"type":"Feature","properties":{"id":"c471","lines":"03","n":1,"tram":0,"op":"MZK Jastrzębie + region"},"geometry":{"type":"LineString","coordinates":[[18.636501,50.027018],[18.634541,50.025759],[18.634541,50.021982]]}},{"type":"Feature","properties":{"id":"c472","lines":"03","n":1,"tram":0,"op":"MZK Jastrzębie + region"},"geometry":{"type":"LineString","coordinates":[[18.636501,50.027018],[18.634541,50.025759],[18.634541,50.021982]]}},{"type":"Feature","properties":{"id":"c473","lines":"03","n":1,"tram":0,"op":"MZK Jastrzębie + region"},"geometry":{"type":"LineString","coordinates":[[18.634541,50.021982],[18.632581,50.020723],[18.632581,50.016946]]}},{"type":"Feature","properties":{"id":"c474","lines":"L-4","n":1,"tram":0,"op":"MZK Jastrzębie + region"},"geometry":{"type":"LineString","coordinates":[[18.632581,50.016946],[18.632581,50.010651],[18.6267,50.006874]]}},{"type":"Feature","properties":{"id":"c475","lines":"L-4","n":1,"tram":0,"op":"MZK Jastrzębie + region"},"geometry":{"type":"LineString","coordinates":[[18.632581,50.016946],[18.632581,50.014428],[18.62278,50.008133]]}},{"type":"Feature","properties":{"id":"c476","lines":"08","n":1,"tram":0,"op":"MZK Jastrzębie + region"},"geometry":{"type":"LineString","coordinates":[[18.630621,50.049681],[18.630621,50.047163]]}},{"type":"Feature","properties":{"id":"c477","lines":"34","n":1,"tram":0,"op":"Wodzisław county"},"geometry":{"type":"LineString","coordinates":[[18.479689,50.015687],[18.48557,50.015687]]}},{"type":"Feature","properties":{"id":"c478","lines":"34","n":1,"tram":0,"op":"Wodzisław county"},"geometry":{"type":"LineString","coordinates":[[18.479689,50.015687],[18.48557,50.015687]]}},{"type":"Feature","properties":{"id":"c479","lines":"34","n":1,"tram":0,"op":"Wodzisław county"},"geometry":{"type":"LineString","coordinates":[[18.48557,50.015687],[18.48557,50.014428],[18.48949,50.01191]]}},{"type":"Feature","properties":{"id":"c480","lines":"34","n":1,"tram":0,"op":"Wodzisław county"},"geometry":{"type":"LineString","coordinates":[[18.48949,50.01191],[18.501251,50.004355]]}},{"type":"Feature","properties":{"id":"c481","lines":"34","n":1,"tram":0,"op":"Wodzisław county"},"geometry":{"type":"LineString","coordinates":[[18.48949,50.01191],[18.49341,50.01191],[18.505171,50.004355]]}},{"type":"Feature","properties":{"id":"c482","lines":"33 34","n":2,"tram":0,"op":"Wodzisław county"},"geometry":{"type":"LineString","coordinates":[[18.501251,50.004355],[18.507131,50.004355],[18.511052,50.006874]]}},{"type":"Feature","properties":{"id":"c483","lines":"33","n":1,"tram":0,"op":"Wodzisław county"},"geometry":{"type":"LineString","coordinates":[[18.501251,50.004355],[18.499291,50.003096],[18.497331,50.003096]]}},{"type":"Feature","properties":{"id":"c484","lines":"32 33 34 51","n":4,"tram":0,"op":"Wodzisław county"},"geometry":{"type":"LineString","coordinates":[[18.511052,50.006874],[18.511052,50.010651]]}},{"type":"Feature","properties":{"id":"c485","lines":"32 51","n":2,"tram":0,"op":"Wodzisław county"},"geometry":{"type":"LineString","coordinates":[[18.511052,50.006874],[18.516932,50.003096]]}},{"type":"Feature","properties":{"id":"c486","lines":"32 34 53","n":3,"tram":0,"op":"Wodzisław county"},"geometry":{"type":"LineString","coordinates":[[18.511052,50.010651],[18.511052,50.01191],[18.514972,50.014428]]}},{"type":"Feature","properties":{"id":"c487","lines":"32 33 34 51 53","n":5,"tram":0,"op":"Wodzisław county"},"geometry":{"type":"LineString","coordinates":[[18.511052,50.010651],[18.513012,50.009392],[18.513012,50.008133]]}},{"type":"Feature","properties":{"id":"c488","lines":"33 51","n":2,"tram":0,"op":"Wodzisław county"},"geometry":{"type":"LineString","coordinates":[[18.511052,50.010651],[18.513012,50.01191]]}},{"type":"Feature","properties":{"id":"c489","lines":"33 51","n":2,"tram":0,"op":"Wodzisław county"},"geometry":{"type":"LineString","coordinates":[[18.511052,50.010651],[18.511052,50.013169]]}},{"type":"Feature","properties":{"id":"c490","lines":"36 41 42 50 51 52 201 202 203 205 206 208 209 210 W10","n":15,"tram":0,"op":"mix"},"geometry":{"type":"LineString","coordinates":[[18.514972,50.014428],[18.516932,50.015687],[18.516932,50.016946]]}},{"type":"Feature","properties":{"id":"c491","lines":"36 52 53 59 201 202 204 207","n":8,"tram":0,"op":"mix"},"geometry":{"type":"LineString","coordinates":[[18.514972,50.014428],[18.509092,50.014428]]}},{"type":"Feature","properties":{"id":"c492","lines":"36 52","n":2,"tram":0,"op":"Wodzisław county"},"geometry":{"type":"LineString","coordinates":[[18.514972,50.014428],[18.507131,50.014428],[18.505171,50.013169]]}},{"type":"Feature","properties":{"id":"c493","lines":"33 38 51 59","n":4,"tram":0,"op":"Wodzisław county"},"geometry":{"type":"LineString","coordinates":[[18.514972,50.014428],[18.513012,50.014428],[18.511052,50.013169]]}},{"type":"Feature","properties":{"id":"c494","lines":"33 38 51","n":3,"tram":0,"op":"Wodzisław county"},"geometry":{"type":"LineString","coordinates":[[18.514972,50.014428],[18.513012,50.013169],[18.513012,50.01191]]}},{"type":"Feature","properties":{"id":"c495","lines":"50 59","n":2,"tram":0,"op":"Wodzisław county"},"geometry":{"type":"LineString","coordinates":[[18.514972,50.014428],[18.514972,50.01191]]}},{"type":"Feature","properties":{"id":"c496","lines":"50 59 W09 W10","n":4,"tram":0,"op":"mix"},"geometry":{"type":"LineString","coordinates":[[18.514972,50.014428],[18.516932,50.013169]]}},{"type":"Feature","properties":{"id":"c497","lines":"201 202 204 207 210","n":5,"tram":0,"op":"MZK Jastrzębie + region"},"geometry":{"type":"LineString","coordinates":[[18.514972,50.014428],[18.511052,50.016946],[18.507131,50.016946]]}},{"type":"Feature","properties":{"id":"c498","lines":"207 W11","n":2,"tram":0,"op":"MZK Jastrzębie + region"},"geometry":{"type":"LineString","coordinates":[[18.514972,50.014428],[18.520852,50.014428]]}},{"type":"Feature","properties":{"id":"c499","lines":"33 34 53","n":3,"tram":0,"op":"Wodzisław county"},"geometry":{"type":"LineString","coordinates":[[18.513012,50.008133],[18.513012,50.004355]]}},{"type":"Feature","properties":{"id":"c500","lines":"32 51","n":2,"tram":0,"op":"Wodzisław county"},"geometry":{"type":"LineString","coordinates":[[18.513012,50.008133],[18.518892,50.004355]]}},{"type":"Feature","properties":{"id":"c501","lines":"33 34","n":2,"tram":0,"op":"Wodzisław county"},"geometry":{"type":"LineString","coordinates":[[18.513012,50.004355],[18.505171,50.004355]]}},{"type":"Feature","properties":{"id":"c502","lines":"53","n":1,"tram":0,"op":"Wodzisław county"},"geometry":{"type":"LineString","coordinates":[[18.513012,50.004355],[18.511052,50.004355],[18.507131,50.006874]]}},{"type":"Feature","properties":{"id":"c503","lines":"33","n":1,"tram":0,"op":"Wodzisław county"},"geometry":{"type":"LineString","coordinates":[[18.505171,50.004355],[18.503211,50.003096],[18.497331,50.003096]]}},{"type":"Feature","properties":{"id":"c504","lines":"42","n":1,"tram":0,"op":"Wodzisław county"},"geometry":{"type":"LineString","coordinates":[[18.516932,50.016946],[18.514972,50.018205],[18.509092,50.018205]]}},{"type":"Feature","properties":{"id":"c505","lines":"42","n":1,"tram":0,"op":"Wodzisław county"},"geometry":{"type":"LineString","coordinates":[[18.516932,50.016946],[18.514972,50.016946],[18.513012,50.018205],[18.509092,50.018205]]}},{"type":"Feature","properties":{"id":"c506","lines":"41 52","n":2,"tram":0,"op":"Wodzisław county"},"geometry":{"type":"LineString","coordinates":[[18.516932,50.016946],[18.513012,50.019464],[18.511052,50.019464]]}},{"type":"Feature","properties":{"id":"c507","lines":"41 52","n":2,"tram":0,"op":"Wodzisław county"},"geometry":{"type":"LineString","coordinates":[[18.516932,50.016946],[18.514972,50.016946],[18.511052,50.019464]]}},{"type":"Feature","properties":{"id":"c508","lines":"50 51 201 202 205 206 207 210","n":8,"tram":0,"op":"mix"},"geometry":{"type":"LineString","coordinates":[[18.516932,50.016946],[18.513012,50.019464],[18.511052,50.019464]]}},{"type":"Feature","properties":{"id":"c509","lines":"201 202 203 W10","n":4,"tram":0,"op":"MZK Jastrzębie + region"},"geometry":{"type":"LineString","coordinates":[[18.516932,50.016946],[18.516932,50.018205],[18.514972,50.019464],[18.514972,50.021982]]}},{"type":"Feature","properties":{"id":"c510","lines":"207","n":1,"tram":0,"op":"MZK Jastrzębie + region"},"geometry":{"type":"LineString","coordinates":[[18.516932,50.016946],[18.520852,50.014428]]}},{"type":"Feature","properties":{"id":"c511","lines":"208 209","n":2,"tram":0,"op":"MZK Jastrzębie + region"},"geometry":{"type":"LineString","coordinates":[[18.516932,50.016946],[18.518892,50.018205],[18.518892,50.019464]]}},{"type":"Feature","properties":{"id":"c512","lines":"41 42 59 201 202 207 210","n":7,"tram":0,"op":"mix"},"geometry":{"type":"LineString","coordinates":[[18.509092,50.018205],[18.507131,50.018205]]}},{"type":"Feature","properties":{"id":"c513","lines":"41 201 202 207 210","n":5,"tram":0,"op":"mix"},"geometry":{"type":"LineString","coordinates":[[18.509092,50.018205],[18.511052,50.019464]]}},{"type":"Feature","properties":{"id":"c514","lines":"59","n":1,"tram":0,"op":"Wodzisław county"},"geometry":{"type":"LineString","coordinates":[[18.509092,50.018205],[18.509092,50.020723]]}},{"type":"Feature","properties":{"id":"c515","lines":"41 42 201 202 210","n":5,"tram":0,"op":"mix"},"geometry":{"type":"LineString","coordinates":[[18.507131,50.018205],[18.503211,50.020723]]}},{"type":"Feature","properties":{"id":"c516","lines":"59 201 202 207","n":4,"tram":0,"op":"mix"},"geometry":{"type":"LineString","coordinates":[[18.507131,50.018205],[18.507131,50.016946]]}},{"type":"Feature","properties":{"id":"c517","lines":"41 42 201 202 204 210","n":6,"tram":0,"op":"mix"},"geometry":{"type":"LineString","coordinates":[[18.503211,50.020723],[18.501251,50.021982]]}},{"type":"Feature","properties":{"id":"c518","lines":"201 202 204 210","n":4,"tram":0,"op":"MZK Jastrzębie + region"},"geometry":{"type":"LineString","coordinates":[[18.503211,50.020723],[18.503211,50.019464],[18.507131,50.016946]]}},{"type":"Feature","properties":{"id":"c519","lines":"41 42 50 52","n":4,"tram":0,"op":"Wodzisław county"},"geometry":{"type":"LineString","coordinates":[[18.501251,50.021982],[18.499291,50.023241],[18.497331,50.023241]]}},{"type":"Feature","properties":{"id":"c520","lines":"41 42 50 52","n":4,"tram":0,"op":"Wodzisław county"},"geometry":{"type":"LineString","coordinates":[[18.501251,50.021982],[18.499291,50.021982]]}},{"type":"Feature","properties":{"id":"c521","lines":"52","n":1,"tram":0,"op":"Wodzisław county"},"geometry":{"type":"LineString","coordinates":[[18.501251,50.021982],[18.501251,50.015687],[18.503211,50.014428]]}},{"type":"Feature","properties":{"id":"c522","lines":"52","n":1,"tram":0,"op":"Wodzisław county"},"geometry":{"type":"LineString","coordinates":[[18.501251,50.021982],[18.501251,50.018205],[18.505171,50.015687],[18.505171,50.013169]]}},{"type":"Feature","properties":{"id":"c523","lines":"50","n":1,"tram":0,"op":"Wodzisław county"},"geometry":{"type":"LineString","coordinates":[[18.501251,50.021982],[18.507131,50.021982]]}},{"type":"Feature","properties":{"id":"c524","lines":"50","n":1,"tram":0,"op":"Wodzisław county"},"geometry":{"type":"LineString","coordinates":[[18.501251,50.021982],[18.503211,50.023241],[18.505171,50.023241]]}},{"type":"Feature","properties":{"id":"c525","lines":"201 204 210","n":3,"tram":0,"op":"MZK Jastrzębie + region"},"geometry":{"type":"LineString","coordinates":[[18.501251,50.021982],[18.495371,50.025759]]}},{"type":"Feature","properties":{"id":"c526","lines":"202 204 210","n":3,"tram":0,"op":"MZK Jastrzębie + region"},"geometry":{"type":"LineString","coordinates":[[18.501251,50.021982],[18.495371,50.025759]]}},{"type":"Feature","properties":{"id":"c527","lines":"42","n":1,"tram":0,"op":"Wodzisław county"},"geometry":{"type":"LineString","coordinates":[[18.497331,50.023241],[18.497331,50.021982],[18.495371,50.020723]]}},{"type":"Feature","properties":{"id":"c528","lines":"41 50","n":2,"tram":0,"op":"Wodzisław county"},"geometry":{"type":"LineString","coordinates":[[18.497331,50.023241],[18.49341,50.023241]]}},{"type":"Feature","properties":{"id":"c529","lines":"52","n":1,"tram":0,"op":"Wodzisław county"},"geometry":{"type":"LineString","coordinates":[[18.497331,50.023241],[18.495371,50.0245],[18.495371,50.025759]]}},{"type":"Feature","properties":{"id":"c530","lines":"42","n":1,"tram":0,"op":"Wodzisław county"},"geometry":{"type":"LineString","coordinates":[[18.495371,50.020723],[18.49341,50.019464],[18.49341,50.018205]]}},{"type":"Feature","properties":{"id":"c531","lines":"42 50","n":2,"tram":0,"op":"Wodzisław county"},"geometry":{"type":"LineString","coordinates":[[18.495371,50.020723],[18.495371,50.021982]]}},{"type":"Feature","properties":{"id":"c532","lines":"42 50","n":2,"tram":0,"op":"Wodzisław county"},"geometry":{"type":"LineString","coordinates":[[18.49341,50.018205],[18.49341,50.023241]]}},{"type":"Feature","properties":{"id":"c533","lines":"42","n":1,"tram":0,"op":"Wodzisław county"},"geometry":{"type":"LineString","coordinates":[[18.49341,50.018205],[18.499291,50.021982]]}},{"type":"Feature","properties":{"id":"c534","lines":"41 42","n":2,"tram":0,"op":"Wodzisław county"},"geometry":{"type":"LineString","coordinates":[[18.49341,50.023241],[18.49145,50.0245]]}},{"type":"Feature","properties":{"id":"c535","lines":"41 42 52","n":3,"tram":0,"op":"Wodzisław county"},"geometry":{"type":"LineString","coordinates":[[18.49145,50.0245],[18.48753,50.0245]]}},{"type":"Feature","properties":{"id":"c536","lines":"52","n":1,"tram":0,"op":"Wodzisław county"},"geometry":{"type":"LineString","coordinates":[[18.49145,50.0245],[18.49145,50.032054],[18.49341,50.033314]]}},{"type":"Feature","properties":{"id":"c537","lines":"42","n":1,"tram":0,"op":"Wodzisław county"},"geometry":{"type":"LineString","coordinates":[[18.48753,50.0245],[18.48557,50.025759]]}},{"type":"Feature","properties":{"id":"c538","lines":"41","n":1,"tram":0,"op":"Wodzisław county"},"geometry":{"type":"LineString","coordinates":[[18.48753,50.0245],[18.48165,50.0245]]}},{"type":"Feature","properties":{"id":"c539","lines":"42","n":1,"tram":0,"op":"Wodzisław county"},"geometry":{"type":"LineString","coordinates":[[18.48557,50.025759],[18.48361,50.027018]]}},{"type":"Feature","properties":{"id":"c540","lines":"41 42 52","n":3,"tram":0,"op":"Wodzisław county"},"geometry":{"type":"LineString","coordinates":[[18.48557,50.025759],[18.48557,50.0245],[18.48949,50.021982]]}},{"type":"Feature","properties":{"id":"c541","lines":"41","n":1,"tram":0,"op":"Wodzisław county"},"geometry":{"type":"LineString","coordinates":[[18.48557,50.025759],[18.479689,50.025759],[18.477729,50.027018]]}},{"type":"Feature","properties":{"id":"c542","lines":"42","n":1,"tram":0,"op":"Wodzisław county"},"geometry":{"type":"LineString","coordinates":[[18.48361,50.027018],[18.477729,50.027018]]}},{"type":"Feature","properties":{"id":"c543","lines":"42","n":1,"tram":0,"op":"Wodzisław county"},"geometry":{"type":"LineString","coordinates":[[18.48361,50.027018],[18.479689,50.029536],[18.477729,50.029536]]}},{"type":"Feature","properties":{"id":"c544","lines":"42","n":1,"tram":0,"op":"Wodzisław county"},"geometry":{"type":"LineString","coordinates":[[18.477729,50.027018],[18.471849,50.023241]]}},{"type":"Feature","properties":{"id":"c545","lines":"41","n":1,"tram":0,"op":"Wodzisław county"},"geometry":{"type":"LineString","coordinates":[[18.477729,50.027018],[18.460088,50.03835],[18.460088,50.049681]]}},{"type":"Feature","properties":{"id":"c546","lines":"42","n":1,"tram":0,"op":"Wodzisław county"},"geometry":{"type":"LineString","coordinates":[[18.471849,50.023241],[18.471849,50.019464]]}},{"type":"Feature","properties":{"id":"c547","lines":"42","n":1,"tram":0,"op":"Wodzisław county"},"geometry":{"type":"LineString","coordinates":[[18.471849,50.019464],[18.473809,50.019464],[18.48165,50.0245]]}},{"type":"Feature","properties":{"id":"c548","lines":"41 42","n":2,"tram":0,"op":"Wodzisław county"},"geometry":{"type":"LineString","coordinates":[[18.48165,50.0245],[18.48165,50.027018],[18.477729,50.029536]]}},{"type":"Feature","properties":{"id":"c549","lines":"41","n":1,"tram":0,"op":"Wodzisław county"},"geometry":{"type":"LineString","coordinates":[[18.477729,50.029536],[18.477729,50.03835],[18.460088,50.049681]]}},{"type":"Feature","properties":{"id":"c550","lines":"41 42","n":2,"tram":0,"op":"Wodzisław county"},"geometry":{"type":"LineString","coordinates":[[18.48949,50.021982],[18.495371,50.021982]]}},{"type":"Feature","properties":{"id":"c551","lines":"52","n":1,"tram":0,"op":"Wodzisław county"},"geometry":{"type":"LineString","coordinates":[[18.48949,50.021982],[18.48949,50.027018],[18.49341,50.029536],[18.49341,50.033314]]}},{"type":"Feature","properties":{"id":"c552","lines":"41 50","n":2,"tram":0,"op":"Wodzisław county"},"geometry":{"type":"LineString","coordinates":[[18.495371,50.021982],[18.499291,50.021982]]}},{"type":"Feature","properties":{"id":"c553","lines":"52","n":1,"tram":0,"op":"Wodzisław county"},"geometry":{"type":"LineString","coordinates":[[18.499291,50.021982],[18.499291,50.023241],[18.495371,50.025759]]}},{"type":"Feature","properties":{"id":"c554","lines":"36 B14 R10 R11 W09 W10","n":6,"tram":0,"op":"mix"},"geometry":{"type":"LineString","coordinates":[[18.587497,49.990506],[18.593378,49.986729]]}},{"type":"Feature","properties":{"id":"c555","lines":"36 B10 B12 B13 B14 C10 C15 C19 M10 R10 R11 S10 S12 S12A S14 S15 W09 W10 W11","n":19,"tram":0,"op":"mix"},"geometry":{"type":"LineString","coordinates":[[18.587497,49.990506],[18.585537,49.990506],[18.581617,49.987988]]}},{"type":"Feature","properties":{"id":"c556","lines":"B10 B12 B13 C10 C15 C19 M10 S10 S12 S12A S13 S14 S15 W11","n":14,"tram":0,"op":"MZK Jastrzębie + region"},"geometry":{"type":"LineString","coordinates":[[18.587497,49.990506],[18.593378,49.990506]]}},{"type":"Feature","properties":{"id":"c557","lines":"B10 B12 B13 C10 C15 C19 M10 S10 S12 S12A S13 S14 S15 W11","n":14,"tram":0,"op":"MZK Jastrzębie + region"},"geometry":{"type":"LineString","coordinates":[[18.587497,49.990506],[18.589458,49.989247],[18.593378,49.989247]]}},{"type":"Feature","properties":{"id":"c558","lines":"S13","n":1,"tram":0,"op":"MZK Jastrzębie + region"},"geometry":{"type":"LineString","coordinates":[[18.587497,49.990506],[18.585537,49.991765]]}},{"type":"Feature","properties":{"id":"c559","lines":"B12 B15 C14 C16 C17 C18 R10 R11 S10 S16","n":10,"tram":0,"op":"MZK Jastrzębie + region"},"geometry":{"type":"LineString","coordinates":[[18.593378,49.986729],[18.589458,49.984211]]}},{"type":"Feature","properties":{"id":"c560","lines":"B12 B15 C11 C12 C17 C18 R10 R11 S10 S16","n":10,"tram":0,"op":"MZK Jastrzębie + region"},"geometry":{"type":"LineString","coordinates":[[18.593378,49.986729],[18.591418,49.98547],[18.589458,49.98547]]}},{"type":"Feature","properties":{"id":"c561","lines":"B14 C10 C11 C12 C19 M10 S16","n":7,"tram":0,"op":"MZK Jastrzębie + region"},"geometry":{"type":"LineString","coordinates":[[18.593378,49.986729],[18.595338,49.98547]]}},{"type":"Feature","properties":{"id":"c562","lines":"B14 C10 C14 C16 C19 M10 S16","n":7,"tram":0,"op":"MZK Jastrzębie + region"},"geometry":{"type":"LineString","coordinates":[[18.593378,49.986729],[18.597298,49.986729]]}},{"type":"Feature","properties":{"id":"c563","lines":"C12 C13","n":2,"tram":0,"op":"MZK Jastrzębie + region"},"geometry":{"type":"LineString","coordinates":[[18.593378,49.986729],[18.589458,49.986729]]}},{"type":"Feature","properties":{"id":"c564","lines":"C13 C14","n":2,"tram":0,"op":"MZK Jastrzębie + region"},"geometry":{"type":"LineString","coordinates":[[18.593378,49.986729],[18.591418,49.987988],[18.589458,49.987988]]}},{"type":"Feature","properties":{"id":"c565","lines":"36 B10 C12 C13 M10 S12 S12A S14 W09 W11","n":10,"tram":0,"op":"mix"},"geometry":{"type":"LineString","coordinates":[[18.581617,49.987988],[18.579657,49.987988],[18.577697,49.986729]]}},{"type":"Feature","properties":{"id":"c566","lines":"36 B10 C13 C14 M10 R10 R11 S12 S12A S14 W09 W11","n":12,"tram":0,"op":"mix"},"geometry":{"type":"LineString","coordinates":[[18.581617,49.987988],[18.575737,49.987988]]}},{"type":"Feature","properties":{"id":"c567","lines":"B11 C11 C16","n":3,"tram":0,"op":"MZK Jastrzębie + region"},"geometry":{"type":"LineString","coordinates":[[18.581617,49.987988],[18.581617,49.989247],[18.585537,49.991765]]}},{"type":"Feature","properties":{"id":"c568","lines":"B11 B13 B14 C10 C11 C19 R10 R11 W10","n":9,"tram":0,"op":"MZK Jastrzębie + region"},"geometry":{"type":"LineString","coordinates":[[18.581617,49.987988],[18.577697,49.990506]]}},{"type":"Feature","properties":{"id":"c569","lines":"B11 B13 B14 C10 C16 C19 W10","n":7,"tram":0,"op":"MZK Jastrzębie + region"},"geometry":{"type":"LineString","coordinates":[[18.581617,49.987988],[18.579657,49.989247],[18.575737,49.989247]]}},{"type":"Feature","properties":{"id":"c570","lines":"B12 C15 S10 S15","n":4,"tram":0,"op":"MZK Jastrzębie + region"},"geometry":{"type":"LineString","coordinates":[[18.581617,49.987988],[18.581617,49.986729]]}},{"type":"Feature","properties":{"id":"c571","lines":"C12 C13","n":2,"tram":0,"op":"MZK Jastrzębie + region"},"geometry":{"type":"LineString","coordinates":[[18.581617,49.987988],[18.587497,49.987988],[18.589458,49.986729]]}},{"type":"Feature","properties":{"id":"c572","lines":"C13 C14","n":2,"tram":0,"op":"MZK Jastrzębie + region"},"geometry":{"type":"LineString","coordinates":[[18.581617,49.987988],[18.589458,49.987988]]}},{"type":"Feature","properties":{"id":"c573","lines":"36 B10 C12 C13 C18 M10 S12 S12A S14 W09 W11","n":11,"tram":0,"op":"mix"},"geometry":{"type":"LineString","coordinates":[[18.577697,49.986729],[18.575737,49.98547],[18.573776,49.98547]]}},{"type":"Feature","properties":{"id":"c574","lines":"C18 S16","n":2,"tram":0,"op":"MZK Jastrzębie + region"},"geometry":{"type":"LineString","coordinates":[[18.577697,49.986729],[18.581617,49.986729]]}},{"type":"Feature","properties":{"id":"c575","lines":"S16","n":1,"tram":0,"op":"MZK Jastrzębie + region"},"geometry":{"type":"LineString","coordinates":[[18.577697,49.986729],[18.577697,49.98547],[18.575737,49.984211]]}},{"type":"Feature","properties":{"id":"c576","lines":"36 B10 C12 C13 C14 C18 M10 R10 R11 S12 S12A S14 S15 W09 W11","n":15,"tram":0,"op":"mix"},"geometry":{"type":"LineString","coordinates":[[18.573776,49.98547],[18.571816,49.98547]]}},{"type":"Feature","properties":{"id":"c577","lines":"36 B10 C13 C14 C18 M10 R10 R11 S12 S12A S14 W09 W11","n":13,"tram":0,"op":"mix"},"geometry":{"type":"LineString","coordinates":[[18.573776,49.98547],[18.575737,49.986729],[18.575737,49.987988]]}},{"type":"Feature","properties":{"id":"c578","lines":"C11","n":1,"tram":0,"op":"MZK Jastrzębie + region"},"geometry":{"type":"LineString","coordinates":[[18.573776,49.98547],[18.565936,49.98547]]}},{"type":"Feature","properties":{"id":"c579","lines":"C11 C16 S15","n":3,"tram":0,"op":"MZK Jastrzębie + region"},"geometry":{"type":"LineString","coordinates":[[18.573776,49.98547],[18.575737,49.984211]]}},{"type":"Feature","properties":{"id":"c580","lines":"C16","n":1,"tram":0,"op":"MZK Jastrzębie + region"},"geometry":{"type":"LineString","coordinates":[[18.573776,49.98547],[18.567896,49.98547],[18.565936,49.986729]]}},{"type":"Feature","properties":{"id":"c581","lines":"36","n":1,"tram":0,"op":"Wodzisław county"},"geometry":{"type":"LineString","coordinates":[[18.571816,49.98547],[18.563976,49.98547],[18.562016,49.984211]]}},{"type":"Feature","properties":{"id":"c582","lines":"B10 B11 C14 C18 S13","n":5,"tram":0,"op":"MZK Jastrzębie + region"},"geometry":{"type":"LineString","coordinates":[[18.571816,49.98547],[18.565936,49.98547]]}},{"type":"Feature","properties":{"id":"c583","lines":"B10 B11 C12 C18 S13","n":5,"tram":0,"op":"MZK Jastrzębie + region"},"geometry":{"type":"LineString","coordinates":[[18.571816,49.98547],[18.569856,49.986729],[18.565936,49.986729]]}},{"type":"Feature","properties":{"id":"c584","lines":"B11 B14 R10 R11","n":4,"tram":0,"op":"MZK Jastrzębie + region"},"geometry":{"type":"LineString","coordinates":[[18.571816,49.98547],[18.573776,49.986729],[18.573776,49.989247]]}},{"type":"Feature","properties":{"id":"c585","lines":"B11 B13 B14 C16","n":4,"tram":0,"op":"MZK Jastrzębie + region"},"geometry":{"type":"LineString","coordinates":[[18.571816,49.98547],[18.571816,49.986729],[18.575737,49.989247]]}},{"type":"Feature","properties":{"id":"c586","lines":"B13 C11 C13","n":3,"tram":0,"op":"MZK Jastrzębie + region"},"geometry":{"type":"LineString","coordinates":[[18.571816,49.98547],[18.571816,49.987988]]}},{"type":"Feature","properties":{"id":"c587","lines":"C11 C16 M10 S11 W09","n":5,"tram":0,"op":"MZK Jastrzębie + region"},"geometry":{"type":"LineString","coordinates":[[18.571816,49.98547],[18.569856,49.984211]]}},{"type":"Feature","properties":{"id":"c588","lines":"C13","n":1,"tram":0,"op":"MZK Jastrzębie + region"},"geometry":{"type":"LineString","coordinates":[[18.571816,49.98547],[18.573776,49.986729],[18.573776,49.990506]]}},{"type":"Feature","properties":{"id":"c589","lines":"R10 R11","n":2,"tram":0,"op":"MZK Jastrzębie + region"},"geometry":{"type":"LineString","coordinates":[[18.571816,49.98547],[18.573776,49.984211]]}},{"type":"Feature","properties":{"id":"c590","lines":"R10 R11","n":2,"tram":0,"op":"MZK Jastrzębie + region"},"geometry":{"type":"LineString","coordinates":[[18.571816,49.98547],[18.571816,49.982952]]}},{"type":"Feature","properties":{"id":"c591","lines":"S11 S13","n":2,"tram":0,"op":"MZK Jastrzębie + region"},"geometry":{"type":"LineString","coordinates":[[18.571816,49.98547],[18.571816,49.989247]]}},{"type":"Feature","properties":{"id":"c592","lines":"S11","n":1,"tram":0,"op":"MZK Jastrzębie + region"},"geometry":{"type":"LineString","coordinates":[[18.571816,49.98547],[18.575737,49.987988],[18.575737,49.990506]]}},{"type":"Feature","properties":{"id":"c593","lines":"S13","n":1,"tram":0,"op":"MZK Jastrzębie + region"},"geometry":{"type":"LineString","coordinates":[[18.571816,49.98547],[18.569856,49.986729],[18.569856,49.989247]]}},{"type":"Feature","properties":{"id":"c594","lines":"36 M10 W09","n":3,"tram":0,"op":"mix"},"geometry":{"type":"LineString","coordinates":[[18.562016,49.984211],[18.560055,49.984211],[18.556135,49.986729]]}},{"type":"Feature","properties":{"id":"c595","lines":"B10 B11 C11 C16 C18 M10 S13 W09","n":8,"tram":0,"op":"MZK Jastrzębie + region"},"geometry":{"type":"LineString","coordinates":[[18.562016,49.984211],[18.569856,49.984211]]}},{"type":"Feature","properties":{"id":"c596","lines":"B10 B11 C11 C16 C18 S13","n":6,"tram":0,"op":"MZK Jastrzębie + region"},"geometry":{"type":"LineString","coordinates":[[18.562016,49.984211],[18.562016,49.98547]]}},{"type":"Feature","properties":{"id":"c597","lines":"36 C12 C14","n":3,"tram":0,"op":"mix"},"geometry":{"type":"LineString","coordinates":[[18.556135,49.986729],[18.556135,49.981693]]}},{"type":"Feature","properties":{"id":"c598","lines":"C12 C14","n":2,"tram":0,"op":"MZK Jastrzębie + region"},"geometry":{"type":"LineString","coordinates":[[18.556135,49.986729],[18.560055,49.986729],[18.562016,49.98547]]}},{"type":"Feature","properties":{"id":"c599","lines":"M10","n":1,"tram":0,"op":"MZK Jastrzębie + region"},"geometry":{"type":"LineString","coordinates":[[18.556135,49.986729],[18.554175,49.98547]]}},{"type":"Feature","properties":{"id":"c600","lines":"W09","n":1,"tram":0,"op":"MZK Jastrzębie + region"},"geometry":{"type":"LineString","coordinates":[[18.556135,49.986729],[18.556135,49.990506]]}},{"type":"Feature","properties":{"id":"c601","lines":"36","n":1,"tram":0,"op":"Wodzisław county"},"geometry":{"type":"LineString","coordinates":[[18.556135,49.981693],[18.538494,49.981693]]}},{"type":"Feature","properties":{"id":"c602","lines":"36","n":1,"tram":0,"op":"Wodzisław county"},"geometry":{"type":"LineString","coordinates":[[18.556135,49.981693],[18.550255,49.977915],[18.540454,49.977915]]}},{"type":"Feature","properties":{"id":"c603","lines":"C12","n":1,"tram":0,"op":"MZK Jastrzębie + region"},"geometry":{"type":"LineString","coordinates":[[18.556135,49.981693],[18.558095,49.980433],[18.571816,49.980433]]}},{"type":"Feature","properties":{"id":"c604","lines":"C14","n":1,"tram":0,"op":"MZK Jastrzębie + region"},"geometry":{"type":"LineString","coordinates":[[18.556135,49.981693],[18.558095,49.980433],[18.571816,49.980433]]}},{"type":"Feature","properties":{"id":"c605","lines":"36 38","n":2,"tram":0,"op":"Wodzisław county"},"geometry":{"type":"LineString","coordinates":[[18.538494,49.981693],[18.532613,49.98547]]}},{"type":"Feature","properties":{"id":"c606","lines":"38","n":1,"tram":0,"op":"Wodzisław county"},"geometry":{"type":"LineString","coordinates":[[18.538494,49.981693],[18.542414,49.979174]]}},{"type":"Feature","properties":{"id":"c607","lines":"36","n":1,"tram":0,"op":"Wodzisław county"},"geometry":{"type":"LineString","coordinates":[[18.532613,49.98547],[18.524773,49.98547],[18.511052,49.994283]]}},{"type":"Feature","properties":{"id":"c608","lines":"38","n":1,"tram":0,"op":"Wodzisław county"},"geometry":{"type":"LineString","coordinates":[[18.532613,49.98547],[18.532613,49.989247]]}},{"type":"Feature","properties":{"id":"c609","lines":"36","n":1,"tram":0,"op":"Wodzisław county"},"geometry":{"type":"LineString","coordinates":[[18.511052,49.994283],[18.509092,49.995542],[18.509092,50.014428]]}},{"type":"Feature","properties":{"id":"c610","lines":"36","n":1,"tram":0,"op":"Wodzisław county"},"geometry":{"type":"LineString","coordinates":[[18.511052,49.994283],[18.511052,49.995542],[18.507131,49.99806],[18.507131,50.006874]]}},{"type":"Feature","properties":{"id":"c611","lines":"36","n":1,"tram":0,"op":"Wodzisław county"},"geometry":{"type":"LineString","coordinates":[[18.511052,49.994283],[18.528693,49.982952],[18.530653,49.982952]]}},{"type":"Feature","properties":{"id":"c612","lines":"52 53","n":2,"tram":0,"op":"Wodzisław county"},"geometry":{"type":"LineString","coordinates":[[18.509092,50.014428],[18.503211,50.014428]]}},{"type":"Feature","properties":{"id":"c613","lines":"59 201 202 204 207","n":5,"tram":0,"op":"mix"},"geometry":{"type":"LineString","coordinates":[[18.509092,50.014428],[18.507131,50.015687],[18.507131,50.016946]]}},{"type":"Feature","properties":{"id":"c614","lines":"36","n":1,"tram":0,"op":"Wodzisław county"},"geometry":{"type":"LineString","coordinates":[[18.505171,50.013169],[18.505171,50.008133],[18.507131,50.006874]]}},{"type":"Feature","properties":{"id":"c615","lines":"53","n":1,"tram":0,"op":"Wodzisław county"},"geometry":{"type":"LineString","coordinates":[[18.507131,50.006874],[18.503211,50.009392],[18.503211,50.014428]]}},{"type":"Feature","properties":{"id":"c616","lines":"36 38","n":2,"tram":0,"op":"Wodzisław county"},"geometry":{"type":"LineString","coordinates":[[18.530653,49.982952],[18.538494,49.977915],[18.540454,49.977915]]}},{"type":"Feature","properties":{"id":"c617","lines":"38","n":1,"tram":0,"op":"Wodzisław county"},"geometry":{"type":"LineString","coordinates":[[18.530653,49.982952],[18.530653,49.987988]]}},{"type":"Feature","properties":{"id":"c618","lines":"38","n":1,"tram":0,"op":"Wodzisław county"},"geometry":{"type":"LineString","coordinates":[[18.540454,49.977915],[18.544374,49.975397]]}},{"type":"Feature","properties":{"id":"c619","lines":"C18 S16","n":2,"tram":0,"op":"MZK Jastrzębie + region"},"geometry":{"type":"LineString","coordinates":[[18.575737,49.987988],[18.579657,49.987988],[18.581617,49.986729]]}},{"type":"Feature","properties":{"id":"c620","lines":"S16","n":1,"tram":0,"op":"MZK Jastrzębie + region"},"geometry":{"type":"LineString","coordinates":[[18.575737,49.987988],[18.575737,49.984211]]}},{"type":"Feature","properties":{"id":"c621","lines":"38","n":1,"tram":0,"op":"Wodzisław county"},"geometry":{"type":"LineString","coordinates":[[18.532613,49.989247],[18.526733,49.993024],[18.524773,49.993024]]}},{"type":"Feature","properties":{"id":"c622","lines":"38","n":1,"tram":0,"op":"Wodzisław county"},"geometry":{"type":"LineString","coordinates":[[18.532613,49.989247],[18.532613,49.993024]]}},{"type":"Feature","properties":{"id":"c623","lines":"38","n":1,"tram":0,"op":"Wodzisław county"},"geometry":{"type":"LineString","coordinates":[[18.524773,49.993024],[18.532613,49.993024]]}},{"type":"Feature","properties":{"id":"c624","lines":"38","n":1,"tram":0,"op":"Wodzisław county"},"geometry":{"type":"LineString","coordinates":[[18.524773,49.993024],[18.526733,49.991765],[18.530653,49.991765]]}},{"type":"Feature","properties":{"id":"c625","lines":"38","n":1,"tram":0,"op":"Wodzisław county"},"geometry":{"type":"LineString","coordinates":[[18.524773,49.993024],[18.524773,49.991765],[18.530653,49.987988]]}},{"type":"Feature","properties":{"id":"c626","lines":"38","n":1,"tram":0,"op":"Wodzisław county"},"geometry":{"type":"LineString","coordinates":[[18.532613,49.993024],[18.532613,49.99806]]}},{"type":"Feature","properties":{"id":"c627","lines":"38 50 51","n":3,"tram":0,"op":"Wodzisław county"},"geometry":{"type":"LineString","coordinates":[[18.532613,49.99806],[18.532613,50.001837]]}},{"type":"Feature","properties":{"id":"c628","lines":"51","n":1,"tram":0,"op":"Wodzisław county"},"geometry":{"type":"LineString","coordinates":[[18.532613,49.99806],[18.528693,49.99806],[18.518892,50.004355]]}},{"type":"Feature","properties":{"id":"c629","lines":"38 W09","n":2,"tram":0,"op":"mix"},"geometry":{"type":"LineString","coordinates":[[18.532613,50.001837],[18.532613,50.005614]]}},{"type":"Feature","properties":{"id":"c630","lines":"38 50 51","n":3,"tram":0,"op":"Wodzisław county"},"geometry":{"type":"LineString","coordinates":[[18.532613,50.001837],[18.530653,50.000578],[18.530653,49.996801]]}},{"type":"Feature","properties":{"id":"c631","lines":"50","n":1,"tram":0,"op":"Wodzisław county"},"geometry":{"type":"LineString","coordinates":[[18.532613,50.001837],[18.532613,50.003096],[18.516932,50.013169]]}},{"type":"Feature","properties":{"id":"c632","lines":"50","n":1,"tram":0,"op":"Wodzisław county"},"geometry":{"type":"LineString","coordinates":[[18.532613,50.001837],[18.530653,50.001837],[18.514972,50.01191]]}},{"type":"Feature","properties":{"id":"c633","lines":"W09","n":1,"tram":0,"op":"MZK Jastrzębie + region"},"geometry":{"type":"LineString","coordinates":[[18.532613,50.001837],[18.538494,50.001837]]}},{"type":"Feature","properties":{"id":"c634","lines":"38 59 W09 W10","n":4,"tram":0,"op":"mix"},"geometry":{"type":"LineString","coordinates":[[18.532613,50.005614],[18.522813,50.01191]]}},{"type":"Feature","properties":{"id":"c635","lines":"59 W10","n":2,"tram":0,"op":"mix"},"geometry":{"type":"LineString","coordinates":[[18.532613,50.005614],[18.538494,50.001837]]}},{"type":"Feature","properties":{"id":"c636","lines":"38 59 W09 W10","n":4,"tram":0,"op":"mix"},"geometry":{"type":"LineString","coordinates":[[18.522813,50.01191],[18.518892,50.01191],[18.516932,50.013169]]}},{"type":"Feature","properties":{"id":"c637","lines":"38 59","n":2,"tram":0,"op":"Wodzisław county"},"geometry":{"type":"LineString","coordinates":[[18.522813,50.01191],[18.514972,50.01191]]}},{"type":"Feature","properties":{"id":"c638","lines":"38","n":1,"tram":0,"op":"Wodzisław county"},"geometry":{"type":"LineString","coordinates":[[18.516932,50.013169],[18.511052,50.013169]]}},{"type":"Feature","properties":{"id":"c639","lines":"59","n":1,"tram":0,"op":"Wodzisław county"},"geometry":{"type":"LineString","coordinates":[[18.511052,50.013169],[18.511052,50.014428],[18.507131,50.016946]]}},{"type":"Feature","properties":{"id":"c640","lines":"38","n":1,"tram":0,"op":"Wodzisław county"},"geometry":{"type":"LineString","coordinates":[[18.513012,50.01191],[18.514972,50.01191]]}},{"type":"Feature","properties":{"id":"c641","lines":"38","n":1,"tram":0,"op":"Wodzisław county"},"geometry":{"type":"LineString","coordinates":[[18.530653,49.996801],[18.530653,49.991765]]}},{"type":"Feature","properties":{"id":"c642","lines":"51","n":1,"tram":0,"op":"Wodzisław county"},"geometry":{"type":"LineString","coordinates":[[18.530653,49.996801],[18.528693,49.996801],[18.518892,50.003096],[18.516932,50.003096]]}},{"type":"Feature","properties":{"id":"c643","lines":"38","n":1,"tram":0,"op":"Wodzisław county"},"geometry":{"type":"LineString","coordinates":[[18.530653,49.991765],[18.530653,49.987988]]}},{"type":"Feature","properties":{"id":"c644","lines":"33","n":1,"tram":0,"op":"Wodzisław county"},"geometry":{"type":"LineString","coordinates":[[18.497331,50.003096],[18.49145,50.003096]]}},{"type":"Feature","properties":{"id":"c645","lines":"33","n":1,"tram":0,"op":"Wodzisław county"},"geometry":{"type":"LineString","coordinates":[[18.49145,50.003096],[18.48165,50.009392],[18.479689,50.009392]]}},{"type":"Feature","properties":{"id":"c646","lines":"33","n":1,"tram":0,"op":"Wodzisław county"},"geometry":{"type":"LineString","coordinates":[[18.49145,50.003096],[18.48949,50.003096],[18.479689,50.009392]]}},{"type":"Feature","properties":{"id":"c647","lines":"32","n":1,"tram":0,"op":"Wodzisław county"},"geometry":{"type":"LineString","coordinates":[[18.497331,49.995542],[18.518892,49.995542]]}},{"type":"Feature","properties":{"id":"c648","lines":"32","n":1,"tram":0,"op":"Wodzisław county"},"geometry":{"type":"LineString","coordinates":[[18.497331,49.995542],[18.518892,49.995542]]}},{"type":"Feature","properties":{"id":"c649","lines":"32","n":1,"tram":0,"op":"Wodzisław county"},"geometry":{"type":"LineString","coordinates":[[18.518892,49.995542],[18.516932,49.996801],[18.516932,50.003096]]}},{"type":"Feature","properties":{"id":"c650","lines":"32","n":1,"tram":0,"op":"Wodzisław county"},"geometry":{"type":"LineString","coordinates":[[18.518892,49.995542],[18.518892,50.004355]]}},{"type":"Feature","properties":{"id":"c651","lines":"50 51 52 205 206","n":5,"tram":0,"op":"mix"},"geometry":{"type":"LineString","coordinates":[[18.511052,50.019464],[18.509092,50.020723]]}},{"type":"Feature","properties":{"id":"c652","lines":"52 201 202 204 210","n":5,"tram":0,"op":"mix"},"geometry":{"type":"LineString","coordinates":[[18.49341,50.033314],[18.495371,50.032054],[18.495371,50.025759]]}},{"type":"Feature","properties":{"id":"c653","lines":"201 203","n":2,"tram":0,"op":"MZK Jastrzębie + region"},"geometry":{"type":"LineString","coordinates":[[18.49341,50.033314],[18.49341,50.035832]]}},{"type":"Feature","properties":{"id":"c654","lines":"202 203","n":2,"tram":0,"op":"MZK Jastrzębie + region"},"geometry":{"type":"LineString","coordinates":[[18.49341,50.033314],[18.49145,50.034573]]}},{"type":"Feature","properties":{"id":"c655","lines":"50 51 52 59 205 206","n":6,"tram":0,"op":"mix"},"geometry":{"type":"LineString","coordinates":[[18.509092,50.020723],[18.509092,50.023241]]}},{"type":"Feature","properties":{"id":"c656","lines":"50 51 59","n":3,"tram":0,"op":"Wodzisław county"},"geometry":{"type":"LineString","coordinates":[[18.509092,50.020723],[18.507131,50.021982]]}},{"type":"Feature","properties":{"id":"c657","lines":"52 205 206","n":3,"tram":0,"op":"mix"},"geometry":{"type":"LineString","coordinates":[[18.509092,50.023241],[18.509092,50.027018]]}},{"type":"Feature","properties":{"id":"c658","lines":"50 51 59","n":3,"tram":0,"op":"Wodzisław county"},"geometry":{"type":"LineString","coordinates":[[18.509092,50.023241],[18.505171,50.023241]]}},{"type":"Feature","properties":{"id":"c659","lines":"52","n":1,"tram":0,"op":"Wodzisław county"},"geometry":{"type":"LineString","coordinates":[[18.509092,50.027018],[18.514972,50.027018],[18.516932,50.025759]]}},{"type":"Feature","properties":{"id":"c660","lines":"52","n":1,"tram":0,"op":"Wodzisław county"},"geometry":{"type":"LineString","coordinates":[[18.509092,50.027018],[18.513012,50.027018],[18.514972,50.025759],[18.516932,50.025759]]}},{"type":"Feature","properties":{"id":"c661","lines":"51 59","n":2,"tram":0,"op":"Wodzisław county"},"geometry":{"type":"LineString","coordinates":[[18.509092,50.027018],[18.505171,50.0245],[18.505171,50.023241]]}},{"type":"Feature","properties":{"id":"c662","lines":"51 59","n":2,"tram":0,"op":"Wodzisław county"},"geometry":{"type":"LineString","coordinates":[[18.509092,50.027018],[18.507131,50.025759],[18.507131,50.021982]]}},{"type":"Feature","properties":{"id":"c663","lines":"59 205 206","n":3,"tram":0,"op":"mix"},"geometry":{"type":"LineString","coordinates":[[18.509092,50.027018],[18.509092,50.034573]]}},{"type":"Feature","properties":{"id":"c664","lines":"51","n":1,"tram":0,"op":"Wodzisław county"},"geometry":{"type":"LineString","coordinates":[[18.509092,50.027018],[18.501251,50.032054],[18.501251,50.034573]]}},{"type":"Feature","properties":{"id":"c665","lines":"51","n":1,"tram":0,"op":"Wodzisław county"},"geometry":{"type":"LineString","coordinates":[[18.509092,50.027018],[18.501251,50.032054],[18.501251,50.034573]]}},{"type":"Feature","properties":{"id":"c666","lines":"52 201 202 203 W10","n":5,"tram":0,"op":"mix"},"geometry":{"type":"LineString","coordinates":[[18.516932,50.025759],[18.514972,50.0245],[18.514972,50.021982]]}},{"type":"Feature","properties":{"id":"c667","lines":"201 203 W10","n":3,"tram":0,"op":"MZK Jastrzębie + region"},"geometry":{"type":"LineString","coordinates":[[18.516932,50.025759],[18.518892,50.027018],[18.518892,50.033314]]}},{"type":"Feature","properties":{"id":"c668","lines":"202 203 W10","n":3,"tram":0,"op":"MZK Jastrzębie + region"},"geometry":{"type":"LineString","coordinates":[[18.516932,50.025759],[18.516932,50.032054],[18.518892,50.033314]]}},{"type":"Feature","properties":{"id":"c669","lines":"52","n":1,"tram":0,"op":"Wodzisław county"},"geometry":{"type":"LineString","coordinates":[[18.514972,50.021982],[18.518892,50.019464]]}},{"type":"Feature","properties":{"id":"c670","lines":"52 208 209","n":3,"tram":0,"op":"mix"},"geometry":{"type":"LineString","coordinates":[[18.518892,50.019464],[18.520852,50.020723]]}},{"type":"Feature","properties":{"id":"c671","lines":"52 208 209","n":3,"tram":0,"op":"mix"},"geometry":{"type":"LineString","coordinates":[[18.520852,50.020723],[18.522813,50.020723]]}},{"type":"Feature","properties":{"id":"c672","lines":"59 W09 W10","n":3,"tram":0,"op":"mix"},"geometry":{"type":"LineString","coordinates":[[18.538494,50.001837],[18.550255,49.994283],[18.556135,49.994283]]}},{"type":"Feature","properties":{"id":"c673","lines":"59 W09","n":2,"tram":0,"op":"mix"},"geometry":{"type":"LineString","coordinates":[[18.556135,49.994283],[18.556135,49.990506]]}},{"type":"Feature","properties":{"id":"c674","lines":"W10","n":1,"tram":0,"op":"MZK Jastrzębie + region"},"geometry":{"type":"LineString","coordinates":[[18.556135,49.994283],[18.562016,49.994283],[18.569856,49.989247]]}},{"type":"Feature","properties":{"id":"c675","lines":"W10","n":1,"tram":0,"op":"MZK Jastrzębie + region"},"geometry":{"type":"LineString","coordinates":[[18.556135,49.994283],[18.562016,49.994283],[18.569856,49.989247]]}},{"type":"Feature","properties":{"id":"c676","lines":"201 202","n":2,"tram":0,"op":"MZK Jastrzębie + region"},"geometry":{"type":"LineString","coordinates":[[18.505171,50.047163],[18.501251,50.047163]]}},{"type":"Feature","properties":{"id":"c677","lines":"51 203 210","n":3,"tram":0,"op":"mix"},"geometry":{"type":"LineString","coordinates":[[18.501251,50.034573],[18.499291,50.035832]]}},{"type":"Feature","properties":{"id":"c678","lines":"203 210","n":2,"tram":0,"op":"MZK Jastrzębie + region"},"geometry":{"type":"LineString","coordinates":[[18.501251,50.034573],[18.507131,50.03835]]}},{"type":"Feature","properties":{"id":"c679","lines":"201","n":1,"tram":0,"op":"MZK Jastrzębie + region"},"geometry":{"type":"LineString","coordinates":[[18.495371,50.043386],[18.495371,50.042127],[18.49145,50.039609]]}},{"type":"Feature","properties":{"id":"c680","lines":"202","n":1,"tram":0,"op":"MZK Jastrzębie + region"},"geometry":{"type":"LineString","coordinates":[[18.495371,50.043386],[18.48949,50.039609]]}},{"type":"Feature","properties":{"id":"c681","lines":"201","n":1,"tram":0,"op":"MZK Jastrzębie + region"},"geometry":{"type":"LineString","coordinates":[[18.49145,50.039609],[18.49341,50.03835],[18.49341,50.035832]]}},{"type":"Feature","properties":{"id":"c682","lines":"203","n":1,"tram":0,"op":"MZK Jastrzębie + region"},"geometry":{"type":"LineString","coordinates":[[18.49145,50.039609],[18.48949,50.040868],[18.48753,50.040868]]}},{"type":"Feature","properties":{"id":"c683","lines":"203","n":1,"tram":0,"op":"MZK Jastrzębie + region"},"geometry":{"type":"LineString","coordinates":[[18.49145,50.039609],[18.49145,50.037091]]}},{"type":"Feature","properties":{"id":"c684","lines":"203","n":1,"tram":0,"op":"MZK Jastrzębie + region"},"geometry":{"type":"LineString","coordinates":[[18.49341,50.035832],[18.49145,50.037091]]}},{"type":"Feature","properties":{"id":"c685","lines":"202","n":1,"tram":0,"op":"MZK Jastrzębie + region"},"geometry":{"type":"LineString","coordinates":[[18.49145,50.034573],[18.49145,50.03835],[18.48949,50.039609]]}},{"type":"Feature","properties":{"id":"c686","lines":"203","n":1,"tram":0,"op":"MZK Jastrzębie + region"},"geometry":{"type":"LineString","coordinates":[[18.49145,50.034573],[18.49145,50.037091]]}},{"type":"Feature","properties":{"id":"c687","lines":"203","n":1,"tram":0,"op":"MZK Jastrzębie + region"},"geometry":{"type":"LineString","coordinates":[[18.48949,50.039609],[18.48949,50.03835],[18.49145,50.037091]]}},{"type":"Feature","properties":{"id":"c688","lines":"203","n":1,"tram":0,"op":"MZK Jastrzębie + region"},"geometry":{"type":"LineString","coordinates":[[18.48949,50.039609],[18.48753,50.040868]]}},{"type":"Feature","properties":{"id":"c689","lines":"203","n":1,"tram":0,"op":"MZK Jastrzębie + region"},"geometry":{"type":"LineString","coordinates":[[18.48753,50.040868],[18.48361,50.043386]]}},{"type":"Feature","properties":{"id":"c690","lines":"203","n":1,"tram":0,"op":"MZK Jastrzębie + region"},"geometry":{"type":"LineString","coordinates":[[18.48361,50.043386],[18.49341,50.049681],[18.497331,50.049681]]}},{"type":"Feature","properties":{"id":"c691","lines":"203","n":1,"tram":0,"op":"MZK Jastrzębie + region"},"geometry":{"type":"LineString","coordinates":[[18.48361,50.043386],[18.48557,50.043386],[18.497331,50.05094]]}},{"type":"Feature","properties":{"id":"c692","lines":"203","n":1,"tram":0,"op":"MZK Jastrzębie + region"},"geometry":{"type":"LineString","coordinates":[[18.49145,50.037091],[18.48557,50.033314]]}},{"type":"Feature","properties":{"id":"c693","lines":"205 206","n":2,"tram":0,"op":"MZK Jastrzębie + region"},"geometry":{"type":"LineString","coordinates":[[18.497331,50.049681],[18.499291,50.05094],[18.503211,50.05094]]}},{"type":"Feature","properties":{"id":"c694","lines":"205","n":1,"tram":0,"op":"MZK Jastrzębie + region"},"geometry":{"type":"LineString","coordinates":[[18.511052,50.049681],[18.513012,50.049681]]}},{"type":"Feature","properties":{"id":"c695","lines":"205","n":1,"tram":0,"op":"MZK Jastrzębie + region"},"geometry":{"type":"LineString","coordinates":[[18.511052,50.049681],[18.513012,50.049681]]}},{"type":"Feature","properties":{"id":"c696","lines":"205","n":1,"tram":0,"op":"MZK Jastrzębie + region"},"geometry":{"type":"LineString","coordinates":[[18.513012,50.049681],[18.514972,50.05094],[18.516932,50.05094]]}},{"type":"Feature","properties":{"id":"c697","lines":"207 W11","n":2,"tram":0,"op":"MZK Jastrzębie + region"},"geometry":{"type":"LineString","coordinates":[[18.532613,50.01191],[18.530653,50.01191],[18.526733,50.014428],[18.520852,50.014428]]}},{"type":"Feature","properties":{"id":"c698","lines":"W11","n":1,"tram":0,"op":"MZK Jastrzębie + region"},"geometry":{"type":"LineString","coordinates":[[18.532613,50.01191],[18.538494,50.01191],[18.548295,50.005614]]}},{"type":"Feature","properties":{"id":"c699","lines":"208","n":1,"tram":0,"op":"MZK Jastrzębie + region"},"geometry":{"type":"LineString","coordinates":[[18.554175,50.016946],[18.550255,50.019464],[18.536534,50.019464]]}},{"type":"Feature","properties":{"id":"c700","lines":"208","n":1,"tram":0,"op":"MZK Jastrzębie + region"},"geometry":{"type":"LineString","coordinates":[[18.554175,50.016946],[18.540454,50.016946],[18.536534,50.019464]]}},{"type":"Feature","properties":{"id":"c701","lines":"300 301 304","n":3,"tram":0,"op":"MZK Jastrzębie + region"},"geometry":{"type":"LineString","coordinates":[[18.634541,50.079898],[18.630621,50.079898]]}},{"type":"Feature","properties":{"id":"c702","lines":"301","n":1,"tram":0,"op":"MZK Jastrzębie + region"},"geometry":{"type":"LineString","coordinates":[[18.634541,50.079898],[18.638461,50.082416]]}},{"type":"Feature","properties":{"id":"c703","lines":"300 301 304","n":3,"tram":0,"op":"MZK Jastrzębie + region"},"geometry":{"type":"LineString","coordinates":[[18.630621,50.079898],[18.62474,50.079898]]}},{"type":"Feature","properties":{"id":"c704","lines":"300 301 304","n":3,"tram":0,"op":"MZK Jastrzębie + region"},"geometry":{"type":"LineString","coordinates":[[18.630621,50.079898],[18.62474,50.079898]]}},{"type":"Feature","properties":{"id":"c705","lines":"300 301 304","n":3,"tram":0,"op":"MZK Jastrzębie + region"},"geometry":{"type":"LineString","coordinates":[[18.62474,50.079898],[18.62082,50.082416]]}},{"type":"Feature","properties":{"id":"c706","lines":"300","n":1,"tram":0,"op":"MZK Jastrzębie + region"},"geometry":{"type":"LineString","coordinates":[[18.62082,50.082416],[18.61886,50.081157]]}},{"type":"Feature","properties":{"id":"c707","lines":"301 304","n":2,"tram":0,"op":"MZK Jastrzębie + region"},"geometry":{"type":"LineString","coordinates":[[18.62082,50.082416],[18.61886,50.083675]]}},{"type":"Feature","properties":{"id":"c708","lines":"300","n":1,"tram":0,"op":"MZK Jastrzębie + region"},"geometry":{"type":"LineString","coordinates":[[18.61886,50.081157],[18.614939,50.078639]]}},{"type":"Feature","properties":{"id":"c709","lines":"300","n":1,"tram":0,"op":"MZK Jastrzębie + region"},"geometry":{"type":"LineString","coordinates":[[18.61886,50.081157],[18.61886,50.079898],[18.614939,50.07738]]}},{"type":"Feature","properties":{"id":"c710","lines":"300 302 304 305","n":4,"tram":0,"op":"MZK Jastrzębie + region"},"geometry":{"type":"LineString","coordinates":[[18.614939,50.078639],[18.614939,50.076121]]}},{"type":"Feature","properties":{"id":"c711","lines":"301 302 304 305","n":4,"tram":0,"op":"MZK Jastrzębie + region"},"geometry":{"type":"LineString","coordinates":[[18.614939,50.078639],[18.612979,50.079898]]}},{"type":"Feature","properties":{"id":"c712","lines":"301","n":1,"tram":0,"op":"MZK Jastrzębie + region"},"geometry":{"type":"LineString","coordinates":[[18.614939,50.078639],[18.612979,50.07738]]}},{"type":"Feature","properties":{"id":"c713","lines":"300 302 304 305","n":4,"tram":0,"op":"MZK Jastrzębie + region"},"geometry":{"type":"LineString","coordinates":[[18.614939,50.076121],[18.6169,50.074862]]}},{"type":"Feature","properties":{"id":"c714","lines":"300 302 304 305","n":4,"tram":0,"op":"MZK Jastrzębie + region"},"geometry":{"type":"LineString","coordinates":[[18.614939,50.076121],[18.614939,50.07738]]}},{"type":"Feature","properties":{"id":"c715","lines":"300 302 304","n":3,"tram":0,"op":"MZK Jastrzębie + region"},"geometry":{"type":"LineString","coordinates":[[18.6169,50.074862],[18.614939,50.074862]]}},{"type":"Feature","properties":{"id":"c716","lines":"300 302 304","n":3,"tram":0,"op":"MZK Jastrzębie + region"},"geometry":{"type":"LineString","coordinates":[[18.6169,50.074862],[18.614939,50.073603]]}},{"type":"Feature","properties":{"id":"c717","lines":"305","n":1,"tram":0,"op":"MZK Jastrzębie + region"},"geometry":{"type":"LineString","coordinates":[[18.6169,50.074862],[18.61886,50.074862],[18.62082,50.073603]]}},{"type":"Feature","properties":{"id":"c718","lines":"300 302 306","n":3,"tram":0,"op":"MZK Jastrzębie + region"},"geometry":{"type":"LineString","coordinates":[[18.614939,50.074862],[18.614939,50.073603]]}},{"type":"Feature","properties":{"id":"c719","lines":"304","n":1,"tram":0,"op":"MZK Jastrzębie + region"},"geometry":{"type":"LineString","coordinates":[[18.614939,50.074862],[18.611019,50.074862]]}},{"type":"Feature","properties":{"id":"c720","lines":"306","n":1,"tram":0,"op":"MZK Jastrzębie + region"},"geometry":{"type":"LineString","coordinates":[[18.614939,50.074862],[18.61886,50.074862],[18.62082,50.073603]]}},{"type":"Feature","properties":{"id":"c721","lines":"300 302 306","n":3,"tram":0,"op":"MZK Jastrzębie + region"},"geometry":{"type":"LineString","coordinates":[[18.614939,50.073603],[18.612979,50.072344]]}},{"type":"Feature","properties":{"id":"c722","lines":"304","n":1,"tram":0,"op":"MZK Jastrzębie + region"},"geometry":{"type":"LineString","coordinates":[[18.614939,50.073603],[18.609059,50.073603],[18.607099,50.074862]]}},{"type":"Feature","properties":{"id":"c723","lines":"306","n":1,"tram":0,"op":"MZK Jastrzębie + region"},"geometry":{"type":"LineString","coordinates":[[18.614939,50.073603],[18.62082,50.073603]]}},{"type":"Feature","properties":{"id":"c724","lines":"300 302 306","n":3,"tram":0,"op":"MZK Jastrzębie + region"},"geometry":{"type":"LineString","coordinates":[[18.612979,50.072344],[18.611019,50.073603],[18.605139,50.073603]]}},{"type":"Feature","properties":{"id":"c725","lines":"300 302 306","n":3,"tram":0,"op":"MZK Jastrzębie + region"},"geometry":{"type":"LineString","coordinates":[[18.612979,50.072344],[18.607099,50.072344]]}},{"type":"Feature","properties":{"id":"c726","lines":"300 301 302 306","n":4,"tram":0,"op":"MZK Jastrzębie + region"},"geometry":{"type":"LineString","coordinates":[[18.605139,50.073603],[18.599258,50.073603]]}},{"type":"Feature","properties":{"id":"c727","lines":"301","n":1,"tram":0,"op":"MZK Jastrzębie + region"},"geometry":{"type":"LineString","coordinates":[[18.605139,50.073603],[18.607099,50.074862]]}},{"type":"Feature","properties":{"id":"c728","lines":"300 301 302 306","n":4,"tram":0,"op":"MZK Jastrzębie + region"},"geometry":{"type":"LineString","coordinates":[[18.599258,50.073603],[18.593378,50.073603]]}},{"type":"Feature","properties":{"id":"c729","lines":"300 301 302 306","n":4,"tram":0,"op":"MZK Jastrzębie + region"},"geometry":{"type":"LineString","coordinates":[[18.599258,50.073603],[18.601218,50.072344],[18.607099,50.072344]]}},{"type":"Feature","properties":{"id":"c730","lines":"301","n":1,"tram":0,"op":"MZK Jastrzębie + region"},"geometry":{"type":"LineString","coordinates":[[18.607099,50.072344],[18.611019,50.074862]]}},{"type":"Feature","properties":{"id":"c731","lines":"301","n":1,"tram":0,"op":"MZK Jastrzębie + region"},"geometry":{"type":"LineString","coordinates":[[18.614939,50.07738],[18.612979,50.07738]]}},{"type":"Feature","properties":{"id":"c732","lines":"301 302 304 305","n":4,"tram":0,"op":"MZK Jastrzębie + region"},"geometry":{"type":"LineString","coordinates":[[18.614939,50.07738],[18.612979,50.078639],[18.612979,50.079898]]}},{"type":"Feature","properties":{"id":"c733","lines":"301 304","n":2,"tram":0,"op":"MZK Jastrzębie + region"},"geometry":{"type":"LineString","coordinates":[[18.611019,50.074862],[18.607099,50.07738],[18.603179,50.07738]]}},{"type":"Feature","properties":{"id":"c734","lines":"301 304","n":2,"tram":0,"op":"MZK Jastrzębie + region"},"geometry":{"type":"LineString","coordinates":[[18.603179,50.07738],[18.607099,50.074862]]}},{"type":"Feature","properties":{"id":"c735","lines":"309","n":1,"tram":0,"op":"MZK Jastrzębie + region"},"geometry":{"type":"LineString","coordinates":[[18.603179,50.07738],[18.603179,50.079898],[18.605139,50.081157]]}},{"type":"Feature","properties":{"id":"c736","lines":"301","n":1,"tram":0,"op":"MZK Jastrzębie + region"},"geometry":{"type":"LineString","coordinates":[[18.607099,50.078639],[18.609059,50.07738],[18.612979,50.07738]]}},{"type":"Feature","properties":{"id":"c737","lines":"301 302 304 305","n":4,"tram":0,"op":"MZK Jastrzębie + region"},"geometry":{"type":"LineString","coordinates":[[18.612979,50.079898],[18.611019,50.079898],[18.607099,50.082416]]}},{"type":"Feature","properties":{"id":"c738","lines":"301 302 304 305","n":4,"tram":0,"op":"MZK Jastrzębie + region"},"geometry":{"type":"LineString","coordinates":[[18.612979,50.079898],[18.611019,50.081157]]}},{"type":"Feature","properties":{"id":"c739","lines":"301 304 305 309","n":4,"tram":0,"op":"MZK Jastrzębie + region"},"geometry":{"type":"LineString","coordinates":[[18.607099,50.082416],[18.607099,50.084935]]}},{"type":"Feature","properties":{"id":"c740","lines":"303","n":1,"tram":0,"op":"MZK Jastrzębie + region"},"geometry":{"type":"LineString","coordinates":[[18.607099,50.082416],[18.611019,50.082416]]}},{"type":"Feature","properties":{"id":"c741","lines":"303","n":1,"tram":0,"op":"MZK Jastrzębie + region"},"geometry":{"type":"LineString","coordinates":[[18.607099,50.082416],[18.603179,50.084935]]}},{"type":"Feature","properties":{"id":"c742","lines":"309","n":1,"tram":0,"op":"MZK Jastrzębie + region"},"geometry":{"type":"LineString","coordinates":[[18.607099,50.082416],[18.605139,50.081157]]}},{"type":"Feature","properties":{"id":"c743","lines":"301 303 304 305 309","n":5,"tram":0,"op":"MZK Jastrzębie + region"},"geometry":{"type":"LineString","coordinates":[[18.607099,50.084935],[18.611019,50.084935]]}},{"type":"Feature","properties":{"id":"c744","lines":"301 304","n":2,"tram":0,"op":"MZK Jastrzębie + region"},"geometry":{"type":"LineString","coordinates":[[18.607099,50.084935],[18.607099,50.083675],[18.611019,50.081157]]}},{"type":"Feature","properties":{"id":"c745","lines":"303","n":1,"tram":0,"op":"MZK Jastrzębie + region"},"geometry":{"type":"LineString","coordinates":[[18.607099,50.084935],[18.603179,50.084935]]}},{"type":"Feature","properties":{"id":"c746","lines":"301 304","n":2,"tram":0,"op":"MZK Jastrzębie + region"},"geometry":{"type":"LineString","coordinates":[[18.611019,50.084935],[18.612979,50.086194]]}},{"type":"Feature","properties":{"id":"c747","lines":"303 305 309","n":3,"tram":0,"op":"MZK Jastrzębie + region"},"geometry":{"type":"LineString","coordinates":[[18.611019,50.084935],[18.611019,50.082416]]}},{"type":"Feature","properties":{"id":"c748","lines":"301 304","n":2,"tram":0,"op":"MZK Jastrzębie + region"},"geometry":{"type":"LineString","coordinates":[[18.612979,50.086194],[18.6169,50.083675],[18.61886,50.083675]]}},{"type":"Feature","properties":{"id":"c749","lines":"301 304","n":2,"tram":0,"op":"MZK Jastrzębie + region"},"geometry":{"type":"LineString","coordinates":[[18.612979,50.086194],[18.614939,50.086194],[18.61886,50.083675]]}},{"type":"Feature","properties":{"id":"c750","lines":"302 305","n":2,"tram":0,"op":"MZK Jastrzębie + region"},"geometry":{"type":"LineString","coordinates":[[18.611019,50.081157],[18.611019,50.082416]]}},{"type":"Feature","properties":{"id":"c751","lines":"309","n":1,"tram":0,"op":"MZK Jastrzębie + region"},"geometry":{"type":"LineString","coordinates":[[18.611019,50.082416],[18.609059,50.081157],[18.605139,50.081157]]}},{"type":"Feature","properties":{"id":"c752","lines":"303","n":1,"tram":0,"op":"MZK Jastrzębie + region"},"geometry":{"type":"LineString","coordinates":[[18.603179,50.084935],[18.599258,50.087453]]}},{"type":"Feature","properties":{"id":"c753","lines":"303","n":1,"tram":0,"op":"MZK Jastrzębie + region"},"geometry":{"type":"LineString","coordinates":[[18.599258,50.087453],[18.593378,50.09123]]}},{"type":"Feature","properties":{"id":"c754","lines":"303","n":1,"tram":0,"op":"MZK Jastrzębie + region"},"geometry":{"type":"LineString","coordinates":[[18.599258,50.087453],[18.593378,50.09123]]}},{"type":"Feature","properties":{"id":"c755","lines":"303","n":1,"tram":0,"op":"MZK Jastrzębie + region"},"geometry":{"type":"LineString","coordinates":[[18.593378,50.09123],[18.589458,50.088712]]}},{"type":"Feature","properties":{"id":"c756","lines":"304 309","n":2,"tram":0,"op":"MZK Jastrzębie + region"},"geometry":{"type":"LineString","coordinates":[[18.599258,50.07738],[18.597298,50.078639]]}},{"type":"Feature","properties":{"id":"c757","lines":"305 306","n":2,"tram":0,"op":"MZK Jastrzębie + region"},"geometry":{"type":"LineString","coordinates":[[18.634541,50.045904],[18.634541,50.057235],[18.62474,50.063531]]}},{"type":"Feature","properties":{"id":"c758","lines":"305 306","n":2,"tram":0,"op":"MZK Jastrzębie + region"},"geometry":{"type":"LineString","coordinates":[[18.634541,50.045904],[18.634541,50.053458],[18.62474,50.059754],[18.62474,50.063531]]}},{"type":"Feature","properties":{"id":"c759","lines":"305 306","n":2,"tram":0,"op":"MZK Jastrzębie + region"},"geometry":{"type":"LineString","coordinates":[[18.62474,50.063531],[18.628661,50.066049]]}},{"type":"Feature","properties":{"id":"c760","lines":"305 306","n":2,"tram":0,"op":"MZK Jastrzębie + region"},"geometry":{"type":"LineString","coordinates":[[18.628661,50.066049],[18.628661,50.069826]]}},{"type":"Feature","properties":{"id":"c761","lines":"305 306","n":2,"tram":0,"op":"MZK Jastrzębie + region"},"geometry":{"type":"LineString","coordinates":[[18.628661,50.066049],[18.6267,50.067308],[18.6267,50.069826]]}},{"type":"Feature","properties":{"id":"c762","lines":"305","n":1,"tram":0,"op":"MZK Jastrzębie + region"},"geometry":{"type":"LineString","coordinates":[[18.628661,50.069826],[18.630621,50.071085]]}},{"type":"Feature","properties":{"id":"c763","lines":"306","n":1,"tram":0,"op":"MZK Jastrzębie + region"},"geometry":{"type":"LineString","coordinates":[[18.628661,50.069826],[18.62474,50.072344],[18.62474,50.073603]]}},{"type":"Feature","properties":{"id":"c764","lines":"305","n":1,"tram":0,"op":"MZK Jastrzębie + region"},"geometry":{"type":"LineString","coordinates":[[18.630621,50.071085],[18.636501,50.071085]]}},{"type":"Feature","properties":{"id":"c765","lines":"305","n":1,"tram":0,"op":"MZK Jastrzębie + region"},"geometry":{"type":"LineString","coordinates":[[18.630621,50.071085],[18.6267,50.073603],[18.62474,50.073603]]}},{"type":"Feature","properties":{"id":"c766","lines":"305","n":1,"tram":0,"op":"MZK Jastrzębie + region"},"geometry":{"type":"LineString","coordinates":[[18.630621,50.071085],[18.62474,50.071085]]}},{"type":"Feature","properties":{"id":"c767","lines":"305","n":1,"tram":0,"op":"MZK Jastrzębie + region"},"geometry":{"type":"LineString","coordinates":[[18.630621,50.071085],[18.628661,50.071085],[18.6267,50.069826]]}},{"type":"Feature","properties":{"id":"c768","lines":"305 306","n":2,"tram":0,"op":"MZK Jastrzębie + region"},"geometry":{"type":"LineString","coordinates":[[18.62474,50.073603],[18.62082,50.073603]]}},{"type":"Feature","properties":{"id":"c769","lines":"305 306","n":2,"tram":0,"op":"MZK Jastrzębie + region"},"geometry":{"type":"LineString","coordinates":[[18.62082,50.073603],[18.62474,50.071085]]}},{"type":"Feature","properties":{"id":"c770","lines":"306","n":1,"tram":0,"op":"MZK Jastrzębie + region"},"geometry":{"type":"LineString","coordinates":[[18.62474,50.071085],[18.6267,50.069826]]}},{"type":"Feature","properties":{"id":"c771","lines":"307 B10 B12 L-1","n":4,"tram":0,"op":"MZK Jastrzębie + region"},"geometry":{"type":"LineString","coordinates":[[18.62474,50.000578],[18.6267,49.999319]]}},{"type":"Feature","properties":{"id":"c772","lines":"307 B10 B12 L-1","n":4,"tram":0,"op":"MZK Jastrzębie + region"},"geometry":{"type":"LineString","coordinates":[[18.62474,50.000578],[18.62474,49.996801],[18.6267,49.995542]]}},{"type":"Feature","properties":{"id":"c773","lines":"B10 B12 L-4","n":3,"tram":0,"op":"MZK Jastrzębie + region"},"geometry":{"type":"LineString","coordinates":[[18.62474,50.000578],[18.62082,50.000578]]}},{"type":"Feature","properties":{"id":"c774","lines":"L-4","n":1,"tram":0,"op":"MZK Jastrzębie + region"},"geometry":{"type":"LineString","coordinates":[[18.62474,50.000578],[18.630621,50.000578]]}},{"type":"Feature","properties":{"id":"c775","lines":"307 B10 B11 B12 L-1","n":5,"tram":0,"op":"MZK Jastrzębie + region"},"geometry":{"type":"LineString","coordinates":[[18.6267,49.999319],[18.630621,49.999319]]}},{"type":"Feature","properties":{"id":"c776","lines":"B11","n":1,"tram":0,"op":"MZK Jastrzębie + region"},"geometry":{"type":"LineString","coordinates":[[18.6267,49.999319],[18.6169,49.999319],[18.612979,49.996801]]}},{"type":"Feature","properties":{"id":"c777","lines":"307 B10 B11 B12 L-6","n":5,"tram":0,"op":"MZK Jastrzębie + region"},"geometry":{"type":"LineString","coordinates":[[18.630621,49.999319],[18.634541,50.001837],[18.636501,50.001837]]}},{"type":"Feature","properties":{"id":"c778","lines":"L-1 L-4","n":2,"tram":0,"op":"MZK Jastrzębie + region"},"geometry":{"type":"LineString","coordinates":[[18.630621,49.999319],[18.634541,49.999319]]}},{"type":"Feature","properties":{"id":"c779","lines":"L-4 L-6","n":2,"tram":0,"op":"MZK Jastrzębie + region"},"geometry":{"type":"LineString","coordinates":[[18.630621,49.999319],[18.630621,50.000578]]}},{"type":"Feature","properties":{"id":"c780","lines":"307 L-4","n":2,"tram":0,"op":"MZK Jastrzębie + region"},"geometry":{"type":"LineString","coordinates":[[18.636501,50.001837],[18.638461,50.003096],[18.638461,50.008133]]}},{"type":"Feature","properties":{"id":"c781","lines":"307 L-4","n":2,"tram":0,"op":"MZK Jastrzębie + region"},"geometry":{"type":"LineString","coordinates":[[18.636501,50.001837],[18.636501,50.006874]]}},{"type":"Feature","properties":{"id":"c782","lines":"307 B10 B11 B12 L-1","n":5,"tram":0,"op":"MZK Jastrzębie + region"},"geometry":{"type":"LineString","coordinates":[[18.636501,50.001837],[18.6267,49.995542]]}},{"type":"Feature","properties":{"id":"c783","lines":"L-1 L-2 L-4 L-6","n":4,"tram":0,"op":"MZK Jastrzębie + region"},"geometry":{"type":"LineString","coordinates":[[18.636501,50.001837],[18.636501,50.000578],[18.634541,49.999319]]}},{"type":"Feature","properties":{"id":"c784","lines":"L-3 L-4","n":2,"tram":0,"op":"MZK Jastrzębie + region"},"geometry":{"type":"LineString","coordinates":[[18.636501,50.001837],[18.638461,50.001837],[18.642382,50.004355]]}},{"type":"Feature","properties":{"id":"c785","lines":"L-5","n":1,"tram":0,"op":"MZK Jastrzębie + region"},"geometry":{"type":"LineString","coordinates":[[18.636501,50.001837],[18.636501,49.999319],[18.634541,49.99806]]}},{"type":"Feature","properties":{"id":"c786","lines":"L-5 L-6","n":2,"tram":0,"op":"MZK Jastrzębie + region"},"geometry":{"type":"LineString","coordinates":[[18.636501,50.001837],[18.634541,50.000578],[18.630621,50.000578]]}},{"type":"Feature","properties":{"id":"c787","lines":"L-7","n":1,"tram":0,"op":"MZK Jastrzębie + region"},"geometry":{"type":"LineString","coordinates":[[18.636501,50.001837],[18.644342,50.001837]]}},{"type":"Feature","properties":{"id":"c788","lines":"L-4","n":1,"tram":0,"op":"MZK Jastrzębie + region"},"geometry":{"type":"LineString","coordinates":[[18.638461,50.008133],[18.634541,50.010651],[18.634541,50.01191]]}},{"type":"Feature","properties":{"id":"c789","lines":"L-4","n":1,"tram":0,"op":"MZK Jastrzębie + region"},"geometry":{"type":"LineString","coordinates":[[18.636501,50.006874],[18.634541,50.008133],[18.634541,50.01191]]}},{"type":"Feature","properties":{"id":"c790","lines":"B11","n":1,"tram":0,"op":"MZK Jastrzębie + region"},"geometry":{"type":"LineString","coordinates":[[18.6267,49.995542],[18.6169,49.995542]]}},{"type":"Feature","properties":{"id":"c791","lines":"308","n":1,"tram":0,"op":"MZK Jastrzębie + region"},"geometry":{"type":"LineString","coordinates":[[18.656103,50.035832],[18.658063,50.034573],[18.658063,50.030795]]}},{"type":"Feature","properties":{"id":"c792","lines":"308","n":1,"tram":0,"op":"MZK Jastrzębie + region"},"geometry":{"type":"LineString","coordinates":[[18.656103,50.035832],[18.656103,50.034573],[18.661983,50.030795],[18.661983,50.027018]]}},{"type":"Feature","properties":{"id":"c793","lines":"308","n":1,"tram":0,"op":"MZK Jastrzębie + region"},"geometry":{"type":"LineString","coordinates":[[18.658063,50.030795],[18.658063,50.029536]]}},{"type":"Feature","properties":{"id":"c794","lines":"308","n":1,"tram":0,"op":"MZK Jastrzębie + region"},"geometry":{"type":"LineString","coordinates":[[18.658063,50.030795],[18.658063,50.029536]]}},{"type":"Feature","properties":{"id":"c795","lines":"308","n":1,"tram":0,"op":"MZK Jastrzębie + region"},"geometry":{"type":"LineString","coordinates":[[18.658063,50.029536],[18.661983,50.027018]]}},{"type":"Feature","properties":{"id":"c796","lines":"308","n":1,"tram":0,"op":"MZK Jastrzębie + region"},"geometry":{"type":"LineString","coordinates":[[18.661983,50.014428],[18.658063,50.014428]]}},{"type":"Feature","properties":{"id":"c797","lines":"308","n":1,"tram":0,"op":"MZK Jastrzębie + region"},"geometry":{"type":"LineString","coordinates":[[18.661983,50.014428],[18.661983,50.021982]]}},{"type":"Feature","properties":{"id":"c798","lines":"308","n":1,"tram":0,"op":"MZK Jastrzębie + region"},"geometry":{"type":"LineString","coordinates":[[18.661983,50.014428],[18.661983,50.021982]]}},{"type":"Feature","properties":{"id":"c799","lines":"308","n":1,"tram":0,"op":"MZK Jastrzębie + region"},"geometry":{"type":"LineString","coordinates":[[18.658063,50.014428],[18.652182,50.014428]]}},{"type":"Feature","properties":{"id":"c800","lines":"308","n":1,"tram":0,"op":"MZK Jastrzębie + region"},"geometry":{"type":"LineString","coordinates":[[18.658063,50.014428],[18.652182,50.014428]]}},{"type":"Feature","properties":{"id":"c801","lines":"308","n":1,"tram":0,"op":"MZK Jastrzębie + region"},"geometry":{"type":"LineString","coordinates":[[18.661983,50.021982],[18.661983,50.027018]]}},{"type":"Feature","properties":{"id":"c802","lines":"L-3 L-4","n":2,"tram":0,"op":"MZK Jastrzębie + region"},"geometry":{"type":"LineString","coordinates":[[18.652182,50.014428],[18.652182,50.010651],[18.646302,50.006874]]}},{"type":"Feature","properties":{"id":"c803","lines":"L-3 L-4","n":2,"tram":0,"op":"MZK Jastrzębie + region"},"geometry":{"type":"LineString","coordinates":[[18.652182,50.014428],[18.648262,50.014428]]}},{"type":"Feature","properties":{"id":"c804","lines":"S11","n":1,"tram":0,"op":"MZK Jastrzębie + region"},"geometry":{"type":"LineString","coordinates":[[18.569856,49.984211],[18.571816,49.982952]]}},{"type":"Feature","properties":{"id":"c805","lines":"S11","n":1,"tram":0,"op":"MZK Jastrzębie + region"},"geometry":{"type":"LineString","coordinates":[[18.569856,49.984211],[18.573776,49.984211]]}},{"type":"Feature","properties":{"id":"c806","lines":"B10 B11 C11 C14 C18 S13","n":6,"tram":0,"op":"MZK Jastrzębie + region"},"geometry":{"type":"LineString","coordinates":[[18.562016,49.98547],[18.565936,49.98547]]}},{"type":"Feature","properties":{"id":"c807","lines":"B10 B11 C12 C16 C18 S13","n":6,"tram":0,"op":"MZK Jastrzębie + region"},"geometry":{"type":"LineString","coordinates":[[18.562016,49.98547],[18.563976,49.98547],[18.565936,49.986729]]}},{"type":"Feature","properties":{"id":"c808","lines":"B10 B11 B13 C15 S10 S11 S12 S12A S13 S14 S15 W11","n":12,"tram":0,"op":"MZK Jastrzębie + region"},"geometry":{"type":"LineString","coordinates":[[18.593378,49.990506],[18.595338,49.991765],[18.597298,49.991765]]}},{"type":"Feature","properties":{"id":"c809","lines":"B11 C16 S11","n":3,"tram":0,"op":"MZK Jastrzębie + region"},"geometry":{"type":"LineString","coordinates":[[18.593378,49.990506],[18.591418,49.991765],[18.589458,49.991765]]}},{"type":"Feature","properties":{"id":"c810","lines":"B12 C10 C14 C16 C19 M10","n":6,"tram":0,"op":"MZK Jastrzębie + region"},"geometry":{"type":"LineString","coordinates":[[18.593378,49.990506],[18.597298,49.990506]]}},{"type":"Feature","properties":{"id":"c811","lines":"C14","n":1,"tram":0,"op":"MZK Jastrzębie + region"},"geometry":{"type":"LineString","coordinates":[[18.593378,49.990506],[18.589458,49.987988]]}},{"type":"Feature","properties":{"id":"c812","lines":"B10 B11 B13 S10 S11 S12 S12A S13 S14 S15 S16 W11","n":12,"tram":0,"op":"MZK Jastrzębie + region"},"geometry":{"type":"LineString","coordinates":[[18.597298,49.991765],[18.599258,49.993024],[18.599258,49.994283]]}},{"type":"Feature","properties":{"id":"c813","lines":"B10 B11 B13 S10 S11 S12 S12A S13 S14 S15 S16 W11","n":12,"tram":0,"op":"MZK Jastrzębie + region"},"geometry":{"type":"LineString","coordinates":[[18.597298,49.991765],[18.597298,49.993024]]}},{"type":"Feature","properties":{"id":"c814","lines":"B10 B11 B13 C15 S10 S11 S12 S12A S13 S14 S15 W11","n":12,"tram":0,"op":"MZK Jastrzębie + region"},"geometry":{"type":"LineString","coordinates":[[18.597298,49.991765],[18.593378,49.989247]]}},{"type":"Feature","properties":{"id":"c815","lines":"C15","n":1,"tram":0,"op":"MZK Jastrzębie + region"},"geometry":{"type":"LineString","coordinates":[[18.597298,49.991765],[18.595338,49.993024],[18.591418,49.993024]]}},{"type":"Feature","properties":{"id":"c816","lines":"C15","n":1,"tram":0,"op":"MZK Jastrzębie + region"},"geometry":{"type":"LineString","coordinates":[[18.597298,49.991765],[18.593378,49.994283],[18.591418,49.994283]]}},{"type":"Feature","properties":{"id":"c817","lines":"S16","n":1,"tram":0,"op":"MZK Jastrzębie + region"},"geometry":{"type":"LineString","coordinates":[[18.597298,49.991765],[18.597298,49.990506]]}},{"type":"Feature","properties":{"id":"c818","lines":"S16","n":1,"tram":0,"op":"MZK Jastrzębie + region"},"geometry":{"type":"LineString","coordinates":[[18.597298,49.991765],[18.595338,49.990506],[18.595338,49.989247]]}},{"type":"Feature","properties":{"id":"c819","lines":"B10 B11 B13","n":3,"tram":0,"op":"MZK Jastrzębie + region"},"geometry":{"type":"LineString","coordinates":[[18.599258,49.994283],[18.601218,49.995542],[18.607099,49.995542]]}},{"type":"Feature","properties":{"id":"c820","lines":"S10 S11 S12 S12A S13 S14 S15 S16 W11","n":9,"tram":0,"op":"MZK Jastrzębie + region"},"geometry":{"type":"LineString","coordinates":[[18.599258,49.994283],[18.597298,49.995542]]}},{"type":"Feature","properties":{"id":"c821","lines":"B10 B11 B13","n":3,"tram":0,"op":"MZK Jastrzębie + region"},"geometry":{"type":"LineString","coordinates":[[18.607099,49.995542],[18.609059,49.996801],[18.612979,49.996801]]}},{"type":"Feature","properties":{"id":"c822","lines":"B10 B11 B13","n":3,"tram":0,"op":"MZK Jastrzębie + region"},"geometry":{"type":"LineString","coordinates":[[18.607099,49.995542],[18.6169,49.995542]]}},{"type":"Feature","properties":{"id":"c823","lines":"B10 B11 B13","n":3,"tram":0,"op":"MZK Jastrzębie + region"},"geometry":{"type":"LineString","coordinates":[[18.607099,49.995542],[18.603179,49.993024],[18.597298,49.993024]]}},{"type":"Feature","properties":{"id":"c824","lines":"B10","n":1,"tram":0,"op":"MZK Jastrzębie + region"},"geometry":{"type":"LineString","coordinates":[[18.612979,49.996801],[18.62082,49.996801]]}},{"type":"Feature","properties":{"id":"c825","lines":"B13","n":1,"tram":0,"op":"MZK Jastrzębie + region"},"geometry":{"type":"LineString","coordinates":[[18.612979,49.996801],[18.6169,49.994283]]}},{"type":"Feature","properties":{"id":"c826","lines":"B10 B12 L-4","n":3,"tram":0,"op":"MZK Jastrzębie + region"},"geometry":{"type":"LineString","coordinates":[[18.62082,49.996801],[18.62082,50.000578]]}},{"type":"Feature","properties":{"id":"c827","lines":"B10","n":1,"tram":0,"op":"MZK Jastrzębie + region"},"geometry":{"type":"LineString","coordinates":[[18.62082,49.996801],[18.61886,49.995542],[18.6169,49.995542]]}},{"type":"Feature","properties":{"id":"c828","lines":"B12","n":1,"tram":0,"op":"MZK Jastrzębie + region"},"geometry":{"type":"LineString","coordinates":[[18.62082,49.996801],[18.6169,49.994283]]}},{"type":"Feature","properties":{"id":"c829","lines":"L-4","n":1,"tram":0,"op":"MZK Jastrzębie + region"},"geometry":{"type":"LineString","coordinates":[[18.62082,49.996801],[18.62082,50.000578]]}},{"type":"Feature","properties":{"id":"c830","lines":"B13","n":1,"tram":0,"op":"MZK Jastrzębie + region"},"geometry":{"type":"LineString","coordinates":[[18.6169,49.995542],[18.6169,49.994283]]}},{"type":"Feature","properties":{"id":"c831","lines":"S10 S11 S12 S12A S13 S14 S15 S16 W11","n":9,"tram":0,"op":"MZK Jastrzębie + region"},"geometry":{"type":"LineString","coordinates":[[18.597298,49.993024],[18.597298,49.995542]]}},{"type":"Feature","properties":{"id":"c832","lines":"B11 C11 S11","n":3,"tram":0,"op":"MZK Jastrzębie + region"},"geometry":{"type":"LineString","coordinates":[[18.593378,49.989247],[18.589458,49.991765]]}},{"type":"Feature","properties":{"id":"c833","lines":"B12 C10 C11 C12 C19 M10","n":6,"tram":0,"op":"MZK Jastrzębie + region"},"geometry":{"type":"LineString","coordinates":[[18.593378,49.989247],[18.595338,49.989247]]}},{"type":"Feature","properties":{"id":"c834","lines":"C12","n":1,"tram":0,"op":"MZK Jastrzębie + region"},"geometry":{"type":"LineString","coordinates":[[18.593378,49.989247],[18.589458,49.986729]]}},{"type":"Feature","properties":{"id":"c835","lines":"B11 C11 C16 S13","n":4,"tram":0,"op":"MZK Jastrzębie + region"},"geometry":{"type":"LineString","coordinates":[[18.589458,49.991765],[18.585537,49.991765]]}},{"type":"Feature","properties":{"id":"c836","lines":"S11 S13","n":2,"tram":0,"op":"MZK Jastrzębie + region"},"geometry":{"type":"LineString","coordinates":[[18.589458,49.991765],[18.589458,49.993024],[18.591418,49.994283]]}},{"type":"Feature","properties":{"id":"c837","lines":"S11 S13","n":2,"tram":0,"op":"MZK Jastrzębie + region"},"geometry":{"type":"LineString","coordinates":[[18.589458,49.991765],[18.591418,49.993024]]}},{"type":"Feature","properties":{"id":"c838","lines":"B11 B13 B14 C10 C11 C17 C19 R10 R11 W10","n":10,"tram":0,"op":"MZK Jastrzębie + region"},"geometry":{"type":"LineString","coordinates":[[18.577697,49.990506],[18.575737,49.989247],[18.573776,49.989247]]}},{"type":"Feature","properties":{"id":"c839","lines":"C17","n":1,"tram":0,"op":"MZK Jastrzębie + region"},"geometry":{"type":"LineString","coordinates":[[18.577697,49.990506],[18.577697,49.989247],[18.581617,49.986729]]}},{"type":"Feature","properties":{"id":"c840","lines":"B13 C11","n":2,"tram":0,"op":"MZK Jastrzębie + region"},"geometry":{"type":"LineString","coordinates":[[18.573776,49.989247],[18.571816,49.987988]]}},{"type":"Feature","properties":{"id":"c841","lines":"C10 C17","n":2,"tram":0,"op":"MZK Jastrzębie + region"},"geometry":{"type":"LineString","coordinates":[[18.573776,49.989247],[18.573776,49.990506]]}},{"type":"Feature","properties":{"id":"c842","lines":"C19 W10","n":2,"tram":0,"op":"MZK Jastrzębie + region"},"geometry":{"type":"LineString","coordinates":[[18.573776,49.989247],[18.569856,49.989247]]}},{"type":"Feature","properties":{"id":"c843","lines":"C10 C17 W10","n":3,"tram":0,"op":"MZK Jastrzębie + region"},"geometry":{"type":"LineString","coordinates":[[18.575737,49.989247],[18.571816,49.989247]]}},{"type":"Feature","properties":{"id":"c844","lines":"C17","n":1,"tram":0,"op":"MZK Jastrzębie + region"},"geometry":{"type":"LineString","coordinates":[[18.575737,49.989247],[18.577697,49.989247],[18.581617,49.986729]]}},{"type":"Feature","properties":{"id":"c845","lines":"C19","n":1,"tram":0,"op":"MZK Jastrzębie + region"},"geometry":{"type":"LineString","coordinates":[[18.575737,49.989247],[18.573776,49.987988],[18.571816,49.987988]]}},{"type":"Feature","properties":{"id":"c846","lines":"B12 C16 C17 C18 S16","n":5,"tram":0,"op":"MZK Jastrzębie + region"},"geometry":{"type":"LineString","coordinates":[[18.589458,49.984211],[18.587497,49.982952],[18.581617,49.982952]]}},{"type":"Feature","properties":{"id":"c847","lines":"B15 C14 R10 R11 S10","n":5,"tram":0,"op":"MZK Jastrzębie + region"},"geometry":{"type":"LineString","coordinates":[[18.589458,49.984211],[18.585537,49.984211],[18.583577,49.98547]]}},{"type":"Feature","properties":{"id":"c848","lines":"B12 C17 C18 S16","n":4,"tram":0,"op":"MZK Jastrzębie + region"},"geometry":{"type":"LineString","coordinates":[[18.581617,49.982952],[18.581617,49.986729]]}},{"type":"Feature","properties":{"id":"c849","lines":"C16","n":1,"tram":0,"op":"MZK Jastrzębie + region"},"geometry":{"type":"LineString","coordinates":[[18.581617,49.982952],[18.579657,49.982952]]}},{"type":"Feature","properties":{"id":"c850","lines":"B12 C17 C18 S16","n":4,"tram":0,"op":"MZK Jastrzębie + region"},"geometry":{"type":"LineString","coordinates":[[18.581617,49.986729],[18.583577,49.986729]]}},{"type":"Feature","properties":{"id":"c851","lines":"C15 S15","n":2,"tram":0,"op":"MZK Jastrzębie + region"},"geometry":{"type":"LineString","coordinates":[[18.581617,49.986729],[18.579657,49.98547],[18.579657,49.982952]]}},{"type":"Feature","properties":{"id":"c852","lines":"C15 S15","n":2,"tram":0,"op":"MZK Jastrzębie + region"},"geometry":{"type":"LineString","coordinates":[[18.581617,49.986729],[18.581617,49.984211]]}},{"type":"Feature","properties":{"id":"c853","lines":"S10","n":1,"tram":0,"op":"MZK Jastrzębie + region"},"geometry":{"type":"LineString","coordinates":[[18.581617,49.986729],[18.583577,49.98547]]}},{"type":"Feature","properties":{"id":"c854","lines":"S10","n":1,"tram":0,"op":"MZK Jastrzębie + region"},"geometry":{"type":"LineString","coordinates":[[18.581617,49.986729],[18.583577,49.986729],[18.585537,49.98547]]}},{"type":"Feature","properties":{"id":"c855","lines":"B12 C10 C14 C16 C19 M10 S16","n":7,"tram":0,"op":"MZK Jastrzębie + region"},"geometry":{"type":"LineString","coordinates":[[18.597298,49.990506],[18.599258,49.989247]]}},{"type":"Feature","properties":{"id":"c856","lines":"B12","n":1,"tram":0,"op":"MZK Jastrzębie + region"},"geometry":{"type":"LineString","coordinates":[[18.599258,49.989247],[18.601218,49.989247],[18.603179,49.987988]]}},{"type":"Feature","properties":{"id":"c857","lines":"C10 C14 C16 C19 M10 S16","n":6,"tram":0,"op":"MZK Jastrzębie + region"},"geometry":{"type":"LineString","coordinates":[[18.599258,49.989247],[18.599258,49.987988],[18.597298,49.986729]]}},{"type":"Feature","properties":{"id":"c858","lines":"B12","n":1,"tram":0,"op":"MZK Jastrzębie + region"},"geometry":{"type":"LineString","coordinates":[[18.603179,49.987988],[18.607099,49.987988]]}},{"type":"Feature","properties":{"id":"c859","lines":"B12","n":1,"tram":0,"op":"MZK Jastrzębie + region"},"geometry":{"type":"LineString","coordinates":[[18.603179,49.987988],[18.597298,49.987988]]}},{"type":"Feature","properties":{"id":"c860","lines":"B14","n":1,"tram":0,"op":"MZK Jastrzębie + region"},"geometry":{"type":"LineString","coordinates":[[18.603179,49.987988],[18.599258,49.98547],[18.595338,49.98547]]}},{"type":"Feature","properties":{"id":"c861","lines":"B14","n":1,"tram":0,"op":"MZK Jastrzębie + region"},"geometry":{"type":"LineString","coordinates":[[18.603179,49.987988],[18.607099,49.990506],[18.611019,49.990506]]}},{"type":"Feature","properties":{"id":"c862","lines":"B14","n":1,"tram":0,"op":"MZK Jastrzębie + region"},"geometry":{"type":"LineString","coordinates":[[18.603179,49.987988],[18.605139,49.989247],[18.612979,49.989247]]}},{"type":"Feature","properties":{"id":"c863","lines":"B14","n":1,"tram":0,"op":"MZK Jastrzębie + region"},"geometry":{"type":"LineString","coordinates":[[18.603179,49.987988],[18.601218,49.986729],[18.597298,49.986729]]}},{"type":"Feature","properties":{"id":"c864","lines":"B12 B13 B14 B15","n":4,"tram":0,"op":"MZK Jastrzębie + region"},"geometry":{"type":"LineString","coordinates":[[18.607099,49.987988],[18.611019,49.990506]]}},{"type":"Feature","properties":{"id":"c865","lines":"B12","n":1,"tram":0,"op":"MZK Jastrzębie + region"},"geometry":{"type":"LineString","coordinates":[[18.607099,49.987988],[18.609059,49.989247],[18.612979,49.989247]]}},{"type":"Feature","properties":{"id":"c866","lines":"B13 B14","n":2,"tram":0,"op":"MZK Jastrzębie + region"},"geometry":{"type":"LineString","coordinates":[[18.607099,49.987988],[18.607099,49.98547]]}},{"type":"Feature","properties":{"id":"c867","lines":"B15","n":1,"tram":0,"op":"MZK Jastrzębie + region"},"geometry":{"type":"LineString","coordinates":[[18.607099,49.987988],[18.597298,49.981693],[18.589458,49.981693]]}},{"type":"Feature","properties":{"id":"c868","lines":"B12 B13 B14 B15","n":4,"tram":0,"op":"MZK Jastrzębie + region"},"geometry":{"type":"LineString","coordinates":[[18.611019,49.990506],[18.614939,49.993024]]}},{"type":"Feature","properties":{"id":"c869","lines":"B14","n":1,"tram":0,"op":"MZK Jastrzębie + region"},"geometry":{"type":"LineString","coordinates":[[18.611019,49.990506],[18.612979,49.991765],[18.6169,49.991765]]}},{"type":"Feature","properties":{"id":"c870","lines":"B12 B13","n":2,"tram":0,"op":"MZK Jastrzębie + region"},"geometry":{"type":"LineString","coordinates":[[18.614939,49.993024],[18.6169,49.994283]]}},{"type":"Feature","properties":{"id":"c871","lines":"B14","n":1,"tram":0,"op":"MZK Jastrzębie + region"},"geometry":{"type":"LineString","coordinates":[[18.614939,49.993024],[18.612979,49.991765],[18.612979,49.989247]]}},{"type":"Feature","properties":{"id":"c872","lines":"B12 B13","n":2,"tram":0,"op":"MZK Jastrzębie + region"},"geometry":{"type":"LineString","coordinates":[[18.6169,49.994283],[18.6169,49.991765]]}},{"type":"Feature","properties":{"id":"c873","lines":"B12 B13 B14 B15","n":4,"tram":0,"op":"MZK Jastrzębie + region"},"geometry":{"type":"LineString","coordinates":[[18.6169,49.991765],[18.612979,49.989247]]}},{"type":"Feature","properties":{"id":"c874","lines":"B13 B14 B15","n":3,"tram":0,"op":"MZK Jastrzębie + region"},"geometry":{"type":"LineString","coordinates":[[18.612979,49.989247],[18.611019,49.989247],[18.607099,49.986729]]}},{"type":"Feature","properties":{"id":"c875","lines":"B12 C10 C11 C12 C19 M10 S16","n":7,"tram":0,"op":"MZK Jastrzębie + region"},"geometry":{"type":"LineString","coordinates":[[18.597298,49.987988],[18.595338,49.989247]]}},{"type":"Feature","properties":{"id":"c876","lines":"C10 C11 C12 C19 M10 S16","n":6,"tram":0,"op":"MZK Jastrzębie + region"},"geometry":{"type":"LineString","coordinates":[[18.597298,49.987988],[18.595338,49.986729],[18.595338,49.98547]]}},{"type":"Feature","properties":{"id":"c877","lines":"B12 C11 C17 C18 S16","n":5,"tram":0,"op":"MZK Jastrzębie + region"},"geometry":{"type":"LineString","coordinates":[[18.583577,49.986729],[18.587497,49.986729],[18.589458,49.98547]]}},{"type":"Feature","properties":{"id":"c878","lines":"C11","n":1,"tram":0,"op":"MZK Jastrzębie + region"},"geometry":{"type":"LineString","coordinates":[[18.583577,49.986729],[18.581617,49.98547],[18.581617,49.984211]]}},{"type":"Feature","properties":{"id":"c879","lines":"B15 C12 R10 R11 S10","n":5,"tram":0,"op":"MZK Jastrzębie + region"},"geometry":{"type":"LineString","coordinates":[[18.589458,49.98547],[18.585537,49.98547]]}},{"type":"Feature","properties":{"id":"c880","lines":"B13 B14","n":2,"tram":0,"op":"MZK Jastrzębie + region"},"geometry":{"type":"LineString","coordinates":[[18.609059,49.984211],[18.607099,49.98547]]}},{"type":"Feature","properties":{"id":"c881","lines":"B13","n":1,"tram":0,"op":"MZK Jastrzębie + region"},"geometry":{"type":"LineString","coordinates":[[18.609059,49.984211],[18.609059,49.981693]]}},{"type":"Feature","properties":{"id":"c882","lines":"B13","n":1,"tram":0,"op":"MZK Jastrzębie + region"},"geometry":{"type":"LineString","coordinates":[[18.609059,49.984211],[18.609059,49.981693]]}},{"type":"Feature","properties":{"id":"c883","lines":"B13 B14","n":2,"tram":0,"op":"MZK Jastrzębie + region"},"geometry":{"type":"LineString","coordinates":[[18.607099,49.98547],[18.607099,49.986729]]}},{"type":"Feature","properties":{"id":"c884","lines":"C13 C19","n":2,"tram":0,"op":"MZK Jastrzębie + region"},"geometry":{"type":"LineString","coordinates":[[18.571816,49.987988],[18.571816,49.989247]]}},{"type":"Feature","properties":{"id":"c885","lines":"B13","n":1,"tram":0,"op":"MZK Jastrzębie + region"},"geometry":{"type":"LineString","coordinates":[[18.599258,49.976656],[18.595338,49.974138]]}},{"type":"Feature","properties":{"id":"c886","lines":"B13 L-1","n":2,"tram":0,"op":"MZK Jastrzębie + region"},"geometry":{"type":"LineString","coordinates":[[18.599258,49.976656],[18.601218,49.977915]]}},{"type":"Feature","properties":{"id":"c887","lines":"B13 L-1","n":2,"tram":0,"op":"MZK Jastrzębie + region"},"geometry":{"type":"LineString","coordinates":[[18.599258,49.976656],[18.601218,49.977915]]}},{"type":"Feature","properties":{"id":"c888","lines":"L-1","n":1,"tram":0,"op":"MZK Jastrzębie + region"},"geometry":{"type":"LineString","coordinates":[[18.599258,49.976656],[18.607099,49.976656],[18.611019,49.979174]]}},{"type":"Feature","properties":{"id":"c889","lines":"B13 L-1","n":2,"tram":0,"op":"MZK Jastrzębie + region"},"geometry":{"type":"LineString","coordinates":[[18.601218,49.977915],[18.603179,49.979174],[18.605139,49.979174]]}},{"type":"Feature","properties":{"id":"c890","lines":"B13","n":1,"tram":0,"op":"MZK Jastrzębie + region"},"geometry":{"type":"LineString","coordinates":[[18.605139,49.979174],[18.609059,49.981693]]}},{"type":"Feature","properties":{"id":"c891","lines":"L-1","n":1,"tram":0,"op":"MZK Jastrzębie + region"},"geometry":{"type":"LineString","coordinates":[[18.605139,49.979174],[18.611019,49.979174]]}},{"type":"Feature","properties":{"id":"c892","lines":"B15","n":1,"tram":0,"op":"MZK Jastrzębie + region"},"geometry":{"type":"LineString","coordinates":[[18.607099,49.986729],[18.599258,49.981693],[18.589458,49.981693]]}},{"type":"Feature","properties":{"id":"c893","lines":"B15","n":1,"tram":0,"op":"MZK Jastrzębie + region"},"geometry":{"type":"LineString","coordinates":[[18.589458,49.981693],[18.587497,49.980433],[18.585537,49.980433]]}},{"type":"Feature","properties":{"id":"c894","lines":"B15","n":1,"tram":0,"op":"MZK Jastrzębie + region"},"geometry":{"type":"LineString","coordinates":[[18.589458,49.981693],[18.583577,49.981693]]}},{"type":"Feature","properties":{"id":"c895","lines":"B15 C12 C14","n":3,"tram":0,"op":"MZK Jastrzębie + region"},"geometry":{"type":"LineString","coordinates":[[18.585537,49.980433],[18.583577,49.981693]]}},{"type":"Feature","properties":{"id":"c896","lines":"B15 C12 C14 R10 R11","n":5,"tram":0,"op":"MZK Jastrzębie + region"},"geometry":{"type":"LineString","coordinates":[[18.585537,49.980433],[18.585537,49.982952],[18.583577,49.984211]]}},{"type":"Feature","properties":{"id":"c897","lines":"R10 R11","n":2,"tram":0,"op":"MZK Jastrzębie + region"},"geometry":{"type":"LineString","coordinates":[[18.585537,49.980433],[18.585537,49.977915]]}},{"type":"Feature","properties":{"id":"c898","lines":"B15 C12 C14 R10 R11","n":5,"tram":0,"op":"MZK Jastrzębie + region"},"geometry":{"type":"LineString","coordinates":[[18.583577,49.981693],[18.583577,49.984211]]}},{"type":"Feature","properties":{"id":"c899","lines":"R10 R11","n":2,"tram":0,"op":"MZK Jastrzębie + region"},"geometry":{"type":"LineString","coordinates":[[18.583577,49.981693],[18.583577,49.979174],[18.585537,49.977915]]}},{"type":"Feature","properties":{"id":"c900","lines":"B15 C12 R10 R11","n":4,"tram":0,"op":"MZK Jastrzębie + region"},"geometry":{"type":"LineString","coordinates":[[18.583577,49.984211],[18.585537,49.98547]]}},{"type":"Feature","properties":{"id":"c901","lines":"B15 C14 R10 R11","n":4,"tram":0,"op":"MZK Jastrzębie + region"},"geometry":{"type":"LineString","coordinates":[[18.583577,49.984211],[18.583577,49.98547]]}},{"type":"Feature","properties":{"id":"c902","lines":"C12","n":1,"tram":0,"op":"MZK Jastrzębie + region"},"geometry":{"type":"LineString","coordinates":[[18.583577,49.984211],[18.581617,49.984211]]}},{"type":"Feature","properties":{"id":"c903","lines":"C14","n":1,"tram":0,"op":"MZK Jastrzębie + region"},"geometry":{"type":"LineString","coordinates":[[18.583577,49.984211],[18.581617,49.984211],[18.579657,49.982952]]}},{"type":"Feature","properties":{"id":"c904","lines":"C10 C13 C15 C17 S13","n":5,"tram":0,"op":"MZK Jastrzębie + region"},"geometry":{"type":"LineString","coordinates":[[18.573776,49.990506],[18.571816,49.991765]]}},{"type":"Feature","properties":{"id":"c905","lines":"C15 S13","n":2,"tram":0,"op":"MZK Jastrzębie + region"},"geometry":{"type":"LineString","coordinates":[[18.573776,49.990506],[18.577697,49.993024]]}},{"type":"Feature","properties":{"id":"c906","lines":"C10 C13 C15 C17 S13","n":5,"tram":0,"op":"MZK Jastrzębie + region"},"geometry":{"type":"LineString","coordinates":[[18.571816,49.991765],[18.565936,49.991765]]}},{"type":"Feature","properties":{"id":"c907","lines":"C10 C13 C17","n":3,"tram":0,"op":"MZK Jastrzębie + region"},"geometry":{"type":"LineString","coordinates":[[18.571816,49.991765],[18.571816,49.990506]]}},{"type":"Feature","properties":{"id":"c908","lines":"C15 S13","n":2,"tram":0,"op":"MZK Jastrzębie + region"},"geometry":{"type":"LineString","coordinates":[[18.571816,49.991765],[18.573776,49.991765],[18.575737,49.990506]]}},{"type":"Feature","properties":{"id":"c909","lines":"S13","n":1,"tram":0,"op":"MZK Jastrzębie + region"},"geometry":{"type":"LineString","coordinates":[[18.565936,49.991765],[18.569856,49.989247]]}},{"type":"Feature","properties":{"id":"c910","lines":"S13","n":1,"tram":0,"op":"MZK Jastrzębie + region"},"geometry":{"type":"LineString","coordinates":[[18.565936,49.991765],[18.565936,49.989247]]}},{"type":"Feature","properties":{"id":"c911","lines":"C10 C13 C17 S11","n":4,"tram":0,"op":"MZK Jastrzębie + region"},"geometry":{"type":"LineString","coordinates":[[18.571816,49.990506],[18.571816,49.989247]]}},{"type":"Feature","properties":{"id":"c912","lines":"S11","n":1,"tram":0,"op":"MZK Jastrzębie + region"},"geometry":{"type":"LineString","coordinates":[[18.571816,49.990506],[18.575737,49.993024],[18.577697,49.993024]]}},{"type":"Feature","properties":{"id":"c913","lines":"C19 S13 W10","n":3,"tram":0,"op":"MZK Jastrzębie + region"},"geometry":{"type":"LineString","coordinates":[[18.571816,49.989247],[18.569856,49.989247]]}},{"type":"Feature","properties":{"id":"c914","lines":"C11 C15 C16","n":3,"tram":0,"op":"MZK Jastrzębie + region"},"geometry":{"type":"LineString","coordinates":[[18.575737,49.982952],[18.577697,49.982952]]}},{"type":"Feature","properties":{"id":"c915","lines":"C11 C16 S16","n":3,"tram":0,"op":"MZK Jastrzębie + region"},"geometry":{"type":"LineString","coordinates":[[18.575737,49.982952],[18.575737,49.984211]]}},{"type":"Feature","properties":{"id":"c916","lines":"R10 R11 S11","n":3,"tram":0,"op":"MZK Jastrzębie + region"},"geometry":{"type":"LineString","coordinates":[[18.575737,49.982952],[18.573776,49.984211]]}},{"type":"Feature","properties":{"id":"c917","lines":"R10 R11 S11","n":3,"tram":0,"op":"MZK Jastrzębie + region"},"geometry":{"type":"LineString","coordinates":[[18.575737,49.982952],[18.571816,49.982952]]}},{"type":"Feature","properties":{"id":"c918","lines":"C11 C12 C15 S15","n":4,"tram":0,"op":"MZK Jastrzębie + region"},"geometry":{"type":"LineString","coordinates":[[18.577697,49.982952],[18.579657,49.984211],[18.581617,49.984211]]}},{"type":"Feature","properties":{"id":"c919","lines":"C12 C14","n":2,"tram":0,"op":"MZK Jastrzębie + region"},"geometry":{"type":"LineString","coordinates":[[18.577697,49.982952],[18.573776,49.980433],[18.571816,49.980433]]}},{"type":"Feature","properties":{"id":"c920","lines":"C14 C15 C16 S15","n":4,"tram":0,"op":"MZK Jastrzębie + region"},"geometry":{"type":"LineString","coordinates":[[18.577697,49.982952],[18.579657,49.982952]]}},{"type":"Feature","properties":{"id":"c921","lines":"S15","n":1,"tram":0,"op":"MZK Jastrzębie + region"},"geometry":{"type":"LineString","coordinates":[[18.577697,49.982952],[18.575737,49.984211]]}},{"type":"Feature","properties":{"id":"c922","lines":"C15 S11 S13","n":3,"tram":0,"op":"MZK Jastrzębie + region"},"geometry":{"type":"LineString","coordinates":[[18.575737,49.990506],[18.581617,49.994283],[18.583577,49.994283]]}},{"type":"Feature","properties":{"id":"c923","lines":"C15 S11 S13","n":3,"tram":0,"op":"MZK Jastrzębie + region"},"geometry":{"type":"LineString","coordinates":[[18.583577,49.994283],[18.585537,49.993024],[18.591418,49.993024]]}},{"type":"Feature","properties":{"id":"c924","lines":"C15 S11 S13","n":3,"tram":0,"op":"MZK Jastrzębie + region"},"geometry":{"type":"LineString","coordinates":[[18.583577,49.994283],[18.591418,49.994283]]}},{"type":"Feature","properties":{"id":"c925","lines":"C15 S11 S13","n":3,"tram":0,"op":"MZK Jastrzębie + region"},"geometry":{"type":"LineString","coordinates":[[18.583577,49.994283],[18.581617,49.993024],[18.577697,49.993024]]}},{"type":"Feature","properties":{"id":"c926","lines":"C19","n":1,"tram":0,"op":"MZK Jastrzębie + region"},"geometry":{"type":"LineString","coordinates":[[18.563976,49.990506],[18.563976,49.987988]]}},{"type":"Feature","properties":{"id":"c927","lines":"C19","n":1,"tram":0,"op":"MZK Jastrzębie + region"},"geometry":{"type":"LineString","coordinates":[[18.563976,49.990506],[18.565936,49.989247]]}},{"type":"Feature","properties":{"id":"c928","lines":"C19","n":1,"tram":0,"op":"MZK Jastrzębie + region"},"geometry":{"type":"LineString","coordinates":[[18.563976,49.987988],[18.567896,49.987988],[18.569856,49.989247]]}},{"type":"Feature","properties":{"id":"c929","lines":"C19","n":1,"tram":0,"op":"MZK Jastrzębie + region"},"geometry":{"type":"LineString","coordinates":[[18.563976,49.987988],[18.565936,49.989247]]}},{"type":"Feature","properties":{"id":"c930","lines":"S13","n":1,"tram":0,"op":"MZK Jastrzębie + region"},"geometry":{"type":"LineString","coordinates":[[18.569856,49.989247],[18.565936,49.989247]]}},{"type":"Feature","properties":{"id":"c931","lines":"L-1 L-2 L-6","n":3,"tram":0,"op":"MZK Jastrzębie + region"},"geometry":{"type":"LineString","coordinates":[[18.634541,49.999319],[18.634541,49.99806]]}},{"type":"Feature","properties":{"id":"c932","lines":"L-4","n":1,"tram":0,"op":"MZK Jastrzębie + region"},"geometry":{"type":"LineString","coordinates":[[18.634541,49.999319],[18.632581,50.000578],[18.630621,50.000578]]}},{"type":"Feature","properties":{"id":"c933","lines":"L-1 L-2 L-5 L-6","n":4,"tram":0,"op":"MZK Jastrzębie + region"},"geometry":{"type":"LineString","coordinates":[[18.634541,49.99806],[18.632581,49.996801]]}},{"type":"Feature","properties":{"id":"c934","lines":"L-1 L-2 L-5 L-6","n":4,"tram":0,"op":"MZK Jastrzębie + region"},"geometry":{"type":"LineString","coordinates":[[18.634541,49.99806],[18.634541,49.995542]]}},{"type":"Feature","properties":{"id":"c935","lines":"L-1 L-2 L-5","n":3,"tram":0,"op":"MZK Jastrzębie + region"},"geometry":{"type":"LineString","coordinates":[[18.632581,49.996801],[18.632581,49.994283]]}},{"type":"Feature","properties":{"id":"c936","lines":"L-6","n":1,"tram":0,"op":"MZK Jastrzębie + region"},"geometry":{"type":"LineString","coordinates":[[18.632581,49.996801],[18.630621,49.995542]]}},{"type":"Feature","properties":{"id":"c937","lines":"L-1 L-2 L-6","n":3,"tram":0,"op":"MZK Jastrzębie + region"},"geometry":{"type":"LineString","coordinates":[[18.632581,49.994283],[18.628661,49.991765]]}},{"type":"Feature","properties":{"id":"c938","lines":"L-1 L-2 L-6","n":3,"tram":0,"op":"MZK Jastrzębie + region"},"geometry":{"type":"LineString","coordinates":[[18.632581,49.994283],[18.628661,49.991765],[18.6267,49.991765]]}},{"type":"Feature","properties":{"id":"c939","lines":"L-1 L-2","n":2,"tram":0,"op":"MZK Jastrzębie + region"},"geometry":{"type":"LineString","coordinates":[[18.632581,49.994283],[18.634541,49.995542]]}},{"type":"Feature","properties":{"id":"c940","lines":"L-5","n":1,"tram":0,"op":"MZK Jastrzębie + region"},"geometry":{"type":"LineString","coordinates":[[18.632581,49.994283],[18.632581,49.993024],[18.634541,49.991765]]}},{"type":"Feature","properties":{"id":"c941","lines":"L-6","n":1,"tram":0,"op":"MZK Jastrzębie + region"},"geometry":{"type":"LineString","coordinates":[[18.632581,49.994283],[18.628661,49.994283]]}},{"type":"Feature","properties":{"id":"c942","lines":"L-6","n":1,"tram":0,"op":"MZK Jastrzębie + region"},"geometry":{"type":"LineString","coordinates":[[18.632581,49.994283],[18.630621,49.995542]]}},{"type":"Feature","properties":{"id":"c943","lines":"L-1 L-6","n":2,"tram":0,"op":"MZK Jastrzębie + region"},"geometry":{"type":"LineString","coordinates":[[18.628661,49.991765],[18.62474,49.989247],[18.62278,49.989247]]}},{"type":"Feature","properties":{"id":"c944","lines":"L-2","n":1,"tram":0,"op":"MZK Jastrzębie + region"},"geometry":{"type":"LineString","coordinates":[[18.628661,49.991765],[18.628661,49.989247],[18.6267,49.987988]]}},{"type":"Feature","properties":{"id":"c945","lines":"L-1","n":1,"tram":0,"op":"MZK Jastrzębie + region"},"geometry":{"type":"LineString","coordinates":[[18.62278,49.989247],[18.62278,49.986729]]}},{"type":"Feature","properties":{"id":"c946","lines":"L-1","n":1,"tram":0,"op":"MZK Jastrzębie + region"},"geometry":{"type":"LineString","coordinates":[[18.62278,49.989247],[18.6267,49.991765]]}},{"type":"Feature","properties":{"id":"c947","lines":"L-6","n":1,"tram":0,"op":"MZK Jastrzębie + region"},"geometry":{"type":"LineString","coordinates":[[18.62278,49.989247],[18.62082,49.989247],[18.6169,49.986729]]}},{"type":"Feature","properties":{"id":"c948","lines":"L-1","n":1,"tram":0,"op":"MZK Jastrzębie + region"},"geometry":{"type":"LineString","coordinates":[[18.62278,49.986729],[18.6169,49.982952]]}},{"type":"Feature","properties":{"id":"c949","lines":"L-1","n":1,"tram":0,"op":"MZK Jastrzębie + region"},"geometry":{"type":"LineString","coordinates":[[18.62278,49.986729],[18.62082,49.98547],[18.62082,49.984211]]}},{"type":"Feature","properties":{"id":"c950","lines":"L-1","n":1,"tram":0,"op":"MZK Jastrzębie + region"},"geometry":{"type":"LineString","coordinates":[[18.6169,49.982952],[18.611019,49.979174]]}},{"type":"Feature","properties":{"id":"c951","lines":"L-1 L-6","n":2,"tram":0,"op":"MZK Jastrzębie + region"},"geometry":{"type":"LineString","coordinates":[[18.6169,49.982952],[18.61886,49.982952],[18.62082,49.984211]]}},{"type":"Feature","properties":{"id":"c952","lines":"L-1 L-2","n":2,"tram":0,"op":"MZK Jastrzębie + region"},"geometry":{"type":"LineString","coordinates":[[18.6169,49.982952],[18.62082,49.980433]]}},{"type":"Feature","properties":{"id":"c953","lines":"L-2 L-6","n":2,"tram":0,"op":"MZK Jastrzębie + region"},"geometry":{"type":"LineString","coordinates":[[18.6169,49.982952],[18.6169,49.980433]]}},{"type":"Feature","properties":{"id":"c954","lines":"L-6","n":1,"tram":0,"op":"MZK Jastrzębie + region"},"geometry":{"type":"LineString","coordinates":[[18.6169,49.982952],[18.6169,49.986729]]}},{"type":"Feature","properties":{"id":"c955","lines":"L-6","n":1,"tram":0,"op":"MZK Jastrzębie + region"},"geometry":{"type":"LineString","coordinates":[[18.62082,49.984211],[18.62278,49.98547]]}},{"type":"Feature","properties":{"id":"c956","lines":"L-1 L-2","n":2,"tram":0,"op":"MZK Jastrzębie + region"},"geometry":{"type":"LineString","coordinates":[[18.6267,49.991765],[18.6267,49.987988]]}},{"type":"Feature","properties":{"id":"c957","lines":"L-6","n":1,"tram":0,"op":"MZK Jastrzębie + region"},"geometry":{"type":"LineString","coordinates":[[18.6267,49.991765],[18.62474,49.991765],[18.6169,49.986729]]}},{"type":"Feature","properties":{"id":"c958","lines":"L-5","n":1,"tram":0,"op":"MZK Jastrzębie + region"},"geometry":{"type":"LineString","coordinates":[[18.634541,49.995542],[18.634541,49.991765]]}},{"type":"Feature","properties":{"id":"c959","lines":"L-6","n":1,"tram":0,"op":"MZK Jastrzębie + region"},"geometry":{"type":"LineString","coordinates":[[18.634541,49.995542],[18.630621,49.995542],[18.628661,49.994283]]}},{"type":"Feature","properties":{"id":"c960","lines":"L-1 L-2","n":2,"tram":0,"op":"MZK Jastrzębie + region"},"geometry":{"type":"LineString","coordinates":[[18.62082,49.980433],[18.62474,49.982952]]}},{"type":"Feature","properties":{"id":"c961","lines":"L-2","n":1,"tram":0,"op":"MZK Jastrzębie + region"},"geometry":{"type":"LineString","coordinates":[[18.62082,49.980433],[18.62474,49.982952]]}},{"type":"Feature","properties":{"id":"c962","lines":"L-2","n":1,"tram":0,"op":"MZK Jastrzębie + region"},"geometry":{"type":"LineString","coordinates":[[18.62082,49.980433],[18.6169,49.980433]]}},{"type":"Feature","properties":{"id":"c963","lines":"L-1 L-2","n":2,"tram":0,"op":"MZK Jastrzębie + region"},"geometry":{"type":"LineString","coordinates":[[18.62474,49.982952],[18.62474,49.984211]]}},{"type":"Feature","properties":{"id":"c964","lines":"L-2 L-6","n":2,"tram":0,"op":"MZK Jastrzębie + region"},"geometry":{"type":"LineString","coordinates":[[18.62474,49.982952],[18.62474,49.984211]]}},{"type":"Feature","properties":{"id":"c965","lines":"L-6","n":1,"tram":0,"op":"MZK Jastrzębie + region"},"geometry":{"type":"LineString","coordinates":[[18.62474,49.982952],[18.62474,49.980433],[18.6267,49.979174]]}},{"type":"Feature","properties":{"id":"c966","lines":"L-1 L-2 L-6","n":3,"tram":0,"op":"MZK Jastrzębie + region"},"geometry":{"type":"LineString","coordinates":[[18.62474,49.984211],[18.62278,49.98547]]}},{"type":"Feature","properties":{"id":"c967","lines":"L-1 L-2","n":2,"tram":0,"op":"MZK Jastrzębie + region"},"geometry":{"type":"LineString","coordinates":[[18.62278,49.98547],[18.6267,49.987988]]}},{"type":"Feature","properties":{"id":"c968","lines":"L-6","n":1,"tram":0,"op":"MZK Jastrzębie + region"},"geometry":{"type":"LineString","coordinates":[[18.6169,49.980433],[18.62474,49.980433],[18.6267,49.979174]]}},{"type":"Feature","properties":{"id":"c969","lines":"L-3 L-4","n":2,"tram":0,"op":"MZK Jastrzębie + region"},"geometry":{"type":"LineString","coordinates":[[18.642382,50.004355],[18.646302,50.006874]]}},{"type":"Feature","properties":{"id":"c970","lines":"L-3","n":1,"tram":0,"op":"MZK Jastrzębie + region"},"geometry":{"type":"LineString","coordinates":[[18.642382,50.004355],[18.646302,50.006874]]}},{"type":"Feature","properties":{"id":"c971","lines":"L-3 L-4","n":2,"tram":0,"op":"MZK Jastrzębie + region"},"geometry":{"type":"LineString","coordinates":[[18.648262,50.014428],[18.644342,50.01191]]}},{"type":"Feature","properties":{"id":"c972","lines":"L-3","n":1,"tram":0,"op":"MZK Jastrzębie + region"},"geometry":{"type":"LineString","coordinates":[[18.648262,50.014428],[18.644342,50.01191]]}},{"type":"Feature","properties":{"id":"c973","lines":"L-3 L-4","n":2,"tram":0,"op":"MZK Jastrzębie + region"},"geometry":{"type":"LineString","coordinates":[[18.644342,50.01191],[18.640421,50.01191]]}},{"type":"Feature","properties":{"id":"c974","lines":"L-4","n":1,"tram":0,"op":"MZK Jastrzębie + region"},"geometry":{"type":"LineString","coordinates":[[18.640421,50.01191],[18.634541,50.01191]]}},{"type":"Feature","properties":{"id":"c975","lines":"L-4","n":1,"tram":0,"op":"MZK Jastrzębie + region"},"geometry":{"type":"LineString","coordinates":[[18.634541,50.01191],[18.634541,50.010651],[18.6267,50.005614]]}},{"type":"Feature","properties":{"id":"c976","lines":"L-4","n":1,"tram":0,"op":"MZK Jastrzębie + region"},"geometry":{"type":"LineString","coordinates":[[18.6267,50.005614],[18.6267,50.006874]]}},{"type":"Feature","properties":{"id":"c977","lines":"L-4","n":1,"tram":0,"op":"MZK Jastrzębie + region"},"geometry":{"type":"LineString","coordinates":[[18.6267,50.005614],[18.62278,50.008133]]}},{"type":"Feature","properties":{"id":"c978","lines":"L-4","n":1,"tram":0,"op":"MZK Jastrzębie + region"},"geometry":{"type":"LineString","coordinates":[[18.6267,50.006874],[18.62474,50.008133],[18.62278,50.008133]]}},{"type":"Feature","properties":{"id":"c979","lines":"S15","n":1,"tram":0,"op":"MZK Jastrzębie + region"},"geometry":{"type":"LineString","coordinates":[[18.62278,50.008133],[18.62082,50.009392]]}},{"type":"Feature","properties":{"id":"c980","lines":"S15","n":1,"tram":0,"op":"MZK Jastrzębie + region"},"geometry":{"type":"LineString","coordinates":[[18.62278,50.008133],[18.62082,50.009392]]}},{"type":"Feature","properties":{"id":"c981","lines":"L-5","n":1,"tram":0,"op":"MZK Jastrzębie + region"},"geometry":{"type":"LineString","coordinates":[[18.634541,49.991765],[18.634541,49.989247]]}},{"type":"Feature","properties":{"id":"c982","lines":"L-5","n":1,"tram":0,"op":"MZK Jastrzębie + region"},"geometry":{"type":"LineString","coordinates":[[18.634541,49.989247],[18.642382,49.989247]]}},{"type":"Feature","properties":{"id":"c983","lines":"L-5","n":1,"tram":0,"op":"MZK Jastrzębie + region"},"geometry":{"type":"LineString","coordinates":[[18.634541,49.989247],[18.642382,49.989247]]}},{"type":"Feature","properties":{"id":"c984","lines":"L-6","n":1,"tram":0,"op":"MZK Jastrzębie + region"},"geometry":{"type":"LineString","coordinates":[[18.630621,49.995542],[18.628661,49.994283]]}},{"type":"Feature","properties":{"id":"c985","lines":"L-6","n":1,"tram":0,"op":"MZK Jastrzębie + region"},"geometry":{"type":"LineString","coordinates":[[18.6267,49.979174],[18.632581,49.982952]]}},{"type":"Feature","properties":{"id":"c986","lines":"L-7","n":1,"tram":0,"op":"MZK Jastrzębie + region"},"geometry":{"type":"LineString","coordinates":[[18.644342,50.001837],[18.648262,50.004355],[18.650222,50.004355]]}},{"type":"Feature","properties":{"id":"c987","lines":"L-7","n":1,"tram":0,"op":"MZK Jastrzębie + region"},"geometry":{"type":"LineString","coordinates":[[18.644342,50.001837],[18.646302,50.001837],[18.650222,50.004355]]}},{"type":"Feature","properties":{"id":"c988","lines":"L-7","n":1,"tram":0,"op":"MZK Jastrzębie + region"},"geometry":{"type":"LineString","coordinates":[[18.650222,50.004355],[18.650222,50.000578]]}},{"type":"Feature","properties":{"id":"c989","lines":"L-7","n":1,"tram":0,"op":"MZK Jastrzębie + region"},"geometry":{"type":"LineString","coordinates":[[18.650222,50.004355],[18.652182,50.003096]]}},{"type":"Feature","properties":{"id":"c990","lines":"M10","n":1,"tram":0,"op":"MZK Jastrzębie + region"},"geometry":{"type":"LineString","coordinates":[[18.554175,49.98547],[18.552215,49.984211]]}},{"type":"Feature","properties":{"id":"c991","lines":"M10","n":1,"tram":0,"op":"MZK Jastrzębie + region"},"geometry":{"type":"LineString","coordinates":[[18.554175,49.98547],[18.552215,49.984211]]}},{"type":"Feature","properties":{"id":"c992","lines":"M10","n":1,"tram":0,"op":"MZK Jastrzębie + region"},"geometry":{"type":"LineString","coordinates":[[18.552215,49.984211],[18.548295,49.986729],[18.546334,49.986729]]}},{"type":"Feature","properties":{"id":"c993","lines":"R10 R11","n":2,"tram":0,"op":"MZK Jastrzębie + region"},"geometry":{"type":"LineString","coordinates":[[18.585537,49.977915],[18.585537,49.974138]]}},{"type":"Feature","properties":{"id":"c994","lines":"R10 R11","n":2,"tram":0,"op":"MZK Jastrzębie + region"},"geometry":{"type":"LineString","coordinates":[[18.585537,49.977915],[18.585537,49.972879],[18.583577,49.97162]]}},{"type":"Feature","properties":{"id":"c995","lines":"R10","n":1,"tram":0,"op":"MZK Jastrzębie + region"},"geometry":{"type":"LineString","coordinates":[[18.585537,49.974138],[18.591418,49.970361]]}},{"type":"Feature","properties":{"id":"c996","lines":"R11","n":1,"tram":0,"op":"MZK Jastrzębie + region"},"geometry":{"type":"LineString","coordinates":[[18.585537,49.974138],[18.583577,49.972879],[18.583577,49.97162]]}},{"type":"Feature","properties":{"id":"c997","lines":"R10","n":1,"tram":0,"op":"MZK Jastrzębie + region"},"geometry":{"type":"LineString","coordinates":[[18.591418,49.970361],[18.585537,49.970361],[18.583577,49.97162]]}},{"type":"Feature","properties":{"id":"c998","lines":"S10 S11 S12 S12A S13 S14 S15 S16 W11","n":9,"tram":0,"op":"MZK Jastrzębie + region"},"geometry":{"type":"LineString","coordinates":[[18.597298,49.995542],[18.595338,49.996801]]}},{"type":"Feature","properties":{"id":"c999","lines":"S10 S13 W11","n":3,"tram":0,"op":"MZK Jastrzębie + region"},"geometry":{"type":"LineString","coordinates":[[18.595338,49.996801],[18.591418,49.999319]]}},{"type":"Feature","properties":{"id":"c1000","lines":"S11 S12 S12A S14 S15 S16","n":6,"tram":0,"op":"MZK Jastrzębie + region"},"geometry":{"type":"LineString","coordinates":[[18.595338,49.996801],[18.599258,49.999319],[18.603179,49.999319]]}},{"type":"Feature","properties":{"id":"c1001","lines":"S11 S12 S12A S14 S15 S16","n":6,"tram":0,"op":"MZK Jastrzębie + region"},"geometry":{"type":"LineString","coordinates":[[18.595338,49.996801],[18.599258,49.996801],[18.607099,50.001837]]}},{"type":"Feature","properties":{"id":"c1002","lines":"S10 S13","n":2,"tram":0,"op":"MZK Jastrzębie + region"},"geometry":{"type":"LineString","coordinates":[[18.591418,49.999319],[18.593378,50.000578],[18.595338,50.000578]]}},{"type":"Feature","properties":{"id":"c1003","lines":"W11","n":1,"tram":0,"op":"MZK Jastrzębie + region"},"geometry":{"type":"LineString","coordinates":[[18.591418,49.999319],[18.575737,49.999319]]}},{"type":"Feature","properties":{"id":"c1004","lines":"W11","n":1,"tram":0,"op":"MZK Jastrzębie + region"},"geometry":{"type":"LineString","coordinates":[[18.591418,49.999319],[18.575737,49.999319]]}},{"type":"Feature","properties":{"id":"c1005","lines":"S10","n":1,"tram":0,"op":"MZK Jastrzębie + region"},"geometry":{"type":"LineString","coordinates":[[18.595338,50.000578],[18.601218,50.000578]]}},{"type":"Feature","properties":{"id":"c1006","lines":"S10 S13","n":2,"tram":0,"op":"MZK Jastrzębie + region"},"geometry":{"type":"LineString","coordinates":[[18.595338,50.000578],[18.599258,50.003096],[18.603179,50.003096]]}},{"type":"Feature","properties":{"id":"c1007","lines":"S10","n":1,"tram":0,"op":"MZK Jastrzębie + region"},"geometry":{"type":"LineString","coordinates":[[18.601218,50.000578],[18.607099,50.004355],[18.611019,50.004355]]}},{"type":"Feature","properties":{"id":"c1008","lines":"S11 S12 S14 S15 S16","n":5,"tram":0,"op":"MZK Jastrzębie + region"},"geometry":{"type":"LineString","coordinates":[[18.601218,50.000578],[18.601218,50.004355],[18.603179,50.005614]]}},{"type":"Feature","properties":{"id":"c1009","lines":"S11 S12 S14 S15 S16","n":5,"tram":0,"op":"MZK Jastrzębie + region"},"geometry":{"type":"LineString","coordinates":[[18.601218,50.000578],[18.603179,49.999319]]}},{"type":"Feature","properties":{"id":"c1010","lines":"S10 S12A","n":2,"tram":0,"op":"MZK Jastrzębie + region"},"geometry":{"type":"LineString","coordinates":[[18.611019,50.004355],[18.614939,50.006874]]}},{"type":"Feature","properties":{"id":"c1011","lines":"S12A","n":1,"tram":0,"op":"MZK Jastrzębie + region"},"geometry":{"type":"LineString","coordinates":[[18.611019,50.004355],[18.607099,50.001837]]}},{"type":"Feature","properties":{"id":"c1012","lines":"S10 S12A","n":2,"tram":0,"op":"MZK Jastrzębie + region"},"geometry":{"type":"LineString","coordinates":[[18.614939,50.006874],[18.62474,50.013169]]}},{"type":"Feature","properties":{"id":"c1013","lines":"S10 S12A","n":2,"tram":0,"op":"MZK Jastrzębie + region"},"geometry":{"type":"LineString","coordinates":[[18.614939,50.006874],[18.614939,50.005614],[18.611019,50.003096]]}},{"type":"Feature","properties":{"id":"c1014","lines":"S10","n":1,"tram":0,"op":"MZK Jastrzębie + region"},"geometry":{"type":"LineString","coordinates":[[18.62474,50.013169],[18.628661,50.015687],[18.628661,50.018205]]}},{"type":"Feature","properties":{"id":"c1015","lines":"S10","n":1,"tram":0,"op":"MZK Jastrzębie + region"},"geometry":{"type":"LineString","coordinates":[[18.62474,50.013169],[18.6267,50.014428],[18.6267,50.019464]]}},{"type":"Feature","properties":{"id":"c1016","lines":"S12A S15","n":2,"tram":0,"op":"MZK Jastrzębie + region"},"geometry":{"type":"LineString","coordinates":[[18.62474,50.013169],[18.62278,50.014428],[18.62278,50.016946]]}},{"type":"Feature","properties":{"id":"c1017","lines":"S15","n":1,"tram":0,"op":"MZK Jastrzębie + region"},"geometry":{"type":"LineString","coordinates":[[18.62474,50.013169],[18.62474,50.01191],[18.62082,50.009392]]}},{"type":"Feature","properties":{"id":"c1018","lines":"S11","n":1,"tram":0,"op":"MZK Jastrzębie + region"},"geometry":{"type":"LineString","coordinates":[[18.628661,50.018205],[18.6267,50.016946],[18.62278,50.016946]]}},{"type":"Feature","properties":{"id":"c1019","lines":"S11","n":1,"tram":0,"op":"MZK Jastrzębie + region"},"geometry":{"type":"LineString","coordinates":[[18.6267,50.019464],[18.62278,50.016946]]}},{"type":"Feature","properties":{"id":"c1020","lines":"S10","n":1,"tram":0,"op":"MZK Jastrzębie + region"},"geometry":{"type":"LineString","coordinates":[[18.611019,50.003096],[18.607099,50.003096]]}},{"type":"Feature","properties":{"id":"c1021","lines":"S12A","n":1,"tram":0,"op":"MZK Jastrzębie + region"},"geometry":{"type":"LineString","coordinates":[[18.611019,50.003096],[18.605139,49.999319],[18.603179,49.999319]]}},{"type":"Feature","properties":{"id":"c1022","lines":"S10","n":1,"tram":0,"op":"MZK Jastrzębie + region"},"geometry":{"type":"LineString","coordinates":[[18.607099,50.003096],[18.603179,50.003096]]}},{"type":"Feature","properties":{"id":"c1023","lines":"S11 S12 S14 S15 S16","n":5,"tram":0,"op":"MZK Jastrzębie + region"},"geometry":{"type":"LineString","coordinates":[[18.607099,50.003096],[18.607099,50.001837]]}},{"type":"Feature","properties":{"id":"c1024","lines":"S11 S12 S14 S15 S16","n":5,"tram":0,"op":"MZK Jastrzębie + region"},"geometry":{"type":"LineString","coordinates":[[18.607099,50.003096],[18.605139,50.004355]]}},{"type":"Feature","properties":{"id":"c1025","lines":"S13","n":1,"tram":0,"op":"MZK Jastrzębie + region"},"geometry":{"type":"LineString","coordinates":[[18.603179,50.003096],[18.603179,50.005614]]}},{"type":"Feature","properties":{"id":"c1026","lines":"S13","n":1,"tram":0,"op":"MZK Jastrzębie + region"},"geometry":{"type":"LineString","coordinates":[[18.603179,50.003096],[18.605139,50.004355]]}},{"type":"Feature","properties":{"id":"c1027","lines":"S11 S12A S15","n":3,"tram":0,"op":"MZK Jastrzębie + region"},"geometry":{"type":"LineString","coordinates":[[18.62278,50.016946],[18.6169,50.016946]]}},{"type":"Feature","properties":{"id":"c1028","lines":"S11 S12A S15","n":3,"tram":0,"op":"MZK Jastrzębie + region"},"geometry":{"type":"LineString","coordinates":[[18.6169,50.016946],[18.609059,50.016946]]}},{"type":"Feature","properties":{"id":"c1029","lines":"S11 S12A S15","n":3,"tram":0,"op":"MZK Jastrzębie + region"},"geometry":{"type":"LineString","coordinates":[[18.6169,50.016946],[18.614939,50.015687],[18.611019,50.015687]]}},{"type":"Feature","properties":{"id":"c1030","lines":"S11 S12A","n":2,"tram":0,"op":"MZK Jastrzębie + region"},"geometry":{"type":"LineString","coordinates":[[18.609059,50.016946],[18.601218,50.016946],[18.599258,50.015687]]}},{"type":"Feature","properties":{"id":"c1031","lines":"S11 S12A","n":2,"tram":0,"op":"MZK Jastrzębie + region"},"geometry":{"type":"LineString","coordinates":[[18.609059,50.016946],[18.611019,50.015687]]}},{"type":"Feature","properties":{"id":"c1032","lines":"S15","n":1,"tram":0,"op":"MZK Jastrzębie + region"},"geometry":{"type":"LineString","coordinates":[[18.609059,50.016946],[18.609059,50.014428],[18.599258,50.008133]]}},{"type":"Feature","properties":{"id":"c1033","lines":"S11 S12","n":2,"tram":0,"op":"MZK Jastrzębie + region"},"geometry":{"type":"LineString","coordinates":[[18.599258,50.015687],[18.599258,50.008133]]}},{"type":"Feature","properties":{"id":"c1034","lines":"S12 S12A","n":2,"tram":0,"op":"MZK Jastrzębie + region"},"geometry":{"type":"LineString","coordinates":[[18.599258,50.015687],[18.599258,50.020723]]}},{"type":"Feature","properties":{"id":"c1035","lines":"S11 S12 S13 S14 S15 S16","n":6,"tram":0,"op":"MZK Jastrzębie + region"},"geometry":{"type":"LineString","coordinates":[[18.599258,50.008133],[18.603179,50.005614]]}},{"type":"Feature","properties":{"id":"c1036","lines":"S15","n":1,"tram":0,"op":"MZK Jastrzębie + region"},"geometry":{"type":"LineString","coordinates":[[18.599258,50.008133],[18.611019,50.015687]]}},{"type":"Feature","properties":{"id":"c1037","lines":"S11 S12 S13 S14 S15 S16","n":6,"tram":0,"op":"MZK Jastrzębie + region"},"geometry":{"type":"LineString","coordinates":[[18.603179,50.005614],[18.605139,50.004355]]}},{"type":"Feature","properties":{"id":"c1038","lines":"W11","n":1,"tram":0,"op":"MZK Jastrzębie + region"},"geometry":{"type":"LineString","coordinates":[[18.575737,49.999319],[18.573776,50.000578],[18.558095,50.000578]]}},{"type":"Feature","properties":{"id":"c1039","lines":"W11","n":1,"tram":0,"op":"MZK Jastrzębie + region"},"geometry":{"type":"LineString","coordinates":[[18.558095,50.000578],[18.550255,50.005614],[18.548295,50.005614]]}},{"type":"Feature","properties":{"id":"c1040","lines":"W11","n":1,"tram":0,"op":"MZK Jastrzębie + region"},"geometry":{"type":"LineString","coordinates":[[18.558095,50.000578],[18.556135,50.000578],[18.548295,50.005614]]}}]}