{"type":"FeatureCollection","features":[{"type":"Feature","properties":{"text":"36","n":1,"mode":"bus","angle":-90,"op":"Wodzisław county"},"geometry":{"type":"Point","coordinates":[18.509092,50.004985]}},{"type":"Feature","properties":{"text":"13 32","n":2,"mode":"bus","angle":90,"op":"mix"},"geometry":{"type":"Point","coordinates":[18.589458,50.03835]}},{"type":"Feature","properties":{"text":"N8","n":1,"mode":"bus","angle":0,"op":"KM Rybnik"},"geometry":{"type":"Point","coordinates":[18.580637,50.057235]}},{"type":"Feature","properties":{"text":"5 22 23","n":3,"mode":"bus","angle":-45,"op":"KM Rybnik"},"geometry":{"type":"Point","coordinates":[18.549275,50.055347]}},{"type":"Feature","properties":{"text":"36","n":1,"mode":"bus","angle":45,"op":"Wodzisław county"},"geometry":{"type":"Point","coordinates":[18.519872,49.988617]}},{"type":"Feature","properties":{"text":"41","n":1,"mode":"bus","angle":45,"op":"Wodzisław county"},"geometry":{"type":"Point","coordinates":[18.468909,50.032684]}},{"type":"Feature","properties":{"text":"41","n":1,"mode":"bus","angle":45,"op":"Wodzisław county"},"geometry":{"type":"Point","coordinates":[18.468909,50.044015]}},{"type":"Feature","properties":{"text":"13 32 33 S12 S12A","n":5,"mode":"bus","angle":45,"op":"mix"},"geometry":{"type":"Point","coordinates":[18.581617,50.034573]}},{"type":"Feature","properties":{"text":"29","n":1,"mode":"bus","angle":-45,"op":"KM Rybnik"},"geometry":{"type":"Point","coordinates":[18.503211,50.059754]}},{"type":"Feature","properties":{"text":"50","n":1,"mode":"bus","angle":45,"op":"Wodzisław county"},"geometry":{"type":"Point","coordinates":[18.524773,50.008133]}},{"type":"Feature","properties":{"text":"208","n":1,"mode":"bus","angle":0,"op":"MZK Jastrzębie + region"},"geometry":{"type":"Point","coordinates":[18.564956,50.016946]}},{"type":"Feature","properties":{"text":"2 207 209","n":3,"mode":"bus","angle":90,"op":"mix"},"geometry":{"type":"Point","coordinates":[18.526733,50.028907]}},{"type":"Feature","properties":{"text":"307","n":1,"mode":"bus","angle":90,"op":"MZK Jastrzębie + region"},"geometry":{"type":"Point","coordinates":[18.636501,50.013798]}},{"type":"Feature","properties":{"text":"32","n":1,"mode":"bus","angle":0,"op":"Wodzisław county"},"geometry":{"type":"Point","coordinates":[18.508112,49.995542]}},{"type":"Feature","properties":{"text":"300 301 302 306","n":4,"mode":"bus","angle":0,"op":"MZK Jastrzębie + region"},"geometry":{"type":"Point","coordinates":[18.579657,50.071085]}},{"type":"Feature","properties":{"text":"49","n":1,"mode":"bus","angle":45,"op":"KM Rybnik"},"geometry":{"type":"Point","coordinates":[18.578677,50.055347]}},{"type":"Feature","properties":{"text":"30","n":1,"mode":"bus","angle":45,"op":"KM Rybnik"},"geometry":{"type":"Point","coordinates":[18.564956,50.052829]}},{"type":"Feature","properties":{"text":"36","n":1,"mode":"bus","angle":0,"op":"Wodzisław county"},"geometry":{"type":"Point","coordinates":[18.547314,49.981693]}},{"type":"Feature","properties":{"text":"305 306","n":2,"mode":"bus","angle":-90,"op":"MZK Jastrzębie + region"},"geometry":{"type":"Point","coordinates":[18.634541,50.05157]}},{"type":"Feature","properties":{"text":"42 46","n":2,"mode":"bus","angle":45,"op":"mix"},"geometry":{"type":"Point","coordinates":[18.587497,50.061013]}},{"type":"Feature","properties":{"text":"34","n":1,"mode":"bus","angle":45,"op":"Wodzisław county"},"geometry":{"type":"Point","coordinates":[18.495371,50.008133]}},{"type":"Feature","properties":{"text":"59 W09 W10","n":3,"mode":"bus","angle":45,"op":"mix"},"geometry":{"type":"Point","coordinates":[18.544374,49.99806]}},{"type":"Feature","properties":{"text":"203","n":1,"mode":"bus","angle":-45,"op":"MZK Jastrzębie + region"},"geometry":{"type":"Point","coordinates":[18.49145,50.047163]}},{"type":"Feature","properties":{"text":"S15","n":1,"mode":"bus","angle":-45,"op":"MZK Jastrzębie + region"},"geometry":{"type":"Point","coordinates":[18.605139,50.01191]}},{"type":"Feature","properties":{"text":"46A","n":1,"mode":"bus","angle":0,"op":"KM Rybnik"},"geometry":{"type":"Point","coordinates":[18.565936,50.062272]}},{"type":"Feature","properties":{"text":"33 208","n":2,"mode":"bus","angle":90,"op":"mix"},"geometry":{"type":"Point","coordinates":[18.583577,50.01191]}},{"type":"Feature","properties":{"text":"W11","n":1,"mode":"bus","angle":0,"op":"MZK Jastrzębie + region"},"geometry":{"type":"Point","coordinates":[18.583577,49.999319]}},{"type":"Feature","properties":{"text":"W11","n":1,"mode":"bus","angle":0,"op":"MZK Jastrzębie + region"},"geometry":{"type":"Point","coordinates":[18.565936,50.000578]}},{"type":"Feature","properties":{"text":"52","n":1,"mode":"bus","angle":45,"op":"Wodzisław county"},"geometry":{"type":"Point","coordinates":[18.613959,50.056606]}},{"type":"Feature","properties":{"text":"04 08 52","n":3,"mode":"bus","angle":45,"op":"mix"},"geometry":{"type":"Point","coordinates":[18.631601,50.042756]}},{"type":"Feature","properties":{"text":"15 16 51","n":3,"mode":"bus","angle":45,"op":"mix"},"geometry":{"type":"Point","coordinates":[18.592398,50.065419]}},{"type":"Feature","properties":{"text":"34","n":1,"mode":"bus","angle":-45,"op":"Wodzisław county"},"geometry":{"type":"Point","coordinates":[18.564956,50.0906]}},{"type":"Feature","properties":{"text":"28","n":1,"mode":"bus","angle":-45,"op":"KM Rybnik"},"geometry":{"type":"Point","coordinates":[18.506151,50.061642]}},{"type":"Feature","properties":{"text":"L-4","n":1,"mode":"bus","angle":-45,"op":"MZK Jastrzębie + region"},"geometry":{"type":"Point","coordinates":[18.62768,50.01128]}},{"type":"Feature","properties":{"text":"51","n":1,"mode":"bus","angle":45,"op":"Wodzisław county"},"geometry":{"type":"Point","coordinates":[18.523793,50.001208]}},{"type":"Feature","properties":{"text":"38 59 W09 W10","n":4,"mode":"bus","angle":45,"op":"mix"},"geometry":{"type":"Point","coordinates":[18.527713,50.008762]}},{"type":"Feature","properties":{"text":"33","n":1,"mode":"bus","angle":45,"op":"Wodzisław county"},"geometry":{"type":"Point","coordinates":[18.48655,50.006244]}},{"type":"Feature","properties":{"text":"W11","n":1,"mode":"bus","angle":45,"op":"MZK Jastrzębie + region"},"geometry":{"type":"Point","coordinates":[18.543394,50.008762]}},{"type":"Feature","properties":{"text":"305 306","n":2,"mode":"bus","angle":45,"op":"MZK Jastrzębie + region"},"geometry":{"type":"Point","coordinates":[18.629641,50.056606]}},{"type":"Feature","properties":{"text":"307 B10 B11 B12 L-1","n":5,"mode":"bus","angle":-45,"op":"MZK Jastrzębie + region"},"geometry":{"type":"Point","coordinates":[18.631601,49.99869]}},{"type":"Feature","properties":{"text":"B15","n":1,"mode":"bus","angle":-45,"op":"MZK Jastrzębie + region"},"geometry":{"type":"Point","coordinates":[18.602199,49.98484]}},{"type":"Feature","properties":{"text":"S10 S12A","n":2,"mode":"bus","angle":-45,"op":"MZK Jastrzębie + region"},"geometry":{"type":"Point","coordinates":[18.61984,50.010021]}},{"type":"Feature","properties":{"text":"S12 S12A","n":2,"mode":"bus","angle":45,"op":"MZK Jastrzębie + region"},"geometry":{"type":"Point","coordinates":[18.594358,50.026389]}},{"type":"Feature","properties":{"text":"05 33","n":2,"mode":"bus","angle":-45,"op":"mix"},"geometry":{"type":"Point","coordinates":[18.584557,50.023871]}},{"type":"Feature","properties":{"text":"45","n":1,"mode":"bus","angle":0,"op":"KM Rybnik"},"geometry":{"type":"Point","coordinates":[18.525753,50.07738]}},{"type":"Feature","properties":{"text":"05","n":1,"mode":"bus","angle":0,"op":"MZK Jastrzębie + region"},"geometry":{"type":"Point","coordinates":[18.596318,50.027018]}},{"type":"Feature","properties":{"text":"17","n":1,"mode":"bus","angle":0,"op":"KM Rybnik"},"geometry":{"type":"Point","coordinates":[18.594358,50.078639]}},{"type":"Feature","properties":{"text":"C12","n":1,"mode":"bus","angle":0,"op":"MZK Jastrzębie + region"},"geometry":{"type":"Point","coordinates":[18.564956,49.980433]}},{"type":"Feature","properties":{"text":"C14","n":1,"mode":"bus","angle":0,"op":"MZK Jastrzębie + region"},"geometry":{"type":"Point","coordinates":[18.564956,49.980433]}},{"type":"Feature","properties":{"text":"36","n":1,"mode":"bus","angle":-90,"op":"Wodzisław county"},"geometry":{"type":"Point","coordinates":[18.507131,50.002467]}},{"type":"Feature","properties":{"text":"32","n":1,"mode":"bus","angle":-90,"op":"Wodzisław county"},"geometry":{"type":"Point","coordinates":[18.518892,49.999949]}},{"type":"Feature","properties":{"text":"208","n":1,"mode":"bus","angle":0,"op":"MZK Jastrzębie + region"},"geometry":{"type":"Point","coordinates":[18.543394,50.019464]}},{"type":"Feature","properties":{"text":"208","n":1,"mode":"bus","angle":0,"op":"MZK Jastrzębie + region"},"geometry":{"type":"Point","coordinates":[18.547314,50.016946]}},{"type":"Feature","properties":{"text":"05","n":1,"mode":"bus","angle":90,"op":"MZK Jastrzębie + region"},"geometry":{"type":"Point","coordinates":[18.605139,50.039609]}},{"type":"Feature","properties":{"text":"04","n":1,"mode":"bus","angle":90,"op":"MZK Jastrzębie + region"},"geometry":{"type":"Point","coordinates":[18.62082,50.048422]}},{"type":"Feature","properties":{"text":"26 49 N6","n":3,"mode":"bus","angle":0,"op":"KM Rybnik"},"geometry":{"type":"Point","coordinates":[18.552215,50.076121]}},{"type":"Feature","properties":{"text":"4 9 10","n":3,"mode":"bus","angle":0,"op":"KM Rybnik"},"geometry":{"type":"Point","coordinates":[18.536534,50.06479]}},{"type":"Feature","properties":{"text":"300 301 302 306","n":4,"mode":"bus","angle":0,"op":"MZK Jastrzębie + region"},"geometry":{"type":"Point","coordinates":[18.587497,50.073603]}},{"type":"Feature","properties":{"text":"36","n":1,"mode":"bus","angle":0,"op":"Wodzisław county"},"geometry":{"type":"Point","coordinates":[18.513012,50.067308]}},{"type":"Feature","properties":{"text":"59 205 206","n":3,"mode":"bus","angle":-90,"op":"mix"},"geometry":{"type":"Point","coordinates":[18.509092,50.030795]}},{"type":"Feature","properties":{"text":"308","n":1,"mode":"bus","angle":-90,"op":"MZK Jastrzębie + region"},"geometry":{"type":"Point","coordinates":[18.661983,50.018205]}},{"type":"Feature","properties":{"text":"S11 S12","n":2,"mode":"bus","angle":90,"op":"MZK Jastrzębie + region"},"geometry":{"type":"Point","coordinates":[18.599258,50.01191]}},{"type":"Feature","properties":{"text":"52","n":1,"mode":"bus","angle":-90,"op":"Wodzisław county"},"geometry":{"type":"Point","coordinates":[18.49145,50.028277]}},{"type":"Feature","properties":{"text":"42","n":1,"mode":"bus","angle":-45,"op":"Wodzisław county"},"geometry":{"type":"Point","coordinates":[18.571816,50.062272]}},{"type":"Feature","properties":{"text":"18 19","n":2,"mode":"bus","angle":-45,"op":"KM Rybnik"},"geometry":{"type":"Point","coordinates":[18.577697,50.076121]}},{"type":"Feature","properties":{"text":"42 45","n":2,"mode":"bus","angle":45,"op":"mix"},"geometry":{"type":"Point","coordinates":[18.609059,50.049681]}},{"type":"Feature","properties":{"text":"45","n":1,"mode":"bus","angle":45,"op":"KM Rybnik"},"geometry":{"type":"Point","coordinates":[18.599258,50.054717]}},{"type":"Feature","properties":{"text":"48","n":1,"mode":"bus","angle":-45,"op":"KM Rybnik"},"geometry":{"type":"Point","coordinates":[18.589458,50.053458]}},{"type":"Feature","properties":{"text":"7","n":1,"mode":"bus","angle":-45,"op":"KM Rybnik"},"geometry":{"type":"Point","coordinates":[18.550255,50.066049]}},{"type":"Feature","properties":{"text":"24","n":1,"mode":"bus","angle":-45,"op":"KM Rybnik"},"geometry":{"type":"Point","coordinates":[18.536534,50.071085]}},{"type":"Feature","properties":{"text":"45","n":1,"mode":"bus","angle":-45,"op":"KM Rybnik"},"geometry":{"type":"Point","coordinates":[18.514972,50.074862]}},{"type":"Feature","properties":{"text":"45","n":1,"mode":"bus","angle":-45,"op":"KM Rybnik"},"geometry":{"type":"Point","coordinates":[18.503211,50.069826]}},{"type":"Feature","properties":{"text":"9 10","n":2,"mode":"bus","angle":-45,"op":"KM Rybnik"},"geometry":{"type":"Point","coordinates":[18.526733,50.061013]}},{"type":"Feature","properties":{"text":"2 3 6 23 N6","n":5,"mode":"bus","angle":-45,"op":"KM Rybnik"},"geometry":{"type":"Point","coordinates":[18.520852,50.048422]}},{"type":"Feature","properties":{"text":"13 32 33 S12 S12A","n":5,"mode":"bus","angle":45,"op":"mix"},"geometry":{"type":"Point","coordinates":[18.563976,50.048422]}},{"type":"Feature","properties":{"text":"24","n":1,"mode":"bus","angle":-45,"op":"KM Rybnik"},"geometry":{"type":"Point","coordinates":[18.528693,50.058494]}},{"type":"Feature","properties":{"text":"43","n":1,"mode":"bus","angle":45,"op":"KM Rybnik"},"geometry":{"type":"Point","coordinates":[18.530653,50.083675]}},{"type":"Feature","properties":{"text":"05 ZL","n":2,"mode":"bus","angle":-45,"op":"MZK Jastrzębie + region"},"geometry":{"type":"Point","coordinates":[18.62474,50.034573]}},{"type":"Feature","properties":{"text":"308","n":1,"mode":"bus","angle":45,"op":"MZK Jastrzębie + region"},"geometry":{"type":"Point","coordinates":[18.652182,50.032054]}},{"type":"Feature","properties":{"text":"42","n":1,"mode":"bus","angle":-45,"op":"Wodzisław county"},"geometry":{"type":"Point","coordinates":[18.477729,50.021982]}},{"type":"Feature","properties":{"text":"36 38","n":2,"mode":"bus","angle":45,"op":"Wodzisław county"},"geometry":{"type":"Point","coordinates":[18.534573,49.980433]}},{"type":"Feature","properties":{"text":"51","n":1,"mode":"bus","angle":45,"op":"Wodzisław county"},"geometry":{"type":"Point","coordinates":[18.505171,50.029536]}},{"type":"Feature","properties":{"text":"W10","n":1,"mode":"bus","angle":45,"op":"MZK Jastrzębie + region"},"geometry":{"type":"Point","coordinates":[18.565936,49.991765]}},{"type":"Feature","properties":{"text":"L-6","n":1,"mode":"bus","angle":-45,"op":"MZK Jastrzębie + region"},"geometry":{"type":"Point","coordinates":[18.62082,49.989247]}},{"type":"Feature","properties":{"text":"L-4","n":1,"mode":"bus","angle":-45,"op":"MZK Jastrzębie + region"},"geometry":{"type":"Point","coordinates":[18.630621,50.008133]}},{"type":"Feature","properties":{"text":"S11 S12 S12A S14 S15 S16","n":6,"mode":"bus","angle":-45,"op":"MZK Jastrzębie + region"},"geometry":{"type":"Point","coordinates":[18.603179,49.999319]}},{"type":"Feature","properties":{"text":"W11","n":1,"mode":"bus","angle":45,"op":"MZK Jastrzębie + region"},"geometry":{"type":"Point","coordinates":[18.554175,50.003096]}},{"type":"Feature","properties":{"text":"08","n":1,"mode":"bus","angle":90,"op":"MZK Jastrzębie + region"},"geometry":{"type":"Point","coordinates":[18.628661,50.042756]}},{"type":"Feature","properties":{"text":"05 13 32 42 46 46A 48 49","n":8,"mode":"bus","angle":0,"op":"mix"},"geometry":{"type":"Point","coordinates":[18.598278,50.044645]}},{"type":"Feature","properties":{"text":"30 42 N8","n":3,"mode":"bus","angle":0,"op":"mix"},"geometry":{"type":"Point","coordinates":[18.562996,50.057235]}},{"type":"Feature","properties":{"text":"8 9 10 14 N6","n":5,"mode":"bus","angle":0,"op":"KM Rybnik"},"geometry":{"type":"Point","coordinates":[18.553195,50.066049]}},{"type":"Feature","properties":{"text":"51","n":1,"mode":"bus","angle":0,"op":"Wodzisław county"},"geometry":{"type":"Point","coordinates":[18.592398,50.062272]}},{"type":"Feature","properties":{"text":"30 49","n":2,"mode":"bus","angle":0,"op":"KM Rybnik"},"geometry":{"type":"Point","coordinates":[18.561035,50.06479]}},{"type":"Feature","properties":{"text":"34","n":1,"mode":"bus","angle":0,"op":"Wodzisław county"},"geometry":{"type":"Point","coordinates":[18.557115,50.079898]}},{"type":"Feature","properties":{"text":"43 45 PR","n":3,"mode":"bus","angle":0,"op":"KM Rybnik"},"geometry":{"type":"Point","coordinates":[18.541434,50.074862]}},{"type":"Feature","properties":{"text":"13 14","n":2,"mode":"bus","angle":0,"op":"KM Rybnik"},"geometry":{"type":"Point","coordinates":[18.551235,50.081157]}},{"type":"Feature","properties":{"text":"14 32","n":2,"mode":"bus","angle":0,"op":"mix"},"geometry":{"type":"Point","coordinates":[18.551235,50.081157]}},{"type":"Feature","properties":{"text":"207","n":1,"mode":"bus","angle":90,"op":"MZK Jastrzębie + region"},"geometry":{"type":"Point","coordinates":[18.528693,50.017575]}},{"type":"Feature","properties":{"text":"04 05 08 09 S10 S11 ZL","n":7,"mode":"bus","angle":-90,"op":"MZK Jastrzębie + region"},"geometry":{"type":"Point","coordinates":[18.632581,50.031425]}},{"type":"Feature","properties":{"text":"L-4","n":1,"mode":"bus","angle":90,"op":"MZK Jastrzębie + region"},"geometry":{"type":"Point","coordinates":[18.632581,50.013798]}},{"type":"Feature","properties":{"text":"52","n":1,"mode":"bus","angle":90,"op":"Wodzisław county"},"geometry":{"type":"Point","coordinates":[18.501251,50.018834]}},{"type":"Feature","properties":{"text":"36","n":1,"mode":"bus","angle":0,"op":"Wodzisław county"},"geometry":{"type":"Point","coordinates":[18.545354,49.977915]}},{"type":"Feature","properties":{"text":"52 201 202 204 210","n":5,"mode":"bus","angle":90,"op":"mix"},"geometry":{"type":"Point","coordinates":[18.495371,50.028907]}},{"type":"Feature","properties":{"text":"201 203 W10","n":3,"mode":"bus","angle":-90,"op":"MZK Jastrzębie + region"},"geometry":{"type":"Point","coordinates":[18.518892,50.030166]}},{"type":"Feature","properties":{"text":"202 203 W10","n":3,"mode":"bus","angle":-90,"op":"MZK Jastrzębie + region"},"geometry":{"type":"Point","coordinates":[18.516932,50.028907]}},{"type":"Feature","properties":{"text":"B11","n":1,"mode":"bus","angle":0,"op":"MZK Jastrzębie + region"},"geometry":{"type":"Point","coordinates":[18.6218,49.999319]}},{"type":"Feature","properties":{"text":"B11","n":1,"mode":"bus","angle":0,"op":"MZK Jastrzębie + region"},"geometry":{"type":"Point","coordinates":[18.6218,49.995542]}},{"type":"Feature","properties":{"text":"B10 B11 B13","n":3,"mode":"bus","angle":0,"op":"MZK Jastrzębie + region"},"geometry":{"type":"Point","coordinates":[18.611999,49.995542]}},{"type":"Feature","properties":{"text":"13 32 33","n":3,"mode":"bus","angle":45,"op":"mix"},"geometry":{"type":"Point","coordinates":[18.570836,50.044015]}},{"type":"Feature","properties":{"text":"S12 S12A","n":2,"mode":"bus","angle":45,"op":"MZK Jastrzębie + region"},"geometry":{"type":"Point","coordinates":[18.570836,50.044015]}},{"type":"Feature","properties":{"text":"15 N8","n":2,"mode":"bus","angle":45,"op":"KM Rybnik"},"geometry":{"type":"Point","coordinates":[18.596318,50.050311]}},{"type":"Feature","properties":{"text":"22 52","n":2,"mode":"bus","angle":-45,"op":"mix"},"geometry":{"type":"Point","coordinates":[18.555155,50.06416]}},{"type":"Feature","properties":{"text":"04 08","n":2,"mode":"bus","angle":45,"op":"MZK Jastrzębie + region"},"geometry":{"type":"Point","coordinates":[18.62376,50.049052]}},{"type":"Feature","properties":{"text":"4 10","n":2,"mode":"bus","angle":-45,"op":"KM Rybnik"},"geometry":{"type":"Point","coordinates":[18.527713,50.061642]}},{"type":"Feature","properties":{"text":"2 3 4 9","n":4,"mode":"bus","angle":-45,"op":"KM Rybnik"},"geometry":{"type":"Point","coordinates":[18.533593,50.055347]}},{"type":"Feature","properties":{"text":"1 N6","n":2,"mode":"bus","angle":-45,"op":"KM Rybnik"},"geometry":{"type":"Point","coordinates":[18.531633,50.055347]}},{"type":"Feature","properties":{"text":"2 3 4 5 6 8 9 22 N6 W10","n":10,"mode":"bus","angle":-45,"op":"mix"},"geometry":{"type":"Point","coordinates":[18.539474,50.059124]}},{"type":"Feature","properties":{"text":"5 6 8 22 N6 W10","n":6,"mode":"bus","angle":-45,"op":"mix"},"geometry":{"type":"Point","coordinates":[18.533593,50.054088]}},{"type":"Feature","properties":{"text":"303","n":1,"mode":"bus","angle":-45,"op":"MZK Jastrzębie + region"},"geometry":{"type":"Point","coordinates":[18.586517,50.085564]}},{"type":"Feature","properties":{"text":"303","n":1,"mode":"bus","angle":45,"op":"MZK Jastrzębie + region"},"geometry":{"type":"Point","coordinates":[18.588478,50.080528]}},{"type":"Feature","properties":{"text":"7","n":1,"mode":"bus","angle":-45,"op":"KM Rybnik"},"geometry":{"type":"Point","coordinates":[18.512032,50.060383]}},{"type":"Feature","properties":{"text":"07 308","n":2,"mode":"bus","angle":45,"op":"MZK Jastrzębie + region"},"geometry":{"type":"Point","coordinates":[18.641401,50.03772]}},{"type":"Feature","properties":{"text":"05","n":1,"mode":"bus","angle":45,"op":"MZK Jastrzębie + region"},"geometry":{"type":"Point","coordinates":[18.608079,50.033943]}},{"type":"Feature","properties":{"text":"32 51","n":2,"mode":"bus","angle":45,"op":"Wodzisław county"},"geometry":{"type":"Point","coordinates":[18.513992,50.004985]}},{"type":"Feature","properties":{"text":"42","n":1,"mode":"bus","angle":-45,"op":"Wodzisław county"},"geometry":{"type":"Point","coordinates":[18.496351,50.020094]}},{"type":"Feature","properties":{"text":"36 B14 R10 R11 W09 W10","n":6,"mode":"bus","angle":45,"op":"mix"},"geometry":{"type":"Point","coordinates":[18.590438,49.988617]}},{"type":"Feature","properties":{"text":"36 38","n":2,"mode":"bus","angle":45,"op":"Wodzisław county"},"geometry":{"type":"Point","coordinates":[18.535554,49.983581]}},{"type":"Feature","properties":{"text":"38","n":1,"mode":"bus","angle":45,"op":"Wodzisław county"},"geometry":{"type":"Point","coordinates":[18.529673,49.991135]}},{"type":"Feature","properties":{"text":"59 W10","n":2,"mode":"bus","angle":45,"op":"mix"},"geometry":{"type":"Point","coordinates":[18.535554,50.003726]}},{"type":"Feature","properties":{"text":"203 210","n":2,"mode":"bus","angle":-45,"op":"MZK Jastrzębie + region"},"geometry":{"type":"Point","coordinates":[18.504191,50.036461]}},{"type":"Feature","properties":{"text":"202","n":1,"mode":"bus","angle":-45,"op":"MZK Jastrzębie + region"},"geometry":{"type":"Point","coordinates":[18.49243,50.041497]}},{"type":"Feature","properties":{"text":"203","n":1,"mode":"bus","angle":-45,"op":"MZK Jastrzębie + region"},"geometry":{"type":"Point","coordinates":[18.48851,50.035202]}},{"type":"Feature","properties":{"text":"303","n":1,"mode":"bus","angle":45,"op":"MZK Jastrzębie + region"},"geometry":{"type":"Point","coordinates":[18.596318,50.089341]}},{"type":"Feature","properties":{"text":"308","n":1,"mode":"bus","angle":45,"op":"MZK Jastrzębie + region"},"geometry":{"type":"Point","coordinates":[18.659043,50.032684]}},{"type":"Feature","properties":{"text":"L-3 L-4","n":2,"mode":"bus","angle":-45,"op":"MZK Jastrzębie + region"},"geometry":{"type":"Point","coordinates":[18.649242,50.008762]}},{"type":"Feature","properties":{"text":"C15 S11 S13","n":3,"mode":"bus","angle":-45,"op":"MZK Jastrzębie + region"},"geometry":{"type":"Point","coordinates":[18.578677,49.992394]}},{"type":"Feature","properties":{"text":"L-1","n":1,"mode":"bus","angle":-45,"op":"MZK Jastrzębie + region"},"geometry":{"type":"Point","coordinates":[18.61984,49.98484]}},{"type":"Feature","properties":{"text":"L-1","n":1,"mode":"bus","angle":-45,"op":"MZK Jastrzębie + region"},"geometry":{"type":"Point","coordinates":[18.613959,49.981063]}},{"type":"Feature","properties":{"text":"L-6","n":1,"mode":"bus","angle":-45,"op":"MZK Jastrzębie + region"},"geometry":{"type":"Point","coordinates":[18.629641,49.981063]}},{"type":"Feature","properties":{"text":"R10","n":1,"mode":"bus","angle":45,"op":"MZK Jastrzębie + region"},"geometry":{"type":"Point","coordinates":[18.588478,49.97225]}},{"type":"Feature","properties":{"text":"S10","n":1,"mode":"bus","angle":-45,"op":"MZK Jastrzębie + region"},"geometry":{"type":"Point","coordinates":[18.604159,50.002467]}},{"type":"Feature","properties":{"text":"S12A","n":1,"mode":"bus","angle":-45,"op":"MZK Jastrzębie + region"},"geometry":{"type":"Point","coordinates":[18.608079,50.001208]}},{"type":"Feature","properties":{"text":"201 204 210","n":3,"mode":"bus","angle":45,"op":"MZK Jastrzębie + region"},"geometry":{"type":"Point","coordinates":[18.498311,50.023871]}},{"type":"Feature","properties":{"text":"202 204 210","n":3,"mode":"bus","angle":45,"op":"MZK Jastrzębie + region"},"geometry":{"type":"Point","coordinates":[18.498311,50.023871]}},{"type":"Feature","properties":{"text":"42","n":1,"mode":"bus","angle":-45,"op":"Wodzisław county"},"geometry":{"type":"Point","coordinates":[18.474789,50.02513]}},{"type":"Feature","properties":{"text":"305 306","n":2,"mode":"bus","angle":-90,"op":"MZK Jastrzębie + region"},"geometry":{"type":"Point","coordinates":[18.634541,50.043386]}},{"type":"Feature","properties":{"text":"8 W10","n":2,"mode":"bus","angle":90,"op":"mix"},"geometry":{"type":"Point","coordinates":[18.526733,50.044645]}},{"type":"Feature","properties":{"text":"--> 1 2 3 4 5 6 9 10 17 18 19 22 300 301","n":15,"mode":"bus","angle":0,"op":"mix"},"geometry":{"type":"Point","coordinates":[18.554175,50.071085]}},{"type":"Feature","properties":{"text":"33 43 48 52 A N8","n":6,"mode":"bus","angle":90,"op":"mix"},"geometry":{"type":"Point","coordinates":[18.538494,50.066049]}},{"type":"Feature","properties":{"text":"W10","n":1,"mode":"bus","angle":0,"op":"MZK Jastrzębie + region"},"geometry":{"type":"Point","coordinates":[18.550255,50.063531]}},{"type":"Feature","properties":{"text":"16 45 48 52","n":4,"mode":"bus","angle":0,"op":"mix"},"geometry":{"type":"Point","coordinates":[18.593378,50.061013]}},{"type":"Feature","properties":{"text":"04 08","n":2,"mode":"bus","angle":0,"op":"MZK Jastrzębie + region"},"geometry":{"type":"Point","coordinates":[18.632581,50.039609]}},{"type":"Feature","properties":{"text":"43 PR","n":2,"mode":"bus","angle":-90,"op":"KM Rybnik"},"geometry":{"type":"Point","coordinates":[18.536534,50.07738]}},{"type":"Feature","properties":{"text":"27 36","n":2,"mode":"bus","angle":0,"op":"mix"},"geometry":{"type":"Point","coordinates":[18.503211,50.067308]}},{"type":"Feature","properties":{"text":"A","n":1,"mode":"bus","angle":90,"op":"KM Rybnik"},"geometry":{"type":"Point","coordinates":[18.546334,50.061013]}},{"type":"Feature","properties":{"text":"12 41 48","n":3,"mode":"bus","angle":0,"op":"mix"},"geometry":{"type":"Point","coordinates":[18.556135,50.078639]}},{"type":"Feature","properties":{"text":"205 206","n":2,"mode":"bus","angle":90,"op":"MZK Jastrzębie + region"},"geometry":{"type":"Point","coordinates":[18.509092,50.037091]}},{"type":"Feature","properties":{"text":"27 28 29","n":3,"mode":"bus","angle":0,"op":"KM Rybnik"},"geometry":{"type":"Point","coordinates":[18.514972,50.06479]}},{"type":"Feature","properties":{"text":"03","n":1,"mode":"bus","angle":90,"op":"MZK Jastrzębie + region"},"geometry":{"type":"Point","coordinates":[18.636501,50.029536]}},{"type":"Feature","properties":{"text":"07","n":1,"mode":"bus","angle":-90,"op":"MZK Jastrzębie + region"},"geometry":{"type":"Point","coordinates":[18.652182,50.037091]}},{"type":"Feature","properties":{"text":"S10 S11","n":2,"mode":"bus","angle":90,"op":"MZK Jastrzębie + region"},"geometry":{"type":"Point","coordinates":[18.628661,50.020723]}},{"type":"Feature","properties":{"text":"06 307","n":2,"mode":"bus","angle":90,"op":"MZK Jastrzębie + region"},"geometry":{"type":"Point","coordinates":[18.638461,50.028277]}},{"type":"Feature","properties":{"text":"36 52","n":2,"mode":"bus","angle":0,"op":"Wodzisław county"},"geometry":{"type":"Point","coordinates":[18.511052,50.014428]}},{"type":"Feature","properties":{"text":"33 34","n":2,"mode":"bus","angle":0,"op":"Wodzisław county"},"geometry":{"type":"Point","coordinates":[18.509092,50.004355]}},{"type":"Feature","properties":{"text":"42 50","n":2,"mode":"bus","angle":-90,"op":"Wodzisław county"},"geometry":{"type":"Point","coordinates":[18.49341,50.020723]}},{"type":"Feature","properties":{"text":"C13 C14","n":2,"mode":"bus","angle":0,"op":"MZK Jastrzębie + region"},"geometry":{"type":"Point","coordinates":[18.585537,49.987988]}},{"type":"Feature","properties":{"text":"C11","n":1,"mode":"bus","angle":0,"op":"MZK Jastrzębie + region"},"geometry":{"type":"Point","coordinates":[18.569856,49.98547]}},{"type":"Feature","properties":{"text":"36","n":1,"mode":"bus","angle":0,"op":"Wodzisław county"},"geometry":{"type":"Point","coordinates":[18.567896,49.98547]}},{"type":"Feature","properties":{"text":"B10 B11 C11 C16 C18 M10 S13 W09","n":8,"mode":"bus","angle":0,"op":"MZK Jastrzębie + region"},"geometry":{"type":"Point","coordinates":[18.565936,49.984211]}},{"type":"Feature","properties":{"text":"36 C12 C14","n":3,"mode":"bus","angle":90,"op":"mix"},"geometry":{"type":"Point","coordinates":[18.556135,49.984211]}},{"type":"Feature","properties":{"text":"36","n":1,"mode":"bus","angle":90,"op":"Wodzisław county"},"geometry":{"type":"Point","coordinates":[18.505171,50.010651]}},{"type":"Feature","properties":{"text":"53","n":1,"mode":"bus","angle":-90,"op":"Wodzisław county"},"geometry":{"type":"Point","coordinates":[18.503211,50.01191]}},{"type":"Feature","properties":{"text":"38","n":1,"mode":"bus","angle":-90,"op":"Wodzisław county"},"geometry":{"type":"Point","coordinates":[18.530653,49.98547]}},{"type":"Feature","properties":{"text":"38","n":1,"mode":"bus","angle":-90,"op":"Wodzisław county"},"geometry":{"type":"Point","coordinates":[18.532613,49.995542]}},{"type":"Feature","properties":{"text":"38 59","n":2,"mode":"bus","angle":0,"op":"Wodzisław county"},"geometry":{"type":"Point","coordinates":[18.518892,50.01191]}},{"type":"Feature","properties":{"text":"307 L-4","n":2,"mode":"bus","angle":-90,"op":"MZK Jastrzębie + region"},"geometry":{"type":"Point","coordinates":[18.638461,50.005614]}},{"type":"Feature","properties":{"text":"L-7","n":1,"mode":"bus","angle":0,"op":"MZK Jastrzębie + region"},"geometry":{"type":"Point","coordinates":[18.640421,50.001837]}},{"type":"Feature","properties":{"text":"B10","n":1,"mode":"bus","angle":0,"op":"MZK Jastrzębie + region"},"geometry":{"type":"Point","coordinates":[18.6169,49.996801]}},{"type":"Feature","properties":{"text":"B14","n":1,"mode":"bus","angle":0,"op":"MZK Jastrzębie + region"},"geometry":{"type":"Point","coordinates":[18.609059,49.989247]}},{"type":"Feature","properties":{"text":"L-1","n":1,"mode":"bus","angle":0,"op":"MZK Jastrzębie + region"},"geometry":{"type":"Point","coordinates":[18.603179,49.976656]}},{"type":"Feature","properties":{"text":"C15 S11 S13","n":3,"mode":"bus","angle":0,"op":"MZK Jastrzębie + region"},"geometry":{"type":"Point","coordinates":[18.587497,49.994283]}},{"type":"Feature","properties":{"text":"L-6","n":1,"mode":"bus","angle":0,"op":"MZK Jastrzębie + region"},"geometry":{"type":"Point","coordinates":[18.62082,49.980433]}},{"type":"Feature","properties":{"text":"L-5","n":1,"mode":"bus","angle":0,"op":"MZK Jastrzębie + region"},"geometry":{"type":"Point","coordinates":[18.638461,49.989247]}},{"type":"Feature","properties":{"text":"R10 R11","n":2,"mode":"bus","angle":90,"op":"MZK Jastrzębie + region"},"geometry":{"type":"Point","coordinates":[18.585537,49.975397]}},{"type":"Feature","properties":{"text":"S10","n":1,"mode":"bus","angle":-90,"op":"MZK Jastrzębie + region"},"geometry":{"type":"Point","coordinates":[18.6267,50.016946]}},{"type":"Feature","properties":{"text":"S11 S12A S15","n":3,"mode":"bus","angle":0,"op":"MZK Jastrzębie + region"},"geometry":{"type":"Point","coordinates":[18.612979,50.016946]}},{"type":"Feature","properties":{"text":"S11 S12A","n":2,"mode":"bus","angle":0,"op":"MZK Jastrzębie + region"},"geometry":{"type":"Point","coordinates":[18.605139,50.016946]}},{"type":"Feature","properties":{"text":"S12 S12A","n":2,"mode":"bus","angle":-90,"op":"MZK Jastrzębie + region"},"geometry":{"type":"Point","coordinates":[18.599258,50.018205]}},{"type":"Feature","properties":{"text":"52","n":1,"mode":"bus","angle":-90,"op":"Wodzisław county"},"geometry":{"type":"Point","coordinates":[18.48949,50.0245]}},{"type":"Feature","properties":{"text":"308","n":1,"mode":"bus","angle":-90,"op":"MZK Jastrzębie + region"},"geometry":{"type":"Point","coordinates":[18.661983,50.0245]}},{"type":"Feature","properties":{"text":"42 46 46A","n":3,"mode":"bus","angle":0,"op":"mix"},"geometry":{"type":"Point","coordinates":[18.588478,50.05094]}},{"type":"Feature","properties":{"text":"15 42 46 46A N8","n":5,"mode":"bus","angle":-90,"op":"mix"},"geometry":{"type":"Point","coordinates":[18.593378,50.054088]}},{"type":"Feature","properties":{"text":"30 49","n":2,"mode":"bus","angle":-90,"op":"KM Rybnik"},"geometry":{"type":"Point","coordinates":[18.565936,50.062901]}},{"type":"Feature","properties":{"text":"42 N8","n":2,"mode":"bus","angle":-90,"op":"mix"},"geometry":{"type":"Point","coordinates":[18.558095,50.059124]}},{"type":"Feature","properties":{"text":"12 13 15 27 29 32 33 36 41 43 S12 S12A","n":12,"mode":"bus","angle":90,"op":"mix"},"geometry":{"type":"Point","coordinates":[18.556135,50.057865]}},{"type":"Feature","properties":{"text":"26 28 29 36 46","n":5,"mode":"bus","angle":0,"op":"mix"},"geometry":{"type":"Point","coordinates":[18.543394,50.066049]}},{"type":"Feature","properties":{"text":"26 28 29 36","n":4,"mode":"bus","angle":0,"op":"mix"},"geometry":{"type":"Point","coordinates":[18.537514,50.066049]}},{"type":"Feature","properties":{"text":"N8","n":1,"mode":"bus","angle":0,"op":"KM Rybnik"},"geometry":{"type":"Point","coordinates":[18.557115,50.068567]}},{"type":"Feature","properties":{"text":"2 10 16 23 28 45 48 51 52 301","n":10,"mode":"bus","angle":0,"op":"mix"},"geometry":{"type":"Point","coordinates":[18.561035,50.068567]}},{"type":"Feature","properties":{"text":"24 34","n":2,"mode":"bus","angle":0,"op":"mix"},"geometry":{"type":"Point","coordinates":[18.555155,50.069826]}},{"type":"Feature","properties":{"text":"300 301","n":2,"mode":"bus","angle":-90,"op":"MZK Jastrzębie + region"},"geometry":{"type":"Point","coordinates":[18.558095,50.069196]}},{"type":"Feature","properties":{"text":"52","n":1,"mode":"bus","angle":0,"op":"Wodzisław county"},"geometry":{"type":"Point","coordinates":[18.541434,50.063531]}},{"type":"Feature","properties":{"text":"5 22","n":2,"mode":"bus","angle":0,"op":"KM Rybnik"},"geometry":{"type":"Point","coordinates":[18.545354,50.061013]}},{"type":"Feature","properties":{"text":"04 08","n":2,"mode":"bus","angle":0,"op":"MZK Jastrzębie + region"},"geometry":{"type":"Point","coordinates":[18.61592,50.053458]}},{"type":"Feature","properties":{"text":"08","n":1,"mode":"bus","angle":0,"op":"MZK Jastrzębie + region"},"geometry":{"type":"Point","coordinates":[18.62768,50.049681]}},{"type":"Feature","properties":{"text":"7 PR","n":2,"mode":"bus","angle":0,"op":"KM Rybnik"},"geometry":{"type":"Point","coordinates":[18.555155,50.073603]}},{"type":"Feature","properties":{"text":"15 30","n":2,"mode":"bus","angle":0,"op":"KM Rybnik"},"geometry":{"type":"Point","coordinates":[18.559075,50.069826]}},{"type":"Feature","properties":{"text":"6 43","n":2,"mode":"bus","angle":0,"op":"KM Rybnik"},"geometry":{"type":"Point","coordinates":[18.555155,50.071085]}},{"type":"Feature","properties":{"text":"2 10","n":2,"mode":"bus","angle":0,"op":"KM Rybnik"},"geometry":{"type":"Point","coordinates":[18.561035,50.071085]}},{"type":"Feature","properties":{"text":"4 7 9 10","n":4,"mode":"bus","angle":0,"op":"KM Rybnik"},"geometry":{"type":"Point","coordinates":[18.515952,50.055976]}},{"type":"Feature","properties":{"text":"10","n":1,"mode":"bus","angle":0,"op":"KM Rybnik"},"geometry":{"type":"Point","coordinates":[18.510072,50.054717]}},{"type":"Feature","properties":{"text":"9 23 205","n":3,"mode":"bus","angle":-90,"op":"mix"},"geometry":{"type":"Point","coordinates":[18.516932,50.055347]}},{"type":"Feature","properties":{"text":"24","n":1,"mode":"bus","angle":-90,"op":"KM Rybnik"},"geometry":{"type":"Point","coordinates":[18.524773,50.052829]}},{"type":"Feature","properties":{"text":"7 23","n":2,"mode":"bus","angle":0,"op":"KM Rybnik"},"geometry":{"type":"Point","coordinates":[18.513992,50.057235]}},{"type":"Feature","properties":{"text":"10 14","n":2,"mode":"bus","angle":0,"op":"KM Rybnik"},"geometry":{"type":"Point","coordinates":[18.549275,50.066049]}},{"type":"Feature","properties":{"text":"22","n":1,"mode":"bus","angle":0,"op":"KM Rybnik"},"geometry":{"type":"Point","coordinates":[18.531633,50.048422]}},{"type":"Feature","properties":{"text":"8 59 207 209 210","n":5,"mode":"bus","angle":0,"op":"mix"},"geometry":{"type":"Point","coordinates":[18.512032,50.042127]}},{"type":"Feature","properties":{"text":"2 207 209","n":3,"mode":"bus","angle":0,"op":"mix"},"geometry":{"type":"Point","coordinates":[18.519872,50.03835]}},{"type":"Feature","properties":{"text":"201 202","n":2,"mode":"bus","angle":90,"op":"MZK Jastrzębie + region"},"geometry":{"type":"Point","coordinates":[18.516932,50.036461]}},{"type":"Feature","properties":{"text":"1 24 26 27 28 29 36","n":7,"mode":"bus","angle":0,"op":"mix"},"geometry":{"type":"Point","coordinates":[18.529673,50.066049]}},{"type":"Feature","properties":{"text":"5 23","n":2,"mode":"bus","angle":0,"op":"KM Rybnik"},"geometry":{"type":"Point","coordinates":[18.533593,50.049681]}},{"type":"Feature","properties":{"text":"203","n":1,"mode":"bus","angle":90,"op":"MZK Jastrzębie + region"},"geometry":{"type":"Point","coordinates":[18.522813,50.040238]}},{"type":"Feature","properties":{"text":"59","n":1,"mode":"bus","angle":90,"op":"Wodzisław county"},"geometry":{"type":"Point","coordinates":[18.511052,50.03772]}},{"type":"Feature","properties":{"text":"204","n":1,"mode":"bus","angle":-90,"op":"MZK Jastrzębie + region"},"geometry":{"type":"Point","coordinates":[18.501251,50.046534]}},{"type":"Feature","properties":{"text":"10 204","n":2,"mode":"bus","angle":90,"op":"mix"},"geometry":{"type":"Point","coordinates":[18.497331,50.03772]}},{"type":"Feature","properties":{"text":"15","n":1,"mode":"bus","angle":0,"op":"KM Rybnik"},"geometry":{"type":"Point","coordinates":[18.566916,50.071085]}},{"type":"Feature","properties":{"text":"18 19","n":2,"mode":"bus","angle":-90,"op":"KM Rybnik"},"geometry":{"type":"Point","coordinates":[18.581617,50.080528]}},{"type":"Feature","properties":{"text":"7","n":1,"mode":"bus","angle":0,"op":"KM Rybnik"},"geometry":{"type":"Point","coordinates":[18.537514,50.061013]}},{"type":"Feature","properties":{"text":"29","n":1,"mode":"bus","angle":90,"op":"KM Rybnik"},"geometry":{"type":"Point","coordinates":[18.495371,50.052829]}},{"type":"Feature","properties":{"text":"10 23 28","n":3,"mode":"bus","angle":90,"op":"KM Rybnik"},"geometry":{"type":"Point","coordinates":[18.501251,50.050311]}},{"type":"Feature","properties":{"text":"23","n":1,"mode":"bus","angle":0,"op":"KM Rybnik"},"geometry":{"type":"Point","coordinates":[18.504191,50.048422]}},{"type":"Feature","properties":{"text":"205 206","n":2,"mode":"bus","angle":0,"op":"MZK Jastrzębie + region"},"geometry":{"type":"Point","coordinates":[18.502231,50.052199]}},{"type":"Feature","properties":{"text":"17 301 304 309","n":4,"mode":"bus","angle":0,"op":"mix"},"geometry":{"type":"Point","coordinates":[18.594358,50.081157]}},{"type":"Feature","properties":{"text":"301","n":1,"mode":"bus","angle":0,"op":"MZK Jastrzębie + region"},"geometry":{"type":"Point","coordinates":[18.604159,50.078639]}},{"type":"Feature","properties":{"text":"17 301","n":2,"mode":"bus","angle":0,"op":"mix"},"geometry":{"type":"Point","coordinates":[18.594358,50.081157]}},{"type":"Feature","properties":{"text":"52 208","n":2,"mode":"bus","angle":0,"op":"mix"},"geometry":{"type":"Point","coordinates":[18.525753,50.020723]}},{"type":"Feature","properties":{"text":"208","n":1,"mode":"bus","angle":0,"op":"MZK Jastrzębie + region"},"geometry":{"type":"Point","coordinates":[18.531633,50.020723]}},{"type":"Feature","properties":{"text":"06","n":1,"mode":"bus","angle":0,"op":"MZK Jastrzębie + region"},"geometry":{"type":"Point","coordinates":[18.641401,50.039609]}},{"type":"Feature","properties":{"text":"05 ZL","n":2,"mode":"bus","angle":-90,"op":"MZK Jastrzębie + region"},"geometry":{"type":"Point","coordinates":[18.614939,50.033943]}},{"type":"Feature","properties":{"text":"ZL","n":1,"mode":"bus","angle":-90,"op":"MZK Jastrzębie + region"},"geometry":{"type":"Point","coordinates":[18.614939,50.03772]}},{"type":"Feature","properties":{"text":"06","n":1,"mode":"bus","angle":90,"op":"MZK Jastrzębie + region"},"geometry":{"type":"Point","coordinates":[18.646302,50.020094]}},{"type":"Feature","properties":{"text":"03","n":1,"mode":"bus","angle":90,"op":"MZK Jastrzębie + region"},"geometry":{"type":"Point","coordinates":[18.632581,50.018834]}},{"type":"Feature","properties":{"text":"34","n":1,"mode":"bus","angle":0,"op":"Wodzisław county"},"geometry":{"type":"Point","coordinates":[18.48263,50.015687]}},{"type":"Feature","properties":{"text":"33 34","n":2,"mode":"bus","angle":0,"op":"Wodzisław county"},"geometry":{"type":"Point","coordinates":[18.504191,50.004355]}},{"type":"Feature","properties":{"text":"32 33 34 51","n":4,"mode":"bus","angle":-90,"op":"Wodzisław county"},"geometry":{"type":"Point","coordinates":[18.511052,50.008762]}},{"type":"Feature","properties":{"text":"36 52 53 59 201 202 204 207","n":8,"mode":"bus","angle":0,"op":"mix"},"geometry":{"type":"Point","coordinates":[18.512032,50.014428]}},{"type":"Feature","properties":{"text":"207 W11","n":2,"mode":"bus","angle":0,"op":"MZK Jastrzębie + region"},"geometry":{"type":"Point","coordinates":[18.517912,50.014428]}},{"type":"Feature","properties":{"text":"33 34 53","n":3,"mode":"bus","angle":90,"op":"Wodzisław county"},"geometry":{"type":"Point","coordinates":[18.513012,50.006244]}},{"type":"Feature","properties":{"text":"33","n":1,"mode":"bus","angle":0,"op":"Wodzisław county"},"geometry":{"type":"Point","coordinates":[18.500271,50.003096]}},{"type":"Feature","properties":{"text":"42","n":1,"mode":"bus","angle":0,"op":"Wodzisław county"},"geometry":{"type":"Point","coordinates":[18.512032,50.018205]}},{"type":"Feature","properties":{"text":"50","n":1,"mode":"bus","angle":0,"op":"Wodzisław county"},"geometry":{"type":"Point","coordinates":[18.504191,50.021982]}},{"type":"Feature","properties":{"text":"41","n":1,"mode":"bus","angle":0,"op":"Wodzisław county"},"geometry":{"type":"Point","coordinates":[18.48459,50.0245]}},{"type":"Feature","properties":{"text":"42","n":1,"mode":"bus","angle":0,"op":"Wodzisław county"},"geometry":{"type":"Point","coordinates":[18.480669,50.027018]}},{"type":"Feature","properties":{"text":"42","n":1,"mode":"bus","angle":90,"op":"Wodzisław county"},"geometry":{"type":"Point","coordinates":[18.471849,50.021353]}},{"type":"Feature","properties":{"text":"41 42","n":2,"mode":"bus","angle":0,"op":"Wodzisław county"},"geometry":{"type":"Point","coordinates":[18.49243,50.021982]}},{"type":"Feature","properties":{"text":"B10 B12 B13 C10 C15 C19 M10 S10 S12 S12A S13 S14 S15 W11","n":14,"mode":"bus","angle":0,"op":"MZK Jastrzębie + region"},"geometry":{"type":"Point","coordinates":[18.590438,49.990506]}},{"type":"Feature","properties":{"text":"36 B10 C13 C14 M10 R10 R11 S12 S12A S14 W09 W11","n":12,"mode":"bus","angle":0,"op":"mix"},"geometry":{"type":"Point","coordinates":[18.578677,49.987988]}},{"type":"Feature","properties":{"text":"C12 C13","n":2,"mode":"bus","angle":0,"op":"MZK Jastrzębie + region"},"geometry":{"type":"Point","coordinates":[18.584557,49.987988]}},{"type":"Feature","properties":{"text":"C16","n":1,"mode":"bus","angle":0,"op":"MZK Jastrzębie + region"},"geometry":{"type":"Point","coordinates":[18.570836,49.98547]}},{"type":"Feature","properties":{"text":"B10 B11 C14 C18 S13","n":5,"mode":"bus","angle":0,"op":"MZK Jastrzębie + region"},"geometry":{"type":"Point","coordinates":[18.568876,49.98547]}},{"type":"Feature","properties":{"text":"C13","n":1,"mode":"bus","angle":-90,"op":"MZK Jastrzębie + region"},"geometry":{"type":"Point","coordinates":[18.573776,49.988617]}},{"type":"Feature","properties":{"text":"S11 S13","n":2,"mode":"bus","angle":-90,"op":"MZK Jastrzębie + region"},"geometry":{"type":"Point","coordinates":[18.571816,49.987358]}},{"type":"Feature","properties":{"text":"W09","n":1,"mode":"bus","angle":-90,"op":"MZK Jastrzębie + region"},"geometry":{"type":"Point","coordinates":[18.556135,49.988617]}},{"type":"Feature","properties":{"text":"52 53","n":2,"mode":"bus","angle":0,"op":"Wodzisław county"},"geometry":{"type":"Point","coordinates":[18.506151,50.014428]}},{"type":"Feature","properties":{"text":"S16","n":1,"mode":"bus","angle":90,"op":"MZK Jastrzębie + region"},"geometry":{"type":"Point","coordinates":[18.575737,49.986099]}},{"type":"Feature","properties":{"text":"38 50 51","n":3,"mode":"bus","angle":-90,"op":"Wodzisław county"},"geometry":{"type":"Point","coordinates":[18.532613,49.999949]}},{"type":"Feature","properties":{"text":"38 W09","n":2,"mode":"bus","angle":-90,"op":"mix"},"geometry":{"type":"Point","coordinates":[18.532613,50.003726]}},{"type":"Feature","properties":{"text":"W09","n":1,"mode":"bus","angle":0,"op":"MZK Jastrzębie + region"},"geometry":{"type":"Point","coordinates":[18.535554,50.001837]}},{"type":"Feature","properties":{"text":"38","n":1,"mode":"bus","angle":0,"op":"Wodzisław county"},"geometry":{"type":"Point","coordinates":[18.513992,50.013169]}},{"type":"Feature","properties":{"text":"33","n":1,"mode":"bus","angle":0,"op":"Wodzisław county"},"geometry":{"type":"Point","coordinates":[18.49439,50.003096]}},{"type":"Feature","properties":{"text":"52","n":1,"mode":"bus","angle":0,"op":"Wodzisław county"},"geometry":{"type":"Point","coordinates":[18.512032,50.027018]}},{"type":"Feature","properties":{"text":"59 W09","n":2,"mode":"bus","angle":90,"op":"mix"},"geometry":{"type":"Point","coordinates":[18.556135,49.992394]}},{"type":"Feature","properties":{"text":"202","n":1,"mode":"bus","angle":-90,"op":"MZK Jastrzębie + region"},"geometry":{"type":"Point","coordinates":[18.49145,50.036461]}},{"type":"Feature","properties":{"text":"207 W11","n":2,"mode":"bus","angle":0,"op":"MZK Jastrzębie + region"},"geometry":{"type":"Point","coordinates":[18.523793,50.014428]}},{"type":"Feature","properties":{"text":"300 301 304","n":3,"mode":"bus","angle":0,"op":"MZK Jastrzębie + region"},"geometry":{"type":"Point","coordinates":[18.62768,50.079898]}},{"type":"Feature","properties":{"text":"304","n":1,"mode":"bus","angle":0,"op":"MZK Jastrzębie + region"},"geometry":{"type":"Point","coordinates":[18.611999,50.073603]}},{"type":"Feature","properties":{"text":"306","n":1,"mode":"bus","angle":0,"op":"MZK Jastrzębie + region"},"geometry":{"type":"Point","coordinates":[18.61788,50.073603]}},{"type":"Feature","properties":{"text":"300 302 306","n":3,"mode":"bus","angle":0,"op":"MZK Jastrzębie + region"},"geometry":{"type":"Point","coordinates":[18.608079,50.073603]}},{"type":"Feature","properties":{"text":"300 301 302 306","n":4,"mode":"bus","angle":0,"op":"MZK Jastrzębie + region"},"geometry":{"type":"Point","coordinates":[18.602199,50.073603]}},{"type":"Feature","properties":{"text":"300 301 302 306","n":4,"mode":"bus","angle":0,"op":"MZK Jastrzębie + region"},"geometry":{"type":"Point","coordinates":[18.596318,50.073603]}},{"type":"Feature","properties":{"text":"305 306","n":2,"mode":"bus","angle":-90,"op":"MZK Jastrzębie + region"},"geometry":{"type":"Point","coordinates":[18.628661,50.067937]}},{"type":"Feature","properties":{"text":"305","n":1,"mode":"bus","angle":0,"op":"MZK Jastrzębie + region"},"geometry":{"type":"Point","coordinates":[18.633561,50.071085]}},{"type":"Feature","properties":{"text":"305","n":1,"mode":"bus","angle":0,"op":"MZK Jastrzębie + region"},"geometry":{"type":"Point","coordinates":[18.62768,50.071085]}},{"type":"Feature","properties":{"text":"307 B10 B12 L-1","n":4,"mode":"bus","angle":90,"op":"MZK Jastrzębie + region"},"geometry":{"type":"Point","coordinates":[18.62474,49.99869]}},{"type":"Feature","properties":{"text":"L-4","n":1,"mode":"bus","angle":0,"op":"MZK Jastrzębie + region"},"geometry":{"type":"Point","coordinates":[18.62768,50.000578]}},{"type":"Feature","properties":{"text":"L-4","n":1,"mode":"bus","angle":-90,"op":"MZK Jastrzębie + region"},"geometry":{"type":"Point","coordinates":[18.634541,50.010021]}},{"type":"Feature","properties":{"text":"308","n":1,"mode":"bus","angle":0,"op":"MZK Jastrzębie + region"},"geometry":{"type":"Point","coordinates":[18.655122,50.014428]}},{"type":"Feature","properties":{"text":"B10 B11 B13","n":3,"mode":"bus","angle":0,"op":"MZK Jastrzębie + region"},"geometry":{"type":"Point","coordinates":[18.604159,49.995542]}},{"type":"Feature","properties":{"text":"B10 B11 B13","n":3,"mode":"bus","angle":0,"op":"MZK Jastrzębie + region"},"geometry":{"type":"Point","coordinates":[18.600238,49.993024]}},{"type":"Feature","properties":{"text":"B10 B12 L-4","n":3,"mode":"bus","angle":-90,"op":"MZK Jastrzębie + region"},"geometry":{"type":"Point","coordinates":[18.62082,49.99869]}},{"type":"Feature","properties":{"text":"L-4","n":1,"mode":"bus","angle":-90,"op":"MZK Jastrzębie + region"},"geometry":{"type":"Point","coordinates":[18.62082,49.99869]}},{"type":"Feature","properties":{"text":"B12 C16 C17 C18 S16","n":5,"mode":"bus","angle":0,"op":"MZK Jastrzębie + region"},"geometry":{"type":"Point","coordinates":[18.584557,49.982952]}},{"type":"Feature","properties":{"text":"B12 C17 C18 S16","n":4,"mode":"bus","angle":-90,"op":"MZK Jastrzębie + region"},"geometry":{"type":"Point","coordinates":[18.581617,49.98484]}},{"type":"Feature","properties":{"text":"B12","n":1,"mode":"bus","angle":0,"op":"MZK Jastrzębie + region"},"geometry":{"type":"Point","coordinates":[18.600238,49.987988]}},{"type":"Feature","properties":{"text":"L-1","n":1,"mode":"bus","angle":0,"op":"MZK Jastrzębie + region"},"geometry":{"type":"Point","coordinates":[18.608079,49.979174]}},{"type":"Feature","properties":{"text":"B15","n":1,"mode":"bus","angle":0,"op":"MZK Jastrzębie + region"},"geometry":{"type":"Point","coordinates":[18.586517,49.981693]}},{"type":"Feature","properties":{"text":"C10 C13 C15 C17 S13","n":5,"mode":"bus","angle":0,"op":"MZK Jastrzębie + region"},"geometry":{"type":"Point","coordinates":[18.568876,49.991765]}},{"type":"Feature","properties":{"text":"L-6","n":1,"mode":"bus","angle":-90,"op":"MZK Jastrzębie + region"},"geometry":{"type":"Point","coordinates":[18.6169,49.98484]}},{"type":"Feature","properties":{"text":"L-1 L-2","n":2,"mode":"bus","angle":90,"op":"MZK Jastrzębie + region"},"geometry":{"type":"Point","coordinates":[18.6267,49.989876]}},{"type":"Feature","properties":{"text":"L-5","n":1,"mode":"bus","angle":90,"op":"MZK Jastrzębie + region"},"geometry":{"type":"Point","coordinates":[18.634541,49.993654]}},{"type":"Feature","properties":{"text":"L-7","n":1,"mode":"bus","angle":90,"op":"MZK Jastrzębie + region"},"geometry":{"type":"Point","coordinates":[18.650222,50.002467]}},{"type":"Feature","properties":{"text":"S10","n":1,"mode":"bus","angle":0,"op":"MZK Jastrzębie + region"},"geometry":{"type":"Point","coordinates":[18.598278,50.000578]}},{"type":"Feature","properties":{"text":"S11 S12 S14 S15 S16","n":5,"mode":"bus","angle":-90,"op":"MZK Jastrzębie + region"},"geometry":{"type":"Point","coordinates":[18.601218,50.002467]}},{"type":"Feature","properties":{"text":"S11 S12A S15","n":3,"mode":"bus","angle":0,"op":"MZK Jastrzębie + region"},"geometry":{"type":"Point","coordinates":[18.61984,50.016946]}},{"type":"Feature","properties":{"text":"06","n":1,"mode":"bus","angle":-90,"op":"MZK Jastrzębie + region"},"geometry":{"type":"Point","coordinates":[18.640421,50.026389]}},{"type":"Feature","properties":{"text":"03","n":1,"mode":"bus","angle":90,"op":"MZK Jastrzębie + region"},"geometry":{"type":"Point","coordinates":[18.634541,50.023871]}},{"type":"Feature","properties":{"text":"52 205 206","n":3,"mode":"bus","angle":-90,"op":"mix"},"geometry":{"type":"Point","coordinates":[18.509092,50.02513]}},{"type":"Feature","properties":{"text":"51 59","n":2,"mode":"bus","angle":90,"op":"Wodzisław county"},"geometry":{"type":"Point","coordinates":[18.507131,50.023871]}},{"type":"Feature","properties":{"text":"B11 B13 B14 C16","n":4,"mode":"bus","angle":-45,"op":"MZK Jastrzębie + region"},"geometry":{"type":"Point","coordinates":[18.573776,49.987988]}},{"type":"Feature","properties":{"text":"S11","n":1,"mode":"bus","angle":-45,"op":"MZK Jastrzębie + region"},"geometry":{"type":"Point","coordinates":[18.573776,49.986729]}},{"type":"Feature","properties":{"text":"C15 S13","n":2,"mode":"bus","angle":-45,"op":"MZK Jastrzębie + region"},"geometry":{"type":"Point","coordinates":[18.575737,49.991765]}},{"type":"Feature","properties":{"text":"S11","n":1,"mode":"bus","angle":-45,"op":"MZK Jastrzębie + region"},"geometry":{"type":"Point","coordinates":[18.573776,49.991765]}},{"type":"Feature","properties":{"text":"C12 C14","n":2,"mode":"bus","angle":-45,"op":"MZK Jastrzębie + region"},"geometry":{"type":"Point","coordinates":[18.575737,49.981693]}},{"type":"Feature","properties":{"text":"10 28 59 201 202","n":5,"mode":"bus","angle":-45,"op":"mix"},"geometry":{"type":"Point","coordinates":[18.503211,50.044645]}},{"type":"Feature","properties":{"text":"30","n":1,"mode":"bus","angle":45,"op":"KM Rybnik"},"geometry":{"type":"Point","coordinates":[18.567896,50.043386]}},{"type":"Feature","properties":{"text":"42","n":1,"mode":"bus","angle":-45,"op":"Wodzisław county"},"geometry":{"type":"Point","coordinates":[18.601218,50.05094]}},{"type":"Feature","properties":{"text":"15 42 N8","n":3,"mode":"bus","angle":45,"op":"mix"},"geometry":{"type":"Point","coordinates":[18.601218,50.047163]}},{"type":"Feature","properties":{"text":"42 46 46A 48 49","n":5,"mode":"bus","angle":45,"op":"mix"},"geometry":{"type":"Point","coordinates":[18.587497,50.048422]}},{"type":"Feature","properties":{"text":"15 45 48","n":3,"mode":"bus","angle":-45,"op":"KM Rybnik"},"geometry":{"type":"Point","coordinates":[18.595338,50.058494]}},{"type":"Feature","properties":{"text":"16 45 48 51 52","n":5,"mode":"bus","angle":45,"op":"mix"},"geometry":{"type":"Point","coordinates":[18.585537,50.063531]}},{"type":"Feature","properties":{"text":"1 27","n":2,"mode":"bus","angle":-45,"op":"KM Rybnik"},"geometry":{"type":"Point","coordinates":[18.536534,50.067308]}},{"type":"Feature","properties":{"text":"1 2 3 4 6 16 26 28 45 46 48 51","n":12,"mode":"bus","angle":45,"op":"mix"},"geometry":{"type":"Point","coordinates":[18.556135,50.067308]}},{"type":"Feature","properties":{"text":"27 29 33 36 43","n":5,"mode":"bus","angle":45,"op":"mix"},"geometry":{"type":"Point","coordinates":[18.556135,50.066049]}},{"type":"Feature","properties":{"text":"7 A","n":2,"mode":"bus","angle":-45,"op":"KM Rybnik"},"geometry":{"type":"Point","coordinates":[18.550255,50.067308]}},{"type":"Feature","properties":{"text":"46","n":1,"mode":"bus","angle":45,"op":"KM Rybnik"},"geometry":{"type":"Point","coordinates":[18.567896,50.068567]}},{"type":"Feature","properties":{"text":"6","n":1,"mode":"bus","angle":-45,"op":"KM Rybnik"},"geometry":{"type":"Point","coordinates":[18.548295,50.073603]}},{"type":"Feature","properties":{"text":"23","n":1,"mode":"bus","angle":45,"op":"KM Rybnik"},"geometry":{"type":"Point","coordinates":[18.560055,50.071085]}},{"type":"Feature","properties":{"text":"5 8 12 14 17 18 19 22 24 32 41 N8","n":12,"mode":"bus","angle":45,"op":"mix"},"geometry":{"type":"Point","coordinates":[18.556135,50.068567]}},{"type":"Feature","properties":{"text":"5 52","n":2,"mode":"bus","angle":-45,"op":"mix"},"geometry":{"type":"Point","coordinates":[18.554175,50.063531]}},{"type":"Feature","properties":{"text":"15","n":1,"mode":"bus","angle":45,"op":"KM Rybnik"},"geometry":{"type":"Point","coordinates":[18.599258,50.061013]}},{"type":"Feature","properties":{"text":"04 08 52","n":3,"mode":"bus","angle":45,"op":"mix"},"geometry":{"type":"Point","coordinates":[18.62278,50.05094]}},{"type":"Feature","properties":{"text":"26 34 48 49 N6","n":5,"mode":"bus","angle":-45,"op":"mix"},"geometry":{"type":"Point","coordinates":[18.548295,50.078639]}},{"type":"Feature","properties":{"text":"34","n":1,"mode":"bus","angle":-45,"op":"Wodzisław county"},"geometry":{"type":"Point","coordinates":[18.544374,50.074862]}},{"type":"Feature","properties":{"text":"30","n":1,"mode":"bus","angle":45,"op":"KM Rybnik"},"geometry":{"type":"Point","coordinates":[18.562016,50.072344]}},{"type":"Feature","properties":{"text":"14 32 41","n":3,"mode":"bus","angle":-45,"op":"mix"},"geometry":{"type":"Point","coordinates":[18.556135,50.071085]}},{"type":"Feature","properties":{"text":"45","n":1,"mode":"bus","angle":45,"op":"KM Rybnik"},"geometry":{"type":"Point","coordinates":[18.534573,50.076121]}},{"type":"Feature","properties":{"text":"4 9 A N8","n":4,"mode":"bus","angle":-45,"op":"KM Rybnik"},"geometry":{"type":"Point","coordinates":[18.544374,50.067308]}},{"type":"Feature","properties":{"text":"7 9 10","n":3,"mode":"bus","angle":-45,"op":"KM Rybnik"},"geometry":{"type":"Point","coordinates":[18.520852,50.057235]}},{"type":"Feature","properties":{"text":"4 7 10","n":3,"mode":"bus","angle":-45,"op":"KM Rybnik"},"geometry":{"type":"Point","coordinates":[18.522813,50.057235]}},{"type":"Feature","properties":{"text":"4 9 23 205","n":4,"mode":"bus","angle":45,"op":"mix"},"geometry":{"type":"Point","coordinates":[18.514972,50.054717]}},{"type":"Feature","properties":{"text":"4 9 10 204 205","n":5,"mode":"bus","angle":-45,"op":"mix"},"geometry":{"type":"Point","coordinates":[18.514972,50.055976]}},{"type":"Feature","properties":{"text":"1 4 9 23 N6","n":5,"mode":"bus","angle":-45,"op":"KM Rybnik"},"geometry":{"type":"Point","coordinates":[18.516932,50.048422]}},{"type":"Feature","properties":{"text":"1 N6","n":2,"mode":"bus","angle":-45,"op":"KM Rybnik"},"geometry":{"type":"Point","coordinates":[18.520852,50.053458]}},{"type":"Feature","properties":{"text":"9 24","n":2,"mode":"bus","angle":-45,"op":"KM Rybnik"},"geometry":{"type":"Point","coordinates":[18.516932,50.048422]}},{"type":"Feature","properties":{"text":"4 24","n":2,"mode":"bus","angle":-45,"op":"KM Rybnik"},"geometry":{"type":"Point","coordinates":[18.516932,50.048422]}},{"type":"Feature","properties":{"text":"2 3 4 9","n":4,"mode":"bus","angle":-45,"op":"KM Rybnik"},"geometry":{"type":"Point","coordinates":[18.526733,50.052199]}},{"type":"Feature","properties":{"text":"6 23 N6","n":3,"mode":"bus","angle":45,"op":"KM Rybnik"},"geometry":{"type":"Point","coordinates":[18.526733,50.049681]}},{"type":"Feature","properties":{"text":"2 3 4 6 8 9 N6 W10","n":8,"mode":"bus","angle":-45,"op":"mix"},"geometry":{"type":"Point","coordinates":[18.544374,50.062272]}},{"type":"Feature","properties":{"text":"1 2 3 6 N6","n":5,"mode":"bus","angle":-45,"op":"KM Rybnik"},"geometry":{"type":"Point","coordinates":[18.548295,50.066049]}},{"type":"Feature","properties":{"text":"4 8 A","n":3,"mode":"bus","angle":-45,"op":"KM Rybnik"},"geometry":{"type":"Point","coordinates":[18.550255,50.06479]}},{"type":"Feature","properties":{"text":"1 7 N6","n":3,"mode":"bus","angle":-45,"op":"KM Rybnik"},"geometry":{"type":"Point","coordinates":[18.542414,50.062272]}},{"type":"Feature","properties":{"text":"S12 S12A","n":2,"mode":"bus","angle":45,"op":"MZK Jastrzębie + region"},"geometry":{"type":"Point","coordinates":[18.558095,50.054717]}},{"type":"Feature","properties":{"text":"13 32 33 S12 S12A","n":5,"mode":"bus","angle":45,"op":"mix"},"geometry":{"type":"Point","coordinates":[18.558095,50.053458]}},{"type":"Feature","properties":{"text":"30","n":1,"mode":"bus","angle":-45,"op":"KM Rybnik"},"geometry":{"type":"Point","coordinates":[18.569856,50.047163]}},{"type":"Feature","properties":{"text":"8 59 201 202 203","n":5,"mode":"bus","angle":-45,"op":"mix"},"geometry":{"type":"Point","coordinates":[18.513012,50.040868]}},{"type":"Feature","properties":{"text":"24","n":1,"mode":"bus","angle":-45,"op":"KM Rybnik"},"geometry":{"type":"Point","coordinates":[18.528693,50.067308]}},{"type":"Feature","properties":{"text":"W10","n":1,"mode":"bus","angle":-45,"op":"MZK Jastrzębie + region"},"geometry":{"type":"Point","coordinates":[18.524773,50.039609]}},{"type":"Feature","properties":{"text":"8 201 202 205 206","n":5,"mode":"bus","angle":45,"op":"mix"},"geometry":{"type":"Point","coordinates":[18.507131,50.040868]}},{"type":"Feature","properties":{"text":"14","n":1,"mode":"bus","angle":-45,"op":"KM Rybnik"},"geometry":{"type":"Point","coordinates":[18.558095,50.082416]}},{"type":"Feature","properties":{"text":"16 51","n":2,"mode":"bus","angle":45,"op":"mix"},"geometry":{"type":"Point","coordinates":[18.569856,50.069826]}},{"type":"Feature","properties":{"text":"15 28","n":2,"mode":"bus","angle":45,"op":"KM Rybnik"},"geometry":{"type":"Point","coordinates":[18.569856,50.069826]}},{"type":"Feature","properties":{"text":"17 18 19","n":3,"mode":"bus","angle":-45,"op":"KM Rybnik"},"geometry":{"type":"Point","coordinates":[18.569856,50.072344]}},{"type":"Feature","properties":{"text":"1 7 N6","n":3,"mode":"bus","angle":-45,"op":"KM Rybnik"},"geometry":{"type":"Point","coordinates":[18.536534,50.059754]}},{"type":"Feature","properties":{"text":"27","n":1,"mode":"bus","angle":45,"op":"KM Rybnik"},"geometry":{"type":"Point","coordinates":[18.509092,50.066049]}},{"type":"Feature","properties":{"text":"29 205 206","n":3,"mode":"bus","angle":45,"op":"mix"},"geometry":{"type":"Point","coordinates":[18.497331,50.047163]}},{"type":"Feature","properties":{"text":"10 28","n":2,"mode":"bus","angle":45,"op":"KM Rybnik"},"geometry":{"type":"Point","coordinates":[18.503211,50.047163]}},{"type":"Feature","properties":{"text":"203","n":1,"mode":"bus","angle":45,"op":"MZK Jastrzębie + region"},"geometry":{"type":"Point","coordinates":[18.499291,50.049681]}},{"type":"Feature","properties":{"text":"204 205","n":2,"mode":"bus","angle":-45,"op":"MZK Jastrzębie + region"},"geometry":{"type":"Point","coordinates":[18.503211,50.05094]}},{"type":"Feature","properties":{"text":"204 205","n":2,"mode":"bus","angle":-45,"op":"MZK Jastrzębie + region"},"geometry":{"type":"Point","coordinates":[18.509092,50.054717]}},{"type":"Feature","properties":{"text":"17 301 304 309","n":4,"mode":"bus","angle":45,"op":"mix"},"geometry":{"type":"Point","coordinates":[18.599258,50.079898]}},{"type":"Feature","properties":{"text":"304 309","n":2,"mode":"bus","angle":45,"op":"MZK Jastrzębie + region"},"geometry":{"type":"Point","coordinates":[18.595338,50.079898]}},{"type":"Feature","properties":{"text":"51 203 204 210","n":4,"mode":"bus","angle":-45,"op":"mix"},"geometry":{"type":"Point","coordinates":[18.495371,50.034573]}},{"type":"Feature","properties":{"text":"203 W10","n":2,"mode":"bus","angle":-45,"op":"MZK Jastrzębie + region"},"geometry":{"type":"Point","coordinates":[18.520852,50.034573]}},{"type":"Feature","properties":{"text":"07","n":1,"mode":"bus","angle":-45,"op":"MZK Jastrzębie + region"},"geometry":{"type":"Point","coordinates":[18.640421,50.033314]}},{"type":"Feature","properties":{"text":"09","n":1,"mode":"bus","angle":-45,"op":"MZK Jastrzębie + region"},"geometry":{"type":"Point","coordinates":[18.640421,50.040868]}},{"type":"Feature","properties":{"text":"34","n":1,"mode":"bus","angle":45,"op":"Wodzisław county"},"geometry":{"type":"Point","coordinates":[18.48753,50.013169]}},{"type":"Feature","properties":{"text":"32 34 53","n":3,"mode":"bus","angle":-45,"op":"Wodzisław county"},"geometry":{"type":"Point","coordinates":[18.513012,50.013169]}},{"type":"Feature","properties":{"text":"201 202 204 207 210","n":5,"mode":"bus","angle":45,"op":"MZK Jastrzębie + region"},"geometry":{"type":"Point","coordinates":[18.513012,50.015687]}},{"type":"Feature","properties":{"text":"53","n":1,"mode":"bus","angle":45,"op":"Wodzisław county"},"geometry":{"type":"Point","coordinates":[18.509092,50.005614]}},{"type":"Feature","properties":{"text":"41 52","n":2,"mode":"bus","angle":45,"op":"Wodzisław county"},"geometry":{"type":"Point","coordinates":[18.514972,50.018205]}},{"type":"Feature","properties":{"text":"50 51 201 202 205 206 207 210","n":8,"mode":"bus","angle":45,"op":"mix"},"geometry":{"type":"Point","coordinates":[18.514972,50.018205]}},{"type":"Feature","properties":{"text":"207","n":1,"mode":"bus","angle":45,"op":"MZK Jastrzębie + region"},"geometry":{"type":"Point","coordinates":[18.518892,50.015687]}},{"type":"Feature","properties":{"text":"41 42 201 202 210","n":5,"mode":"bus","angle":45,"op":"mix"},"geometry":{"type":"Point","coordinates":[18.505171,50.019464]}},{"type":"Feature","properties":{"text":"201 202 204 210","n":4,"mode":"bus","angle":45,"op":"MZK Jastrzębie + region"},"geometry":{"type":"Point","coordinates":[18.505171,50.018205]}},{"type":"Feature","properties":{"text":"41 42 52","n":3,"mode":"bus","angle":45,"op":"Wodzisław county"},"geometry":{"type":"Point","coordinates":[18.48753,50.023241]}},{"type":"Feature","properties":{"text":"41 42","n":2,"mode":"bus","angle":45,"op":"Wodzisław county"},"geometry":{"type":"Point","coordinates":[18.479689,50.028277]}},{"type":"Feature","properties":{"text":"36 B10 B12 B13 B14 C10 C15 C19 M10 R10 R11 S10 S12 S12A S14 S15 W09 W10 W11","n":19,"mode":"bus","angle":-45,"op":"mix"},"geometry":{"type":"Point","coordinates":[18.583577,49.989247]}},{"type":"Feature","properties":{"text":"B12 B15 C14 C16 C17 C18 R10 R11 S10 S16","n":10,"mode":"bus","angle":-45,"op":"MZK Jastrzębie + region"},"geometry":{"type":"Point","coordinates":[18.591418,49.98547]}},{"type":"Feature","properties":{"text":"B11 C11 C16","n":3,"mode":"bus","angle":-45,"op":"MZK Jastrzębie + region"},"geometry":{"type":"Point","coordinates":[18.583577,49.990506]}},{"type":"Feature","properties":{"text":"B11 B13 B14 C10 C11 C19 R10 R11 W10","n":9,"mode":"bus","angle":45,"op":"MZK Jastrzębie + region"},"geometry":{"type":"Point","coordinates":[18.579657,49.989247]}},{"type":"Feature","properties":{"text":"36 M10 W09","n":3,"mode":"bus","angle":45,"op":"mix"},"geometry":{"type":"Point","coordinates":[18.558095,49.98547]}},{"type":"Feature","properties":{"text":"38","n":1,"mode":"bus","angle":45,"op":"Wodzisław county"},"geometry":{"type":"Point","coordinates":[18.540454,49.980433]}},{"type":"Feature","properties":{"text":"38","n":1,"mode":"bus","angle":45,"op":"Wodzisław county"},"geometry":{"type":"Point","coordinates":[18.542414,49.976656]}},{"type":"Feature","properties":{"text":"59","n":1,"mode":"bus","angle":45,"op":"Wodzisław county"},"geometry":{"type":"Point","coordinates":[18.509092,50.015687]}},{"type":"Feature","properties":{"text":"52","n":1,"mode":"bus","angle":45,"op":"Wodzisław county"},"geometry":{"type":"Point","coordinates":[18.516932,50.020723]}},{"type":"Feature","properties":{"text":"201","n":1,"mode":"bus","angle":-45,"op":"MZK Jastrzębie + region"},"geometry":{"type":"Point","coordinates":[18.49341,50.040868]}},{"type":"Feature","properties":{"text":"203","n":1,"mode":"bus","angle":45,"op":"MZK Jastrzębie + region"},"geometry":{"type":"Point","coordinates":[18.48557,50.042127]}},{"type":"Feature","properties":{"text":"301","n":1,"mode":"bus","angle":-45,"op":"MZK Jastrzębie + region"},"geometry":{"type":"Point","coordinates":[18.636501,50.081157]}},{"type":"Feature","properties":{"text":"300 301 304","n":3,"mode":"bus","angle":45,"op":"MZK Jastrzębie + region"},"geometry":{"type":"Point","coordinates":[18.62278,50.081157]}},{"type":"Feature","properties":{"text":"300","n":1,"mode":"bus","angle":-45,"op":"MZK Jastrzębie + region"},"geometry":{"type":"Point","coordinates":[18.6169,50.079898]}},{"type":"Feature","properties":{"text":"301","n":1,"mode":"bus","angle":-45,"op":"MZK Jastrzębie + region"},"geometry":{"type":"Point","coordinates":[18.609059,50.073603]}},{"type":"Feature","properties":{"text":"301 304","n":2,"mode":"bus","angle":45,"op":"MZK Jastrzębie + region"},"geometry":{"type":"Point","coordinates":[18.609059,50.076121]}},{"type":"Feature","properties":{"text":"301 302 304 305","n":4,"mode":"bus","angle":45,"op":"MZK Jastrzębie + region"},"geometry":{"type":"Point","coordinates":[18.609059,50.081157]}},{"type":"Feature","properties":{"text":"303","n":1,"mode":"bus","angle":45,"op":"MZK Jastrzębie + region"},"geometry":{"type":"Point","coordinates":[18.605139,50.083675]}},{"type":"Feature","properties":{"text":"301 304","n":2,"mode":"bus","angle":45,"op":"MZK Jastrzębie + region"},"geometry":{"type":"Point","coordinates":[18.609059,50.082416]}},{"type":"Feature","properties":{"text":"301 304","n":2,"mode":"bus","angle":45,"op":"MZK Jastrzębie + region"},"geometry":{"type":"Point","coordinates":[18.614939,50.084935]}},{"type":"Feature","properties":{"text":"303","n":1,"mode":"bus","angle":45,"op":"MZK Jastrzębie + region"},"geometry":{"type":"Point","coordinates":[18.601218,50.086194]}},{"type":"Feature","properties":{"text":"303","n":1,"mode":"bus","angle":-45,"op":"MZK Jastrzębie + region"},"geometry":{"type":"Point","coordinates":[18.591418,50.089971]}},{"type":"Feature","properties":{"text":"305 306","n":2,"mode":"bus","angle":-45,"op":"MZK Jastrzębie + region"},"geometry":{"type":"Point","coordinates":[18.6267,50.06479]}},{"type":"Feature","properties":{"text":"306","n":1,"mode":"bus","angle":45,"op":"MZK Jastrzębie + region"},"geometry":{"type":"Point","coordinates":[18.6267,50.071085]}},{"type":"Feature","properties":{"text":"305 306","n":2,"mode":"bus","angle":45,"op":"MZK Jastrzębie + region"},"geometry":{"type":"Point","coordinates":[18.62278,50.072344]}},{"type":"Feature","properties":{"text":"307 B10 B11 B12 L-6","n":5,"mode":"bus","angle":-45,"op":"MZK Jastrzębie + region"},"geometry":{"type":"Point","coordinates":[18.632581,50.000578]}},{"type":"Feature","properties":{"text":"L-3 L-4","n":2,"mode":"bus","angle":-45,"op":"MZK Jastrzębie + region"},"geometry":{"type":"Point","coordinates":[18.640421,50.003096]}},{"type":"Feature","properties":{"text":"308","n":1,"mode":"bus","angle":45,"op":"MZK Jastrzębie + region"},"geometry":{"type":"Point","coordinates":[18.660023,50.028277]}},{"type":"Feature","properties":{"text":"C14","n":1,"mode":"bus","angle":-45,"op":"MZK Jastrzębie + region"},"geometry":{"type":"Point","coordinates":[18.591418,49.989247]}},{"type":"Feature","properties":{"text":"B10 B11 B13 C15 S10 S11 S12 S12A S13 S14 S15 W11","n":12,"mode":"bus","angle":-45,"op":"MZK Jastrzębie + region"},"geometry":{"type":"Point","coordinates":[18.595338,49.990506]}},{"type":"Feature","properties":{"text":"C15","n":1,"mode":"bus","angle":45,"op":"MZK Jastrzębie + region"},"geometry":{"type":"Point","coordinates":[18.595338,49.993024]}},{"type":"Feature","properties":{"text":"B13","n":1,"mode":"bus","angle":45,"op":"MZK Jastrzębie + region"},"geometry":{"type":"Point","coordinates":[18.614939,49.995542]}},{"type":"Feature","properties":{"text":"B12","n":1,"mode":"bus","angle":-45,"op":"MZK Jastrzębie + region"},"geometry":{"type":"Point","coordinates":[18.61886,49.995542]}},{"type":"Feature","properties":{"text":"B11 C11 S11","n":3,"mode":"bus","angle":45,"op":"MZK Jastrzębie + region"},"geometry":{"type":"Point","coordinates":[18.591418,49.990506]}},{"type":"Feature","properties":{"text":"C12","n":1,"mode":"bus","angle":-45,"op":"MZK Jastrzębie + region"},"geometry":{"type":"Point","coordinates":[18.591418,49.987988]}},{"type":"Feature","properties":{"text":"C17","n":1,"mode":"bus","angle":45,"op":"MZK Jastrzębie + region"},"geometry":{"type":"Point","coordinates":[18.579657,49.987988]}},{"type":"Feature","properties":{"text":"B14","n":1,"mode":"bus","angle":-45,"op":"MZK Jastrzębie + region"},"geometry":{"type":"Point","coordinates":[18.601218,49.986729]}},{"type":"Feature","properties":{"text":"B12 B13 B14 B15","n":4,"mode":"bus","angle":-45,"op":"MZK Jastrzębie + region"},"geometry":{"type":"Point","coordinates":[18.609059,49.989247]}},{"type":"Feature","properties":{"text":"B12 B13 B14 B15","n":4,"mode":"bus","angle":-45,"op":"MZK Jastrzębie + region"},"geometry":{"type":"Point","coordinates":[18.612979,49.991765]}},{"type":"Feature","properties":{"text":"B13 B14 B15","n":3,"mode":"bus","angle":-45,"op":"MZK Jastrzębie + region"},"geometry":{"type":"Point","coordinates":[18.609059,49.987988]}},{"type":"Feature","properties":{"text":"B13","n":1,"mode":"bus","angle":-45,"op":"MZK Jastrzębie + region"},"geometry":{"type":"Point","coordinates":[18.597298,49.975397]}},{"type":"Feature","properties":{"text":"B13","n":1,"mode":"bus","angle":-45,"op":"MZK Jastrzębie + region"},"geometry":{"type":"Point","coordinates":[18.607099,49.980433]}},{"type":"Feature","properties":{"text":"S13","n":1,"mode":"bus","angle":45,"op":"MZK Jastrzębie + region"},"geometry":{"type":"Point","coordinates":[18.567896,49.990506]}},{"type":"Feature","properties":{"text":"L-1 L-2 L-6","n":3,"mode":"bus","angle":-45,"op":"MZK Jastrzębie + region"},"geometry":{"type":"Point","coordinates":[18.630621,49.993024]}},{"type":"Feature","properties":{"text":"L-1 L-6","n":2,"mode":"bus","angle":-45,"op":"MZK Jastrzębie + region"},"geometry":{"type":"Point","coordinates":[18.6267,49.990506]}},{"type":"Feature","properties":{"text":"L-1","n":1,"mode":"bus","angle":-45,"op":"MZK Jastrzębie + region"},"geometry":{"type":"Point","coordinates":[18.62474,49.990506]}},{"type":"Feature","properties":{"text":"L-1 L-2","n":2,"mode":"bus","angle":45,"op":"MZK Jastrzębie + region"},"geometry":{"type":"Point","coordinates":[18.61886,49.981693]}},{"type":"Feature","properties":{"text":"L-2","n":1,"mode":"bus","angle":-45,"op":"MZK Jastrzębie + region"},"geometry":{"type":"Point","coordinates":[18.62278,49.981693]}},{"type":"Feature","properties":{"text":"L-1 L-2","n":2,"mode":"bus","angle":-45,"op":"MZK Jastrzębie + region"},"geometry":{"type":"Point","coordinates":[18.62474,49.986729]}},{"type":"Feature","properties":{"text":"L-3 L-4","n":2,"mode":"bus","angle":-45,"op":"MZK Jastrzębie + region"},"geometry":{"type":"Point","coordinates":[18.644342,50.005614]}},{"type":"Feature","properties":{"text":"L-3","n":1,"mode":"bus","angle":-45,"op":"MZK Jastrzębie + region"},"geometry":{"type":"Point","coordinates":[18.644342,50.005614]}},{"type":"Feature","properties":{"text":"L-3 L-4","n":2,"mode":"bus","angle":-45,"op":"MZK Jastrzębie + region"},"geometry":{"type":"Point","coordinates":[18.646302,50.013169]}},{"type":"Feature","properties":{"text":"L-3","n":1,"mode":"bus","angle":-45,"op":"MZK Jastrzębie + region"},"geometry":{"type":"Point","coordinates":[18.646302,50.013169]}},{"type":"Feature","properties":{"text":"L-4","n":1,"mode":"bus","angle":45,"op":"MZK Jastrzębie + region"},"geometry":{"type":"Point","coordinates":[18.62474,50.006874]}},{"type":"Feature","properties":{"text":"M10","n":1,"mode":"bus","angle":45,"op":"MZK Jastrzębie + region"},"geometry":{"type":"Point","coordinates":[18.550255,49.98547]}},{"type":"Feature","properties":{"text":"S10 S13 W11","n":3,"mode":"bus","angle":45,"op":"MZK Jastrzębie + region"},"geometry":{"type":"Point","coordinates":[18.593378,49.99806]}},{"type":"Feature","properties":{"text":"S11 S12 S12A S14 S15 S16","n":6,"mode":"bus","angle":-45,"op":"MZK Jastrzębie + region"},"geometry":{"type":"Point","coordinates":[18.597298,49.99806]}},{"type":"Feature","properties":{"text":"S10 S13","n":2,"mode":"bus","angle":-45,"op":"MZK Jastrzębie + region"},"geometry":{"type":"Point","coordinates":[18.597298,50.001837]}},{"type":"Feature","properties":{"text":"S10 S12A","n":2,"mode":"bus","angle":-45,"op":"MZK Jastrzębie + region"},"geometry":{"type":"Point","coordinates":[18.612979,50.005614]}},{"type":"Feature","properties":{"text":"S15","n":1,"mode":"bus","angle":-45,"op":"MZK Jastrzębie + region"},"geometry":{"type":"Point","coordinates":[18.62278,50.010651]}},{"type":"Feature","properties":{"text":"S11","n":1,"mode":"bus","angle":-45,"op":"MZK Jastrzębie + region"},"geometry":{"type":"Point","coordinates":[18.62474,50.018205]}},{"type":"Feature","properties":{"text":"S11 S12 S13 S14 S15 S16","n":6,"mode":"bus","angle":45,"op":"MZK Jastrzębie + region"},"geometry":{"type":"Point","coordinates":[18.601218,50.006874]}},{"type":"Feature","properties":{"text":"52","n":1,"mode":"bus","angle":45,"op":"Wodzisław county"},"geometry":{"type":"Point","coordinates":[18.497331,50.0245]}},{"type":"Feature","properties":{"text":"C10 C17 W10","n":3,"mode":"bus","angle":0,"op":"MZK Jastrzębie + region"},"geometry":{"type":"Point","coordinates":[18.573776,49.989247]}},{"type":"Feature","properties":{"text":"R10 R11 S11","n":3,"mode":"bus","angle":0,"op":"MZK Jastrzębie + region"},"geometry":{"type":"Point","coordinates":[18.573776,49.982952]}},{"type":"Feature","properties":{"text":"1 2 3 6","n":4,"mode":"bus","angle":90,"op":"KM Rybnik"},"geometry":{"type":"Point","coordinates":[18.514972,50.043386]}},{"type":"Feature","properties":{"text":"29 201 202 203 205 206","n":6,"mode":"bus","angle":-90,"op":"mix"},"geometry":{"type":"Point","coordinates":[18.499291,50.044645]}},{"type":"Feature","properties":{"text":"09","n":1,"mode":"bus","angle":-90,"op":"MZK Jastrzębie + region"},"geometry":{"type":"Point","coordinates":[18.642382,50.044645]}},{"type":"Feature","properties":{"text":"16 42 45 46 48 51 52","n":7,"mode":"bus","angle":0,"op":"mix"},"geometry":{"type":"Point","coordinates":[18.577697,50.066049]}},{"type":"Feature","properties":{"text":"16 45 46 48 51 52","n":6,"mode":"bus","angle":0,"op":"mix"},"geometry":{"type":"Point","coordinates":[18.571816,50.067308]}},{"type":"Feature","properties":{"text":"30 42","n":2,"mode":"bus","angle":90,"op":"mix"},"geometry":{"type":"Point","coordinates":[18.567896,50.058494]}},{"type":"Feature","properties":{"text":"33 46 48","n":3,"mode":"bus","angle":-90,"op":"mix"},"geometry":{"type":"Point","coordinates":[18.546334,50.071085]}},{"type":"Feature","properties":{"text":"1 27 34 43 46 48 52 A N8","n":9,"mode":"bus","angle":0,"op":"mix"},"geometry":{"type":"Point","coordinates":[18.546334,50.069826]}},{"type":"Feature","properties":{"text":"16 27 45 51","n":4,"mode":"bus","angle":90,"op":"mix"},"geometry":{"type":"Point","coordinates":[18.548295,50.068567]}},{"type":"Feature","properties":{"text":"24 34 43 N8","n":4,"mode":"bus","angle":0,"op":"mix"},"geometry":{"type":"Point","coordinates":[18.550255,50.069826]}},{"type":"Feature","properties":{"text":"1 27 33 43 46 48 52 A N8","n":9,"mode":"bus","angle":0,"op":"mix"},"geometry":{"type":"Point","coordinates":[18.542414,50.069826]}},{"type":"Feature","properties":{"text":"4 9 16 26 27 28 29 36 45 46 51 A N8","n":13,"mode":"bus","angle":0,"op":"mix"},"geometry":{"type":"Point","coordinates":[18.550255,50.067308]}},{"type":"Feature","properties":{"text":"2 3 6 26 28 45 46 48","n":8,"mode":"bus","angle":90,"op":"KM Rybnik"},"geometry":{"type":"Point","coordinates":[18.554175,50.067308]}},{"type":"Feature","properties":{"text":"27 28 29 33 36 43 46A","n":7,"mode":"bus","angle":90,"op":"mix"},"geometry":{"type":"Point","coordinates":[18.554175,50.067308]}},{"type":"Feature","properties":{"text":"16 46A 51","n":3,"mode":"bus","angle":0,"op":"mix"},"geometry":{"type":"Point","coordinates":[18.556135,50.068567]}},{"type":"Feature","properties":{"text":"7 16 51","n":3,"mode":"bus","angle":0,"op":"mix"},"geometry":{"type":"Point","coordinates":[18.552215,50.068567]}},{"type":"Feature","properties":{"text":"1 3 4 5 6 8 9 12 13 14 15 22 24 26 30 41 46A 49 N6 N8","n":20,"mode":"bus","angle":-90,"op":"mix"},"geometry":{"type":"Point","coordinates":[18.558095,50.067308]}},{"type":"Feature","properties":{"text":"S12 S12A W10","n":3,"mode":"bus","angle":0,"op":"MZK Jastrzębie + region"},"geometry":{"type":"Point","coordinates":[18.560055,50.067308]}},{"type":"Feature","properties":{"text":"2 10 23","n":3,"mode":"bus","angle":-90,"op":"KM Rybnik"},"geometry":{"type":"Point","coordinates":[18.563976,50.069826]}},{"type":"Feature","properties":{"text":"300 302 306","n":3,"mode":"bus","angle":0,"op":"MZK Jastrzębie + region"},"geometry":{"type":"Point","coordinates":[18.560055,50.067308]}},{"type":"Feature","properties":{"text":"45 48","n":2,"mode":"bus","angle":-90,"op":"KM Rybnik"},"geometry":{"type":"Point","coordinates":[18.546334,50.073603]}},{"type":"Feature","properties":{"text":"46","n":1,"mode":"bus","angle":0,"op":"KM Rybnik"},"geometry":{"type":"Point","coordinates":[18.563976,50.069826]}},{"type":"Feature","properties":{"text":"17 18 19 46","n":4,"mode":"bus","angle":0,"op":"KM Rybnik"},"geometry":{"type":"Point","coordinates":[18.560055,50.069826]}},{"type":"Feature","properties":{"text":"17 18 19","n":3,"mode":"bus","angle":0,"op":"KM Rybnik"},"geometry":{"type":"Point","coordinates":[18.563976,50.069826]}},{"type":"Feature","properties":{"text":"15 26 46 49","n":4,"mode":"bus","angle":90,"op":"KM Rybnik"},"geometry":{"type":"Point","coordinates":[18.558095,50.068567]}},{"type":"Feature","properties":{"text":"--> 26 49","n":3,"mode":"bus","angle":-90,"op":"KM Rybnik"},"geometry":{"type":"Point","coordinates":[18.558095,50.071085]}},{"type":"Feature","properties":{"text":"307","n":1,"mode":"bus","angle":90,"op":"MZK Jastrzębie + region"},"geometry":{"type":"Point","coordinates":[18.636501,50.03835]}},{"type":"Feature","properties":{"text":"301","n":1,"mode":"bus","angle":-90,"op":"MZK Jastrzębie + region"},"geometry":{"type":"Point","coordinates":[18.558095,50.069826]}},{"type":"Feature","properties":{"text":"24","n":1,"mode":"bus","angle":0,"op":"KM Rybnik"},"geometry":{"type":"Point","coordinates":[18.558095,50.06479]}},{"type":"Feature","properties":{"text":"12 41 48 N6","n":4,"mode":"bus","angle":0,"op":"mix"},"geometry":{"type":"Point","coordinates":[18.548295,50.07738]}},{"type":"Feature","properties":{"text":"14 26 N6 PR","n":4,"mode":"bus","angle":90,"op":"KM Rybnik"},"geometry":{"type":"Point","coordinates":[18.560055,50.069826]}},{"type":"Feature","properties":{"text":"5 12 13 15 23 27 29 33 36 41 43 46A N8 S12 S12A","n":15,"mode":"bus","angle":90,"op":"mix"},"geometry":{"type":"Point","coordinates":[18.558095,50.063531]}},{"type":"Feature","properties":{"text":"24","n":1,"mode":"bus","angle":0,"op":"KM Rybnik"},"geometry":{"type":"Point","coordinates":[18.562016,50.063531]}},{"type":"Feature","properties":{"text":"41 43","n":2,"mode":"bus","angle":0,"op":"mix"},"geometry":{"type":"Point","coordinates":[18.554175,50.069826]}},{"type":"Feature","properties":{"text":"12 41 43 PR","n":4,"mode":"bus","angle":0,"op":"mix"},"geometry":{"type":"Point","coordinates":[18.548295,50.074862]}},{"type":"Feature","properties":{"text":"14","n":1,"mode":"bus","angle":90,"op":"KM Rybnik"},"geometry":{"type":"Point","coordinates":[18.546334,50.067308]}},{"type":"Feature","properties":{"text":"205","n":1,"mode":"bus","angle":90,"op":"MZK Jastrzębie + region"},"geometry":{"type":"Point","coordinates":[18.516932,50.052199]}},{"type":"Feature","properties":{"text":"24","n":1,"mode":"bus","angle":0,"op":"KM Rybnik"},"geometry":{"type":"Point","coordinates":[18.513012,50.047163]}},{"type":"Feature","properties":{"text":"4 9 24","n":3,"mode":"bus","angle":0,"op":"KM Rybnik"},"geometry":{"type":"Point","coordinates":[18.520852,50.049681]}},{"type":"Feature","properties":{"text":"33","n":1,"mode":"bus","angle":90,"op":"Wodzisław county"},"geometry":{"type":"Point","coordinates":[18.589458,50.028277]}},{"type":"Feature","properties":{"text":"6 7 12 41 43 A","n":6,"mode":"bus","angle":90,"op":"mix"},"geometry":{"type":"Point","coordinates":[18.552215,50.072344]}},{"type":"Feature","properties":{"text":"6 8 22 N6 W10","n":5,"mode":"bus","angle":90,"op":"mix"},"geometry":{"type":"Point","coordinates":[18.528693,50.049681]}},{"type":"Feature","properties":{"text":"5","n":1,"mode":"bus","angle":90,"op":"KM Rybnik"},"geometry":{"type":"Point","coordinates":[18.530653,50.05094]}},{"type":"Feature","properties":{"text":"1 2 3 6 201 202 207 209 210","n":9,"mode":"bus","angle":90,"op":"mix"},"geometry":{"type":"Point","coordinates":[18.516932,50.039609]}},{"type":"Feature","properties":{"text":"8 203","n":2,"mode":"bus","angle":0,"op":"mix"},"geometry":{"type":"Point","coordinates":[18.516932,50.042127]}},{"type":"Feature","properties":{"text":"27 28 29 36","n":4,"mode":"bus","angle":0,"op":"mix"},"geometry":{"type":"Point","coordinates":[18.522813,50.066049]}},{"type":"Feature","properties":{"text":"8","n":1,"mode":"bus","angle":0,"op":"KM Rybnik"},"geometry":{"type":"Point","coordinates":[18.524773,50.042127]}},{"type":"Feature","properties":{"text":"210","n":1,"mode":"bus","angle":-90,"op":"MZK Jastrzębie + region"},"geometry":{"type":"Point","coordinates":[18.509092,50.040868]}},{"type":"Feature","properties":{"text":"8 59 207","n":3,"mode":"bus","angle":0,"op":"mix"},"geometry":{"type":"Point","coordinates":[18.507131,50.042127]}},{"type":"Feature","properties":{"text":"8 59 201 202 204 205 206 207","n":8,"mode":"bus","angle":0,"op":"mix"},"geometry":{"type":"Point","coordinates":[18.501251,50.043386]}},{"type":"Feature","properties":{"text":"201","n":1,"mode":"bus","angle":0,"op":"MZK Jastrzębie + region"},"geometry":{"type":"Point","coordinates":[18.497331,50.043386]}},{"type":"Feature","properties":{"text":"202","n":1,"mode":"bus","angle":0,"op":"MZK Jastrzębie + region"},"geometry":{"type":"Point","coordinates":[18.497331,50.043386]}},{"type":"Feature","properties":{"text":"13 14 32","n":3,"mode":"bus","angle":-90,"op":"mix"},"geometry":{"type":"Point","coordinates":[18.562016,50.078639]}},{"type":"Feature","properties":{"text":"14","n":1,"mode":"bus","angle":-90,"op":"KM Rybnik"},"geometry":{"type":"Point","coordinates":[18.562016,50.081157]}},{"type":"Feature","properties":{"text":"13 14 32","n":3,"mode":"bus","angle":0,"op":"mix"},"geometry":{"type":"Point","coordinates":[18.558095,50.081157]}},{"type":"Feature","properties":{"text":"14 34","n":2,"mode":"bus","angle":-90,"op":"mix"},"geometry":{"type":"Point","coordinates":[18.560055,50.082416]}},{"type":"Feature","properties":{"text":"7","n":1,"mode":"bus","angle":0,"op":"KM Rybnik"},"geometry":{"type":"Point","coordinates":[18.530653,50.059754]}},{"type":"Feature","properties":{"text":"14","n":1,"mode":"bus","angle":-90,"op":"KM Rybnik"},"geometry":{"type":"Point","coordinates":[18.560055,50.086194]}},{"type":"Feature","properties":{"text":"14 34","n":2,"mode":"bus","angle":-90,"op":"mix"},"geometry":{"type":"Point","coordinates":[18.560055,50.086194]}},{"type":"Feature","properties":{"text":"10 23","n":2,"mode":"bus","angle":0,"op":"KM Rybnik"},"geometry":{"type":"Point","coordinates":[18.503211,50.052199]}},{"type":"Feature","properties":{"text":"23","n":1,"mode":"bus","angle":90,"op":"KM Rybnik"},"geometry":{"type":"Point","coordinates":[18.507131,50.055976]}},{"type":"Feature","properties":{"text":"205","n":1,"mode":"bus","angle":90,"op":"MZK Jastrzębie + region"},"geometry":{"type":"Point","coordinates":[18.505171,50.05094]}},{"type":"Feature","properties":{"text":"03 04 05 06 08 09 307 S10 S11 ZL","n":10,"mode":"bus","angle":-90,"op":"MZK Jastrzębie + region"},"geometry":{"type":"Point","coordinates":[18.634541,50.037091]}},{"type":"Feature","properties":{"text":"03 06 307","n":3,"mode":"bus","angle":90,"op":"MZK Jastrzębie + region"},"geometry":{"type":"Point","coordinates":[18.636501,50.033314]}},{"type":"Feature","properties":{"text":"08","n":1,"mode":"bus","angle":0,"op":"MZK Jastrzębie + region"},"geometry":{"type":"Point","coordinates":[18.632581,50.032054]}},{"type":"Feature","properties":{"text":"02 07","n":2,"mode":"bus","angle":90,"op":"MZK Jastrzębie + region"},"geometry":{"type":"Point","coordinates":[18.630621,50.034573]}},{"type":"Feature","properties":{"text":"07","n":1,"mode":"bus","angle":0,"op":"MZK Jastrzębie + region"},"geometry":{"type":"Point","coordinates":[18.634541,50.037091]}},{"type":"Feature","properties":{"text":"07","n":1,"mode":"bus","angle":0,"op":"MZK Jastrzębie + region"},"geometry":{"type":"Point","coordinates":[18.650222,50.034573]}},{"type":"Feature","properties":{"text":"01 02 08","n":3,"mode":"bus","angle":90,"op":"MZK Jastrzębie + region"},"geometry":{"type":"Point","coordinates":[18.636501,50.035832]}},{"type":"Feature","properties":{"text":"01 02","n":2,"mode":"bus","angle":-90,"op":"MZK Jastrzębie + region"},"geometry":{"type":"Point","coordinates":[18.630621,50.028277]}},{"type":"Feature","properties":{"text":"05","n":1,"mode":"bus","angle":0,"op":"MZK Jastrzębie + region"},"geometry":{"type":"Point","coordinates":[18.612979,50.032054]}},{"type":"Feature","properties":{"text":"01 02","n":2,"mode":"bus","angle":90,"op":"MZK Jastrzębie + region"},"geometry":{"type":"Point","coordinates":[18.634541,50.029536]}},{"type":"Feature","properties":{"text":"33 51","n":2,"mode":"bus","angle":-90,"op":"Wodzisław county"},"geometry":{"type":"Point","coordinates":[18.511052,50.01191]}},{"type":"Feature","properties":{"text":"50 59","n":2,"mode":"bus","angle":90,"op":"Wodzisław county"},"geometry":{"type":"Point","coordinates":[18.514972,50.013169]}},{"type":"Feature","properties":{"text":"201 202 203 W10","n":4,"mode":"bus","angle":-90,"op":"MZK Jastrzębie + region"},"geometry":{"type":"Point","coordinates":[18.514972,50.020723]}},{"type":"Feature","properties":{"text":"59","n":1,"mode":"bus","angle":-90,"op":"Wodzisław county"},"geometry":{"type":"Point","coordinates":[18.509092,50.019464]}},{"type":"Feature","properties":{"text":"41 50","n":2,"mode":"bus","angle":0,"op":"Wodzisław county"},"geometry":{"type":"Point","coordinates":[18.495371,50.023241]}},{"type":"Feature","properties":{"text":"B14 C10 C14 C16 C19 M10 S16","n":7,"mode":"bus","angle":0,"op":"MZK Jastrzębie + region"},"geometry":{"type":"Point","coordinates":[18.595338,49.986729]}},{"type":"Feature","properties":{"text":"C12 C13","n":2,"mode":"bus","angle":0,"op":"MZK Jastrzębie + region"},"geometry":{"type":"Point","coordinates":[18.591418,49.986729]}},{"type":"Feature","properties":{"text":"B11 B13 B14 C10 C16 C19 W10","n":7,"mode":"bus","angle":0,"op":"MZK Jastrzębie + region"},"geometry":{"type":"Point","coordinates":[18.577697,49.989247]}},{"type":"Feature","properties":{"text":"C18 S16","n":2,"mode":"bus","angle":0,"op":"MZK Jastrzębie + region"},"geometry":{"type":"Point","coordinates":[18.579657,49.986729]}},{"type":"Feature","properties":{"text":"B10 B11 C12 C18 S13","n":5,"mode":"bus","angle":0,"op":"MZK Jastrzębie + region"},"geometry":{"type":"Point","coordinates":[18.567896,49.986729]}},{"type":"Feature","properties":{"text":"B11 B14 R10 R11","n":4,"mode":"bus","angle":-90,"op":"MZK Jastrzębie + region"},"geometry":{"type":"Point","coordinates":[18.573776,49.987988]}},{"type":"Feature","properties":{"text":"B13 C11 C13","n":3,"mode":"bus","angle":-90,"op":"MZK Jastrzębie + region"},"geometry":{"type":"Point","coordinates":[18.571816,49.986729]}},{"type":"Feature","properties":{"text":"R10 R11","n":2,"mode":"bus","angle":90,"op":"MZK Jastrzębie + region"},"geometry":{"type":"Point","coordinates":[18.571816,49.984211]}},{"type":"Feature","properties":{"text":"S13","n":1,"mode":"bus","angle":-90,"op":"MZK Jastrzębie + region"},"geometry":{"type":"Point","coordinates":[18.569856,49.987988]}},{"type":"Feature","properties":{"text":"C12 C14","n":2,"mode":"bus","angle":0,"op":"MZK Jastrzębie + region"},"geometry":{"type":"Point","coordinates":[18.558095,49.986729]}},{"type":"Feature","properties":{"text":"38 59 W09 W10","n":4,"mode":"bus","angle":0,"op":"mix"},"geometry":{"type":"Point","coordinates":[18.520852,50.01191]}},{"type":"Feature","properties":{"text":"201 203","n":2,"mode":"bus","angle":-90,"op":"MZK Jastrzębie + region"},"geometry":{"type":"Point","coordinates":[18.49341,50.034573]}},{"type":"Feature","properties":{"text":"50 51 52 59 205 206","n":6,"mode":"bus","angle":-90,"op":"mix"},"geometry":{"type":"Point","coordinates":[18.509092,50.021982]}},{"type":"Feature","properties":{"text":"50 51 59","n":3,"mode":"bus","angle":0,"op":"Wodzisław county"},"geometry":{"type":"Point","coordinates":[18.507131,50.023241]}},{"type":"Feature","properties":{"text":"52 201 202 203 W10","n":5,"mode":"bus","angle":90,"op":"mix"},"geometry":{"type":"Point","coordinates":[18.514972,50.023241]}},{"type":"Feature","properties":{"text":"201 202","n":2,"mode":"bus","angle":0,"op":"MZK Jastrzębie + region"},"geometry":{"type":"Point","coordinates":[18.503211,50.047163]}},{"type":"Feature","properties":{"text":"201","n":1,"mode":"bus","angle":90,"op":"MZK Jastrzębie + region"},"geometry":{"type":"Point","coordinates":[18.49341,50.037091]}},{"type":"Feature","properties":{"text":"203","n":1,"mode":"bus","angle":90,"op":"MZK Jastrzębie + region"},"geometry":{"type":"Point","coordinates":[18.49145,50.03835]}},{"type":"Feature","properties":{"text":"300 301 304","n":3,"mode":"bus","angle":0,"op":"MZK Jastrzębie + region"},"geometry":{"type":"Point","coordinates":[18.632581,50.079898]}},{"type":"Feature","properties":{"text":"300 302 304 305","n":4,"mode":"bus","angle":90,"op":"MZK Jastrzębie + region"},"geometry":{"type":"Point","coordinates":[18.614939,50.07738]}},{"type":"Feature","properties":{"text":"309","n":1,"mode":"bus","angle":-90,"op":"MZK Jastrzębie + region"},"geometry":{"type":"Point","coordinates":[18.603179,50.078639]}},{"type":"Feature","properties":{"text":"301","n":1,"mode":"bus","angle":0,"op":"MZK Jastrzębie + region"},"geometry":{"type":"Point","coordinates":[18.611019,50.07738]}},{"type":"Feature","properties":{"text":"301 304 305 309","n":4,"mode":"bus","angle":-90,"op":"MZK Jastrzębie + region"},"geometry":{"type":"Point","coordinates":[18.607099,50.083675]}},{"type":"Feature","properties":{"text":"303","n":1,"mode":"bus","angle":0,"op":"MZK Jastrzębie + region"},"geometry":{"type":"Point","coordinates":[18.609059,50.082416]}},{"type":"Feature","properties":{"text":"301 303 304 305 309","n":5,"mode":"bus","angle":0,"op":"MZK Jastrzębie + region"},"geometry":{"type":"Point","coordinates":[18.609059,50.084935]}},{"type":"Feature","properties":{"text":"303 305 309","n":3,"mode":"bus","angle":90,"op":"MZK Jastrzębie + region"},"geometry":{"type":"Point","coordinates":[18.611019,50.083675]}},{"type":"Feature","properties":{"text":"309","n":1,"mode":"bus","angle":0,"op":"MZK Jastrzębie + region"},"geometry":{"type":"Point","coordinates":[18.607099,50.081157]}},{"type":"Feature","properties":{"text":"L-1 L-4","n":2,"mode":"bus","angle":0,"op":"MZK Jastrzębie + region"},"geometry":{"type":"Point","coordinates":[18.632581,49.999319]}},{"type":"Feature","properties":{"text":"L-5","n":1,"mode":"bus","angle":90,"op":"MZK Jastrzębie + region"},"geometry":{"type":"Point","coordinates":[18.636501,50.000578]}},{"type":"Feature","properties":{"text":"L-5 L-6","n":2,"mode":"bus","angle":0,"op":"MZK Jastrzębie + region"},"geometry":{"type":"Point","coordinates":[18.632581,50.000578]}},{"type":"Feature","properties":{"text":"308","n":1,"mode":"bus","angle":0,"op":"MZK Jastrzębie + region"},"geometry":{"type":"Point","coordinates":[18.660023,50.014428]}},{"type":"Feature","properties":{"text":"L-3 L-4","n":2,"mode":"bus","angle":0,"op":"MZK Jastrzębie + region"},"geometry":{"type":"Point","coordinates":[18.650222,50.014428]}},{"type":"Feature","properties":{"text":"S11","n":1,"mode":"bus","angle":0,"op":"MZK Jastrzębie + region"},"geometry":{"type":"Point","coordinates":[18.571816,49.984211]}},{"type":"Feature","properties":{"text":"B10 B11 C11 C14 C18 S13","n":6,"mode":"bus","angle":0,"op":"MZK Jastrzębie + region"},"geometry":{"type":"Point","coordinates":[18.563976,49.98547]}},{"type":"Feature","properties":{"text":"B12 C10 C14 C16 C19 M10","n":6,"mode":"bus","angle":0,"op":"MZK Jastrzębie + region"},"geometry":{"type":"Point","coordinates":[18.595338,49.990506]}},{"type":"Feature","properties":{"text":"S10 S11 S12 S12A S13 S14 S15 S16 W11","n":9,"mode":"bus","angle":-90,"op":"MZK Jastrzębie + region"},"geometry":{"type":"Point","coordinates":[18.597298,49.994283]}},{"type":"Feature","properties":{"text":"B11 C11 C16 S13","n":4,"mode":"bus","angle":0,"op":"MZK Jastrzębie + region"},"geometry":{"type":"Point","coordinates":[18.587497,49.991765]}},{"type":"Feature","properties":{"text":"C19 W10","n":2,"mode":"bus","angle":0,"op":"MZK Jastrzębie + region"},"geometry":{"type":"Point","coordinates":[18.571816,49.989247]}},{"type":"Feature","properties":{"text":"B15 C14 R10 R11 S10","n":5,"mode":"bus","angle":0,"op":"MZK Jastrzębie + region"},"geometry":{"type":"Point","coordinates":[18.587497,49.984211]}},{"type":"Feature","properties":{"text":"C15 S15","n":2,"mode":"bus","angle":90,"op":"MZK Jastrzębie + region"},"geometry":{"type":"Point","coordinates":[18.579657,49.984211]}},{"type":"Feature","properties":{"text":"B12","n":1,"mode":"bus","angle":0,"op":"MZK Jastrzębie + region"},"geometry":{"type":"Point","coordinates":[18.605139,49.987988]}},{"type":"Feature","properties":{"text":"B12","n":1,"mode":"bus","angle":0,"op":"MZK Jastrzębie + region"},"geometry":{"type":"Point","coordinates":[18.611019,49.989247]}},{"type":"Feature","properties":{"text":"B13 B14","n":2,"mode":"bus","angle":90,"op":"MZK Jastrzębie + region"},"geometry":{"type":"Point","coordinates":[18.607099,49.986729]}},{"type":"Feature","properties":{"text":"B14","n":1,"mode":"bus","angle":0,"op":"MZK Jastrzębie + region"},"geometry":{"type":"Point","coordinates":[18.614939,49.991765]}},{"type":"Feature","properties":{"text":"B12 B13","n":2,"mode":"bus","angle":90,"op":"MZK Jastrzębie + region"},"geometry":{"type":"Point","coordinates":[18.6169,49.993024]}},{"type":"Feature","properties":{"text":"B12 C11 C17 C18 S16","n":5,"mode":"bus","angle":0,"op":"MZK Jastrzębie + region"},"geometry":{"type":"Point","coordinates":[18.585537,49.986729]}},{"type":"Feature","properties":{"text":"B15 C12 R10 R11 S10","n":5,"mode":"bus","angle":0,"op":"MZK Jastrzębie + region"},"geometry":{"type":"Point","coordinates":[18.587497,49.98547]}},{"type":"Feature","properties":{"text":"B13","n":1,"mode":"bus","angle":90,"op":"MZK Jastrzębie + region"},"geometry":{"type":"Point","coordinates":[18.609059,49.982952]}},{"type":"Feature","properties":{"text":"B15 C12 C14 R10 R11","n":5,"mode":"bus","angle":-90,"op":"MZK Jastrzębie + region"},"geometry":{"type":"Point","coordinates":[18.585537,49.981693]}},{"type":"Feature","properties":{"text":"R10 R11","n":2,"mode":"bus","angle":90,"op":"MZK Jastrzębie + region"},"geometry":{"type":"Point","coordinates":[18.585537,49.979174]}},{"type":"Feature","properties":{"text":"C19","n":1,"mode":"bus","angle":90,"op":"MZK Jastrzębie + region"},"geometry":{"type":"Point","coordinates":[18.563976,49.989247]}},{"type":"Feature","properties":{"text":"L-1 L-2 L-5 L-6","n":4,"mode":"bus","angle":90,"op":"MZK Jastrzębie + region"},"geometry":{"type":"Point","coordinates":[18.634541,49.996801]}},{"type":"Feature","properties":{"text":"L-1 L-2 L-5","n":3,"mode":"bus","angle":90,"op":"MZK Jastrzębie + region"},"geometry":{"type":"Point","coordinates":[18.632581,49.995542]}},{"type":"Feature","properties":{"text":"L-6","n":1,"mode":"bus","angle":0,"op":"MZK Jastrzębie + region"},"geometry":{"type":"Point","coordinates":[18.630621,49.994283]}},{"type":"Feature","properties":{"text":"L-2","n":1,"mode":"bus","angle":90,"op":"MZK Jastrzębie + region"},"geometry":{"type":"Point","coordinates":[18.628661,49.990506]}},{"type":"Feature","properties":{"text":"L-1","n":1,"mode":"bus","angle":90,"op":"MZK Jastrzębie + region"},"geometry":{"type":"Point","coordinates":[18.62278,49.987988]}},{"type":"Feature","properties":{"text":"L-2 L-6","n":2,"mode":"bus","angle":90,"op":"MZK Jastrzębie + region"},"geometry":{"type":"Point","coordinates":[18.6169,49.981693]}},{"type":"Feature","properties":{"text":"L-2","n":1,"mode":"bus","angle":0,"op":"MZK Jastrzębie + region"},"geometry":{"type":"Point","coordinates":[18.61886,49.980433]}},{"type":"Feature","properties":{"text":"L-6","n":1,"mode":"bus","angle":90,"op":"MZK Jastrzębie + region"},"geometry":{"type":"Point","coordinates":[18.62474,49.981693]}},{"type":"Feature","properties":{"text":"L-3 L-4","n":2,"mode":"bus","angle":0,"op":"MZK Jastrzębie + region"},"geometry":{"type":"Point","coordinates":[18.642382,50.01191]}},{"type":"Feature","properties":{"text":"L-5","n":1,"mode":"bus","angle":90,"op":"MZK Jastrzębie + region"},"geometry":{"type":"Point","coordinates":[18.634541,49.990506]}},{"type":"Feature","properties":{"text":"S12A S15","n":2,"mode":"bus","angle":-90,"op":"MZK Jastrzębie + region"},"geometry":{"type":"Point","coordinates":[18.62278,50.015687]}},{"type":"Feature","properties":{"text":"S10","n":1,"mode":"bus","angle":0,"op":"MZK Jastrzębie + region"},"geometry":{"type":"Point","coordinates":[18.609059,50.003096]}},{"type":"Feature","properties":{"text":"S13","n":1,"mode":"bus","angle":-90,"op":"MZK Jastrzębie + region"},"geometry":{"type":"Point","coordinates":[18.603179,50.004355]}},{"type":"Feature","properties":{"text":"01 02 09 S10 S11","n":5,"mode":"bus","angle":90,"op":"MZK Jastrzębie + region"},"geometry":{"type":"Point","coordinates":[18.630621,50.025759]}},{"type":"Feature","properties":{"text":"01 02 09","n":3,"mode":"bus","angle":-90,"op":"MZK Jastrzębie + region"},"geometry":{"type":"Point","coordinates":[18.628661,50.0245]}},{"type":"Feature","properties":{"text":"36 B10 C13 C14 C18 M10 R10 R11 S12 S12A S14 W09 W11","n":13,"mode":"bus","angle":-45,"op":"mix"},"geometry":{"type":"Point","coordinates":[18.574756,49.986099]}},{"type":"Feature","properties":{"text":"C11 C16 S15","n":3,"mode":"bus","angle":45,"op":"MZK Jastrzębie + region"},"geometry":{"type":"Point","coordinates":[18.574756,49.98484]}},{"type":"Feature","properties":{"text":"C19","n":1,"mode":"bus","angle":-45,"op":"MZK Jastrzębie + region"},"geometry":{"type":"Point","coordinates":[18.574756,49.988617]}},{"type":"Feature","properties":{"text":"3 6 24 45","n":4,"mode":"bus","angle":45,"op":"KM Rybnik"},"geometry":{"type":"Point","coordinates":[18.547314,50.070455]}},{"type":"Feature","properties":{"text":"16 51","n":2,"mode":"bus","angle":45,"op":"mix"},"geometry":{"type":"Point","coordinates":[18.549275,50.069196]}},{"type":"Feature","properties":{"text":"A","n":1,"mode":"bus","angle":-45,"op":"KM Rybnik"},"geometry":{"type":"Point","coordinates":[18.549275,50.070455]}},{"type":"Feature","properties":{"text":"34","n":1,"mode":"bus","angle":45,"op":"Wodzisław county"},"geometry":{"type":"Point","coordinates":[18.543394,50.070455]}},{"type":"Feature","properties":{"text":"46","n":1,"mode":"bus","angle":45,"op":"KM Rybnik"},"geometry":{"type":"Point","coordinates":[18.539474,50.067937]}},{"type":"Feature","properties":{"text":"1 9 N6","n":3,"mode":"bus","angle":-45,"op":"KM Rybnik"},"geometry":{"type":"Point","coordinates":[18.555155,50.069196]}},{"type":"Feature","properties":{"text":"1 2 3 6 33 43 48 N6","n":8,"mode":"bus","angle":-45,"op":"mix"},"geometry":{"type":"Point","coordinates":[18.553195,50.067937]}},{"type":"Feature","properties":{"text":"-->","n":1,"mode":"bus","angle":-45,"op":"KM Rybnik"},"geometry":{"type":"Point","coordinates":[18.557115,50.069196]}},{"type":"Feature","properties":{"text":"A","n":1,"mode":"bus","angle":-45,"op":"KM Rybnik"},"geometry":{"type":"Point","coordinates":[18.553195,50.067937]}},{"type":"Feature","properties":{"text":"2 10 16 17 18 19 23 28 45 46 48 51 52 300 301 302 306 S12 S12A W10","n":20,"mode":"bus","angle":-45,"op":"mix"},"geometry":{"type":"Point","coordinates":[18.561035,50.066678]}},{"type":"Feature","properties":{"text":"2 10 16 17 18 19 23 28 45 46 48 51 52 300 301 302 306","n":17,"mode":"bus","angle":-45,"op":"mix"},"geometry":{"type":"Point","coordinates":[18.562996,50.067937]}},{"type":"Feature","properties":{"text":"16 17 18 19 28 51 300 301 302 306","n":10,"mode":"bus","angle":-45,"op":"mix"},"geometry":{"type":"Point","coordinates":[18.564956,50.069196]}},{"type":"Feature","properties":{"text":"3 24 33 46","n":4,"mode":"bus","angle":45,"op":"mix"},"geometry":{"type":"Point","coordinates":[18.543394,50.072974]}},{"type":"Feature","properties":{"text":"17 19","n":2,"mode":"bus","angle":-45,"op":"KM Rybnik"},"geometry":{"type":"Point","coordinates":[18.561035,50.069196]}},{"type":"Feature","properties":{"text":"2 3 4 5 6 8 10 12 14 15 22 23 24 26 28 30 32 41 45 46 48 49 52 N8 S12 S12A W10","n":27,"mode":"bus","angle":-45,"op":"mix"},"geometry":{"type":"Point","coordinates":[18.555155,50.066678]}},{"type":"Feature","properties":{"text":"3 4 6 30","n":4,"mode":"bus","angle":45,"op":"KM Rybnik"},"geometry":{"type":"Point","coordinates":[18.557115,50.067937]}},{"type":"Feature","properties":{"text":"5 12 15 22 23 24 30 32 41 49 52 N8 S12 S12A","n":14,"mode":"bus","angle":45,"op":"mix"},"geometry":{"type":"Point","coordinates":[18.555155,50.065419]}},{"type":"Feature","properties":{"text":"33 43 48 A N8","n":5,"mode":"bus","angle":-45,"op":"mix"},"geometry":{"type":"Point","coordinates":[18.539474,50.06416]}},{"type":"Feature","properties":{"text":"5 22 52","n":3,"mode":"bus","angle":-45,"op":"mix"},"geometry":{"type":"Point","coordinates":[18.549275,50.061642]}},{"type":"Feature","properties":{"text":"15 45 48 52","n":4,"mode":"bus","angle":45,"op":"mix"},"geometry":{"type":"Point","coordinates":[18.598278,50.060383]}},{"type":"Feature","properties":{"text":"04 52","n":2,"mode":"bus","angle":45,"op":"mix"},"geometry":{"type":"Point","coordinates":[18.62572,50.049052]}},{"type":"Feature","properties":{"text":"01 02 03 04 05 06 07 08 09 307 S10 S11 ZL","n":13,"mode":"bus","angle":-45,"op":"MZK Jastrzębie + region"},"geometry":{"type":"Point","coordinates":[18.635521,50.038979]}},{"type":"Feature","properties":{"text":"12 13 14 15 26 41 49","n":7,"mode":"bus","angle":45,"op":"mix"},"geometry":{"type":"Point","coordinates":[18.557115,50.069196]}},{"type":"Feature","properties":{"text":"12 15 22 23 27 29 32 33 36 41 43 46A N8 S12 S12A","n":15,"mode":"bus","angle":45,"op":"mix"},"geometry":{"type":"Point","coordinates":[18.557115,50.062901]}},{"type":"Feature","properties":{"text":"--> 26 49 N6","n":4,"mode":"bus","angle":45,"op":"KM Rybnik"},"geometry":{"type":"Point","coordinates":[18.559075,50.075492]}},{"type":"Feature","properties":{"text":"--> 12 13 14 26 32 41 49 N6","n":9,"mode":"bus","angle":-45,"op":"mix"},"geometry":{"type":"Point","coordinates":[18.559075,50.074233]}},{"type":"Feature","properties":{"text":"12 13 14 32 41","n":5,"mode":"bus","angle":-45,"op":"mix"},"geometry":{"type":"Point","coordinates":[18.561035,50.075492]}},{"type":"Feature","properties":{"text":"--> 12 13 14 26 49 N6 PR","n":8,"mode":"bus","angle":-45,"op":"KM Rybnik"},"geometry":{"type":"Point","coordinates":[18.557115,50.071715]}},{"type":"Feature","properties":{"text":"1 3 4 6 9 43","n":6,"mode":"bus","angle":-45,"op":"KM Rybnik"},"geometry":{"type":"Point","coordinates":[18.557115,50.070455]}},{"type":"Feature","properties":{"text":"5 17 18 19 22 43","n":6,"mode":"bus","angle":-45,"op":"KM Rybnik"},"geometry":{"type":"Point","coordinates":[18.555155,50.070455]}},{"type":"Feature","properties":{"text":"10 33 43 48","n":4,"mode":"bus","angle":-45,"op":"mix"},"geometry":{"type":"Point","coordinates":[18.545354,50.065419]}},{"type":"Feature","properties":{"text":"4 7 10","n":3,"mode":"bus","angle":45,"op":"KM Rybnik"},"geometry":{"type":"Point","coordinates":[18.517912,50.056606]}},{"type":"Feature","properties":{"text":"4 9 23","n":3,"mode":"bus","angle":45,"op":"KM Rybnik"},"geometry":{"type":"Point","coordinates":[18.517912,50.052829]}},{"type":"Feature","properties":{"text":"1 23 N6","n":3,"mode":"bus","angle":45,"op":"KM Rybnik"},"geometry":{"type":"Point","coordinates":[18.515952,50.046534]}},{"type":"Feature","properties":{"text":"1 N6","n":2,"mode":"bus","angle":45,"op":"KM Rybnik"},"geometry":{"type":"Point","coordinates":[18.527713,50.054088]}},{"type":"Feature","properties":{"text":"7 8 9 A N6","n":5,"mode":"bus","angle":-45,"op":"KM Rybnik"},"geometry":{"type":"Point","coordinates":[18.547314,50.065419]}},{"type":"Feature","properties":{"text":"33 43 48","n":3,"mode":"bus","angle":-45,"op":"mix"},"geometry":{"type":"Point","coordinates":[18.547314,50.066678]}},{"type":"Feature","properties":{"text":"12 41","n":2,"mode":"bus","angle":45,"op":"mix"},"geometry":{"type":"Point","coordinates":[18.561035,50.07801]}},{"type":"Feature","properties":{"text":"6 12 41 43 PR","n":5,"mode":"bus","angle":45,"op":"mix"},"geometry":{"type":"Point","coordinates":[18.551235,50.074233]}},{"type":"Feature","properties":{"text":"7","n":1,"mode":"bus","angle":-45,"op":"KM Rybnik"},"geometry":{"type":"Point","coordinates":[18.551235,50.070455]}},{"type":"Feature","properties":{"text":"23","n":1,"mode":"bus","angle":-45,"op":"KM Rybnik"},"geometry":{"type":"Point","coordinates":[18.529673,50.049052]}},{"type":"Feature","properties":{"text":"1 3 6","n":3,"mode":"bus","angle":45,"op":"KM Rybnik"},"geometry":{"type":"Point","coordinates":[18.517912,50.03772]}},{"type":"Feature","properties":{"text":"203","n":1,"mode":"bus","angle":-45,"op":"MZK Jastrzębie + region"},"geometry":{"type":"Point","coordinates":[18.510072,50.038979]}},{"type":"Feature","properties":{"text":"8 59 201 202 205 206 207","n":7,"mode":"bus","angle":45,"op":"mix"},"geometry":{"type":"Point","coordinates":[18.504191,50.042756]}},{"type":"Feature","properties":{"text":"13 14 32 34","n":4,"mode":"bus","angle":45,"op":"mix"},"geometry":{"type":"Point","coordinates":[18.561035,50.080528]}},{"type":"Feature","properties":{"text":"18 19 303","n":3,"mode":"bus","angle":45,"op":"mix"},"geometry":{"type":"Point","coordinates":[18.584557,50.083046]}},{"type":"Feature","properties":{"text":"205 206","n":2,"mode":"bus","angle":45,"op":"MZK Jastrzębie + region"},"geometry":{"type":"Point","coordinates":[18.496351,50.050311]}},{"type":"Feature","properties":{"text":"201 202 203 205","n":4,"mode":"bus","angle":-45,"op":"MZK Jastrzębie + region"},"geometry":{"type":"Point","coordinates":[18.500271,50.046534]}},{"type":"Feature","properties":{"text":"7","n":1,"mode":"bus","angle":45,"op":"KM Rybnik"},"geometry":{"type":"Point","coordinates":[18.510072,50.056606]}},{"type":"Feature","properties":{"text":"10 23 204 205","n":4,"mode":"bus","angle":-45,"op":"mix"},"geometry":{"type":"Point","coordinates":[18.506151,50.052829]}},{"type":"Feature","properties":{"text":"301 304 309","n":3,"mode":"bus","angle":45,"op":"MZK Jastrzębie + region"},"geometry":{"type":"Point","coordinates":[18.602199,50.07801]}},{"type":"Feature","properties":{"text":"2 207","n":2,"mode":"bus","angle":45,"op":"mix"},"geometry":{"type":"Point","coordinates":[18.527713,50.021353]}},{"type":"Feature","properties":{"text":"209","n":1,"mode":"bus","angle":-45,"op":"MZK Jastrzębie + region"},"geometry":{"type":"Point","coordinates":[18.523793,50.021353]}},{"type":"Feature","properties":{"text":"2","n":1,"mode":"bus","angle":45,"op":"KM Rybnik"},"geometry":{"type":"Point","coordinates":[18.529673,50.020094]}},{"type":"Feature","properties":{"text":"09 S10 S11","n":3,"mode":"bus","angle":-45,"op":"MZK Jastrzębie + region"},"geometry":{"type":"Point","coordinates":[18.631601,50.027648]}},{"type":"Feature","properties":{"text":"01 02 05 07 ZL","n":5,"mode":"bus","angle":-45,"op":"MZK Jastrzębie + region"},"geometry":{"type":"Point","coordinates":[18.633561,50.03772]}},{"type":"Feature","properties":{"text":"06","n":1,"mode":"bus","angle":45,"op":"MZK Jastrzębie + region"},"geometry":{"type":"Point","coordinates":[18.639441,50.031425]}},{"type":"Feature","properties":{"text":"01 02 08","n":3,"mode":"bus","angle":-45,"op":"MZK Jastrzębie + region"},"geometry":{"type":"Point","coordinates":[18.637481,50.032684]}},{"type":"Feature","properties":{"text":"307","n":1,"mode":"bus","angle":45,"op":"MZK Jastrzębie + region"},"geometry":{"type":"Point","coordinates":[18.637481,50.031425]}},{"type":"Feature","properties":{"text":"07","n":1,"mode":"bus","angle":45,"op":"MZK Jastrzębie + region"},"geometry":{"type":"Point","coordinates":[18.633561,50.032684]}},{"type":"Feature","properties":{"text":"01 07","n":2,"mode":"bus","angle":45,"op":"MZK Jastrzębie + region"},"geometry":{"type":"Point","coordinates":[18.631601,50.033943]}},{"type":"Feature","properties":{"text":"01","n":1,"mode":"bus","angle":-45,"op":"MZK Jastrzębie + region"},"geometry":{"type":"Point","coordinates":[18.631601,50.032684]}},{"type":"Feature","properties":{"text":"01 02 07","n":3,"mode":"bus","angle":-45,"op":"MZK Jastrzębie + region"},"geometry":{"type":"Point","coordinates":[18.631601,50.036461]}},{"type":"Feature","properties":{"text":"07 308","n":2,"mode":"bus","angle":45,"op":"MZK Jastrzębie + region"},"geometry":{"type":"Point","coordinates":[18.647282,50.035202]}},{"type":"Feature","properties":{"text":"06","n":1,"mode":"bus","angle":45,"op":"MZK Jastrzębie + region"},"geometry":{"type":"Point","coordinates":[18.643362,50.022612]}},{"type":"Feature","properties":{"text":"32 33 34 51 53","n":5,"mode":"bus","angle":45,"op":"Wodzisław county"},"geometry":{"type":"Point","coordinates":[18.512032,50.010021]}},{"type":"Feature","properties":{"text":"36 41 42 50 51 52 201 202 203 205 206 208 209 210 W10","n":15,"mode":"bus","angle":-45,"op":"mix"},"geometry":{"type":"Point","coordinates":[18.515952,50.015057]}},{"type":"Feature","properties":{"text":"33 38 51 59","n":4,"mode":"bus","angle":-45,"op":"Wodzisław county"},"geometry":{"type":"Point","coordinates":[18.512032,50.013798]}},{"type":"Feature","properties":{"text":"33 38 51","n":3,"mode":"bus","angle":-45,"op":"Wodzisław county"},"geometry":{"type":"Point","coordinates":[18.513992,50.013798]}},{"type":"Feature","properties":{"text":"50 59 W09 W10","n":4,"mode":"bus","angle":45,"op":"mix"},"geometry":{"type":"Point","coordinates":[18.515952,50.013798]}},{"type":"Feature","properties":{"text":"208 209","n":2,"mode":"bus","angle":-45,"op":"MZK Jastrzębie + region"},"geometry":{"type":"Point","coordinates":[18.517912,50.017575]}},{"type":"Feature","properties":{"text":"41 201 202 207 210","n":5,"mode":"bus","angle":-45,"op":"mix"},"geometry":{"type":"Point","coordinates":[18.510072,50.018834]}},{"type":"Feature","properties":{"text":"41 42 201 202 204 210","n":6,"mode":"bus","angle":45,"op":"mix"},"geometry":{"type":"Point","coordinates":[18.502231,50.021353]}},{"type":"Feature","properties":{"text":"41 42 50 52","n":4,"mode":"bus","angle":45,"op":"Wodzisław county"},"geometry":{"type":"Point","coordinates":[18.500271,50.022612]}},{"type":"Feature","properties":{"text":"S13","n":1,"mode":"bus","angle":45,"op":"MZK Jastrzębie + region"},"geometry":{"type":"Point","coordinates":[18.586517,49.991135]}},{"type":"Feature","properties":{"text":"B12 B15 C11 C12 C17 C18 R10 R11 S10 S16","n":10,"mode":"bus","angle":-45,"op":"MZK Jastrzębie + region"},"geometry":{"type":"Point","coordinates":[18.592398,49.986099]}},{"type":"Feature","properties":{"text":"B14 C10 C11 C12 C19 M10 S16","n":7,"mode":"bus","angle":45,"op":"MZK Jastrzębie + region"},"geometry":{"type":"Point","coordinates":[18.594358,49.986099]}},{"type":"Feature","properties":{"text":"C13 C14","n":2,"mode":"bus","angle":45,"op":"MZK Jastrzębie + region"},"geometry":{"type":"Point","coordinates":[18.592398,49.987358]}},{"type":"Feature","properties":{"text":"36 B10 C12 C13 M10 S12 S12A S14 W09 W11","n":10,"mode":"bus","angle":-45,"op":"mix"},"geometry":{"type":"Point","coordinates":[18.578677,49.987358]}},{"type":"Feature","properties":{"text":"36 B10 C12 C13 C18 M10 S12 S12A S14 W09 W11","n":11,"mode":"bus","angle":-45,"op":"mix"},"geometry":{"type":"Point","coordinates":[18.576717,49.986099]}},{"type":"Feature","properties":{"text":"C11 C16 M10 S11 W09","n":5,"mode":"bus","angle":-45,"op":"MZK Jastrzębie + region"},"geometry":{"type":"Point","coordinates":[18.570836,49.98484]}},{"type":"Feature","properties":{"text":"M10","n":1,"mode":"bus","angle":-45,"op":"MZK Jastrzębie + region"},"geometry":{"type":"Point","coordinates":[18.555155,49.986099]}},{"type":"Feature","properties":{"text":"59 201 202 204 207","n":5,"mode":"bus","angle":45,"op":"mix"},"geometry":{"type":"Point","coordinates":[18.508112,50.015057]}},{"type":"Feature","properties":{"text":"50 51 52 205 206","n":5,"mode":"bus","angle":45,"op":"mix"},"geometry":{"type":"Point","coordinates":[18.510072,50.020094]}},{"type":"Feature","properties":{"text":"202 203","n":2,"mode":"bus","angle":45,"op":"MZK Jastrzębie + region"},"geometry":{"type":"Point","coordinates":[18.49243,50.033943]}},{"type":"Feature","properties":{"text":"52 208 209","n":3,"mode":"bus","angle":-45,"op":"mix"},"geometry":{"type":"Point","coordinates":[18.519872,50.020094]}},{"type":"Feature","properties":{"text":"51 203 210","n":3,"mode":"bus","angle":45,"op":"mix"},"geometry":{"type":"Point","coordinates":[18.500271,50.035202]}},{"type":"Feature","properties":{"text":"301 304","n":2,"mode":"bus","angle":45,"op":"MZK Jastrzębie + region"},"geometry":{"type":"Point","coordinates":[18.61984,50.083046]}},{"type":"Feature","properties":{"text":"301 302 304 305","n":4,"mode":"bus","angle":45,"op":"MZK Jastrzębie + region"},"geometry":{"type":"Point","coordinates":[18.613959,50.079269]}},{"type":"Feature","properties":{"text":"300 302 304","n":3,"mode":"bus","angle":-45,"op":"MZK Jastrzębie + region"},"geometry":{"type":"Point","coordinates":[18.61592,50.074233]}},{"type":"Feature","properties":{"text":"305","n":1,"mode":"bus","angle":45,"op":"MZK Jastrzębie + region"},"geometry":{"type":"Point","coordinates":[18.61984,50.074233]}},{"type":"Feature","properties":{"text":"300 302 306","n":3,"mode":"bus","angle":-45,"op":"MZK Jastrzębie + region"},"geometry":{"type":"Point","coordinates":[18.613959,50.072974]}},{"type":"Feature","properties":{"text":"L-1 L-2 L-4 L-6","n":4,"mode":"bus","angle":-45,"op":"MZK Jastrzębie + region"},"geometry":{"type":"Point","coordinates":[18.635521,49.999949]}},{"type":"Feature","properties":{"text":"B10 B11 C12 C16 C18 S13","n":6,"mode":"bus","angle":-45,"op":"MZK Jastrzębie + region"},"geometry":{"type":"Point","coordinates":[18.564956,49.986099]}},{"type":"Feature","properties":{"text":"B11 C16 S11","n":3,"mode":"bus","angle":45,"op":"MZK Jastrzębie + region"},"geometry":{"type":"Point","coordinates":[18.592398,49.991135]}},{"type":"Feature","properties":{"text":"B10 B11 B13 S10 S11 S12 S12A S13 S14 S15 S16 W11","n":12,"mode":"bus","angle":-45,"op":"MZK Jastrzębie + region"},"geometry":{"type":"Point","coordinates":[18.598278,49.992394]}},{"type":"Feature","properties":{"text":"S16","n":1,"mode":"bus","angle":-45,"op":"MZK Jastrzębie + region"},"geometry":{"type":"Point","coordinates":[18.596318,49.991135]}},{"type":"Feature","properties":{"text":"S11 S13","n":2,"mode":"bus","angle":-45,"op":"MZK Jastrzębie + region"},"geometry":{"type":"Point","coordinates":[18.590438,49.993654]}},{"type":"Feature","properties":{"text":"B11 B13 B14 C10 C11 C17 C19 R10 R11 W10","n":10,"mode":"bus","angle":-45,"op":"MZK Jastrzębie + region"},"geometry":{"type":"Point","coordinates":[18.576717,49.989876]}},{"type":"Feature","properties":{"text":"B13 C11","n":2,"mode":"bus","angle":-45,"op":"MZK Jastrzębie + region"},"geometry":{"type":"Point","coordinates":[18.572796,49.988617]}},{"type":"Feature","properties":{"text":"S10","n":1,"mode":"bus","angle":45,"op":"MZK Jastrzębie + region"},"geometry":{"type":"Point","coordinates":[18.582597,49.986099]}},{"type":"Feature","properties":{"text":"B12 C10 C14 C16 C19 M10 S16","n":7,"mode":"bus","angle":45,"op":"MZK Jastrzębie + region"},"geometry":{"type":"Point","coordinates":[18.598278,49.989876]}},{"type":"Feature","properties":{"text":"C10 C14 C16 C19 M10 S16","n":6,"mode":"bus","angle":-45,"op":"MZK Jastrzębie + region"},"geometry":{"type":"Point","coordinates":[18.598278,49.987358]}},{"type":"Feature","properties":{"text":"B12 C10 C11 C12 C19 M10 S16","n":7,"mode":"bus","angle":45,"op":"MZK Jastrzębie + region"},"geometry":{"type":"Point","coordinates":[18.596318,49.988617]}},{"type":"Feature","properties":{"text":"C10 C11 C12 C19 M10 S16","n":6,"mode":"bus","angle":-45,"op":"MZK Jastrzębie + region"},"geometry":{"type":"Point","coordinates":[18.596318,49.987358]}},{"type":"Feature","properties":{"text":"C11","n":1,"mode":"bus","angle":-45,"op":"MZK Jastrzębie + region"},"geometry":{"type":"Point","coordinates":[18.582597,49.986099]}},{"type":"Feature","properties":{"text":"B13 L-1","n":2,"mode":"bus","angle":-45,"op":"MZK Jastrzębie + region"},"geometry":{"type":"Point","coordinates":[18.600238,49.977286]}},{"type":"Feature","properties":{"text":"B15 C12 C14","n":3,"mode":"bus","angle":45,"op":"MZK Jastrzębie + region"},"geometry":{"type":"Point","coordinates":[18.584557,49.981063]}},{"type":"Feature","properties":{"text":"B15 C12 R10 R11","n":4,"mode":"bus","angle":-45,"op":"MZK Jastrzębie + region"},"geometry":{"type":"Point","coordinates":[18.584557,49.98484]}},{"type":"Feature","properties":{"text":"C14","n":1,"mode":"bus","angle":-45,"op":"MZK Jastrzębie + region"},"geometry":{"type":"Point","coordinates":[18.580637,49.983581]}},{"type":"Feature","properties":{"text":"C11 C12 C15 S15","n":4,"mode":"bus","angle":-45,"op":"MZK Jastrzębie + region"},"geometry":{"type":"Point","coordinates":[18.578677,49.983581]}},{"type":"Feature","properties":{"text":"S15","n":1,"mode":"bus","angle":45,"op":"MZK Jastrzębie + region"},"geometry":{"type":"Point","coordinates":[18.576717,49.983581]}},{"type":"Feature","properties":{"text":"L-4","n":1,"mode":"bus","angle":45,"op":"MZK Jastrzębie + region"},"geometry":{"type":"Point","coordinates":[18.633561,49.999949]}},{"type":"Feature","properties":{"text":"L-1 L-2","n":2,"mode":"bus","angle":-45,"op":"MZK Jastrzębie + region"},"geometry":{"type":"Point","coordinates":[18.633561,49.994913]}},{"type":"Feature","properties":{"text":"L-1 L-6","n":2,"mode":"bus","angle":-45,"op":"MZK Jastrzębie + region"},"geometry":{"type":"Point","coordinates":[18.61984,49.983581]}},{"type":"Feature","properties":{"text":"L-6","n":1,"mode":"bus","angle":-45,"op":"MZK Jastrzębie + region"},"geometry":{"type":"Point","coordinates":[18.6218,49.98484]}},{"type":"Feature","properties":{"text":"L-1 L-2 L-6","n":3,"mode":"bus","angle":45,"op":"MZK Jastrzębie + region"},"geometry":{"type":"Point","coordinates":[18.62376,49.98484]}},{"type":"Feature","properties":{"text":"R11","n":1,"mode":"bus","angle":-45,"op":"MZK Jastrzębie + region"},"geometry":{"type":"Point","coordinates":[18.584557,49.973509]}},{"type":"Feature","properties":{"text":"S10 S13","n":2,"mode":"bus","angle":-45,"op":"MZK Jastrzębie + region"},"geometry":{"type":"Point","coordinates":[18.592398,49.999949]}},{"type":"Feature","properties":{"text":"S11 S12 S14 S15 S16","n":5,"mode":"bus","angle":45,"op":"MZK Jastrzębie + region"},"geometry":{"type":"Point","coordinates":[18.606119,50.003726]}},{"type":"Feature","properties":{"text":"S11 S12A","n":2,"mode":"bus","angle":45,"op":"MZK Jastrzębie + region"},"geometry":{"type":"Point","coordinates":[18.610039,50.016316]}},{"type":"Feature","properties":{"text":"42","n":1,"mode":"bus","angle":45,"op":"Wodzisław county"},"geometry":{"type":"Point","coordinates":[18.48655,50.02513]}},{"type":"Feature","properties":{"text":"15 42 46 46A 48 N8","n":6,"mode":"bus","angle":-90,"op":"mix"},"geometry":{"type":"Point","coordinates":[18.593378,50.056606]}},{"type":"Feature","properties":{"text":"5 12 13 15 22 23 27 29 32 33 36 41 43 N8 S12 S12A","n":16,"mode":"bus","angle":-90,"op":"mix"},"geometry":{"type":"Point","coordinates":[18.558095,50.061642]}},{"type":"Feature","properties":{"text":"1 27 34 43 46 48 52 A","n":8,"mode":"bus","angle":0,"op":"mix"},"geometry":{"type":"Point","coordinates":[18.547314,50.069826]}},{"type":"Feature","properties":{"text":"1 27 33 34 43 46 48 52 A","n":9,"mode":"bus","angle":0,"op":"mix"},"geometry":{"type":"Point","coordinates":[18.545354,50.069826]}},{"type":"Feature","properties":{"text":"5 12 13 15 23 24 30 41 46A 49 N8 S12 S12A","n":13,"mode":"bus","angle":90,"op":"mix"},"geometry":{"type":"Point","coordinates":[18.558095,50.065419]}},{"type":"Feature","properties":{"text":"17 18 19 300 301 302 306","n":7,"mode":"bus","angle":-90,"op":"mix"},"geometry":{"type":"Point","coordinates":[18.558095,50.066678]}},{"type":"Feature","properties":{"text":"3 6 24 33 45 46 48","n":7,"mode":"bus","angle":90,"op":"mix"},"geometry":{"type":"Point","coordinates":[18.546334,50.071715]}},{"type":"Feature","properties":{"text":"1 3 4 5 6 8 9 22 24 30","n":10,"mode":"bus","angle":90,"op":"KM Rybnik"},"geometry":{"type":"Point","coordinates":[18.558095,50.069196]}},{"type":"Feature","properties":{"text":"1 3 4 5 6 9 17 18 19 22","n":10,"mode":"bus","angle":-90,"op":"KM Rybnik"},"geometry":{"type":"Point","coordinates":[18.558095,50.070455]}},{"type":"Feature","properties":{"text":"2 10 23 28 45 48 52","n":7,"mode":"bus","angle":-90,"op":"mix"},"geometry":{"type":"Point","coordinates":[18.558095,50.067937]}},{"type":"Feature","properties":{"text":"4 8 10 14","n":4,"mode":"bus","angle":0,"op":"KM Rybnik"},"geometry":{"type":"Point","coordinates":[18.553195,50.066049]}},{"type":"Feature","properties":{"text":"15 16","n":2,"mode":"bus","angle":-90,"op":"KM Rybnik"},"geometry":{"type":"Point","coordinates":[18.597298,50.061642]}},{"type":"Feature","properties":{"text":"06 07 09 308","n":4,"mode":"bus","angle":0,"op":"MZK Jastrzębie + region"},"geometry":{"type":"Point","coordinates":[18.637481,50.039609]}},{"type":"Feature","properties":{"text":"15 30 49 N6 N8","n":5,"mode":"bus","angle":0,"op":"KM Rybnik"},"geometry":{"type":"Point","coordinates":[18.559075,50.068567]}},{"type":"Feature","properties":{"text":"12 26 34 41 48 49 N6","n":7,"mode":"bus","angle":90,"op":"mix"},"geometry":{"type":"Point","coordinates":[18.546334,50.076751]}},{"type":"Feature","properties":{"text":"12 41 48","n":3,"mode":"bus","angle":90,"op":"mix"},"geometry":{"type":"Point","coordinates":[18.546334,50.075492]}},{"type":"Feature","properties":{"text":"--> 12 13 14 23 26 32 41 49 N6 PR","n":11,"mode":"bus","angle":90,"op":"mix"},"geometry":{"type":"Point","coordinates":[18.558095,50.072974]}},{"type":"Feature","properties":{"text":"7","n":1,"mode":"bus","angle":0,"op":"KM Rybnik"},"geometry":{"type":"Point","coordinates":[18.523793,50.058494]}},{"type":"Feature","properties":{"text":"4 9 10","n":3,"mode":"bus","angle":90,"op":"KM Rybnik"},"geometry":{"type":"Point","coordinates":[18.513012,50.055347]}},{"type":"Feature","properties":{"text":"7 10 204 205","n":4,"mode":"bus","angle":0,"op":"mix"},"geometry":{"type":"Point","coordinates":[18.512032,50.055976]}},{"type":"Feature","properties":{"text":"12 41","n":2,"mode":"bus","angle":90,"op":"mix"},"geometry":{"type":"Point","coordinates":[18.552215,50.070455]}},{"type":"Feature","properties":{"text":"1 26 27 28 29 36","n":6,"mode":"bus","angle":0,"op":"mix"},"geometry":{"type":"Point","coordinates":[18.533593,50.066049]}},{"type":"Feature","properties":{"text":"12 24 34 43 N8","n":5,"mode":"bus","angle":0,"op":"mix"},"geometry":{"type":"Point","coordinates":[18.553195,50.069826]}},{"type":"Feature","properties":{"text":"8 201 202","n":3,"mode":"bus","angle":0,"op":"mix"},"geometry":{"type":"Point","coordinates":[18.510072,50.039609]}},{"type":"Feature","properties":{"text":"28 300 301 302 306","n":5,"mode":"bus","angle":0,"op":"mix"},"geometry":{"type":"Point","coordinates":[18.568876,50.071085]}},{"type":"Feature","properties":{"text":"203 205","n":2,"mode":"bus","angle":90,"op":"MZK Jastrzębie + region"},"geometry":{"type":"Point","coordinates":[18.501251,50.047793]}},{"type":"Feature","properties":{"text":"59 201 202","n":3,"mode":"bus","angle":-90,"op":"mix"},"geometry":{"type":"Point","coordinates":[18.505171,50.046534]}},{"type":"Feature","properties":{"text":"10 23","n":2,"mode":"bus","angle":90,"op":"KM Rybnik"},"geometry":{"type":"Point","coordinates":[18.507131,50.054088]}},{"type":"Feature","properties":{"text":"10","n":1,"mode":"bus","angle":0,"op":"KM Rybnik"},"geometry":{"type":"Point","coordinates":[18.496351,50.035832]}},{"type":"Feature","properties":{"text":"51","n":1,"mode":"bus","angle":0,"op":"Wodzisław county"},"geometry":{"type":"Point","coordinates":[18.498311,50.035832]}},{"type":"Feature","properties":{"text":"01 02 06 07","n":4,"mode":"bus","angle":0,"op":"MZK Jastrzębie + region"},"geometry":{"type":"Point","coordinates":[18.637481,50.032054]}},{"type":"Feature","properties":{"text":"07 08","n":2,"mode":"bus","angle":0,"op":"MZK Jastrzębie + region"},"geometry":{"type":"Point","coordinates":[18.635521,50.032054]}},{"type":"Feature","properties":{"text":"06 09","n":2,"mode":"bus","angle":-90,"op":"MZK Jastrzębie + region"},"geometry":{"type":"Point","coordinates":[18.638461,50.040238]}},{"type":"Feature","properties":{"text":"02","n":1,"mode":"bus","angle":90,"op":"MZK Jastrzębie + region"},"geometry":{"type":"Point","coordinates":[18.630621,50.032684]}},{"type":"Feature","properties":{"text":"41 42 59 201 202 207 210","n":7,"mode":"bus","angle":0,"op":"mix"},"geometry":{"type":"Point","coordinates":[18.508112,50.018205]}},{"type":"Feature","properties":{"text":"59 201 202 207","n":4,"mode":"bus","angle":90,"op":"mix"},"geometry":{"type":"Point","coordinates":[18.507131,50.017575]}},{"type":"Feature","properties":{"text":"B12 C15 S10 S15","n":4,"mode":"bus","angle":90,"op":"MZK Jastrzębie + region"},"geometry":{"type":"Point","coordinates":[18.581617,49.987358]}},{"type":"Feature","properties":{"text":"36 B10 C12 C13 C14 C18 M10 R10 R11 S12 S12A S14 S15 W09 W11","n":15,"mode":"bus","angle":0,"op":"mix"},"geometry":{"type":"Point","coordinates":[18.572796,49.98547]}},{"type":"Feature","properties":{"text":"B10 B11 C11 C16 C18 S13","n":6,"mode":"bus","angle":-90,"op":"MZK Jastrzębie + region"},"geometry":{"type":"Point","coordinates":[18.562016,49.98484]}},{"type":"Feature","properties":{"text":"205","n":1,"mode":"bus","angle":0,"op":"MZK Jastrzębie + region"},"geometry":{"type":"Point","coordinates":[18.512032,50.049681]}},{"type":"Feature","properties":{"text":"302 305","n":2,"mode":"bus","angle":-90,"op":"MZK Jastrzębie + region"},"geometry":{"type":"Point","coordinates":[18.611019,50.081787]}},{"type":"Feature","properties":{"text":"L-4 L-6","n":2,"mode":"bus","angle":-90,"op":"MZK Jastrzębie + region"},"geometry":{"type":"Point","coordinates":[18.630621,49.999949]}},{"type":"Feature","properties":{"text":"B12 C10 C11 C12 C19 M10","n":6,"mode":"bus","angle":0,"op":"MZK Jastrzębie + region"},"geometry":{"type":"Point","coordinates":[18.594358,49.989247]}},{"type":"Feature","properties":{"text":"C10 C17","n":2,"mode":"bus","angle":-90,"op":"MZK Jastrzębie + region"},"geometry":{"type":"Point","coordinates":[18.573776,49.989876]}},{"type":"Feature","properties":{"text":"C16","n":1,"mode":"bus","angle":0,"op":"MZK Jastrzębie + region"},"geometry":{"type":"Point","coordinates":[18.580637,49.982952]}},{"type":"Feature","properties":{"text":"C13 C19","n":2,"mode":"bus","angle":-90,"op":"MZK Jastrzębie + region"},"geometry":{"type":"Point","coordinates":[18.571816,49.988617]}},{"type":"Feature","properties":{"text":"B15 C14 R10 R11","n":4,"mode":"bus","angle":-90,"op":"MZK Jastrzębie + region"},"geometry":{"type":"Point","coordinates":[18.583577,49.98484]}},{"type":"Feature","properties":{"text":"C12","n":1,"mode":"bus","angle":0,"op":"MZK Jastrzębie + region"},"geometry":{"type":"Point","coordinates":[18.582597,49.984211]}},{"type":"Feature","properties":{"text":"C10 C13 C17","n":3,"mode":"bus","angle":90,"op":"MZK Jastrzębie + region"},"geometry":{"type":"Point","coordinates":[18.571816,49.991135]}},{"type":"Feature","properties":{"text":"C10 C13 C17 S11","n":4,"mode":"bus","angle":90,"op":"MZK Jastrzębie + region"},"geometry":{"type":"Point","coordinates":[18.571816,49.989876]}},{"type":"Feature","properties":{"text":"C19 S13 W10","n":3,"mode":"bus","angle":0,"op":"MZK Jastrzębie + region"},"geometry":{"type":"Point","coordinates":[18.570836,49.989247]}},{"type":"Feature","properties":{"text":"C11 C15 C16","n":3,"mode":"bus","angle":0,"op":"MZK Jastrzębie + region"},"geometry":{"type":"Point","coordinates":[18.576717,49.982952]}},{"type":"Feature","properties":{"text":"C11 C16 S16","n":3,"mode":"bus","angle":-90,"op":"MZK Jastrzębie + region"},"geometry":{"type":"Point","coordinates":[18.575737,49.983581]}},{"type":"Feature","properties":{"text":"C14 C15 C16 S15","n":4,"mode":"bus","angle":0,"op":"MZK Jastrzębie + region"},"geometry":{"type":"Point","coordinates":[18.578677,49.982952]}},{"type":"Feature","properties":{"text":"L-1 L-2 L-6","n":3,"mode":"bus","angle":90,"op":"MZK Jastrzębie + region"},"geometry":{"type":"Point","coordinates":[18.634541,49.99869]}},{"type":"Feature","properties":{"text":"L-1 L-2","n":2,"mode":"bus","angle":-90,"op":"MZK Jastrzębie + region"},"geometry":{"type":"Point","coordinates":[18.62474,49.983581]}},{"type":"Feature","properties":{"text":"L-2 L-6","n":2,"mode":"bus","angle":-90,"op":"MZK Jastrzębie + region"},"geometry":{"type":"Point","coordinates":[18.62474,49.983581]}}]}