{"type":"FeatureCollection","features":[{"type":"Feature","properties":{"id":"s0","name":"Rybnik Maroko Nowiny Rondo Mazamet","bus":1,"tram":0,"n":9,"imp":0.179,"node":1,"deg":3,"term":0,"major":1},"geometry":{"type":"Point","coordinates":[18.5352,50.086926]}},{"type":"Feature","properties":{"id":"s1","name":"Rybnik Maroko Nowiny Budowlanych","bus":1,"tram":0,"n":10,"imp":0.227,"node":1,"deg":5,"term":0,"major":1},"geometry":{"type":"Point","coordinates":[18.532456,50.085163]}},{"type":"Feature","properties":{"id":"s2","name":"Rybnik Maroko Nowiny Chabrowa","bus":1,"tram":0,"n":6,"imp":0.136,"node":1,"deg":3,"term":0,"major":0},"geometry":{"type":"Point","coordinates":[18.529712,50.07635]}},{"type":"Feature","properties":{"id":"s3","name":"Rybnik Maroko Nowiny Dąbrówki","bus":1,"tram":0,"n":5,"imp":0.122,"node":1,"deg":3,"term":0,"major":0},"geometry":{"type":"Point","coordinates":[18.532456,50.079875]}},{"type":"Feature","properties":{"id":"s4","name":"Rybnik Maroko Nowiny Zebrzydowicka","bus":1,"tram":0,"n":13,"imp":0.27,"node":1,"deg":5,"term":0,"major":1},"geometry":{"type":"Point","coordinates":[18.540689,50.081638]}},{"type":"Feature","properties":{"id":"s5","name":"Rybnik Śródmieście Sąd","bus":1,"tram":0,"n":23,"imp":0.675,"node":1,"deg":13,"term":1,"major":1},"geometry":{"type":"Point","coordinates":[18.546177,50.081638]}},{"type":"Feature","properties":{"id":"s6","name":"Rybnik Śródmieście Dworzec Kolejowy","bus":1,"tram":0,"n":40,"imp":0.81,"node":1,"deg":8,"term":1,"major":1},"geometry":{"type":"Point","coordinates":[18.548921,50.079875]}},{"type":"Feature","properties":{"id":"s7","name":"Rybnik Śródmieście Politechnika","bus":1,"tram":0,"n":20,"imp":0.335,"node":1,"deg":3,"term":0,"major":1},"geometry":{"type":"Point","coordinates":[18.557154,50.079875]}},{"type":"Feature","properties":{"id":"s8","name":"Rybnik Śródmieście Bazylika","bus":1,"tram":0,"n":17,"imp":0.36,"node":1,"deg":7,"term":0,"major":1},"geometry":{"type":"Point","coordinates":[18.559898,50.081638]}},{"type":"Feature","properties":{"id":"s9","name":"Rybnik Ligota Ligocka Kuźnia Wiadukt","bus":1,"tram":0,"n":6,"imp":0.136,"node":1,"deg":3,"term":0,"major":0},"geometry":{"type":"Point","coordinates":[18.570875,50.081638]}},{"type":"Feature","properties":{"id":"s10","name":"Rybnik Ligota Ligocka Kuźnia Żorska","bus":1,"tram":0,"n":6,"imp":0.119,"node":0,"deg":2,"term":0,"major":0},"geometry":{"type":"Point","coordinates":[18.574021,50.08138]}},{"type":"Feature","properties":{"id":"s11","name":"Rybnik Ligota Ligocka Kuźnia Kaplica","bus":1,"tram":0,"n":7,"imp":0.172,"node":1,"deg":3,"term":1,"major":1},"geometry":{"type":"Point","coordinates":[18.576363,50.079875]}},{"type":"Feature","properties":{"id":"s12","name":"Rybnik Ligota Ligocka Kuźnia R Boguszowicki","bus":1,"tram":0,"n":7,"imp":0.15,"node":1,"deg":3,"term":0,"major":1},"geometry":{"type":"Point","coordinates":[18.58734,50.079875]}},{"type":"Feature","properties":{"id":"s13","name":"Rybnik Ligota Ligocka Kuźnia Boguszowicka","bus":1,"tram":0,"n":2,"imp":0.062,"node":0,"deg":2,"term":0,"major":0},"geometry":{"type":"Point","coordinates":[18.589327,50.075074]}},{"type":"Feature","properties":{"id":"s14","name":"Rybnik Boguszowice Stare Raszowiec","bus":1,"tram":0,"n":2,"imp":0.062,"node":0,"deg":2,"term":0,"major":0},"geometry":{"type":"Point","coordinates":[18.595194,50.071305]}},{"type":"Feature","properties":{"id":"s15","name":"Rybnik Boguszowice Stare Strażacka","bus":1,"tram":0,"n":7,"imp":0.201,"node":1,"deg":6,"term":0,"major":1},"geometry":{"type":"Point","coordinates":[18.601061,50.067537]}},{"type":"Feature","properties":{"id":"s16","name":"Rybnik Boguszowice Stare Szkoła","bus":1,"tram":0,"n":6,"imp":0.136,"node":1,"deg":3,"term":0,"major":0},"geometry":{"type":"Point","coordinates":[18.601061,50.064011]}},{"type":"Feature","properties":{"id":"s17","name":"Rybnik Boguszowice Stare Małachowskiego","bus":1,"tram":0,"n":1,"imp":0.048,"node":0,"deg":2,"term":0,"major":0},"geometry":{"type":"Point","coordinates":[18.595975,50.060744]}},{"type":"Feature","properties":{"id":"s18","name":"Boguszowice Osiedle Kopalnia","bus":1,"tram":0,"n":8,"imp":0.186,"node":1,"deg":3,"term":1,"major":1},"geometry":{"type":"Point","coordinates":[18.598317,50.053435]}},{"type":"Feature","properties":{"id":"s19","name":"Boguszowice Osiedle Patriotów","bus":1,"tram":0,"n":8,"imp":0.148,"node":0,"deg":2,"term":0,"major":0},"geometry":{"type":"Point","coordinates":[18.606785,50.04991]}},{"type":"Feature","properties":{"id":"s20","name":"Rybnik Boguszowice Osiedle Pętla","bus":1,"tram":0,"n":10,"imp":0.384,"node":1,"deg":3,"term":1,"major":1},"geometry":{"type":"Point","coordinates":[18.617526,50.04991]}},{"type":"Feature","properties":{"id":"s21","name":"Rybnik Śródmieście Chrobrego","bus":1,"tram":0,"n":30,"imp":0.583,"node":1,"deg":8,"term":1,"major":1},"geometry":{"type":"Point","coordinates":[18.551666,50.081638]}},{"type":"Feature","properties":{"id":"s22","name":"Rybnik Maroko Nowiny Szkoła","bus":1,"tram":0,"n":9,"imp":0.213,"node":1,"deg":5,"term":0,"major":1},"geometry":{"type":"Point","coordinates":[18.529712,50.083401]}},{"type":"Feature","properties":{"id":"s23","name":"Rybnik Smolna Krzyżowa","bus":1,"tram":0,"n":1,"imp":0.048,"node":0,"deg":2,"term":0,"major":0},"geometry":{"type":"Point","coordinates":[18.532456,50.074587]}},{"type":"Feature","properties":{"id":"s24","name":"Rybnik Ligota Ligocka Kuźnia Jaśminowa","bus":1,"tram":0,"n":5,"imp":0.122,"node":1,"deg":3,"term":0,"major":0},"geometry":{"type":"Point","coordinates":[18.595573,50.07635]}},{"type":"Feature","properties":{"id":"s25","name":"Rybnik Gotartowice Ziołowa","bus":1,"tram":0,"n":5,"imp":0.122,"node":1,"deg":3,"term":0,"major":0},"geometry":{"type":"Point","coordinates":[18.60655,50.072825]}},{"type":"Feature","properties":{"id":"s26","name":"Rybnik Gotartowice Lotnisko","bus":1,"tram":0,"n":1,"imp":0.048,"node":0,"deg":2,"term":0,"major":0},"geometry":{"type":"Point","coordinates":[18.625994,50.069148]}},{"type":"Feature","properties":{"id":"s27","name":"Żory Rybnicka Wiśniowa","bus":1,"tram":0,"n":3,"imp":0.111,"node":1,"deg":4,"term":0,"major":0},"geometry":{"type":"Point","coordinates":[18.63948,50.060486]}},{"type":"Feature","properties":{"id":"s28","name":"Żory Rybnicka Pałki","bus":1,"tram":0,"n":3,"imp":0.145,"node":1,"deg":6,"term":0,"major":0},"geometry":{"type":"Point","coordinates":[18.647713,50.053435]}},{"type":"Feature","properties":{"id":"s29","name":"Żory Rybnicka Strefa","bus":1,"tram":0,"n":3,"imp":0.077,"node":0,"deg":2,"term":0,"major":0},"geometry":{"type":"Point","coordinates":[18.651143,50.051232]}},{"type":"Feature","properties":{"id":"s30","name":"Żory Rybnicka Cmentarz","bus":1,"tram":0,"n":3,"imp":0.077,"node":0,"deg":2,"term":0,"major":0},"geometry":{"type":"Point","coordinates":[18.654573,50.049029]}},{"type":"Feature","properties":{"id":"s31","name":"Żory Rybnicka Kłapczyka","bus":1,"tram":0,"n":3,"imp":0.077,"node":0,"deg":2,"term":0,"major":0},"geometry":{"type":"Point","coordinates":[18.658003,50.046825]}},{"type":"Feature","properties":{"id":"s32","name":"Żory Centrum Przesiadkowe","bus":1,"tram":0,"n":17,"imp":0.641,"node":1,"deg":6,"term":1,"major":1},"geometry":{"type":"Point","coordinates":[18.661434,50.044622]}},{"type":"Feature","properties":{"id":"s33","name":"Rybnik Śródmieście 3 Maja","bus":1,"tram":0,"n":34,"imp":0.721,"node":1,"deg":9,"term":1,"major":1},"geometry":{"type":"Point","coordinates":[18.548921,50.081638]}},{"type":"Feature","properties":{"id":"s34","name":"Rybnik Śródmieście Urszulanki","bus":1,"tram":0,"n":27,"imp":0.468,"node":1,"deg":5,"term":0,"major":1},"geometry":{"type":"Point","coordinates":[18.546177,50.079875]}},{"type":"Feature","properties":{"id":"s35","name":"Rybnik Śródmieście Policja","bus":1,"tram":0,"n":21,"imp":0.443,"node":1,"deg":6,"term":1,"major":1},"geometry":{"type":"Point","coordinates":[18.548921,50.078113]}},{"type":"Feature","properties":{"id":"s36","name":"Rybnik Smolna Kotucza","bus":1,"tram":0,"n":5,"imp":0.139,"node":1,"deg":4,"term":0,"major":0},"geometry":{"type":"Point","coordinates":[18.537945,50.079875]}},{"type":"Feature","properties":{"id":"s37","name":"Rybnik Gotartowice Straż","bus":1,"tram":0,"n":3,"imp":0.077,"node":0,"deg":2,"term":0,"major":0},"geometry":{"type":"Point","coordinates":[18.607621,50.071062]}},{"type":"Feature","properties":{"id":"s38","name":"Rybnik Smolna Reymonta","bus":1,"tram":0,"n":5,"imp":0.156,"node":1,"deg":5,"term":0,"major":1},"geometry":{"type":"Point","coordinates":[18.537945,50.078113]}},{"type":"Feature","properties":{"id":"s39","name":"Rybnik Maroko Nowiny Raciborska","bus":1,"tram":0,"n":8,"imp":0.182,"node":1,"deg":4,"term":0,"major":1},"geometry":{"type":"Point","coordinates":[18.532456,50.078113]}},{"type":"Feature","properties":{"id":"s40","name":"Rybnik Północ Rondo Gliwickie","bus":1,"tram":0,"n":15,"imp":0.366,"node":1,"deg":9,"term":0,"major":1},"geometry":{"type":"Point","coordinates":[18.551666,50.086926]}},{"type":"Feature","properties":{"id":"s41","name":"Rybnik Smolna Franciszkanie","bus":1,"tram":0,"n":8,"imp":0.165,"node":1,"deg":3,"term":0,"major":1},"geometry":{"type":"Point","coordinates":[18.540689,50.079875]}},{"type":"Feature","properties":{"id":"s42","name":"Rybnik Smolna Osiedle","bus":1,"tram":0,"n":11,"imp":0.309,"node":1,"deg":9,"term":0,"major":1},"geometry":{"type":"Point","coordinates":[18.5352,50.074587]}},{"type":"Feature","properties":{"id":"s43","name":"Rybnik Zamysłów Plebiscytowa","bus":1,"tram":0,"n":3,"imp":0.077,"node":0,"deg":2,"term":0,"major":0},"geometry":{"type":"Point","coordinates":[18.529144,50.074587]}},{"type":"Feature","properties":{"id":"s44","name":"Rybnik Zamysłów Niedobczycka","bus":1,"tram":0,"n":3,"imp":0.094,"node":1,"deg":3,"term":0,"major":0},"geometry":{"type":"Point","coordinates":[18.524223,50.072825]}},{"type":"Feature","properties":{"id":"s45","name":"Rybnik Zamysłów Wrzosy","bus":1,"tram":0,"n":3,"imp":0.094,"node":1,"deg":3,"term":0,"major":0},"geometry":{"type":"Point","coordinates":[18.518735,50.069299]}},{"type":"Feature","properties":{"id":"s46","name":"Rybnik Niedobczyce Niedobczycka","bus":1,"tram":0,"n":2,"imp":0.062,"node":0,"deg":2,"term":0,"major":0},"geometry":{"type":"Point","coordinates":[18.514619,50.066655]}},{"type":"Feature","properties":{"id":"s47","name":"Rybnik Niedobczyce Szkoła","bus":1,"tram":0,"n":6,"imp":0.153,"node":1,"deg":4,"term":0,"major":1},"geometry":{"type":"Point","coordinates":[18.510502,50.064011]}},{"type":"Feature","properties":{"id":"s48","name":"Rybnik Niedobczyce Wołodyjowskiego","bus":1,"tram":0,"n":3,"imp":0.111,"node":1,"deg":4,"term":0,"major":0},"geometry":{"type":"Point","coordinates":[18.505014,50.065774]}},{"type":"Feature","properties":{"id":"s49","name":"Rybnik Niedobczyce Cegielnia","bus":1,"tram":0,"n":2,"imp":0.062,"node":0,"deg":2,"term":0,"major":0},"geometry":{"type":"Point","coordinates":[18.500819,50.064842]}},{"type":"Feature","properties":{"id":"s50","name":"Rybnik Niewiadom Racławicka","bus":1,"tram":0,"n":2,"imp":0.062,"node":0,"deg":2,"term":0,"major":0},"geometry":{"type":"Point","coordinates":[18.497428,50.062664]}},{"type":"Feature","properties":{"id":"s51","name":"Rybnik Niewiadom Dworzec Kol.","bus":1,"tram":0,"n":5,"imp":0.122,"node":1,"deg":3,"term":0,"major":0},"geometry":{"type":"Point","coordinates":[18.494037,50.060486]}},{"type":"Feature","properties":{"id":"s52","name":"Radlin Korfantego Centrum","bus":1,"tram":0,"n":12,"imp":0.277,"node":1,"deg":5,"term":1,"major":1},"geometry":{"type":"Point","coordinates":[18.491293,50.044622]}},{"type":"Feature","properties":{"id":"s53","name":"Radlin Korfantego KWK Marcel","bus":1,"tram":0,"n":9,"imp":0.217,"node":1,"deg":4,"term":1,"major":1},"geometry":{"type":"Point","coordinates":[18.494037,50.041097]}},{"type":"Feature","properties":{"id":"s54","name":"Rybnik Niewiadom Kopalnia Ignacy","bus":1,"tram":0,"n":2,"imp":0.062,"node":0,"deg":2,"term":0,"major":0},"geometry":{"type":"Point","coordinates":[18.494037,50.055198]}},{"type":"Feature","properties":{"id":"s55","name":"Rybnik Śródmieście Piasta","bus":1,"tram":0,"n":7,"imp":0.218,"node":1,"deg":7,"term":0,"major":1},"geometry":{"type":"Point","coordinates":[18.55441,50.086926]}},{"type":"Feature","properties":{"id":"s56","name":"Rybnik Meksyk Park","bus":1,"tram":0,"n":17,"imp":0.309,"node":1,"deg":4,"term":0,"major":1},"geometry":{"type":"Point","coordinates":[18.551666,50.07635]}},{"type":"Feature","properties":{"id":"s57","name":"Rybnik Chwałowice Kopalnia","bus":1,"tram":0,"n":17,"imp":0.33,"node":1,"deg":4,"term":1,"major":1},"geometry":{"type":"Point","coordinates":[18.551666,50.072825]}},{"type":"Feature","properties":{"id":"s58","name":"Rybnik Chwałowice Osiedle","bus":1,"tram":0,"n":12,"imp":0.221,"node":1,"deg":3,"term":0,"major":1},"geometry":{"type":"Point","coordinates":[18.548921,50.065774]}},{"type":"Feature","properties":{"id":"s59","name":"Rybnik Chwałowice Pętla","bus":1,"tram":0,"n":12,"imp":0.353,"node":1,"deg":2,"term":1,"major":1},"geometry":{"type":"Point","coordinates":[18.548921,50.064011]}},{"type":"Feature","properties":{"id":"s60","name":"Rybnik Meksyk Kamyczek","bus":1,"tram":0,"n":18,"imp":0.34,"node":1,"deg":5,"term":0,"major":1},"geometry":{"type":"Point","coordinates":[18.551666,50.078113]}},{"type":"Feature","properties":{"id":"s61","name":"Rybnik Zamysłów Wodzisławska","bus":1,"tram":0,"n":10,"imp":0.193,"node":1,"deg":3,"term":0,"major":1},"geometry":{"type":"Point","coordinates":[18.529712,50.071062]}},{"type":"Feature","properties":{"id":"s62","name":"Rybnik Niedobczyce Paryż","bus":1,"tram":0,"n":10,"imp":0.193,"node":1,"deg":3,"term":0,"major":1},"geometry":{"type":"Point","coordinates":[18.524223,50.065774]}},{"type":"Feature","properties":{"id":"s63","name":"Rybnik Niedobczyce Karolinka","bus":1,"tram":0,"n":4,"imp":0.091,"node":0,"deg":2,"term":0,"major":0},"geometry":{"type":"Point","coordinates":[18.516795,50.065774]}},{"type":"Feature","properties":{"id":"s64","name":"Rybnik Niedobczyce Stadion","bus":1,"tram":0,"n":8,"imp":0.199,"node":1,"deg":5,"term":0,"major":1},"geometry":{"type":"Point","coordinates":[18.505014,50.058723]}},{"type":"Feature","properties":{"id":"s65","name":"Rybnik Niedobczyce Orlik","bus":1,"tram":0,"n":5,"imp":0.105,"node":0,"deg":2,"term":0,"major":0},"geometry":{"type":"Point","coordinates":[18.501355,50.056373]}},{"type":"Feature","properties":{"id":"s66","name":"Rybnik Niedobczyce Wrębowa","bus":1,"tram":0,"n":5,"imp":0.105,"node":0,"deg":2,"term":0,"major":0},"geometry":{"type":"Point","coordinates":[18.497696,50.054023]}},{"type":"Feature","properties":{"id":"s67","name":"Obszary Wiadukt","bus":1,"tram":0,"n":5,"imp":0.156,"node":1,"deg":5,"term":0,"major":1},"geometry":{"type":"Point","coordinates":[18.50227,50.041097]}},{"type":"Feature","properties":{"id":"s68","name":"Radlin Marklowicka Dom Górnika","bus":1,"tram":0,"n":3,"imp":0.077,"node":0,"deg":2,"term":0,"major":0},"geometry":{"type":"Point","coordinates":[18.507248,50.037899]}},{"type":"Feature","properties":{"id":"s69","name":"Marklowice Wiosny Ludów Kaplica","bus":1,"tram":0,"n":3,"imp":0.077,"node":0,"deg":2,"term":0,"major":0},"geometry":{"type":"Point","coordinates":[18.507758,50.033512]}},{"type":"Feature","properties":{"id":"s70","name":"Marklowice Wiosny Ludów Sklep","bus":1,"tram":0,"n":3,"imp":0.077,"node":0,"deg":2,"term":0,"major":0},"geometry":{"type":"Point","coordinates":[18.507758,50.02899]}},{"type":"Feature","properties":{"id":"s71","name":"Marklowice Wiosny Ludów Górka","bus":1,"tram":0,"n":3,"imp":0.094,"node":1,"deg":3,"term":0,"major":0},"geometry":{"type":"Point","coordinates":[18.507758,50.019945]}},{"type":"Feature","properties":{"id":"s72","name":"Rybnik Orzepowice Storczyków","bus":1,"tram":0,"n":4,"imp":0.155,"node":1,"deg":2,"term":1,"major":1},"geometry":{"type":"Point","coordinates":[18.529712,50.090451]}},{"type":"Feature","properties":{"id":"s73","name":"Rybnik Orzepowice Szpital Woj","bus":1,"tram":0,"n":7,"imp":0.223,"node":1,"deg":6,"term":1,"major":1},"geometry":{"type":"Point","coordinates":[18.537945,50.088689]}},{"type":"Feature","properties":{"id":"s74","name":"Rybnik Niedobczyce Janasa","bus":1,"tram":0,"n":3,"imp":0.077,"node":0,"deg":2,"term":0,"major":0},"geometry":{"type":"Point","coordinates":[18.500329,50.058723]}},{"type":"Feature","properties":{"id":"s75","name":"Rybnik Niedobczyce Hałdy","bus":1,"tram":0,"n":3,"imp":0.094,"node":1,"deg":3,"term":0,"major":0},"geometry":{"type":"Point","coordinates":[18.496781,50.056961]}},{"type":"Feature","properties":{"id":"s76","name":"Rybnik Niewiadom Szkoła","bus":1,"tram":0,"n":4,"imp":0.159,"node":1,"deg":6,"term":0,"major":1},"geometry":{"type":"Point","coordinates":[18.494037,50.064011]}},{"type":"Feature","properties":{"id":"s77","name":"Rybnik Niewiadom Frontowa","bus":1,"tram":0,"n":7,"imp":0.206,"node":1,"deg":5,"term":1,"major":1},"geometry":{"type":"Point","coordinates":[18.488549,50.067537]}},{"type":"Feature","properties":{"id":"s78","name":"Radoszowy Kościół","bus":1,"tram":0,"n":5,"imp":0.139,"node":1,"deg":4,"term":0,"major":0},"geometry":{"type":"Point","coordinates":[18.488549,50.064011]}},{"type":"Feature","properties":{"id":"s79","name":"Rybnik Niewiadom Kol Beata","bus":1,"tram":0,"n":3,"imp":0.111,"node":1,"deg":4,"term":0,"major":0},"geometry":{"type":"Point","coordinates":[18.505014,50.071062]}},{"type":"Feature","properties":{"id":"s80","name":"Rybnik Niewiadom Kol Beata","bus":1,"tram":0,"n":3,"imp":0.094,"node":1,"deg":3,"term":0,"major":0},"geometry":{"type":"Point","coordinates":[18.50227,50.071062]}},{"type":"Feature","properties":{"id":"s81","name":"Rybnik Maroko Nowiny Graniczna","bus":1,"tram":0,"n":3,"imp":0.094,"node":1,"deg":3,"term":0,"major":0},"geometry":{"type":"Point","coordinates":[18.513247,50.078113]}},{"type":"Feature","properties":{"id":"s82","name":"Rybnik Maroko Nowiny Brzozowa","bus":1,"tram":0,"n":3,"imp":0.077,"node":0,"deg":2,"term":0,"major":0},"geometry":{"type":"Point","coordinates":[18.522851,50.078113]}},{"type":"Feature","properties":{"id":"s83","name":"Rybnik Śródmieście Jankowicka ZUS","bus":1,"tram":0,"n":3,"imp":0.094,"node":1,"deg":3,"term":0,"major":0},"geometry":{"type":"Point","coordinates":[18.543433,50.074587]}},{"type":"Feature","properties":{"id":"s84","name":"Rybnik Zamysłów Dolna Mostek","bus":1,"tram":0,"n":1,"imp":0.052,"node":1,"deg":1,"term":1,"major":0},"geometry":{"type":"Point","coordinates":[18.537945,50.067537]}},{"type":"Feature","properties":{"id":"s85","name":"Rybnik Zamysłów Dolna Las","bus":1,"tram":0,"n":1,"imp":0.048,"node":0,"deg":2,"term":0,"major":0},"geometry":{"type":"Point","coordinates":[18.537945,50.07013]}},{"type":"Feature","properties":{"id":"s86","name":"Rybnik Zamysłów Dolna","bus":1,"tram":0,"n":1,"imp":0.048,"node":0,"deg":2,"term":0,"major":0},"geometry":{"type":"Point","coordinates":[18.537945,50.072724]}},{"type":"Feature","properties":{"id":"s87","name":"Rybnik Niedobczyce Kopalnia Rymer","bus":1,"tram":0,"n":3,"imp":0.077,"node":0,"deg":2,"term":0,"major":0},"geometry":{"type":"Point","coordinates":[18.506844,50.057548]}},{"type":"Feature","properties":{"id":"s88","name":"Rybnik Popielów Skrzyżowanie","bus":1,"tram":0,"n":6,"imp":0.17,"node":1,"deg":5,"term":0,"major":1},"geometry":{"type":"Point","coordinates":[18.510502,50.055198]}},{"type":"Feature","properties":{"id":"s89","name":"Rybnik Popielów Staffa","bus":1,"tram":0,"n":2,"imp":0.079,"node":1,"deg":3,"term":0,"major":0},"geometry":{"type":"Point","coordinates":[18.515991,50.056961]}},{"type":"Feature","properties":{"id":"s90","name":"Rybnik Popielów Kościół","bus":1,"tram":0,"n":2,"imp":0.062,"node":0,"deg":2,"term":0,"major":0},"geometry":{"type":"Point","coordinates":[18.520107,50.056961]}},{"type":"Feature","properties":{"id":"s91","name":"Rybnik Radziejów Spółdzielcza","bus":1,"tram":0,"n":3,"imp":0.094,"node":1,"deg":3,"term":0,"major":0},"geometry":{"type":"Point","coordinates":[18.524223,50.056961]}},{"type":"Feature","properties":{"id":"s92","name":"Rybnik Radziejów Okulickiego","bus":1,"tram":0,"n":3,"imp":0.077,"node":0,"deg":2,"term":0,"major":0},"geometry":{"type":"Point","coordinates":[18.530355,50.059136]}},{"type":"Feature","properties":{"id":"s93","name":"Rybnik Radziejów Świercze","bus":1,"tram":0,"n":3,"imp":0.077,"node":0,"deg":2,"term":0,"major":0},"geometry":{"type":"Point","coordinates":[18.535683,50.062558]}},{"type":"Feature","properties":{"id":"s94","name":"Rybnik Chwałowice Las","bus":1,"tram":0,"n":3,"imp":0.077,"node":0,"deg":2,"term":0,"major":0},"geometry":{"type":"Point","coordinates":[18.54101,50.065981]}},{"type":"Feature","properties":{"id":"s95","name":"Rybnik Orzepowice Kuźnia","bus":1,"tram":0,"n":5,"imp":0.122,"node":1,"deg":3,"term":0,"major":0},"geometry":{"type":"Point","coordinates":[18.540689,50.090451]}},{"type":"Feature","properties":{"id":"s96","name":"Rybnik Północ Wawok","bus":1,"tram":0,"n":7,"imp":0.172,"node":1,"deg":3,"term":1,"major":1},"geometry":{"type":"Point","coordinates":[18.543433,50.088689]}},{"type":"Feature","properties":{"id":"s97","name":"Rybnik Północ Rudzka Cmentarz","bus":1,"tram":0,"n":6,"imp":0.17,"node":1,"deg":5,"term":0,"major":1},"geometry":{"type":"Point","coordinates":[18.543433,50.086926]}},{"type":"Feature","properties":{"id":"s98","name":"Rybnik Orzepowice Rudzka","bus":1,"tram":0,"n":6,"imp":0.153,"node":1,"deg":4,"term":0,"major":1},"geometry":{"type":"Point","coordinates":[18.537945,50.092214]}},{"type":"Feature","properties":{"id":"s99","name":"Rybnik Chwałęcice Przystań","bus":1,"tram":0,"n":3,"imp":0.077,"node":0,"deg":2,"term":0,"major":0},"geometry":{"type":"Point","coordinates":[18.529712,50.092214]}},{"type":"Feature","properties":{"id":"s100","name":"Rybnik Chwałęcice Kierchówek","bus":1,"tram":0,"n":3,"imp":0.111,"node":1,"deg":4,"term":0,"major":0},"geometry":{"type":"Point","coordinates":[18.521479,50.092214]}},{"type":"Feature","properties":{"id":"s101","name":"Rybnik Chwałęcice Skrzyżowanie","bus":1,"tram":0,"n":2,"imp":0.062,"node":0,"deg":2,"term":0,"major":0},"geometry":{"type":"Point","coordinates":[18.521479,50.0946]}},{"type":"Feature","properties":{"id":"s102","name":"Rybnik Stodoły Przystań","bus":1,"tram":0,"n":2,"imp":0.062,"node":0,"deg":2,"term":0,"major":0},"geometry":{"type":"Point","coordinates":[18.521362,50.09934]}},{"type":"Feature","properties":{"id":"s103","name":"Rybnik Stodoły Kaplica","bus":1,"tram":0,"n":2,"imp":0.084,"node":1,"deg":2,"term":1,"major":0},"geometry":{"type":"Point","coordinates":[18.518735,50.101027]}},{"type":"Feature","properties":{"id":"s104","name":"Rudy Paproć","bus":1,"tram":0,"n":1,"imp":0.048,"node":0,"deg":2,"term":0,"major":0},"geometry":{"type":"Point","coordinates":[18.513568,50.104346]}},{"type":"Feature","properties":{"id":"s105","name":"Rudy Rybnicka","bus":1,"tram":0,"n":1,"imp":0.048,"node":0,"deg":2,"term":0,"major":0},"geometry":{"type":"Point","coordinates":[18.510985,50.106006]}},{"type":"Feature","properties":{"id":"s106","name":"Rudy Skrzyżowanie","bus":1,"tram":0,"n":1,"imp":0.048,"node":0,"deg":2,"term":0,"major":0},"geometry":{"type":"Point","coordinates":[18.508401,50.107665]}},{"type":"Feature","properties":{"id":"s107","name":"Rudy Kościół","bus":1,"tram":0,"n":1,"imp":0.052,"node":1,"deg":1,"term":1,"major":0},"geometry":{"type":"Point","coordinates":[18.507758,50.109841]}},{"type":"Feature","properties":{"id":"s108","name":"Rydułtowy Piekarnia","bus":1,"tram":0,"n":4,"imp":0.142,"node":1,"deg":5,"term":0,"major":0},"geometry":{"type":"Point","coordinates":[18.485805,50.065774]}},{"type":"Feature","properties":{"id":"s109","name":"Rydułtowy Kowalski","bus":1,"tram":0,"n":2,"imp":0.096,"node":1,"deg":4,"term":0,"major":0},"geometry":{"type":"Point","coordinates":[18.480316,50.064011]}},{"type":"Feature","properties":{"id":"s110","name":"Rydułtowy Orłowiec","bus":1,"tram":0,"n":3,"imp":0.094,"node":1,"deg":3,"term":0,"major":0},"geometry":{"type":"Point","coordinates":[18.472084,50.062249]}},{"type":"Feature","properties":{"id":"s111","name":"Rydułtowy Ofiar Terroru","bus":1,"tram":0,"n":5,"imp":0.122,"node":1,"deg":3,"term":0,"major":0},"geometry":{"type":"Point","coordinates":[18.477572,50.051673]}},{"type":"Feature","properties":{"id":"s112","name":"Rydułtowy Rynek","bus":1,"tram":0,"n":12,"imp":0.379,"node":1,"deg":6,"term":1,"major":1},"geometry":{"type":"Point","coordinates":[18.469339,50.048147]}},{"type":"Feature","properties":{"id":"s113","name":"Pszów Traugutta Granica","bus":1,"tram":0,"n":2,"imp":0.062,"node":0,"deg":2,"term":0,"major":0},"geometry":{"type":"Point","coordinates":[18.469339,50.042494]}},{"type":"Feature","properties":{"id":"s114","name":"Pszów Traugutta ZSZ","bus":1,"tram":0,"n":5,"imp":0.156,"node":1,"deg":5,"term":0,"major":1},"geometry":{"type":"Point","coordinates":[18.466595,50.037571]}},{"type":"Feature","properties":{"id":"s115","name":"Pszów DA","bus":1,"tram":0,"n":1,"imp":0.052,"node":1,"deg":1,"term":1,"major":0},"geometry":{"type":"Point","coordinates":[18.463851,50.034046]}},{"type":"Feature","properties":{"id":"s116","name":"Rybnik Północ Gliwicka Szpital","bus":1,"tram":0,"n":10,"imp":0.261,"node":1,"deg":7,"term":0,"major":1},"geometry":{"type":"Point","coordinates":[18.551666,50.090451]}},{"type":"Feature","properties":{"id":"s117","name":"Rybnik Północ Kąpielisko Ruda","bus":1,"tram":0,"n":12,"imp":0.302,"node":1,"deg":4,"term":1,"major":1},"geometry":{"type":"Point","coordinates":[18.551666,50.092214]}},{"type":"Feature","properties":{"id":"s118","name":"Rybnik Wielopole Skrzyżowanie","bus":1,"tram":0,"n":8,"imp":0.165,"node":1,"deg":3,"term":0,"major":1},"geometry":{"type":"Point","coordinates":[18.559898,50.093977]}},{"type":"Feature","properties":{"id":"s119","name":"Rybnik Wielopole Lipowa","bus":1,"tram":0,"n":3,"imp":0.077,"node":0,"deg":2,"term":0,"major":0},"geometry":{"type":"Point","coordinates":[18.553724,50.093977]}},{"type":"Feature","properties":{"id":"s120","name":"Rybnik Rybnicka Kuźnia Szkoła","bus":1,"tram":0,"n":3,"imp":0.077,"node":0,"deg":2,"term":0,"major":0},"geometry":{"type":"Point","coordinates":[18.547549,50.093977]}},{"type":"Feature","properties":{"id":"s121","name":"Rybnik Rybnicka Kuźnia Maksymiliana","bus":1,"tram":0,"n":3,"imp":0.077,"node":0,"deg":2,"term":0,"major":0},"geometry":{"type":"Point","coordinates":[18.541375,50.093977]}},{"type":"Feature","properties":{"id":"s122","name":"Rybnik Rybnicka Kuźnia Osiedle","bus":1,"tram":0,"n":7,"imp":0.184,"node":1,"deg":5,"term":0,"major":1},"geometry":{"type":"Point","coordinates":[18.5352,50.093977]}},{"type":"Feature","properties":{"id":"s123","name":"Rybnik Rybnicka Kuźnia Elektrownia","bus":1,"tram":0,"n":7,"imp":0.15,"node":1,"deg":3,"term":0,"major":1},"geometry":{"type":"Point","coordinates":[18.5352,50.095739]}},{"type":"Feature","properties":{"id":"s124","name":"Rybnik Rybnicka Kuźnia Chłodnie","bus":1,"tram":0,"n":4,"imp":0.112,"node":1,"deg":2,"term":1,"major":0},"geometry":{"type":"Point","coordinates":[18.543433,50.097502]}},{"type":"Feature","properties":{"id":"s125","name":"Rybnik Wielopole Szkoła","bus":1,"tram":0,"n":5,"imp":0.105,"node":0,"deg":2,"term":0,"major":0},"geometry":{"type":"Point","coordinates":[18.559898,50.094858]}},{"type":"Feature","properties":{"id":"s126","name":"Rybnik Rybnicka Kuźnia WORD","bus":1,"tram":0,"n":3,"imp":0.098,"node":1,"deg":2,"term":1,"major":0},"geometry":{"type":"Point","coordinates":[18.55441,50.097502]}},{"type":"Feature","properties":{"id":"s127","name":"Rybnik Kłokocin Pętla","bus":1,"tram":0,"n":2,"imp":0.088,"node":1,"deg":1,"term":1,"major":0},"geometry":{"type":"Point","coordinates":[18.628503,50.053435]}},{"type":"Feature","properties":{"id":"s128","name":"Rybnik Kłokocin Osiedle","bus":1,"tram":0,"n":2,"imp":0.062,"node":0,"deg":2,"term":0,"major":0},"geometry":{"type":"Point","coordinates":[18.622447,50.057326]}},{"type":"Feature","properties":{"id":"s129","name":"Rybnik Kłokocin Urząd Celny","bus":1,"tram":0,"n":2,"imp":0.079,"node":1,"deg":3,"term":0,"major":0},"geometry":{"type":"Point","coordinates":[18.614782,50.058723]}},{"type":"Feature","properties":{"id":"s130","name":"Rybnik Boguszowice Stare Kłokocińska","bus":1,"tram":0,"n":1,"imp":0.048,"node":0,"deg":2,"term":0,"major":0},"geometry":{"type":"Point","coordinates":[18.607922,50.06313]}},{"type":"Feature","properties":{"id":"s131","name":"Rybnik Chwałęcice Kościół","bus":1,"tram":0,"n":1,"imp":0.065,"node":1,"deg":3,"term":0,"major":0},"geometry":{"type":"Point","coordinates":[18.515991,50.095739]}},{"type":"Feature","properties":{"id":"s132","name":"Rybnik Chwałęcice Goj","bus":1,"tram":0,"n":1,"imp":0.048,"node":0,"deg":2,"term":0,"major":0},"geometry":{"type":"Point","coordinates":[18.511189,50.095739]}},{"type":"Feature","properties":{"id":"s133","name":"Zwonowice Classen","bus":1,"tram":0,"n":1,"imp":0.048,"node":0,"deg":2,"term":0,"major":0},"geometry":{"type":"Point","coordinates":[18.506386,50.095739]}},{"type":"Feature","properties":{"id":"s134","name":"Zwonowice Wyzwolenia","bus":1,"tram":0,"n":1,"imp":0.048,"node":0,"deg":2,"term":0,"major":0},"geometry":{"type":"Point","coordinates":[18.501584,50.095739]}},{"type":"Feature","properties":{"id":"s135","name":"Zwonowice Szkoła","bus":1,"tram":0,"n":1,"imp":0.087,"node":1,"deg":3,"term":1,"major":0},"geometry":{"type":"Point","coordinates":[18.496781,50.095739]}},{"type":"Feature","properties":{"id":"s136","name":"Rybnik Popielów Konarskiego","bus":1,"tram":0,"n":1,"imp":0.048,"node":0,"deg":2,"term":0,"major":0},"geometry":{"type":"Point","coordinates":[18.515455,50.055198]}},{"type":"Feature","properties":{"id":"s137","name":"Rybnik Północ Karolinka","bus":1,"tram":0,"n":11,"imp":0.224,"node":1,"deg":4,"term":0,"major":1},"geometry":{"type":"Point","coordinates":[18.565387,50.085163]}},{"type":"Feature","properties":{"id":"s138","name":"Rybnik Paruszowiec Piaski Mikołowska","bus":1,"tram":0,"n":3,"imp":0.094,"node":1,"deg":3,"term":0,"major":0},"geometry":{"type":"Point","coordinates":[18.568131,50.090451]}},{"type":"Feature","properties":{"id":"s139","name":"Rybnik Kamień Las","bus":1,"tram":0,"n":2,"imp":0.062,"node":0,"deg":2,"term":0,"major":0},"geometry":{"type":"Point","coordinates":[18.573083,50.093633]}},{"type":"Feature","properties":{"id":"s140","name":"Rybnik Kamień Robotnicza","bus":1,"tram":0,"n":2,"imp":0.062,"node":0,"deg":2,"term":0,"major":0},"geometry":{"type":"Point","coordinates":[18.578036,50.096814]}},{"type":"Feature","properties":{"id":"s141","name":"Rybnik Kamień Ośrodek Sportowy","bus":1,"tram":0,"n":2,"imp":0.079,"node":1,"deg":3,"term":0,"major":0},"geometry":{"type":"Point","coordinates":[18.584596,50.097502]}},{"type":"Feature","properties":{"id":"s142","name":"Rybnik Kamień Szkoła","bus":1,"tram":0,"n":2,"imp":0.062,"node":0,"deg":2,"term":0,"major":0},"geometry":{"type":"Point","coordinates":[18.587072,50.099093]}},{"type":"Feature","properties":{"id":"s143","name":"Leszczyny Rondo","bus":1,"tram":0,"n":4,"imp":0.091,"node":0,"deg":2,"term":0,"major":0},"geometry":{"type":"Point","coordinates":[18.605178,50.097502]}},{"type":"Feature","properties":{"id":"s144","name":"Leszczyny Ligonia","bus":1,"tram":0,"n":4,"imp":0.108,"node":1,"deg":3,"term":0,"major":0},"geometry":{"type":"Point","coordinates":[18.60655,50.101027]}},{"type":"Feature","properties":{"id":"s145","name":"Leszczyny Broniewskiego","bus":1,"tram":0,"n":4,"imp":0.108,"node":1,"deg":3,"term":0,"major":0},"geometry":{"type":"Point","coordinates":[18.598317,50.097502]}},{"type":"Feature","properties":{"id":"s146","name":"Książenice Brzozy","bus":1,"tram":0,"n":3,"imp":0.094,"node":1,"deg":3,"term":0,"major":0},"geometry":{"type":"Point","coordinates":[18.590084,50.10279]}},{"type":"Feature","properties":{"id":"s147","name":"Książenice Kościół","bus":1,"tram":0,"n":3,"imp":0.111,"node":1,"deg":4,"term":0,"major":0},"geometry":{"type":"Point","coordinates":[18.58734,50.104553]}},{"type":"Feature","properties":{"id":"s148","name":"Rybnik Kamień Pojdy","bus":1,"tram":0,"n":2,"imp":0.062,"node":0,"deg":2,"term":0,"major":0},"geometry":{"type":"Point","coordinates":[18.584596,50.102689]}},{"type":"Feature","properties":{"id":"s149","name":"Rybnik Kamień Skrzyżowanie","bus":1,"tram":0,"n":2,"imp":0.062,"node":0,"deg":2,"term":0,"major":0},"geometry":{"type":"Point","coordinates":[18.584596,50.100096]}},{"type":"Feature","properties":{"id":"s150","name":"Rybnik Paruszowiec Piaski Błonia","bus":1,"tram":0,"n":2,"imp":0.062,"node":0,"deg":2,"term":0,"major":0},"geometry":{"type":"Point","coordinates":[18.576206,50.086926]}},{"type":"Feature","properties":{"id":"s151","name":"Rybnik Paruszowiec Piaski Przemysłowa","bus":1,"tram":0,"n":4,"imp":0.146,"node":1,"deg":4,"term":1,"major":0},"geometry":{"type":"Point","coordinates":[18.579108,50.085163]}},{"type":"Feature","properties":{"id":"s152","name":"Rybnik Paruszowiec Piaski Wolna","bus":1,"tram":0,"n":3,"imp":0.077,"node":0,"deg":2,"term":0,"major":0},"geometry":{"type":"Point","coordinates":[18.584818,50.085163]}},{"type":"Feature","properties":{"id":"s153","name":"Rybnik Ligota Ligocka Kuźnia Skrzyż","bus":1,"tram":0,"n":3,"imp":0.077,"node":0,"deg":2,"term":0,"major":0},"geometry":{"type":"Point","coordinates":[18.590398,50.084962]}},{"type":"Feature","properties":{"id":"s154","name":"Rybnik Ligota Ligocka Kuźnia Kościół","bus":1,"tram":0,"n":3,"imp":0.077,"node":0,"deg":2,"term":0,"major":0},"geometry":{"type":"Point","coordinates":[18.594436,50.082368]}},{"type":"Feature","properties":{"id":"s155","name":"Rybnik Gotartowice Sygnały","bus":1,"tram":0,"n":3,"imp":0.077,"node":0,"deg":2,"term":0,"major":0},"geometry":{"type":"Point","coordinates":[18.602512,50.077181]}},{"type":"Feature","properties":{"id":"s156","name":"Rybnik Maroko Nowiny Księżok","bus":1,"tram":0,"n":6,"imp":0.153,"node":1,"deg":4,"term":0,"major":1},"geometry":{"type":"Point","coordinates":[18.524223,50.079875]}},{"type":"Feature","properties":{"id":"s157","name":"Rybnik Zebrzydowice Myto","bus":1,"tram":0,"n":7,"imp":0.15,"node":1,"deg":3,"term":0,"major":1},"geometry":{"type":"Point","coordinates":[18.518735,50.079875]}},{"type":"Feature","properties":{"id":"s158","name":"Rybnik Zebrzydowice Norwida","bus":1,"tram":0,"n":7,"imp":0.15,"node":1,"deg":3,"term":0,"major":1},"geometry":{"type":"Point","coordinates":[18.510502,50.081638]}},{"type":"Feature","properties":{"id":"s159","name":"Jejkowice Centrum","bus":1,"tram":0,"n":7,"imp":0.176,"node":1,"deg":2,"term":1,"major":1},"geometry":{"type":"Point","coordinates":[18.505014,50.081638]}},{"type":"Feature","properties":{"id":"s160","name":"Jejkowice Kuźnia","bus":1,"tram":0,"n":4,"imp":0.108,"node":1,"deg":3,"term":0,"major":0},"geometry":{"type":"Point","coordinates":[18.499526,50.081638]}},{"type":"Feature","properties":{"id":"s161","name":"Szczerbice Piaskowa","bus":1,"tram":0,"n":3,"imp":0.077,"node":0,"deg":2,"term":0,"major":0},"geometry":{"type":"Point","coordinates":[18.494795,50.079875]}},{"type":"Feature","properties":{"id":"s162","name":"Szczerbice","bus":1,"tram":0,"n":3,"imp":0.077,"node":0,"deg":2,"term":0,"major":0},"geometry":{"type":"Point","coordinates":[18.488928,50.079875]}},{"type":"Feature","properties":{"id":"s163","name":"Gaszowice UG","bus":1,"tram":0,"n":3,"imp":0.111,"node":1,"deg":4,"term":0,"major":0},"geometry":{"type":"Point","coordinates":[18.48306,50.079875]}},{"type":"Feature","properties":{"id":"s164","name":"Gaszowice Cegielnia","bus":1,"tram":0,"n":1,"imp":0.048,"node":0,"deg":2,"term":0,"major":0},"geometry":{"type":"Point","coordinates":[18.478442,50.076909]}},{"type":"Feature","properties":{"id":"s165","name":"Łuków PKP","bus":1,"tram":0,"n":1,"imp":0.048,"node":0,"deg":2,"term":0,"major":0},"geometry":{"type":"Point","coordinates":[18.473824,50.073943]}},{"type":"Feature","properties":{"id":"s166","name":"Łuków","bus":1,"tram":0,"n":1,"imp":0.048,"node":0,"deg":2,"term":0,"major":0},"geometry":{"type":"Point","coordinates":[18.469206,50.070976]}},{"type":"Feature","properties":{"id":"s167","name":"Czernica Straż","bus":1,"tram":0,"n":1,"imp":0.07,"node":1,"deg":2,"term":1,"major":0},"geometry":{"type":"Point","coordinates":[18.463851,50.064011]}},{"type":"Feature","properties":{"id":"s168","name":"Czernica przy Krzyżu","bus":1,"tram":0,"n":1,"imp":0.048,"node":0,"deg":2,"term":0,"major":0},"geometry":{"type":"Point","coordinates":[18.466595,50.060851]}},{"type":"Feature","properties":{"id":"s169","name":"Rydułtowy Bema Raciborska","bus":1,"tram":0,"n":3,"imp":0.111,"node":1,"deg":4,"term":0,"major":0},"geometry":{"type":"Point","coordinates":[18.466595,50.056961]}},{"type":"Feature","properties":{"id":"s170","name":"Rydułtowy Bema Stadion","bus":1,"tram":0,"n":3,"imp":0.077,"node":0,"deg":2,"term":0,"major":0},"geometry":{"type":"Point","coordinates":[18.466595,50.054317]}},{"type":"Feature","properties":{"id":"s171","name":"Rydułtowy Bema Lidl","bus":1,"tram":0,"n":6,"imp":0.136,"node":1,"deg":3,"term":0,"major":0},"geometry":{"type":"Point","coordinates":[18.466595,50.051673]}},{"type":"Feature","properties":{"id":"s172","name":"Gaszowice Pogwizdów","bus":1,"tram":0,"n":1,"imp":0.048,"node":0,"deg":2,"term":0,"major":0},"geometry":{"type":"Point","coordinates":[18.481688,50.080757]}},{"type":"Feature","properties":{"id":"s173","name":"Sumina Centrum","bus":1,"tram":0,"n":2,"imp":0.079,"node":1,"deg":3,"term":0,"major":0},"geometry":{"type":"Point","coordinates":[18.480316,50.081638]}},{"type":"Feature","properties":{"id":"s174","name":"Lyski Blazel","bus":1,"tram":0,"n":2,"imp":0.062,"node":0,"deg":2,"term":0,"major":0},"geometry":{"type":"Point","coordinates":[18.4762,50.081638]}},{"type":"Feature","properties":{"id":"s175","name":"Lyski Rondo","bus":1,"tram":0,"n":3,"imp":0.14,"node":1,"deg":2,"term":1,"major":0},"geometry":{"type":"Point","coordinates":[18.472084,50.081638]}},{"type":"Feature","properties":{"id":"s176","name":"Gaszowice Rydułtowska","bus":1,"tram":0,"n":1,"imp":0.048,"node":0,"deg":2,"term":0,"major":0},"geometry":{"type":"Point","coordinates":[18.477406,50.076243]}},{"type":"Feature","properties":{"id":"s177","name":"Piece Gimnazjum","bus":1,"tram":0,"n":1,"imp":0.048,"node":0,"deg":2,"term":0,"major":0},"geometry":{"type":"Point","coordinates":[18.472084,50.072522]}},{"type":"Feature","properties":{"id":"s178","name":"Rydułtowy Piecowska","bus":1,"tram":0,"n":1,"imp":0.048,"node":0,"deg":2,"term":0,"major":0},"geometry":{"type":"Point","coordinates":[18.472084,50.067385]}},{"type":"Feature","properties":{"id":"s179","name":"R-k Paruszowiec Piaski H.Silesia","bus":1,"tram":0,"n":6,"imp":0.17,"node":1,"deg":5,"term":0,"major":1},"geometry":{"type":"Point","coordinates":[18.570875,50.088689]}},{"type":"Feature","properties":{"id":"s180","name":"Rybnik Boguszowice Osiedle Jastrzębska","bus":1,"tram":0,"n":2,"imp":0.062,"node":0,"deg":2,"term":0,"major":0},"geometry":{"type":"Point","coordinates":[18.595573,50.045696]}},{"type":"Feature","properties":{"id":"s181","name":"Jankowice Urząd Gminy","bus":1,"tram":0,"n":3,"imp":0.077,"node":0,"deg":2,"term":0,"major":0},"geometry":{"type":"Point","coordinates":[18.573217,50.050168]}},{"type":"Feature","properties":{"id":"s182","name":"Jankowice Gwarek","bus":1,"tram":0,"n":6,"imp":0.187,"node":1,"deg":6,"term":0,"major":1},"geometry":{"type":"Point","coordinates":[18.568131,50.053435]}},{"type":"Feature","properties":{"id":"s183","name":"Jankowice Świerklańska","bus":1,"tram":0,"n":5,"imp":0.122,"node":1,"deg":3,"term":0,"major":0},"geometry":{"type":"Point","coordinates":[18.55441,50.060486]}},{"type":"Feature","properties":{"id":"s184","name":"Rybnik Wielopole Wiadukt","bus":1,"tram":0,"n":5,"imp":0.122,"node":1,"deg":3,"term":0,"major":0},"geometry":{"type":"Point","coordinates":[18.559898,50.095739]}},{"type":"Feature","properties":{"id":"s185","name":"Rybnik Golejów Górka","bus":1,"tram":0,"n":4,"imp":0.125,"node":1,"deg":4,"term":0,"major":0},"geometry":{"type":"Point","coordinates":[18.559898,50.099265]}},{"type":"Feature","properties":{"id":"s186","name":"Rybnik Golejów Skrzyżowanie","bus":1,"tram":0,"n":4,"imp":0.108,"node":1,"deg":3,"term":0,"major":0},"geometry":{"type":"Point","coordinates":[18.557154,50.101027]}},{"type":"Feature","properties":{"id":"s187","name":"Rybnik Śródmieście Kampus","bus":1,"tram":0,"n":6,"imp":0.17,"node":1,"deg":5,"term":0,"major":1},"geometry":{"type":"Point","coordinates":[18.546177,50.085163]}},{"type":"Feature","properties":{"id":"s188","name":"Rybnik Zamysłów Wodociągi","bus":1,"tram":0,"n":1,"imp":0.065,"node":1,"deg":3,"term":0,"major":0},"geometry":{"type":"Point","coordinates":[18.515991,50.071062]}},{"type":"Feature","properties":{"id":"s189","name":"Rybnik Zamysłów Gruntowa","bus":1,"tram":0,"n":1,"imp":0.048,"node":0,"deg":2,"term":0,"major":0},"geometry":{"type":"Point","coordinates":[18.510502,50.071062]}},{"type":"Feature","properties":{"id":"s190","name":"Buzowice Skrzyżowanie","bus":1,"tram":0,"n":2,"imp":0.118,"node":1,"deg":4,"term":1,"major":0},"geometry":{"type":"Point","coordinates":[18.480316,50.069299]}},{"type":"Feature","properties":{"id":"s191","name":"Rybnik Niewiadom Buzowice","bus":1,"tram":0,"n":2,"imp":0.079,"node":1,"deg":3,"term":0,"major":0},"geometry":{"type":"Point","coordinates":[18.485805,50.069299]}},{"type":"Feature","properties":{"id":"s192","name":"Rydułtowy Bohaterów W-wy Cegielnia","bus":1,"tram":0,"n":7,"imp":0.15,"node":1,"deg":3,"term":0,"major":1},"geometry":{"type":"Point","coordinates":[18.477572,50.046385]}},{"type":"Feature","properties":{"id":"s193","name":"Rydułtowy Bohaterów W-wy Orlovska","bus":1,"tram":0,"n":7,"imp":0.133,"node":0,"deg":2,"term":0,"major":0},"geometry":{"type":"Point","coordinates":[18.474828,50.048147]}},{"type":"Feature","properties":{"id":"s194","name":"Rydułtowy Plebiscytowa Szpital","bus":1,"tram":0,"n":8,"imp":0.165,"node":1,"deg":3,"term":0,"major":1},"geometry":{"type":"Point","coordinates":[18.472084,50.04991]}},{"type":"Feature","properties":{"id":"s195","name":"Radlin Domeyki","bus":1,"tram":0,"n":6,"imp":0.187,"node":1,"deg":6,"term":0,"major":1},"geometry":{"type":"Point","coordinates":[18.48306,50.042859]}},{"type":"Feature","properties":{"id":"s196","name":"Radlin Rymera Piekarnia","bus":1,"tram":0,"n":5,"imp":0.139,"node":1,"deg":4,"term":0,"major":0},"geometry":{"type":"Point","coordinates":[18.488549,50.042859]}},{"type":"Feature","properties":{"id":"s197","name":"Radlin Rydułtowska Reden","bus":1,"tram":0,"n":5,"imp":0.105,"node":0,"deg":2,"term":0,"major":0},"geometry":{"type":"Point","coordinates":[18.486184,50.046385]}},{"type":"Feature","properties":{"id":"s198","name":"Radlin Rydułtowska Sokolnia","bus":1,"tram":0,"n":5,"imp":0.105,"node":0,"deg":2,"term":0,"major":0},"geometry":{"type":"Point","coordinates":[18.489085,50.04604]}},{"type":"Feature","properties":{"id":"s199","name":"Radlin Rydułtowska Reden Górka","bus":1,"tram":0,"n":5,"imp":0.143,"node":1,"deg":3,"term":1,"major":0},"geometry":{"type":"Point","coordinates":[18.48306,50.046385]}},{"type":"Feature","properties":{"id":"s200","name":"Rybnik Golejów Szkoła","bus":1,"tram":0,"n":3,"imp":0.111,"node":1,"deg":4,"term":0,"major":0},"geometry":{"type":"Point","coordinates":[18.551666,50.101027]}},{"type":"Feature","properties":{"id":"s201","name":"Rybnik Grabownia Poloczka","bus":1,"tram":0,"n":2,"imp":0.062,"node":0,"deg":2,"term":0,"major":0},"geometry":{"type":"Point","coordinates":[18.543433,50.101027]}},{"type":"Feature","properties":{"id":"s202","name":"Rybnik Grabownia Olszowiec","bus":1,"tram":0,"n":3,"imp":0.119,"node":1,"deg":2,"term":1,"major":0},"geometry":{"type":"Point","coordinates":[18.5352,50.101027]}},{"type":"Feature","properties":{"id":"s203","name":"Rybnik Golejów Siedliska","bus":1,"tram":0,"n":2,"imp":0.096,"node":1,"deg":4,"term":0,"major":0},"geometry":{"type":"Point","coordinates":[18.557154,50.104553]}},{"type":"Feature","properties":{"id":"s204","name":"Rybnik Ochojec Młynek","bus":1,"tram":0,"n":2,"imp":0.079,"node":1,"deg":3,"term":0,"major":0},"geometry":{"type":"Point","coordinates":[18.55441,50.108078]}},{"type":"Feature","properties":{"id":"s205","name":"Rybnik Ochojec Kościół","bus":1,"tram":0,"n":1,"imp":0.048,"node":0,"deg":2,"term":0,"major":0},"geometry":{"type":"Point","coordinates":[18.55441,50.108959]}},{"type":"Feature","properties":{"id":"s206","name":"Rybnik Ochojec Centrum","bus":1,"tram":0,"n":2,"imp":0.079,"node":1,"deg":3,"term":0,"major":0},"geometry":{"type":"Point","coordinates":[18.55441,50.109841]}},{"type":"Feature","properties":{"id":"s207","name":"Rydułtowy Kopalnia","bus":1,"tram":0,"n":2,"imp":0.101,"node":1,"deg":3,"term":1,"major":0},"geometry":{"type":"Point","coordinates":[18.477572,50.055198]}},{"type":"Feature","properties":{"id":"s208","name":"Rybnik Meksyk Budowlanka","bus":1,"tram":0,"n":2,"imp":0.079,"node":1,"deg":3,"term":0,"major":0},"geometry":{"type":"Point","coordinates":[18.562642,50.078113]}},{"type":"Feature","properties":{"id":"s209","name":"Rybnik Meksyk Tkoczów","bus":1,"tram":0,"n":3,"imp":0.111,"node":1,"deg":4,"term":0,"major":0},"geometry":{"type":"Point","coordinates":[18.565387,50.072825]}},{"type":"Feature","properties":{"id":"s210","name":"Rybnik Chwałowice Królewiok","bus":1,"tram":0,"n":3,"imp":0.094,"node":1,"deg":3,"term":0,"major":0},"geometry":{"type":"Point","coordinates":[18.565387,50.069299]}},{"type":"Feature","properties":{"id":"s211","name":"Rybnik Chwałowice Kolonia","bus":1,"tram":0,"n":3,"imp":0.077,"node":0,"deg":2,"term":0,"major":0},"geometry":{"type":"Point","coordinates":[18.559898,50.069299]}},{"type":"Feature","properties":{"id":"s212","name":"Rybnik Chwałowice Malchera","bus":1,"tram":0,"n":1,"imp":0.048,"node":0,"deg":2,"term":0,"major":0},"geometry":{"type":"Point","coordinates":[18.560545,50.065359]}},{"type":"Feature","properties":{"id":"s213","name":"Rybnik Chwałowice Kożdoniów","bus":1,"tram":0,"n":1,"imp":0.048,"node":0,"deg":2,"term":0,"major":0},"geometry":{"type":"Point","coordinates":[18.56668,50.061418]}},{"type":"Feature","properties":{"id":"s214","name":"Jankowice Pętla","bus":1,"tram":0,"n":1,"imp":0.065,"node":1,"deg":3,"term":0,"major":0},"geometry":{"type":"Point","coordinates":[18.573619,50.058723]}},{"type":"Feature","properties":{"id":"s215","name":"Rybnik Popielów Żabik","bus":1,"tram":0,"n":6,"imp":0.136,"node":1,"deg":3,"term":0,"major":0},"geometry":{"type":"Point","coordinates":[18.515991,50.060486]}},{"type":"Feature","properties":{"id":"s216","name":"Rybnik Popielów Wodzisławska","bus":1,"tram":0,"n":2,"imp":0.079,"node":1,"deg":3,"term":0,"major":0},"geometry":{"type":"Point","coordinates":[18.507758,50.046385]}},{"type":"Feature","properties":{"id":"s217","name":"Biertułtowy Mariacka","bus":1,"tram":0,"n":1,"imp":0.048,"node":0,"deg":2,"term":0,"major":0},"geometry":{"type":"Point","coordinates":[18.499526,50.044622]}},{"type":"Feature","properties":{"id":"s218","name":"Rybnik Boguszowice Stare Sztolniowa","bus":1,"tram":0,"n":5,"imp":0.122,"node":1,"deg":3,"term":0,"major":0},"geometry":{"type":"Point","coordinates":[18.601061,50.060486]}},{"type":"Feature","properties":{"id":"s219","name":"Rybnik Boguszowice Stare Poczta","bus":1,"tram":0,"n":5,"imp":0.105,"node":0,"deg":2,"term":0,"major":0},"geometry":{"type":"Point","coordinates":[18.601061,50.062249]}},{"type":"Feature","properties":{"id":"s220","name":"Rybnik Golejów Kaplica","bus":1,"tram":0,"n":1,"imp":0.048,"node":0,"deg":2,"term":0,"major":0},"geometry":{"type":"Point","coordinates":[18.559898,50.101271]}},{"type":"Feature","properties":{"id":"s221","name":"Rybnik Golejów Rondo","bus":1,"tram":0,"n":1,"imp":0.048,"node":0,"deg":2,"term":0,"major":0},"geometry":{"type":"Point","coordinates":[18.559362,50.103134]}},{"type":"Feature","properties":{"id":"s222","name":"Plac Wolności","bus":1,"tram":0,"n":10,"imp":0.401,"node":1,"deg":4,"term":1,"major":1},"geometry":{"type":"Point","coordinates":[18.548921,50.086926]}},{"type":"Feature","properties":{"id":"s223","name":"Rybnik Kamień Szewczyka","bus":1,"tram":0,"n":2,"imp":0.062,"node":0,"deg":2,"term":0,"major":0},"geometry":{"type":"Point","coordinates":[18.589549,50.100683]}},{"type":"Feature","properties":{"id":"s224","name":"Rybnik Chwałowice Kupiecka","bus":1,"tram":0,"n":3,"imp":0.094,"node":1,"deg":3,"term":0,"major":0},"geometry":{"type":"Point","coordinates":[18.55441,50.069299]}},{"type":"Feature","properties":{"id":"s225","name":"Rybnik Północ Wyzwolenia","bus":1,"tram":0,"n":5,"imp":0.224,"node":1,"deg":9,"term":0,"major":1},"geometry":{"type":"Point","coordinates":[18.559898,50.088689]}},{"type":"Feature","properties":{"id":"s226","name":"Rybnik Chwałęcice Pniowiec","bus":1,"tram":0,"n":2,"imp":0.062,"node":0,"deg":2,"term":0,"major":0},"geometry":{"type":"Point","coordinates":[18.521479,50.096986]}},{"type":"Feature","properties":{"id":"s227","name":"Rybnik Śródmieście Dworek","bus":1,"tram":0,"n":3,"imp":0.115,"node":1,"deg":3,"term":1,"major":0},"geometry":{"type":"Point","coordinates":[18.543433,50.083401]}},{"type":"Feature","properties":{"id":"s228","name":"Rybnik Północ Janiego","bus":1,"tram":0,"n":2,"imp":0.062,"node":0,"deg":2,"term":0,"major":0},"geometry":{"type":"Point","coordinates":[18.547951,50.089828]}},{"type":"Feature","properties":{"id":"s229","name":"Sumina PKP","bus":1,"tram":0,"n":1,"imp":0.065,"node":1,"deg":3,"term":0,"major":0},"geometry":{"type":"Point","coordinates":[18.480316,50.088689]}},{"type":"Feature","properties":{"id":"s230","name":"Jankowice Remiza","bus":1,"tram":0,"n":1,"imp":0.065,"node":1,"deg":3,"term":0,"major":0},"geometry":{"type":"Point","coordinates":[18.562642,50.053435]}},{"type":"Feature","properties":{"id":"s231","name":"Jankowice Sklep","bus":1,"tram":0,"n":1,"imp":0.048,"node":0,"deg":2,"term":0,"major":0},"geometry":{"type":"Point","coordinates":[18.563704,50.052754]}},{"type":"Feature","properties":{"id":"s232","name":"Jankowice Kościelna","bus":1,"tram":0,"n":1,"imp":0.048,"node":0,"deg":2,"term":0,"major":0},"geometry":{"type":"Point","coordinates":[18.564765,50.052072]}},{"type":"Feature","properties":{"id":"s233","name":"Jankowice Kościół","bus":1,"tram":0,"n":1,"imp":0.048,"node":0,"deg":2,"term":0,"major":0},"geometry":{"type":"Point","coordinates":[18.565826,50.05139]}},{"type":"Feature","properties":{"id":"s234","name":"Jankowice Wowry","bus":1,"tram":0,"n":1,"imp":0.048,"node":0,"deg":2,"term":0,"major":0},"geometry":{"type":"Point","coordinates":[18.566887,50.050709]}},{"type":"Feature","properties":{"id":"s235","name":"Jankowice Rybnicka","bus":1,"tram":0,"n":1,"imp":0.048,"node":0,"deg":2,"term":0,"major":0},"geometry":{"type":"Point","coordinates":[18.567949,50.050027]}},{"type":"Feature","properties":{"id":"s236","name":"Jankowice G.S.","bus":1,"tram":0,"n":1,"imp":0.052,"node":1,"deg":1,"term":1,"major":0},"geometry":{"type":"Point","coordinates":[18.568131,50.048147]}},{"type":"Feature","properties":{"id":"s237","name":"Jankowice Skrzyżowanie","bus":1,"tram":0,"n":1,"imp":0.048,"node":0,"deg":2,"term":0,"major":0},"geometry":{"type":"Point","coordinates":[18.568131,50.049111]}},{"type":"Feature","properties":{"id":"s238","name":"Szczerbice Radoszowska","bus":1,"tram":0,"n":1,"imp":0.048,"node":0,"deg":2,"term":0,"major":0},"geometry":{"type":"Point","coordinates":[18.483546,50.071374]}},{"type":"Feature","properties":{"id":"s239","name":"Szczerbice Dwór","bus":1,"tram":0,"n":1,"imp":0.048,"node":0,"deg":2,"term":0,"major":0},"geometry":{"type":"Point","coordinates":[18.486775,50.073448]}},{"type":"Feature","properties":{"id":"s240","name":"Szczerbice Szkolna","bus":1,"tram":0,"n":1,"imp":0.048,"node":0,"deg":2,"term":0,"major":0},"geometry":{"type":"Point","coordinates":[18.490004,50.075522]}},{"type":"Feature","properties":{"id":"s241","name":"Szczerbice Straż","bus":1,"tram":0,"n":1,"imp":0.052,"node":1,"deg":1,"term":1,"major":0},"geometry":{"type":"Point","coordinates":[18.491293,50.078113]}},{"type":"Feature","properties":{"id":"s242","name":"Rybnik Boguszowice Osiedle Rajska","bus":1,"tram":0,"n":3,"imp":0.094,"node":1,"deg":3,"term":0,"major":0},"geometry":{"type":"Point","coordinates":[18.612038,50.055198]}},{"type":"Feature","properties":{"id":"s243","name":"Rybnik Boguszowice Stare Rejewskiego","bus":1,"tram":0,"n":3,"imp":0.077,"node":0,"deg":2,"term":0,"major":0},"geometry":{"type":"Point","coordinates":[18.595004,50.060486]}},{"type":"Feature","properties":{"id":"s244","name":"Rybnik Śródmieście Plac Wolności 1","bus":1,"tram":0,"n":18,"imp":0.438,"node":1,"deg":7,"term":1,"major":1},"geometry":{"type":"Point","coordinates":[18.551666,50.085163]}},{"type":"Feature","properties":{"id":"s245","name":"Rybnik Śródmieście Plac Wolności 2","bus":1,"tram":0,"n":16,"imp":0.559,"node":1,"deg":7,"term":1,"major":1},"geometry":{"type":"Point","coordinates":[18.548921,50.083401]}},{"type":"Feature","properties":{"id":"s246","name":"Rybnik Śródmieście Plac Wolności 3","bus":1,"tram":0,"n":14,"imp":0.394,"node":1,"deg":4,"term":1,"major":1},"geometry":{"type":"Point","coordinates":[18.548921,50.085163]}},{"type":"Feature","properties":{"id":"s247","name":"Rybnik Maroko Nowiny Dworzec Aut. A","bus":1,"tram":0,"n":27,"imp":1,"node":1,"deg":10,"term":1,"major":1},"geometry":{"type":"Point","coordinates":[18.540689,50.086926]}},{"type":"Feature","properties":{"id":"s248","name":"Świerklany Plebiscytowa","bus":1,"tram":0,"n":2,"imp":0.062,"node":0,"deg":2,"term":0,"major":0},"geometry":{"type":"Point","coordinates":[18.595573,50.037227]}},{"type":"Feature","properties":{"id":"s249","name":"Świerklany Górne","bus":1,"tram":0,"n":5,"imp":0.156,"node":1,"deg":5,"term":0,"major":1},"geometry":{"type":"Point","coordinates":[18.595573,50.028758]}},{"type":"Feature","properties":{"id":"s250","name":"Świerklany Piekarnia","bus":1,"tram":0,"n":5,"imp":0.105,"node":0,"deg":2,"term":0,"major":0},"geometry":{"type":"Point","coordinates":[18.583057,50.036797]}},{"type":"Feature","properties":{"id":"s251","name":"Rybnik Gotartowice Gotartowicka","bus":1,"tram":0,"n":3,"imp":0.077,"node":0,"deg":2,"term":0,"major":0},"geometry":{"type":"Point","coordinates":[18.604184,50.069543]}},{"type":"Feature","properties":{"id":"s252","name":"Czernica Ośrodek Zdrowia","bus":1,"tram":0,"n":1,"imp":0.048,"node":0,"deg":2,"term":0,"major":0},"geometry":{"type":"Point","coordinates":[18.464588,50.06801]}},{"type":"Feature","properties":{"id":"s253","name":"Rybnik Niewiadom Morcinka","bus":1,"tram":0,"n":1,"imp":0.052,"node":1,"deg":1,"term":1,"major":0},"geometry":{"type":"Point","coordinates":[18.485805,50.053435]}},{"type":"Feature","properties":{"id":"s254","name":"Świerklany Ośrodek Zdrowia","bus":1,"tram":0,"n":2,"imp":0.079,"node":1,"deg":3,"term":0,"major":0},"geometry":{"type":"Point","coordinates":[18.595573,50.025233]}},{"type":"Feature","properties":{"id":"s255","name":"Świerklany Dolne","bus":1,"tram":0,"n":3,"imp":0.136,"node":1,"deg":3,"term":1,"major":0},"geometry":{"type":"Point","coordinates":[18.581852,50.014657]}},{"type":"Feature","properties":{"id":"s256","name":"Świerklany Szkoła Gimnazjum","bus":1,"tram":0,"n":2,"imp":0.062,"node":0,"deg":2,"term":0,"major":0},"geometry":{"type":"Point","coordinates":[18.58734,50.009755]}},{"type":"Feature","properties":{"id":"s257","name":"Świerklany Bar Karliczek","bus":1,"tram":0,"n":2,"imp":0.062,"node":0,"deg":2,"term":0,"major":0},"geometry":{"type":"Point","coordinates":[18.58734,50.003392]}},{"type":"Feature","properties":{"id":"s258","name":"Świerklany Szyb","bus":1,"tram":0,"n":2,"imp":0.088,"node":1,"deg":1,"term":1,"major":0},"geometry":{"type":"Point","coordinates":[18.58734,49.99703]}},{"type":"Feature","properties":{"id":"s259","name":"Jejkowice Sumińska","bus":1,"tram":0,"n":1,"imp":0.048,"node":0,"deg":2,"term":0,"major":0},"geometry":{"type":"Point","coordinates":[18.494723,50.081638]}},{"type":"Feature","properties":{"id":"s260","name":"Szczerbice Kaplica","bus":1,"tram":0,"n":1,"imp":0.048,"node":0,"deg":2,"term":0,"major":0},"geometry":{"type":"Point","coordinates":[18.489921,50.081638]}},{"type":"Feature","properties":{"id":"s261","name":"Gaszowice Las","bus":1,"tram":0,"n":1,"imp":0.048,"node":0,"deg":2,"term":0,"major":0},"geometry":{"type":"Point","coordinates":[18.485119,50.081638]}},{"type":"Feature","properties":{"id":"s262","name":"Rybnik Grabownia Nowa Grabownia","bus":1,"tram":0,"n":2,"imp":0.062,"node":0,"deg":2,"term":0,"major":0},"geometry":{"type":"Point","coordinates":[18.546177,50.101027]}},{"type":"Feature","properties":{"id":"s263","name":"Rybnik Grabownia Sklep","bus":1,"tram":0,"n":2,"imp":0.062,"node":0,"deg":2,"term":0,"major":0},"geometry":{"type":"Point","coordinates":[18.540689,50.101027]}},{"type":"Feature","properties":{"id":"s264","name":"Marklowice Wiosny Ludów Widokowa","bus":1,"tram":0,"n":3,"imp":0.077,"node":0,"deg":2,"term":0,"major":0},"geometry":{"type":"Point","coordinates":[18.507758,50.024467]}},{"type":"Feature","properties":{"id":"s265","name":"Żory Rybnicka Świetlica","bus":1,"tram":0,"n":3,"imp":0.094,"node":1,"deg":3,"term":0,"major":0},"geometry":{"type":"Point","coordinates":[18.636736,50.062249]}},{"type":"Feature","properties":{"id":"s266","name":"Rybnik Rybnicka Kuźnia Boisko","bus":1,"tram":0,"n":3,"imp":0.077,"node":0,"deg":2,"term":0,"major":0},"geometry":{"type":"Point","coordinates":[18.548921,50.097502]}},{"type":"Feature","properties":{"id":"s267","name":"Rybnik Niewiadom Kol Helena","bus":1,"tram":0,"n":4,"imp":0.125,"node":1,"deg":4,"term":0,"major":0},"geometry":{"type":"Point","coordinates":[18.496781,50.067537]}},{"type":"Feature","properties":{"id":"s269","name":"Rybnik Smolna Rondo Wodzisławskie","bus":1,"tram":0,"n":7,"imp":0.167,"node":1,"deg":4,"term":0,"major":1},"geometry":{"type":"Point","coordinates":[18.543433,50.078113]}},{"type":"Feature","properties":{"id":"s270","name":"Rybnik Maroko Nowiny Żołędziowa","bus":1,"tram":0,"n":7,"imp":0.15,"node":1,"deg":3,"term":0,"major":0},"geometry":{"type":"Point","coordinates":[18.537945,50.085163]}},{"type":"Feature","properties":{"id":"s271","name":"Rybnik Rybnicka Kuźnia Chłodnie Pętla","bus":1,"tram":0,"n":5,"imp":0.19,"node":1,"deg":2,"term":1,"major":1},"geometry":{"type":"Point","coordinates":[18.543433,50.099265]}},{"type":"Feature","properties":{"id":"s272","name":"Rybnik Boguszowice Stare Błękitna","bus":1,"tram":0,"n":5,"imp":0.139,"node":1,"deg":4,"term":0,"major":0},"geometry":{"type":"Point","coordinates":[18.590084,50.058723]}},{"type":"Feature","properties":{"id":"s273","name":"Żory Rybnicka Rondo","bus":1,"tram":0,"n":3,"imp":0.094,"node":1,"deg":3,"term":0,"major":0},"geometry":{"type":"Point","coordinates":[18.647713,50.056961]}},{"type":"Feature","properties":{"id":"s274","name":"Marklowice Dolne","bus":1,"tram":0,"n":4,"imp":0.163,"node":1,"deg":5,"term":1,"major":1},"geometry":{"type":"Point","coordinates":[18.510502,50.018182]}},{"type":"Feature","properties":{"id":"s275","name":"Marklowice Słoneczna Wyspa","bus":1,"tram":0,"n":1,"imp":0.052,"node":1,"deg":1,"term":1,"major":0},"geometry":{"type":"Point","coordinates":[18.515991,50.014657]}},{"type":"Feature","properties":{"id":"s276","name":"Radlin Ujejskiego","bus":1,"tram":0,"n":3,"imp":0.123,"node":1,"deg":1,"term":1,"major":0},"geometry":{"type":"Point","coordinates":[18.496781,50.039334]}},{"type":"Feature","properties":{"id":"s277","name":"Rybnik Maroko Nowiny Krakusa","bus":1,"tram":0,"n":1,"imp":0.065,"node":1,"deg":3,"term":0,"major":0},"geometry":{"type":"Point","coordinates":[18.529712,50.086926]}},{"type":"Feature","properties":{"id":"s278","name":"Rybnik Orzepowice Rondo","bus":1,"tram":0,"n":1,"imp":0.048,"node":0,"deg":2,"term":0,"major":0},"geometry":{"type":"Point","coordinates":[18.534397,50.089935]}},{"type":"Feature","properties":{"id":"s279","name":"Rybnik Orzepowice Rondo","bus":1,"tram":0,"n":1,"imp":0.048,"node":0,"deg":2,"term":0,"major":0},"geometry":{"type":"Point","coordinates":[18.534397,50.089935]}},{"type":"Feature","properties":{"id":"s280","name":"Rybnik Orzepowice Góreckiego","bus":1,"tram":0,"n":1,"imp":0.048,"node":0,"deg":2,"term":0,"major":0},"geometry":{"type":"Point","coordinates":[18.526282,50.088248]}},{"type":"Feature","properties":{"id":"s281","name":"Rybnik Zebrzydowice Przedmieście","bus":1,"tram":0,"n":1,"imp":0.048,"node":0,"deg":2,"term":0,"major":0},"geometry":{"type":"Point","coordinates":[18.519421,50.083841]}},{"type":"Feature","properties":{"id":"s282","name":"Rybnik Zebrzydowice Kasztanowa","bus":1,"tram":0,"n":1,"imp":0.048,"node":0,"deg":2,"term":0,"major":0},"geometry":{"type":"Point","coordinates":[18.518735,50.075437]}},{"type":"Feature","properties":{"id":"s283","name":"Rybnik Zebrzydowice Las","bus":1,"tram":0,"n":1,"imp":0.048,"node":0,"deg":2,"term":0,"major":0},"geometry":{"type":"Point","coordinates":[18.514785,50.07205]}},{"type":"Feature","properties":{"id":"s284","name":"Rybnik Niedobczyce Garbocze","bus":1,"tram":0,"n":1,"imp":0.048,"node":0,"deg":2,"term":0,"major":0},"geometry":{"type":"Point","coordinates":[18.5099,50.068912]}},{"type":"Feature","properties":{"id":"s285","name":"Rybnik Popielów Worcella","bus":1,"tram":0,"n":3,"imp":0.077,"node":0,"deg":2,"term":0,"major":0},"geometry":{"type":"Point","coordinates":[18.508673,50.056373]}},{"type":"Feature","properties":{"id":"s286","name":"Rybnik Orzepowice Łączna","bus":1,"tram":0,"n":1,"imp":0.048,"node":0,"deg":2,"term":0,"major":0},"geometry":{"type":"Point","coordinates":[18.522851,50.086045]}},{"type":"Feature","properties":{"id":"s287","name":"Rybnik Zebrzydowice Szkoła","bus":1,"tram":0,"n":1,"imp":0.07,"node":1,"deg":2,"term":1,"major":0},"geometry":{"type":"Point","coordinates":[18.515991,50.081638]}},{"type":"Feature","properties":{"id":"s288","name":"Rybnik Niewiadom Sportowa","bus":1,"tram":0,"n":6,"imp":0.191,"node":1,"deg":5,"term":1,"major":1},"geometry":{"type":"Point","coordinates":[18.491293,50.053435]}},{"type":"Feature","properties":{"id":"s289","name":"Rybnik Ligota Ligocka Kuźnia Wolna","bus":1,"tram":0,"n":3,"imp":0.077,"node":0,"deg":2,"term":0,"major":0},"geometry":{"type":"Point","coordinates":[18.598474,50.079775]}},{"type":"Feature","properties":{"id":"s290","name":"Rybnik Stodoły Stadnina","bus":1,"tram":0,"n":1,"imp":0.048,"node":0,"deg":2,"term":0,"major":0},"geometry":{"type":"Point","coordinates":[18.516152,50.102687]}},{"type":"Feature","properties":{"id":"s291","name":"Rybnik Chwałęcice Szkoła","bus":1,"tram":0,"n":1,"imp":0.048,"node":0,"deg":2,"term":0,"major":0},"geometry":{"type":"Point","coordinates":[18.518735,50.093977]}},{"type":"Feature","properties":{"id":"s293","name":"Rybnik Północ Żużlowa","bus":1,"tram":0,"n":1,"imp":0.048,"node":0,"deg":2,"term":0,"major":0},"geometry":{"type":"Point","coordinates":[18.554946,50.09187]}},{"type":"Feature","properties":{"id":"s294","name":"Rybnik Śródmieście Jankowicka","bus":1,"tram":0,"n":3,"imp":0.094,"node":1,"deg":3,"term":0,"major":0},"geometry":{"type":"Point","coordinates":[18.5352,50.072825]}},{"type":"Feature","properties":{"id":"s295","name":"Rybnik Chwałowice Śląska","bus":1,"tram":0,"n":3,"imp":0.077,"node":0,"deg":2,"term":0,"major":0},"geometry":{"type":"Point","coordinates":[18.546338,50.069403]}},{"type":"Feature","properties":{"id":"s296","name":"Rybnik Północ Strzelecka","bus":1,"tram":0,"n":1,"imp":0.048,"node":0,"deg":2,"term":0,"major":0},"geometry":{"type":"Point","coordinates":[18.557422,50.090279]}},{"type":"Feature","properties":{"id":"s297","name":"Rybnik Śródmieście Plac Wolności 3 kon","bus":1,"tram":0,"n":1,"imp":0.052,"node":1,"deg":1,"term":1,"major":0},"geometry":{"type":"Point","coordinates":[18.55441,50.088689]}},{"type":"Feature","properties":{"id":"s298","name":"Radlin Rogozina","bus":1,"tram":0,"n":6,"imp":0.136,"node":1,"deg":3,"term":0,"major":0},"geometry":{"type":"Point","coordinates":[18.494037,50.051673]}},{"type":"Feature","properties":{"id":"s299","name":"Rybnik Śródmieście Reymonta ZUS","bus":1,"tram":0,"n":5,"imp":0.139,"node":1,"deg":4,"term":0,"major":0},"geometry":{"type":"Point","coordinates":[18.540689,50.078113]}},{"type":"Feature","properties":{"id":"s300","name":"Radlin Korfantego Makuszyńskiego","bus":1,"tram":0,"n":9,"imp":0.162,"node":0,"deg":2,"term":0,"major":1},"geometry":{"type":"Point","coordinates":[18.493635,50.043117]}},{"type":"Feature","properties":{"id":"s301","name":"Wilcza Skrzyżowanie","bus":1,"tram":0,"n":1,"imp":0.052,"node":1,"deg":1,"term":1,"major":0},"geometry":{"type":"Point","coordinates":[18.573619,50.118654]}},{"type":"Feature","properties":{"id":"s302","name":"Rybnik Meksyk Kolejowa","bus":1,"tram":0,"n":1,"imp":0.07,"node":1,"deg":2,"term":1,"major":0},"geometry":{"type":"Point","coordinates":[18.559898,50.078113]}},{"type":"Feature","properties":{"id":"s303","name":"Radlin Miasteczko Ruchu Drogowego","bus":1,"tram":0,"n":2,"imp":0.096,"node":1,"deg":4,"term":0,"major":0},"geometry":{"type":"Point","coordinates":[18.496781,50.044622]}},{"type":"Feature","properties":{"id":"s304","name":"Radlin Ośrodek Zdrowia","bus":1,"tram":0,"n":2,"imp":0.113,"node":1,"deg":5,"term":0,"major":0},"geometry":{"type":"Point","coordinates":[18.50227,50.044622]}},{"type":"Feature","properties":{"id":"s305","name":"Zwonowice Dębce","bus":1,"tram":0,"n":1,"imp":0.048,"node":0,"deg":2,"term":0,"major":0},"geometry":{"type":"Point","coordinates":[18.489353,50.090968]}},{"type":"Feature","properties":{"id":"s306","name":"Lyski Las","bus":1,"tram":0,"n":1,"imp":0.048,"node":0,"deg":2,"term":0,"major":0},"geometry":{"type":"Point","coordinates":[18.47523,50.085422]}},{"type":"Feature","properties":{"id":"s307","name":"Rybnik Gotartowice Zgodna","bus":1,"tram":0,"n":4,"imp":0.125,"node":1,"deg":4,"term":0,"major":0},"geometry":{"type":"Point","coordinates":[18.612038,50.071062]}},{"type":"Feature","properties":{"id":"s308","name":"Rybnik Maroko Nowiny Zielona","bus":1,"tram":0,"n":5,"imp":0.143,"node":1,"deg":3,"term":1,"major":0},"geometry":{"type":"Point","coordinates":[18.532456,50.081638]}},{"type":"Feature","properties":{"id":"s309","name":"Rybnik Gotartowice Rondo Sygnały","bus":1,"tram":0,"n":3,"imp":0.153,"node":1,"deg":4,"term":1,"major":1},"geometry":{"type":"Point","coordinates":[18.60655,50.074587]}},{"type":"Feature","properties":{"id":"s310","name":"Rybnik Popielów Cmentarz","bus":1,"tram":0,"n":1,"imp":0.048,"node":0,"deg":2,"term":0,"major":0},"geometry":{"type":"Point","coordinates":[18.520408,50.055198]}},{"type":"Feature","properties":{"id":"s311","name":"Rybnik Paruszowiec Piaski Dworzec Kolejowy","bus":1,"tram":0,"n":11,"imp":0.275,"node":1,"deg":7,"term":0,"major":1},"geometry":{"type":"Point","coordinates":[18.568131,50.086926]}},{"type":"Feature","properties":{"id":"s312","name":"Rybnik Zamysłów Pod Lasem","bus":1,"tram":0,"n":1,"imp":0.048,"node":0,"deg":2,"term":0,"major":0},"geometry":{"type":"Point","coordinates":[18.519539,50.072825]}},{"type":"Feature","properties":{"id":"s313","name":"Rybnik Zebrzydowice Zebrzydowicka","bus":1,"tram":0,"n":7,"imp":0.133,"node":0,"deg":2,"term":0,"major":0},"geometry":{"type":"Point","coordinates":[18.51405,50.079875]}},{"type":"Feature","properties":{"id":"s314","name":"Rybnik Boguszowice Stare Zadumy","bus":1,"tram":0,"n":1,"imp":0.048,"node":0,"deg":2,"term":0,"major":0},"geometry":{"type":"Point","coordinates":[18.61244,50.057219]}},{"type":"Feature","properties":{"id":"s315","name":"Rydułtowy Ładna","bus":1,"tram":0,"n":6,"imp":0.238,"node":1,"deg":9,"term":0,"major":1},"geometry":{"type":"Point","coordinates":[18.472084,50.055198]}},{"type":"Feature","properties":{"id":"s316","name":"Leszczyny Skrzyżowanie","bus":1,"tram":0,"n":4,"imp":0.159,"node":1,"deg":6,"term":0,"major":1},"geometry":{"type":"Point","coordinates":[18.612038,50.097502]}},{"type":"Feature","properties":{"id":"s317","name":"Rybnik Paruszowiec Piaski Stawowa","bus":1,"tram":0,"n":2,"imp":0.062,"node":0,"deg":2,"term":0,"major":0},"geometry":{"type":"Point","coordinates":[18.572169,50.086926]}},{"type":"Feature","properties":{"id":"s318","name":"Rydułtowy Bednorz","bus":1,"tram":0,"n":7,"imp":0.189,"node":1,"deg":4,"term":1,"major":1},"geometry":{"type":"Point","coordinates":[18.494037,50.065774]}},{"type":"Feature","properties":{"id":"s319","name":"Al. Niepodległości","bus":1,"tram":0,"n":13,"imp":0.252,"node":1,"deg":4,"term":0,"major":1},"geometry":{"type":"Point","coordinates":[18.65869,50.041097]}},{"type":"Feature","properties":{"id":"s320","name":"Al. Jana Pawła II Bajerówka","bus":1,"tram":0,"n":7,"imp":0.24,"node":1,"deg":2,"term":1,"major":1},"geometry":{"type":"Point","coordinates":[18.653201,50.032283]}},{"type":"Feature","properties":{"id":"s321","name":"Al. Jana Pawła II - Towarowa","bus":1,"tram":0,"n":5,"imp":0.122,"node":1,"deg":3,"term":0,"major":0},"geometry":{"type":"Point","coordinates":[18.653201,50.021707]}},{"type":"Feature","properties":{"id":"s322","name":"Dworcowa","bus":1,"tram":0,"n":4,"imp":0.159,"node":1,"deg":6,"term":0,"major":1},"geometry":{"type":"Point","coordinates":[18.664178,50.042859]}},{"type":"Feature","properties":{"id":"s323","name":"Mikołowska - Dębowa","bus":1,"tram":0,"n":1,"imp":0.048,"node":0,"deg":2,"term":0,"major":0},"geometry":{"type":"Point","coordinates":[18.66902,50.047732]}},{"type":"Feature","properties":{"id":"s324","name":"Boczna - Klonowa","bus":1,"tram":0,"n":1,"imp":0.07,"node":1,"deg":2,"term":1,"major":0},"geometry":{"type":"Point","coordinates":[18.672411,50.04991]}},{"type":"Feature","properties":{"id":"s325","name":"Boczna - Park Przemysłowy","bus":1,"tram":0,"n":1,"imp":0.048,"node":0,"deg":2,"term":0,"major":0},"geometry":{"type":"Point","coordinates":[18.672411,50.048492]}},{"type":"Feature","properties":{"id":"s326","name":"Brzozowa","bus":1,"tram":0,"n":1,"imp":0.048,"node":0,"deg":2,"term":0,"major":0},"geometry":{"type":"Point","coordinates":[18.671228,50.047388]}},{"type":"Feature","properties":{"id":"s327","name":"Leśna Miasteczko Westernowe","bus":1,"tram":0,"n":1,"imp":0.07,"node":1,"deg":2,"term":1,"major":0},"geometry":{"type":"Point","coordinates":[18.675155,50.042859]}},{"type":"Feature","properties":{"id":"s328","name":"Osińska Korfantego","bus":1,"tram":0,"n":3,"imp":0.094,"node":1,"deg":3,"term":0,"major":0},"geometry":{"type":"Point","coordinates":[18.664178,50.034046]}},{"type":"Feature","properties":{"id":"s329","name":"Skrzyżowanie","bus":1,"tram":0,"n":1,"imp":0.048,"node":0,"deg":2,"term":0,"major":0},"geometry":{"type":"Point","coordinates":[18.608065,50.025233]}},{"type":"Feature","properties":{"id":"s330","name":"Dąbrowskiego","bus":1,"tram":0,"n":3,"imp":0.094,"node":1,"deg":3,"term":0,"major":0},"geometry":{"type":"Point","coordinates":[18.655945,50.037571]}},{"type":"Feature","properties":{"id":"s331","name":"Reja","bus":1,"tram":0,"n":1,"imp":0.048,"node":0,"deg":2,"term":0,"major":0},"geometry":{"type":"Point","coordinates":[18.640311,50.052901]}},{"type":"Feature","properties":{"id":"s332","name":"Rondo Gliwickie","bus":1,"tram":0,"n":1,"imp":0.048,"node":0,"deg":2,"term":0,"major":0},"geometry":{"type":"Point","coordinates":[18.63948,50.056583]}},{"type":"Feature","properties":{"id":"s333","name":"Wolontariuszy - Promienna","bus":1,"tram":0,"n":2,"imp":0.062,"node":0,"deg":2,"term":0,"major":0},"geometry":{"type":"Point","coordinates":[18.660748,50.028317]}},{"type":"Feature","properties":{"id":"s334","name":"Wolontariuszy - Osińska","bus":1,"tram":0,"n":2,"imp":0.062,"node":0,"deg":2,"term":0,"major":0},"geometry":{"type":"Point","coordinates":[18.662806,50.029639]}},{"type":"Feature","properties":{"id":"s335","name":"Bankowa","bus":1,"tram":0,"n":2,"imp":0.062,"node":0,"deg":2,"term":0,"major":0},"geometry":{"type":"Point","coordinates":[18.664864,50.030961]}},{"type":"Feature","properties":{"id":"s336","name":"Żołnierzy Września - Parking","bus":1,"tram":0,"n":2,"imp":0.062,"node":0,"deg":2,"term":0,"major":0},"geometry":{"type":"Point","coordinates":[18.655945,50.029346]}},{"type":"Feature","properties":{"id":"s337","name":"Żołnierzy Września","bus":1,"tram":0,"n":2,"imp":0.079,"node":1,"deg":3,"term":0,"major":0},"geometry":{"type":"Point","coordinates":[18.655945,50.028758]}},{"type":"Feature","properties":{"id":"s338","name":"Armii Krajowej - Malinowa","bus":1,"tram":0,"n":2,"imp":0.062,"node":0,"deg":2,"term":0,"major":0},"geometry":{"type":"Point","coordinates":[18.655945,50.029933]}},{"type":"Feature","properties":{"id":"s339","name":"Al. Zjednoczonej Europy - Szpital","bus":1,"tram":0,"n":2,"imp":0.13,"node":1,"deg":6,"term":0,"major":0},"geometry":{"type":"Point","coordinates":[18.661434,50.032283]}},{"type":"Feature","properties":{"id":"s340","name":"Nowopszczyńska - Rondo","bus":1,"tram":0,"n":2,"imp":0.062,"node":0,"deg":2,"term":0,"major":0},"geometry":{"type":"Point","coordinates":[18.668294,50.040215]}},{"type":"Feature","properties":{"id":"s341","name":"Nowopszczyńska - Wyzwolenia","bus":1,"tram":0,"n":2,"imp":0.079,"node":1,"deg":3,"term":0,"major":0},"geometry":{"type":"Point","coordinates":[18.672411,50.037571]}},{"type":"Feature","properties":{"id":"s342","name":"Nowopszczyńska - Szkoła","bus":1,"tram":0,"n":2,"imp":0.062,"node":0,"deg":2,"term":0,"major":0},"geometry":{"type":"Point","coordinates":[18.674619,50.037571]}},{"type":"Feature","properties":{"id":"s343","name":"Pszczyńska - Las","bus":1,"tram":0,"n":2,"imp":0.062,"node":0,"deg":2,"term":0,"major":0},"geometry":{"type":"Point","coordinates":[18.676337,50.036812]}},{"type":"Feature","properties":{"id":"s344","name":"Pszczyńska - Targowa","bus":1,"tram":0,"n":2,"imp":0.096,"node":1,"deg":4,"term":0,"major":0},"geometry":{"type":"Point","coordinates":[18.677899,50.035809]}},{"type":"Feature","properties":{"id":"s345","name":"Przyjazna","bus":1,"tram":0,"n":1,"imp":0.07,"node":1,"deg":2,"term":1,"major":0},"geometry":{"type":"Point","coordinates":[18.683387,50.035809]}},{"type":"Feature","properties":{"id":"s346","name":"Jasna","bus":1,"tram":0,"n":1,"imp":0.052,"node":1,"deg":1,"term":1,"major":0},"geometry":{"type":"Point","coordinates":[18.683387,50.042859]}},{"type":"Feature","properties":{"id":"s347","name":"Osińska - Za Targiem","bus":1,"tram":0,"n":1,"imp":0.048,"node":0,"deg":2,"term":0,"major":0},"geometry":{"type":"Point","coordinates":[18.662806,50.033165]}},{"type":"Feature","properties":{"id":"s348","name":"Osińska - Wisus","bus":1,"tram":0,"n":1,"imp":0.048,"node":0,"deg":2,"term":0,"major":0},"geometry":{"type":"Point","coordinates":[18.661836,50.027253]}},{"type":"Feature","properties":{"id":"s349","name":"Osińska - Żłobek","bus":1,"tram":0,"n":1,"imp":0.048,"node":0,"deg":2,"term":0,"major":0},"geometry":{"type":"Point","coordinates":[18.661836,50.027253]}},{"type":"Feature","properties":{"id":"s350","name":"Główna - Spółdzielcza","bus":1,"tram":0,"n":1,"imp":0.082,"node":1,"deg":4,"term":0,"major":0},"geometry":{"type":"Point","coordinates":[18.661434,50.021707]}},{"type":"Feature","properties":{"id":"s351","name":"Osińska - Warszowicka","bus":1,"tram":0,"n":1,"imp":0.048,"node":0,"deg":2,"term":0,"major":0},"geometry":{"type":"Point","coordinates":[18.661434,50.019063]}},{"type":"Feature","properties":{"id":"s352","name":"Osińska - Warszowicka","bus":1,"tram":0,"n":1,"imp":0.048,"node":0,"deg":2,"term":0,"major":0},"geometry":{"type":"Point","coordinates":[18.661434,50.019063]}},{"type":"Feature","properties":{"id":"s353","name":"Główna - Remiza","bus":1,"tram":0,"n":1,"imp":0.065,"node":1,"deg":3,"term":0,"major":0},"geometry":{"type":"Point","coordinates":[18.661434,50.016419]}},{"type":"Feature","properties":{"id":"s354","name":"Główna - Wąwozowa","bus":1,"tram":0,"n":1,"imp":0.048,"node":0,"deg":2,"term":0,"major":0},"geometry":{"type":"Point","coordinates":[18.657719,50.014033]}},{"type":"Feature","properties":{"id":"s355","name":"Główna Pętla","bus":1,"tram":0,"n":2,"imp":0.101,"node":1,"deg":3,"term":1,"major":0},"geometry":{"type":"Point","coordinates":[18.655945,50.011131]}},{"type":"Feature","properties":{"id":"s356","name":"Pukowca - Strażacka","bus":1,"tram":0,"n":1,"imp":0.082,"node":1,"deg":4,"term":0,"major":0},"geometry":{"type":"Point","coordinates":[18.669666,50.02347]}},{"type":"Feature","properties":{"id":"s357","name":"Pukowca - Zamkowa","bus":1,"tram":0,"n":1,"imp":0.065,"node":1,"deg":3,"term":0,"major":0},"geometry":{"type":"Point","coordinates":[18.672411,50.021707]}},{"type":"Feature","properties":{"id":"s358","name":"Pukowca - Mała","bus":1,"tram":0,"n":1,"imp":0.048,"node":0,"deg":2,"term":0,"major":0},"geometry":{"type":"Point","coordinates":[18.67424,50.020532]}},{"type":"Feature","properties":{"id":"s359","name":"Pukowca - Pętla","bus":1,"tram":0,"n":1,"imp":0.07,"node":1,"deg":2,"term":1,"major":0},"geometry":{"type":"Point","coordinates":[18.675155,50.019945]}},{"type":"Feature","properties":{"id":"s360","name":"Dworska - Pukowca","bus":1,"tram":0,"n":1,"imp":0.048,"node":0,"deg":2,"term":0,"major":0},"geometry":{"type":"Point","coordinates":[18.675155,50.018535]}},{"type":"Feature","properties":{"id":"s361","name":"Dworska - Turkusowa","bus":1,"tram":0,"n":1,"imp":0.048,"node":0,"deg":2,"term":0,"major":0},"geometry":{"type":"Point","coordinates":[18.675155,50.015714]}},{"type":"Feature","properties":{"id":"s362","name":"Kawowa - Pętla","bus":1,"tram":0,"n":1,"imp":0.048,"node":0,"deg":2,"term":0,"major":0},"geometry":{"type":"Point","coordinates":[18.671038,50.022589]}},{"type":"Feature","properties":{"id":"s363","name":"Wygoda Północna","bus":1,"tram":0,"n":1,"imp":0.07,"node":1,"deg":2,"term":1,"major":0},"geometry":{"type":"Point","coordinates":[18.653201,50.053435]}},{"type":"Feature","properties":{"id":"s364","name":"Przemysłowa - Rybnicka","bus":1,"tram":0,"n":1,"imp":0.048,"node":0,"deg":2,"term":0,"major":0},"geometry":{"type":"Point","coordinates":[18.647713,50.050867]}},{"type":"Feature","properties":{"id":"s365","name":"Przemysłowa","bus":1,"tram":0,"n":1,"imp":0.048,"node":0,"deg":2,"term":0,"major":0},"geometry":{"type":"Point","coordinates":[18.649487,50.048771]}},{"type":"Feature","properties":{"id":"s366","name":"Ogniowa","bus":1,"tram":0,"n":1,"imp":0.048,"node":0,"deg":2,"term":0,"major":0},"geometry":{"type":"Point","coordinates":[18.652314,50.046954]}},{"type":"Feature","properties":{"id":"s367","name":"Wodzisławska - Miła","bus":1,"tram":0,"n":2,"imp":0.062,"node":0,"deg":2,"term":0,"major":0},"geometry":{"type":"Point","coordinates":[18.652552,50.039334]}},{"type":"Feature","properties":{"id":"s368","name":"Wodzisławska - Kominka","bus":1,"tram":0,"n":2,"imp":0.062,"node":0,"deg":2,"term":0,"major":0},"geometry":{"type":"Point","coordinates":[18.649538,50.038744]}},{"type":"Feature","properties":{"id":"s369","name":"Wodzisławska - Zbożowa","bus":1,"tram":0,"n":2,"imp":0.062,"node":0,"deg":2,"term":0,"major":0},"geometry":{"type":"Point","coordinates":[18.647139,50.037203]}},{"type":"Feature","properties":{"id":"s370","name":"Wodzisławska - Kiepury","bus":1,"tram":0,"n":2,"imp":0.062,"node":0,"deg":2,"term":0,"major":0},"geometry":{"type":"Point","coordinates":[18.644739,50.035661]}},{"type":"Feature","properties":{"id":"s371","name":"Wodzisławska - Stroma","bus":1,"tram":0,"n":2,"imp":0.062,"node":0,"deg":2,"term":0,"major":0},"geometry":{"type":"Point","coordinates":[18.642339,50.03412]}},{"type":"Feature","properties":{"id":"s372","name":"Wodzisławska - Spokojna","bus":1,"tram":0,"n":2,"imp":0.062,"node":0,"deg":2,"term":0,"major":0},"geometry":{"type":"Point","coordinates":[18.639939,50.032578]}},{"type":"Feature","properties":{"id":"s373","name":"Gwarków","bus":1,"tram":0,"n":2,"imp":0.079,"node":1,"deg":3,"term":0,"major":0},"geometry":{"type":"Point","coordinates":[18.636736,50.032283]}},{"type":"Feature","properties":{"id":"s374","name":"Gwarków Osiedle","bus":1,"tram":0,"n":2,"imp":0.084,"node":1,"deg":2,"term":1,"major":0},"geometry":{"type":"Point","coordinates":[18.636736,50.037571]}},{"type":"Feature","properties":{"id":"s375","name":"Boguszowicka","bus":1,"tram":0,"n":1,"imp":0.07,"node":1,"deg":2,"term":1,"major":0},"geometry":{"type":"Point","coordinates":[18.620271,50.039334]}},{"type":"Feature","properties":{"id":"s376","name":"Wodzisławska - Kłokocińska","bus":1,"tram":0,"n":1,"imp":0.048,"node":0,"deg":2,"term":0,"major":0},"geometry":{"type":"Point","coordinates":[18.63262,50.032283]}},{"type":"Feature","properties":{"id":"s377","name":"Polska","bus":1,"tram":0,"n":1,"imp":0.048,"node":0,"deg":2,"term":0,"major":0},"geometry":{"type":"Point","coordinates":[18.669666,50.034046]}},{"type":"Feature","properties":{"id":"s378","name":"Francuska","bus":1,"tram":0,"n":1,"imp":0.087,"node":1,"deg":3,"term":1,"major":0},"geometry":{"type":"Point","coordinates":[18.672411,50.035809]}},{"type":"Feature","properties":{"id":"s379","name":"Al. Zjednoczonej Europy - Boryńska","bus":1,"tram":0,"n":2,"imp":0.062,"node":0,"deg":2,"term":0,"major":0},"geometry":{"type":"Point","coordinates":[18.662806,50.032283]}},{"type":"Feature","properties":{"id":"s380","name":"Kościuszki - Zjedn. Europy","bus":1,"tram":0,"n":2,"imp":0.079,"node":1,"deg":3,"term":0,"major":0},"geometry":{"type":"Point","coordinates":[18.669666,50.030521]}},{"type":"Feature","properties":{"id":"s381","name":"Kościuszki - Zamkowa","bus":1,"tram":0,"n":2,"imp":0.079,"node":1,"deg":3,"term":0,"major":0},"geometry":{"type":"Point","coordinates":[18.664178,50.02347]}},{"type":"Feature","properties":{"id":"s382","name":"Kościuszki - Francuska","bus":1,"tram":0,"n":2,"imp":0.079,"node":1,"deg":3,"term":0,"major":0},"geometry":{"type":"Point","coordinates":[18.666922,50.030521]}},{"type":"Feature","properties":{"id":"s383","name":"Al. Jana Pawła II - Spółdzielcza","bus":1,"tram":0,"n":5,"imp":0.156,"node":1,"deg":5,"term":0,"major":1},"geometry":{"type":"Point","coordinates":[18.655945,50.025233]}},{"type":"Feature","properties":{"id":"s384","name":"Al. Jana Pawła II - Industrialna","bus":1,"tram":0,"n":5,"imp":0.143,"node":1,"deg":3,"term":1,"major":0},"geometry":{"type":"Point","coordinates":[18.650457,50.021707]}},{"type":"Feature","properties":{"id":"s385","name":"Pszczyńska - Rondo","bus":1,"tram":0,"n":2,"imp":0.096,"node":1,"deg":4,"term":0,"major":0},"geometry":{"type":"Point","coordinates":[18.666922,50.039334]}},{"type":"Feature","properties":{"id":"s386","name":"Stodolna - Cmentarz","bus":1,"tram":0,"n":5,"imp":0.173,"node":1,"deg":6,"term":0,"major":1},"geometry":{"type":"Point","coordinates":[18.661434,50.039334]}},{"type":"Feature","properties":{"id":"s387","name":"Wodzisławska - Basen","bus":1,"tram":0,"n":5,"imp":0.139,"node":1,"deg":4,"term":0,"major":0},"geometry":{"type":"Point","coordinates":[18.655945,50.039334]}},{"type":"Feature","properties":{"id":"s388","name":"Al. Zjednoczonej Europy - Osińska","bus":1,"tram":0,"n":7,"imp":0.252,"node":1,"deg":9,"term":0,"major":1},"geometry":{"type":"Point","coordinates":[18.664178,50.032283]}},{"type":"Feature","properties":{"id":"s389","name":"Al. Zjednoczonej Europy - Okrężna","bus":1,"tram":0,"n":4,"imp":0.159,"node":1,"deg":6,"term":0,"major":1},"geometry":{"type":"Point","coordinates":[18.666922,50.032283]}},{"type":"Feature","properties":{"id":"s390","name":"Al. Wojska Polskiego - Rondo","bus":1,"tram":0,"n":2,"imp":0.062,"node":0,"deg":2,"term":0,"major":0},"geometry":{"type":"Point","coordinates":[18.657317,50.044622]}},{"type":"Feature","properties":{"id":"s391","name":"Al. Wojska Polskiego - Herberta","bus":1,"tram":0,"n":2,"imp":0.079,"node":1,"deg":3,"term":0,"major":0},"geometry":{"type":"Point","coordinates":[18.653201,50.044622]}},{"type":"Feature","properties":{"id":"s392","name":"Folwarecka - Ogródki","bus":1,"tram":0,"n":1,"imp":0.048,"node":0,"deg":2,"term":0,"major":0},"geometry":{"type":"Point","coordinates":[18.648905,50.047382]}},{"type":"Feature","properties":{"id":"s393","name":"Folwarecka - Pałki","bus":1,"tram":0,"n":1,"imp":0.048,"node":0,"deg":2,"term":0,"major":0},"geometry":{"type":"Point","coordinates":[18.644608,50.050142]}},{"type":"Feature","properties":{"id":"s394","name":"Rybnicka - Granica","bus":1,"tram":0,"n":2,"imp":0.088,"node":1,"deg":1,"term":1,"major":0},"geometry":{"type":"Point","coordinates":[18.628503,50.062249]}},{"type":"Feature","properties":{"id":"s395","name":"Wygoda","bus":1,"tram":0,"n":1,"imp":0.087,"node":1,"deg":3,"term":1,"major":0},"geometry":{"type":"Point","coordinates":[18.653201,50.056961]}},{"type":"Feature","properties":{"id":"s396","name":"Dworzec Kolejowy","bus":1,"tram":0,"n":2,"imp":0.079,"node":1,"deg":3,"term":0,"major":0},"geometry":{"type":"Point","coordinates":[18.669666,50.046385]}},{"type":"Feature","properties":{"id":"s397","name":"Leśna - Dworzec Kolejowy","bus":1,"tram":0,"n":1,"imp":0.048,"node":0,"deg":2,"term":0,"major":0},"geometry":{"type":"Point","coordinates":[18.669666,50.042859]}},{"type":"Feature","properties":{"id":"s398","name":"Mikołowska - Dworzec Kolejowy","bus":1,"tram":0,"n":1,"imp":0.048,"node":0,"deg":2,"term":0,"major":0},"geometry":{"type":"Point","coordinates":[18.665629,50.045554]}},{"type":"Feature","properties":{"id":"s399","name":"Al. Jana Pawła II - Sąd","bus":1,"tram":0,"n":10,"imp":0.21,"node":1,"deg":4,"term":0,"major":1},"geometry":{"type":"Point","coordinates":[18.65869,50.037571]}},{"type":"Feature","properties":{"id":"s400","name":"Dąbrowskiego - Szkoła","bus":1,"tram":0,"n":2,"imp":0.079,"node":1,"deg":3,"term":0,"major":0},"geometry":{"type":"Point","coordinates":[18.655945,50.034046]}},{"type":"Feature","properties":{"id":"s401","name":"Dąbrowskiego - Targowisko","bus":1,"tram":0,"n":2,"imp":0.079,"node":1,"deg":3,"term":0,"major":0},"geometry":{"type":"Point","coordinates":[18.65869,50.035809]}},{"type":"Feature","properties":{"id":"s402","name":"Okrężna - Promienna","bus":1,"tram":0,"n":2,"imp":0.079,"node":1,"deg":3,"term":0,"major":0},"geometry":{"type":"Point","coordinates":[18.65869,50.026995]}},{"type":"Feature","properties":{"id":"s403","name":"Al. Zjednoczonej Europy - Archiwum","bus":1,"tram":0,"n":3,"imp":0.132,"node":1,"deg":4,"term":1,"major":0},"geometry":{"type":"Point","coordinates":[18.655945,50.030521]}},{"type":"Feature","properties":{"id":"s404","name":"Kościuszki - Owocowa","bus":1,"tram":0,"n":2,"imp":0.079,"node":1,"deg":3,"term":0,"major":0},"geometry":{"type":"Point","coordinates":[18.666922,50.025233]}},{"type":"Feature","properties":{"id":"s405","name":"Górnicza - Basen","bus":1,"tram":0,"n":1,"imp":0.052,"node":1,"deg":1,"term":1,"major":0},"geometry":{"type":"Point","coordinates":[18.631247,50.042859]}},{"type":"Feature","properties":{"id":"s406","name":"Wodzisławska - Boguszowicka","bus":1,"tram":0,"n":1,"imp":0.065,"node":1,"deg":3,"term":0,"major":0},"geometry":{"type":"Point","coordinates":[18.628503,50.032283]}},{"type":"Feature","properties":{"id":"s407","name":"Wodzisławska - Jankowicka","bus":1,"tram":0,"n":1,"imp":0.048,"node":0,"deg":2,"term":0,"major":0},"geometry":{"type":"Point","coordinates":[18.61967,50.026609]}},{"type":"Feature","properties":{"id":"s408","name":"Dworska - Podlesie","bus":1,"tram":0,"n":1,"imp":0.048,"node":0,"deg":2,"term":0,"major":0},"geometry":{"type":"Point","coordinates":[18.675155,50.017124]}},{"type":"Feature","properties":{"id":"s409","name":"Szoszowska - Dworska","bus":1,"tram":0,"n":1,"imp":0.048,"node":0,"deg":2,"term":0,"major":0},"geometry":{"type":"Point","coordinates":[18.675155,50.014304]}},{"type":"Feature","properties":{"id":"s410","name":"Szoszowy - Stalmacha","bus":1,"tram":0,"n":1,"imp":0.052,"node":1,"deg":1,"term":1,"major":0},"geometry":{"type":"Point","coordinates":[18.675155,50.012894]}},{"type":"Feature","properties":{"id":"s411","name":"Pukowca - Szoszowska","bus":1,"tram":0,"n":1,"imp":0.048,"node":0,"deg":2,"term":0,"major":0},"geometry":{"type":"Point","coordinates":[18.673325,50.02112]}},{"type":"Feature","properties":{"id":"s412","name":"BEŁSZNICA, RACIBORSKA POLNA","bus":1,"tram":0,"n":1,"imp":0.048,"node":0,"deg":2,"term":0,"major":0},"geometry":{"type":"Point","coordinates":[18.466595,49.998793]}},{"type":"Feature","properties":{"id":"s413","name":"BEŁSZNICA, RACIBORSKA POLNA","bus":1,"tram":0,"n":1,"imp":0.048,"node":0,"deg":2,"term":0,"major":0},"geometry":{"type":"Point","coordinates":[18.461643,50.000211]}},{"type":"Feature","properties":{"id":"s414","name":"BEŁSZNICA, RACIBORSKA STAWOWA","bus":1,"tram":0,"n":1,"imp":0.065,"node":1,"deg":3,"term":0,"major":0},"geometry":{"type":"Point","coordinates":[18.458363,50.004081]}},{"type":"Feature","properties":{"id":"s415","name":"BEŁSZNICA, RACIBORSKA STAWOWA","bus":1,"tram":0,"n":1,"imp":0.048,"node":0,"deg":2,"term":0,"major":0},"geometry":{"type":"Point","coordinates":[18.461107,50.002318]}},{"type":"Feature","properties":{"id":"s416","name":"BEŁSZNICA, RACIBORSKA WAŁOWA","bus":1,"tram":0,"n":1,"imp":0.048,"node":0,"deg":2,"term":0,"major":0},"geometry":{"type":"Point","coordinates":[18.463851,50.000555]}},{"type":"Feature","properties":{"id":"s417","name":"BEŁSZNICA, RACIBORSKA WAŁOWA","bus":1,"tram":0,"n":1,"imp":0.048,"node":0,"deg":2,"term":0,"major":0},"geometry":{"type":"Point","coordinates":[18.459032,50.001888]}},{"type":"Feature","properties":{"id":"s418","name":"BLUSZCZÓW, POWSTAŃCÓW RACIBORSKA","bus":1,"tram":0,"n":1,"imp":0.048,"node":0,"deg":2,"term":0,"major":0},"geometry":{"type":"Point","coordinates":[18.444642,50.009369]}},{"type":"Feature","properties":{"id":"s419","name":"BLUSZCZÓW, POWSTAŃCÓW RACIBORSKA","bus":1,"tram":0,"n":1,"imp":0.048,"node":0,"deg":2,"term":0,"major":0},"geometry":{"type":"Point","coordinates":[18.445556,50.009369]}},{"type":"Feature","properties":{"id":"s420","name":"BLUSZCZÓW, POWSTAŃCÓW ŚRODKOWA","bus":1,"tram":0,"n":1,"imp":0.07,"node":1,"deg":2,"term":1,"major":0},"geometry":{"type":"Point","coordinates":[18.441897,50.009369]}},{"type":"Feature","properties":{"id":"s421","name":"BUKÓW, GŁÓWNA OŚRODEK WYPOCZYNKOWY","bus":1,"tram":0,"n":1,"imp":0.07,"node":1,"deg":2,"term":1,"major":0},"geometry":{"type":"Point","coordinates":[18.433665,50.021707]}},{"type":"Feature","properties":{"id":"s422","name":"BUKÓW, GŁÓWNA OWOCOWA","bus":1,"tram":0,"n":1,"imp":0.07,"node":1,"deg":2,"term":1,"major":0},"geometry":{"type":"Point","coordinates":[18.433665,50.014657]}},{"type":"Feature","properties":{"id":"s423","name":"BUKÓW, KRZYŻANOWICKA","bus":1,"tram":0,"n":1,"imp":0.048,"node":0,"deg":2,"term":0,"major":0},"geometry":{"type":"Point","coordinates":[18.435494,50.015832]}},{"type":"Feature","properties":{"id":"s424","name":"CZYŻOWICE, GORZYCKA","bus":1,"tram":0,"n":1,"imp":0.048,"node":0,"deg":2,"term":0,"major":0},"geometry":{"type":"Point","coordinates":[18.48306,49.990863]}},{"type":"Feature","properties":{"id":"s425","name":"CZYŻOWICE, GORZYCKA","bus":1,"tram":0,"n":1,"imp":0.048,"node":0,"deg":2,"term":0,"major":0},"geometry":{"type":"Point","coordinates":[18.480316,49.990313]}},{"type":"Feature","properties":{"id":"s431","name":"CZYŻOWICE, WODZISŁAWSKA MARKET","bus":1,"tram":0,"n":1,"imp":0.048,"node":0,"deg":2,"term":0,"major":0},"geometry":{"type":"Point","coordinates":[18.48306,49.996444]}},{"type":"Feature","properties":{"id":"s432","name":"CZYŻOWICE, WODZISŁAWSKA MARKET","bus":1,"tram":0,"n":1,"imp":0.048,"node":0,"deg":2,"term":0,"major":0},"geometry":{"type":"Point","coordinates":[18.480316,49.995966]}},{"type":"Feature","properties":{"id":"s433","name":"CZYŻOWICE, WODZISŁAWSKA SZKOŁA","bus":1,"tram":0,"n":1,"imp":0.048,"node":0,"deg":2,"term":0,"major":0},"geometry":{"type":"Point","coordinates":[18.48306,49.993653]}},{"type":"Feature","properties":{"id":"s434","name":"CZYŻOWICE, WODZISŁAWSKA SZKOŁA","bus":1,"tram":0,"n":1,"imp":0.048,"node":0,"deg":2,"term":0,"major":0},"geometry":{"type":"Point","coordinates":[18.480316,49.99314]}},{"type":"Feature","properties":{"id":"s435","name":"GODÓW, 1 MAJA DWORCOWA","bus":1,"tram":0,"n":1,"imp":0.048,"node":0,"deg":2,"term":0,"major":0},"geometry":{"type":"Point","coordinates":[18.518735,49.968122]}},{"type":"Feature","properties":{"id":"s436","name":"GODÓW, 1 MAJA DWORCOWA","bus":1,"tram":0,"n":1,"imp":0.048,"node":0,"deg":2,"term":0,"major":0},"geometry":{"type":"Point","coordinates":[18.515991,49.964949]}},{"type":"Feature","properties":{"id":"s437","name":"GODÓW, 1 MAJA PRZYCHODNIA","bus":1,"tram":0,"n":2,"imp":0.062,"node":0,"deg":2,"term":0,"major":0},"geometry":{"type":"Point","coordinates":[18.526053,49.962364]}},{"type":"Feature","properties":{"id":"s438","name":"GODÓW, 1 MAJA PRZYCHODNIA","bus":1,"tram":0,"n":2,"imp":0.062,"node":0,"deg":2,"term":0,"major":0},"geometry":{"type":"Point","coordinates":[18.522773,49.959183]}},{"type":"Feature","properties":{"id":"s439","name":"GODÓW, 1 MAJA RASZCZYKOWIEC","bus":1,"tram":0,"n":1,"imp":0.048,"node":0,"deg":2,"term":0,"major":0},"geometry":{"type":"Point","coordinates":[18.518735,49.96918]}},{"type":"Feature","properties":{"id":"s440","name":"GODÓW, 1 MAJA RASZCZYKOWIEC","bus":1,"tram":0,"n":1,"imp":0.048,"node":0,"deg":2,"term":0,"major":0},"geometry":{"type":"Point","coordinates":[18.515991,49.96636]}},{"type":"Feature","properties":{"id":"s441","name":"GODÓW, 1 MAJA RONDO","bus":1,"tram":0,"n":2,"imp":0.079,"node":1,"deg":3,"term":0,"major":0},"geometry":{"type":"Point","coordinates":[18.518735,49.967065]}},{"type":"Feature","properties":{"id":"s442","name":"GODÓW, 1 MAJA RONDO","bus":1,"tram":0,"n":2,"imp":0.079,"node":1,"deg":3,"term":0,"major":0},"geometry":{"type":"Point","coordinates":[18.515991,49.963539]}},{"type":"Feature","properties":{"id":"s443","name":"GODÓW, 1 MAJA URZĄD GMINY","bus":1,"tram":0,"n":2,"imp":0.062,"node":0,"deg":2,"term":0,"major":0},"geometry":{"type":"Point","coordinates":[18.522394,49.964714]}},{"type":"Feature","properties":{"id":"s444","name":"GODÓW, 1 MAJA URZĄD GMINY","bus":1,"tram":0,"n":2,"imp":0.062,"node":0,"deg":2,"term":0,"major":0},"geometry":{"type":"Point","coordinates":[18.519382,49.961361]}},{"type":"Feature","properties":{"id":"s445","name":"GODÓW, POWSTAŃCÓW ŚLĄSKICH","bus":1,"tram":0,"n":1,"imp":0.048,"node":0,"deg":2,"term":0,"major":0},"geometry":{"type":"Point","coordinates":[18.51211,49.967065]}},{"type":"Feature","properties":{"id":"s446","name":"GODÓW, POWSTAŃCÓW ŚLĄSKICH","bus":1,"tram":0,"n":1,"imp":0.048,"node":0,"deg":2,"term":0,"major":0},"geometry":{"type":"Point","coordinates":[18.509754,49.96402]}},{"type":"Feature","properties":{"id":"s447","name":"GOŁKOWICE, 1 MAJA KOŚCIÓŁ","bus":1,"tram":0,"n":2,"imp":0.079,"node":1,"deg":3,"term":0,"major":0},"geometry":{"type":"Point","coordinates":[18.529712,49.960014]}},{"type":"Feature","properties":{"id":"s448","name":"GOŁKOWICE, 1 MAJA KOŚCIÓŁ","bus":1,"tram":0,"n":2,"imp":0.079,"node":1,"deg":3,"term":0,"major":0},"geometry":{"type":"Point","coordinates":[18.526968,49.958251]}},{"type":"Feature","properties":{"id":"s451","name":"GOŁKOWICE, 1 MAJA STRAŻACKA","bus":1,"tram":0,"n":1,"imp":0.048,"node":0,"deg":2,"term":0,"major":0},"geometry":{"type":"Point","coordinates":[18.532021,49.960014]}},{"type":"Feature","properties":{"id":"s452","name":"GOŁKOWICE, 1 MAJA STRAŻACKA","bus":1,"tram":0,"n":1,"imp":0.048,"node":0,"deg":2,"term":0,"major":0},"geometry":{"type":"Point","coordinates":[18.529665,49.958251]}},{"type":"Feature","properties":{"id":"s453","name":"GOŁKOWICE, 1 MAJA SZKOŁA","bus":1,"tram":0,"n":1,"imp":0.048,"node":0,"deg":2,"term":0,"major":0},"geometry":{"type":"Point","coordinates":[18.53433,49.960014]}},{"type":"Feature","properties":{"id":"s454","name":"GOŁKOWICE, 1 MAJA SZKOŁA","bus":1,"tram":0,"n":1,"imp":0.048,"node":0,"deg":2,"term":0,"major":0},"geometry":{"type":"Point","coordinates":[18.532362,49.958251]}},{"type":"Feature","properties":{"id":"s457","name":"GOŁKOWICE, 1 MAJA ŻABKÓW KRZYŻ","bus":1,"tram":0,"n":1,"imp":0.048,"node":0,"deg":2,"term":0,"major":0},"geometry":{"type":"Point","coordinates":[18.550033,49.960728]}},{"type":"Feature","properties":{"id":"s458","name":"GOŁKOWICE, 1 MAJA ŻABKÓW KRZYŻ","bus":1,"tram":0,"n":1,"imp":0.048,"node":0,"deg":2,"term":0,"major":0},"geometry":{"type":"Point","coordinates":[18.549758,49.960552]}},{"type":"Feature","properties":{"id":"s459","name":"GOŁKOWICE, CELNA","bus":1,"tram":0,"n":1,"imp":0.052,"node":1,"deg":1,"term":1,"major":0},"geometry":{"type":"Point","coordinates":[18.532456,49.954726]}},{"type":"Feature","properties":{"id":"s460","name":"GOŁKOWICE, CELNA","bus":1,"tram":0,"n":1,"imp":0.052,"node":1,"deg":1,"term":1,"major":0},"geometry":{"type":"Point","coordinates":[18.5352,49.956489]}},{"type":"Feature","properties":{"id":"s461","name":"GOŁKOWICE, GRANICZNA 1 MAJA ŻABKÓW","bus":1,"tram":0,"n":1,"imp":0.048,"node":0,"deg":2,"term":0,"major":0},"geometry":{"type":"Point","coordinates":[18.548184,49.960014]}},{"type":"Feature","properties":{"id":"s462","name":"GOŁKOWICE, GRANICZNA 1 MAJA ŻABKÓW","bus":1,"tram":0,"n":1,"imp":0.048,"node":0,"deg":2,"term":0,"major":0},"geometry":{"type":"Point","coordinates":[18.547851,49.959327]}},{"type":"Feature","properties":{"id":"s463","name":"GOŁKOWICE, GRANICZNA POPRZECZNA","bus":1,"tram":0,"n":1,"imp":0.048,"node":0,"deg":2,"term":0,"major":0},"geometry":{"type":"Point","coordinates":[18.545875,49.960014]}},{"type":"Feature","properties":{"id":"s464","name":"GOŁKOWICE, GRANICZNA POPRZECZNA","bus":1,"tram":0,"n":1,"imp":0.048,"node":0,"deg":2,"term":0,"major":0},"geometry":{"type":"Point","coordinates":[18.545848,49.958251]}},{"type":"Feature","properties":{"id":"s465","name":"GOŁKOWICE, PIOTROWICKA PIETRASZ","bus":1,"tram":0,"n":1,"imp":0.048,"node":0,"deg":2,"term":0,"major":0},"geometry":{"type":"Point","coordinates":[18.536639,49.960014]}},{"type":"Feature","properties":{"id":"s466","name":"GOŁKOWICE, PIOTROWICKA PIETRASZ","bus":1,"tram":0,"n":1,"imp":0.048,"node":0,"deg":2,"term":0,"major":0},"geometry":{"type":"Point","coordinates":[18.535059,49.958251]}},{"type":"Feature","properties":{"id":"s467","name":"GORZYCE, BOGUMIŃSKA BASEN","bus":1,"tram":0,"n":1,"imp":0.048,"node":0,"deg":2,"term":0,"major":0},"geometry":{"type":"Point","coordinates":[18.462479,49.991742]}},{"type":"Feature","properties":{"id":"s468","name":"GORZYCE, DPS","bus":1,"tram":0,"n":1,"imp":0.065,"node":1,"deg":3,"term":0,"major":0},"geometry":{"type":"Point","coordinates":[18.458363,49.991742]}},{"type":"Feature","properties":{"id":"s469","name":"GORZYCE, I","bus":1,"tram":0,"n":2,"imp":0.062,"node":0,"deg":2,"term":0,"major":0},"geometry":{"type":"Point","coordinates":[18.481002,49.991742]}},{"type":"Feature","properties":{"id":"s470","name":"GORZYCE, I","bus":1,"tram":0,"n":2,"imp":0.062,"node":0,"deg":2,"term":0,"major":0},"geometry":{"type":"Point","coordinates":[18.475743,49.993505]}},{"type":"Feature","properties":{"id":"s471","name":"GORZYCE, KOPERNIKA BANK","bus":1,"tram":0,"n":1,"imp":0.048,"node":0,"deg":2,"term":0,"major":0},"geometry":{"type":"Point","coordinates":[18.481195,49.981166]}},{"type":"Feature","properties":{"id":"s472","name":"GORZYCE, KOPERNIKA BANK","bus":1,"tram":0,"n":1,"imp":0.048,"node":0,"deg":2,"term":0,"major":0},"geometry":{"type":"Point","coordinates":[18.480059,49.979403]}},{"type":"Feature","properties":{"id":"s473","name":"GORZYCE, KOŚCIELNA UG","bus":1,"tram":0,"n":1,"imp":0.048,"node":0,"deg":2,"term":0,"major":0},"geometry":{"type":"Point","coordinates":[18.476329,49.981166]}},{"type":"Feature","properties":{"id":"s474","name":"GORZYCE, KOŚCIELNA UG","bus":1,"tram":0,"n":1,"imp":0.048,"node":0,"deg":2,"term":0,"major":0},"geometry":{"type":"Point","coordinates":[18.475192,49.979403]}},{"type":"Feature","properties":{"id":"s475","name":"GORZYCE, OGRODOWA","bus":1,"tram":0,"n":1,"imp":0.048,"node":0,"deg":2,"term":0,"major":0},"geometry":{"type":"Point","coordinates":[18.471462,49.981166]}},{"type":"Feature","properties":{"id":"s476","name":"GORZYCE, OGRODOWA","bus":1,"tram":0,"n":1,"imp":0.048,"node":0,"deg":2,"term":0,"major":0},"geometry":{"type":"Point","coordinates":[18.470325,49.979403]}},{"type":"Feature","properties":{"id":"s477","name":"GORZYCE, PIASKOWA","bus":1,"tram":0,"n":1,"imp":0.048,"node":0,"deg":2,"term":0,"major":0},"geometry":{"type":"Point","coordinates":[18.48306,49.988073]}},{"type":"Feature","properties":{"id":"s478","name":"GORZYCE, PIASKOWA","bus":1,"tram":0,"n":1,"imp":0.048,"node":0,"deg":2,"term":0,"major":0},"geometry":{"type":"Point","coordinates":[18.480316,49.987487]}},{"type":"Feature","properties":{"id":"s479","name":"GORZYCE, PIASKOWA URZĄD GMINY","bus":1,"tram":0,"n":1,"imp":0.048,"node":0,"deg":2,"term":0,"major":0},"geometry":{"type":"Point","coordinates":[18.48306,49.985282]}},{"type":"Feature","properties":{"id":"s480","name":"GORZYCE, PIASKOWA URZĄD GMINY","bus":1,"tram":0,"n":1,"imp":0.048,"node":0,"deg":2,"term":0,"major":0},"geometry":{"type":"Point","coordinates":[18.480316,49.98466]}},{"type":"Feature","properties":{"id":"s481","name":"GORZYCE, RACIBORSKA DWORZEC KOLEJOWY","bus":1,"tram":0,"n":1,"imp":0.048,"node":0,"deg":2,"term":0,"major":0},"geometry":{"type":"Point","coordinates":[18.469339,49.99703]}},{"type":"Feature","properties":{"id":"s482","name":"GORZYCE, RACIBORSKA DWORZEC KOLEJOWY","bus":1,"tram":0,"n":1,"imp":0.048,"node":0,"deg":2,"term":0,"major":0},"geometry":{"type":"Point","coordinates":[18.464253,49.998535]}},{"type":"Feature","properties":{"id":"s483","name":"GORZYCE, RACIBORSKA POPRZECZNA","bus":1,"tram":0,"n":1,"imp":0.048,"node":0,"deg":2,"term":0,"major":0},"geometry":{"type":"Point","coordinates":[18.472084,49.995267]}},{"type":"Feature","properties":{"id":"s484","name":"GORZYCE, RACIBORSKA POPRZECZNA","bus":1,"tram":0,"n":1,"imp":0.048,"node":0,"deg":2,"term":0,"major":0},"geometry":{"type":"Point","coordinates":[18.466863,49.996858]}},{"type":"Feature","properties":{"id":"s485","name":"GORZYCE, RACIBORSKA SZKOŁA","bus":1,"tram":0,"n":1,"imp":0.048,"node":0,"deg":2,"term":0,"major":0},"geometry":{"type":"Point","coordinates":[18.474828,49.993505]}},{"type":"Feature","properties":{"id":"s486","name":"GORZYCE, RACIBORSKA SZKOŁA","bus":1,"tram":0,"n":1,"imp":0.048,"node":0,"deg":2,"term":0,"major":0},"geometry":{"type":"Point","coordinates":[18.469473,49.995181]}},{"type":"Feature","properties":{"id":"s487","name":"GORZYCE, SZKOŁA","bus":1,"tram":0,"n":1,"imp":0.048,"node":0,"deg":2,"term":0,"major":0},"geometry":{"type":"Point","coordinates":[18.472084,49.991742]}},{"type":"Feature","properties":{"id":"s488","name":"GORZYCE, SZKOŁA","bus":1,"tram":0,"n":1,"imp":0.065,"node":1,"deg":3,"term":0,"major":0},"geometry":{"type":"Point","coordinates":[18.466595,49.991742]}},{"type":"Feature","properties":{"id":"s489","name":"GORZYCE, URZĄD GMINY","bus":1,"tram":0,"n":2,"imp":0.079,"node":1,"deg":3,"term":0,"major":0},"geometry":{"type":"Point","coordinates":[18.477572,49.991742]}},{"type":"Feature","properties":{"id":"s490","name":"GORZYCE, URZĄD GMINY","bus":1,"tram":0,"n":2,"imp":0.079,"node":1,"deg":3,"term":0,"major":0},"geometry":{"type":"Point","coordinates":[18.472084,49.993505]}},{"type":"Feature","properties":{"id":"s491","name":"GORZYCZKI, LEŚNA KOLONIA FRYDERYK I","bus":1,"tram":0,"n":1,"imp":0.048,"node":0,"deg":2,"term":0,"major":0},"geometry":{"type":"Point","coordinates":[18.486062,49.981166]}},{"type":"Feature","properties":{"id":"s492","name":"GORZYCZKI, LEŚNA KOLONIA FRYDERYK I","bus":1,"tram":0,"n":1,"imp":0.048,"node":0,"deg":2,"term":0,"major":0},"geometry":{"type":"Point","coordinates":[18.484925,49.979403]}},{"type":"Feature","properties":{"id":"s494","name":"GORZYCZKI RACIBORSKA LAS","bus":1,"tram":0,"n":1,"imp":0.082,"node":1,"deg":4,"term":0,"major":0},"geometry":{"type":"Point","coordinates":[18.485805,49.977641]}},{"type":"Feature","properties":{"id":"s495","name":"GORZYCZKI, RACIBORSKA POLNA","bus":1,"tram":0,"n":1,"imp":0.048,"node":0,"deg":2,"term":0,"major":0},"geometry":{"type":"Point","coordinates":[18.48306,49.982492]}},{"type":"Feature","properties":{"id":"s496","name":"GORZYCZKI, RACIBORSKA POLNA","bus":1,"tram":0,"n":1,"imp":0.048,"node":0,"deg":2,"term":0,"major":0},"geometry":{"type":"Point","coordinates":[18.481522,49.982154]}},{"type":"Feature","properties":{"id":"s497","name":"GORZYCZKI, RACIBORSKA WIEJSKA","bus":1,"tram":0,"n":1,"imp":0.048,"node":0,"deg":2,"term":0,"major":0},"geometry":{"type":"Point","coordinates":[18.48306,49.979701]}},{"type":"Feature","properties":{"id":"s498","name":"GORZYCZKI, RACIBORSKA WIEJSKA","bus":1,"tram":0,"n":1,"imp":0.048,"node":0,"deg":2,"term":0,"major":0},"geometry":{"type":"Point","coordinates":[18.484633,49.980156]}},{"type":"Feature","properties":{"id":"s499","name":"GRABÓWKA, RACIBORSKA","bus":1,"tram":0,"n":1,"imp":0.048,"node":0,"deg":2,"term":0,"major":0},"geometry":{"type":"Point","coordinates":[18.433983,50.028553]}},{"type":"Feature","properties":{"id":"s500","name":"GRABÓWKA, RACIBORSKA","bus":1,"tram":0,"n":1,"imp":0.048,"node":0,"deg":2,"term":0,"major":0},"geometry":{"type":"Point","coordinates":[18.441897,50.033105]}},{"type":"Feature","properties":{"id":"s501","name":"JASTRZĘBIE ZDRÓJ, HALA SPORTOWA","bus":1,"tram":0,"n":17,"imp":0.343,"node":1,"deg":6,"term":0,"major":1},"geometry":{"type":"Point","coordinates":[18.576363,49.968827]}},{"type":"Feature","properties":{"id":"s502","name":"JASTRZĘBIE ZDRÓJ, SZPITAL WOJEWÓDZKI","bus":1,"tram":0,"n":12,"imp":0.238,"node":1,"deg":4,"term":0,"major":1},"geometry":{"type":"Point","coordinates":[18.581852,49.97059]}},{"type":"Feature","properties":{"id":"s503","name":"JASTRZĘBIE ZDRÓJ, SZPITAL WOJEWÓDZKI","bus":1,"tram":0,"n":14,"imp":0.267,"node":1,"deg":4,"term":0,"major":1},"geometry":{"type":"Point","coordinates":[18.579108,49.972353]}},{"type":"Feature","properties":{"id":"s504","name":"JASTRZĘBIE ZDRÓJ, AL. PIŁSUDSKIEGO - OS. STASZICA","bus":1,"tram":0,"n":25,"imp":0.508,"node":1,"deg":9,"term":0,"major":1},"geometry":{"type":"Point","coordinates":[18.58734,49.972353]}},{"type":"Feature","properties":{"id":"s505","name":"JASTRZĘBIE ZDRÓJ, ARMII KRAJOWEJ - KASZTANOWA","bus":1,"tram":0,"n":9,"imp":0.196,"node":1,"deg":4,"term":0,"major":1},"geometry":{"type":"Point","coordinates":[18.559898,49.967065]}},{"type":"Feature","properties":{"id":"s506","name":"JASTRZĘBIE-ZDRÓJ, AL. PIŁSUDSKIEGO - OS. PIONIERÓW","bus":1,"tram":0,"n":20,"imp":0.369,"node":1,"deg":5,"term":0,"major":1},"geometry":{"type":"Point","coordinates":[18.592829,49.972353]}},{"type":"Feature","properties":{"id":"s507","name":"JASTRZĘBIE-ZDRÓJ, ARMII KRAJOWEJ - RANOSZKA","bus":1,"tram":0,"n":5,"imp":0.156,"node":1,"deg":5,"term":0,"major":1},"geometry":{"type":"Point","coordinates":[18.551666,49.968827]}},{"type":"Feature","properties":{"id":"s508","name":"Dworzec Arki Bożka","bus":1,"tram":0,"n":20,"imp":0.701,"node":1,"deg":7,"term":1,"major":1},"geometry":{"type":"Point","coordinates":[18.601061,49.968827]}},{"type":"Feature","properties":{"id":"s509","name":"Dworzec Zdrój","bus":1,"tram":0,"n":22,"imp":0.699,"node":1,"deg":14,"term":1,"major":1},"geometry":{"type":"Point","coordinates":[18.573619,49.968827]}},{"type":"Feature","properties":{"id":"s510","name":"JASTRZĘBIE-ZDRÓJ, MOSZCZENICA PIASKI","bus":1,"tram":0,"n":3,"imp":0.128,"node":1,"deg":5,"term":0,"major":0},"geometry":{"type":"Point","coordinates":[18.551666,49.961777]}},{"type":"Feature","properties":{"id":"s511","name":"JASTRZĘBIE-ZDRÓJ, RANOSZKA - KOMUNY PARYSKIEJ","bus":1,"tram":0,"n":3,"imp":0.077,"node":0,"deg":2,"term":0,"major":0},"geometry":{"type":"Point","coordinates":[18.551666,49.965302]}},{"type":"Feature","properties":{"id":"s512","name":"KROSTOSZOWICE, WĄWOZOWA","bus":1,"tram":0,"n":1,"imp":0.082,"node":1,"deg":4,"term":0,"major":0},"geometry":{"type":"Point","coordinates":[18.507758,49.975878]}},{"type":"Feature","properties":{"id":"s517","name":"LUBOMIA, GRANICZNA KORFANTEGO","bus":1,"tram":0,"n":1,"imp":0.048,"node":0,"deg":2,"term":0,"major":0},"geometry":{"type":"Point","coordinates":[18.423644,50.035195]}},{"type":"Feature","properties":{"id":"s518","name":"LUBOMIA, GRANICZNA KORFANTEGO","bus":1,"tram":0,"n":1,"imp":0.048,"node":0,"deg":2,"term":0,"major":0},"geometry":{"type":"Point","coordinates":[18.441125,50.041593]}},{"type":"Feature","properties":{"id":"s519","name":"LUBOMIA, GRANICZNA PAPROTNIK","bus":1,"tram":0,"n":1,"imp":0.048,"node":0,"deg":2,"term":0,"major":0},"geometry":{"type":"Point","coordinates":[18.421059,50.036855]}},{"type":"Feature","properties":{"id":"s520","name":"LUBOMIA, GRANICZNA PAPROTNIK","bus":1,"tram":0,"n":1,"imp":0.048,"node":0,"deg":2,"term":0,"major":0},"geometry":{"type":"Point","coordinates":[18.438733,50.04313]}},{"type":"Feature","properties":{"id":"s521","name":"LUBOMIA, KORFANTEGO GRANICZNA","bus":1,"tram":0,"n":1,"imp":0.048,"node":0,"deg":2,"term":0,"major":0},"geometry":{"type":"Point","coordinates":[18.426229,50.033534]}},{"type":"Feature","properties":{"id":"s522","name":"LUBOMIA, KORFANTEGO GRANICZNA","bus":1,"tram":0,"n":1,"imp":0.048,"node":0,"deg":2,"term":0,"major":0},"geometry":{"type":"Point","coordinates":[18.441897,50.039625]}},{"type":"Feature","properties":{"id":"s523","name":"LUBOMIA, MICKIEWICZA KOŚCIÓŁ","bus":1,"tram":0,"n":1,"imp":0.048,"node":0,"deg":2,"term":0,"major":0},"geometry":{"type":"Point","coordinates":[18.441897,50.037451]}},{"type":"Feature","properties":{"id":"s524","name":"LUBOMIA, MICKIEWICZA KOŚCIÓŁ","bus":1,"tram":0,"n":1,"imp":0.048,"node":0,"deg":2,"term":0,"major":0},"geometry":{"type":"Point","coordinates":[18.428814,50.031874]}},{"type":"Feature","properties":{"id":"s530","name":"LUBOMIA, NEPOMUCENA PARK","bus":1,"tram":0,"n":1,"imp":0.048,"node":0,"deg":2,"term":0,"major":0},"geometry":{"type":"Point","coordinates":[18.431398,50.030214]}},{"type":"Feature","properties":{"id":"s531","name":"LUBOMIA, NEPOMUCENA PARK","bus":1,"tram":0,"n":1,"imp":0.048,"node":0,"deg":2,"term":0,"major":0},"geometry":{"type":"Point","coordinates":[18.441897,50.035278]}},{"type":"Feature","properties":{"id":"s532","name":"ŁAZISKA, POWSTAŃCÓW ŚLĄSKICH LEŚNA","bus":1,"tram":0,"n":1,"imp":0.048,"node":0,"deg":2,"term":0,"major":0},"geometry":{"type":"Point","coordinates":[18.491238,49.975914]}},{"type":"Feature","properties":{"id":"s533","name":"ŁAZISKA, POWSTAŃCÓW ŚLĄSKICH LEŚNA","bus":1,"tram":0,"n":1,"imp":0.048,"node":0,"deg":2,"term":0,"major":0},"geometry":{"type":"Point","coordinates":[18.490489,49.974632]}},{"type":"Feature","properties":{"id":"s534","name":"ŁAZISKA, POWSTAŃCÓW ŚLĄSKICH PARK","bus":1,"tram":0,"n":1,"imp":0.048,"node":0,"deg":2,"term":0,"major":0},"geometry":{"type":"Point","coordinates":[18.505485,49.967065]}},{"type":"Feature","properties":{"id":"s535","name":"ŁAZISKA, POWSTAŃCÓW ŚLĄSKICH PARK","bus":1,"tram":0,"n":1,"imp":0.048,"node":0,"deg":2,"term":0,"major":0},"geometry":{"type":"Point","coordinates":[18.505125,49.966993]}},{"type":"Feature","properties":{"id":"s536","name":"ŁAZISKA, POWSTAŃCÓW ŚLĄSKICH REMIZA","bus":1,"tram":0,"n":1,"imp":0.048,"node":0,"deg":2,"term":0,"major":0},"geometry":{"type":"Point","coordinates":[18.499859,49.968613]}},{"type":"Feature","properties":{"id":"s537","name":"ŁAZISKA, POWSTAŃCÓW ŚLĄSKICH REMIZA","bus":1,"tram":0,"n":1,"imp":0.048,"node":0,"deg":2,"term":0,"major":0},"geometry":{"type":"Point","coordinates":[18.500496,49.969967]}},{"type":"Feature","properties":{"id":"s538","name":"ŁAZISKA, POWSTAŃCÓW ŚLĄSKICH SZKOŁA","bus":1,"tram":0,"n":1,"imp":0.048,"node":0,"deg":2,"term":0,"major":0},"geometry":{"type":"Point","coordinates":[18.495174,49.971623]}},{"type":"Feature","properties":{"id":"s539","name":"ŁAZISKA, POWSTAŃCÓW ŚLĄSKICH SZKOŁA","bus":1,"tram":0,"n":1,"imp":0.048,"node":0,"deg":2,"term":0,"major":0},"geometry":{"type":"Point","coordinates":[18.495867,49.97294]}},{"type":"Feature","properties":{"id":"s540","name":"MARKLOWICE, KRZYŻ","bus":1,"tram":0,"n":3,"imp":0.094,"node":1,"deg":3,"term":0,"major":0},"geometry":{"type":"Point","coordinates":[18.50227,50.018182]}},{"type":"Feature","properties":{"id":"s541","name":"MARKLOWICE, SZYMANOWSKIEGO PRAGA","bus":1,"tram":0,"n":2,"imp":0.079,"node":1,"deg":3,"term":0,"major":0},"geometry":{"type":"Point","coordinates":[18.515991,50.004081]}},{"type":"Feature","properties":{"id":"s548","name":"Mszana Mszańskie Granice","bus":1,"tram":0,"n":2,"imp":0.084,"node":1,"deg":2,"term":1,"major":0},"geometry":{"type":"Point","coordinates":[18.551666,49.974115]}},{"type":"Feature","properties":{"id":"s549","name":"MSZANA, SKRZYSZOWSKA TARTAK","bus":1,"tram":0,"n":3,"imp":0.115,"node":1,"deg":3,"term":1,"major":0},"geometry":{"type":"Point","coordinates":[18.518735,49.982929]}},{"type":"Feature","properties":{"id":"s550","name":"MSZANA, SKRZYSZOWSKA TARTAK","bus":1,"tram":0,"n":3,"imp":0.115,"node":1,"deg":3,"term":1,"major":0},"geometry":{"type":"Point","coordinates":[18.515991,49.981166]}},{"type":"Feature","properties":{"id":"s551","name":"MSZANA, TURSKA PUSTKI","bus":1,"tram":0,"n":1,"imp":0.048,"node":0,"deg":2,"term":0,"major":0},"geometry":{"type":"Point","coordinates":[18.512489,49.981166]}},{"type":"Feature","properties":{"id":"s552","name":"MSZANA, TURSKA PUSTKI","bus":1,"tram":0,"n":1,"imp":0.048,"node":0,"deg":2,"term":0,"major":0},"geometry":{"type":"Point","coordinates":[18.515344,49.985107]}},{"type":"Feature","properties":{"id":"s553","name":"MSZANA, WODZISŁAWSKA BOISKO","bus":1,"tram":0,"n":3,"imp":0.077,"node":0,"deg":2,"term":0,"major":0},"geometry":{"type":"Point","coordinates":[18.538111,49.982822]}},{"type":"Feature","properties":{"id":"s554","name":"MSZANA, WODZISŁAWSKA SKRZYŻOWANIE","bus":1,"tram":0,"n":3,"imp":0.111,"node":1,"deg":4,"term":0,"major":0},"geometry":{"type":"Point","coordinates":[18.551666,49.979403]}},{"type":"Feature","properties":{"id":"s555","name":"MSZANA, WODZISŁAWSKA UCHYTÓW","bus":1,"tram":0,"n":3,"imp":0.094,"node":1,"deg":3,"term":0,"major":0},"geometry":{"type":"Point","coordinates":[18.526968,49.989979]}},{"type":"Feature","properties":{"id":"s556","name":"NIEBOCZOWY, DĄBROWY","bus":1,"tram":0,"n":1,"imp":0.048,"node":0,"deg":2,"term":0,"major":0},"geometry":{"type":"Point","coordinates":[18.442812,50.020532]}},{"type":"Feature","properties":{"id":"s557","name":"NIEBOCZOWY, DĄBROWY","bus":1,"tram":0,"n":1,"imp":0.048,"node":0,"deg":2,"term":0,"major":0},"geometry":{"type":"Point","coordinates":[18.437324,50.024058]}},{"type":"Feature","properties":{"id":"s558","name":"NIEBOCZOWY, WENDELBERGERA","bus":1,"tram":0,"n":1,"imp":0.048,"node":0,"deg":2,"term":0,"major":0},"geometry":{"type":"Point","coordinates":[18.435494,50.022882]}},{"type":"Feature","properties":{"id":"s559","name":"NIEBOCZOWY, WENDELBERGERA","bus":1,"tram":0,"n":1,"imp":0.048,"node":0,"deg":2,"term":0,"major":0},"geometry":{"type":"Point","coordinates":[18.439153,50.018182]}},{"type":"Feature","properties":{"id":"s560","name":"NIEBOCZOWY, WIEJSKA","bus":1,"tram":0,"n":1,"imp":0.048,"node":0,"deg":2,"term":0,"major":0},"geometry":{"type":"Point","coordinates":[18.440983,50.019357]}},{"type":"Feature","properties":{"id":"s561","name":"NIEBOCZOWY, WIEJSKA","bus":1,"tram":0,"n":1,"imp":0.048,"node":0,"deg":2,"term":0,"major":0},"geometry":{"type":"Point","coordinates":[18.436409,50.02347]}},{"type":"Feature","properties":{"id":"s562","name":"ODRA, GŁÓWNA PĘTLA","bus":1,"tram":0,"n":1,"imp":0.07,"node":1,"deg":2,"term":1,"major":0},"geometry":{"type":"Point","coordinates":[18.441897,50.000555]}},{"type":"Feature","properties":{"id":"s563","name":"ODRA, GŁÓWNA ROGOWSKA","bus":1,"tram":0,"n":1,"imp":0.048,"node":0,"deg":2,"term":0,"major":0},"geometry":{"type":"Point","coordinates":[18.444135,49.999118]}},{"type":"Feature","properties":{"id":"s564","name":"ODRA, GŁÓWNA ROGOWSKA","bus":1,"tram":0,"n":1,"imp":0.048,"node":0,"deg":2,"term":0,"major":0},"geometry":{"type":"Point","coordinates":[18.444938,50.000365]}},{"type":"Feature","properties":{"id":"s565","name":"OLZA","bus":1,"tram":0,"n":1,"imp":0.048,"node":0,"deg":2,"term":0,"major":0},"geometry":{"type":"Point","coordinates":[18.455321,49.991933]}},{"type":"Feature","properties":{"id":"s566","name":"OLZA","bus":1,"tram":0,"n":1,"imp":0.048,"node":0,"deg":2,"term":0,"major":0},"geometry":{"type":"Point","coordinates":[18.456125,49.993179]}},{"type":"Feature","properties":{"id":"s567","name":"OLZA, DWORCOWA BOGUMIŃSKA","bus":1,"tram":0,"n":1,"imp":0.048,"node":0,"deg":2,"term":0,"major":0},"geometry":{"type":"Point","coordinates":[18.451651,49.996053]}},{"type":"Feature","properties":{"id":"s568","name":"OLZA, DWORCOWA DWORZEC KOLEJOWY","bus":1,"tram":0,"n":1,"imp":0.048,"node":0,"deg":2,"term":0,"major":0},"geometry":{"type":"Point","coordinates":[18.448609,49.996244]}},{"type":"Feature","properties":{"id":"s569","name":"OLZA, DWORCOWA DWORZEC KOLEJOWY","bus":1,"tram":0,"n":1,"imp":0.048,"node":0,"deg":2,"term":0,"major":0},"geometry":{"type":"Point","coordinates":[18.449413,49.99749]}},{"type":"Feature","properties":{"id":"s570","name":"OLZA, DWORCOWA OSIEDLE","bus":1,"tram":0,"n":1,"imp":0.048,"node":0,"deg":2,"term":0,"major":0},"geometry":{"type":"Point","coordinates":[18.446372,49.997681]}},{"type":"Feature","properties":{"id":"s571","name":"OLZA, DWORCOWA OSIEDLE","bus":1,"tram":0,"n":1,"imp":0.048,"node":0,"deg":2,"term":0,"major":0},"geometry":{"type":"Point","coordinates":[18.447176,49.998928]}},{"type":"Feature","properties":{"id":"s572","name":"OLZA, SKRZYŻOWANIE","bus":1,"tram":0,"n":1,"imp":0.048,"node":0,"deg":2,"term":0,"major":0},"geometry":{"type":"Point","coordinates":[18.450847,49.994807]}},{"type":"Feature","properties":{"id":"s573","name":"OLZA, SZKOŁA","bus":1,"tram":0,"n":1,"imp":0.048,"node":0,"deg":2,"term":0,"major":0},"geometry":{"type":"Point","coordinates":[18.453084,49.99337]}},{"type":"Feature","properties":{"id":"s574","name":"OLZA, SZKOŁA","bus":1,"tram":0,"n":1,"imp":0.048,"node":0,"deg":2,"term":0,"major":0},"geometry":{"type":"Point","coordinates":[18.453888,49.994616]}},{"type":"Feature","properties":{"id":"s575","name":"PODBUCZE, WIEJSKA SKLEP","bus":1,"tram":0,"n":1,"imp":0.082,"node":1,"deg":4,"term":0,"major":0},"geometry":{"type":"Point","coordinates":[18.499526,49.979403]}},{"type":"Feature","properties":{"id":"s576","name":"POŁOMIA, CENTRALNA FOLWARK","bus":1,"tram":0,"n":1,"imp":0.048,"node":0,"deg":2,"term":0,"major":0},"geometry":{"type":"Point","coordinates":[18.528173,50.001544]}},{"type":"Feature","properties":{"id":"s577","name":"POŁOMIA, CENTRALNA KOŚCIÓŁ","bus":1,"tram":0,"n":1,"imp":0.065,"node":1,"deg":3,"term":0,"major":0},"geometry":{"type":"Point","coordinates":[18.551666,49.988217]}},{"type":"Feature","properties":{"id":"s578","name":"POŁOMIA, CENTRALNA NA KOŃCU","bus":1,"tram":0,"n":1,"imp":0.065,"node":1,"deg":3,"term":0,"major":0},"geometry":{"type":"Point","coordinates":[18.537945,49.995267]}},{"type":"Feature","properties":{"id":"s582","name":"PSZÓW, DWORZEC AUTOBUSOWY","bus":1,"tram":0,"n":7,"imp":0.223,"node":1,"deg":6,"term":1,"major":1},"geometry":{"type":"Point","coordinates":[18.461107,50.035809]}},{"type":"Feature","properties":{"id":"s583","name":"PSZÓW, I","bus":1,"tram":0,"n":5,"imp":0.105,"node":0,"deg":2,"term":0,"major":0},"geometry":{"type":"Point","coordinates":[18.461107,50.03204]}},{"type":"Feature","properties":{"id":"s584","name":"PSZÓW, KIOSK","bus":1,"tram":0,"n":5,"imp":0.105,"node":0,"deg":2,"term":0,"major":0},"geometry":{"type":"Point","coordinates":[18.461107,50.028271]}},{"type":"Feature","properties":{"id":"s585","name":"PSZÓW, KRASZEWSKIEGO","bus":1,"tram":0,"n":3,"imp":0.094,"node":1,"deg":3,"term":0,"major":0},"geometry":{"type":"Point","coordinates":[18.472084,50.037571]}},{"type":"Feature","properties":{"id":"s586","name":"PSZÓW, KRASZEWSKIEGO BOISKO","bus":1,"tram":0,"n":1,"imp":0.048,"node":0,"deg":2,"term":0,"major":0},"geometry":{"type":"Point","coordinates":[18.469339,50.037571]}},{"type":"Feature","properties":{"id":"s587","name":"PSZÓW, KRASZEWSKIEGO BOISKO","bus":1,"tram":0,"n":3,"imp":0.077,"node":0,"deg":2,"term":0,"major":0},"geometry":{"type":"Point","coordinates":[18.469339,50.037571]}},{"type":"Feature","properties":{"id":"s588","name":"PSZÓW, PADEREWSKIEGO KRZYŻ","bus":1,"tram":0,"n":1,"imp":0.048,"node":0,"deg":2,"term":0,"major":0},"geometry":{"type":"Point","coordinates":[18.461107,50.032101]}},{"type":"Feature","properties":{"id":"s589","name":"PSZÓW, PADEREWSKIEGO KRZYŻ","bus":1,"tram":0,"n":1,"imp":0.048,"node":0,"deg":2,"term":0,"major":0},"geometry":{"type":"Point","coordinates":[18.455854,50.032435]}},{"type":"Feature","properties":{"id":"s590","name":"PSZÓW, PADEREWSKIEGO SZYBOWA","bus":1,"tram":0,"n":1,"imp":0.048,"node":0,"deg":2,"term":0,"major":0},"geometry":{"type":"Point","coordinates":[18.461107,50.028393]}},{"type":"Feature","properties":{"id":"s591","name":"PSZÓW, PADEREWSKIEGO SZYBOWA","bus":1,"tram":0,"n":1,"imp":0.048,"node":0,"deg":2,"term":0,"major":0},"geometry":{"type":"Point","coordinates":[18.455618,50.027725]}},{"type":"Feature","properties":{"id":"s592","name":"RACIBÓRZ, BOSACKA MOST ZAMKOWY","bus":1,"tram":0,"n":1,"imp":0.048,"node":0,"deg":2,"term":0,"major":0},"geometry":{"type":"Point","coordinates":[18.4172,50.054613]}},{"type":"Feature","properties":{"id":"s593","name":"RACIBÓRZ, BOSACKA MOST ZAMKOWY","bus":1,"tram":0,"n":1,"imp":0.048,"node":0,"deg":2,"term":0,"major":0},"geometry":{"type":"Point","coordinates":[18.419592,50.055424]}},{"type":"Feature","properties":{"id":"s594","name":"RACIBÓRZ, BOSACKA POLICJA","bus":1,"tram":0,"n":1,"imp":0.048,"node":0,"deg":2,"term":0,"major":0},"geometry":{"type":"Point","coordinates":[18.421985,50.053887]}},{"type":"Feature","properties":{"id":"s595","name":"RACIBÓRZ, BOSACKA POLICJA","bus":1,"tram":0,"n":1,"imp":0.048,"node":0,"deg":2,"term":0,"major":0},"geometry":{"type":"Point","coordinates":[18.4172,50.052265]}},{"type":"Feature","properties":{"id":"s596","name":"RACIBÓRZ, BRZESKA","bus":1,"tram":0,"n":1,"imp":0.048,"node":0,"deg":2,"term":0,"major":0},"geometry":{"type":"Point","coordinates":[18.4172,50.040524]}},{"type":"Feature","properties":{"id":"s597","name":"RACIBÓRZ, BRZESKA","bus":1,"tram":0,"n":1,"imp":0.048,"node":0,"deg":2,"term":0,"major":0},"geometry":{"type":"Point","coordinates":[18.433947,50.046203]}},{"type":"Feature","properties":{"id":"s598","name":"RACIBÓRZ, BRZESKA MYŚLIWCA","bus":1,"tram":0,"n":1,"imp":0.048,"node":0,"deg":2,"term":0,"major":0},"geometry":{"type":"Point","coordinates":[18.4172,50.042872]}},{"type":"Feature","properties":{"id":"s599","name":"RACIBÓRZ, BRZESKA MYŚLIWCA","bus":1,"tram":0,"n":1,"imp":0.048,"node":0,"deg":2,"term":0,"major":0},"geometry":{"type":"Point","coordinates":[18.431555,50.04774]}},{"type":"Feature","properties":{"id":"s600","name":"RACIBÓRZ, BRZESKA OGRÓDKI","bus":1,"tram":0,"n":1,"imp":0.048,"node":0,"deg":2,"term":0,"major":0},"geometry":{"type":"Point","coordinates":[18.418474,50.038515]}},{"type":"Feature","properties":{"id":"s601","name":"RACIBÓRZ, BRZESKA OGRÓDKI","bus":1,"tram":0,"n":1,"imp":0.048,"node":0,"deg":2,"term":0,"major":0},"geometry":{"type":"Point","coordinates":[18.43634,50.044666]}},{"type":"Feature","properties":{"id":"s602","name":"RACIBÓRZ, BRZESKA TOROWA","bus":1,"tram":0,"n":1,"imp":0.048,"node":0,"deg":2,"term":0,"major":0},"geometry":{"type":"Point","coordinates":[18.429162,50.049277]}},{"type":"Feature","properties":{"id":"s603","name":"RACIBÓRZ, BRZESKA TOROWA","bus":1,"tram":0,"n":1,"imp":0.048,"node":0,"deg":2,"term":0,"major":0},"geometry":{"type":"Point","coordinates":[18.4172,50.04522]}},{"type":"Feature","properties":{"id":"s604","name":"RACIBÓRZ, DĘBICZ","bus":1,"tram":0,"n":1,"imp":0.048,"node":0,"deg":2,"term":0,"major":0},"geometry":{"type":"Point","coordinates":[18.4172,50.047568]}},{"type":"Feature","properties":{"id":"s605","name":"RACIBÓRZ, DĘBICZ","bus":1,"tram":0,"n":1,"imp":0.048,"node":0,"deg":2,"term":0,"major":0},"geometry":{"type":"Point","coordinates":[18.42677,50.050813]}},{"type":"Feature","properties":{"id":"s606","name":"RACIBÓRZ, DWORZEC AUTOBUSOWY","bus":1,"tram":0,"n":1,"imp":0.07,"node":1,"deg":2,"term":1,"major":0},"geometry":{"type":"Point","coordinates":[18.4172,50.056961]}},{"type":"Feature","properties":{"id":"s607","name":"RACIBÓRZ, RYBNICKA FABRYCZNA","bus":1,"tram":0,"n":1,"imp":0.048,"node":0,"deg":2,"term":0,"major":0},"geometry":{"type":"Point","coordinates":[18.4172,50.049917]}},{"type":"Feature","properties":{"id":"s608","name":"RACIBÓRZ, RYBNICKA FABRYCZNA","bus":1,"tram":0,"n":1,"imp":0.048,"node":0,"deg":2,"term":0,"major":0},"geometry":{"type":"Point","coordinates":[18.424377,50.05235]}},{"type":"Feature","properties":{"id":"s609","name":"RADLIN, CHROBREGO","bus":1,"tram":0,"n":3,"imp":0.132,"node":1,"deg":4,"term":1,"major":0},"geometry":{"type":"Point","coordinates":[18.474828,50.037571]}},{"type":"Feature","properties":{"id":"s610","name":"RADLIN, KOMINKA OSIEDLE","bus":1,"tram":0,"n":3,"imp":0.111,"node":1,"deg":4,"term":0,"major":0},"geometry":{"type":"Point","coordinates":[18.48306,50.037571]}},{"type":"Feature","properties":{"id":"s612","name":"ROGÓW, RACIBORSKA","bus":1,"tram":0,"n":1,"imp":0.048,"node":0,"deg":2,"term":0,"major":0},"geometry":{"type":"Point","coordinates":[18.45013,50.009369]}},{"type":"Feature","properties":{"id":"s613","name":"ROGÓW, RACIBORSKA","bus":1,"tram":0,"n":1,"imp":0.065,"node":1,"deg":3,"term":0,"major":0},"geometry":{"type":"Point","coordinates":[18.452874,50.009369]}},{"type":"Feature","properties":{"id":"s614","name":"ROGÓW, RACIBORSKA WYTRZĘSÓW","bus":1,"tram":0,"n":1,"imp":0.048,"node":0,"deg":2,"term":0,"major":0},"geometry":{"type":"Point","coordinates":[18.447386,50.009369]}},{"type":"Feature","properties":{"id":"s615","name":"ROGÓW, RACIBORSKA WYTRZĘSÓW","bus":1,"tram":0,"n":1,"imp":0.048,"node":0,"deg":2,"term":0,"major":0},"geometry":{"type":"Point","coordinates":[18.449215,50.009369]}},{"type":"Feature","properties":{"id":"s623","name":"RYDUŁTOWY, PKP","bus":1,"tram":0,"n":3,"imp":0.098,"node":1,"deg":2,"term":1,"major":0},"geometry":{"type":"Point","coordinates":[18.477572,50.053435]}},{"type":"Feature","properties":{"id":"s624","name":"SKRBEŃSKO, PIOTROWICKA","bus":1,"tram":0,"n":1,"imp":0.048,"node":0,"deg":2,"term":0,"major":0},"geometry":{"type":"Point","coordinates":[18.541257,49.960014]}},{"type":"Feature","properties":{"id":"s625","name":"SKRBEŃSKO, PIOTROWICKA","bus":1,"tram":0,"n":1,"imp":0.048,"node":0,"deg":2,"term":0,"major":0},"geometry":{"type":"Point","coordinates":[18.540453,49.958251]}},{"type":"Feature","properties":{"id":"s626","name":"SKRBEŃSKO, PIOTROWICKA WACHTARCZYK","bus":1,"tram":0,"n":1,"imp":0.048,"node":0,"deg":2,"term":0,"major":0},"geometry":{"type":"Point","coordinates":[18.538948,49.960014]}},{"type":"Feature","properties":{"id":"s627","name":"SKRBEŃSKO, PIOTROWICKA WACHTARCZYK","bus":1,"tram":0,"n":1,"imp":0.048,"node":0,"deg":2,"term":0,"major":0},"geometry":{"type":"Point","coordinates":[18.537756,49.958251]}},{"type":"Feature","properties":{"id":"s628","name":"SKRBEŃSKO, POPRZECZNA GRANICA","bus":1,"tram":0,"n":1,"imp":0.048,"node":0,"deg":2,"term":0,"major":0},"geometry":{"type":"Point","coordinates":[18.543566,49.960014]}},{"type":"Feature","properties":{"id":"s629","name":"SKRBEŃSKO, POPRZECZNA GRANICA","bus":1,"tram":0,"n":1,"imp":0.048,"node":0,"deg":2,"term":0,"major":0},"geometry":{"type":"Point","coordinates":[18.54315,49.958251]}},{"type":"Feature","properties":{"id":"s630","name":"SKRZYSZÓW, 1 MAJA","bus":1,"tram":0,"n":1,"imp":0.065,"node":1,"deg":3,"term":0,"major":0},"geometry":{"type":"Point","coordinates":[18.518735,49.972353]}},{"type":"Feature","properties":{"id":"s631","name":"SKRZYSZÓW, 1 MAJA","bus":1,"tram":0,"n":1,"imp":0.065,"node":1,"deg":3,"term":0,"major":0},"geometry":{"type":"Point","coordinates":[18.515991,49.97059]}},{"type":"Feature","properties":{"id":"s634","name":"SKRZYSZÓW, 1 MAJA KORTY","bus":1,"tram":0,"n":1,"imp":0.048,"node":0,"deg":2,"term":0,"major":0},"geometry":{"type":"Point","coordinates":[18.518735,49.970237]}},{"type":"Feature","properties":{"id":"s635","name":"SKRZYSZÓW, 1 MAJA KORTY","bus":1,"tram":0,"n":1,"imp":0.048,"node":0,"deg":2,"term":0,"major":0},"geometry":{"type":"Point","coordinates":[18.515991,49.96777]}},{"type":"Feature","properties":{"id":"s636","name":"SKRZYSZÓW, 1 MAJA LEŚNICZÓWKA","bus":1,"tram":0,"n":1,"imp":0.048,"node":0,"deg":2,"term":0,"major":0},"geometry":{"type":"Point","coordinates":[18.518735,49.979403]}},{"type":"Feature","properties":{"id":"s637","name":"SKRZYSZÓW, 1 MAJA LEŚNICZÓWKA","bus":1,"tram":0,"n":1,"imp":0.048,"node":0,"deg":2,"term":0,"major":0},"geometry":{"type":"Point","coordinates":[18.515991,49.979403]}},{"type":"Feature","properties":{"id":"s638","name":"SKRZYSZÓW, 1 MAJA POLNA","bus":1,"tram":0,"n":1,"imp":0.048,"node":0,"deg":2,"term":0,"major":0},"geometry":{"type":"Point","coordinates":[18.518735,49.971295]}},{"type":"Feature","properties":{"id":"s639","name":"SKRZYSZÓW, 1 MAJA POLNA","bus":1,"tram":0,"n":1,"imp":0.048,"node":0,"deg":2,"term":0,"major":0},"geometry":{"type":"Point","coordinates":[18.515991,49.96918]}},{"type":"Feature","properties":{"id":"s640","name":"SKRZYSZÓW, 1 MAJA SZKOŁA","bus":1,"tram":0,"n":1,"imp":0.065,"node":1,"deg":3,"term":0,"major":0},"geometry":{"type":"Point","coordinates":[18.518735,49.975878]}},{"type":"Feature","properties":{"id":"s641","name":"SKRZYSZÓW, 1 MAJA SZKOŁA","bus":1,"tram":0,"n":1,"imp":0.065,"node":1,"deg":3,"term":0,"major":0},"geometry":{"type":"Point","coordinates":[18.515991,49.977641]}},{"type":"Feature","properties":{"id":"s649","name":"SYRYNIA, 3 MAJA","bus":1,"tram":0,"n":1,"imp":0.048,"node":0,"deg":2,"term":0,"major":0},"geometry":{"type":"Point","coordinates":[18.445556,50.026408]}},{"type":"Feature","properties":{"id":"s650","name":"SYRYNIA, 3 MAJA","bus":1,"tram":0,"n":1,"imp":0.048,"node":0,"deg":2,"term":0,"major":0},"geometry":{"type":"Point","coordinates":[18.443269,50.025233]}},{"type":"Feature","properties":{"id":"s651","name":"SYRYNIA, BUKOWSKA BOISKO","bus":1,"tram":0,"n":1,"imp":0.048,"node":0,"deg":2,"term":0,"major":0},"geometry":{"type":"Point","coordinates":[18.444073,50.02347]}},{"type":"Feature","properties":{"id":"s652","name":"SYRYNIA, BUKOWSKA BOISKO","bus":1,"tram":0,"n":1,"imp":0.048,"node":0,"deg":2,"term":0,"major":0},"geometry":{"type":"Point","coordinates":[18.438238,50.024645]}},{"type":"Feature","properties":{"id":"s655","name":"SYRYNIA, KRZYŻOWA","bus":1,"tram":0,"n":1,"imp":0.048,"node":0,"deg":2,"term":0,"major":0},"geometry":{"type":"Point","coordinates":[18.436568,50.026893]}},{"type":"Feature","properties":{"id":"s656","name":"SYRYNIA, KRZYŻOWA","bus":1,"tram":0,"n":1,"imp":0.048,"node":0,"deg":2,"term":0,"major":0},"geometry":{"type":"Point","coordinates":[18.441897,50.030931]}},{"type":"Feature","properties":{"id":"s657","name":"SYRYNIA, POPRZECZNA PRZEDSZKOLE","bus":1,"tram":0,"n":1,"imp":0.048,"node":0,"deg":2,"term":0,"major":0},"geometry":{"type":"Point","coordinates":[18.441211,50.025233]}},{"type":"Feature","properties":{"id":"s658","name":"SYRYNIA, POPRZECZNA PRZEDSZKOLE","bus":1,"tram":0,"n":1,"imp":0.048,"node":0,"deg":2,"term":0,"major":0},"geometry":{"type":"Point","coordinates":[18.443727,50.027583]}},{"type":"Feature","properties":{"id":"s659","name":"SYRYNIA, POWSTAŃCÓW ŚLĄSKICH BUKOWSKA","bus":1,"tram":0,"n":2,"imp":0.079,"node":1,"deg":3,"term":0,"major":0},"geometry":{"type":"Point","coordinates":[18.444642,50.021707]}},{"type":"Feature","properties":{"id":"s660","name":"SYRYNIA, POWSTAŃCÓW ŚLĄSKICH SZKOŁA","bus":1,"tram":0,"n":2,"imp":0.096,"node":1,"deg":4,"term":0,"major":0},"geometry":{"type":"Point","coordinates":[18.439153,50.025233]}},{"type":"Feature","properties":{"id":"s661","name":"SYRYNIA, POWSTAŃCÓW ŚLĄSKICH SZKOŁA","bus":1,"tram":0,"n":2,"imp":0.079,"node":1,"deg":3,"term":0,"major":0},"geometry":{"type":"Point","coordinates":[18.441897,50.028758]}},{"type":"Feature","properties":{"id":"s662","name":"SYRYNIA, RACIBORSKA BUGLOWIEC","bus":1,"tram":0,"n":1,"imp":0.048,"node":0,"deg":2,"term":0,"major":0},"geometry":{"type":"Point","coordinates":[18.437324,50.017007]}},{"type":"Feature","properties":{"id":"s663","name":"SYRYNIA, RACIBORSKA BUGLOWIEC","bus":1,"tram":0,"n":1,"imp":0.048,"node":0,"deg":2,"term":0,"major":0},"geometry":{"type":"Point","coordinates":[18.434579,50.022295]}},{"type":"Feature","properties":{"id":"s666","name":"SYRYNIA, WODZISŁAWSKA","bus":1,"tram":0,"n":1,"imp":0.065,"node":1,"deg":3,"term":0,"major":0},"geometry":{"type":"Point","coordinates":[18.447386,50.025233]}},{"type":"Feature","properties":{"id":"s667","name":"SYRYNIA, WODZISŁAWSKA","bus":1,"tram":0,"n":1,"imp":0.048,"node":0,"deg":2,"term":0,"major":0},"geometry":{"type":"Point","coordinates":[18.445328,50.025233]}},{"type":"Feature","properties":{"id":"s668","name":"TURZA ŚLĄSKA","bus":1,"tram":0,"n":2,"imp":0.062,"node":0,"deg":2,"term":0,"major":0},"geometry":{"type":"Point","coordinates":[18.484433,49.991742]}},{"type":"Feature","properties":{"id":"s669","name":"TURZA ŚLĄSKA","bus":1,"tram":0,"n":2,"imp":0.062,"node":0,"deg":2,"term":0,"major":0},"geometry":{"type":"Point","coordinates":[18.479401,49.993505]}},{"type":"Feature","properties":{"id":"s670","name":"TURZA ŚLĄSKA GRANICZNA","bus":1,"tram":0,"n":1,"imp":0.048,"node":0,"deg":2,"term":0,"major":0},"geometry":{"type":"Point","coordinates":[18.496781,49.981639]}},{"type":"Feature","properties":{"id":"s671","name":"TURZA ŚLĄSKA GRANICZNA","bus":1,"tram":0,"n":1,"imp":0.048,"node":0,"deg":2,"term":0,"major":0},"geometry":{"type":"Point","coordinates":[18.499526,49.981166]}},{"type":"Feature","properties":{"id":"s672","name":"TURZA ŚLĄSKA ,KOŚCIUSZKI ,BOGUMIŃSKA","bus":1,"tram":0,"n":1,"imp":0.048,"node":0,"deg":2,"term":0,"major":0},"geometry":{"type":"Point","coordinates":[18.490929,49.981166]}},{"type":"Feature","properties":{"id":"s673","name":"TURZA ŚLĄSKA ,KOŚCIUSZKI ,BOGUMIŃSKA","bus":1,"tram":0,"n":1,"imp":0.048,"node":0,"deg":2,"term":0,"major":0},"geometry":{"type":"Point","coordinates":[18.489792,49.979403]}},{"type":"Feature","properties":{"id":"s674","name":"TURZA ŚLĄSKA, KOŚCIUSZKI SZKOŁA","bus":1,"tram":0,"n":1,"imp":0.048,"node":0,"deg":2,"term":0,"major":0},"geometry":{"type":"Point","coordinates":[18.495796,49.981166]}},{"type":"Feature","properties":{"id":"s675","name":"TURZA ŚLĄSKA, KOŚCIUSZKI SZKOŁA","bus":1,"tram":0,"n":1,"imp":0.048,"node":0,"deg":2,"term":0,"major":0},"geometry":{"type":"Point","coordinates":[18.494659,49.979403]}},{"type":"Feature","properties":{"id":"s676","name":"TURZA ŚLĄSKA, MSZAŃSKA","bus":1,"tram":0,"n":1,"imp":0.048,"node":0,"deg":2,"term":0,"major":0},"geometry":{"type":"Point","coordinates":[18.502002,49.986626]}},{"type":"Feature","properties":{"id":"s677","name":"TURZA ŚLĄSKA, MSZAŃSKA","bus":1,"tram":0,"n":1,"imp":0.048,"node":0,"deg":2,"term":0,"major":0},"geometry":{"type":"Point","coordinates":[18.501577,49.993505]}},{"type":"Feature","properties":{"id":"s678","name":"TURZA ŚLĄSKA, MSZAŃSKA 27 MARCA","bus":1,"tram":0,"n":2,"imp":0.062,"node":0,"deg":2,"term":0,"major":0},"geometry":{"type":"Point","coordinates":[18.495007,49.989356]}},{"type":"Feature","properties":{"id":"s679","name":"TURZA ŚLĄSKA, MSZAŃSKA 27 MARCA","bus":1,"tram":0,"n":2,"imp":0.062,"node":0,"deg":2,"term":0,"major":0},"geometry":{"type":"Point","coordinates":[18.492263,49.994644]}},{"type":"Feature","properties":{"id":"s680","name":"TURZA ŚLĄSKA, MSZAŃSKA WODZISŁAWSKA","bus":1,"tram":0,"n":2,"imp":0.079,"node":1,"deg":3,"term":0,"major":0},"geometry":{"type":"Point","coordinates":[18.499526,49.988217]}},{"type":"Feature","properties":{"id":"s681","name":"TURZA ŚLĄSKA, MSZAŃSKA WODZISŁAWSKA","bus":1,"tram":0,"n":2,"imp":0.079,"node":1,"deg":3,"term":0,"major":0},"geometry":{"type":"Point","coordinates":[18.496781,49.993505]}},{"type":"Feature","properties":{"id":"s682","name":"TURZA ŚLĄSKA, OLSZENICA","bus":1,"tram":0,"n":1,"imp":0.048,"node":0,"deg":2,"term":0,"major":0},"geometry":{"type":"Point","coordinates":[18.499526,49.982929]}},{"type":"Feature","properties":{"id":"s683","name":"TURZA ŚLĄSKA, OLSZENICA","bus":1,"tram":0,"n":1,"imp":0.048,"node":0,"deg":2,"term":0,"major":0},"geometry":{"type":"Point","coordinates":[18.496781,49.984606]}},{"type":"Feature","properties":{"id":"s684","name":"TURZA ŚLĄSKA, WODZISŁAWSKA/ GRANICZNA","bus":1,"tram":0,"n":1,"imp":0.048,"node":0,"deg":2,"term":0,"major":0},"geometry":{"type":"Point","coordinates":[18.499526,49.984691]}},{"type":"Feature","properties":{"id":"s685","name":"TURZA ŚLĄSKA, WODZISŁAWSKA/ GRANICZNA","bus":1,"tram":0,"n":1,"imp":0.048,"node":0,"deg":2,"term":0,"major":0},"geometry":{"type":"Point","coordinates":[18.496781,49.987572]}},{"type":"Feature","properties":{"id":"s686","name":"TURZA ŚLĄSKA, WODZISŁAWSKA LIGONIA","bus":1,"tram":0,"n":1,"imp":0.048,"node":0,"deg":2,"term":0,"major":0},"geometry":{"type":"Point","coordinates":[18.499526,49.986454]}},{"type":"Feature","properties":{"id":"s687","name":"TURZA ŚLĄSKA, WODZISŁAWSKA LIGONIA","bus":1,"tram":0,"n":1,"imp":0.048,"node":0,"deg":2,"term":0,"major":0},"geometry":{"type":"Point","coordinates":[18.496781,49.990538]}},{"type":"Feature","properties":{"id":"s688","name":"UCHYLSKO, WIEJSKA","bus":1,"tram":0,"n":1,"imp":0.07,"node":1,"deg":2,"term":1,"major":0},"geometry":{"type":"Point","coordinates":[18.466595,49.981166]}},{"type":"Feature","properties":{"id":"s689","name":"WODZISŁAW ŚLASKI, CHROBREGO GRANICA","bus":1,"tram":0,"n":1,"imp":0.048,"node":0,"deg":2,"term":0,"major":0},"geometry":{"type":"Point","coordinates":[18.474828,50.03452]}},{"type":"Feature","properties":{"id":"s690","name":"WODZISŁAW ŚLASKI, CHROBREGO GRANICA","bus":1,"tram":0,"n":1,"imp":0.048,"node":0,"deg":2,"term":0,"major":0},"geometry":{"type":"Point","coordinates":[18.474828,50.03452]}},{"type":"Feature","properties":{"id":"s691","name":"WODZISŁAW ŚLĄSKI, MIESZKA","bus":1,"tram":0,"n":3,"imp":0.094,"node":1,"deg":3,"term":0,"major":0},"geometry":{"type":"Point","coordinates":[18.480316,50.021707]}},{"type":"Feature","properties":{"id":"s692","name":"WODZISŁAW ŚLĄSKI, MIESZKA","bus":1,"tram":0,"n":3,"imp":0.094,"node":1,"deg":3,"term":0,"major":0},"geometry":{"type":"Point","coordinates":[18.480316,50.019945]}},{"type":"Feature","properties":{"id":"s693","name":"WODZISŁAW ŚLĄSKI, 26 MARCA BIBLIOTEKA","bus":1,"tram":0,"n":1,"imp":0.048,"node":0,"deg":2,"term":0,"major":0},"geometry":{"type":"Point","coordinates":[18.488013,50.011476]}},{"type":"Feature","properties":{"id":"s694","name":"WODZISŁAW ŚLĄSKI, 26 MARCA BIBLIOTEKA","bus":1,"tram":0,"n":1,"imp":0.048,"node":0,"deg":2,"term":0,"major":0},"geometry":{"type":"Point","coordinates":[18.488013,50.011476]}},{"type":"Feature","properties":{"id":"s695","name":"WODZISŁAW ŚLĄSKI, 26 MARCA SZKOŁA","bus":1,"tram":0,"n":8,"imp":0.148,"node":0,"deg":2,"term":0,"major":0},"geometry":{"type":"Point","coordinates":[18.488549,50.012894]}},{"type":"Feature","properties":{"id":"s696","name":"WODZISŁAW ŚLĄSKI, 26 MARCA SZPITAL","bus":1,"tram":0,"n":10,"imp":0.227,"node":1,"deg":5,"term":0,"major":1},"geometry":{"type":"Point","coordinates":[18.485805,50.014657]}},{"type":"Feature","properties":{"id":"s697","name":"WODZISŁAW ŚLĄSKI, ARMII KRAJOWEJ","bus":1,"tram":0,"n":2,"imp":0.062,"node":0,"deg":2,"term":0,"major":0},"geometry":{"type":"Point","coordinates":[18.488549,50.012894]}},{"type":"Feature","properties":{"id":"s698","name":"WODZISŁAW ŚLĄSKI, ARMII KRAJOWEJ","bus":1,"tram":0,"n":2,"imp":0.062,"node":0,"deg":2,"term":0,"major":0},"geometry":{"type":"Point","coordinates":[18.488549,50.012894]}},{"type":"Feature","properties":{"id":"s699","name":"WODZISŁAW ŚLĄSKI, BOGUMIŃSKA STADION ALEJA","bus":1,"tram":0,"n":4,"imp":0.125,"node":1,"deg":4,"term":0,"major":0},"geometry":{"type":"Point","coordinates":[18.485805,50.005843]}},{"type":"Feature","properties":{"id":"s700","name":"WODZISŁAW ŚLĄSKI, BOGUMIŃSKA STADION ALEJA","bus":1,"tram":0,"n":3,"imp":0.094,"node":1,"deg":3,"term":0,"major":0},"geometry":{"type":"Point","coordinates":[18.488549,50.004081]}},{"type":"Feature","properties":{"id":"s701","name":"WODZISŁAW ŚLĄSKI, CHROBREGO BOISKO","bus":1,"tram":0,"n":1,"imp":0.048,"node":0,"deg":2,"term":0,"major":0},"geometry":{"type":"Point","coordinates":[18.490489,50.025233]}},{"type":"Feature","properties":{"id":"s702","name":"WODZISŁAW ŚLĄSKI, CHROBREGO BOISKO","bus":1,"tram":0,"n":1,"imp":0.048,"node":0,"deg":2,"term":0,"major":0},"geometry":{"type":"Point","coordinates":[18.489921,50.024351]}},{"type":"Feature","properties":{"id":"s703","name":"WODZISŁAW ŚLĄSKI, CHROBREGO DĄBROWSKIEGO","bus":1,"tram":0,"n":1,"imp":0.048,"node":0,"deg":2,"term":0,"major":0},"geometry":{"type":"Point","coordinates":[18.482445,50.027391]}},{"type":"Feature","properties":{"id":"s704","name":"WODZISŁAW ŚLĄSKI, CHROBREGO DĄBROWSKIEGO","bus":1,"tram":0,"n":1,"imp":0.048,"node":0,"deg":2,"term":0,"major":0},"geometry":{"type":"Point","coordinates":[18.484385,50.027907]}},{"type":"Feature","properties":{"id":"s705","name":"WODZISŁAW ŚLĄSKI, CHROBREGO GOŁĘBIA","bus":1,"tram":0,"n":1,"imp":0.048,"node":0,"deg":2,"term":0,"major":0},"geometry":{"type":"Point","coordinates":[18.491695,50.02347]}},{"type":"Feature","properties":{"id":"s706","name":"WODZISŁAW ŚLĄSKI, CHROBREGO GOŁĘBIA","bus":1,"tram":0,"n":1,"imp":0.048,"node":0,"deg":2,"term":0,"major":0},"geometry":{"type":"Point","coordinates":[18.492381,50.024534]}},{"type":"Feature","properties":{"id":"s707","name":"WODZISŁAW ŚLĄSKI, CHROBREGO OWOCOWA","bus":1,"tram":0,"n":1,"imp":0.048,"node":0,"deg":2,"term":0,"major":0},"geometry":{"type":"Point","coordinates":[18.479085,50.029549]}},{"type":"Feature","properties":{"id":"s708","name":"WODZISŁAW ŚLĄSKI, CHROBREGO OWOCOWA","bus":1,"tram":0,"n":1,"imp":0.048,"node":0,"deg":2,"term":0,"major":0},"geometry":{"type":"Point","coordinates":[18.481026,50.030065]}},{"type":"Feature","properties":{"id":"s709","name":"WODZISŁAW ŚLĄSKI, CHROBREGO REMIZA","bus":1,"tram":0,"n":1,"imp":0.048,"node":0,"deg":2,"term":0,"major":0},"geometry":{"type":"Point","coordinates":[18.488147,50.025233]}},{"type":"Feature","properties":{"id":"s710","name":"WODZISŁAW ŚLĄSKI, CHROBREGO REMIZA","bus":1,"tram":0,"n":1,"imp":0.048,"node":0,"deg":2,"term":0,"major":0},"geometry":{"type":"Point","coordinates":[18.488147,50.025233]}},{"type":"Feature","properties":{"id":"s711","name":"WODZISŁAW ŚLĄSKI, CHROBREGO SZKOŁA Nr 21","bus":1,"tram":0,"n":1,"imp":0.048,"node":0,"deg":2,"term":0,"major":0},"geometry":{"type":"Point","coordinates":[18.477666,50.032223]}},{"type":"Feature","properties":{"id":"s712","name":"WODZISŁAW ŚLĄSKI, CHROBREGO SZKOŁA Nr 21","bus":1,"tram":0,"n":1,"imp":0.048,"node":0,"deg":2,"term":0,"major":0},"geometry":{"type":"Point","coordinates":[18.475726,50.031707]}},{"type":"Feature","properties":{"id":"s713","name":"WODZISŁAW ŚLĄSKI, CMENTARZ KOMUNALNY","bus":1,"tram":0,"n":5,"imp":0.156,"node":1,"deg":5,"term":0,"major":1},"geometry":{"type":"Point","coordinates":[18.488549,50.000555]}},{"type":"Feature","properties":{"id":"s716","name":"WODZISŁAW ŚLĄSKI, CZARNIECKIEGO ŁADNA","bus":1,"tram":0,"n":1,"imp":0.048,"node":0,"deg":2,"term":0,"major":0},"geometry":{"type":"Point","coordinates":[18.515471,49.992076]}},{"type":"Feature","properties":{"id":"s717","name":"WODZISŁAW ŚLĄSKI, CZARNIECKIEGO ŁADNA","bus":1,"tram":0,"n":1,"imp":0.048,"node":0,"deg":2,"term":0,"major":0},"geometry":{"type":"Point","coordinates":[18.511875,49.990861]}},{"type":"Feature","properties":{"id":"s718","name":"WODZISŁAW ŚLĄSKI CZARNIECKIEGO SKRZYSZOWSKA","bus":1,"tram":0,"n":1,"imp":0.048,"node":0,"deg":2,"term":0,"major":0},"geometry":{"type":"Point","coordinates":[18.511899,49.99437]}},{"type":"Feature","properties":{"id":"s719","name":"WODZISŁAW ŚLĄSKI CZARNIECKIEGO SKRZYSZOWSKA","bus":1,"tram":0,"n":1,"imp":0.048,"node":0,"deg":2,"term":0,"major":0},"geometry":{"type":"Point","coordinates":[18.508444,49.993064]}},{"type":"Feature","properties":{"id":"s720","name":"WODZISŁAW ŚLĄSKI, CZARNIECKIEGO TELIGI","bus":1,"tram":0,"n":1,"imp":0.048,"node":0,"deg":2,"term":0,"major":0},"geometry":{"type":"Point","coordinates":[18.518735,49.989699]}},{"type":"Feature","properties":{"id":"s721","name":"WODZISŁAW ŚLĄSKI, CZARNIECKIEGO TELIGI","bus":1,"tram":0,"n":1,"imp":0.048,"node":0,"deg":2,"term":0,"major":0},"geometry":{"type":"Point","coordinates":[18.515305,49.988657]}},{"type":"Feature","properties":{"id":"s722","name":"WODZISŁAW ŚLĄSKI, CZYŻOWICKA","bus":1,"tram":0,"n":2,"imp":0.079,"node":1,"deg":3,"term":0,"major":0},"geometry":{"type":"Point","coordinates":[18.477572,50.005843]}},{"type":"Feature","properties":{"id":"s723","name":"WODZISŁAW ŚLĄSKI, CZYŻOWICKA KARKOSZKA","bus":1,"tram":0,"n":1,"imp":0.048,"node":0,"deg":2,"term":0,"major":0},"geometry":{"type":"Point","coordinates":[18.48306,49.999234]}},{"type":"Feature","properties":{"id":"s724","name":"WODZISŁAW ŚLĄSKI, CZYŻOWICKA KARKOSZKA","bus":1,"tram":0,"n":2,"imp":0.096,"node":1,"deg":4,"term":0,"major":0},"geometry":{"type":"Point","coordinates":[18.480316,49.998793]}},{"type":"Feature","properties":{"id":"s725","name":"WODZISŁAW ŚLĄSKI, CZYŻOWICKA KRZYŻ","bus":1,"tram":0,"n":1,"imp":0.048,"node":0,"deg":2,"term":0,"major":0},"geometry":{"type":"Point","coordinates":[18.48306,50.002025]}},{"type":"Feature","properties":{"id":"s726","name":"WODZISŁAW ŚLĄSKI, CZYŻOWICKA KRZYŻ","bus":1,"tram":0,"n":1,"imp":0.048,"node":0,"deg":2,"term":0,"major":0},"geometry":{"type":"Point","coordinates":[18.477572,50.000656]}},{"type":"Feature","properties":{"id":"s727","name":"WODZISŁAW ŚLĄSKI, CZYŻOWICKA MONIUSZKI","bus":1,"tram":0,"n":1,"imp":0.048,"node":0,"deg":2,"term":0,"major":0},"geometry":{"type":"Point","coordinates":[18.48306,50.004815]}},{"type":"Feature","properties":{"id":"s728","name":"WODZISŁAW ŚLĄSKI, CZYŻOWICKA MONIUSZKI","bus":1,"tram":0,"n":1,"imp":0.048,"node":0,"deg":2,"term":0,"major":0},"geometry":{"type":"Point","coordinates":[18.477572,50.00325]}},{"type":"Feature","properties":{"id":"s729","name":"WODZISŁAW ŚLĄSKI, GÓRNICZA SZYB","bus":1,"tram":0,"n":1,"imp":0.048,"node":0,"deg":2,"term":0,"major":0},"geometry":{"type":"Point","coordinates":[18.476657,50.019357]}},{"type":"Feature","properties":{"id":"s730","name":"WODZISŁAW ŚLĄSKI, GÓRNICZA SZYB","bus":1,"tram":0,"n":1,"imp":0.048,"node":0,"deg":2,"term":0,"major":0},"geometry":{"type":"Point","coordinates":[18.476389,50.019185]}},{"type":"Feature","properties":{"id":"s731","name":"WODZISŁAW ŚLĄSKI, GRODZISKO","bus":1,"tram":0,"n":2,"imp":0.062,"node":0,"deg":2,"term":0,"major":0},"geometry":{"type":"Point","coordinates":[18.508562,50.00709]}},{"type":"Feature","properties":{"id":"s732","name":"Wodzisław Dworzec Kolejowy","bus":1,"tram":0,"n":16,"imp":0.401,"node":1,"deg":9,"term":1,"major":1},"geometry":{"type":"Point","coordinates":[18.491293,50.011131]}},{"type":"Feature","properties":{"id":"s733","name":"WODZISŁAW ŚLĄSKI, JASTRZĘBSKA BLAZY","bus":1,"tram":0,"n":4,"imp":0.108,"node":1,"deg":3,"term":0,"major":0},"geometry":{"type":"Point","coordinates":[18.515991,49.995267]}},{"type":"Feature","properties":{"id":"s734","name":"WODZISŁAW ŚLĄSKI, JASTRZĘBSKA CYGANEK","bus":1,"tram":0,"n":4,"imp":0.108,"node":1,"deg":3,"term":0,"major":0},"geometry":{"type":"Point","coordinates":[18.50227,50.004081]}},{"type":"Feature","properties":{"id":"s735","name":"WODZISŁAW ŚLĄSKI, JASTRZĘBSKA SZKOŁA","bus":1,"tram":0,"n":4,"imp":0.091,"node":0,"deg":2,"term":0,"major":0},"geometry":{"type":"Point","coordinates":[18.50913,49.999674]}},{"type":"Feature","properties":{"id":"s737","name":"WODZISŁAW ŚLĄSKI, KARKOSZKA KRZYŻ","bus":1,"tram":0,"n":1,"imp":0.048,"node":0,"deg":2,"term":0,"major":0},"geometry":{"type":"Point","coordinates":[18.480316,50.000262]}},{"type":"Feature","properties":{"id":"s739","name":"WODZISŁAW ŚLĄSKI, KARKOSZKA SKRZYŻOWANIE","bus":1,"tram":0,"n":1,"imp":0.048,"node":0,"deg":2,"term":0,"major":0},"geometry":{"type":"Point","coordinates":[18.480316,50.00173]}},{"type":"Feature","properties":{"id":"s740","name":"WODZISŁAW ŚLĄSKI KOKOSZYCKA LESZKA","bus":1,"tram":0,"n":2,"imp":0.062,"node":0,"deg":2,"term":0,"major":0},"geometry":{"type":"Point","coordinates":[18.48306,50.02347]}},{"type":"Feature","properties":{"id":"s741","name":"WODZISŁAW ŚLĄSKI KOKOSZYCKA LESZKA","bus":1,"tram":0,"n":2,"imp":0.062,"node":0,"deg":2,"term":0,"major":0},"geometry":{"type":"Point","coordinates":[18.484031,50.022331]}},{"type":"Feature","properties":{"id":"s742","name":"WODZISŁAW ŚLĄSKI, KOKOSZYCKA OSIEDLE BATORY","bus":1,"tram":0,"n":1,"imp":0.048,"node":0,"deg":2,"term":0,"major":0},"geometry":{"type":"Point","coordinates":[18.478108,50.019945]}},{"type":"Feature","properties":{"id":"s743","name":"WODZISŁAW ŚLĄSKI, KOKOSZYCKA OSIEDLE BATORY","bus":1,"tram":0,"n":1,"imp":0.048,"node":0,"deg":2,"term":0,"major":0},"geometry":{"type":"Point","coordinates":[18.478487,50.020532]}},{"type":"Feature","properties":{"id":"s744","name":"WODZISŁAW ŚLĄSKI, KOMINKA","bus":1,"tram":0,"n":3,"imp":0.077,"node":0,"deg":2,"term":0,"major":0},"geometry":{"type":"Point","coordinates":[18.48306,50.031037]}},{"type":"Feature","properties":{"id":"s745","name":"WODZISŁAW ŚLĄSKI, KOPERNIKA GÓRNA","bus":1,"tram":0,"n":4,"imp":0.091,"node":0,"deg":2,"term":0,"major":0},"geometry":{"type":"Point","coordinates":[18.496246,50.004425]}},{"type":"Feature","properties":{"id":"s746","name":"WODZISŁAW ŚLĄSKI, KOPERNIKA GÓRNA","bus":1,"tram":0,"n":2,"imp":0.062,"node":0,"deg":2,"term":0,"major":0},"geometry":{"type":"Point","coordinates":[18.494952,50.004081]}},{"type":"Feature","properties":{"id":"s747","name":"WODZISŁAW ŚLĄSKI, KOPERNIKA SZACHTA","bus":1,"tram":0,"n":5,"imp":0.139,"node":1,"deg":4,"term":0,"major":0},"geometry":{"type":"Point","coordinates":[18.494037,50.005843]}},{"type":"Feature","properties":{"id":"s748","name":"WODZISŁAW ŚLĄSKI, KOPERNIKA SZACHTA","bus":1,"tram":0,"n":3,"imp":0.111,"node":1,"deg":4,"term":0,"major":0},"geometry":{"type":"Point","coordinates":[18.491293,50.004081]}},{"type":"Feature","properties":{"id":"s749","name":"WODZISŁAW ŚLĄSKI, KOPERNIKA SZKOŁA","bus":1,"tram":0,"n":4,"imp":0.091,"node":0,"deg":2,"term":0,"major":0},"geometry":{"type":"Point","coordinates":[18.499147,50.004081]}},{"type":"Feature","properties":{"id":"s750","name":"WODZISŁAW ŚLĄSKI, KOPERNIKA SZKOŁA","bus":1,"tram":0,"n":2,"imp":0.062,"node":0,"deg":2,"term":0,"major":0},"geometry":{"type":"Point","coordinates":[18.498611,50.004081]}},{"type":"Feature","properties":{"id":"s752","name":"WODZISŁAW ŚLĄSKI, KS. A. ROBOTY SZKOŁA","bus":1,"tram":0,"n":1,"imp":0.048,"node":0,"deg":2,"term":0,"major":0},"geometry":{"type":"Point","coordinates":[18.480316,50.006137]}},{"type":"Feature","properties":{"id":"s753","name":"WODZISŁAW ŚLĄSKI, RADLIŃSKA LESZKA","bus":1,"tram":0,"n":6,"imp":0.136,"node":1,"deg":3,"term":0,"major":0},"geometry":{"type":"Point","coordinates":[18.485805,50.021707]}},{"type":"Feature","properties":{"id":"s754","name":"WODZISŁAW ŚLĄSKI, LESZKA","bus":1,"tram":0,"n":3,"imp":0.077,"node":0,"deg":2,"term":0,"major":0},"geometry":{"type":"Point","coordinates":[18.484243,50.019185]}},{"type":"Feature","properties":{"id":"s755","name":"WODZISŁAW ŚLĄSKI, ŁUŻYCKA","bus":1,"tram":0,"n":2,"imp":0.079,"node":1,"deg":3,"term":0,"major":0},"geometry":{"type":"Point","coordinates":[18.499526,50.007606]}},{"type":"Feature","properties":{"id":"s756","name":"WODZISŁAW ŚLĄSKI, MARKLOWICKA DZIAŁKI","bus":1,"tram":0,"n":3,"imp":0.098,"node":1,"deg":2,"term":1,"major":0},"geometry":{"type":"Point","coordinates":[18.499526,50.016419]}},{"type":"Feature","properties":{"id":"s757","name":"WODZISŁAW ŚLĄSKI, MARKLOWICKA WODOCIĄGI","bus":1,"tram":0,"n":3,"imp":0.094,"node":1,"deg":3,"term":0,"major":0},"geometry":{"type":"Point","coordinates":[18.496781,50.014657]}},{"type":"Feature","properties":{"id":"s758","name":"WODZISŁAW ŚLĄSKI, MARUSZE","bus":1,"tram":0,"n":4,"imp":0.108,"node":1,"deg":3,"term":0,"major":0},"geometry":{"type":"Point","coordinates":[18.491293,49.991742]}},{"type":"Feature","properties":{"id":"s759","name":"WODZISŁAW ŚLĄSKI, MARUSZE","bus":1,"tram":0,"n":5,"imp":0.122,"node":1,"deg":3,"term":0,"major":0},"geometry":{"type":"Point","coordinates":[18.488549,49.99703]}},{"type":"Feature","properties":{"id":"s760","name":"WODZISŁAW ŚLĄSKI, MATUSZCZYKA SKRZYŻOWANIE","bus":1,"tram":0,"n":7,"imp":0.15,"node":1,"deg":3,"term":0,"major":0},"geometry":{"type":"Point","coordinates":[18.480316,50.014657]}},{"type":"Feature","properties":{"id":"s761","name":"WODZISŁAW ŚLĄSKI, MATUSZCZYKA XXX-LECIA","bus":1,"tram":0,"n":7,"imp":0.184,"node":1,"deg":5,"term":0,"major":1},"geometry":{"type":"Point","coordinates":[18.48306,50.014657]}},{"type":"Feature","properties":{"id":"s762","name":"WODZISŁAW ŚLĄSKI, MIESZKA OSIEDLE PIASTÓW","bus":1,"tram":0,"n":3,"imp":0.077,"node":0,"deg":2,"term":0,"major":0},"geometry":{"type":"Point","coordinates":[18.48306,50.021707]}},{"type":"Feature","properties":{"id":"s763","name":"WODZISŁAW ŚLĄSKI, MIESZKA OSIEDLE PIASTÓW","bus":1,"tram":0,"n":3,"imp":0.077,"node":0,"deg":2,"term":0,"major":0},"geometry":{"type":"Point","coordinates":[18.482525,50.019945]}},{"type":"Feature","properties":{"id":"s764","name":"WODZISŁAW ŚLĄSKI, MŁODZIEŻOWA BOISKO","bus":1,"tram":0,"n":3,"imp":0.132,"node":1,"deg":4,"term":1,"major":0},"geometry":{"type":"Point","coordinates":[18.45013,50.02347]}},{"type":"Feature","properties":{"id":"s765","name":"WODZISŁAW ŚLĄSKI, MŁODZIEŻOWA BOISKO","bus":1,"tram":0,"n":3,"imp":0.115,"node":1,"deg":3,"term":1,"major":0},"geometry":{"type":"Point","coordinates":[18.452874,50.019945]}},{"type":"Feature","properties":{"id":"s768","name":"WODZISŁAW ŚLĄSKI, MŁODZIEŻOWA ROZWOJOWA","bus":1,"tram":0,"n":3,"imp":0.094,"node":1,"deg":3,"term":0,"major":0},"geometry":{"type":"Point","coordinates":[18.463851,50.019945]}},{"type":"Feature","properties":{"id":"s769","name":"WODZISŁAW ŚLĄSKI, MŁODZIEŻOWA ROZWOJOWA","bus":1,"tram":0,"n":3,"imp":0.094,"node":1,"deg":3,"term":0,"major":0},"geometry":{"type":"Point","coordinates":[18.463851,50.016419]}},{"type":"Feature","properties":{"id":"s770","name":"WODZISŁAW ŚLĄSKI, MŁODZIEŻOWA SZKOŁA","bus":1,"tram":0,"n":3,"imp":0.094,"node":1,"deg":3,"term":0,"major":0},"geometry":{"type":"Point","coordinates":[18.455618,50.018182]}},{"type":"Feature","properties":{"id":"s771","name":"WODZISŁAW ŚLĄSKI, MŁODZIEŻOWA SZKOŁA","bus":1,"tram":0,"n":3,"imp":0.094,"node":1,"deg":3,"term":0,"major":0},"geometry":{"type":"Point","coordinates":[18.458363,50.021707]}},{"type":"Feature","properties":{"id":"s772","name":"WODZISŁAW ŚLĄSKI, MŁODZIEŻOWA WYPANDÓW","bus":1,"tram":0,"n":2,"imp":0.062,"node":0,"deg":2,"term":0,"major":0},"geometry":{"type":"Point","coordinates":[18.460705,50.020203]}},{"type":"Feature","properties":{"id":"s773","name":"WODZISŁAW ŚLĄSKI, MŁODZIEŻOWA WYPANDÓW","bus":1,"tram":0,"n":2,"imp":0.062,"node":0,"deg":2,"term":0,"major":0},"geometry":{"type":"Point","coordinates":[18.460303,50.018182]}},{"type":"Feature","properties":{"id":"s774","name":"WODZISŁAW ŚLĄSKI, MSZAŃSKA CICHY","bus":1,"tram":0,"n":1,"imp":0.048,"node":0,"deg":2,"term":0,"major":0},"geometry":{"type":"Point","coordinates":[18.511953,49.987285]}},{"type":"Feature","properties":{"id":"s775","name":"WODZISŁAW ŚLĄSKI, MSZAŃSKA CICHY","bus":1,"tram":0,"n":1,"imp":0.048,"node":0,"deg":2,"term":0,"major":0},"geometry":{"type":"Point","coordinates":[18.509431,49.981854]}},{"type":"Feature","properties":{"id":"s776","name":"WODZISŁAW ŚLĄSKI, MSZAŃSKA DZIAŁKI","bus":1,"tram":0,"n":1,"imp":0.048,"node":0,"deg":2,"term":0,"major":0},"geometry":{"type":"Point","coordinates":[18.508562,49.989463]}},{"type":"Feature","properties":{"id":"s777","name":"WODZISŁAW ŚLĄSKI, MSZAŃSKA DZIAŁKI","bus":1,"tram":0,"n":1,"imp":0.048,"node":0,"deg":2,"term":0,"major":0},"geometry":{"type":"Point","coordinates":[18.506955,49.983445]}},{"type":"Feature","properties":{"id":"s778","name":"WODZISŁAW ŚLĄSKI, OLSZYNY","bus":1,"tram":0,"n":1,"imp":0.048,"node":0,"deg":2,"term":0,"major":0},"geometry":{"type":"Point","coordinates":[18.466595,50.016419]}},{"type":"Feature","properties":{"id":"s779","name":"WODZISŁAW ŚLĄSKI, OLSZYNY","bus":1,"tram":0,"n":1,"imp":0.048,"node":0,"deg":2,"term":0,"major":0},"geometry":{"type":"Point","coordinates":[18.469339,50.015173]}},{"type":"Feature","properties":{"id":"s780","name":"WODZISŁAW ŚLĄSKI, OSIEDLE DĄBRÓWKI","bus":1,"tram":0,"n":6,"imp":0.136,"node":1,"deg":3,"term":0,"major":0},"geometry":{"type":"Point","coordinates":[18.477572,50.016419]}},{"type":"Feature","properties":{"id":"s781","name":"WODZISŁAW ŚLĄSKI, OSIEDLE JEDŁOWNIK","bus":1,"tram":0,"n":8,"imp":0.267,"node":1,"deg":9,"term":0,"major":1},"geometry":{"type":"Point","coordinates":[18.474828,50.018182]}},{"type":"Feature","properties":{"id":"s782","name":"WODZISŁAW ŚLĄSKI, PADEREWSKIEGO PIEKARNIA","bus":1,"tram":0,"n":1,"imp":0.048,"node":0,"deg":2,"term":0,"major":0},"geometry":{"type":"Point","coordinates":[18.461107,50.024685]}},{"type":"Feature","properties":{"id":"s783","name":"WODZISŁAW ŚLĄSKI, PADEREWSKIEGO PIEKARNIA","bus":1,"tram":0,"n":1,"imp":0.048,"node":0,"deg":2,"term":0,"major":0},"geometry":{"type":"Point","coordinates":[18.455618,50.022954]}},{"type":"Feature","properties":{"id":"s784","name":"WODZISŁAW ŚLĄSKI, PSZOWSKA KOKOSZYCE","bus":1,"tram":0,"n":4,"imp":0.125,"node":1,"deg":4,"term":0,"major":0},"geometry":{"type":"Point","coordinates":[18.469339,50.019945]}},{"type":"Feature","properties":{"id":"s785","name":"WODZISŁAW ŚLĄSKI, PSZOWSKA KOKOSZYCE","bus":1,"tram":0,"n":4,"imp":0.125,"node":1,"deg":4,"term":0,"major":0},"geometry":{"type":"Point","coordinates":[18.466595,50.018182]}},{"type":"Feature","properties":{"id":"s786","name":"WODZISŁAW ŚLĄSKI, PSZOWSKA PARTYZANTÓW","bus":1,"tram":0,"n":6,"imp":0.17,"node":1,"deg":5,"term":0,"major":1},"geometry":{"type":"Point","coordinates":[18.480316,50.011131]}},{"type":"Feature","properties":{"id":"s787","name":"WODZISŁAW ŚLĄSKI, PSZOWSKA STAWKI","bus":1,"tram":0,"n":5,"imp":0.156,"node":1,"deg":5,"term":0,"major":1},"geometry":{"type":"Point","coordinates":[18.463851,50.025233]}},{"type":"Feature","properties":{"id":"s788","name":"WODZISŁAW ŚLĄSKI, PSZOWSKA URZĄD MIASTA","bus":1,"tram":0,"n":8,"imp":0.182,"node":1,"deg":4,"term":0,"major":1},"geometry":{"type":"Point","coordinates":[18.48306,50.007606]}},{"type":"Feature","properties":{"id":"s789","name":"WODZISŁAW ŚLĄSKI, RADLIŃSKA GAŁCZYŃSKIEGO","bus":1,"tram":0,"n":1,"imp":0.048,"node":0,"deg":2,"term":0,"major":0},"geometry":{"type":"Point","coordinates":[18.485537,50.013066]}},{"type":"Feature","properties":{"id":"s790","name":"WODZISŁAW ŚLĄSKI, RADLIŃSKA GAŁCZYŃSKIEGO","bus":1,"tram":0,"n":1,"imp":0.048,"node":0,"deg":2,"term":0,"major":0},"geometry":{"type":"Point","coordinates":[18.485537,50.013066]}},{"type":"Feature","properties":{"id":"s791","name":"WODZISŁAW ŚLĄSKI, RADLIŃSKA XXX LECIA","bus":1,"tram":0,"n":6,"imp":0.153,"node":1,"deg":4,"term":0,"major":1},"geometry":{"type":"Point","coordinates":[18.485805,50.018182]}},{"type":"Feature","properties":{"id":"s793","name":"WODZISŁAW ŚLĄSKI, ROGOWSKA CMENTARZ","bus":1,"tram":0,"n":1,"imp":0.048,"node":0,"deg":2,"term":0,"major":0},"geometry":{"type":"Point","coordinates":[18.480316,50.004668]}},{"type":"Feature","properties":{"id":"s795","name":"WODZISŁAW ŚLĄSKI, ROGOWSKA SŁOWIAŃSKA","bus":1,"tram":0,"n":1,"imp":0.048,"node":0,"deg":2,"term":0,"major":0},"geometry":{"type":"Point","coordinates":[18.480316,50.003199]}},{"type":"Feature","properties":{"id":"s796","name":"WODZISŁAW ŚLĄSKI, ROZWOJOWA","bus":1,"tram":0,"n":2,"imp":0.101,"node":1,"deg":3,"term":1,"major":0},"geometry":{"type":"Point","coordinates":[18.466595,50.014657]}},{"type":"Feature","properties":{"id":"s797","name":"WODZISŁAW ŚLĄSKI, ROZWOJOWA","bus":1,"tram":0,"n":2,"imp":0.101,"node":1,"deg":3,"term":1,"major":0},"geometry":{"type":"Point","coordinates":[18.466595,50.011131]}},{"type":"Feature","properties":{"id":"s798","name":"WODZISŁAW ŚLĄSKI, RYBNICKA CHROBREGO","bus":1,"tram":0,"n":5,"imp":0.156,"node":1,"deg":5,"term":0,"major":1},"geometry":{"type":"Point","coordinates":[18.494037,50.02347]}},{"type":"Feature","properties":{"id":"s799","name":"WODZISŁAW ŚLĄSKI, RYBNICKA RADLIŃSKIE CHAŁUPKI","bus":1,"tram":0,"n":5,"imp":0.122,"node":1,"deg":3,"term":0,"major":0},"geometry":{"type":"Point","coordinates":[18.491293,50.016419]}},{"type":"Feature","properties":{"id":"s800","name":"WODZISŁAW ŚLĄSKI, SKRZYSZOWSKA CZARNIECKIEGO","bus":1,"tram":0,"n":1,"imp":0.048,"node":0,"deg":2,"term":0,"major":0},"geometry":{"type":"Point","coordinates":[18.505014,49.995267]}},{"type":"Feature","properties":{"id":"s801","name":"WODZISŁAW ŚLĄSKI, SKRZYSZOWSKA CZARNIECKIEGO","bus":1,"tram":0,"n":1,"imp":0.048,"node":0,"deg":2,"term":0,"major":0},"geometry":{"type":"Point","coordinates":[18.508327,49.996665]}},{"type":"Feature","properties":{"id":"s802","name":"WODZISŁAW ŚLĄSKI, SKRZYSZOWSKA ŁADNA","bus":1,"tram":0,"n":1,"imp":0.048,"node":0,"deg":2,"term":0,"major":0},"geometry":{"type":"Point","coordinates":[18.504754,49.99896]}},{"type":"Feature","properties":{"id":"s803","name":"WODZISŁAW ŚLĄSKI, SKRZYSZOWSKA ŁADNA","bus":1,"tram":0,"n":1,"imp":0.048,"node":0,"deg":2,"term":0,"major":0},"geometry":{"type":"Point","coordinates":[18.501584,49.997471]}},{"type":"Feature","properties":{"id":"s804","name":"WODZISŁAW ŚLĄSKI, SKRZYSZOWSKA SAKANDRZOK","bus":1,"tram":0,"n":1,"imp":0.048,"node":0,"deg":2,"term":0,"major":0},"geometry":{"type":"Point","coordinates":[18.494723,50.001877]}},{"type":"Feature","properties":{"id":"s805","name":"WODZISŁAW ŚLĄSKI, SKRZYSZOWSKA SAKANDRZOK","bus":1,"tram":0,"n":1,"imp":0.048,"node":0,"deg":2,"term":0,"major":0},"geometry":{"type":"Point","coordinates":[18.49761,50.003549]}},{"type":"Feature","properties":{"id":"s806","name":"WODZISŁAW ŚLĄSKI, SKRZYSZOWSKA ZIELONA","bus":1,"tram":0,"n":1,"imp":0.048,"node":0,"deg":2,"term":0,"major":0},"geometry":{"type":"Point","coordinates":[18.498154,49.999674]}},{"type":"Feature","properties":{"id":"s807","name":"WODZISŁAW ŚLĄSKI, SKRZYSZOWSKA ZIELONA","bus":1,"tram":0,"n":1,"imp":0.048,"node":0,"deg":2,"term":0,"major":0},"geometry":{"type":"Point","coordinates":[18.501182,50.001254]}},{"type":"Feature","properties":{"id":"s808","name":"WODZISŁAW ŚLĄSKI, STAROWIEJSKA CZYŻOWICKA","bus":1,"tram":0,"n":1,"imp":0.048,"node":0,"deg":2,"term":0,"major":0},"geometry":{"type":"Point","coordinates":[18.481641,49.997942]}},{"type":"Feature","properties":{"id":"s810","name":"WODZISŁAW ŚLĄSKI, STAROWIEJSKA KS.KASPERCZYKA","bus":1,"tram":0,"n":1,"imp":0.048,"node":0,"deg":2,"term":0,"major":0},"geometry":{"type":"Point","coordinates":[18.48306,49.994708]}},{"type":"Feature","properties":{"id":"s812","name":"WODZISŁAW ŚLĄSKI, STAROWIEJSKA POLNA","bus":1,"tram":0,"n":1,"imp":0.048,"node":0,"deg":2,"term":0,"major":0},"geometry":{"type":"Point","coordinates":[18.48306,49.995912]}},{"type":"Feature","properties":{"id":"s813","name":"WODZISŁAW ŚLĄSKI, STAROWIEJSKA POPRZECZNA","bus":1,"tram":0,"n":1,"imp":0.048,"node":0,"deg":2,"term":0,"major":0},"geometry":{"type":"Point","coordinates":[18.482966,49.99709]}},{"type":"Feature","properties":{"id":"s815","name":"Wodzisław Dworzec Autobusowy","bus":1,"tram":0,"n":25,"imp":0.929,"node":1,"deg":10,"term":1,"major":1},"geometry":{"type":"Point","coordinates":[18.491293,50.007606]}},{"type":"Feature","properties":{"id":"s816","name":"WODZISŁAW ŚLĄSKI, TURSKA","bus":1,"tram":0,"n":1,"imp":0.048,"node":0,"deg":2,"term":0,"major":0},"geometry":{"type":"Point","coordinates":[18.504478,49.985035]}},{"type":"Feature","properties":{"id":"s817","name":"WODZISŁAW ŚLĄSKI, TURSKA","bus":1,"tram":0,"n":1,"imp":0.048,"node":0,"deg":2,"term":0,"major":0},"geometry":{"type":"Point","coordinates":[18.505171,49.991641]}},{"type":"Feature","properties":{"id":"s818","name":"WODZISŁAW ŚLĄSKI, TURZYCZKA SKRZYŻOWANIE","bus":1,"tram":0,"n":3,"imp":0.094,"node":1,"deg":3,"term":0,"major":0},"geometry":{"type":"Point","coordinates":[18.48306,49.993505]}},{"type":"Feature","properties":{"id":"s819","name":"WODZISŁAW ŚLĄSKI, TURZYCZKA SKRZYŻOWANIE","bus":1,"tram":0,"n":2,"imp":0.062,"node":0,"deg":2,"term":0,"major":0},"geometry":{"type":"Point","coordinates":[18.487863,49.991742]}},{"type":"Feature","properties":{"id":"s820","name":"WODZISŁAW, ŚLĄSKI, WILCHWY PĘTLA","bus":1,"tram":0,"n":4,"imp":0.201,"node":1,"deg":6,"term":1,"major":1},"geometry":{"type":"Point","coordinates":[18.518735,49.986454]}},{"type":"Feature","properties":{"id":"s821","name":"WODZISŁAW ŚLĄSKI, WOLNOŚCI CHOPINA","bus":1,"tram":0,"n":1,"imp":0.048,"node":0,"deg":2,"term":0,"major":0},"geometry":{"type":"Point","coordinates":[18.474828,50.00838]}},{"type":"Feature","properties":{"id":"s822","name":"WODZISŁAW ŚLĄSKI, WOLNOŚCI CHOPINA","bus":1,"tram":0,"n":2,"imp":0.062,"node":0,"deg":2,"term":0,"major":0},"geometry":{"type":"Point","coordinates":[18.481688,50.007606]}},{"type":"Feature","properties":{"id":"s823","name":"WODZISŁAW ŚLĄSKI, WOLNOŚCI DZIAŁKI","bus":1,"tram":0,"n":1,"imp":0.048,"node":0,"deg":2,"term":0,"major":0},"geometry":{"type":"Point","coordinates":[18.474828,50.014915]}},{"type":"Feature","properties":{"id":"s824","name":"WODZISŁAW ŚLĄSKI, WOLNOŚCI DZIAŁKI","bus":1,"tram":0,"n":1,"imp":0.048,"node":0,"deg":2,"term":0,"major":0},"geometry":{"type":"Point","coordinates":[18.474828,50.012164]}},{"type":"Feature","properties":{"id":"s825","name":"WODZISŁAW ŚLĄSKI, WOLNOŚCI KOŚCIÓŁ","bus":1,"tram":0,"n":1,"imp":0.048,"node":0,"deg":2,"term":0,"major":0},"geometry":{"type":"Point","coordinates":[18.474828,50.011648]}},{"type":"Feature","properties":{"id":"s826","name":"WODZISŁAW ŚLĄSKI, WOLNOŚCI KOŚCIÓŁ","bus":1,"tram":0,"n":2,"imp":0.079,"node":1,"deg":3,"term":0,"major":0},"geometry":{"type":"Point","coordinates":[18.480316,50.007606]}},{"type":"Feature","properties":{"id":"s827","name":"WODZISŁAW ŚLĄŚKI, RADLIŃSKA REMIZA","bus":1,"tram":0,"n":5,"imp":0.25,"node":1,"deg":8,"term":1,"major":1},"geometry":{"type":"Point","coordinates":[18.485805,50.025233]}},{"type":"Feature","properties":{"id":"s829","name":"Krzyżowice Kolonia","bus":1,"tram":0,"n":1,"imp":0.048,"node":0,"deg":2,"term":0,"major":0},"geometry":{"type":"Point","coordinates":[18.655945,50.007933]}},{"type":"Feature","properties":{"id":"s830","name":"Krzyżowice Śląska","bus":1,"tram":0,"n":1,"imp":0.048,"node":0,"deg":2,"term":0,"major":0},"geometry":{"type":"Point","coordinates":[18.65552,50.002045]}},{"type":"Feature","properties":{"id":"s831","name":"Krzyżowice Kościół","bus":1,"tram":0,"n":2,"imp":0.156,"node":1,"deg":5,"term":1,"major":1},"geometry":{"type":"Point","coordinates":[18.642224,49.998793]}},{"type":"Feature","properties":{"id":"s832","name":"Krzyżowice Kolonia","bus":1,"tram":0,"n":1,"imp":0.048,"node":0,"deg":2,"term":0,"major":0},"geometry":{"type":"Point","coordinates":[18.655945,50.006532]}},{"type":"Feature","properties":{"id":"s838","name":"Al. Jana Pawła II -Industrialna","bus":1,"tram":0,"n":2,"imp":0.062,"node":0,"deg":2,"term":0,"major":0},"geometry":{"type":"Point","coordinates":[18.653201,50.016936]}},{"type":"Feature","properties":{"id":"s839","name":"Radlin Piekarnia","bus":1,"tram":0,"n":3,"imp":0.077,"node":0,"deg":2,"term":0,"major":0},"geometry":{"type":"Point","coordinates":[18.496781,50.026509]}},{"type":"Feature","properties":{"id":"s840","name":"Radlin Osiedle","bus":1,"tram":0,"n":3,"imp":0.077,"node":0,"deg":2,"term":0,"major":0},"geometry":{"type":"Point","coordinates":[18.496781,50.030277]}},{"type":"Feature","properties":{"id":"s841","name":"Obszary PKP","bus":1,"tram":0,"n":4,"imp":0.125,"node":1,"deg":4,"term":0,"major":0},"geometry":{"type":"Point","coordinates":[18.496781,50.034046]}},{"type":"Feature","properties":{"id":"s842","name":"Rydułtowy Ośrodek Zdrowia","bus":1,"tram":0,"n":4,"imp":0.108,"node":1,"deg":3,"term":0,"major":0},"geometry":{"type":"Point","coordinates":[18.469339,50.053435]}},{"type":"Feature","properties":{"id":"s843","name":"Rydułtowy Krzyżkowicka Orzechowa","bus":1,"tram":0,"n":1,"imp":0.048,"node":0,"deg":2,"term":0,"major":0},"geometry":{"type":"Point","coordinates":[18.466595,50.048147]}},{"type":"Feature","properties":{"id":"s844","name":"Pszów Krzyżkowicka Jesionowa","bus":1,"tram":0,"n":2,"imp":0.096,"node":1,"deg":4,"term":0,"major":0},"geometry":{"type":"Point","coordinates":[18.463851,50.048147]}},{"type":"Feature","properties":{"id":"s845","name":"Pszów Ar. Krajowej","bus":1,"tram":0,"n":1,"imp":0.048,"node":0,"deg":2,"term":0,"major":0},"geometry":{"type":"Point","coordinates":[18.462077,50.045245]}},{"type":"Feature","properties":{"id":"s846","name":"Krzyżkowice Skrzyżowanie","bus":1,"tram":0,"n":2,"imp":0.096,"node":1,"deg":4,"term":0,"major":0},"geometry":{"type":"Point","coordinates":[18.458363,50.042859]}},{"type":"Feature","properties":{"id":"s847","name":"Pszów Wiadukt","bus":1,"tram":0,"n":2,"imp":0.079,"node":1,"deg":3,"term":0,"major":0},"geometry":{"type":"Point","coordinates":[18.461107,50.037571]}},{"type":"Feature","properties":{"id":"s848","name":"Pszów Bazylika","bus":1,"tram":0,"n":2,"imp":0.062,"node":0,"deg":2,"term":0,"major":0},"geometry":{"type":"Point","coordinates":[18.461107,50.03669]}},{"type":"Feature","properties":{"id":"s849","name":"Kokoszyce Kościół","bus":1,"tram":0,"n":3,"imp":0.077,"node":0,"deg":2,"term":0,"major":0},"geometry":{"type":"Point","coordinates":[18.469339,50.021707]}},{"type":"Feature","properties":{"id":"s850","name":"Kokoszyce Kościół","bus":1,"tram":0,"n":3,"imp":0.077,"node":0,"deg":2,"term":0,"major":0},"geometry":{"type":"Point","coordinates":[18.469339,50.021707]}},{"type":"Feature","properties":{"id":"s851","name":"Pszów Wiadukt","bus":1,"tram":0,"n":2,"imp":0.079,"node":1,"deg":3,"term":0,"major":0},"geometry":{"type":"Point","coordinates":[18.458363,50.037571]}},{"type":"Feature","properties":{"id":"s852","name":"Krzyżkowice Skrzyżowanie","bus":1,"tram":0,"n":2,"imp":0.096,"node":1,"deg":4,"term":0,"major":0},"geometry":{"type":"Point","coordinates":[18.455618,50.042859]}},{"type":"Feature","properties":{"id":"s853","name":"Pszów Ar. Krajowej","bus":1,"tram":0,"n":1,"imp":0.048,"node":0,"deg":2,"term":0,"major":0},"geometry":{"type":"Point","coordinates":[18.459735,50.045503]}},{"type":"Feature","properties":{"id":"s854","name":"Rydułtowy Krzyżkowicka Orzechowa","bus":1,"tram":0,"n":1,"imp":0.048,"node":0,"deg":2,"term":0,"major":0},"geometry":{"type":"Point","coordinates":[18.466595,50.048147]}},{"type":"Feature","properties":{"id":"s855","name":"Radlin Osiedle","bus":1,"tram":0,"n":3,"imp":0.077,"node":0,"deg":2,"term":0,"major":0},"geometry":{"type":"Point","coordinates":[18.494037,50.031007]}},{"type":"Feature","properties":{"id":"s856","name":"Radlin Piekarnia","bus":1,"tram":0,"n":3,"imp":0.077,"node":0,"deg":2,"term":0,"major":0},"geometry":{"type":"Point","coordinates":[18.494037,50.027239]}},{"type":"Feature","properties":{"id":"s857","name":"Radlin Boisko","bus":1,"tram":0,"n":1,"imp":0.048,"node":0,"deg":2,"term":0,"major":0},"geometry":{"type":"Point","coordinates":[18.499526,50.044622]}},{"type":"Feature","properties":{"id":"s858","name":"Radlin Rymera Szkoła nr 3","bus":1,"tram":0,"n":2,"imp":0.079,"node":1,"deg":3,"term":0,"major":0},"geometry":{"type":"Point","coordinates":[18.480316,50.041097]}},{"type":"Feature","properties":{"id":"s859","name":"Radlin Rymera Kościół","bus":1,"tram":0,"n":2,"imp":0.062,"node":0,"deg":2,"term":0,"major":0},"geometry":{"type":"Point","coordinates":[18.478487,50.039922]}},{"type":"Feature","properties":{"id":"s860","name":"Radlin Rymera Głożyńska","bus":1,"tram":0,"n":2,"imp":0.062,"node":0,"deg":2,"term":0,"major":0},"geometry":{"type":"Point","coordinates":[18.476657,50.038746]}},{"type":"Feature","properties":{"id":"s861","name":"Pszów K. Miarki Skwary","bus":1,"tram":0,"n":1,"imp":0.116,"node":1,"deg":6,"term":0,"major":0},"geometry":{"type":"Point","coordinates":[18.458363,50.039334]}},{"type":"Feature","properties":{"id":"s862","name":"Pszów K. Miarki Fornalskiej","bus":1,"tram":0,"n":1,"imp":0.048,"node":0,"deg":2,"term":0,"major":0},"geometry":{"type":"Point","coordinates":[18.45507,50.037219]}},{"type":"Feature","properties":{"id":"s863","name":"Pszów K. Miarki Kaplica","bus":1,"tram":0,"n":1,"imp":0.048,"node":0,"deg":2,"term":0,"major":0},"geometry":{"type":"Point","coordinates":[18.453423,50.036161]}},{"type":"Feature","properties":{"id":"s864","name":"Pszów Staffa","bus":1,"tram":0,"n":1,"imp":0.07,"node":1,"deg":2,"term":1,"major":0},"geometry":{"type":"Point","coordinates":[18.45013,50.034046]}},{"type":"Feature","properties":{"id":"s865","name":"Pszów K. Miarki Kaplica","bus":1,"tram":0,"n":1,"imp":0.048,"node":0,"deg":2,"term":0,"major":0},"geometry":{"type":"Point","coordinates":[18.451776,50.035104]}},{"type":"Feature","properties":{"id":"s866","name":"Pszów K. Miarki Fornalskiej","bus":1,"tram":0,"n":1,"imp":0.048,"node":0,"deg":2,"term":0,"major":0},"geometry":{"type":"Point","coordinates":[18.456716,50.038276]}},{"type":"Feature","properties":{"id":"s867","name":"Krzyżkowice Sklep","bus":1,"tram":0,"n":1,"imp":0.065,"node":1,"deg":3,"term":0,"major":0},"geometry":{"type":"Point","coordinates":[18.452874,50.044622]}},{"type":"Feature","properties":{"id":"s868","name":"Krzyżkowice Działki","bus":1,"tram":0,"n":1,"imp":0.087,"node":1,"deg":3,"term":1,"major":0},"geometry":{"type":"Point","coordinates":[18.447386,50.048147]}},{"type":"Feature","properties":{"id":"s869","name":"Radlin Boisko","bus":1,"tram":0,"n":1,"imp":0.048,"node":0,"deg":2,"term":0,"major":0},"geometry":{"type":"Point","coordinates":[18.499526,50.044622]}},{"type":"Feature","properties":{"id":"s870","name":"Rzuchów Dom Dziecka","bus":1,"tram":0,"n":1,"imp":0.048,"node":0,"deg":2,"term":0,"major":0},"geometry":{"type":"Point","coordinates":[18.452188,50.051232]}},{"type":"Feature","properties":{"id":"s871","name":"Rzuchów I","bus":1,"tram":0,"n":1,"imp":0.048,"node":0,"deg":2,"term":0,"major":0},"geometry":{"type":"Point","coordinates":[18.45699,50.054317]}},{"type":"Feature","properties":{"id":"s872","name":"Rydułtowy Las","bus":1,"tram":0,"n":1,"imp":0.048,"node":0,"deg":2,"term":0,"major":0},"geometry":{"type":"Point","coordinates":[18.461793,50.057401]}},{"type":"Feature","properties":{"id":"s873","name":"Raciborska Galeria","bus":1,"tram":0,"n":3,"imp":0.111,"node":1,"deg":4,"term":0,"major":0},"geometry":{"type":"Point","coordinates":[18.466595,50.060486]}},{"type":"Feature","properties":{"id":"s874","name":"Raciborska Galeria","bus":1,"tram":0,"n":3,"imp":0.111,"node":1,"deg":4,"term":0,"major":0},"geometry":{"type":"Point","coordinates":[18.466595,50.058723]}},{"type":"Feature","properties":{"id":"s875","name":"Rydułtowy Las","bus":1,"tram":0,"n":1,"imp":0.048,"node":0,"deg":2,"term":0,"major":0},"geometry":{"type":"Point","coordinates":[18.461994,50.055768]}},{"type":"Feature","properties":{"id":"s876","name":"Rzuchów I","bus":1,"tram":0,"n":1,"imp":0.048,"node":0,"deg":2,"term":0,"major":0},"geometry":{"type":"Point","coordinates":[18.457392,50.052812]}},{"type":"Feature","properties":{"id":"s877","name":"Rzuchów Dom Dziecka","bus":1,"tram":0,"n":1,"imp":0.048,"node":0,"deg":2,"term":0,"major":0},"geometry":{"type":"Point","coordinates":[18.452791,50.049857]}},{"type":"Feature","properties":{"id":"s878","name":"Rydułtowy Tetmajera","bus":1,"tram":0,"n":1,"imp":0.048,"node":0,"deg":2,"term":0,"major":0},"geometry":{"type":"Point","coordinates":[18.472084,50.051673]}},{"type":"Feature","properties":{"id":"s879","name":"KWK Rydułtowy","bus":1,"tram":0,"n":1,"imp":0.048,"node":0,"deg":2,"term":0,"major":0},"geometry":{"type":"Point","coordinates":[18.472084,50.053435]}},{"type":"Feature","properties":{"id":"s880","name":"Raciborska Orłowiec","bus":1,"tram":0,"n":5,"imp":0.237,"node":1,"deg":6,"term":1,"major":1},"geometry":{"type":"Point","coordinates":[18.474828,50.060486]}},{"type":"Feature","properties":{"id":"s881","name":"Raciborska Orłowiec","bus":1,"tram":0,"n":3,"imp":0.136,"node":1,"deg":3,"term":1,"major":0},"geometry":{"type":"Point","coordinates":[18.469339,50.058723]}},{"type":"Feature","properties":{"id":"s882","name":"Raciborska Kowalski","bus":1,"tram":0,"n":4,"imp":0.125,"node":1,"deg":4,"term":0,"major":0},"geometry":{"type":"Point","coordinates":[18.480316,50.062249]}},{"type":"Feature","properties":{"id":"s883","name":"Raciborska Bednorz","bus":1,"tram":0,"n":2,"imp":0.084,"node":1,"deg":2,"term":1,"major":0},"geometry":{"type":"Point","coordinates":[18.491293,50.065774]}},{"type":"Feature","properties":{"id":"s884","name":"Raciborska Kowalski","bus":1,"tram":0,"n":2,"imp":0.062,"node":0,"deg":2,"term":0,"major":0},"geometry":{"type":"Point","coordinates":[18.48306,50.064011]}},{"type":"Feature","properties":{"id":"s885","name":"Radlin Kominka Osiedle","bus":1,"tram":0,"n":2,"imp":0.062,"node":0,"deg":2,"term":0,"major":0},"geometry":{"type":"Point","coordinates":[18.48306,50.040215]}},{"type":"Feature","properties":{"id":"s886","name":"Niewiadom Boisko","bus":1,"tram":0,"n":1,"imp":0.048,"node":0,"deg":2,"term":0,"major":0},"geometry":{"type":"Point","coordinates":[18.494037,50.061002]}},{"type":"Feature","properties":{"id":"s887","name":"Radoszowy Barwna","bus":1,"tram":0,"n":1,"imp":0.048,"node":0,"deg":2,"term":0,"major":0},"geometry":{"type":"Point","coordinates":[18.484433,50.058723]}},{"type":"Feature","properties":{"id":"s888","name":"Radoszowy Pętla","bus":1,"tram":0,"n":1,"imp":0.065,"node":1,"deg":3,"term":0,"major":0},"geometry":{"type":"Point","coordinates":[18.48306,50.058723]}},{"type":"Feature","properties":{"id":"s889","name":"Rydułtowy Obywatelska","bus":1,"tram":0,"n":1,"imp":0.07,"node":1,"deg":2,"term":1,"major":0},"geometry":{"type":"Point","coordinates":[18.477572,50.058723]}},{"type":"Feature","properties":{"id":"s890","name":"Radoszowy Barwna","bus":1,"tram":0,"n":1,"imp":0.065,"node":1,"deg":3,"term":0,"major":0},"geometry":{"type":"Point","coordinates":[18.485805,50.058723]}},{"type":"Feature","properties":{"id":"s891","name":"Niewiadom Boisko","bus":1,"tram":0,"n":1,"imp":0.065,"node":1,"deg":3,"term":0,"major":0},"geometry":{"type":"Point","coordinates":[18.491293,50.058723]}},{"type":"Feature","properties":{"id":"s892","name":"Marklowice Straż","bus":1,"tram":0,"n":1,"imp":0.048,"node":0,"deg":2,"term":0,"major":0},"geometry":{"type":"Point","coordinates":[18.510502,50.014292]}},{"type":"Feature","properties":{"id":"s893","name":"Marklowice Mała Praga","bus":1,"tram":0,"n":1,"imp":0.048,"node":0,"deg":2,"term":0,"major":0},"geometry":{"type":"Point","coordinates":[18.510502,50.010401]}},{"type":"Feature","properties":{"id":"s894","name":"Marklowice Krakusa Skrzyżowanie","bus":1,"tram":0,"n":1,"imp":0.048,"node":0,"deg":2,"term":0,"major":0},"geometry":{"type":"Point","coordinates":[18.511708,50.006832]}},{"type":"Feature","properties":{"id":"s895","name":"Marklowice Pawilon","bus":1,"tram":0,"n":1,"imp":0.065,"node":1,"deg":3,"term":0,"major":0},"geometry":{"type":"Point","coordinates":[18.524223,50.016419]}},{"type":"Feature","properties":{"id":"s896","name":"Marklowice Strefa","bus":1,"tram":0,"n":1,"imp":0.048,"node":0,"deg":2,"term":0,"major":0},"geometry":{"type":"Point","coordinates":[18.530941,50.012894]}},{"type":"Feature","properties":{"id":"s897","name":"Marklowice Górne","bus":1,"tram":0,"n":1,"imp":0.048,"node":0,"deg":2,"term":0,"major":0},"geometry":{"type":"Point","coordinates":[18.539931,50.012894]}},{"type":"Feature","properties":{"id":"s898","name":"Marklowice Granica","bus":1,"tram":0,"n":1,"imp":0.065,"node":1,"deg":3,"term":0,"major":0},"geometry":{"type":"Point","coordinates":[18.548921,50.012894]}},{"type":"Feature","properties":{"id":"s899","name":"Świerklany Gazownia","bus":1,"tram":0,"n":1,"imp":0.048,"node":0,"deg":2,"term":0,"major":0},"geometry":{"type":"Point","coordinates":[18.565955,50.012894]}},{"type":"Feature","properties":{"id":"s900","name":"Marklowice Górne","bus":1,"tram":0,"n":1,"imp":0.048,"node":0,"deg":2,"term":0,"major":0},"geometry":{"type":"Point","coordinates":[18.544153,50.015957]}},{"type":"Feature","properties":{"id":"s901","name":"Marklowice Strefa","bus":1,"tram":0,"n":1,"imp":0.048,"node":0,"deg":2,"term":0,"major":0},"geometry":{"type":"Point","coordinates":[18.537709,50.016419]}},{"type":"Feature","properties":{"id":"s902","name":"Marklowice Pawilon","bus":1,"tram":0,"n":1,"imp":0.048,"node":0,"deg":2,"term":0,"major":0},"geometry":{"type":"Point","coordinates":[18.530966,50.016419]}},{"type":"Feature","properties":{"id":"s903","name":"Dębieńsko Las","bus":1,"tram":0,"n":3,"imp":0.14,"node":1,"deg":2,"term":1,"major":0},"geometry":{"type":"Point","coordinates":[18.65869,50.099265]}},{"type":"Feature","properties":{"id":"s904","name":"Dębieńsko Grzomba","bus":1,"tram":0,"n":3,"imp":0.094,"node":1,"deg":3,"term":0,"major":0},"geometry":{"type":"Point","coordinates":[18.653201,50.099265]}},{"type":"Feature","properties":{"id":"s905","name":"Dębieńsko Centrum","bus":1,"tram":0,"n":3,"imp":0.077,"node":0,"deg":2,"term":0,"major":0},"geometry":{"type":"Point","coordinates":[18.649085,50.099265]}},{"type":"Feature","properties":{"id":"s906","name":"Dębieńsko Jesionka","bus":1,"tram":0,"n":3,"imp":0.094,"node":1,"deg":3,"term":0,"major":0},"geometry":{"type":"Point","coordinates":[18.644968,50.099265]}},{"type":"Feature","properties":{"id":"s907","name":"Dębieńsko Stare Skrzyżowanie","bus":1,"tram":0,"n":3,"imp":0.094,"node":1,"deg":3,"term":0,"major":0},"geometry":{"type":"Point","coordinates":[18.63948,50.10279]}},{"type":"Feature","properties":{"id":"s908","name":"Dębieńsko Szyb","bus":1,"tram":0,"n":1,"imp":0.048,"node":0,"deg":2,"term":0,"major":0},"geometry":{"type":"Point","coordinates":[18.638565,50.102202]}},{"type":"Feature","properties":{"id":"s909","name":"Czerwionka Rozlewnia","bus":1,"tram":0,"n":1,"imp":0.048,"node":0,"deg":2,"term":0,"major":0},"geometry":{"type":"Point","coordinates":[18.637651,50.101615]}},{"type":"Feature","properties":{"id":"s910","name":"Czerwionka Park","bus":1,"tram":0,"n":1,"imp":0.065,"node":1,"deg":3,"term":0,"major":0},"geometry":{"type":"Point","coordinates":[18.636736,50.101027]}},{"type":"Feature","properties":{"id":"s911","name":"Czerwionka Centrum","bus":1,"tram":0,"n":5,"imp":0.139,"node":1,"deg":4,"term":0,"major":0},"geometry":{"type":"Point","coordinates":[18.631247,50.097502]}},{"type":"Feature","properties":{"id":"s912","name":"Stanowice Parcele","bus":1,"tram":0,"n":4,"imp":0.091,"node":0,"deg":2,"term":0,"major":0},"geometry":{"type":"Point","coordinates":[18.631247,50.095739]}},{"type":"Feature","properties":{"id":"s913","name":"Stanowice Leszczyńska","bus":1,"tram":0,"n":4,"imp":0.108,"node":1,"deg":3,"term":0,"major":0},"geometry":{"type":"Point","coordinates":[18.631247,50.093977]}},{"type":"Feature","properties":{"id":"s914","name":"Stanowice Skrzyżowanie","bus":1,"tram":0,"n":4,"imp":0.125,"node":1,"deg":4,"term":0,"major":0},"geometry":{"type":"Point","coordinates":[18.633992,50.092214]}},{"type":"Feature","properties":{"id":"s915","name":"Stanowice Szkoła","bus":1,"tram":0,"n":4,"imp":0.125,"node":1,"deg":4,"term":0,"major":0},"geometry":{"type":"Point","coordinates":[18.631247,50.088689]}},{"type":"Feature","properties":{"id":"s916","name":"Przegędza Mikołowska Skrzyżowanie","bus":1,"tram":0,"n":3,"imp":0.077,"node":0,"deg":2,"term":0,"major":0},"geometry":{"type":"Point","coordinates":[18.620673,50.088947]}},{"type":"Feature","properties":{"id":"s917","name":"Przegędza Mikołowska","bus":1,"tram":0,"n":4,"imp":0.108,"node":1,"deg":3,"term":0,"major":0},"geometry":{"type":"Point","coordinates":[18.617526,50.088689]}},{"type":"Feature","properties":{"id":"s918","name":"Przegędza Kościół","bus":1,"tram":0,"n":4,"imp":0.108,"node":1,"deg":3,"term":0,"major":0},"geometry":{"type":"Point","coordinates":[18.609294,50.088689]}},{"type":"Feature","properties":{"id":"s919","name":"Przegędza Las","bus":1,"tram":0,"n":4,"imp":0.108,"node":1,"deg":3,"term":0,"major":0},"geometry":{"type":"Point","coordinates":[18.598317,50.090451]}},{"type":"Feature","properties":{"id":"s920","name":"R-k Paruszowiec Piaski Mikołowska","bus":1,"tram":0,"n":4,"imp":0.091,"node":0,"deg":2,"term":0,"major":0},"geometry":{"type":"Point","coordinates":[18.584028,50.090451]}},{"type":"Feature","properties":{"id":"s921","name":"Ornontowice Centrum","bus":1,"tram":0,"n":1,"imp":0.052,"node":1,"deg":1,"term":1,"major":0},"geometry":{"type":"Point","coordinates":[18.664178,50.10279]}},{"type":"Feature","properties":{"id":"s922","name":"KWK Budryk","bus":1,"tram":0,"n":1,"imp":0.048,"node":0,"deg":2,"term":0,"major":0},"geometry":{"type":"Point","coordinates":[18.662348,50.101615]}},{"type":"Feature","properties":{"id":"s923","name":"Ornontowice Leśna","bus":1,"tram":0,"n":1,"imp":0.048,"node":0,"deg":2,"term":0,"major":0},"geometry":{"type":"Point","coordinates":[18.660519,50.10044]}},{"type":"Feature","properties":{"id":"s924","name":"R-k Paruszowiec Piaski Mikołowska","bus":1,"tram":0,"n":4,"imp":0.091,"node":0,"deg":2,"term":0,"major":0},"geometry":{"type":"Point","coordinates":[18.585164,50.088689]}},{"type":"Feature","properties":{"id":"s925","name":"Przegędza Mikołowska","bus":1,"tram":0,"n":4,"imp":0.108,"node":1,"deg":3,"term":0,"major":0},"geometry":{"type":"Point","coordinates":[18.617526,50.086926]}},{"type":"Feature","properties":{"id":"s926","name":"Przegędza Mikołowska Skrzyżowanie","bus":1,"tram":0,"n":3,"imp":0.094,"node":1,"deg":3,"term":0,"major":0},"geometry":{"type":"Point","coordinates":[18.623015,50.090451]}},{"type":"Feature","properties":{"id":"s927","name":"Stanowice Szkoła","bus":1,"tram":0,"n":4,"imp":0.142,"node":1,"deg":5,"term":0,"major":0},"geometry":{"type":"Point","coordinates":[18.631247,50.090451]}},{"type":"Feature","properties":{"id":"s928","name":"Stanowice Parcele","bus":1,"tram":0,"n":4,"imp":0.091,"node":0,"deg":2,"term":0,"major":0},"geometry":{"type":"Point","coordinates":[18.631247,50.094858]}},{"type":"Feature","properties":{"id":"s929","name":"Czerwionka Centrum","bus":1,"tram":0,"n":5,"imp":0.139,"node":1,"deg":4,"term":0,"major":0},"geometry":{"type":"Point","coordinates":[18.631247,50.095739]}},{"type":"Feature","properties":{"id":"s930","name":"Dębieńsko Centrum","bus":1,"tram":0,"n":3,"imp":0.077,"node":0,"deg":2,"term":0,"major":0},"geometry":{"type":"Point","coordinates":[18.649085,50.099265]}},{"type":"Feature","properties":{"id":"s931","name":"Przegędza Skrzyżowanie","bus":1,"tram":0,"n":2,"imp":0.079,"node":1,"deg":3,"term":0,"major":0},"geometry":{"type":"Point","coordinates":[18.625759,50.088689]}},{"type":"Feature","properties":{"id":"s932","name":"Leszczyny Stare","bus":1,"tram":0,"n":3,"imp":0.111,"node":1,"deg":4,"term":0,"major":0},"geometry":{"type":"Point","coordinates":[18.620271,50.093977]}},{"type":"Feature","properties":{"id":"s933","name":"Leszczyny Szkoła","bus":1,"tram":0,"n":3,"imp":0.077,"node":0,"deg":2,"term":0,"major":0},"geometry":{"type":"Point","coordinates":[18.615752,50.095116]}},{"type":"Feature","properties":{"id":"s934","name":"Leszczyny Zakłady Drobiarskie","bus":1,"tram":0,"n":1,"imp":0.048,"node":0,"deg":2,"term":0,"major":0},"geometry":{"type":"Point","coordinates":[18.614782,50.097502]}},{"type":"Feature","properties":{"id":"s935","name":"Leszczyny Wodociągi","bus":1,"tram":0,"n":1,"imp":0.065,"node":1,"deg":3,"term":0,"major":0},"geometry":{"type":"Point","coordinates":[18.617526,50.097502]}},{"type":"Feature","properties":{"id":"s936","name":"Leszczyny Spółdzielnia","bus":1,"tram":0,"n":1,"imp":0.065,"node":1,"deg":3,"term":0,"major":0},"geometry":{"type":"Point","coordinates":[18.628503,50.095739]}},{"type":"Feature","properties":{"id":"s937","name":"Czerwionka Ośrodek Zdrowia","bus":1,"tram":0,"n":4,"imp":0.125,"node":1,"deg":4,"term":0,"major":0},"geometry":{"type":"Point","coordinates":[18.628503,50.099265]}},{"type":"Feature","properties":{"id":"s938","name":"KWK Dębieńsko","bus":1,"tram":0,"n":6,"imp":0.191,"node":1,"deg":5,"term":1,"major":1},"geometry":{"type":"Point","coordinates":[18.620271,50.10279]}},{"type":"Feature","properties":{"id":"s939","name":"Czuchów Apteka","bus":1,"tram":0,"n":5,"imp":0.139,"node":1,"deg":4,"term":0,"major":0},"geometry":{"type":"Point","coordinates":[18.617526,50.104553]}},{"type":"Feature","properties":{"id":"s940","name":"Koksownia Dębieńsko","bus":1,"tram":0,"n":5,"imp":0.122,"node":1,"deg":3,"term":0,"major":0},"geometry":{"type":"Point","coordinates":[18.625759,50.104553]}},{"type":"Feature","properties":{"id":"s941","name":"Dębieńsko Górnicza II","bus":1,"tram":0,"n":2,"imp":0.062,"node":0,"deg":2,"term":0,"major":0},"geometry":{"type":"Point","coordinates":[18.626674,50.10514]}},{"type":"Feature","properties":{"id":"s942","name":"Dębieńsko Górnicza I","bus":1,"tram":0,"n":2,"imp":0.062,"node":0,"deg":2,"term":0,"major":0},"geometry":{"type":"Point","coordinates":[18.627589,50.105728]}},{"type":"Feature","properties":{"id":"s943","name":"Dębieńsko Ameryka","bus":1,"tram":0,"n":2,"imp":0.079,"node":1,"deg":3,"term":0,"major":0},"geometry":{"type":"Point","coordinates":[18.628503,50.106315]}},{"type":"Feature","properties":{"id":"s944","name":"Dębieńsko Leśniczówka","bus":1,"tram":0,"n":2,"imp":0.062,"node":0,"deg":2,"term":0,"major":0},"geometry":{"type":"Point","coordinates":[18.631247,50.106315]}},{"type":"Feature","properties":{"id":"s945","name":"Dębieńsko Stare II","bus":1,"tram":0,"n":2,"imp":0.079,"node":1,"deg":3,"term":0,"major":0},"geometry":{"type":"Point","coordinates":[18.633992,50.106315]}},{"type":"Feature","properties":{"id":"s946","name":"Dębieńsko Stare","bus":1,"tram":0,"n":2,"imp":0.062,"node":0,"deg":2,"term":0,"major":0},"geometry":{"type":"Point","coordinates":[18.636736,50.104553]}},{"type":"Feature","properties":{"id":"s947","name":"Dębieńsko Leśniczówka","bus":1,"tram":0,"n":2,"imp":0.062,"node":0,"deg":2,"term":0,"major":0},"geometry":{"type":"Point","coordinates":[18.631247,50.106315]}},{"type":"Feature","properties":{"id":"s948","name":"KWK Dębieńsko","bus":1,"tram":0,"n":4,"imp":0.108,"node":1,"deg":3,"term":0,"major":0},"geometry":{"type":"Point","coordinates":[18.617526,50.099265]}},{"type":"Feature","properties":{"id":"s949","name":"Leszczyny Zakłady Drobiarskie","bus":1,"tram":0,"n":1,"imp":0.048,"node":0,"deg":2,"term":0,"major":0},"geometry":{"type":"Point","coordinates":[18.614782,50.097502]}},{"type":"Feature","properties":{"id":"s950","name":"Przegędza Skrzyżowanie","bus":1,"tram":0,"n":2,"imp":0.079,"node":1,"deg":3,"term":0,"major":0},"geometry":{"type":"Point","coordinates":[18.623015,50.092214]}},{"type":"Feature","properties":{"id":"s951","name":"Koksownia Dębieńsko Pętla","bus":1,"tram":0,"n":4,"imp":0.21,"node":1,"deg":4,"term":1,"major":1},"geometry":{"type":"Point","coordinates":[18.625759,50.10279]}},{"type":"Feature","properties":{"id":"s952","name":"Czuchów Sklep","bus":1,"tram":0,"n":1,"imp":0.065,"node":1,"deg":3,"term":0,"major":0},"geometry":{"type":"Point","coordinates":[18.620271,50.108078]}},{"type":"Feature","properties":{"id":"s953","name":"Czuchów Szkoła","bus":1,"tram":0,"n":1,"imp":0.048,"node":0,"deg":2,"term":0,"major":0},"geometry":{"type":"Point","coordinates":[18.616556,50.110464]}},{"type":"Feature","properties":{"id":"s954","name":"Czuchów Granica","bus":1,"tram":0,"n":1,"imp":0.065,"node":1,"deg":3,"term":0,"major":0},"geometry":{"type":"Point","coordinates":[18.612038,50.111603]}},{"type":"Feature","properties":{"id":"s955","name":"Szczygłowice Kościół","bus":1,"tram":0,"n":1,"imp":0.048,"node":0,"deg":2,"term":0,"major":0},"geometry":{"type":"Point","coordinates":[18.608324,50.113989]}},{"type":"Feature","properties":{"id":"s956","name":"Szczygłowice KWK","bus":1,"tram":0,"n":1,"imp":0.065,"node":1,"deg":3,"term":0,"major":0},"geometry":{"type":"Point","coordinates":[18.603805,50.115129]}},{"type":"Feature","properties":{"id":"s957","name":"Szczygłowice Centrum Przesiadkowe","bus":1,"tram":0,"n":1,"imp":0.065,"node":1,"deg":3,"term":0,"major":0},"geometry":{"type":"Point","coordinates":[18.595573,50.111603]}},{"type":"Feature","properties":{"id":"s958","name":"Książenice Las","bus":1,"tram":0,"n":1,"imp":0.048,"node":0,"deg":2,"term":0,"major":0},"geometry":{"type":"Point","coordinates":[18.594122,50.108909]}},{"type":"Feature","properties":{"id":"s959","name":"Książenice Szkoła","bus":1,"tram":0,"n":1,"imp":0.048,"node":0,"deg":2,"term":0,"major":0},"geometry":{"type":"Point","coordinates":[18.590731,50.106731]}},{"type":"Feature","properties":{"id":"s960","name":"Kamień Rzędówka","bus":1,"tram":0,"n":1,"imp":0.052,"node":1,"deg":1,"term":1,"major":0},"geometry":{"type":"Point","coordinates":[18.595573,50.099265]}},{"type":"Feature","properties":{"id":"s961","name":"Książenice Szkoła","bus":1,"tram":0,"n":1,"imp":0.048,"node":0,"deg":2,"term":0,"major":0},"geometry":{"type":"Point","coordinates":[18.588791,50.107247]}},{"type":"Feature","properties":{"id":"s962","name":"Książenice Las","bus":1,"tram":0,"n":1,"imp":0.048,"node":0,"deg":2,"term":0,"major":0},"geometry":{"type":"Point","coordinates":[18.592182,50.109425]}},{"type":"Feature","properties":{"id":"s963","name":"Szczygłowice Kościół","bus":1,"tram":0,"n":1,"imp":0.048,"node":0,"deg":2,"term":0,"major":0},"geometry":{"type":"Point","coordinates":[18.60752,50.112743]}},{"type":"Feature","properties":{"id":"s964","name":"Leszczyny Czereśniowa","bus":1,"tram":0,"n":2,"imp":0.088,"node":1,"deg":1,"term":1,"major":0},"geometry":{"type":"Point","coordinates":[18.609294,50.095739]}},{"type":"Feature","properties":{"id":"s965","name":"Leszczyny Konopnickiej","bus":1,"tram":0,"n":2,"imp":0.079,"node":1,"deg":3,"term":0,"major":0},"geometry":{"type":"Point","coordinates":[18.60655,50.099265]}},{"type":"Feature","properties":{"id":"s966","name":"Szczejkowicka","bus":1,"tram":0,"n":2,"imp":0.062,"node":0,"deg":2,"term":0,"major":0},"geometry":{"type":"Point","coordinates":[18.661434,50.048512]}},{"type":"Feature","properties":{"id":"s967","name":"Szczejkowicka-Rondo","bus":1,"tram":0,"n":2,"imp":0.079,"node":1,"deg":3,"term":0,"major":0},"geometry":{"type":"Point","coordinates":[18.65869,50.051673]}},{"type":"Feature","properties":{"id":"s968","name":"Szczejkowicka-Żwaka","bus":1,"tram":0,"n":2,"imp":0.062,"node":0,"deg":2,"term":0,"major":0},"geometry":{"type":"Point","coordinates":[18.65869,50.061115]}},{"type":"Feature","properties":{"id":"s969","name":"Szczejkowice Nowa Wieś","bus":1,"tram":0,"n":2,"imp":0.062,"node":0,"deg":2,"term":0,"major":0},"geometry":{"type":"Point","coordinates":[18.655364,50.069673]}},{"type":"Feature","properties":{"id":"s970","name":"Szczejkowice Centrum","bus":1,"tram":0,"n":2,"imp":0.101,"node":1,"deg":3,"term":1,"major":0},"geometry":{"type":"Point","coordinates":[18.644968,50.07635]}},{"type":"Feature","properties":{"id":"s971","name":"Szczejkowice Przygon","bus":1,"tram":0,"n":2,"imp":0.062,"node":0,"deg":2,"term":0,"major":0},"geometry":{"type":"Point","coordinates":[18.645753,50.076854]}},{"type":"Feature","properties":{"id":"s972","name":"Palowice I","bus":1,"tram":0,"n":2,"imp":0.062,"node":0,"deg":2,"term":0,"major":0},"geometry":{"type":"Point","coordinates":[18.646537,50.077357]}},{"type":"Feature","properties":{"id":"s973","name":"Palowice Skrzyżowanie Wiejska","bus":1,"tram":0,"n":2,"imp":0.062,"node":0,"deg":2,"term":0,"major":0},"geometry":{"type":"Point","coordinates":[18.647321,50.077861]}},{"type":"Feature","properties":{"id":"s974","name":"Palowice Centrum","bus":1,"tram":0,"n":2,"imp":0.062,"node":0,"deg":2,"term":0,"major":0},"geometry":{"type":"Point","coordinates":[18.648105,50.078365]}},{"type":"Feature","properties":{"id":"s975","name":"Palowice Skrzyżowanie Bełkowska","bus":1,"tram":0,"n":2,"imp":0.062,"node":0,"deg":2,"term":0,"major":0},"geometry":{"type":"Point","coordinates":[18.648889,50.078868]}},{"type":"Feature","properties":{"id":"s976","name":"Bełk Gojowiec","bus":1,"tram":0,"n":2,"imp":0.062,"node":0,"deg":2,"term":0,"major":0},"geometry":{"type":"Point","coordinates":[18.649673,50.079372]}},{"type":"Feature","properties":{"id":"s977","name":"Bełk Palowicka","bus":1,"tram":0,"n":2,"imp":0.079,"node":1,"deg":3,"term":0,"major":0},"geometry":{"type":"Point","coordinates":[18.650457,50.079875]}},{"type":"Feature","properties":{"id":"s978","name":"Bełk Remiza","bus":1,"tram":0,"n":2,"imp":0.079,"node":1,"deg":3,"term":0,"major":0},"geometry":{"type":"Point","coordinates":[18.650457,50.085163]}},{"type":"Feature","properties":{"id":"s979","name":"Bełk Lipa","bus":1,"tram":0,"n":1,"imp":0.048,"node":0,"deg":2,"term":0,"major":0},"geometry":{"type":"Point","coordinates":[18.65869,50.086926]}},{"type":"Feature","properties":{"id":"s980","name":"Bełk Pętla","bus":1,"tram":0,"n":1,"imp":0.052,"node":1,"deg":1,"term":1,"major":0},"geometry":{"type":"Point","coordinates":[18.664178,50.086926]}},{"type":"Feature","properties":{"id":"s981","name":"Bełk Skrzyżowanie","bus":1,"tram":0,"n":1,"imp":0.099,"node":1,"deg":5,"term":0,"major":0},"geometry":{"type":"Point","coordinates":[18.653201,50.086926]}},{"type":"Feature","properties":{"id":"s982","name":"Bełk Osiedle","bus":1,"tram":0,"n":2,"imp":0.079,"node":1,"deg":3,"term":0,"major":0},"geometry":{"type":"Point","coordinates":[18.644968,50.086926]}},{"type":"Feature","properties":{"id":"s983","name":"Stanowice Zwycięstwa","bus":1,"tram":0,"n":2,"imp":0.113,"node":1,"deg":5,"term":0,"major":0},"geometry":{"type":"Point","coordinates":[18.63948,50.090451]}},{"type":"Feature","properties":{"id":"s984","name":"Bełk Osiedle","bus":1,"tram":0,"n":2,"imp":0.079,"node":1,"deg":3,"term":0,"major":0},"geometry":{"type":"Point","coordinates":[18.642224,50.090451]}},{"type":"Feature","properties":{"id":"s988","name":"Bełk Remiza","bus":1,"tram":0,"n":2,"imp":0.079,"node":1,"deg":3,"term":0,"major":0},"geometry":{"type":"Point","coordinates":[18.647713,50.086926]}},{"type":"Feature","properties":{"id":"s989","name":"Szczejkowice Nowa Wieś","bus":1,"tram":0,"n":2,"imp":0.062,"node":0,"deg":2,"term":0,"major":0},"geometry":{"type":"Point","coordinates":[18.649542,50.068124]}},{"type":"Feature","properties":{"id":"s990","name":"Szczejkowicka-Żwaka","bus":1,"tram":0,"n":2,"imp":0.062,"node":0,"deg":2,"term":0,"major":0},"geometry":{"type":"Point","coordinates":[18.65869,50.061115]}},{"type":"Feature","properties":{"id":"s991","name":"KWK Pniówek","bus":1,"tram":0,"n":5,"imp":0.182,"node":1,"deg":4,"term":1,"major":1},"geometry":{"type":"Point","coordinates":[18.647713,49.984691]}},{"type":"Feature","properties":{"id":"s992","name":"Pawłowice Skrzyżowanie","bus":1,"tram":0,"n":5,"imp":0.122,"node":1,"deg":3,"term":0,"major":0},"geometry":{"type":"Point","coordinates":[18.653201,49.988217]}},{"type":"Feature","properties":{"id":"s993","name":"Pawłowice Osiedle","bus":1,"tram":0,"n":7,"imp":0.167,"node":1,"deg":4,"term":0,"major":1},"geometry":{"type":"Point","coordinates":[18.655945,49.988217]}},{"type":"Feature","properties":{"id":"s994","name":"Pawłowice Centrum - TARG","bus":1,"tram":0,"n":11,"imp":0.479,"node":1,"deg":9,"term":1,"major":1},"geometry":{"type":"Point","coordinates":[18.664178,49.989979]}},{"type":"Feature","properties":{"id":"s995","name":"Pawłowice Szybowa","bus":1,"tram":0,"n":2,"imp":0.062,"node":0,"deg":2,"term":0,"major":0},"geometry":{"type":"Point","coordinates":[18.661434,49.994021]}},{"type":"Feature","properties":{"id":"s996","name":"Warszowice Kościelna","bus":1,"tram":0,"n":2,"imp":0.079,"node":1,"deg":3,"term":0,"major":0},"geometry":{"type":"Point","coordinates":[18.661434,49.998793]}},{"type":"Feature","properties":{"id":"s997","name":"Warszowice Kościół","bus":1,"tram":0,"n":1,"imp":0.048,"node":0,"deg":2,"term":0,"major":0},"geometry":{"type":"Point","coordinates":[18.661434,50.005145]}},{"type":"Feature","properties":{"id":"s998","name":"Warszowice Szczurowiec","bus":1,"tram":0,"n":1,"imp":0.048,"node":0,"deg":2,"term":0,"major":0},"geometry":{"type":"Point","coordinates":[18.661836,50.011389]}},{"type":"Feature","properties":{"id":"s999","name":"Kościuszki-Pukowca","bus":1,"tram":0,"n":1,"imp":0.048,"node":0,"deg":2,"term":0,"major":0},"geometry":{"type":"Point","coordinates":[18.664178,50.017118]}},{"type":"Feature","properties":{"id":"s1000","name":"Stodolna","bus":1,"tram":0,"n":1,"imp":0.048,"node":0,"deg":2,"term":0,"major":0},"geometry":{"type":"Point","coordinates":[18.660062,50.038453]}},{"type":"Feature","properties":{"id":"s1001","name":"Kościuszki-Pukowca","bus":1,"tram":0,"n":1,"imp":0.048,"node":0,"deg":2,"term":0,"major":0},"geometry":{"type":"Point","coordinates":[18.666922,50.017999]}},{"type":"Feature","properties":{"id":"s1002","name":"Warszowice Szczurowiec","bus":1,"tram":0,"n":1,"imp":0.048,"node":0,"deg":2,"term":0,"major":0},"geometry":{"type":"Point","coordinates":[18.66458,50.011389]}},{"type":"Feature","properties":{"id":"s1003","name":"Warszowice Kościół","bus":1,"tram":0,"n":1,"imp":0.048,"node":0,"deg":2,"term":0,"major":0},"geometry":{"type":"Point","coordinates":[18.664178,50.004263]}},{"type":"Feature","properties":{"id":"s1004","name":"Warszowice Kościelna","bus":1,"tram":0,"n":2,"imp":0.079,"node":1,"deg":3,"term":0,"major":0},"geometry":{"type":"Point","coordinates":[18.664178,49.99703]}},{"type":"Feature","properties":{"id":"s1005","name":"Pawłowice Szybowa","bus":1,"tram":0,"n":2,"imp":0.062,"node":0,"deg":2,"term":0,"major":0},"geometry":{"type":"Point","coordinates":[18.664178,49.993505]}},{"type":"Feature","properties":{"id":"s1006","name":"Pawłowice Osiedle","bus":1,"tram":0,"n":5,"imp":0.105,"node":0,"deg":2,"term":0,"major":0},"geometry":{"type":"Point","coordinates":[18.656347,49.984949]}},{"type":"Feature","properties":{"id":"s1007","name":"Pawłowice Skrzyżowanie","bus":1,"tram":0,"n":5,"imp":0.122,"node":1,"deg":3,"term":0,"major":0},"geometry":{"type":"Point","coordinates":[18.650457,49.979403]}},{"type":"Feature","properties":{"id":"s1008","name":"Rudziczka Bar","bus":1,"tram":0,"n":1,"imp":0.048,"node":0,"deg":2,"term":0,"major":0},"geometry":{"type":"Point","coordinates":[18.680442,50.034175]}},{"type":"Feature","properties":{"id":"s1009","name":"Rudziczka Sklep","bus":1,"tram":0,"n":1,"imp":0.048,"node":0,"deg":2,"term":0,"major":0},"geometry":{"type":"Point","coordinates":[18.682985,50.032541]}},{"type":"Feature","properties":{"id":"s1010","name":"Suszec II","bus":1,"tram":0,"n":1,"imp":0.048,"node":0,"deg":2,"term":0,"major":0},"geometry":{"type":"Point","coordinates":[18.685529,50.030908]}},{"type":"Feature","properties":{"id":"s1011","name":"Suszec Bisam","bus":1,"tram":0,"n":1,"imp":0.048,"node":0,"deg":2,"term":0,"major":0},"geometry":{"type":"Point","coordinates":[18.69162,50.028758]}},{"type":"Feature","properties":{"id":"s1012","name":"Suszec Skrzyżowanie","bus":1,"tram":0,"n":1,"imp":0.048,"node":0,"deg":2,"term":0,"major":0},"geometry":{"type":"Point","coordinates":[18.694364,50.026995]}},{"type":"Feature","properties":{"id":"s1013","name":"Kryry Kolonia","bus":1,"tram":0,"n":1,"imp":0.065,"node":1,"deg":3,"term":0,"major":0},"geometry":{"type":"Point","coordinates":[18.697108,50.025233]}},{"type":"Feature","properties":{"id":"s1014","name":"Kryry Kościół","bus":1,"tram":0,"n":1,"imp":0.065,"node":1,"deg":3,"term":0,"major":0},"geometry":{"type":"Point","coordinates":[18.697108,50.018182]}},{"type":"Feature","properties":{"id":"s1015","name":"Kryry Poczta","bus":1,"tram":0,"n":1,"imp":0.048,"node":0,"deg":2,"term":0,"major":0},"geometry":{"type":"Point","coordinates":[18.697108,50.012894]}},{"type":"Feature","properties":{"id":"s1016","name":"Mizerów PGR","bus":1,"tram":0,"n":1,"imp":0.065,"node":1,"deg":3,"term":0,"major":0},"geometry":{"type":"Point","coordinates":[18.697108,50.007606]}},{"type":"Feature","properties":{"id":"s1017","name":"Mizerów Boisko","bus":1,"tram":0,"n":1,"imp":0.087,"node":1,"deg":3,"term":1,"major":0},"geometry":{"type":"Point","coordinates":[18.69162,50.007606]}},{"type":"Feature","properties":{"id":"s1018","name":"Mizerów Mały Dwór","bus":1,"tram":0,"n":1,"imp":0.048,"node":0,"deg":2,"term":0,"major":0},"geometry":{"type":"Point","coordinates":[18.688876,50.007606]}},{"type":"Feature","properties":{"id":"s1019","name":"Mizerów Nadrzeczna","bus":1,"tram":0,"n":1,"imp":0.048,"node":0,"deg":2,"term":0,"major":0},"geometry":{"type":"Point","coordinates":[18.686132,50.007606]}},{"type":"Feature","properties":{"id":"s1020","name":"Mizerów Sklep","bus":1,"tram":0,"n":3,"imp":0.111,"node":1,"deg":4,"term":0,"major":0},"geometry":{"type":"Point","coordinates":[18.683387,50.007606]}},{"type":"Feature","properties":{"id":"s1021","name":"Mizerów PGR","bus":1,"tram":0,"n":1,"imp":0.048,"node":0,"deg":2,"term":0,"major":0},"geometry":{"type":"Point","coordinates":[18.697108,50.011131]}},{"type":"Feature","properties":{"id":"s1022","name":"Kryry Poczta","bus":1,"tram":0,"n":1,"imp":0.048,"node":0,"deg":2,"term":0,"major":0},"geometry":{"type":"Point","coordinates":[18.697108,50.014657]}},{"type":"Feature","properties":{"id":"s1023","name":"Suszec Skrzyżowanie","bus":1,"tram":0,"n":1,"imp":0.048,"node":0,"deg":2,"term":0,"major":0},"geometry":{"type":"Point","coordinates":[18.697108,50.030319]}},{"type":"Feature","properties":{"id":"s1024","name":"Suszec Bisam","bus":1,"tram":0,"n":1,"imp":0.048,"node":0,"deg":2,"term":0,"major":0},"geometry":{"type":"Point","coordinates":[18.691731,50.033975]}},{"type":"Feature","properties":{"id":"s1025","name":"Suszec Piaskowa Osiedle.","bus":1,"tram":0,"n":1,"imp":0.07,"node":1,"deg":2,"term":1,"major":0},"geometry":{"type":"Point","coordinates":[18.686132,50.037571]}},{"type":"Feature","properties":{"id":"s1026","name":"KWK Krupiński","bus":1,"tram":0,"n":1,"imp":0.048,"node":0,"deg":2,"term":0,"major":0},"geometry":{"type":"Point","coordinates":[18.68834,50.036153]}},{"type":"Feature","properties":{"id":"s1030","name":"Suszec Dolna II","bus":1,"tram":0,"n":1,"imp":0.048,"node":0,"deg":2,"term":0,"major":0},"geometry":{"type":"Point","coordinates":[18.688876,50.034289]}},{"type":"Feature","properties":{"id":"s1031","name":"Suszec Dolna I","bus":1,"tram":0,"n":1,"imp":0.065,"node":1,"deg":3,"term":0,"major":0},"geometry":{"type":"Point","coordinates":[18.688876,50.032283]}},{"type":"Feature","properties":{"id":"s1032","name":"Suszec Kościół","bus":1,"tram":0,"n":1,"imp":0.048,"node":0,"deg":2,"term":0,"major":0},"geometry":{"type":"Point","coordinates":[18.688876,50.031402]}},{"type":"Feature","properties":{"id":"s1033","name":"Suszec św. Jana","bus":1,"tram":0,"n":1,"imp":0.099,"node":1,"deg":5,"term":0,"major":0},"geometry":{"type":"Point","coordinates":[18.688876,50.030521]}},{"type":"Feature","properties":{"id":"s1034","name":"Suszec II","bus":1,"tram":0,"n":1,"imp":0.048,"node":0,"deg":2,"term":0,"major":0},"geometry":{"type":"Point","coordinates":[18.685529,50.030908]}},{"type":"Feature","properties":{"id":"s1035","name":"Rudziczka Sklep","bus":1,"tram":0,"n":1,"imp":0.048,"node":0,"deg":2,"term":0,"major":0},"geometry":{"type":"Point","coordinates":[18.682985,50.032541]}},{"type":"Feature","properties":{"id":"s1036","name":"Rudziczka Bar","bus":1,"tram":0,"n":1,"imp":0.048,"node":0,"deg":2,"term":0,"major":0},"geometry":{"type":"Point","coordinates":[18.680442,50.034175]}},{"type":"Feature","properties":{"id":"s1037","name":"Suszec Kościół","bus":1,"tram":0,"n":1,"imp":0.048,"node":0,"deg":2,"term":0,"major":0},"geometry":{"type":"Point","coordinates":[18.688876,50.031402]}},{"type":"Feature","properties":{"id":"s1038","name":"Malenie Młyńska","bus":1,"tram":0,"n":1,"imp":0.065,"node":1,"deg":3,"term":0,"major":0},"geometry":{"type":"Point","coordinates":[18.620271,50.101027]}},{"type":"Feature","properties":{"id":"s1039","name":"Malenie Zakład Odsalania","bus":1,"tram":0,"n":1,"imp":0.048,"node":0,"deg":2,"term":0,"major":0},"geometry":{"type":"Point","coordinates":[18.620271,50.099852]}},{"type":"Feature","properties":{"id":"s1040","name":"Malenie Polna Skrzyżowanie","bus":1,"tram":0,"n":1,"imp":0.048,"node":0,"deg":2,"term":0,"major":0},"geometry":{"type":"Point","coordinates":[18.620271,50.098677]}},{"type":"Feature","properties":{"id":"s1041","name":"Malenie Polna PEC","bus":1,"tram":0,"n":1,"imp":0.048,"node":0,"deg":2,"term":0,"major":0},"geometry":{"type":"Point","coordinates":[18.620271,50.097502]}},{"type":"Feature","properties":{"id":"s1042","name":"Powstańców Skrzyżowanie","bus":1,"tram":0,"n":1,"imp":0.048,"node":0,"deg":2,"term":0,"major":0},"geometry":{"type":"Point","coordinates":[18.620271,50.096327]}},{"type":"Feature","properties":{"id":"s1043","name":"Leszczyny Powstańców Sklep","bus":1,"tram":0,"n":1,"imp":0.048,"node":0,"deg":2,"term":0,"major":0},"geometry":{"type":"Point","coordinates":[18.620271,50.095152]}},{"type":"Feature","properties":{"id":"s1044","name":"Carbonarium WORD","bus":1,"tram":0,"n":9,"imp":0.281,"node":1,"deg":4,"term":1,"major":1},"geometry":{"type":"Point","coordinates":[18.565387,49.965302]}},{"type":"Feature","properties":{"id":"s1045","name":"1 Maja - Kasztanowa","bus":1,"tram":0,"n":8,"imp":0.182,"node":1,"deg":4,"term":0,"major":1},"geometry":{"type":"Point","coordinates":[18.562642,49.968827]}},{"type":"Feature","properties":{"id":"s1046","name":"1 Maja - K. Miarki","bus":1,"tram":0,"n":6,"imp":0.136,"node":1,"deg":3,"term":0,"major":0},"geometry":{"type":"Point","coordinates":[18.565387,49.967065]}},{"type":"Feature","properties":{"id":"s1047","name":"Al. Piłsudskiego Urząd Miasta","bus":1,"tram":0,"n":18,"imp":0.34,"node":1,"deg":5,"term":0,"major":1},"geometry":{"type":"Point","coordinates":[18.601061,49.97059]}},{"type":"Feature","properties":{"id":"s1048","name":"Al. Piechoczka - Pszczyńska","bus":1,"tram":0,"n":13,"imp":0.321,"node":1,"deg":8,"term":0,"major":1},"geometry":{"type":"Point","coordinates":[18.609294,49.977641]}},{"type":"Feature","properties":{"id":"s1049","name":"Pszczyńska - Rybnicka","bus":1,"tram":0,"n":12,"imp":0.221,"node":1,"deg":3,"term":0,"major":1},"geometry":{"type":"Point","coordinates":[18.609294,49.979403]}},{"type":"Feature","properties":{"id":"s1050","name":"Pszczyńska - Dębina","bus":1,"tram":0,"n":3,"imp":0.077,"node":0,"deg":2,"term":0,"major":0},"geometry":{"type":"Point","coordinates":[18.615351,49.979403]}},{"type":"Feature","properties":{"id":"s1051","name":"Pszczyńska Obwodnica","bus":1,"tram":0,"n":3,"imp":0.111,"node":1,"deg":4,"term":0,"major":0},"geometry":{"type":"Point","coordinates":[18.620271,49.981166]}},{"type":"Feature","properties":{"id":"s1052","name":"Bzie Pomnik","bus":1,"tram":0,"n":3,"imp":0.111,"node":1,"deg":4,"term":0,"major":0},"geometry":{"type":"Point","coordinates":[18.628503,49.982929]}},{"type":"Feature","properties":{"id":"s1053","name":"Pniówek Orla","bus":1,"tram":0,"n":3,"imp":0.128,"node":1,"deg":5,"term":0,"major":0},"geometry":{"type":"Point","coordinates":[18.642224,49.982929]}},{"type":"Feature","properties":{"id":"s1054","name":"Pniówek Wieś","bus":1,"tram":0,"n":3,"imp":0.115,"node":1,"deg":3,"term":1,"major":0},"geometry":{"type":"Point","coordinates":[18.644968,49.984691]}},{"type":"Feature","properties":{"id":"s1055","name":"Bzie Pomnik","bus":1,"tram":0,"n":3,"imp":0.111,"node":1,"deg":4,"term":0,"major":0},"geometry":{"type":"Point","coordinates":[18.633992,49.981166]}},{"type":"Feature","properties":{"id":"s1056","name":"Pszczyńska - Dębina","bus":1,"tram":0,"n":3,"imp":0.077,"node":0,"deg":2,"term":0,"major":0},"geometry":{"type":"Point","coordinates":[18.613978,49.979403]}},{"type":"Feature","properties":{"id":"s1057","name":"Pszczyńska - Rybnicka","bus":1,"tram":0,"n":12,"imp":0.221,"node":1,"deg":3,"term":0,"major":1},"geometry":{"type":"Point","coordinates":[18.60655,49.979403]}},{"type":"Feature","properties":{"id":"s1058","name":"Al. Piłsudskiego - Os. Morcinka","bus":1,"tram":0,"n":18,"imp":0.34,"node":1,"deg":5,"term":0,"major":1},"geometry":{"type":"Point","coordinates":[18.601061,49.974115]}},{"type":"Feature","properties":{"id":"s1059","name":"1 Maja - K. Miarki","bus":1,"tram":0,"n":6,"imp":0.136,"node":1,"deg":3,"term":0,"major":0},"geometry":{"type":"Point","coordinates":[18.565387,49.97059]}},{"type":"Feature","properties":{"id":"s1060","name":"Pniówek Las","bus":1,"tram":0,"n":1,"imp":0.048,"node":0,"deg":2,"term":0,"major":0},"geometry":{"type":"Point","coordinates":[18.642793,49.981166]}},{"type":"Feature","properties":{"id":"s1061","name":"Jastrzębie Dworzec Główny","bus":1,"tram":0,"n":5,"imp":0.156,"node":1,"deg":5,"term":0,"major":1},"geometry":{"type":"Point","coordinates":[18.595573,49.975878]}},{"type":"Feature","properties":{"id":"s1062","name":"Warszawska","bus":1,"tram":0,"n":4,"imp":0.108,"node":1,"deg":3,"term":0,"major":0},"geometry":{"type":"Point","coordinates":[18.590084,49.974115]}},{"type":"Feature","properties":{"id":"s1063","name":"11 Listopada Szkoła","bus":1,"tram":0,"n":10,"imp":0.193,"node":1,"deg":3,"term":0,"major":1},"geometry":{"type":"Point","coordinates":[18.579108,49.975878]}},{"type":"Feature","properties":{"id":"s1064","name":"Urząd Skarbowy","bus":1,"tram":0,"n":10,"imp":0.227,"node":1,"deg":5,"term":0,"major":1},"geometry":{"type":"Point","coordinates":[18.576363,49.974115]}},{"type":"Feature","properties":{"id":"s1065","name":"Wodzisławska","bus":1,"tram":0,"n":3,"imp":0.179,"node":1,"deg":8,"term":0,"major":1},"geometry":{"type":"Point","coordinates":[18.570875,49.974115]}},{"type":"Feature","properties":{"id":"s1066","name":"Górnicza","bus":1,"tram":0,"n":2,"imp":0.096,"node":1,"deg":4,"term":0,"major":0},"geometry":{"type":"Point","coordinates":[18.568131,49.977641]}},{"type":"Feature","properties":{"id":"s1067","name":"KWK Jas-Mos","bus":1,"tram":0,"n":5,"imp":0.207,"node":1,"deg":3,"term":1,"major":1},"geometry":{"type":"Point","coordinates":[18.568131,49.981166]}},{"type":"Feature","properties":{"id":"s1068","name":"Zdrojowa","bus":1,"tram":0,"n":7,"imp":0.184,"node":1,"deg":5,"term":0,"major":1},"geometry":{"type":"Point","coordinates":[18.573619,49.974115]}},{"type":"Feature","properties":{"id":"s1069","name":"11 Listopada Szkoła","bus":1,"tram":0,"n":8,"imp":0.199,"node":1,"deg":5,"term":0,"major":1},"geometry":{"type":"Point","coordinates":[18.579108,49.974115]}},{"type":"Feature","properties":{"id":"s1070","name":"Pniówek Las","bus":1,"tram":0,"n":1,"imp":0.048,"node":0,"deg":2,"term":0,"major":0},"geometry":{"type":"Point","coordinates":[18.639147,49.988217]}},{"type":"Feature","properties":{"id":"s1071","name":"Podhalańska Wodociągi","bus":1,"tram":0,"n":10,"imp":0.193,"node":1,"deg":3,"term":0,"major":1},"geometry":{"type":"Point","coordinates":[18.598317,49.967065]}},{"type":"Feature","properties":{"id":"s1072","name":"Małopolska","bus":1,"tram":0,"n":5,"imp":0.122,"node":1,"deg":3,"term":0,"major":0},"geometry":{"type":"Point","coordinates":[18.58734,49.967065]}},{"type":"Feature","properties":{"id":"s1073","name":"Cieszyńska - Os.Tuwima","bus":1,"tram":0,"n":7,"imp":0.287,"node":1,"deg":11,"term":0,"major":1},"geometry":{"type":"Point","coordinates":[18.584596,49.97059]}},{"type":"Feature","properties":{"id":"s1074","name":"Graniczna Szkoła","bus":1,"tram":0,"n":7,"imp":0.15,"node":1,"deg":3,"term":0,"major":0},"geometry":{"type":"Point","coordinates":[18.609294,49.975878]}},{"type":"Feature","properties":{"id":"s1075","name":"Graniczna GSM","bus":1,"tram":0,"n":7,"imp":0.15,"node":1,"deg":3,"term":0,"major":0},"geometry":{"type":"Point","coordinates":[18.609294,49.974115]}},{"type":"Feature","properties":{"id":"s1076","name":"Cicha - Rolnicza","bus":1,"tram":0,"n":2,"imp":0.148,"node":1,"deg":7,"term":0,"major":0},"geometry":{"type":"Point","coordinates":[18.617526,49.972353]}},{"type":"Feature","properties":{"id":"s1077","name":"Bzie Zameckie","bus":1,"tram":0,"n":4,"imp":0.142,"node":1,"deg":5,"term":0,"major":0},"geometry":{"type":"Point","coordinates":[18.620271,49.97059]}},{"type":"Feature","properties":{"id":"s1078","name":"Bzie - Gospodarska","bus":1,"tram":0,"n":4,"imp":0.125,"node":1,"deg":4,"term":0,"major":0},"geometry":{"type":"Point","coordinates":[18.625759,49.974115]}},{"type":"Feature","properties":{"id":"s1079","name":"Bzie Szkoła","bus":1,"tram":0,"n":4,"imp":0.129,"node":1,"deg":3,"term":1,"major":0},"geometry":{"type":"Point","coordinates":[18.636736,49.975878]}},{"type":"Feature","properties":{"id":"s1080","name":"Bzie Górne","bus":1,"tram":0,"n":2,"imp":0.113,"node":1,"deg":5,"term":0,"major":0},"geometry":{"type":"Point","coordinates":[18.636736,49.979403]}},{"type":"Feature","properties":{"id":"s1081","name":"Bzie Szkoła","bus":1,"tram":0,"n":4,"imp":0.129,"node":1,"deg":3,"term":1,"major":0},"geometry":{"type":"Point","coordinates":[18.633992,49.977641]}},{"type":"Feature","properties":{"id":"s1082","name":"Bzie - Gospodarska","bus":1,"tram":0,"n":4,"imp":0.142,"node":1,"deg":5,"term":0,"major":0},"geometry":{"type":"Point","coordinates":[18.628503,49.972353]}},{"type":"Feature","properties":{"id":"s1083","name":"Graniczna GSM","bus":1,"tram":0,"n":7,"imp":0.15,"node":1,"deg":3,"term":0,"major":0},"geometry":{"type":"Point","coordinates":[18.60655,49.972353]}},{"type":"Feature","properties":{"id":"s1084","name":"Graniczna Szkoła","bus":1,"tram":0,"n":7,"imp":0.15,"node":1,"deg":3,"term":0,"major":0},"geometry":{"type":"Point","coordinates":[18.603805,49.974115]}},{"type":"Feature","properties":{"id":"s1085","name":"Małopolska","bus":1,"tram":0,"n":5,"imp":0.122,"node":1,"deg":3,"term":0,"major":0},"geometry":{"type":"Point","coordinates":[18.58734,49.968827]}},{"type":"Feature","properties":{"id":"s1086","name":"Podhalańska Wodociągi","bus":1,"tram":0,"n":10,"imp":0.193,"node":1,"deg":3,"term":0,"major":1},"geometry":{"type":"Point","coordinates":[18.595573,49.967065]}},{"type":"Feature","properties":{"id":"s1087","name":"Bzie Zameckie","bus":1,"tram":0,"n":3,"imp":0.094,"node":1,"deg":3,"term":0,"major":0},"geometry":{"type":"Point","coordinates":[18.620271,49.968827]}},{"type":"Feature","properties":{"id":"s1088","name":"Bzie - Żytnia","bus":1,"tram":0,"n":2,"imp":0.079,"node":1,"deg":3,"term":0,"major":0},"geometry":{"type":"Point","coordinates":[18.620271,49.967065]}},{"type":"Feature","properties":{"id":"s1089","name":"Bzie - Kłosowa","bus":1,"tram":0,"n":2,"imp":0.062,"node":0,"deg":2,"term":0,"major":0},"geometry":{"type":"Point","coordinates":[18.621643,49.966183]}},{"type":"Feature","properties":{"id":"s1090","name":"Bzie Dolne","bus":1,"tram":0,"n":2,"imp":0.122,"node":1,"deg":3,"term":1,"major":0},"geometry":{"type":"Point","coordinates":[18.623015,49.965302]}},{"type":"Feature","properties":{"id":"s1091","name":"1 Maja Park","bus":1,"tram":0,"n":4,"imp":0.125,"node":1,"deg":4,"term":0,"major":0},"geometry":{"type":"Point","coordinates":[18.573619,49.972353]}},{"type":"Feature","properties":{"id":"s1092","name":"Pielgrzymowice Bzie II","bus":1,"tram":0,"n":1,"imp":0.048,"node":0,"deg":2,"term":0,"major":0},"geometry":{"type":"Point","coordinates":[18.623015,49.963539]}},{"type":"Feature","properties":{"id":"s1093","name":"Pielgrzymowice Caritas","bus":1,"tram":0,"n":1,"imp":0.065,"node":1,"deg":3,"term":0,"major":0},"geometry":{"type":"Point","coordinates":[18.623015,49.961777]}},{"type":"Feature","properties":{"id":"s1094","name":"Pielgrzymowice II Bar","bus":1,"tram":0,"n":2,"imp":0.079,"node":1,"deg":3,"term":0,"major":0},"geometry":{"type":"Point","coordinates":[18.617526,49.958251]}},{"type":"Feature","properties":{"id":"s1095","name":"Pielgrzymowice OSP","bus":1,"tram":0,"n":2,"imp":0.079,"node":1,"deg":3,"term":0,"major":0},"geometry":{"type":"Point","coordinates":[18.614782,49.956489]}},{"type":"Feature","properties":{"id":"s1096","name":"Pielgrzymowice III","bus":1,"tram":0,"n":2,"imp":0.062,"node":0,"deg":2,"term":0,"major":0},"geometry":{"type":"Point","coordinates":[18.612038,49.954726]}},{"type":"Feature","properties":{"id":"s1097","name":"Pielgrzymowice IV","bus":1,"tram":0,"n":2,"imp":0.096,"node":1,"deg":4,"term":0,"major":0},"geometry":{"type":"Point","coordinates":[18.609294,49.952963]}},{"type":"Feature","properties":{"id":"s1098","name":"Pielgrzymowice Pętla Zebrzydowice","bus":1,"tram":0,"n":1,"imp":0.052,"node":1,"deg":1,"term":1,"major":0},"geometry":{"type":"Point","coordinates":[18.60655,49.951201]}},{"type":"Feature","properties":{"id":"s1099","name":"Pielgrzymowice III","bus":1,"tram":0,"n":2,"imp":0.062,"node":0,"deg":2,"term":0,"major":0},"geometry":{"type":"Point","coordinates":[18.612038,49.954726]}},{"type":"Feature","properties":{"id":"s1100","name":"Pielgrzymowice Bzie II","bus":1,"tram":0,"n":1,"imp":0.048,"node":0,"deg":2,"term":0,"major":0},"geometry":{"type":"Point","coordinates":[18.623015,49.963539]}},{"type":"Feature","properties":{"id":"s1101","name":"Podhalańska - Os.Barbary","bus":1,"tram":0,"n":7,"imp":0.15,"node":1,"deg":3,"term":0,"major":0},"geometry":{"type":"Point","coordinates":[18.603805,49.97059]}},{"type":"Feature","properties":{"id":"s1102","name":"Podhalańska - Os.Barbary","bus":1,"tram":0,"n":7,"imp":0.15,"node":1,"deg":3,"term":0,"major":0},"geometry":{"type":"Point","coordinates":[18.60655,49.968827]}},{"type":"Feature","properties":{"id":"s1103","name":"Podhalańska - Rondo Ruptawskie","bus":1,"tram":0,"n":5,"imp":0.122,"node":1,"deg":3,"term":0,"major":0},"geometry":{"type":"Point","coordinates":[18.590084,49.968827]}},{"type":"Feature","properties":{"id":"s1104","name":"Ruptawa Cmentarz","bus":1,"tram":0,"n":5,"imp":0.173,"node":1,"deg":6,"term":0,"major":1},"geometry":{"type":"Point","coordinates":[18.58734,49.963539]}},{"type":"Feature","properties":{"id":"s1105","name":"Ruptawa Centrum","bus":1,"tram":0,"n":5,"imp":0.139,"node":1,"deg":4,"term":0,"major":0},"geometry":{"type":"Point","coordinates":[18.590084,49.961777]}},{"type":"Feature","properties":{"id":"s1106","name":"Ruptawa Szkoła","bus":1,"tram":0,"n":3,"imp":0.077,"node":0,"deg":2,"term":0,"major":0},"geometry":{"type":"Point","coordinates":[18.588712,49.961777]}},{"type":"Feature","properties":{"id":"s1107","name":"Ruptawa Centrum","bus":1,"tram":0,"n":5,"imp":0.139,"node":1,"deg":4,"term":0,"major":0},"geometry":{"type":"Point","coordinates":[18.58734,49.961777]}},{"type":"Feature","properties":{"id":"s1108","name":"Ruptawa Boisko","bus":1,"tram":0,"n":1,"imp":0.082,"node":1,"deg":4,"term":0,"major":0},"geometry":{"type":"Point","coordinates":[18.595573,49.965302]}},{"type":"Feature","properties":{"id":"s1109","name":"Libowiec - Okrzei","bus":1,"tram":0,"n":1,"imp":0.048,"node":0,"deg":2,"term":0,"major":0},"geometry":{"type":"Point","coordinates":[18.601194,49.965302]}},{"type":"Feature","properties":{"id":"s1110","name":"Libowiec - Matejki","bus":1,"tram":0,"n":1,"imp":0.048,"node":0,"deg":2,"term":0,"major":0},"geometry":{"type":"Point","coordinates":[18.606816,49.965302]}},{"type":"Feature","properties":{"id":"s1111","name":"Libowiec - Kolonia Jana","bus":1,"tram":0,"n":1,"imp":0.048,"node":0,"deg":2,"term":0,"major":0},"geometry":{"type":"Point","coordinates":[18.612321,49.965483]}},{"type":"Feature","properties":{"id":"s1112","name":"Libowiec - Budowlana","bus":1,"tram":0,"n":1,"imp":0.048,"node":0,"deg":2,"term":0,"major":0},"geometry":{"type":"Point","coordinates":[18.616296,49.968037]}},{"type":"Feature","properties":{"id":"s1113","name":"Libowiec - Budowlana","bus":1,"tram":0,"n":1,"imp":0.048,"node":0,"deg":2,"term":0,"major":0},"geometry":{"type":"Point","coordinates":[18.615653,49.967624]}},{"type":"Feature","properties":{"id":"s1114","name":"Libowiec - Kolonia Jana","bus":1,"tram":0,"n":1,"imp":0.048,"node":0,"deg":2,"term":0,"major":0},"geometry":{"type":"Point","coordinates":[18.611756,49.965302]}},{"type":"Feature","properties":{"id":"s1115","name":"Libowiec - Matejki","bus":1,"tram":0,"n":1,"imp":0.048,"node":0,"deg":2,"term":0,"major":0},"geometry":{"type":"Point","coordinates":[18.606361,49.965302]}},{"type":"Feature","properties":{"id":"s1116","name":"Libowiec - Okrzei","bus":1,"tram":0,"n":1,"imp":0.048,"node":0,"deg":2,"term":0,"major":0},"geometry":{"type":"Point","coordinates":[18.600967,49.965302]}},{"type":"Feature","properties":{"id":"s1117","name":"Podhalańska Cmentarz","bus":1,"tram":0,"n":5,"imp":0.122,"node":1,"deg":3,"term":0,"major":0},"geometry":{"type":"Point","coordinates":[18.592829,49.967065]}},{"type":"Feature","properties":{"id":"s1118","name":"Jastrzębie Dolne - Połomska","bus":1,"tram":0,"n":5,"imp":0.139,"node":1,"deg":4,"term":0,"major":0},"geometry":{"type":"Point","coordinates":[18.570875,49.975878]}},{"type":"Feature","properties":{"id":"s1119","name":"Połomska Szpital","bus":1,"tram":0,"n":5,"imp":0.139,"node":1,"deg":4,"term":0,"major":0},"geometry":{"type":"Point","coordinates":[18.573619,49.981166]}},{"type":"Feature","properties":{"id":"s1120","name":"Os. Przyjaźń Szkoła","bus":1,"tram":0,"n":5,"imp":0.105,"node":0,"deg":2,"term":0,"major":0},"geometry":{"type":"Point","coordinates":[18.57179,49.981166]}},{"type":"Feature","properties":{"id":"s1121","name":"Os. Przyjaźń - Moniuszki","bus":1,"tram":0,"n":5,"imp":0.105,"node":0,"deg":2,"term":0,"major":0},"geometry":{"type":"Point","coordinates":[18.56996,49.981166]}},{"type":"Feature","properties":{"id":"s1122","name":"Jastrzębie Dolne Rondo","bus":1,"tram":0,"n":4,"imp":0.108,"node":1,"deg":3,"term":0,"major":0},"geometry":{"type":"Point","coordinates":[18.573619,49.975878]}},{"type":"Feature","properties":{"id":"s1123","name":"Chlebowa Pętla","bus":1,"tram":0,"n":7,"imp":0.316,"node":1,"deg":4,"term":1,"major":1},"geometry":{"type":"Point","coordinates":[18.576363,49.963539]}},{"type":"Feature","properties":{"id":"s1124","name":"Jagiełły - Kusocińskiego","bus":1,"tram":0,"n":6,"imp":0.17,"node":1,"deg":5,"term":0,"major":1},"geometry":{"type":"Point","coordinates":[18.579108,49.963539]}},{"type":"Feature","properties":{"id":"s1125","name":"Jagiełły OD Krokus","bus":1,"tram":0,"n":4,"imp":0.125,"node":1,"deg":4,"term":0,"major":0},"geometry":{"type":"Point","coordinates":[18.581852,49.965302]}},{"type":"Feature","properties":{"id":"s1126","name":"Kusocińskiego","bus":1,"tram":0,"n":4,"imp":0.142,"node":1,"deg":5,"term":0,"major":0},"geometry":{"type":"Point","coordinates":[18.579108,49.967065]}},{"type":"Feature","properties":{"id":"s1127","name":"Łowicka","bus":1,"tram":0,"n":2,"imp":0.079,"node":1,"deg":3,"term":0,"major":0},"geometry":{"type":"Point","coordinates":[18.590084,49.972353]}},{"type":"Feature","properties":{"id":"s1128","name":"Wyzwolenia - Kasztanowa","bus":1,"tram":0,"n":1,"imp":0.048,"node":0,"deg":2,"term":0,"major":0},"geometry":{"type":"Point","coordinates":[18.558226,49.960014]}},{"type":"Feature","properties":{"id":"s1129","name":"Moszczenica - Wyzwolenia","bus":1,"tram":0,"n":1,"imp":0.048,"node":0,"deg":2,"term":0,"major":0},"geometry":{"type":"Point","coordinates":[18.565922,49.960014]}},{"type":"Feature","properties":{"id":"s1130","name":"Ruptawa - Chlebowa","bus":1,"tram":0,"n":2,"imp":0.079,"node":1,"deg":3,"term":0,"major":0},"geometry":{"type":"Point","coordinates":[18.573619,49.960014]}},{"type":"Feature","properties":{"id":"s1131","name":"Łowicka","bus":1,"tram":0,"n":2,"imp":0.079,"node":1,"deg":3,"term":0,"major":0},"geometry":{"type":"Point","coordinates":[18.595573,49.968827]}},{"type":"Feature","properties":{"id":"s1132","name":"Jagiełły OD Krokus","bus":1,"tram":0,"n":4,"imp":0.125,"node":1,"deg":4,"term":0,"major":0},"geometry":{"type":"Point","coordinates":[18.584596,49.965302]}},{"type":"Feature","properties":{"id":"s1133","name":"Moszczenica - Wyzwolenia","bus":1,"tram":0,"n":1,"imp":0.048,"node":0,"deg":2,"term":0,"major":0},"geometry":{"type":"Point","coordinates":[18.565922,49.960014]}},{"type":"Feature","properties":{"id":"s1134","name":"Wyzwolenia - Kasztanowa","bus":1,"tram":0,"n":1,"imp":0.048,"node":0,"deg":2,"term":0,"major":0},"geometry":{"type":"Point","coordinates":[18.558226,49.960014]}},{"type":"Feature","properties":{"id":"s1135","name":"Jastrzębie Górne - Stodoły","bus":1,"tram":0,"n":3,"imp":0.094,"node":1,"deg":3,"term":0,"major":0},"geometry":{"type":"Point","coordinates":[18.598317,49.977641]}},{"type":"Feature","properties":{"id":"s1136","name":"Jastrzębie Górne Kościół","bus":1,"tram":0,"n":3,"imp":0.077,"node":0,"deg":2,"term":0,"major":0},"geometry":{"type":"Point","coordinates":[18.59226,49.977641]}},{"type":"Feature","properties":{"id":"s1137","name":"Pszczyńska - Wierzyńskiego","bus":1,"tram":0,"n":3,"imp":0.111,"node":1,"deg":4,"term":0,"major":0},"geometry":{"type":"Point","coordinates":[18.58734,49.979403]}},{"type":"Feature","properties":{"id":"s1138","name":"Pszczyńska - Prusa","bus":1,"tram":0,"n":3,"imp":0.094,"node":1,"deg":3,"term":0,"major":0},"geometry":{"type":"Point","coordinates":[18.576363,49.977641]}},{"type":"Feature","properties":{"id":"s1139","name":"Jastrzębie Dolne Rondo","bus":1,"tram":0,"n":3,"imp":0.094,"node":1,"deg":3,"term":0,"major":0},"geometry":{"type":"Point","coordinates":[18.581852,49.975878]}},{"type":"Feature","properties":{"id":"s1140","name":"Pszczyńska - Prusa","bus":1,"tram":0,"n":3,"imp":0.077,"node":0,"deg":2,"term":0,"major":0},"geometry":{"type":"Point","coordinates":[18.584596,49.977641]}},{"type":"Feature","properties":{"id":"s1141","name":"Jastrzębie Górne Kościół","bus":1,"tram":0,"n":3,"imp":0.077,"node":0,"deg":2,"term":0,"major":0},"geometry":{"type":"Point","coordinates":[18.592829,49.979403]}},{"type":"Feature","properties":{"id":"s1142","name":"Jastrzębie Górne - Stodoły","bus":1,"tram":0,"n":3,"imp":0.094,"node":1,"deg":3,"term":0,"major":0},"geometry":{"type":"Point","coordinates":[18.598317,49.979403]}},{"type":"Feature","properties":{"id":"s1143","name":"Os. Bogoczowiec","bus":1,"tram":0,"n":1,"imp":0.07,"node":1,"deg":2,"term":1,"major":0},"geometry":{"type":"Point","coordinates":[18.565387,49.979403]}},{"type":"Feature","properties":{"id":"s1144","name":"Boża Góra Prawa","bus":1,"tram":0,"n":1,"imp":0.065,"node":1,"deg":3,"term":0,"major":0},"geometry":{"type":"Point","coordinates":[18.562642,49.977641]}},{"type":"Feature","properties":{"id":"s1145","name":"Pawłowice UG","bus":1,"tram":0,"n":4,"imp":0.125,"node":1,"deg":4,"term":0,"major":0},"geometry":{"type":"Point","coordinates":[18.65869,49.986454]}},{"type":"Feature","properties":{"id":"s1146","name":"Pawłowice Piekarnia","bus":1,"tram":0,"n":4,"imp":0.125,"node":1,"deg":4,"term":0,"major":0},"geometry":{"type":"Point","coordinates":[18.65869,49.982929]}},{"type":"Feature","properties":{"id":"s1147","name":"Pawłowice PKP","bus":1,"tram":0,"n":4,"imp":0.108,"node":1,"deg":3,"term":0,"major":0},"geometry":{"type":"Point","coordinates":[18.655945,49.981166]}},{"type":"Feature","properties":{"id":"s1148","name":"Pawłowice Pętla","bus":1,"tram":0,"n":4,"imp":0.176,"node":1,"deg":7,"term":0,"major":1},"geometry":{"type":"Point","coordinates":[18.655945,49.979403]}},{"type":"Feature","properties":{"id":"s1149","name":"Golasowice Kolonia","bus":1,"tram":0,"n":3,"imp":0.094,"node":1,"deg":3,"term":0,"major":0},"geometry":{"type":"Point","coordinates":[18.647713,49.974115]}},{"type":"Feature","properties":{"id":"s1150","name":"Golasowice SKR","bus":1,"tram":0,"n":2,"imp":0.096,"node":1,"deg":4,"term":0,"major":0},"geometry":{"type":"Point","coordinates":[18.644968,49.972353]}},{"type":"Feature","properties":{"id":"s1151","name":"Golasowice Skrzyżowanie","bus":1,"tram":0,"n":1,"imp":0.065,"node":1,"deg":3,"term":0,"major":0},"geometry":{"type":"Point","coordinates":[18.642224,49.968827]}},{"type":"Feature","properties":{"id":"s1152","name":"Golasowice Remiza","bus":1,"tram":0,"n":1,"imp":0.048,"node":0,"deg":2,"term":0,"major":0},"geometry":{"type":"Point","coordinates":[18.638108,49.966183]}},{"type":"Feature","properties":{"id":"s1153","name":"Golasowice Pętla","bus":1,"tram":0,"n":3,"imp":0.166,"node":1,"deg":6,"term":1,"major":1},"geometry":{"type":"Point","coordinates":[18.633992,49.963539]}},{"type":"Feature","properties":{"id":"s1154","name":"Pielgrzymowice Caritas","bus":1,"tram":0,"n":1,"imp":0.048,"node":0,"deg":2,"term":0,"major":0},"geometry":{"type":"Point","coordinates":[18.629473,49.9624]}},{"type":"Feature","properties":{"id":"s1155","name":"Pielgrzymowice Sklep","bus":1,"tram":0,"n":1,"imp":0.065,"node":1,"deg":3,"term":0,"major":0},"geometry":{"type":"Point","coordinates":[18.625759,49.960014]}},{"type":"Feature","properties":{"id":"s1156","name":"Pielgrzymowice Szkoła","bus":1,"tram":0,"n":1,"imp":0.048,"node":0,"deg":2,"term":0,"major":0},"geometry":{"type":"Point","coordinates":[18.622045,49.957628]}},{"type":"Feature","properties":{"id":"s1157","name":"Pielgrzymowice Sikorskiego","bus":1,"tram":0,"n":1,"imp":0.048,"node":0,"deg":2,"term":0,"major":0},"geometry":{"type":"Point","coordinates":[18.61833,49.955242]}},{"type":"Feature","properties":{"id":"s1158","name":"Pielgrzymowice Mała Strona","bus":1,"tram":0,"n":1,"imp":0.048,"node":0,"deg":2,"term":0,"major":0},"geometry":{"type":"Point","coordinates":[18.614547,49.952963]}},{"type":"Feature","properties":{"id":"s1159","name":"Golasowice Cieszyńska","bus":1,"tram":0,"n":2,"imp":0.062,"node":0,"deg":2,"term":0,"major":0},"geometry":{"type":"Point","coordinates":[18.636736,49.961777]}},{"type":"Feature","properties":{"id":"s1160","name":"Jarząbkowice Las","bus":1,"tram":0,"n":2,"imp":0.096,"node":1,"deg":4,"term":0,"major":0},"geometry":{"type":"Point","coordinates":[18.63948,49.960014]}},{"type":"Feature","properties":{"id":"s1161","name":"Jarząbkowice I Sklep","bus":1,"tram":0,"n":2,"imp":0.062,"node":0,"deg":2,"term":0,"major":0},"geometry":{"type":"Point","coordinates":[18.642224,49.961777]}},{"type":"Feature","properties":{"id":"s1162","name":"Jarząbkowice II Świetlica","bus":1,"tram":0,"n":3,"imp":0.128,"node":1,"deg":5,"term":0,"major":0},"geometry":{"type":"Point","coordinates":[18.644968,49.963539]}},{"type":"Feature","properties":{"id":"s1163","name":"Jarząbkowice Tuwima","bus":1,"tram":0,"n":2,"imp":0.062,"node":0,"deg":2,"term":0,"major":0},"geometry":{"type":"Point","coordinates":[18.644968,49.964421]}},{"type":"Feature","properties":{"id":"s1164","name":"Golasowice Rańdówka","bus":1,"tram":0,"n":3,"imp":0.094,"node":1,"deg":3,"term":0,"major":0},"geometry":{"type":"Point","coordinates":[18.644968,49.965302]}},{"type":"Feature","properties":{"id":"s1165","name":"Golasowice Konopnickiej Skrzyżowanie","bus":1,"tram":0,"n":3,"imp":0.094,"node":1,"deg":3,"term":0,"major":0},"geometry":{"type":"Point","coordinates":[18.642224,49.967065]}},{"type":"Feature","properties":{"id":"s1166","name":"Golasowice Boisko","bus":1,"tram":0,"n":2,"imp":0.079,"node":1,"deg":3,"term":0,"major":0},"geometry":{"type":"Point","coordinates":[18.647713,49.97059]}},{"type":"Feature","properties":{"id":"s1167","name":"Golasowice SKR","bus":1,"tram":0,"n":3,"imp":0.111,"node":1,"deg":4,"term":0,"major":0},"geometry":{"type":"Point","coordinates":[18.644968,49.975878]}},{"type":"Feature","properties":{"id":"s1168","name":"Golasowice Kolonia","bus":1,"tram":0,"n":3,"imp":0.077,"node":0,"deg":2,"term":0,"major":0},"geometry":{"type":"Point","coordinates":[18.649653,49.978887]}},{"type":"Feature","properties":{"id":"s1169","name":"Pawłowice PKP","bus":1,"tram":0,"n":4,"imp":0.125,"node":1,"deg":4,"term":0,"major":0},"geometry":{"type":"Point","coordinates":[18.65869,49.981166]}},{"type":"Feature","properties":{"id":"s1173","name":"Golasowice Remiza","bus":1,"tram":0,"n":2,"imp":0.079,"node":1,"deg":3,"term":0,"major":0},"geometry":{"type":"Point","coordinates":[18.63948,49.965302]}},{"type":"Feature","properties":{"id":"s1175","name":"Golasowice Reymonta","bus":1,"tram":0,"n":1,"imp":0.048,"node":0,"deg":2,"term":0,"major":0},"geometry":{"type":"Point","coordinates":[18.647713,49.972353]}},{"type":"Feature","properties":{"id":"s1176","name":"Jarząbkowice Tuwima","bus":1,"tram":0,"n":2,"imp":0.062,"node":0,"deg":2,"term":0,"major":0},"geometry":{"type":"Point","coordinates":[18.644968,49.964421]}},{"type":"Feature","properties":{"id":"s1177","name":"Jarząbkowice I Sklep","bus":1,"tram":0,"n":1,"imp":0.048,"node":0,"deg":2,"term":0,"major":0},"geometry":{"type":"Point","coordinates":[18.642224,49.961777]}},{"type":"Feature","properties":{"id":"s1178","name":"Golasowice Cieszyńska","bus":1,"tram":0,"n":2,"imp":0.079,"node":1,"deg":3,"term":0,"major":0},"geometry":{"type":"Point","coordinates":[18.633992,49.960014]}},{"type":"Feature","properties":{"id":"s1183","name":"Pawłowice Osiedle Liceum","bus":1,"tram":0,"n":3,"imp":0.153,"node":1,"deg":4,"term":1,"major":1},"geometry":{"type":"Point","coordinates":[18.650457,49.984691]}},{"type":"Feature","properties":{"id":"s1185","name":"Pawłowice Wyzwolenia I","bus":1,"tram":0,"n":2,"imp":0.062,"node":0,"deg":2,"term":0,"major":0},"geometry":{"type":"Point","coordinates":[18.667892,49.992365]}},{"type":"Feature","properties":{"id":"s1186","name":"Pawłowice Wiadukt","bus":1,"tram":0,"n":2,"imp":0.079,"node":1,"deg":3,"term":0,"major":0},"geometry":{"type":"Point","coordinates":[18.669666,49.995267]}},{"type":"Feature","properties":{"id":"s1187","name":"Pawłowice Wyzwolenia Baza","bus":1,"tram":0,"n":2,"imp":0.062,"node":0,"deg":2,"term":0,"major":0},"geometry":{"type":"Point","coordinates":[18.672411,49.99703]}},{"type":"Feature","properties":{"id":"s1188","name":"Pawłowice Koźle","bus":1,"tram":0,"n":2,"imp":0.079,"node":1,"deg":3,"term":0,"major":0},"geometry":{"type":"Point","coordinates":[18.675155,49.998793]}},{"type":"Feature","properties":{"id":"s1189","name":"Warszowice Kolonia Borki II","bus":1,"tram":0,"n":2,"imp":0.062,"node":0,"deg":2,"term":0,"major":0},"geometry":{"type":"Point","coordinates":[18.679193,50.001386]}},{"type":"Feature","properties":{"id":"s1190","name":"Mizerów Kolonia Borki","bus":1,"tram":0,"n":2,"imp":0.062,"node":0,"deg":2,"term":0,"major":0},"geometry":{"type":"Point","coordinates":[18.68323,50.00398]}},{"type":"Feature","properties":{"id":"s1191","name":"Warszowice Pszczyńska","bus":1,"tram":0,"n":2,"imp":0.062,"node":0,"deg":2,"term":0,"major":0},"geometry":{"type":"Point","coordinates":[18.681045,50.009111]}},{"type":"Feature","properties":{"id":"s1192","name":"Warszowice Zoll","bus":1,"tram":0,"n":2,"imp":0.079,"node":1,"deg":3,"term":0,"major":0},"geometry":{"type":"Point","coordinates":[18.677899,50.009369]}},{"type":"Feature","properties":{"id":"s1193","name":"Warszowice Tartak","bus":1,"tram":0,"n":2,"imp":0.079,"node":1,"deg":3,"term":0,"major":0},"geometry":{"type":"Point","coordinates":[18.672411,50.005843]}},{"type":"Feature","properties":{"id":"s1194","name":"Warszowice Wiadukt","bus":1,"tram":0,"n":2,"imp":0.084,"node":1,"deg":2,"term":1,"major":0},"geometry":{"type":"Point","coordinates":[18.666922,50.005843]}},{"type":"Feature","properties":{"id":"s1196","name":"Warszowice Tartak","bus":1,"tram":0,"n":1,"imp":0.048,"node":0,"deg":2,"term":0,"major":0},"geometry":{"type":"Point","coordinates":[18.675155,50.007606]}},{"type":"Feature","properties":{"id":"s1197","name":"Pawłowice Wyzwolenia Baza","bus":1,"tram":0,"n":1,"imp":0.048,"node":0,"deg":2,"term":0,"major":0},"geometry":{"type":"Point","coordinates":[18.672411,49.99703]}},{"type":"Feature","properties":{"id":"s1198","name":"Warszowice Kościół Ewangelicki","bus":1,"tram":0,"n":1,"imp":0.082,"node":1,"deg":4,"term":0,"major":0},"geometry":{"type":"Point","coordinates":[18.664178,50.004081]}},{"type":"Feature","properties":{"id":"s1199","name":"Krzyżowice PGR","bus":1,"tram":0,"n":1,"imp":0.048,"node":0,"deg":2,"term":0,"major":0},"geometry":{"type":"Point","coordinates":[18.661434,50.002318]}},{"type":"Feature","properties":{"id":"s1200","name":"Krzyżowice Stawy","bus":1,"tram":0,"n":1,"imp":0.048,"node":0,"deg":2,"term":0,"major":0},"geometry":{"type":"Point","coordinates":[18.65869,50.000555]}},{"type":"Feature","properties":{"id":"s1201","name":"Krzyżowice PKS","bus":1,"tram":0,"n":1,"imp":0.048,"node":0,"deg":2,"term":0,"major":0},"geometry":{"type":"Point","coordinates":[18.655945,49.998793]}},{"type":"Feature","properties":{"id":"s1202","name":"Krzyżowice Sklep","bus":1,"tram":0,"n":1,"imp":0.065,"node":1,"deg":3,"term":0,"major":0},"geometry":{"type":"Point","coordinates":[18.653201,49.99703]}},{"type":"Feature","properties":{"id":"s1203","name":"Krzyżowice Bajka-Śląska","bus":1,"tram":0,"n":1,"imp":0.065,"node":1,"deg":3,"term":0,"major":0},"geometry":{"type":"Point","coordinates":[18.650457,49.998793]}},{"type":"Feature","properties":{"id":"s1204","name":"Krzyżowice Zwycięstwa","bus":1,"tram":0,"n":1,"imp":0.048,"node":0,"deg":2,"term":0,"major":0},"geometry":{"type":"Point","coordinates":[18.647144,49.99703]}},{"type":"Feature","properties":{"id":"s1205","name":"Pawłowice Osiedle Sklep","bus":1,"tram":0,"n":1,"imp":0.048,"node":0,"deg":2,"term":0,"major":0},"geometry":{"type":"Point","coordinates":[18.649085,49.984691]}},{"type":"Feature","properties":{"id":"s1206","name":"Krzyżowice ks.F.Kuboszka","bus":1,"tram":0,"n":1,"imp":0.048,"node":0,"deg":2,"term":0,"major":0},"geometry":{"type":"Point","coordinates":[18.652785,50.005576]}},{"type":"Feature","properties":{"id":"s1207","name":"Krzyżowice Partyzantów","bus":1,"tram":0,"n":1,"imp":0.048,"node":0,"deg":2,"term":0,"major":0},"geometry":{"type":"Point","coordinates":[18.649265,50.003315]}},{"type":"Feature","properties":{"id":"s1208","name":"Krzyżowice Partyzantów-Bema","bus":1,"tram":0,"n":1,"imp":0.048,"node":0,"deg":2,"term":0,"major":0},"geometry":{"type":"Point","coordinates":[18.645745,50.001054]}},{"type":"Feature","properties":{"id":"s1209","name":"Pniówek Dąbkowa","bus":1,"tram":0,"n":1,"imp":0.048,"node":0,"deg":2,"term":0,"major":0},"geometry":{"type":"Point","coordinates":[18.643139,49.983516]}},{"type":"Feature","properties":{"id":"s1210","name":"Pniówek Krucza","bus":1,"tram":0,"n":1,"imp":0.048,"node":0,"deg":2,"term":0,"major":0},"geometry":{"type":"Point","coordinates":[18.644054,49.984104]}},{"type":"Feature","properties":{"id":"s1211","name":"Pawłowice Dębina","bus":1,"tram":0,"n":1,"imp":0.048,"node":0,"deg":2,"term":0,"major":0},"geometry":{"type":"Point","coordinates":[18.655945,49.976394]}},{"type":"Feature","properties":{"id":"s1212","name":"Pawłowice Leśna","bus":1,"tram":0,"n":1,"imp":0.065,"node":1,"deg":3,"term":0,"major":0},"geometry":{"type":"Point","coordinates":[18.65869,49.974115]}},{"type":"Feature","properties":{"id":"s1213","name":"Zbytków Centrum","bus":1,"tram":0,"n":1,"imp":0.048,"node":0,"deg":2,"term":0,"major":0},"geometry":{"type":"Point","coordinates":[18.65869,49.973234]}},{"type":"Feature","properties":{"id":"s1214","name":"Zbytków","bus":1,"tram":0,"n":1,"imp":0.065,"node":1,"deg":3,"term":0,"major":0},"geometry":{"type":"Point","coordinates":[18.65869,49.972353]}},{"type":"Feature","properties":{"id":"s1215","name":"Strumień Dworzec Kolejowy","bus":1,"tram":0,"n":1,"imp":0.048,"node":0,"deg":2,"term":0,"major":0},"geometry":{"type":"Point","coordinates":[18.664178,49.972353]}},{"type":"Feature","properties":{"id":"s1216","name":"Strumień RYNEK","bus":1,"tram":0,"n":1,"imp":0.07,"node":1,"deg":2,"term":1,"major":0},"geometry":{"type":"Point","coordinates":[18.669666,49.972353]}},{"type":"Feature","properties":{"id":"s1217","name":"Strumień Dworzec Kolejowy","bus":1,"tram":0,"n":1,"imp":0.048,"node":0,"deg":2,"term":0,"major":0},"geometry":{"type":"Point","coordinates":[18.666007,49.972353]}},{"type":"Feature","properties":{"id":"s1218","name":"Zbytków","bus":1,"tram":0,"n":1,"imp":0.048,"node":0,"deg":2,"term":0,"major":0},"geometry":{"type":"Point","coordinates":[18.662348,49.972353]}},{"type":"Feature","properties":{"id":"s1219","name":"Pawłowice Dębina","bus":1,"tram":0,"n":1,"imp":0.048,"node":0,"deg":2,"term":0,"major":0},"geometry":{"type":"Point","coordinates":[18.65869,49.977641]}},{"type":"Feature","properties":{"id":"s1220","name":"Pawłowice Stawowa","bus":1,"tram":0,"n":1,"imp":0.065,"node":1,"deg":3,"term":0,"major":0},"geometry":{"type":"Point","coordinates":[18.653201,49.981166]}},{"type":"Feature","properties":{"id":"s1221","name":"Pawłowice Klonowa","bus":1,"tram":0,"n":1,"imp":0.065,"node":1,"deg":3,"term":0,"major":0},"geometry":{"type":"Point","coordinates":[18.653201,49.979403]}},{"type":"Feature","properties":{"id":"s1222","name":"Golasowice Prusa","bus":1,"tram":0,"n":1,"imp":0.048,"node":0,"deg":2,"term":0,"major":0},"geometry":{"type":"Point","coordinates":[18.638676,49.971836]}},{"type":"Feature","properties":{"id":"s1223","name":"Golasowice Kochanowskiego","bus":1,"tram":0,"n":1,"imp":0.065,"node":1,"deg":3,"term":0,"major":0},"geometry":{"type":"Point","coordinates":[18.633992,49.968827]}},{"type":"Feature","properties":{"id":"s1224","name":"Golasowice Słowackiego I","bus":1,"tram":0,"n":1,"imp":0.048,"node":0,"deg":2,"term":0,"major":0},"geometry":{"type":"Point","coordinates":[18.633992,49.967065]}},{"type":"Feature","properties":{"id":"s1225","name":"Golasowice Słowackiego II","bus":1,"tram":0,"n":1,"imp":0.048,"node":0,"deg":2,"term":0,"major":0},"geometry":{"type":"Point","coordinates":[18.633992,49.965302]}},{"type":"Feature","properties":{"id":"s1226","name":"Golasowice Prusa","bus":1,"tram":0,"n":1,"imp":0.048,"node":0,"deg":2,"term":0,"major":0},"geometry":{"type":"Point","coordinates":[18.63948,49.972353]}},{"type":"Feature","properties":{"id":"s1227","name":"Jarząbkowice Piaskowa","bus":1,"tram":0,"n":1,"imp":0.048,"node":0,"deg":2,"term":0,"major":0},"geometry":{"type":"Point","coordinates":[18.644968,49.96053]}},{"type":"Feature","properties":{"id":"s1228","name":"Bąków Szkoła","bus":1,"tram":0,"n":1,"imp":0.065,"node":1,"deg":3,"term":0,"major":0},"geometry":{"type":"Point","coordinates":[18.647713,49.958251]}},{"type":"Feature","properties":{"id":"s1229","name":"Bąków Skrzyżowanie","bus":1,"tram":0,"n":1,"imp":0.052,"node":1,"deg":1,"term":1,"major":0},"geometry":{"type":"Point","coordinates":[18.655945,49.963539]}},{"type":"Feature","properties":{"id":"s1230","name":"Bąków Golasowicka","bus":1,"tram":0,"n":1,"imp":0.048,"node":0,"deg":2,"term":0,"major":0},"geometry":{"type":"Point","coordinates":[18.641421,49.960014]}},{"type":"Feature","properties":{"id":"s1232","name":"Pawłowice Kolonia Studzieńska I","bus":1,"tram":0,"n":1,"imp":0.048,"node":0,"deg":2,"term":0,"major":0},"geometry":{"type":"Point","coordinates":[18.666922,49.989979]}},{"type":"Feature","properties":{"id":"s1233","name":"Pawłowice Kolonia Studzieńska II","bus":1,"tram":0,"n":1,"imp":0.048,"node":0,"deg":2,"term":0,"major":0},"geometry":{"type":"Point","coordinates":[18.669666,49.989979]}},{"type":"Feature","properties":{"id":"s1234","name":"Studzionka Robotnicza III","bus":1,"tram":0,"n":1,"imp":0.065,"node":1,"deg":3,"term":0,"major":0},"geometry":{"type":"Point","coordinates":[18.672411,49.989979]}},{"type":"Feature","properties":{"id":"s1235","name":"Studzionka Robotnicza II","bus":1,"tram":0,"n":1,"imp":0.048,"node":0,"deg":2,"term":0,"major":0},"geometry":{"type":"Point","coordinates":[18.676125,49.992365]}},{"type":"Feature","properties":{"id":"s1236","name":"Studzionka Robotnicza I","bus":1,"tram":0,"n":1,"imp":0.082,"node":1,"deg":4,"term":0,"major":0},"geometry":{"type":"Point","coordinates":[18.680643,49.993505]}},{"type":"Feature","properties":{"id":"s1237","name":"Studzionka Cmentarz","bus":1,"tram":0,"n":1,"imp":0.052,"node":1,"deg":1,"term":1,"major":0},"geometry":{"type":"Point","coordinates":[18.680643,49.988217]}},{"type":"Feature","properties":{"id":"s1238","name":"Studzionka Cmentarz","bus":1,"tram":0,"n":1,"imp":0.052,"node":1,"deg":1,"term":1,"major":0},"geometry":{"type":"Point","coordinates":[18.683387,49.991742]}},{"type":"Feature","properties":{"id":"s1239","name":"Studzionka Robotnicza II","bus":1,"tram":0,"n":1,"imp":0.048,"node":0,"deg":2,"term":0,"major":0},"geometry":{"type":"Point","coordinates":[18.676929,49.991119]}},{"type":"Feature","properties":{"id":"s1240","name":"Złote Łany","bus":1,"tram":0,"n":1,"imp":0.065,"node":1,"deg":3,"term":0,"major":0},"geometry":{"type":"Point","coordinates":[18.548921,49.967065]}},{"type":"Feature","properties":{"id":"s1241","name":"Moszczenica Ośrodek Zdrowia","bus":1,"tram":0,"n":1,"imp":0.048,"node":0,"deg":2,"term":0,"major":0},"geometry":{"type":"Point","coordinates":[18.54736,49.966062]}},{"type":"Feature","properties":{"id":"s1242","name":"Szotkowice Kaplica","bus":1,"tram":0,"n":1,"imp":0.048,"node":0,"deg":2,"term":0,"major":0},"geometry":{"type":"Point","coordinates":[18.545641,49.965302]}},{"type":"Feature","properties":{"id":"s1243","name":"Szotkowice","bus":1,"tram":0,"n":1,"imp":0.065,"node":1,"deg":3,"term":0,"major":0},"geometry":{"type":"Point","coordinates":[18.543433,49.965302]}},{"type":"Feature","properties":{"id":"s1244","name":"Szotkowice Pętla","bus":1,"tram":0,"n":1,"imp":0.052,"node":1,"deg":1,"term":1,"major":0},"geometry":{"type":"Point","coordinates":[18.537945,49.968827]}},{"type":"Feature","properties":{"id":"s1245","name":"Szotkowice Kaplica","bus":1,"tram":0,"n":1,"imp":0.048,"node":0,"deg":2,"term":0,"major":0},"geometry":{"type":"Point","coordinates":[18.544994,49.966305]}},{"type":"Feature","properties":{"id":"s1246","name":"Moszczenica Ośrodek Zdrowia","bus":1,"tram":0,"n":1,"imp":0.048,"node":0,"deg":2,"term":0,"major":0},"geometry":{"type":"Point","coordinates":[18.546713,49.967065]}},{"type":"Feature","properties":{"id":"s1247","name":"Jagiełły - Os.Chrobrego","bus":1,"tram":0,"n":3,"imp":0.094,"node":1,"deg":3,"term":0,"major":0},"geometry":{"type":"Point","coordinates":[18.570875,49.963539]}},{"type":"Feature","properties":{"id":"s1248","name":"Ruptawa Ośrodek Zdrowia","bus":1,"tram":0,"n":2,"imp":0.062,"node":0,"deg":2,"term":0,"major":0},"geometry":{"type":"Point","coordinates":[18.592427,49.960272]}},{"type":"Feature","properties":{"id":"s1249","name":"Ruptawa - Długosza","bus":1,"tram":0,"n":2,"imp":0.096,"node":1,"deg":4,"term":0,"major":0},"geometry":{"type":"Point","coordinates":[18.592829,49.958251]}},{"type":"Feature","properties":{"id":"s1250","name":"Cisówka","bus":1,"tram":0,"n":2,"imp":0.062,"node":0,"deg":2,"term":0,"major":0},"geometry":{"type":"Point","coordinates":[18.592829,49.956489]}},{"type":"Feature","properties":{"id":"s1251","name":"Zebrzydowice Poziomkowa","bus":1,"tram":0,"n":2,"imp":0.062,"node":0,"deg":2,"term":0,"major":0},"geometry":{"type":"Point","coordinates":[18.592829,49.954726]}},{"type":"Feature","properties":{"id":"s1252","name":"Zebrzydowice Słowicza","bus":1,"tram":0,"n":2,"imp":0.079,"node":1,"deg":3,"term":0,"major":0},"geometry":{"type":"Point","coordinates":[18.592829,49.952963]}},{"type":"Feature","properties":{"id":"s1253","name":"Zebrzydowice Skrzyżowanie","bus":1,"tram":0,"n":1,"imp":0.048,"node":0,"deg":2,"term":0,"major":0},"geometry":{"type":"Point","coordinates":[18.595372,49.95133]}},{"type":"Feature","properties":{"id":"s1254","name":"Zebrzydowice Kino","bus":1,"tram":0,"n":1,"imp":0.048,"node":0,"deg":2,"term":0,"major":0},"geometry":{"type":"Point","coordinates":[18.597915,49.949696]}},{"type":"Feature","properties":{"id":"s1255","name":"Zebrzydowice Szkoła","bus":1,"tram":0,"n":1,"imp":0.048,"node":0,"deg":2,"term":0,"major":0},"geometry":{"type":"Point","coordinates":[18.600458,49.948062]}},{"type":"Feature","properties":{"id":"s1256","name":"Zebrzydowice Ośrodek Zdrowia","bus":1,"tram":0,"n":1,"imp":0.07,"node":1,"deg":2,"term":1,"major":0},"geometry":{"type":"Point","coordinates":[18.601061,49.945913]}},{"type":"Feature","properties":{"id":"s1257","name":"Zebrzydowice Szkoła","bus":1,"tram":0,"n":1,"imp":0.048,"node":0,"deg":2,"term":0,"major":0},"geometry":{"type":"Point","coordinates":[18.59816,49.947675]}},{"type":"Feature","properties":{"id":"s1258","name":"Zebrzydowice Kino","bus":1,"tram":0,"n":1,"imp":0.048,"node":0,"deg":2,"term":0,"major":0},"geometry":{"type":"Point","coordinates":[18.594122,49.947675]}},{"type":"Feature","properties":{"id":"s1259","name":"Zebrzydowice Skrzyżowanie","bus":1,"tram":0,"n":2,"imp":0.101,"node":1,"deg":3,"term":1,"major":0},"geometry":{"type":"Point","coordinates":[18.590084,49.947675]}},{"type":"Feature","properties":{"id":"s1260","name":"Zebrzydowice Słowicza","bus":1,"tram":0,"n":2,"imp":0.062,"node":0,"deg":2,"term":0,"major":0},"geometry":{"type":"Point","coordinates":[18.590084,49.950502]}},{"type":"Feature","properties":{"id":"s1261","name":"Zebrzydowice Poziomkowa","bus":1,"tram":0,"n":2,"imp":0.062,"node":0,"deg":2,"term":0,"major":0},"geometry":{"type":"Point","coordinates":[18.590084,49.953328]}},{"type":"Feature","properties":{"id":"s1262","name":"Cisówka","bus":1,"tram":0,"n":2,"imp":0.062,"node":0,"deg":2,"term":0,"major":0},"geometry":{"type":"Point","coordinates":[18.590084,49.956155]}},{"type":"Feature","properties":{"id":"s1263","name":"Ruptawa Ośrodek Zdrowia","bus":1,"tram":0,"n":2,"imp":0.062,"node":0,"deg":2,"term":0,"major":0},"geometry":{"type":"Point","coordinates":[18.590084,49.960014]}},{"type":"Feature","properties":{"id":"s1264","name":"Jagiełły - Os.Chrobrego","bus":1,"tram":0,"n":3,"imp":0.094,"node":1,"deg":3,"term":0,"major":0},"geometry":{"type":"Point","coordinates":[18.573619,49.965302]}},{"type":"Feature","properties":{"id":"s1265","name":"KWK Zofiówka","bus":1,"tram":0,"n":9,"imp":0.179,"node":1,"deg":3,"term":0,"major":1},"geometry":{"type":"Point","coordinates":[18.609294,49.981166]}},{"type":"Feature","properties":{"id":"s1266","name":"Dubielec","bus":1,"tram":0,"n":9,"imp":0.162,"node":0,"deg":2,"term":0,"major":1},"geometry":{"type":"Point","coordinates":[18.607922,49.982047]}},{"type":"Feature","properties":{"id":"s1267","name":"Kolonia Kąty","bus":1,"tram":0,"n":9,"imp":0.196,"node":1,"deg":4,"term":0,"major":1},"geometry":{"type":"Point","coordinates":[18.60655,49.982929]}},{"type":"Feature","properties":{"id":"s1268","name":"Gogołowa Jastrzębska Kąty","bus":1,"tram":0,"n":3,"imp":0.077,"node":0,"deg":2,"term":0,"major":0},"geometry":{"type":"Point","coordinates":[18.602433,49.985573]}},{"type":"Feature","properties":{"id":"s1269","name":"Gogołowa Jastrzębska","bus":1,"tram":0,"n":3,"imp":0.111,"node":1,"deg":4,"term":0,"major":0},"geometry":{"type":"Point","coordinates":[18.598317,49.988217]}},{"type":"Feature","properties":{"id":"s1270","name":"Szeroka - Boczna","bus":1,"tram":0,"n":2,"imp":0.079,"node":1,"deg":3,"term":0,"major":0},"geometry":{"type":"Point","coordinates":[18.603805,49.991742]}},{"type":"Feature","properties":{"id":"s1271","name":"Szeroka Kościół","bus":1,"tram":0,"n":6,"imp":0.153,"node":1,"deg":4,"term":0,"major":1},"geometry":{"type":"Point","coordinates":[18.614782,49.991742]}},{"type":"Feature","properties":{"id":"s1272","name":"Szeroka Kaplica","bus":1,"tram":0,"n":2,"imp":0.079,"node":1,"deg":3,"term":0,"major":0},"geometry":{"type":"Point","coordinates":[18.623015,49.998793]}},{"type":"Feature","properties":{"id":"s1273","name":"Szeroka - Fredry","bus":1,"tram":0,"n":2,"imp":0.079,"node":1,"deg":3,"term":0,"major":0},"geometry":{"type":"Point","coordinates":[18.631247,49.998793]}},{"type":"Feature","properties":{"id":"s1274","name":"Borynia - 3 Maja","bus":1,"tram":0,"n":2,"imp":0.062,"node":0,"deg":2,"term":0,"major":0},"geometry":{"type":"Point","coordinates":[18.638108,50.003199]}},{"type":"Feature","properties":{"id":"s1275","name":"Borynia Sołtysówka","bus":1,"tram":0,"n":3,"imp":0.128,"node":1,"deg":5,"term":0,"major":0},"geometry":{"type":"Point","coordinates":[18.644968,50.007606]}},{"type":"Feature","properties":{"id":"s1276","name":"Borynia Ławczok","bus":1,"tram":0,"n":2,"imp":0.079,"node":1,"deg":3,"term":0,"major":0},"geometry":{"type":"Point","coordinates":[18.647713,50.014657]}},{"type":"Feature","properties":{"id":"s1277","name":"Borynia Ławczok","bus":1,"tram":0,"n":2,"imp":0.079,"node":1,"deg":3,"term":0,"major":0},"geometry":{"type":"Point","coordinates":[18.650457,50.012894]}},{"type":"Feature","properties":{"id":"s1278","name":"Szeroka Kaplica","bus":1,"tram":0,"n":2,"imp":0.079,"node":1,"deg":3,"term":0,"major":0},"geometry":{"type":"Point","coordinates":[18.625759,49.993505]}},{"type":"Feature","properties":{"id":"s1279","name":"Szeroka Kościół","bus":1,"tram":0,"n":6,"imp":0.153,"node":1,"deg":4,"term":0,"major":1},"geometry":{"type":"Point","coordinates":[18.617526,49.993505]}},{"type":"Feature","properties":{"id":"s1280","name":"Szeroka Wiadukt","bus":1,"tram":0,"n":2,"imp":0.096,"node":1,"deg":4,"term":0,"major":0},"geometry":{"type":"Point","coordinates":[18.612038,49.993505]}},{"type":"Feature","properties":{"id":"s1281","name":"KWK Borynia","bus":1,"tram":0,"n":6,"imp":0.217,"node":1,"deg":4,"term":1,"major":1},"geometry":{"type":"Point","coordinates":[18.612038,50.000555]}},{"type":"Feature","properties":{"id":"s1282","name":"Os. 1000-lecia","bus":1,"tram":0,"n":6,"imp":0.153,"node":1,"deg":4,"term":0,"major":1},"geometry":{"type":"Point","coordinates":[18.614782,49.998793]}},{"type":"Feature","properties":{"id":"s1283","name":"Os. 1000-lecia","bus":1,"tram":0,"n":6,"imp":0.136,"node":1,"deg":3,"term":0,"major":0},"geometry":{"type":"Point","coordinates":[18.617526,49.99703]}},{"type":"Feature","properties":{"id":"s1284","name":"Skrzeczkowice - Powstańców Śl.","bus":1,"tram":0,"n":3,"imp":0.111,"node":1,"deg":4,"term":0,"major":0},"geometry":{"type":"Point","coordinates":[18.642224,50.011131]}},{"type":"Feature","properties":{"id":"s1285","name":"Borynia - Edukacyjna","bus":1,"tram":0,"n":3,"imp":0.077,"node":0,"deg":2,"term":0,"major":0},"geometry":{"type":"Point","coordinates":[18.638108,50.011131]}},{"type":"Feature","properties":{"id":"s1286","name":"Borynia - Łąkowa","bus":1,"tram":0,"n":3,"imp":0.094,"node":1,"deg":3,"term":0,"major":0},"geometry":{"type":"Point","coordinates":[18.633992,50.011131]}},{"type":"Feature","properties":{"id":"s1287","name":"Skrzeczkowice - Plebiscytowa","bus":1,"tram":0,"n":3,"imp":0.111,"node":1,"deg":4,"term":0,"major":0},"geometry":{"type":"Point","coordinates":[18.623015,50.011131]}},{"type":"Feature","properties":{"id":"s1288","name":"Świerklany Kółko Rolnicze","bus":1,"tram":0,"n":3,"imp":0.094,"node":1,"deg":3,"term":0,"major":0},"geometry":{"type":"Point","coordinates":[18.612038,50.011131]}},{"type":"Feature","properties":{"id":"s1289","name":"Świerklany Sklep","bus":1,"tram":0,"n":2,"imp":0.062,"node":0,"deg":2,"term":0,"major":0},"geometry":{"type":"Point","coordinates":[18.612038,50.005843]}},{"type":"Feature","properties":{"id":"s1290","name":"Gagarina - Norwida","bus":1,"tram":0,"n":6,"imp":0.136,"node":1,"deg":3,"term":0,"major":0},"geometry":{"type":"Point","coordinates":[18.617526,49.988217]}},{"type":"Feature","properties":{"id":"s1291","name":"Szeroka - Gagarina","bus":1,"tram":0,"n":6,"imp":0.119,"node":0,"deg":2,"term":0,"major":0},"geometry":{"type":"Point","coordinates":[18.61244,49.984949]}},{"type":"Feature","properties":{"id":"s1292","name":"Szeroka - Gagarina","bus":1,"tram":0,"n":6,"imp":0.119,"node":0,"deg":2,"term":0,"major":0},"geometry":{"type":"Point","coordinates":[18.61341,49.987335]}},{"type":"Feature","properties":{"id":"s1293","name":"Gagarina - Norwida","bus":1,"tram":0,"n":6,"imp":0.136,"node":1,"deg":3,"term":0,"major":0},"geometry":{"type":"Point","coordinates":[18.620271,49.991742]}},{"type":"Feature","properties":{"id":"s1294","name":"Skrzeczkowice - Plebiscytowa","bus":1,"tram":0,"n":3,"imp":0.094,"node":1,"deg":3,"term":0,"major":0},"geometry":{"type":"Point","coordinates":[18.625759,50.009369]}},{"type":"Feature","properties":{"id":"s1295","name":"Jankowice UG","bus":1,"tram":0,"n":5,"imp":0.139,"node":1,"deg":4,"term":0,"major":0},"geometry":{"type":"Point","coordinates":[18.576363,50.046385]}},{"type":"Feature","properties":{"id":"s1296","name":"Świerklany Szkoła","bus":1,"tram":0,"n":2,"imp":0.062,"node":0,"deg":2,"term":0,"major":0},"geometry":{"type":"Point","coordinates":[18.603404,50.023728]}},{"type":"Feature","properties":{"id":"s1297","name":"Świerklany Skrzyż. Boryńska","bus":1,"tram":0,"n":2,"imp":0.079,"node":1,"deg":3,"term":0,"major":0},"geometry":{"type":"Point","coordinates":[18.609294,50.018182]}},{"type":"Feature","properties":{"id":"s1298","name":"Świerklany Szkoła","bus":1,"tram":0,"n":2,"imp":0.062,"node":0,"deg":2,"term":0,"major":0},"geometry":{"type":"Point","coordinates":[18.603404,50.023728]}},{"type":"Feature","properties":{"id":"s1299","name":"Jankowice UG","bus":1,"tram":0,"n":2,"imp":0.062,"node":0,"deg":2,"term":0,"major":0},"geometry":{"type":"Point","coordinates":[18.573217,50.050168]}},{"type":"Feature","properties":{"id":"s1300","name":"Borynia - 3 Maja","bus":1,"tram":0,"n":1,"imp":0.065,"node":1,"deg":3,"term":0,"major":0},"geometry":{"type":"Point","coordinates":[18.63948,50.000555]}},{"type":"Feature","properties":{"id":"s1301","name":"3 Maja Granica","bus":1,"tram":0,"n":1,"imp":0.048,"node":0,"deg":2,"term":0,"major":0},"geometry":{"type":"Point","coordinates":[18.640852,49.999674]}},{"type":"Feature","properties":{"id":"s1302","name":"3 Maja Granica","bus":1,"tram":0,"n":1,"imp":0.048,"node":0,"deg":2,"term":0,"major":0},"geometry":{"type":"Point","coordinates":[18.640852,49.999674]}},{"type":"Feature","properties":{"id":"s1303","name":"Wodzisławska Boża Góra","bus":1,"tram":0,"n":1,"imp":0.048,"node":0,"deg":2,"term":0,"major":0},"geometry":{"type":"Point","coordinates":[18.559663,49.974267]}},{"type":"Feature","properties":{"id":"s1304","name":"Wodzisławska Boża Góra","bus":1,"tram":0,"n":1,"imp":0.048,"node":0,"deg":2,"term":0,"major":0},"geometry":{"type":"Point","coordinates":[18.559663,49.974267]}},{"type":"Feature","properties":{"id":"s1305","name":"Gogołowa Wiejska Centrum","bus":1,"tram":0,"n":1,"imp":0.048,"node":0,"deg":2,"term":0,"major":0},"geometry":{"type":"Point","coordinates":[18.58734,49.988217]}},{"type":"Feature","properties":{"id":"s1306","name":"Gogołowa Wiejska Skrzyżowanie","bus":1,"tram":0,"n":1,"imp":0.065,"node":1,"deg":3,"term":0,"major":0},"geometry":{"type":"Point","coordinates":[18.576363,49.988217]}},{"type":"Feature","properties":{"id":"s1307","name":"Połomia Centralna Wiadukt","bus":1,"tram":0,"n":1,"imp":0.048,"node":0,"deg":2,"term":0,"major":0},"geometry":{"type":"Point","coordinates":[18.568131,49.988217]}},{"type":"Feature","properties":{"id":"s1308","name":"Połomia Centralna Boisko","bus":1,"tram":0,"n":1,"imp":0.048,"node":0,"deg":2,"term":0,"major":0},"geometry":{"type":"Point","coordinates":[18.559898,49.988217]}},{"type":"Feature","properties":{"id":"s1309","name":"Połomia Centralna Malowiec","bus":1,"tram":0,"n":1,"imp":0.048,"node":0,"deg":2,"term":0,"major":0},"geometry":{"type":"Point","coordinates":[18.545207,49.992365]}},{"type":"Feature","properties":{"id":"s1310","name":"Połomia Centralna Malowiec","bus":1,"tram":0,"n":1,"imp":0.048,"node":0,"deg":2,"term":0,"major":0},"geometry":{"type":"Point","coordinates":[18.544403,49.991119]}},{"type":"Feature","properties":{"id":"s1314","name":"Gogołowa Wiejska Centrum","bus":1,"tram":0,"n":1,"imp":0.048,"node":0,"deg":2,"term":0,"major":0},"geometry":{"type":"Point","coordinates":[18.58734,49.988217]}}]}